row_id,parent_row_id,sample_id,group_id,split,network_input_path,descriptor_height_path,source_path,source_kind,prototype_id,rq,cond_rq,ra,cond_ra,robust_range,cond_robust_range,mean_abs_gradient,cond_mean_abs_gradient,gradient_std,cond_gradient_std,gradient_anisotropy,cond_gradient_anisotropy,psd_low_power,cond_psd_low_power,psd_mid_power,cond_psd_mid_power,psd_high_power,cond_psd_high_power,psd_slope,cond_psd_slope,autocorrelation_length_px,cond_autocorrelation_length_px,island_count,cond_island_count,island_mean_area_px,cond_island_mean_area_px
afmv2_9149961336da,afmv2_9149961336da,6022,6022,train,reports/afm_prior_v2/20260703_052537/data/standardized_tensors/afmv2_9149961336da.npy,data/plane_corrected_afm/6022/N6022_Ctr_000/N6022_Ctr_000_plane_corrected.npy,data/plane_corrected_afm/6022/N6022_Ctr_000/N6022_Ctr_000_plane_corrected.npy,physical_height,1,1.649340272,-0.8472046305,1.30284512,-0.8636796979,7.523479462,-0.8798096003,0.2319792211,-0.8833257768,0.2811472714,-0.8087904207,0.2892287672,1.01133613,12.08788109,-1.424856216,7.555912971,-1.414212076,5.450165272,-0.8176338983,-3.320037603,0.5256814093,14,-0.05745949439,87,-0.2133975428,188.3218384,-0.2720141665
afmv2_2b94d08b24c9,afmv2_2b94d08b24c9,6022,6022,train,reports/afm_prior_v2/20260703_052537/data/standardized_tensors/afmv2_2b94d08b24c9.npy,data/plane_corrected_afm/6022/N6022_Ctr_002/N6022_Ctr_002_plane_corrected.npy,data/plane_corrected_afm/6022/N6022_Ctr_002/N6022_Ctr_002_plane_corrected.npy,physical_height,1,1.878184676,-0.7707214304,1.43787992,-0.8050661276,8.429627419,-0.8126930008,0.2690547407,-0.825595472,0.3227209747,-0.7214853769,0.1827747077,0.03086265644,12.20654392,-1.314850002,7.471418858,-1.500463358,5.469112873,-0.7996287853,-3.363362551,0.4135452244,12,-0.1937036563,94,-0.1503802933,174.2978668,-0.3056278358
afmv2_dd63941a3127,afmv2_dd63941a3127,6022,6022,train,reports/afm_prior_v2/20260703_052537/data/standardized_tensors/afmv2_dd63941a3127.npy,data/plane_corrected_afm/6022/N6022_Ctr_004/N6022_Ctr_004_plane_corrected.npy,data/plane_corrected_afm/6022/N6022_Ctr_004/N6022_Ctr_004_plane_corrected.npy,physical_height,1,1.35970819,-0.9440039759,0.9400447011,-1.021157828,7.51101923,-0.8807325052,0.2568888664,-0.8445389592,0.2894545496,-0.7913450832,0.1650240123,-0.132626515,12.00867462,-1.498284466,7.708312511,-1.258643182,5.410889149,-0.8549563557,-3.058968782,1.201395125,8,-0.4661919802,144,0.2997429168,113.7777786,-0.4506867595
afmv2_1b8fbc315bb7,afmv2_1b8fbc315bb7,6029,6029,train,reports/afm_prior_v2/20260703_052537/data/standardized_tensors/afmv2_1b8fbc315bb7.npy,data/plane_corrected_afm/6029/N6029_1um_007/N6029_1um_007_plane_corrected.npy,data/plane_corrected_afm/6029/N6029_1um_007/N6029_1um_007_plane_corrected.npy,physical_height,1,2.289763212,-0.6331657681,1.800530076,-0.6476532206,10.90690899,-0.6292056203,0.4939815402,-0.4753618723,0.4190736115,-0.5191442211,0.2118923813,0.2990450697,13.00795555,-0.5719024481,7.692182541,-1.275108597,5.146190643,-1.106488278,-3.689728737,-0.4311749812,8,-0.4661919802,94,-0.1503802933,174.2978668,-0.3056278358
afmv2_b6afd6753b6f,afmv2_b6afd6753b6f,6029,6029,train,reports/afm_prior_v2/20260703_052537/data/standardized_tensors/afmv2_b6afd6753b6f.npy,data/plane_corrected_afm/6029/N6029_1um_008/N6029_1um_008_plane_corrected.npy,data/plane_corrected_afm/6029/N6029_1um_008/N6029_1um_008_plane_corrected.npy,physical_height,1,2.561024904,-0.5425060801,2.040818691,-0.5433528949,12.24565792,-0.5300471164,0.4797559679,-0.497512516,0.4192468822,-0.5187803515,0.06799653172,-1.0262784,13.11507225,-0.4726000581,7.893938065,-1.069157295,4.773731232,-1.460420883,-3.95786953,-1.125192792,10,-0.3299478183,62,-0.4384591478,264.2580566,-0.09000474767
afmv2_15df1c3d90e5,afmv2_15df1c3d90e5,6029,6029,train,reports/afm_prior_v2/20260703_052537/data/standardized_tensors/afmv2_15df1c3d90e5.npy,data/plane_corrected_afm/6029/N6029_500_nm_010/N6029_500_nm_010_plane_corrected.npy,data/plane_corrected_afm/6029/N6029_500_nm_010/N6029_500_nm_010_plane_corrected.npy,physical_height,3,2.965615988,-0.4072857281,2.33698535,-0.4147979943,14.80600643,-0.3404071309,0.5496960878,-0.3886087303,0.4844783545,-0.3817938409,0.07693579048,-0.9439451744,13.39273357,-0.2151945117,8.298558235,-0.6561225042,5.543723583,-0.7287293473,-3.79101491,-0.6933298261,10,-0.3299478183,56,-0.4924739331,292.5714417,-0.02214117887
afmv2_88163a0e3cbc,afmv2_88163a0e3cbc,6033,6033,train,reports/afm_prior_v2/20260703_052537/data/standardized_tensors/afmv2_88163a0e3cbc.npy,data/plane_corrected_afm/6033/N6033_1um_015/N6033_1um_015_plane_corrected.npy,data/plane_corrected_afm/6033/N6033_1um_015/N6033_1um_015_plane_corrected.npy,physical_height,3,3.834280968,-0.1169649846,3.051913023,-0.1044745561,18.19703293,-0.08924045811,0.5051560402,-0.4579620543,0.4145940244,-0.5285513828,0.1230760589,-0.5189796121,13.4281168,-0.1823925368,8.692502022,-0.2539861259,5.211880684,-1.044065779,-3.90513587,-0.9887044235,45,2.054325016,22,-0.798557716,744.7272949,1.061618666
afmv2_481758407ad2,afmv2_481758407ad2,6033,6033,train,reports/afm_prior_v2/20260703_052537/data/standardized_tensors/afmv2_481758407ad2.npy,data/plane_corrected_afm/6033/N6033_1um_016/N6033_1um_016_plane_corrected.npy,data/plane_corrected_afm/6033/N6033_1um_016/N6033_1um_016_plane_corrected.npy,physical_height,1,2.529371977,-0.5530849586,2.006795168,-0.5581212372,11.86554813,-0.558201102,0.4728240669,-0.5083061815,0.3975987136,-0.5642416445,0.1750190407,-0.0405693378,13.11935806,-0.4686269038,8.099349022,-0.8594745409,5.035104275,-1.212049009,-3.860429287,-0.8729922094,10,-0.3299478183,53,-0.5194813257,309.1320801,0.01755255677
afmv2_762c063b5e99,afmv2_762c063b5e99,6033,6033,train,reports/afm_prior_v2/20260703_052537/data/standardized_tensors/afmv2_762c063b5e99.npy,data/plane_corrected_afm/6033/N6033_1um_017/N6033_1um_017_plane_corrected.npy,data/plane_corrected_afm/6033/N6033_1um_017/N6033_1um_017_plane_corrected.npy,physical_height,1,2.529371977,-0.5530849586,2.006795168,-0.5581212372,11.86554813,-0.558201102,0.4728240669,-0.5083061815,0.3975987136,-0.5642416445,0.1750190407,-0.0405693378,13.11935806,-0.4686269038,8.099349022,-0.8594745409,5.035104275,-1.212049009,-3.860429287,-0.8729922094,10,-0.3299478183,53,-0.5194813257,309.1320801,0.01755255677
afmv2_afdd0d0c4561,afmv2_afdd0d0c4561,6033,6033,train,reports/afm_prior_v2/20260703_052537/data/standardized_tensors/afmv2_afdd0d0c4561.npy,data/plane_corrected_afm/6033/N6033_1um_018/N6033_1um_018_plane_corrected.npy,data/plane_corrected_afm/6033/N6033_1um_018/N6033_1um_018_plane_corrected.npy,physical_height,1,2.549088717,-0.5464953311,2.036069632,-0.5454142843,11.87474155,-0.5575201635,0.4758792818,-0.5035489053,0.3963770866,-0.5668070691,0.1552295685,-0.2228362485,13.09933949,-0.4871850917,7.936114788,-1.02610345,5.077964306,-1.171320913,-3.85914278,-0.8696623962,11,-0.2618257373,57,-0.4834714689,287.4385986,-0.03444394838
afmv2_6d44e9dcdae1,afmv2_6d44e9dcdae1,6041,6041,train,reports/afm_prior_v2/20260703_052537/data/standardized_tensors/afmv2_6d44e9dcdae1.npy,data/plane_corrected_afm/6041/N6041_1um_000/N6041_1um_000_plane_corrected.npy,data/plane_corrected_afm/6041/N6041_1um_000/N6041_1um_000_plane_corrected.npy,physical_height,3,3.19045496,-0.3321412028,2.552598953,-0.321208171,14.42194462,-0.3688538348,0.2945548594,-0.7858892281,0.2039189637,-0.9709703627,0.101929456,-0.7137460991,13.48286057,-0.1316423998,9.326621056,0.3933202668,6.57723856,0.2533767208,-3.443988085,0.2048654635,20,0.3512729915,104,-0.06035565131,630.1538696,0.7870007955
afmv2_983cedb0c892,afmv2_983cedb0c892,6041,6041,train,reports/afm_prior_v2/20260703_052537/data/standardized_tensors/afmv2_983cedb0c892.npy,data/plane_corrected_afm/6041/N6041_1um_002/N6041_1um_002_plane_corrected.npy,data/plane_corrected_afm/6041/N6041_1um_002/N6041_1um_002_plane_corrected.npy,physical_height,1,1.914262414,-0.7586637143,1.523608446,-0.7678545719,8.886255264,-0.7788714732,0.3913262486,-0.6352064635,0.2610576749,-0.8509787024,0.188130334,0.08018956372,12.39151096,-1.143376561,8.002449989,-0.9583887197,6.725241184,0.3940174259,-3.010810614,1.326040935,9,-0.3980698993,84,-0.2404049354,195.0476227,-0.2558933204
afmv2_f110a882b072,afmv2_f110a882b072,6041,6041,train,reports/afm_prior_v2/20260703_052537/data/standardized_tensors/afmv2_f110a882b072.npy,data/plane_corrected_afm/6041/N6041_1um_003/N6041_1um_003_plane_corrected.npy,data/plane_corrected_afm/6041/N6041_1um_003/N6041_1um_003_plane_corrected.npy,physical_height,1,2.019250393,-0.7235751717,1.607376456,-0.731494003,9.495781898,-0.7337250325,0.4080506563,-0.6091648823,0.268714875,-0.834898533,0.09192435443,-0.8058960532,12.32037926,-1.209319106,7.884859085,-1.078425085,6.953737259,0.6111476919,-2.958999395,1.460141787,10,-0.3299478183,120,0.08368377594,136.5333405,-0.3961445832
afmv2_7d3bf3dba450,afmv2_7d3bf3dba450,6043,6043,train,reports/afm_prior_v2/20260703_052537/data/standardized_tensors/afmv2_7d3bf3dba450.npy,data/plane_corrected_afm/6043/N6043_1um_2/N6043_1um_2_plane_corrected.npy,data/plane_corrected_afm/6043/N6043_1um_2/N6043_1um_2_plane_corrected.npy,physical_height,2,13.36919498,3.069744955,9.374848366,2.64007585,73.38694763,3.998568129,3.012000799,3.445446814,1.744304657,2.263849482,0.1951357275,0.1447113164,14.47736454,0.7903111436,9.638712883,0.7119024634,6.499179363,0.1792003298,-3.913797617,-1.011123268,11,-0.2618257373,34,-0.6905281455,79.52941132,-0.5327757227
afmv2_e610a1897a3b,afmv2_e610a1897a3b,6043,6043,train,reports/afm_prior_v2/20260703_052537/data/standardized_tensors/afmv2_e610a1897a3b.npy,data/plane_corrected_afm/6043/N6043_1um_3/N6043_1um_3_plane_corrected.npy,data/plane_corrected_afm/6043/N6043_1um_3/N6043_1um_3_plane_corrected.npy,physical_height,0,7.371982574,1.065387458,5.645898819,1.02147793,37.33273697,1.328103557,2.588283062,2.785675774,1.654824257,2.075940068,0.3284443021,1.372522842,14.18251801,0.5169740718,9.41973114,0.4883667004,6.306560516,-0.003837306499,-3.681309938,-0.4093849493,5,-0.6705582232,48,-0.5644936467,56.33333206,-0.5883737628
afmv2_6e0ba5f31fa8,afmv2_6e0ba5f31fa8,6043,6043,train,reports/afm_prior_v2/20260703_052537/data/standardized_tensors/afmv2_6e0ba5f31fa8.npy,data/plane_corrected_afm/6043/N6043_1um_cs/N6043_1um_cs_plane_corrected.npy,data/plane_corrected_afm/6043/N6043_1um_cs/N6043_1um_cs_plane_corrected.npy,physical_height,0,5.958148003,0.5928629364,4.760743141,0.6372648639,27.036129,0.5654540276,2.560856104,2.742969248,1.502893209,1.756883891,0.2514288723,0.6631878826,13.80622196,0.168129334,9.32111454,0.3876992354,6.313216209,0.002487320264,-3.301445484,0.5738026279,4,-0.7386803041,63,-0.4294566836,42.92063522,-0.6205222845
afmv2_714120e7bb41,afmv2_714120e7bb41,6047,6047,train,reports/afm_prior_v2/20260703_052537/data/standardized_tensors/afmv2_714120e7bb41.npy,data/plane_corrected_afm/6047/N6047_1um_006/N6047_1um_006_plane_corrected.npy,data/plane_corrected_afm/6047/N6047_1um_006/N6047_1um_006_plane_corrected.npy,physical_height,3,5.579325199,0.4662547265,4.270275593,0.4243711943,28.88875771,0.7026745975,1.045852661,0.3839568468,0.9653766751,0.6280957196,0.02601230331,-1.412965601,14.59196186,0.8965484322,9.695075035,0.7694367422,7.342075825,0.9801695935,-3.588089466,-0.1681062272,9,-0.3980698993,59,-0.4654665405,277.6949158,-0.0577983119
afmv2_08db02d989d1,afmv2_08db02d989d1,6047,6047,train,reports/afm_prior_v2/20260703_052537/data/standardized_tensors/afmv2_08db02d989d1.npy,data/plane_corrected_afm/6047/N6047_1um_007/N6047_1um_007_plane_corrected.npy,data/plane_corrected_afm/6047/N6047_1um_007/N6047_1um_007_plane_corrected.npy,physical_height,3,6.166564465,0.6625188148,4.68787241,0.6056343975,30.41809654,0.815949721,1.08916831,0.4514036593,1.026045322,0.7555002676,0.1388753802,-0.3734631751,14.70436954,1.000755818,9.657542229,0.731123391,7.335577488,0.9739944955,-3.679738522,-0.4053177177,10,-0.3299478183,77,-0.3034221848,212.7792206,-0.2133929443
afmv2_d4290c8d7cff,afmv2_d4290c8d7cff,6047,6047,train,reports/afm_prior_v2/20260703_052537/data/standardized_tensors/afmv2_d4290c8d7cff.npy,data/plane_corrected_afm/6047/N6047_1um_008/N6047_1um_008_plane_corrected.npy,data/plane_corrected_afm/6047/N6047_1um_008/N6047_1um_008_plane_corrected.npy,physical_height,3,4.693406582,0.1701675611,3.528114557,0.1022267689,24.0708046,0.3458182732,1.007195234,0.3237633534,0.91531533,0.5229665735,0.1941669732,0.1357888019,14.35461998,0.6765209674,9.34483242,0.4119103607,7.347157478,0.9849984758,-3.389865637,0.3449483745,8,-0.4661919802,121,0.09268624014,135.404953,-0.398849184
afmv2_c6c24034d65d,afmv2_c6c24034d65d,6047,6047,train,reports/afm_prior_v2/20260703_052537/data/standardized_tensors/afmv2_c6c24034d65d.npy,data/plane_corrected_afm/6047/N6047_1um_011/N6047_1um_011_plane_corrected.npy,data/plane_corrected_afm/6047/N6047_1um_011/N6047_1um_011_plane_corrected.npy,physical_height,1,1.89748168,-0.7642720849,1.478186607,-0.7875704981,9.385859489,-0.7418667695,0.4838179052,-0.491187672,0.3882665038,-0.583839345,0.1597202718,-0.1814755386,12.92252445,-0.6511012324,8.306417465,-0.6480998309,6.981056213,0.6371077515,-2.927343607,1.542075163,7,-0.5343140612,212,0.9119104826,77.28302002,-0.5381600358
afmv2_afb928f7556a,afmv2_afb928f7556a,6047,6047,train,reports/afm_prior_v2/20260703_052537/data/standardized_tensors/afmv2_afb928f7556a.npy,data/plane_corrected_afm/6047/N6047_1um_012/N6047_1um_012_plane_corrected.npy,data/plane_corrected_afm/6047/N6047_1um_012/N6047_1um_012_plane_corrected.npy,physical_height,1,1.864151239,-0.7754116135,1.446426988,-0.8013561641,9.213367462,-0.7546429151,0.4774233997,-0.5011445588,0.3832486868,-0.5943767929,0.1635469347,-0.1462308379,12.89671612,-0.6750268094,8.31166935,-0.6427387259,7.072312355,0.7238246476,-2.883173227,1.656399545,7,-0.5343140612,195,0.7588685912,84.02051544,-0.5220111196
afmv2_63cdae8de7df,afmv2_63cdae8de7df,6047,6047,train,reports/afm_prior_v2/20260703_052537/data/standardized_tensors/afmv2_63cdae8de7df.npy,data/plane_corrected_afm/6047/N6047_1um_013/N6047_1um_013_plane_corrected.npy,data/plane_corrected_afm/6047/N6047_1um_013/N6047_1um_013_plane_corrected.npy,physical_height,1,2.003665447,-0.7287838922,1.573025465,-0.746404487,9.466978073,-0.7358584753,0.4598123729,-0.5285666949,0.3851244748,-0.5904376261,0.1954872608,0.1479490424,12.89630985,-0.6754034414,7.811069012,-1.153749722,5.139405727,-1.1129357,-3.57691431,-0.1391820296,8,-0.4661919802,96,-0.1323753649,170.6666718,-0.3143313465
afmv2_498985317862,afmv2_498985317862,6056,6056,train,reports/afm_prior_v2/20260703_052537/data/standardized_tensors/afmv2_498985317862.npy,data/plane_corrected_afm/6056/GdSb_N6056_ctr_004/GdSb_N6056_ctr_004_plane_corrected.npy,data/plane_corrected_afm/6056/GdSb_N6056_ctr_004/GdSb_N6056_ctr_004_plane_corrected.npy,physical_height,3,3.627898932,-0.1859409276,2.811531782,-0.2088150873,19.24557304,-0.01157715153,0.6726678014,-0.1971294312,0.64605546,-0.04248088207,0.1805152744,0.01005260535,13.95891762,0.3096856365,9.307607651,0.3739114525,7.087554932,0.7383090312,-3.418805122,0.2700454931,11,-0.2618257373,64,-0.4204542194,256,-0.1097982549
afmv2_bafdac06938e,afmv2_bafdac06938e,6056,6056,train,reports/afm_prior_v2/20260703_052537/data/standardized_tensors/afmv2_bafdac06938e.npy,data/plane_corrected_afm/6056/GdSb_N6056_ctr_005/GdSb_N6056_ctr_005_plane_corrected.npy,data/plane_corrected_afm/6056/GdSb_N6056_ctr_005/GdSb_N6056_ctr_005_plane_corrected.npy,physical_height,3,3.185753822,-0.333712393,2.510130405,-0.3396421837,15.5101347,-0.2882537329,0.6334526539,-0.2581913514,0.5812443495,-0.1785846302,0.155012548,-0.2248350717,13.78655529,0.1498973745,9.220840454,0.2853398149,7.519992828,1.149236682,-3.186477423,0.871369742,11,-0.2618257373,110,-0.006340866091,148.9454498,-0.3663943421
afmv2_6c493c6f0f3c,afmv2_6c493c6f0f3c,6056,6056,train,reports/afm_prior_v2/20260703_052537/data/standardized_tensors/afmv2_6c493c6f0f3c.npy,data/plane_corrected_afm/6056/GdSb_N6056_ctr_006/GdSb_N6056_ctr_006_plane_corrected.npy,data/plane_corrected_afm/6056/GdSb_N6056_ctr_006/GdSb_N6056_ctr_006_plane_corrected.npy,physical_height,3,3.225375891,-0.3204701088,2.514948368,-0.3375508857,16.25484848,-0.2330942458,0.6240962744,-0.2727601732,0.5679242015,-0.2065570265,0.1139720753,-0.6028300023,13.76834011,0.1330110168,9.191180229,0.2550627656,7.034805775,0.6881837129,-3.354628325,0.4361516631,10,-0.3299478183,85,-0.2314024712,192.7529449,-0.26139337
afmv2_0a08d266b564,afmv2_0a08d266b564,6056,6056,train,reports/afm_prior_v2/20260703_052537/data/standardized_tensors/afmv2_0a08d266b564.npy,data/plane_corrected_afm/6056/GdSb_N6056_ctr_009/GdSb_N6056_ctr_009_plane_corrected.npy,data/plane_corrected_afm/6056/GdSb_N6056_ctr_009/GdSb_N6056_ctr_009_plane_corrected.npy,physical_height,3,3.240994453,-0.3152501533,2.584004164,-0.3075763402,14.95960903,-0.329030088,0.6189185381,-0.2808224283,0.5559512973,-0.2317002022,0.1329345554,-0.4281799342,13.69348335,0.06361515999,9.050339699,0.1112932672,7.107233524,0.7570087743,-3.32676053,0.5082807332,11,-0.2618257373,69,-0.3754418984,237.4492798,-0.1542619625
afmv2_ee1bfb71f52a,afmv2_ee1bfb71f52a,6056,6056,train,reports/afm_prior_v2/20260703_052537/data/standardized_tensors/afmv2_ee1bfb71f52a.npy,data/plane_corrected_afm/6056/GdSb_N6056_ctr_010/GdSb_N6056_ctr_010_plane_corrected.npy,data/plane_corrected_afm/6056/GdSb_N6056_ctr_010/GdSb_N6056_ctr_010_plane_corrected.npy,physical_height,3,3.475222826,-0.2369675507,2.698955297,-0.2576803407,17.18831444,-0.1639542555,0.6431409717,-0.2431056683,0.5984994769,-0.1423487519,0.1639989465,-0.1420676751,13.81761456,0.1786908282,9.096405029,0.1583165877,7.064806461,0.7166921104,-3.397452593,0.3253113677,12,-0.1937036563,68,-0.3844443626,240.9411774,-0.1458923298
afmv2_71f4f6b36cd3,afmv2_71f4f6b36cd3,6056,6056,train,reports/afm_prior_v2/20260703_052537/data/standardized_tensors/afmv2_71f4f6b36cd3.npy,data/plane_corrected_afm/6056/GdSb_N6056_ctr_011/GdSb_N6056_ctr_011_plane_corrected.npy,data/plane_corrected_afm/6056/GdSb_N6056_ctr_011/GdSb_N6056_ctr_011_plane_corrected.npy,physical_height,3,4.172379971,-0.003967274042,3.283229589,-0.004068662208,20.41330719,0.0749146235,0.6532241106,-0.2274052091,0.601175487,-0.1367291135,0.1782658547,-0.0106652175,13.96000481,0.3106935145,9.345849991,0.4129490934,7.092103004,0.7426308738,-3.440675974,0.2134380645,34,1.304982125,51,-0.5374862541,321.2549133,0.04660944001
afmv2_4479368d74aa,afmv2_4479368d74aa,6056,6056,train,reports/afm_prior_v2/20260703_052537/data/standardized_tensors/afmv2_4479368d74aa.npy,data/plane_corrected_afm/6056/GdSb_N6056_ctr_012/GdSb_N6056_ctr_012_plane_corrected.npy,data/plane_corrected_afm/6056/GdSb_N6056_ctr_012/GdSb_N6056_ctr_012_plane_corrected.npy,physical_height,3,2.949743986,-0.412590387,2.29621768,-0.4324937194,14.54292297,-0.3598932061,0.5885716081,-0.3280756438,0.535107553,-0.275472199,0.1349137574,-0.4099508965,13.65201092,0.02516820056,9.00313282,0.0631046576,6.956397533,0.613675639,-3.344528198,0.4622934073,10,-0.3299478183,77,-0.3034221848,212.7792206,-0.2133929443
afmv2_fa32d09011e3,afmv2_fa32d09011e3,6056,6056,train,reports/afm_prior_v2/20260703_052537/data/standardized_tensors/afmv2_fa32d09011e3.npy,data/plane_corrected_afm/6056/GdSb_N6056_ctr_013/GdSb_N6056_ctr_013_plane_corrected.npy,data/plane_corrected_afm/6056/GdSb_N6056_ctr_013/GdSb_N6056_ctr_013_plane_corrected.npy,physical_height,1,2.860850573,-0.4422998865,2.275136471,-0.4416442859,13.65810966,-0.4254295901,0.6358424425,-0.2544702107,0.5576633215,-0.2281049404,0.2586249113,0.7294655369,13.64849567,0.02190939286,8.9708395,0.03013975455,6.943805695,0.6017101419,-3.293658972,0.5939561373,8,-0.4661919802,99,-0.1053679723,165.4949493,-0.326727305
afmv2_f44672cf1c94,afmv2_f44672cf1c94,6056,6056,train,reports/afm_prior_v2/20260703_052537/data/standardized_tensors/afmv2_f44672cf1c94.npy,data/plane_corrected_afm/6056/GdSb_N6056_ctr_Copy_004/GdSb_N6056_ctr_Copy_004_plane_corrected.npy,data/plane_corrected_afm/6056/GdSb_N6056_ctr_Copy_004/GdSb_N6056_ctr_Copy_004_plane_corrected.npy,physical_height,3,3.627898932,-0.1859409276,2.811531782,-0.2088150873,19.24557304,-0.01157715153,0.6726678014,-0.1971294312,0.64605546,-0.04248088207,0.1805152744,0.01005260535,13.95891762,0.3096856365,9.307607651,0.3739114525,7.087554932,0.7383090312,-3.418805122,0.2700454931,11,-0.2618257373,64,-0.4204542194,256,-0.1097982549
afmv2_12356da5aa0b,afmv2_12356da5aa0b,6056,6056,train,reports/afm_prior_v2/20260703_052537/data/standardized_tensors/afmv2_12356da5aa0b.npy,data/plane_corrected_afm/6056/GdSb_N6056_ctr_Copy_005/GdSb_N6056_ctr_Copy_005_plane_corrected.npy,data/plane_corrected_afm/6056/GdSb_N6056_ctr_Copy_005/GdSb_N6056_ctr_Copy_005_plane_corrected.npy,physical_height,3,3.185753822,-0.333712393,2.510130405,-0.3396421837,15.5101347,-0.2882537329,0.6334526539,-0.2581913514,0.5812443495,-0.1785846302,0.155012548,-0.2248350717,13.78655529,0.1498973745,9.220840454,0.2853398149,7.519992828,1.149236682,-3.186477423,0.871369742,11,-0.2618257373,110,-0.006340866091,148.9454498,-0.3663943421
afmv2_c9a5653ee638,afmv2_c9a5653ee638,6056,6056,train,reports/afm_prior_v2/20260703_052537/data/standardized_tensors/afmv2_c9a5653ee638.npy,data/plane_corrected_afm/6056/GdSb_N6056_ctr_Copy_006/GdSb_N6056_ctr_Copy_006_plane_corrected.npy,data/plane_corrected_afm/6056/GdSb_N6056_ctr_Copy_006/GdSb_N6056_ctr_Copy_006_plane_corrected.npy,physical_height,3,3.225375891,-0.3204701088,2.514948368,-0.3375508857,16.25484848,-0.2330942458,0.6240962744,-0.2727601732,0.5679242015,-0.2065570265,0.1139720753,-0.6028300023,13.76834011,0.1330110168,9.191180229,0.2550627656,7.034805775,0.6881837129,-3.354628325,0.4361516631,10,-0.3299478183,85,-0.2314024712,192.7529449,-0.26139337
afmv2_4c62886c14c0,afmv2_4c62886c14c0,6056,6056,train,reports/afm_prior_v2/20260703_052537/data/standardized_tensors/afmv2_4c62886c14c0.npy,data/plane_corrected_afm/6056/GdSb_N6056_edge_003/GdSb_N6056_edge_003_plane_corrected.npy,data/plane_corrected_afm/6056/GdSb_N6056_edge_003/GdSb_N6056_edge_003_plane_corrected.npy,physical_height,3,2.897679329,-0.429991169,2.277343035,-0.4406864988,14.20572758,-0.3848686063,0.6486108899,-0.2345884567,0.6440094709,-0.04677747232,0.1817333549,0.02127148817,13.79896545,0.1614021963,9.173136711,0.2366440083,7.138881207,0.7870822442,-3.239974976,0.7329042211,8,-0.4661919802,106,-0.0423507229,154.56604,-0.3529225051
afmv2_8c4ceae350da,afmv2_8c4ceae350da,6056,6056,train,reports/afm_prior_v2/20260703_052537/data/standardized_tensors/afmv2_8c4ceae350da.npy,data/plane_corrected_afm/6056/GdSb_N6056_edge_008/GdSb_N6056_edge_008_plane_corrected.npy,data/plane_corrected_afm/6056/GdSb_N6056_edge_008/GdSb_N6056_edge_008_plane_corrected.npy,physical_height,3,3.16406846,-0.3409599632,2.496086836,-0.3457379733,14.7929039,-0.3413776096,0.613982141,-0.288508894,0.5831043124,-0.1746786962,0.1969095021,0.1610483068,13.67255783,0.04421618534,8.919154167,-0.02262044451,6.907929897,0.5676188711,-3.405395985,0.3047518121,10,-0.3299478183,64,-0.4204542194,256,-0.1097982549
afmv2_9b066f132d87,afmv2_9b066f132d87,6056,6056,train,reports/afm_prior_v2/20260703_052537/data/standardized_tensors/afmv2_9b066f132d87.npy,data/plane_corrected_afm/6056/N56_Ctr_000/N56_Ctr_000_plane_corrected.npy,data/plane_corrected_afm/6056/N56_Ctr_000/N56_Ctr_000_plane_corrected.npy,physical_height,3,3.581557035,-0.2014290781,2.793123484,-0.2168054429,17.4347477,-0.1457014279,0.5868270397,-0.3307921119,0.554250896,-0.2352710558,0.1880744398,0.07967476155,13.71257782,0.08131666226,8.757276535,-0.1878645397,5.511210918,-0.7596247734,-3.880179882,-0.9241118639,32,1.168737963,49,-0.5554911825,334.3673401,0.07803825274
afmv2_1b02c4e6889c,afmv2_1b02c4e6889c,6056,6056,train,reports/afm_prior_v2/20260703_052537/data/standardized_tensors/afmv2_1b02c4e6889c.npy,data/plane_corrected_afm/6056/N56_Ctr_001/N56_Ctr_001_plane_corrected.npy,data/plane_corrected_afm/6056/N56_Ctr_001/N56_Ctr_001_plane_corrected.npy,physical_height,1,2.543479204,-0.5483701137,1.993931174,-0.5637050172,12.14748478,-0.5373186081,0.609716773,-0.2951505,0.522949636,-0.3010039028,0.04230970517,-1.262861694,13.46717739,-0.1461814703,8.691477776,-0.2550316725,5.475841045,-0.7932352848,-3.542175055,-0.0492678415,8,-0.4661919802,125,0.128696097,131.0720062,-0.4092347042
afmv2_f1e5bb600dcf,afmv2_f1e5bb600dcf,6056,6056,train,reports/afm_prior_v2/20260703_052537/data/standardized_tensors/afmv2_f1e5bb600dcf.npy,data/plane_corrected_afm/6056/N56_Ctr_002/N56_Ctr_002_plane_corrected.npy,data/plane_corrected_afm/6056/N56_Ctr_002/N56_Ctr_002_plane_corrected.npy,physical_height,1,2.380067587,-0.6029847042,1.875252008,-0.6152192168,11.31462193,-0.5990071236,0.3104546666,-0.7611316326,0.2792410553,-0.8127934868,0.06888067722,-1.018135158,13.56028271,-0.0598683109,8.601839066,-0.3465345401,5.716325283,-0.5647131688,-3.789819479,-0.6902357411,15,0.01066258659,140,0.26373306,468.1142883,0.3986126097
afmv2_6aed92a0249f,afmv2_6aed92a0249f,6056,6056,train,reports/afm_prior_v2/20260703_052537/data/standardized_tensors/afmv2_6aed92a0249f.npy,data/plane_corrected_afm/6056/N56_Ctr_003/N56_Ctr_003_plane_corrected.npy,data/plane_corrected_afm/6056/N56_Ctr_003/N56_Ctr_003_plane_corrected.npy,physical_height,1,2.830416918,-0.4524712662,2.235689163,-0.4587668911,13.26771736,-0.4543451811,0.3677016497,-0.6719923348,0.3155047297,-0.7366395378,0.08558799326,-0.8642558196,13.80413818,0.1661975686,8.835594177,-0.107918177,5.829870701,-0.4568157058,-3.799065351,-0.7141664522,15,0.01066258659,156,0.4077724873,420.1025696,0.2835346505
afmv2_eb52a2fe3863,afmv2_eb52a2fe3863,6056,6056,train,reports/afm_prior_v2/20260703_052537/data/standardized_tensors/afmv2_eb52a2fe3863.npy,data/plane_corrected_afm/6056/N56_Edg_000/N56_Edg_000_plane_corrected.npy,data/plane_corrected_afm/6056/N56_Edg_000/N56_Edg_000_plane_corrected.npy,physical_height,3,4.809788227,0.2090640362,3.851720572,0.2426920705,22.18824577,0.2063808381,0.6690570712,-0.2027517005,0.5967158079,-0.1460944682,0.1290401369,-0.4640486841,13.98857594,0.3371803414,9.122195244,0.184643145,5.591988564,-0.682865154,-3.960569859,-1.132181942,48,2.258691259,23,-0.7895552518,712.3478394,0.9840092459
afmv2_6999a1c27d25,afmv2_6999a1c27d25,6056,6056,train,reports/afm_prior_v2/20260703_052537/data/standardized_tensors/afmv2_6999a1c27d25.npy,data/plane_corrected_afm/6056/N56_Edg_001/N56_Edg_001_plane_corrected.npy,data/plane_corrected_afm/6056/N56_Edg_001/N56_Edg_001_plane_corrected.npy,physical_height,3,3.555016518,-0.2102993133,2.790400028,-0.2179875936,17.07968521,-0.1720002092,0.3364630342,-0.7206339942,0.3149232566,-0.737860635,0.2265653163,0.4341871547,14.03267574,0.3780630006,9.255850792,0.32107824,5.851295948,-0.4364561894,-3.93289113,-1.060542224,30,1.032493801,86,-0.222400007,762.0465088,1.10313061
afmv2_7742a67779d0,afmv2_7742a67779d0,6057,6057,train,reports/afm_prior_v2/20260703_052537/data/standardized_tensors/afmv2_7742a67779d0.npy,data/plane_corrected_afm/6057/GdSb_N6057_ctr_015/GdSb_N6057_ctr_015_plane_corrected.npy,data/plane_corrected_afm/6057/GdSb_N6057_ctr_015/GdSb_N6057_ctr_015_plane_corrected.npy,physical_height,3,4.927710056,0.2484752636,3.916272163,0.2707115086,23.23337555,0.2837915482,0.8136475086,0.02239012114,0.7574499846,0.1914483347,0.2536088526,0.683266148,14.21214199,0.5444369419,9.453975677,0.5233233986,6.97367382,0.6300925722,-3.615525007,-0.2391165121,13,-0.1255815754,55,-0.5014763973,297.8908997,-0.00939111728
afmv2_637323f0b048,afmv2_637323f0b048,6057,6057,train,reports/afm_prior_v2/20260703_052537/data/standardized_tensors/afmv2_637323f0b048.npy,data/plane_corrected_afm/6057/GdSb_N6057_ctr_016/GdSb_N6057_ctr_016_plane_corrected.npy,data/plane_corrected_afm/6057/GdSb_N6057_ctr_016/GdSb_N6057_ctr_016_plane_corrected.npy,physical_height,3,5.352199078,0.3903458021,4.220827103,0.4029074491,25.60427284,0.459399254,0.8920000196,0.144392844,0.7899776101,0.2597565571,0.2852599323,0.9747819832,14.42960358,0.7460344111,9.732717514,0.8078620472,6.043085575,-0.2542065262,-3.963294983,-1.139235269,12,-0.1937036563,56,-0.4924739331,292.5714417,-0.02214117887
afmv2_c0f9c287d565,afmv2_c0f9c287d565,6057,6057,train,reports/afm_prior_v2/20260703_052537/data/standardized_tensors/afmv2_c0f9c287d565.npy,data/plane_corrected_afm/6057/GdSb_N6057_ctr_017/GdSb_N6057_ctr_017_plane_corrected.npy,data/plane_corrected_afm/6057/GdSb_N6057_ctr_017/GdSb_N6057_ctr_017_plane_corrected.npy,physical_height,3,5.150973797,0.3230933232,4.011686325,0.3121272377,24.63838768,0.3878580372,0.8355775476,0.05653739269,0.7603090405,0.1974523705,0.2530916333,0.6785024048,14.31023121,0.635370419,9.676844597,0.7508271777,7.149694443,0.7973576102,-3.562154531,-0.1009798993,12,-0.1937036563,51,-0.5374862541,321.2549133,0.04660944001
afmv2_864c1afdf1c7,afmv2_864c1afdf1c7,6057,6057,train,reports/afm_prior_v2/20260703_052537/data/standardized_tensors/afmv2_864c1afdf1c7.npy,data/plane_corrected_afm/6057/GdSb_N6057_ctr_020/GdSb_N6057_ctr_020_plane_corrected.npy,data/plane_corrected_afm/6057/GdSb_N6057_ctr_020/GdSb_N6057_ctr_020_plane_corrected.npy,physical_height,3,4.912857056,0.2435111703,3.849766254,0.241843774,23.78183174,0.324414621,0.8433569074,0.06865063661,0.7898382545,0.2594639094,0.195374608,0.1469114767,14.33827209,0.6613656784,9.65981102,0.7334393646,7.086204052,0.7370253464,-3.586718559,-0.1645579649,11,-0.2618257373,51,-0.5374862541,321.2549133,0.04660944001
afmv2_12a034e1d241,afmv2_12a034e1d241,6057,6057,train,reports/afm_prior_v2/20260703_052537/data/standardized_tensors/afmv2_12a034e1d241.npy,data/plane_corrected_afm/6057/GdSb_N6057_edge_014/GdSb_N6057_edge_014_plane_corrected.npy,data/plane_corrected_afm/6057/GdSb_N6057_edge_014/GdSb_N6057_edge_014_plane_corrected.npy,physical_height,3,6.539622784,0.7872004482,5.196997643,0.8266266723,31.75342178,0.9148546389,0.8648961782,0.1021894429,0.7455812693,0.1665239564,0.205691725,0.2419351854,14.47432232,0.7874908578,9.969463348,1.049531329,7.131253719,0.7798341613,-3.630573034,-0.2780647028,39,1.64559253,33,-0.6995306097,496.4848633,0.4666132553
afmv2_8e671ce47766,afmv2_8e671ce47766,6057,6057,train,reports/afm_prior_v2/20260703_052537/data/standardized_tensors/afmv2_8e671ce47766.npy,data/plane_corrected_afm/6057/GdSb_N6057_edge_018/GdSb_N6057_edge_018_plane_corrected.npy,data/plane_corrected_afm/6057/GdSb_N6057_edge_018/GdSb_N6057_edge_018_plane_corrected.npy,physical_height,3,5.451921463,0.4236745049,4.130427361,0.3636682927,29.20328331,0.7259708909,0.9319381118,0.2065804616,0.9473674297,0.5902761886,0.09754575044,-0.754121328,14.46883678,0.7824054954,9.647781372,0.7211595439,7.252185822,0.8947508822,-3.593597889,-0.1823634524,10,-0.3299478183,54,-0.5104788615,303.4074097,0.003831252797
afmv2_45946ccf9518,afmv2_45946ccf9518,6057,6057,train,reports/afm_prior_v2/20260703_052537/data/standardized_tensors/afmv2_45946ccf9518.npy,data/plane_corrected_afm/6057/GdSb_N6057_edge_019/GdSb_N6057_edge_019_plane_corrected.npy,data/plane_corrected_afm/6057/GdSb_N6057_edge_019/GdSb_N6057_edge_019_plane_corrected.npy,physical_height,3,5.337333202,0.3853774054,4.143625259,0.369397008,25.93792725,0.4841123808,0.8704611063,0.1108545944,0.8002930284,0.2814190017,0.3170059919,1.267172611,14.3422823,0.665083338,9.590906143,0.6631015179,7.161108494,0.8082039056,-3.59426713,-0.1840956214,12,-0.1937036563,60,-0.4564640762,273.0666809,-0.06889159998
afmv2_7d841c079940,afmv2_7d841c079940,6066,6066,train,reports/afm_prior_v2/20260703_052537/data/standardized_tensors/afmv2_7d841c079940.npy,data/plane_corrected_afm/6066/N66_Ctr_000/N66_Ctr_000_plane_corrected.npy,data/plane_corrected_afm/6066/N66_Ctr_000/N66_Ctr_000_plane_corrected.npy,physical_height,3,5.695394516,0.5050468169,4.296764374,0.4358689862,29.1191082,0.7197362059,0.9976868033,0.3089577726,0.9501037002,0.5960223743,0.1288170367,-0.4661035031,14.61799335,0.9206808894,9.651938438,0.7254030616,6.18965292,-0.1149297067,-3.953492165,-1.113863037,10,-0.3299478183,68,-0.3844443626,240.9411774,-0.1458923298
afmv2_25a88e4709ca,afmv2_25a88e4709ca,6066,6066,train,reports/afm_prior_v2/20260703_052537/data/standardized_tensors/afmv2_25a88e4709ca.npy,data/plane_corrected_afm/6066/N66_Ctr_001/N66_Ctr_001_plane_corrected.npy,data/plane_corrected_afm/6066/N66_Ctr_001/N66_Ctr_001_plane_corrected.npy,physical_height,3,4.572864056,0.1298804578,3.543411016,0.1088663913,22.76195145,0.248874091,0.9663906097,0.2602264584,0.8702640533,0.4283586032,0.1244282797,-0.5065252573,14.29876328,0.6247390902,9.308807373,0.3751361243,6.063098907,-0.2351886936,-3.740447283,-0.5624477124,8,-0.4661919802,80,-0.2764147922,204.8000031,-0.2325181098
afmv2_81d7001323e0,afmv2_81d7001323e0,6066,6066,train,reports/afm_prior_v2/20260703_052537/data/standardized_tensors/afmv2_81d7001323e0.npy,data/plane_corrected_afm/6066/N66_Ctr_002/N66_Ctr_002_plane_corrected.npy,data/plane_corrected_afm/6066/N66_Ctr_002/N66_Ctr_002_plane_corrected.npy,physical_height,3,5.15869236,0.3256729817,4.022644043,0.3168835744,26.85344887,0.5519232691,0.9655535817,0.2589231218,0.9355562925,0.5654727247,0.2295629829,0.4617965535,14.46375751,0.7776967651,9.341438293,0.4084456482,6.072607517,-0.2261530591,-3.974225521,-1.167526332,9,-0.3980698993,54,-0.5104788615,303.4074097,0.003831252797
afmv2_3d4104b11885,afmv2_3d4104b11885,6066,6066,train,reports/afm_prior_v2/20260703_052537/data/standardized_tensors/afmv2_3d4104b11885.npy,data/plane_corrected_afm/6066/N66_Ctr_003/N66_Ctr_003_plane_corrected.npy,data/plane_corrected_afm/6066/N66_Ctr_003/N66_Ctr_003_plane_corrected.npy,physical_height,3,4.693630219,0.1702423039,3.684173584,0.169966172,22.49353409,0.2289929444,0.5256599784,-0.4260353649,0.4617172182,-0.4295923733,0.09747971594,-0.7547295254,14.47709846,0.7900644745,9.783764839,0.8599709701,6.264587402,-0.0437226017,-3.885511875,-0.9379124426,15,0.01066258659,96,-0.1323753649,682.666687,0.9128673135
afmv2_6fcfe2858e0e,afmv2_6fcfe2858e0e,6066,6066,train,reports/afm_prior_v2/20260703_052537/data/standardized_tensors/afmv2_6fcfe2858e0e.npy,data/plane_corrected_afm/6066/N66_Edg_000/N66_Edg_000_plane_corrected.npy,data/plane_corrected_afm/6066/N66_Edg_000/N66_Edg_000_plane_corrected.npy,physical_height,3,4.971898079,0.2632435574,3.85501647,0.2441226969,24.90444565,0.4075644285,1.020511866,0.3444986858,0.9017058611,0.4943866014,0.06023516506,-1.09776289,14.35614014,0.6779302296,9.290095329,0.3560349382,6.098122597,-0.2019071455,-3.795829535,-0.7057913224,8,-0.4661919802,89,-0.1953926144,184.0898895,-0.2821576077
afmv2_50e47712b4ee,afmv2_50e47712b4ee,6066,6066,train,reports/afm_prior_v2/20260703_052537/data/standardized_tensors/afmv2_50e47712b4ee.npy,data/plane_corrected_afm/6066/N66_Edg_001/N66_Edg_001_plane_corrected.npy,data/plane_corrected_afm/6066/N66_Edg_001/N66_Edg_001_plane_corrected.npy,physical_height,3,5.014744282,0.2775633951,3.921335459,0.2729092965,24.8583622,0.4041511179,0.5803988576,-0.3408014365,0.5249432325,-0.2968173373,0.1218823195,-0.5299743061,14.70139313,0.9979965412,10.03534508,1.116783161,6.469044209,0.150564153,-3.881311417,-0.9270405696,14,-0.05745949439,122,0.1016887043,537.1802979,0.5641550157
afmv2_4ac9fb1fabca,afmv2_4ac9fb1fabca,6067,6067,train,reports/afm_prior_v2/20260703_052537/data/standardized_tensors/afmv2_4ac9fb1fabca.npy,data/plane_corrected_afm/6067/N6059_1um_004/N6059_1um_004_plane_corrected.npy,data/plane_corrected_afm/6067/N6059_1um_004/N6059_1um_004_plane_corrected.npy,physical_height,1,1.300249457,-0.9638759679,1.017028213,-0.9877421571,6.210783958,-0.9770383781,0.2683807313,-0.8266449723,0.2112252265,-0.9556271639,0.007778610568,-1.580903321,13.15717506,-0.4335687058,9.257431984,0.322692315,8.221828461,1.816161738,-2.649980545,2.259962594,12,-0.1937036563,949,7.5467266,69.05795288,-0.5578744715
afmv2_17b7cb647d0a,afmv2_17b7cb647d0a,6067,6067,train,reports/afm_prior_v2/20260703_052537/data/standardized_tensors/afmv2_17b7cb647d0a.npy,data/plane_corrected_afm/6067/N6067_1um_000/N6067_1um_000_plane_corrected.npy,data/plane_corrected_afm/6067/N6067_1um_000/N6067_1um_000_plane_corrected.npy,physical_height,1,1.274350882,-0.9725316565,1.0095855,-0.9909727612,6.012849808,-0.9916989719,0.384955287,-0.64512669,0.3241718709,-0.7184384856,0.06858267635,-1.020879834,12.50916576,-1.03430484,8.121840477,-0.8365153458,6.276818752,-0.03209966123,-2.886213541,1.648530425,6,-0.6024361422,269,1.425050942,60.90706253,-0.5774111149
afmv2_126a9303f557,afmv2_126a9303f557,6067,6067,train,reports/afm_prior_v2/20260703_052537/data/standardized_tensors/afmv2_126a9303f557.npy,data/plane_corrected_afm/6067/N6067_1um_006/N6067_1um_006_plane_corrected.npy,data/plane_corrected_afm/6067/N6067_1um_006/N6067_1um_006_plane_corrected.npy,physical_height,1,1.262559652,-0.9764724608,0.9876437187,-1.00049687,5.970872402,-0.9948081559,0.3659354746,-0.6747424467,0.3018757105,-0.7652605656,0.1553630978,-0.221606404,12.36367035,-1.16918616,8.005579948,-0.955193669,6.728723049,0.3973260967,-2.73753953,2.033337267,7,-0.5343140612,230,1.073954838,71.23477936,-0.5526568964
afmv2_effcf42d72c3,afmv2_effcf42d72c3,6067,6067,train,reports/afm_prior_v2/20260703_052537/data/standardized_tensors/afmv2_effcf42d72c3.npy,data/plane_corrected_afm/6067/N6067_1um_007/N6067_1um_007_plane_corrected.npy,data/plane_corrected_afm/6067/N6067_1um_007/N6067_1um_007_plane_corrected.npy,physical_height,1,1.281481862,-0.970148377,1.001714706,-0.9943891793,6.162978649,-0.9805792235,0.3643462062,-0.6772170971,0.3159408867,-0.7357236053,0.05922765285,-1.107042376,12.39468098,-1.140437798,7.86435461,-1.099355978,5.5008111,-0.7695072856,-3.110312939,1.06850315,7,-0.5343140612,189,0.704853806,86.68254089,-0.5156305845
afmv2_243873eb11c6,afmv2_243873eb11c6,6070,6070,train,reports/afm_prior_v2/20260703_052537/data/standardized_tensors/afmv2_243873eb11c6.npy,data/plane_corrected_afm/6070/N69_Edg_000/N69_Edg_000_plane_corrected.npy,data/plane_corrected_afm/6070/N69_Edg_000/N69_Edg_000_plane_corrected.npy,physical_height,3,3.203958988,-0.327627956,2.516522408,-0.3368676536,15.24383736,-0.3079778538,0.8991840482,0.1555790975,0.6980907917,0.06679364855,0.3925573826,1.963023336,14.34879684,0.6711226334,10.09274292,1.175374666,7.541468143,1.169643776,-3.22146225,0.78081995,9,-0.3980698993,208,0.8759006258,78.7692337,-0.5345977714
afmv2_92fb64d58b72,afmv2_92fb64d58b72,6070,6070,train,reports/afm_prior_v2/20260703_052537/data/standardized_tensors/afmv2_92fb64d58b72.npy,data/plane_corrected_afm/6070/N69_Edg_002/N69_Edg_002_plane_corrected.npy,data/plane_corrected_afm/6070/N69_Edg_002/N69_Edg_002_plane_corrected.npy,physical_height,3,3.156004906,-0.3436549228,2.434547186,-0.3724500401,15.72890091,-0.2720501493,0.8210107684,0.0338554556,0.7201066613,0.113027116,0.3806972504,1.853788,14.296978,0.6230840488,9.848129272,0.9256739481,7.26809454,0.9098682717,-3.326232672,0.5096469664,10,-0.3299478183,172,0.5518119145,95.2558136,-0.4950815445
afmv2_fe2e62e09015,afmv2_fe2e62e09015,6070,6070,train,reports/afm_prior_v2/20260703_052537/data/standardized_tensors/afmv2_fe2e62e09015.npy,data/plane_corrected_afm/6070/N69_center_003/N69_center_003_plane_corrected.npy,data/plane_corrected_afm/6070/N69_center_003/N69_center_003_plane_corrected.npy,physical_height,3,3.047229528,-0.3800092704,2.404619455,-0.3854405519,14.36877823,-0.3727917649,0.8276104331,0.04413179586,0.7123324871,0.09670130032,0.3638704717,1.698808375,14.28275013,0.6098941214,9.721756935,0.7966735283,7.266620159,0.9084672291,-3.3221457,0.5202251083,9,-0.3980698993,210,0.8939055542,78.0190506,-0.5363958645
afmv2_c6564906e3d5,afmv2_c6564906e3d5,6070,6070,train,reports/afm_prior_v2/20260703_052537/data/standardized_tensors/afmv2_c6564906e3d5.npy,data/plane_corrected_afm/6070/N69_center_200nm_005/N69_center_200nm_005_plane_corrected.npy,data/plane_corrected_afm/6070/N69_center_200nm_005/N69_center_200nm_005_plane_corrected.npy,physical_height,3,3.041898489,-0.3817909828,2.385824203,-0.3935988698,15.03467369,-0.3234701961,0.8416350484,0.06596952935,0.7383494973,0.1513371888,0.3616651893,1.67849707,14.3268137,0.6507431936,9.688646317,0.7628743304,7.158444405,0.8056723332,-3.375044107,0.3833103324,8,-0.4661919802,245,1.208991801,66.87346649,-0.5631104065
afmv2_00e424133ab4,afmv2_00e424133ab4,6070,6070,train,reports/afm_prior_v2/20260703_052537/data/standardized_tensors/afmv2_00e424133ab4.npy,data/plane_corrected_afm/6070/N69_center_200nm_007/N69_center_200nm_007_plane_corrected.npy,data/plane_corrected_afm/6070/N69_center_200nm_007/N69_center_200nm_007_plane_corrected.npy,physical_height,3,2.679356575,-0.5029578774,2.103371143,-0.5162012085,12.97146225,-0.4762882152,0.6522708535,-0.2288895261,0.5394415855,-0.266370703,0.4430833459,2.42838245,13.83847141,0.1980261425,9.551730156,0.6231108136,7.142497063,0.7905182409,-3.228673458,0.7621554763,11,-0.2618257373,166,0.4977971293,98.6987915,-0.4868291661
afmv2_6b872b882559,afmv2_6b872b882559,6072,6072,train,reports/afm_prior_v2/20260703_052537/data/standardized_tensors/afmv2_6b872b882559.npy,data/plane_corrected_afm/6072/6072_1um_009/6072_1um_009_plane_corrected.npy,data/plane_corrected_afm/6072/6072_1um_009/6072_1um_009_plane_corrected.npy,physical_height,1,1.466236353,-0.9084006809,1.102875113,-0.9504792196,7.520395279,-0.8800380397,0.408642292,-0.6082436461,0.4139639139,-0.5298746188,0.1229847148,-0.5198209183,12.75158501,-0.8095704061,8.168315887,-0.7890734171,6.32770586,0.01625622975,-2.969583511,1.432747353,6,-0.6024361422,251,1.263006587,65.27490234,-0.5669419606
afmv2_3257a0bee5a5,afmv2_3257a0bee5a5,6072,6072,train,reports/afm_prior_v2/20260703_052537/data/standardized_tensors/afmv2_3257a0bee5a5.npy,data/plane_corrected_afm/6072/6072_1um_011/6072_1um_011_plane_corrected.npy,data/plane_corrected_afm/6072/6072_1um_011/6072_1um_011_plane_corrected.npy,physical_height,1,1.895656466,-0.7648820986,1.45415163,-0.7980031852,9.372605324,-0.7428484795,0.4485024512,-0.546177378,0.4660583436,-0.420475982,0.09458043426,-0.7814327699,13.15083981,-0.4394417906,8.431938171,-0.5199687529,6.49151659,0.171918717,-3.236979008,0.7406585621,8,-0.4661919802,168,0.5158020577,97.52381134,-0.4896454435
afmv2_0c1b90d9aabd,afmv2_0c1b90d9aabd,6072,6072,train,reports/afm_prior_v2/20260703_052537/data/standardized_tensors/afmv2_0c1b90d9aabd.npy,data/plane_corrected_afm/6072/6072_500_nm_004/6072_500_nm_004_plane_corrected.npy,data/plane_corrected_afm/6072/6072_500_nm_004/6072_500_nm_004_plane_corrected.npy,physical_height,1,1.470114946,-0.9071043975,1.13734138,-0.9355186986,7.254174232,-0.8997565098,0.4136043191,-0.6005172719,0.3793896437,-0.6024808082,0.04951588064,-1.19649068,12.62697124,-0.925093431,7.771045208,-1.194605875,5.255800247,-1.002330854,-3.282391548,0.6231191485,6,-0.6024361422,175,0.5788193071,93.62285614,-0.4989955351
afmv2_681d5d8769c7,afmv2_681d5d8769c7,6072,6072,train,reports/afm_prior_v2/20260703_052537/data/standardized_tensors/afmv2_681d5d8769c7.npy,data/plane_corrected_afm/6072/6072_500_nm_007/6072_500_nm_007_plane_corrected.npy,data/plane_corrected_afm/6072/6072_500_nm_007/6072_500_nm_007_plane_corrected.npy,physical_height,1,2.043678522,-0.715410928,1.587958813,-0.7399224776,10.24988174,-0.6778703383,0.461268723,-0.5262990116,0.4739849567,-0.4038300436,0.08177500963,-0.8993745302,13.20288849,-0.3911901331,8.436730385,-0.5150768783,6.49492979,0.1751621383,-3.27112937,0.6522685816,9,-0.3980698993,174,0.5698168429,94.16091919,-0.4977058666
afmv2_99e002c4ed0a,afmv2_99e002c4ed0a,6072,6072,train,reports/afm_prior_v2/20260703_052537/data/standardized_tensors/afmv2_99e002c4ed0a.npy,data/plane_corrected_afm/6072/N6072_1um_000/N6072_1um_000_plane_corrected.npy,data/plane_corrected_afm/6072/N6072_1um_000/N6072_1um_000_plane_corrected.npy,physical_height,1,1.564195633,-0.875661234,1.191269159,-0.9121106611,7.64074707,-0.8711238189,0.4403051138,-0.558941455,0.4348380566,-0.4860387852,0.0397894308,-1.286074169,12.86510849,-0.7043286195,8.18181324,-0.7752953685,6.347559929,0.03512272136,-3.024641991,1.290241749,6,-0.6024361422,221,0.9929326605,74.13574982,-0.5457036406
afmv2_b66d78afb727,afmv2_b66d78afb727,6072,6072,train,reports/afm_prior_v2/20260703_052537/data/standardized_tensors/afmv2_b66d78afb727.npy,data/plane_corrected_afm/6072/N6072_1um_001/N6072_1um_001_plane_corrected.npy,data/plane_corrected_afm/6072/N6072_1um_001/N6072_1um_001_plane_corrected.npy,physical_height,1,1.409355283,-0.9274111797,1.070215583,-0.9646555035,6.997070312,-0.9187996922,0.3839106262,-0.6467533317,0.3672190905,-0.6280390481,0.06445239484,-1.058920952,12.58798599,-0.9612346536,8.163332939,-0.7941599922,6.706874371,0.3765642115,-2.806709766,1.854306783,6,-0.6024361422,226,1.037944981,72.49557495,-0.5496349304
afmv2_77b15c088592,afmv2_77b15c088592,6072,6072,train,reports/afm_prior_v2/20260703_052537/data/standardized_tensors/afmv2_77b15c088592.npy,data/plane_corrected_afm/6072/N6072_1um_002/N6072_1um_002_plane_corrected.npy,data/plane_corrected_afm/6072/N6072_1um_002/N6072_1um_002_plane_corrected.npy,physical_height,1,1.275434256,-0.9721695768,0.9624568224,-1.011429562,6.681677818,-0.9421601948,0.34719643,-0.7039210197,0.3268358707,-0.7128440689,0.1160569042,-0.5836281095,12.36711025,-1.165997206,7.961824417,-0.9998591551,6.703601837,0.3734544593,-2.761524439,1.971258111,7,-0.5343140612,213,0.9209129468,76.9201889,-0.5390296957
afmv2_20c0030ec1a2,afmv2_20c0030ec1a2,6072,6072,train,reports/afm_prior_v2/20260703_052537/data/standardized_tensors/afmv2_20c0030ec1a2.npy,data/plane_corrected_afm/6072/N6072_1um_cs_001/N6072_1um_cs_001_plane_corrected.npy,data/plane_corrected_afm/6072/N6072_1um_cs_001/N6072_1um_cs_001_plane_corrected.npy,physical_height,1,1.142431021,-1.016621234,0.875308156,-1.049257548,5.685391903,-1.015953136,0.3199299276,-0.7463777003,0.3000862598,-0.7690184235,0.1108323708,-0.6317476123,10.95449924,-2.475556308,6.639561176,-2.34962064,5.296662807,-0.9635008723,-2.893303871,1.630178815,6,-0.6024361422,68,-0.3844443626,63.57352829,-0.571019937
afmv2_a03f1cffad55,afmv2_a03f1cffad55,6073,6073,train,reports/afm_prior_v2/20260703_052537/data/standardized_tensors/afmv2_a03f1cffad55.npy,data/plane_corrected_afm/6073/N73_ctr_001/N73_ctr_001_plane_corrected.npy,data/plane_corrected_afm/6073/N73_ctr_001/N73_ctr_001_plane_corrected.npy,physical_height,1,1.517172694,-0.8913769989,1.180152178,-0.9169361279,7.291744709,-0.8969737383,0.2042437345,-0.9265127129,0.1840110421,-1.012777126,0.04694770277,-1.22014436,12.83629036,-0.7310444274,8.33700943,-0.6168716648,5.888674736,-0.4009366901,-3.418298244,0.2713574247,15,0.01066258659,272,1.452058335,240.9411774,-0.1458923298
afmv2_9765bb83e22c,afmv2_9765bb83e22c,6073,6073,train,reports/afm_prior_v2/20260703_052537/data/standardized_tensors/afmv2_9765bb83e22c.npy,data/plane_corrected_afm/6073/N73_ctr_002/N73_ctr_002_plane_corrected.npy,data/plane_corrected_afm/6073/N73_ctr_002/N73_ctr_002_plane_corrected.npy,physical_height,1,1.396425247,-0.9317325899,1.084920526,-0.9582726362,6.754884243,-0.9367379386,0.3385001719,-0.7174619663,0.3072856665,-0.7538996232,0.05263657495,-1.167748159,12.4092226,-1.126957009,7.676490307,-1.291127172,5.355626583,-0.9074700615,-3.289463997,0.604813819,8,-0.4661919802,162,0.4617872725,101.1358032,-0.4809879603
afmv2_56b02db57279,afmv2_56b02db57279,6080,6080,train,reports/afm_prior_v2/20260703_052537/data/standardized_tensors/afmv2_56b02db57279.npy,data/plane_corrected_afm/6080/N80_Ctr_000/N80_Ctr_000_plane_corrected.npy,data/plane_corrected_afm/6080/N80_Ctr_000/N80_Ctr_000_plane_corrected.npy,physical_height,3,3.644663334,-0.1803380153,2.859597206,-0.1879516795,17.33659935,-0.1529710835,0.7426261306,-0.08819729188,0.5474454761,-0.2495624813,0.1671600938,-0.1129525706,13.38155365,-0.2255588412,8.681278229,-0.2654433328,4.177580357,-2.026918132,-4.10034132,-1.493946679,8,-0.4661919802,68,-0.3844443626,240.9411774,-0.1458923298
afmv2_30eb2e2bec97,afmv2_30eb2e2bec97,6080,6080,train,reports/afm_prior_v2/20260703_052537/data/standardized_tensors/afmv2_30eb2e2bec97.npy,data/plane_corrected_afm/6080/N80_Edg_000/N80_Edg_000_plane_corrected.npy,data/plane_corrected_afm/6080/N80_Edg_000/N80_Edg_000_plane_corrected.npy,physical_height,3,5.158537388,0.3256211877,4.02175045,0.316495699,24.21538925,0.3565273743,0.8801545501,0.1259482592,0.8217779994,0.3265375788,0.1295844913,-0.4590350186,14.06569099,0.4086697429,9.071972847,0.1333763056,5.465222836,-0.8033253248,-4.093806744,-1.477033504,9,-0.3980698993,26,-0.7625478592,630.1538696,0.7870007955
afmv2_a06ba8e6b8de,afmv2_a06ba8e6b8de,6081,6081,train,reports/afm_prior_v2/20260703_052537/data/standardized_tensors/afmv2_a06ba8e6b8de.npy,data/plane_corrected_afm/6081/N6081_1um_000/N6081_1um_000_plane_corrected.npy,data/plane_corrected_afm/6081/N6081_1um_000/N6081_1um_000_plane_corrected.npy,physical_height,1,0.9417254329,-1.083700024,0.7405978441,-1.10773027,4.540555,-1.100748957,0.2227416188,-0.8977096506,0.1422217935,-1.100534816,0.1962188631,0.1546873167,10.7520628,-2.663224733,6.70929718,-2.278434382,5.406425953,-0.8591975442,-2.760368824,1.974249142,7,-0.5343140612,185,0.6688439491,88.56216431,-0.5111253672
afmv2_9a9bb2d27267,afmv2_9a9bb2d27267,6081,6081,train,reports/afm_prior_v2/20260703_052537/data/standardized_tensors/afmv2_9a9bb2d27267.npy,data/plane_corrected_afm/6081/N81_Ctr_000/N81_Ctr_000_plane_corrected.npy,data/plane_corrected_afm/6081/N81_Ctr_000/N81_Ctr_000_plane_corrected.npy,physical_height,3,3.181476831,-0.335141827,2.54690218,-0.3236809277,14.30525303,-0.3774969517,0.2570179701,-0.8443379318,0.1711312532,-1.039824765,0.5302869081,3.231553132,12.28250504,-1.24443035,8.070274353,-0.8891538567,3.839104652,-2.348557442,-3.98190093,-1.187392278,57,2.871789988,12,-0.888582358,1365.333374,2.549132194
afmv2_0040995fccea,afmv2_0040995fccea,6081,6081,train,reports/afm_prior_v2/20260703_052537/data/standardized_tensors/afmv2_0040995fccea.npy,data/plane_corrected_afm/6081/N81_Edg_000/N81_Edg_000_plane_corrected.npy,data/plane_corrected_afm/6081/N81_Edg_000/N81_Edg_000_plane_corrected.npy,physical_height,3,5.771374702,0.530440524,4.696931362,0.6095665507,25.08187866,0.4207065431,0.3126410842,-0.757727161,0.2054654062,-0.9677228235,0.5905435681,3.786534849,13.07635403,-0.5084937309,9.07784462,0.13937019,4.050396919,-2.147775235,-4.127595425,-1.56448736,62,3.212400392,4,-0.9606020716,4096,9.094191422
afmv2_bdd89c1f16e4,afmv2_bdd89c1f16e4,6082,6082,train,reports/afm_prior_v2/20260703_052537/data/standardized_tensors/afmv2_bdd89c1f16e4.npy,data/plane_corrected_afm/6082/N6082_1um_000/N6082_1um_000_plane_corrected.npy,data/plane_corrected_afm/6082/N6082_1um_000/N6082_1um_000_plane_corrected.npy,physical_height,1,1.756391883,-0.8114263915,1.380147576,-0.8301255849,8.527147293,-0.8054698953,0.3582353592,-0.6867322991,0.2521790266,-0.8696239208,0.1841344386,0.04338618147,12.22124004,-1.301225984,7.869105339,-1.094506451,6.71819067,0.3873176173,-2.874057531,1.679993327,9,-0.3980698993,153,0.3807650946,107.0849686,-0.4667285704
afmv2_9ce68906314c,afmv2_9ce68906314c,6082,6082,train,reports/afm_prior_v2/20260703_052537/data/standardized_tensors/afmv2_9ce68906314c.npy,data/plane_corrected_afm/6082/N6082_1um_001/N6082_1um_001_plane_corrected.npy,data/plane_corrected_afm/6082/N6082_1um_001/N6082_1um_001_plane_corrected.npy,physical_height,1,1.863613248,-0.7755914181,1.461682558,-0.7947342902,8.935044289,-0.7752577659,0.3780534267,-0.6558735792,0.2740871012,-0.8236168235,0.09137934446,-0.8109157567,12.45357704,-1.085838287,7.575602531,-1.394113045,4.727793694,-1.504073404,-3.69739151,-0.4510082221,9,-0.3980698993,75,-0.3214271132,218.4533386,-0.199792808
afmv2_b8d8ab39e840,afmv2_b8d8ab39e840,6082,6082,train,reports/afm_prior_v2/20260703_052537/data/standardized_tensors/afmv2_b8d8ab39e840.npy,data/plane_corrected_afm/6082/N6082_1um_002/N6082_1um_002_plane_corrected.npy,data/plane_corrected_afm/6082/N6082_1um_002/N6082_1um_002_plane_corrected.npy,physical_height,1,1.998581648,-0.7304829734,1.561213017,-0.7515318301,10.15936852,-0.6845744748,0.4172905087,-0.5947775048,0.2999241054,-0.7693589488,0.2394125909,0.5525143656,12.49403954,-1.048327581,7.476061344,-1.495724325,4.776549339,-1.457742953,-3.677162886,-0.3986513048,9,-0.3980698993,72,-0.3484345058,227.5555573,-0.177975952
afmv2_c53e29975403,afmv2_c53e29975403,6084,6084,train,reports/afm_prior_v2/20260703_052537/data/standardized_tensors/afmv2_c53e29975403.npy,data/plane_corrected_afm/6084/N6084_1um_000/N6084_1um_000_plane_corrected.npy,data/plane_corrected_afm/6084/N6084_1um_000/N6084_1um_000_plane_corrected.npy,physical_height,3,4.552945137,0.1232232591,3.473456144,0.07850159044,20.80980301,0.1042822902,0.4945007861,-0.4745533543,0.5772558451,-0.186960515,0.0597409457,-1.102314797,13.58913136,-0.03312420942,8.447154999,-0.5044354705,5.473073006,-0.7958656365,-3.951641321,-1.109072574,45,2.054325016,14,-0.8705774296,1170.285767,2.081627985
afmv2_162f120f042e,afmv2_162f120f042e,6084,6084,train,reports/afm_prior_v2/20260703_052537/data/standardized_tensors/afmv2_162f120f042e.npy,data/plane_corrected_afm/6084/N6084_1um_004/N6084_1um_004_plane_corrected.npy,data/plane_corrected_afm/6084/N6084_1um_004/N6084_1um_004_plane_corrected.npy,physical_height,1,1.399419546,-0.9307318507,1.101882219,-0.9509101979,6.652155876,-0.944346827,0.3970929682,-0.6262271023,0.3436760902,-0.6774794998,0.1134594232,-0.6075516802,12.61606121,-0.9352075593,8.117371559,-0.8410772009,6.814198017,0.4785493848,-2.862938881,1.708771273,6,-0.6024361422,166,0.4977971293,98.6987915,-0.4868291661
afmv2_c7987e855376,afmv2_c7987e855376,6084,6084,train,reports/afm_prior_v2/20260703_052537/data/standardized_tensors/afmv2_c7987e855376.npy,data/plane_corrected_afm/6084/N6084_1um_005/N6084_1um_005_plane_corrected.npy,data/plane_corrected_afm/6084/N6084_1um_005/N6084_1um_005_plane_corrected.npy,physical_height,1,2.472767591,-0.5720029855,1.952695727,-0.5816037868,11.63384247,-0.5753630852,0.3824848235,-0.6489734496,0.350255698,-0.6636622812,0.1263558269,-0.4887719757,12.87323761,-0.6967925299,8.213603973,-0.7428435044,5.167373657,-1.086358946,-3.684068441,-0.4165246694,46,2.122447097,46,-0.5824985751,356.1739197,0.1303058396
afmv2_ad79db865454,afmv2_ad79db865454,6084,6084,train,reports/afm_prior_v2/20260703_052537/data/standardized_tensors/afmv2_ad79db865454.npy,data/plane_corrected_afm/6084/N6084_1um_006/N6084_1um_006_plane_corrected.npy,data/plane_corrected_afm/6084/N6084_1um_006/N6084_1um_006_plane_corrected.npy,physical_height,1,1.553037405,-0.8793904796,1.214340568,-0.902096223,7.394963741,-0.8893285074,0.3271614611,-0.735117477,0.2281508595,-0.920083226,0.3117941022,1.219169561,12.10731411,-1.406840862,7.112981796,-1.866354601,4.730479717,-1.501520989,-3.66763854,-0.3739998309,9,-0.3980698993,80,-0.2764147922,204.8000031,-0.2325181098
afmv2_ababa63b66bb,afmv2_ababa63b66bb,6085,6085,train,reports/afm_prior_v2/20260703_052537/data/standardized_tensors/afmv2_ababa63b66bb.npy,data/plane_corrected_afm/6085/N6085_1um_000/N6085_1um_000_plane_corrected.npy,data/plane_corrected_afm/6085/N6085_1um_000/N6085_1um_000_plane_corrected.npy,physical_height,3,3.793199778,-0.1306949287,3.076049566,-0.09399778301,16.73478127,-0.1975465667,0.4586654305,-0.5303525993,0.3399399221,-0.6853254768,0.255797714,0.703426211,13.06092167,-0.5228002791,8.396795273,-0.5558424947,4.922307968,-1.319234623,-3.949700356,-1.104048854,34,1.304982125,22,-0.798557716,744.7272949,1.061618666
afmv2_26dacd365a64,afmv2_26dacd365a64,6085,6085,train,reports/afm_prior_v2/20260703_052537/data/standardized_tensors/afmv2_26dacd365a64.npy,data/plane_corrected_afm/6085/N6085_1um_001/N6085_1um_001_plane_corrected.npy,data/plane_corrected_afm/6085/N6085_1um_001/N6085_1um_001_plane_corrected.npy,physical_height,1,2.119976997,-0.689910844,1.670231223,-0.704211093,10.3790102,-0.6683060469,0.423758477,-0.584706229,0.2965501845,-0.7764442044,0.2423369884,0.5794489343,12.71788979,-0.8408075137,8.000025749,-0.960863375,4.872801304,-1.366278736,-3.723093033,-0.5175304193,10,-0.3299478183,76,-0.312424649,215.578949,-0.2066823528
afmv2_7f8805e92f19,afmv2_7f8805e92f19,6085,6085,train,reports/afm_prior_v2/20260703_052537/data/standardized_tensors/afmv2_7f8805e92f19.npy,data/plane_corrected_afm/6085/N6085_1um_002/N6085_1um_002_plane_corrected.npy,data/plane_corrected_afm/6085/N6085_1um_002/N6085_1um_002_plane_corrected.npy,physical_height,3,3.094774723,-0.3641189597,2.44879365,-0.3662661814,14.34710884,-0.3743967741,0.4818538725,-0.494245868,0.3334023058,-0.699054513,0.2200424075,0.3741092292,13.02886677,-0.5525167303,8.233408928,-0.7226266787,4.967110634,-1.276660523,-3.917683601,-1.021181201,14,-0.05745949439,38,-0.6545182887,431.1578979,0.3100328608
afmv2_c0026afb0f56,afmv2_c0026afb0f56,6085,6085,train,reports/afm_prior_v2/20260703_052537/data/standardized_tensors/afmv2_c0026afb0f56.npy,data/plane_corrected_afm/6085/N6085_1um_003/N6085_1um_003_plane_corrected.npy,data/plane_corrected_afm/6085/N6085_1um_003/N6085_1um_003_plane_corrected.npy,physical_height,3,3.156549931,-0.3434727673,2.485030651,-0.3505370508,15.18309689,-0.3124767811,0.5120501518,-0.4472272307,0.3567948043,-0.649930116,0.3535256982,1.603529942,13.09302902,-0.4930352043,8.264462471,-0.6909273355,4.947952747,-1.294865462,-3.946365356,-1.09541701,13,-0.1255815754,44,-0.6005035035,372.3636475,0.1691105499
afmv2_d842f99534ef,afmv2_d842f99534ef,6087,6087,train,reports/afm_prior_v2/20260703_052537/data/standardized_tensors/afmv2_d842f99534ef.npy,data/plane_corrected_afm/6087/N87_Ctr_000/N87_Ctr_000_plane_corrected.npy,data/plane_corrected_afm/6087/N87_Ctr_000/N87_Ctr_000_plane_corrected.npy,physical_height,0,7.426691055,1.083671845,5.992184162,1.171787482,29.59836769,0.755234015,1.770925164,1.5129675,1.684206724,2.137643437,0.1587564498,-0.1903526252,15.42216015,1.66618262,11.05162144,2.154194355,9.084968567,2.63636769,-3.027738571,1.282226998,7,-0.5343140612,97,-0.1233729007,168.9072113,-0.3185485487
afmv2_fdd58e8b79c6,afmv2_fdd58e8b79c6,6087,6087,train,reports/afm_prior_v2/20260703_052537/data/standardized_tensors/afmv2_fdd58e8b79c6.npy,data/plane_corrected_afm/6087/N87_Ctr_001/N87_Ctr_001_plane_corrected.npy,data/plane_corrected_afm/6087/N87_Ctr_001/N87_Ctr_001_plane_corrected.npy,physical_height,0,7.28965044,1.037870835,5.793811798,1.085681438,30.67328072,0.834850712,1.755782485,1.489388829,1.596435905,1.953324154,0.1010562256,-0.7217888102,15.30599499,1.558491867,10.88581562,1.98494038,8.748737335,2.316861209,-3.08224678,1.141145638,7,-0.5343140612,108,-0.0243457945,151.7037048,-0.3597831571
afmv2_eed2482bdedd,afmv2_eed2482bdedd,6088,6088,train,reports/afm_prior_v2/20260703_052537/data/standardized_tensors/afmv2_eed2482bdedd.npy,data/plane_corrected_afm/6088/N88_Ctr_000/N88_Ctr_000_plane_corrected.npy,data/plane_corrected_afm/6088/N88_Ctr_000/N88_Ctr_000_plane_corrected.npy,physical_height,1,1.832319617,-0.7860502146,1.370948195,-0.8341186931,9.395983696,-0.7411168894,0.3175281584,-0.750117496,0.2991038859,-0.771081415,0.08596479148,-0.8607853962,13.57249641,-0.04854561704,8.667856216,-0.2791444746,6.736773014,0.4049756418,-3.334140301,0.4891799748,10,-0.3299478183,402,2.622378681,163.0248718,-0.3326477653
afmv2_156a052dffdc,afmv2_156a052dffdc,6088,6088,train,reports/afm_prior_v2/20260703_052537/data/standardized_tensors/afmv2_156a052dffdc.npy,data/plane_corrected_afm/6088/N88_Ctr_001/N88_Ctr_001_plane_corrected.npy,data/plane_corrected_afm/6088/N88_Ctr_001/N88_Ctr_001_plane_corrected.npy,physical_height,3,3.987057686,-0.06590473534,3.087489367,-0.08903219206,20.25159454,0.06293688512,0.3173484802,-0.750397273,0.2990266681,-0.7712435729,0.1716001332,-0.07205849029,14.25575638,0.5848696024,9.871751785,0.949787723,6.842537403,0.5054791183,-3.598331928,-0.1946163713,99,5.732917388,110,-0.006340866091,595.7817993,0.7046153319
afmv2_606c172be78e,afmv2_606c172be78e,6088,6088,train,reports/afm_prior_v2/20260703_052537/data/standardized_tensors/afmv2_606c172be78e.npy,data/plane_corrected_afm/6088/N88_Ctr_002/N88_Ctr_002_plane_corrected.npy,data/plane_corrected_afm/6088/N88_Ctr_002/N88_Ctr_002_plane_corrected.npy,physical_height,1,1.751564145,-0.8130398933,1.30550921,-0.8625233158,8.866008759,-0.7803710921,0.3129686713,-0.757217075,0.2905808985,-0.7889797433,0.09676417708,-0.7613198506,13.56474781,-0.05572894606,8.69610405,-0.2503091889,6.705069065,0.3748487047,-3.338717699,0.4773324834,10,-0.3299478183,465,3.189533926,140.9354858,-0.385593203
afmv2_c298a87f9ac7,afmv2_c298a87f9ac7,6090,6090,train,reports/afm_prior_v2/20260703_052537/data/standardized_tensors/afmv2_c298a87f9ac7.npy,data/plane_corrected_afm/6090/N6090_1um_000/N6090_1um_000_plane_corrected.npy,data/plane_corrected_afm/6090/N6090_1um_000/N6090_1um_000_plane_corrected.npy,physical_height,1,2.478907347,-0.5699509878,1.926407099,-0.5930146998,12.49911499,-0.511274049,0.4355817735,-0.5662961698,0.3094703555,-0.7493117623,0.3202655017,1.297193664,12.57167721,-0.9763536857,7.846178055,-1.117910539,4.052335739,-2.145932856,-3.947041512,-1.097167077,10,-0.3299478183,49,-0.5554911825,334.3673401,0.07803825274
afmv2_dba1ae57a43d,afmv2_dba1ae57a43d,6090,6090,train,reports/afm_prior_v2/20260703_052537/data/standardized_tensors/afmv2_dba1ae57a43d.npy,data/plane_corrected_afm/6090/N6090_1um_001/N6090_1um_001_plane_corrected.npy,data/plane_corrected_afm/6090/N6090_1um_001/N6090_1um_001_plane_corrected.npy,physical_height,3,4.685108185,0.1673941135,3.769524097,0.2070136464,20.51525688,0.08246583681,0.4984125197,-0.4684623925,0.3375355005,-0.6903747776,0.1444103867,-0.322484123,13.10972786,-0.4775545675,8.449551582,-0.5019890473,5.40959692,-0.8561843069,-3.845478296,-0.834295173,48,2.258691259,26,-0.7625478592,630.1538696,0.7870007955
afmv2_858bfac1013f,afmv2_858bfac1013f,6090,6090,train,reports/afm_prior_v2/20260703_052537/data/standardized_tensors/afmv2_858bfac1013f.npy,data/plane_corrected_afm/6090/N6090_1um_002/N6090_1um_002_plane_corrected.npy,data/plane_corrected_afm/6090/N6090_1um_002/N6090_1um_002_plane_corrected.npy,physical_height,3,4.896469116,0.2380340772,3.988873243,0.3022249296,21.05255699,0.1222626007,0.4982076585,-0.468781382,0.3404451013,-0.6842645973,0.04821326584,-1.208488149,13.29859734,-0.3024633748,8.866171837,-0.07670461337,5.752391338,-0.5304411048,-3.731057167,-0.5381436605,54,2.667423745,30,-0.7265380023,546.1333618,0.5856143667
afmv2_ed15ac0d2ac5,afmv2_ed15ac0d2ac5,6093,6093,train,reports/afm_prior_v2/20260703_052537/data/standardized_tensors/afmv2_ed15ac0d2ac5.npy,data/plane_corrected_afm/6093/N6093_1um_000/N6093_1um_000_plane_corrected.npy,data/plane_corrected_afm/6093/N6093_1um_000/N6093_1um_000_plane_corrected.npy,physical_height,0,7.464062691,1.096162001,5.805197239,1.090623433,34.13291168,1.091098782,1.376425505,0.8986919401,1.172135115,1.062289771,0.2559809983,0.7051143137,14.9599371,1.237679374,9.952698708,1.032418046,5.799983025,-0.4852167146,-4.25551033,-1.895564259,9,-0.3980698993,50,-0.5464887183,327.6799927,0.06200953492
afmv2_20a7bc5e55e5,afmv2_20a7bc5e55e5,6093,6093,train,reports/afm_prior_v2/20260703_052537/data/standardized_tensors/afmv2_20a7bc5e55e5.npy,data/plane_corrected_afm/6093/N6093_1um_001/N6093_1um_001_plane_corrected.npy,data/plane_corrected_afm/6093/N6093_1um_001/N6093_1um_001_plane_corrected.npy,physical_height,0,7.117938519,0.9804821599,5.674995899,1.034107887,31.11752319,0.8677548792,1.414067626,0.9573045001,1.17283833,1.063766527,0.129119575,-0.4633170356,14.92033577,1.200967016,10.00765991,1.08852224,6.084501743,-0.2148504735,-4.062776089,-1.396718133,8,-0.4661919802,65,-0.4114517552,252.0615387,-0.1192382437
afmv2_b008b414ea15,afmv2_b008b414ea15,6093,6093,train,reports/afm_prior_v2/20260703_052537/data/standardized_tensors/afmv2_b008b414ea15.npy,data/plane_corrected_afm/6093/N6093_1um_002/N6093_1um_002_plane_corrected.npy,data/plane_corrected_afm/6093/N6093_1um_002/N6093_1um_002_plane_corrected.npy,physical_height,0,7.007249832,0.943488356,5.477526188,0.9483936508,32.69696426,0.9847409772,1.340240359,0.8423480363,1.156280994,1.028996015,0.2197782099,0.3716758909,14.93398476,1.213620293,9.946266174,1.025851739,6.331213951,0.01958982194,-4.034115791,-1.32253786,9,-0.3980698993,54,-0.5104788615,303.4074097,0.003831252797
afmv2_57ed3b3d5ff4,afmv2_57ed3b3d5ff4,6093,6093,train,reports/afm_prior_v2/20260703_052537/data/standardized_tensors/afmv2_57ed3b3d5ff4.npy,data/plane_corrected_afm/6093/N6093_1um_003/N6093_1um_003_plane_corrected.npy,data/plane_corrected_afm/6093/N6093_1um_003/N6093_1um_003_plane_corrected.npy,physical_height,3,5.357645988,0.3921662403,4.266124725,0.4225694573,24.52589035,0.3795255809,1.141272306,0.53253481,0.8325327635,0.3491226524,0.1219365671,-0.5294746696,14.3654747,0.6865838207,9.472042084,0.5417655208,5.353190422,-0.9097850434,-4.059238434,-1.387561766,8,-0.4661919802,74,-0.3304295774,221.4054108,-0.1927170679
afmv2_2bab49f8c0b9,afmv2_2bab49f8c0b9,6095,6095,train,reports/afm_prior_v2/20260703_052537/data/standardized_tensors/afmv2_2bab49f8c0b9.npy,data/plane_corrected_afm/6095/N6095_100_nm_001/N6095_100_nm_001_plane_corrected.npy,data/plane_corrected_afm/6095/N6095_100_nm_001/N6095_100_nm_001_plane_corrected.npy,physical_height,0,9.867135048,1.899304489,8.314344406,2.179750635,36.88086319,1.294634154,1.745893836,1.47399121,1.5703789,1.898604276,0.1329201013,-0.4283130608,15.46429443,1.705243147,10.64684868,1.741003801,7.965972424,1.573032444,-3.659953833,-0.3541098191,9,-0.3980698993,52,-0.5284837899,315.0769348,0.0318016144
afmv2_e1baeb01b2c9,afmv2_e1baeb01b2c9,6095,6095,train,reports/afm_prior_v2/20260703_052537/data/standardized_tensors/afmv2_e1baeb01b2c9.npy,data/plane_corrected_afm/6095/N6095_1um/N6095_1um_plane_corrected.npy,data/plane_corrected_afm/6095/N6095_1um/N6095_1um_plane_corrected.npy,physical_height,0,8.617266655,1.481579901,7.078791142,1.643443045,34.57570267,1.123895441,1.772754192,1.51581548,1.40620172,1.553831144,0.06592261046,-1.04537983,15.21404648,1.473251127,10.37033176,1.45873634,7.852087975,1.464812814,-3.480080605,0.1114486752,8,-0.4661919802,73,-0.3394320416,224.4383545,-0.1854474891
afmv2_b928fd099e62,afmv2_b928fd099e62,6095,6095,train,reports/afm_prior_v2/20260703_052537/data/standardized_tensors/afmv2_b928fd099e62.npy,data/plane_corrected_afm/6095/N6095_1um_003/N6095_1um_003_plane_corrected.npy,data/plane_corrected_afm/6095/N6095_1um_003/N6095_1um_003_plane_corrected.npy,physical_height,0,8.149551392,1.32526251,6.690817356,1.475038095,33.42092514,1.038363338,1.762875915,1.500434011,1.411392093,1.56473096,0.266464144,0.8016671961,15.25382042,1.510123504,10.3714304,1.459857827,7.707023621,1.326964224,-3.544637203,-0.05564051813,8,-0.4661919802,80,-0.2764147922,204.7875061,-0.2325480635
afmv2_842c2c47f61e,afmv2_842c2c47f61e,6095,6095,train,reports/afm_prior_v2/20260703_052537/data/standardized_tensors/afmv2_842c2c47f61e.npy,data/plane_corrected_afm/6095/N6095_1um_005/N6095_1um_005_plane_corrected.npy,data/plane_corrected_afm/6095/N6095_1um_005/N6095_1um_005_plane_corrected.npy,physical_height,2,20.10235405,5.320066762,13.18889332,4.295610512,98.4913559,5.858002344,1.931791902,1.763453155,1.569398165,1.896544726,0.1295625418,-0.45923718,15.60117817,1.83214103,10.47591019,1.566510415,7.987209797,1.593213432,-3.939377069,-1.077329514,33,1.236860044,22,-0.798557716,744.7272949,1.061618666
afmv2_fb918a95fb2f,afmv2_fb918a95fb2f,6095,6095,train,reports/afm_prior_v2/20260703_052537/data/standardized_tensors/afmv2_fb918a95fb2f.npy,data/plane_corrected_afm/6095/N6095_1um_006/N6095_1um_006_plane_corrected.npy,data/plane_corrected_afm/6095/N6095_1um_006/N6095_1um_006_plane_corrected.npy,physical_height,2,12.21884155,2.685279746,9.592104912,2.734378814,57.45241547,2.818328628,1.752964497,1.485000939,1.630635619,2.025143773,0.09332878143,-0.7929608638,15.58738518,1.819354258,10.64174652,1.735795535,7.6427598,1.265897002,-3.910540104,-1.002691981,12,-0.1937036563,45,-0.5915010393,364.0888977,0.1492770312
afmv2_c5238dd61b30,afmv2_c5238dd61b30,6097,6097,train,reports/afm_prior_v2/20260703_052537/data/standardized_tensors/afmv2_c5238dd61b30.npy,data/plane_corrected_afm/6097/N6097_1um_000/N6097_1um_000_plane_corrected.npy,data/plane_corrected_afm/6097/N6097_1um_000/N6097_1um_000_plane_corrected.npy,physical_height,0,8.890719414,1.572971876,7.477584839,1.816544515,35.14889526,1.166350691,1.798641562,1.556124713,1.361486673,1.459929258,0.1937003583,0.1314911402,15.23768044,1.495160957,10.40035915,1.48938819,7.678361416,1.299727729,-3.600949049,-0.2013901582,8,-0.4661919802,70,-0.3664394342,234.0571442,-0.1623924784
afmv2_a77c91932c55,afmv2_a77c91932c55,6097,6097,train,reports/afm_prior_v2/20260703_052537/data/standardized_tensors/afmv2_a77c91932c55.npy,data/plane_corrected_afm/6097/N6097_2um_002/N6097_2um_002_plane_corrected.npy,data/plane_corrected_afm/6097/N6097_2um_002/N6097_2um_002_plane_corrected.npy,physical_height,0,9.694090843,1.841470545,8.232851028,2.144377399,37.92456055,1.371938767,1.905872226,1.723093618,1.439682961,1.624141965,0.2075564265,0.2591096395,15.38983631,1.636216848,10.57497883,1.667639321,8.188357353,1.784355544,-3.512363195,0.02789297229,9,-0.3980698993,76,-0.312424649,215.578949,-0.2066823528
afmv2_e49cd22a41ac,afmv2_e49cd22a41ac,6097,6097,train,reports/afm_prior_v2/20260703_052537/data/standardized_tensors/afmv2_e49cd22a41ac.npy,data/plane_corrected_afm/6097/N6097_2um_003/N6097_2um_003_plane_corrected.npy,data/plane_corrected_afm/6097/N6097_2um_003/N6097_2um_003_plane_corrected.npy,physical_height,0,10.04076004,1.957332541,8.850180626,2.412337153,34.56719208,1.123265079,1.745400906,1.473223669,1.59423089,1.948693608,0.3751283884,1.802497129,15.480793,1.720538123,10.76216412,1.858717381,7.247853756,0.890634301,-3.856535435,-0.8629139121,9,-0.3980698993,69,-0.3754418984,237.4492798,-0.1542619625
afmv2_6b6db3c8aeeb,afmv2_6b6db3c8aeeb,6097,6097,train,reports/afm_prior_v2/20260703_052537/data/standardized_tensors/afmv2_6b6db3c8aeeb.npy,data/plane_corrected_afm/6097/N6097_2um_005/N6097_2um_005_plane_corrected.npy,data/plane_corrected_afm/6097/N6097_2um_005/N6097_2um_005_plane_corrected.npy,physical_height,0,8.574290276,1.467216557,7.110120296,1.657041862,33.74217987,1.062158045,1.460613132,1.029780524,1.212347507,1.146736052,0.2647404969,0.7857918949,15.05163479,1.322687592,10.37112904,1.4595502,6.193210602,-0.1115489903,-4.11190176,-1.523868091,9,-0.3980698993,53,-0.5194813257,309.1320801,0.01755255677
afmv2_79f63463b280,afmv2_79f63463b280,6097,6097,train,reports/afm_prior_v2/20260703_052537/data/standardized_tensors/afmv2_79f63463b280.npy,data/plane_corrected_afm/6097/N6097_2um_008/N6097_2um_008_plane_corrected.npy,data/plane_corrected_afm/6097/N6097_2um_008/N6097_2um_008_plane_corrected.npy,physical_height,0,9.224106789,1.684394891,7.489807606,1.821849962,39.282341,1.472506898,1.546865582,1.164084245,1.189392209,1.098529779,0.3189080656,1.284691275,14.98915291,1.264763851,10.35800171,1.44614987,5.935156822,-0.3567667073,-4.192862511,-1.73341548,9,-0.3980698993,51,-0.5374862541,321.2549133,0.04660944001
afmv2_5ea4f4fca681,afmv2_5ea4f4fca681,6097,6097,train,reports/afm_prior_v2/20260703_052537/data/standardized_tensors/afmv2_5ea4f4fca681.npy,data/plane_corrected_afm/6097/N6097_2um_011/N6097_2um_011_plane_corrected.npy,data/plane_corrected_afm/6097/N6097_2um_011/N6097_2um_011_plane_corrected.npy,physical_height,0,8.947692871,1.592013252,7.574222565,1.858491348,33.6468811,1.055099452,2.828329086,3.159451524,2.065459251,2.938276191,0.2603667974,0.7455088248,14.71087265,1.006784517,9.994988441,1.075587251,6.454333305,0.136584996,-3.76633215,-0.6294444514,5,-0.6705582232,44,-0.6005035035,93.09091187,-0.5002705375
afmv2_050afb9e8b26,afmv2_050afb9e8b26,6097,6097,train,reports/afm_prior_v2/20260703_052537/data/standardized_tensors/afmv2_050afb9e8b26.npy,data/plane_corrected_afm/6097/N6097_2um_cs_001/N6097_2um_cs_001_plane_corrected.npy,data/plane_corrected_afm/6097/N6097_2um_cs_001/N6097_2um_cs_001_plane_corrected.npy,physical_height,0,10.35281563,2.061626156,8.912077904,2.439204452,39.30933762,1.474506485,3.771606207,4.628228666,2.767503262,4.412573121,0.0747981593,-0.9636333918,15.19351006,1.454212867,10.34617138,1.434073512,7.71510458,1.334643222,-3.398537874,0.3225023794,4,-0.7386803041,63,-0.4294566836,65.01587677,-0.5675628118
afmv2_aec547ed6bf8,afmv2_aec547ed6bf8,6101,6101,train,reports/afm_prior_v2/20260703_052537/data/standardized_tensors/afmv2_aec547ed6bf8.npy,data/plane_corrected_afm/6101/N6101_1um_002/N6101_1um_002_plane_corrected.npy,data/plane_corrected_afm/6101/N6101_1um_002/N6101_1um_002_plane_corrected.npy,physical_height,1,2.12704277,-0.6875493577,1.608908176,-0.7308291405,11.23027039,-0.6052548765,0.1169701591,-1.062406428,0.09106431156,-1.207965857,0.5393352509,3.314891054,11.5570879,-1.916927316,7.910438538,-1.052313673,5.130096436,-1.12178193,-3.223488331,0.7755759277,51,2.463057502,76,-0.312424649,215.578949,-0.2066823528
afmv2_b3b9b3394602,afmv2_b3b9b3394602,6101,6101,train,reports/afm_prior_v2/20260703_052537/data/standardized_tensors/afmv2_b3b9b3394602.npy,data/plane_corrected_afm/6101/N6101_5um_001/N6101_5um_001_plane_corrected.npy,data/plane_corrected_afm/6101/N6101_5um_001/N6101_5um_001_plane_corrected.npy,physical_height,1,0.7078356743,-1.161869457,0.5443351865,-1.19292057,3.240720987,-1.197025109,0.08132988214,-1.117901916,0.06144146249,-1.27017403,0.1191695556,-0.5549596666,9.823076248,-3.524440443,6.502383232,-2.489651384,4.915862083,-1.325359878,-2.748240471,2.00564046,27,0.8281275583,343,2.091233293,47.76676559,-0.6089067288
afmv2_06e9a8457ab9,afmv2_06e9a8457ab9,6058,6058,val,reports/afm_prior_v2/20260703_052537/data/standardized_tensors/afmv2_06e9a8457ab9.npy,data/plane_corrected_afm/6058/N58_Ctr_000/N58_Ctr_000_plane_corrected.npy,data/plane_corrected_afm/6058/N58_Ctr_000/N58_Ctr_000_plane_corrected.npy,physical_height,3,5.841896534,0.5540099682,4.556092739,0.5484337573,27.66728783,0.6122027225,1.131164074,0.5167952784,1.006361246,0.7141635816,0.1476658583,-0.2925002636,14.50712395,0.8178995639,9.412350655,0.4808327282,5.901864052,-0.3884034346,-3.952002764,-1.110008082,9,-0.3980698993,66,-0.402449291,248.2424316,-0.1283921558
afmv2_84343ccdd8fc,afmv2_84343ccdd8fc,6058,6058,val,reports/afm_prior_v2/20260703_052537/data/standardized_tensors/afmv2_84343ccdd8fc.npy,data/plane_corrected_afm/6058/N58_Ctr_001/N58_Ctr_001_plane_corrected.npy,data/plane_corrected_afm/6058/N58_Ctr_001/N58_Ctr_001_plane_corrected.npy,physical_height,3,5.760004044,0.5266402812,4.460754871,0.5070511446,27.0523243,0.5666535816,1.108705759,0.4818254281,1.032804728,0.7696950636,0.1138967648,-0.6035236343,14.5351038,0.8438382455,9.563612938,0.635240714,5.928481579,-0.3631099116,-3.925020695,-1.0401715,8,-0.4661919802,56,-0.4924739331,292.5714417,-0.02214117887
afmv2_f8cd660aff48,afmv2_f8cd660aff48,6058,6058,val,reports/afm_prior_v2/20260703_052537/data/standardized_tensors/afmv2_f8cd660aff48.npy,data/plane_corrected_afm/6058/N58_Ctr_002/N58_Ctr_002_plane_corrected.npy,data/plane_corrected_afm/6058/N58_Ctr_002/N58_Ctr_002_plane_corrected.npy,physical_height,3,5.251366138,0.3566459353,4.021779537,0.3165083245,26.14354134,0.4993418126,1.015148044,0.3361466767,0.9554505944,0.6072508864,0.1612762511,-0.1671445076,14.40908146,0.7270094078,9.462718964,0.532248514,5.798454285,-0.4866694123,-3.8892138,-0.9474939832,8,-0.4661919802,71,-0.35743697,230.7605591,-0.1702939719
afmv2_d2b2ab4fc8ed,afmv2_d2b2ab4fc8ed,6058,6058,val,reports/afm_prior_v2/20260703_052537/data/standardized_tensors/afmv2_d2b2ab4fc8ed.npy,data/plane_corrected_afm/6058/N58_Ctr_003/N58_Ctr_003_plane_corrected.npy,data/plane_corrected_afm/6058/N58_Ctr_003/N58_Ctr_003_plane_corrected.npy,physical_height,3,5.27471447,0.3644492948,4.035052299,0.3222695355,24.95493507,0.4113040807,0.5287046432,-0.4212945162,0.5027369857,-0.3434505982,0.09636362642,-0.765009041,14.62646294,0.9285326112,9.931092262,1.010362265,5.97720623,-0.3168089131,-4.02029705,-1.28677138,17,0.1469067485,74,-0.3304295774,885.6080933,1.399291951
afmv2_ba792589856c,afmv2_ba792589856c,6058,6058,val,reports/afm_prior_v2/20260703_052537/data/standardized_tensors/afmv2_ba792589856c.npy,data/plane_corrected_afm/6058/N58_edg_000/N58_edg_000_plane_corrected.npy,data/plane_corrected_afm/6058/N58_edg_000/N58_edg_000_plane_corrected.npy,physical_height,3,6.780267715,0.8676275598,5.272013664,0.8591883291,33.44758987,1.040338342,1.045325041,0.3831352895,1.060436487,0.8277219348,0.2071485221,0.255352719,14.72528076,1.020141536,9.743242264,0.8186056736,5.785950184,-0.4985515366,-4.185711384,-1.714906512,11,-0.2618257373,30,-0.7265380023,546.1333618,0.5856143667
afmv2_89d4826511a7,afmv2_89d4826511a7,6058,6058,val,reports/afm_prior_v2/20260703_052537/data/standardized_tensors/afmv2_89d4826511a7.npy,data/plane_corrected_afm/6058/N58_edg_001/N58_edg_001_plane_corrected.npy,data/plane_corrected_afm/6058/N58_edg_001/N58_edg_001_plane_corrected.npy,physical_height,3,7.461155891,1.095190505,5.68375206,1.03790861,38.45360184,1.411123817,0.5738551617,-0.3509906278,0.5797569752,-0.1817081258,0.1581800729,-0.1956612275,15.35902119,1.607649734,11.07345772,2.17648475,6.144528389,-0.1578096617,-4.185360432,-1.713998157,23,0.5556392344,56,-0.4924739331,1170.285767,2.081627985
afmv2_24dfe427bb29,afmv2_24dfe427bb29,6062,6062,val,reports/afm_prior_v2/20260703_052537/data/standardized_tensors/afmv2_24dfe427bb29.npy,data/plane_corrected_afm/6062/N62_Ctr_000/N62_Ctr_000_plane_corrected.npy,data/plane_corrected_afm/6062/N62_Ctr_000/N62_Ctr_000_plane_corrected.npy,physical_height,1,2.915708303,-0.423965618,2.186863899,-0.4799601171,14.70132542,-0.3481606477,0.7681446075,-0.04846246239,0.7098516226,0.09149146894,0.06811573356,-1.025180516,13.76820278,0.1328837052,8.710067749,-0.236055096,5.579609394,-0.6946285616,-3.58091855,-0.1495460396,6,-0.6024361422,129,0.1647059538,127.0077515,-0.4189762037
afmv2_e1e992ced190,afmv2_e1e992ced190,6062,6062,val,reports/afm_prior_v2/20260703_052537/data/standardized_tensors/afmv2_e1e992ced190.npy,data/plane_corrected_afm/6062/N62_Ctr_001/N62_Ctr_001_plane_corrected.npy,data/plane_corrected_afm/6062/N62_Ctr_001/N62_Ctr_001_plane_corrected.npy,physical_height,3,3.176725388,-0.3367298298,2.382550478,-0.3950198717,15.99367905,-0.2524385526,0.4245071709,-0.5835404375,0.3897042871,-0.5808199909,0.1480370462,-0.2890815129,14.09648609,0.4372182982,9.396174431,0.4643200979,5.94603014,-0.3464342479,-3.820478678,-0.7695896877,12,-0.1937036563,171,0.5428094503,383.2514648,0.1952072577
afmv2_2532cdccd95a,afmv2_2532cdccd95a,6062,6062,val,reports/afm_prior_v2/20260703_052537/data/standardized_tensors/afmv2_2532cdccd95a.npy,data/plane_corrected_afm/6062/N62_Ctr_002/N62_Ctr_002_plane_corrected.npy,data/plane_corrected_afm/6062/N62_Ctr_002/N62_Ctr_002_plane_corrected.npy,physical_height,3,3.19434762,-0.330840218,2.38207984,-0.3952241581,16.11175728,-0.24369273,0.4264661372,-0.5804901304,0.4028552771,-0.5532028274,0.08926922828,-0.8303505528,14.05903816,0.402502246,9.294317245,0.3603446546,6.032666683,-0.2641071636,-3.785613537,-0.6793496741,12,-0.1937036563,158,0.4257774157,414.7784729,0.2707734705
afmv2_252153a59adb,afmv2_252153a59adb,6062,6062,val,reports/afm_prior_v2/20260703_052537/data/standardized_tensors/afmv2_252153a59adb.npy,data/plane_corrected_afm/6062/N62_Ctr_003/N62_Ctr_003_plane_corrected.npy,data/plane_corrected_afm/6062/N62_Ctr_003/N62_Ctr_003_plane_corrected.npy,physical_height,1,3.008005619,-0.3931184836,2.273295164,-0.4424435286,15.1391468,-0.315732078,0.4026578367,-0.6175620436,0.3829135895,-0.5950804994,0.07739910483,-0.9396779118,13.89451313,0.2499795422,9.071895599,0.1332974511,5.884063244,-0.4053187981,-3.790156364,-0.6911076868,12,-0.1937036563,146,0.3177478452,448.876709,0.3525025885
afmv2_49ae30fb6667,afmv2_49ae30fb6667,6062,6062,val,reports/afm_prior_v2/20260703_052537/data/standardized_tensors/afmv2_49ae30fb6667.npy,data/plane_corrected_afm/6062/N62_Edg_000/N62_Edg_000_plane_corrected.npy,data/plane_corrected_afm/6062/N62_Edg_000/N62_Edg_000_plane_corrected.npy,physical_height,3,5.697843552,0.5058653211,4.275447845,0.426616276,29.68853188,0.7619122995,0.9454536438,0.2276255013,0.9679989815,0.6336025799,0.1549494117,-0.2254165757,14.60297012,0.9067536246,9.441411018,0.5104974406,5.736458778,-0.5455811504,-4.173809528,-1.684101427,11,-0.2618257373,40,-0.6365133603,409.6000061,0.2583613468
afmv2_f797828167ab,afmv2_f797828167ab,6062,6062,val,reports/afm_prior_v2/20260703_052537/data/standardized_tensors/afmv2_f797828167ab.npy,data/plane_corrected_afm/6062/N62_Edg_001/N62_Edg_001_plane_corrected.npy,data/plane_corrected_afm/6062/N62_Edg_001/N62_Edg_001_plane_corrected.npy,physical_height,1,2.571070194,-0.5391487949,1.920552611,-0.5955559146,12.98373032,-0.4753795434,0.3661493361,-0.6744094429,0.3454746902,-0.6737024283,0.04239833727,-1.262045366,13.79552174,0.1582097097,9.039554596,0.1002838735,5.844088554,-0.4433050746,-3.730400085,-0.5364429621,12,-0.1937036563,192,0.7318611986,341.3333435,0.09473487342
afmv2_50bef47f7d10,afmv2_50bef47f7d10,6068,6068,val,reports/afm_prior_v2/20260703_052537/data/standardized_tensors/afmv2_50bef47f7d10.npy,data/plane_corrected_afm/6068/Area_1_GRX_Non_ODS_100hr_Ox_900C_20min_009/Area_1_GRX_Non_ODS_100hr_Ox_900C_20min_009_plane_corrected.npy,data/plane_corrected_afm/6068/Area_1_GRX_Non_ODS_100hr_Ox_900C_20min_009/Area_1_GRX_Non_ODS_100hr_Ox_900C_20min_009_plane_corrected.npy,physical_height,0,11.03923798,2.291038705,9.71848774,2.789236886,37.65274429,1.351805871,2.753793478,3.043392102,2.037495136,2.87955137,0.08986477554,-0.8248653859,16.05932999,2.256870048,11.1968689,2.302462432,8.183713913,1.779943077,-3.715121984,-0.4968992803,6,-0.6024361422,119,0.07468131174,137.6806793,-0.3933945586
afmv2_ac9664a7114e,afmv2_ac9664a7114e,6068,6068,val,reports/afm_prior_v2/20260703_052537/data/standardized_tensors/afmv2_ac9664a7114e.npy,data/plane_corrected_afm/6068/N68_Ctr_001/N68_Ctr_001_plane_corrected.npy,data/plane_corrected_afm/6068/N68_Ctr_001/N68_Ctr_001_plane_corrected.npy,physical_height,0,9.810490608,1.880373076,8.527712822,2.272365906,36.52324677,1.268146208,2.541667223,2.713090235,1.620994091,2.004896502,0.1005898044,-0.7260846879,15.54815865,1.782989357,10.81287861,1.910486547,7.814674854,1.42926069,-3.588279724,-0.1685986642,6,-0.6024361422,115,0.03867145492,142.4695587,-0.3819162262
afmv2_8f738b97ddd8,afmv2_8f738b97ddd8,6068,6068,val,reports/afm_prior_v2/20260703_052537/data/standardized_tensors/afmv2_8f738b97ddd8.npy,data/plane_corrected_afm/6068/N68_Ctr_003/N68_Ctr_003_plane_corrected.npy,data/plane_corrected_afm/6068/N68_Ctr_003/N68_Ctr_003_plane_corrected.npy,physical_height,0,11.14494133,2.326366335,9.960235596,2.894170613,36.47912598,1.264878268,2.627342463,2.846495182,1.940657854,2.676192456,0.2222882211,0.3947938388,15.80090237,2.017295076,11.00478458,2.10638346,7.268317699,0.9100803304,-3.941784859,-1.083561498,7,-0.5343140612,101,-0.08736304392,162.2178192,-0.3345821674
afmv2_70d4ace1949e,afmv2_70d4ace1949e,6068,6068,val,reports/afm_prior_v2/20260703_052537/data/standardized_tensors/afmv2_70d4ace1949e.npy,data/plane_corrected_afm/6068/N68_Ctr_005/N68_Ctr_005_plane_corrected.npy,data/plane_corrected_afm/6068/N68_Ctr_005/N68_Ctr_005_plane_corrected.npy,physical_height,0,10.2050066,2.012226182,8.86954689,2.420743325,39.04310989,1.45478752,2.516185999,2.673413412,1.662748933,2.092581938,0.05659873411,-1.131255498,15.57760048,1.810283365,10.99765778,2.099108449,7.585945129,1.211908396,-3.598114252,-0.1940529694,7,-0.5343140612,109,-0.01534333029,150.3119202,-0.363119087
afmv2_21a48cb18e99,afmv2_21a48cb18e99,6078,6078,val,reports/afm_prior_v2/20260703_052537/data/standardized_tensors/afmv2_21a48cb18e99.npy,data/plane_corrected_afm/6078/N74_ctr_004/N74_ctr_004_plane_corrected.npy,data/plane_corrected_afm/6078/N74_ctr_004/N74_ctr_004_plane_corrected.npy,physical_height,3,2.606983185,-0.5271461397,1.965578437,-0.5760118829,13.57195187,-0.4318111284,0.2079638988,-0.9207200437,0.1989093274,-0.9814906311,0.3067095876,1.172339673,13.58019161,-0.04141179242,9.362760544,0.4302113241,5.886808395,-0.4027101959,-3.67270565,-0.3871148237,45,2.054325016,124,0.1196936328,528.5161133,0.5433880716
afmv2_ba2ddf17c264,afmv2_ba2ddf17c264,6078,6078,val,reports/afm_prior_v2/20260703_052537/data/standardized_tensors/afmv2_ba2ddf17c264.npy,data/plane_corrected_afm/6078/N78_1um_004/N78_1um_004_plane_corrected.npy,data/plane_corrected_afm/6078/N78_1um_004/N78_1um_004_plane_corrected.npy,physical_height,1,1.194659829,-0.9991655905,0.9414386153,-1.020552782,5.654220104,-1.01826197,0.3172970712,-0.750477322,0.252542913,-0.868859757,0.05195656419,-1.17401126,12.06046009,-1.450276817,7.717121601,-1.249650896,6.577590942,0.2537115747,-2.746952057,2.008975209,8,-0.4661919802,219,0.9749277321,74.81278229,-0.5440808802
afmv2_fc728060b880,afmv2_fc728060b880,6078,6078,val,reports/afm_prior_v2/20260703_052537/data/standardized_tensors/afmv2_fc728060b880.npy,data/plane_corrected_afm/6078/N78_1um_005/N78_1um_005_plane_corrected.npy,data/plane_corrected_afm/6078/N78_1um_005/N78_1um_005_plane_corrected.npy,physical_height,1,1.268263817,-0.9745660441,0.9935347438,-0.9979397958,6.24250412,-0.974688928,0.383449167,-0.64747187,0.3329207003,-0.7000658877,0.0825817287,-0.8919444082,12.48223972,-1.059266588,8.113322258,-0.8452107126,6.515813828,0.1950073663,-2.799635887,1.872615814,6,-0.6024361422,248,1.235999194,66.06451416,-0.5650493619
afmv2_073b4eb6d9c3,afmv2_073b4eb6d9c3,6078,6078,val,reports/afm_prior_v2/20260703_052537/data/standardized_tensors/afmv2_073b4eb6d9c3.npy,data/plane_corrected_afm/6078/N78_Ctr_000/N78_Ctr_000_plane_corrected.npy,data/plane_corrected_afm/6078/N78_Ctr_000/N78_Ctr_000_plane_corrected.npy,physical_height,1,1.638258457,-0.8509083378,1.266340494,-0.8795249945,8.147644043,-0.8335789557,0.4159995019,-0.5967877319,0.3701605797,-0.6218619019,0.16332376,-0.1482863431,12.56866264,-0.9791483387,7.235958099,-1.74082084,4.878969193,-1.360417649,-3.497708559,0.06582296525,6,-0.6024361422,127,0.1467010254,129.0078735,-0.4141821667
afmv2_b9f36dfe0ae3,afmv2_b9f36dfe0ae3,6078,6078,val,reports/afm_prior_v2/20260703_052537/data/standardized_tensors/afmv2_b9f36dfe0ae3.npy,data/plane_corrected_afm/6078/N78_Edg_000/N78_Edg_000_plane_corrected.npy,data/plane_corrected_afm/6078/N78_Edg_000/N78_Edg_000_plane_corrected.npy,physical_height,3,2.589802504,-0.5328881786,2.032412529,-0.5470016963,12.52330399,-0.5094824173,0.431289047,-0.5729803758,0.4012426436,-0.5565893681,0.1528404653,-0.2448405978,13.02195454,-0.5589247036,7.719452858,-1.247271157,4.952069283,-1.29095369,-3.874046803,-0.9082378673,40,1.713714611,39,-0.6455158245,420.1025696,0.2835346505
afmv2_414aefa68931,afmv2_414aefa68931,6094,6094,val,reports/afm_prior_v2/20260703_052537/data/standardized_tensors/afmv2_414aefa68931.npy,data/plane_corrected_afm/6094/N6081_1um_000/N6081_1um_000_plane_corrected.npy,data/plane_corrected_afm/6094/N6081_1um_000/N6081_1um_000_plane_corrected.npy,physical_height,1,1.127625465,-1.021569471,0.8900805712,-1.042845394,5.331799507,-1.04214303,0.3152540326,-0.7536585381,0.2301990986,-0.9157819107,0.1968813837,0.160789328,11.868083,-1.628619735,7.479398727,-1.492317537,7.042901993,0.6958772103,-2.566043854,2.477212487,7,-0.5343140612,254,1.290013979,64.50393677,-0.5687898666
afmv2_880cf334ebab,afmv2_880cf334ebab,6094,6094,val,reports/afm_prior_v2/20260703_052537/data/standardized_tensors/afmv2_880cf334ebab.npy,data/plane_corrected_afm/6094/N6094_150nm_002/N6094_150nm_002_plane_corrected.npy,data/plane_corrected_afm/6094/N6094_150nm_002/N6094_150nm_002_plane_corrected.npy,physical_height,3,4.12655735,-0.01928187484,3.202923775,-0.0389264209,19.7377243,0.0248755257,0.9540779591,0.2410544257,0.7647605538,0.206800577,0.09079804271,-0.8162697183,14.12646008,0.4650056446,9.080327988,0.141905203,5.922155857,-0.3691209808,-3.711992264,-0.4887987545,7,-0.5343140612,86,-0.222400007,190.5116272,-0.2667655224
afmv2_398599b34d45,afmv2_398599b34d45,6094,6094,val,reports/afm_prior_v2/20260703_052537/data/standardized_tensors/afmv2_398599b34d45.npy,data/plane_corrected_afm/6094/N6094_1_um_008/N6094_1_um_008_plane_corrected.npy,data/plane_corrected_afm/6094/N6094_1_um_008/N6094_1_um_008_plane_corrected.npy,physical_height,1,1.39084661,-0.9335970532,1.080825567,-0.9600501052,6.546729088,-0.9521555822,0.3078626394,-0.7651676791,0.2741758525,-0.8234304452,0.168042168,-0.1048284055,12.21358013,-1.308327093,7.255088329,-1.721292771,5.016358376,-1.229862453,-3.410003662,0.2928259509,8,-0.4661919802,101,-0.08736304392,162.2178192,-0.3345821674
afmv2_3eebc33de042,afmv2_3eebc33de042,6094,6094,val,reports/afm_prior_v2/20260703_052537/data/standardized_tensors/afmv2_3eebc33de042.npy,data/plane_corrected_afm/6094/N6094_1um_000/N6094_1um_000_plane_corrected.npy,data/plane_corrected_afm/6094/N6094_1um_000/N6094_1um_000_plane_corrected.npy,physical_height,3,4.153931141,-0.01013314715,3.155041218,-0.05971045302,20.60526085,0.08913225409,0.4946226776,-0.474363557,0.4560732841,-0.4414446711,0.16781573,-0.1069139666,14.30185699,0.6276071098,9.639235497,0.7124359459,7.553659916,1.181229108,-3.463168859,0.1552206533,14,-0.05745949439,126,0.1376985612,520.1190186,0.5232613078
afmv2_59402c6de171,afmv2_59402c6de171,6094,6094,val,reports/afm_prior_v2/20260703_052537/data/standardized_tensors/afmv2_59402c6de171.npy,data/plane_corrected_afm/6094/N6094_1um_005/N6094_1um_005_plane_corrected.npy,data/plane_corrected_afm/6094/N6094_1um_005/N6094_1um_005_plane_corrected.npy,physical_height,1,1.300152421,-0.9639083988,1.017017365,-0.9877468658,6.298623562,-0.9705322712,0.3056215048,-0.7686573506,0.267529428,-0.8373879793,0.222006321,0.3921974553,12.15872574,-1.35917978,7.152448177,-1.826067463,5.053323746,-1.194735807,-3.359511614,0.4235124466,8,-0.4661919802,133,0.2007158106,123.187973,-0.4281317251
afmv2_7253c5ae4119,afmv2_7253c5ae4119,6094,6094,val,reports/afm_prior_v2/20260703_052537/data/standardized_tensors/afmv2_7253c5ae4119.npy,data/plane_corrected_afm/6094/N6094_1um_Edge_005/N6094_1um_Edge_005_plane_corrected.npy,data/plane_corrected_afm/6094/N6094_1um_Edge_005/N6094_1um_Edge_005_plane_corrected.npy,physical_height,3,3.926283598,-0.08621633857,3.008805275,-0.1231860217,19.36293983,-0.002884023903,0.8004056811,0.001771266819,0.6720309258,0.01206776286,0.1003133506,-0.7286309094,13.96507263,0.3153916301,9.177667618,0.2412691416,5.85295248,-0.4348820563,-3.727377653,-0.5286201254,8,-0.4661919802,76,-0.312424649,215.578949,-0.2066823528
afmv2_04d5f811e638,afmv2_04d5f811e638,6094,6094,val,reports/afm_prior_v2/20260703_052537/data/standardized_tensors/afmv2_04d5f811e638.npy,data/plane_corrected_afm/6094/N6094_1um_edge/N6094_1um_edge_plane_corrected.npy,data/plane_corrected_afm/6094/N6094_1um_edge/N6094_1um_edge_plane_corrected.npy,physical_height,3,4.058175087,-0.04213624321,3.079812527,-0.09236442198,20.35012627,0.07023493685,0.8088430166,0.01490904494,0.6776968837,0.02396631083,0.2080834359,0.2639635525,13.89773941,0.2529704607,8.974207878,0.0335781825,7.266168118,0.9080376734,-3.327435255,0.5065343702,9,-0.3980698993,84,-0.2404049354,195.0476227,-0.2558933204
afmv2_ee2cd7454dfd,afmv2_ee2cd7454dfd,6094,6094,val,reports/afm_prior_v2/20260703_052537/data/standardized_tensors/afmv2_ee2cd7454dfd.npy,data/plane_corrected_afm/6094/N6094_1um_edge_002/N6094_1um_edge_002_plane_corrected.npy,data/plane_corrected_afm/6094/N6094_1um_edge_002/N6094_1um_edge_002_plane_corrected.npy,physical_height,3,4.12655735,-0.01928187484,3.202923775,-0.0389264209,19.7377243,0.0248755257,0.9540779591,0.2410544257,0.7647605538,0.206800577,0.09079804271,-0.8162697183,14.12646008,0.4650056446,9.080327988,0.141905203,5.922155857,-0.3691209808,-3.711992264,-0.4887987545,7,-0.5343140612,86,-0.222400007,190.5116272,-0.2667655224
afmv2_affc4ca923e4,afmv2_affc4ca923e4,6094,6094,val,reports/afm_prior_v2/20260703_052537/data/standardized_tensors/afmv2_affc4ca923e4.npy,data/plane_corrected_afm/6094/N6094_1um_edge_003/N6094_1um_edge_003_plane_corrected.npy,data/plane_corrected_afm/6094/N6094_1um_edge_003/N6094_1um_edge_003_plane_corrected.npy,physical_height,3,4.414046764,0.07680135903,3.395415783,0.0446271804,21.26407433,0.1379292746,0.9442587495,0.2257649309,0.7832103372,0.2455452405,0.0884103477,-0.8382610978,14.12884903,0.4672203174,8.874843597,-0.06785251245,5.769360542,-0.5143159798,-3.89023757,-0.950143765,8,-0.4661919802,72,-0.3484345058,227.5555573,-0.177975952
afmv2_070bba65e58a,afmv2_070bba65e58a,6094,6094,val,reports/afm_prior_v2/20260703_052537/data/standardized_tensors/afmv2_070bba65e58a.npy,data/plane_corrected_afm/6094/N6094_1um_edge_006/N6094_1um_edge_006_plane_corrected.npy,data/plane_corrected_afm/6094/N6094_1um_edge_006/N6094_1um_edge_006_plane_corrected.npy,physical_height,3,5.598615646,0.4727018805,4.382487774,0.4730783169,27.10088921,0.5702506891,0.8380481005,0.06038429149,0.7514584661,0.1788661074,0.2575525343,0.7195886266,14.28979397,0.6164241036,9.530146599,0.6010783974,7.35225296,0.9898404993,-3.533117294,-0.02582401043,14,-0.05745949439,42,-0.6185084319,390.0952454,0.2116109259
afmv2_5afeb1412332,afmv2_5afeb1412332,6023,6023,test,reports/afm_prior_v2/20260703_052537/data/standardized_tensors/afmv2_5afeb1412332.npy,data/plane_corrected_afm/6023/N6023_Ctr_000/N6023_Ctr_000_plane_corrected.npy,data/plane_corrected_afm/6023/N6023_Ctr_000/N6023_Ctr_000_plane_corrected.npy,physical_height,0,8.395533562,1.407473407,5.425800323,0.925941382,50.63382721,2.313289187,0.8047260642,0.008498536885,0.8266538382,0.3367768715,0.2168002129,0.344247655,14.45901775,0.7733027771,10.37177849,1.460213156,6.207304955,-0.09815571593,-3.835169792,-0.8076140952,15,0.01066258659,27,-0.753545395,606.8148193,0.731060072
afmv2_d1e97556fd64,afmv2_d1e97556fd64,6023,6023,test,reports/afm_prior_v2/20260703_052537/data/standardized_tensors/afmv2_d1e97556fd64.npy,data/plane_corrected_afm/6023/N6023_Ctr_002/N6023_Ctr_002_plane_corrected.npy,data/plane_corrected_afm/6023/N6023_Ctr_002/N6023_Ctr_002_plane_corrected.npy,physical_height,0,10.45164013,2.094654773,7.071166039,1.640133272,55.29087448,2.658227532,0.828549087,0.04559337419,1.07611835,0.8606539478,0.4695303738,2.671967424,15.16270065,1.425651046,11.16567898,2.270623876,6.425637722,0.1093167834,-3.978624105,-1.178911006,16,0.07878466756,35,-0.6815256813,468.1142883,0.3986126097
afmv2_452bfe1ab79e,afmv2_452bfe1ab79e,6023,6023,test,reports/afm_prior_v2/20260703_052537/data/standardized_tensors/afmv2_452bfe1ab79e.npy,data/plane_corrected_afm/6023/N6023_Ctr_004/N6023_Ctr_004_plane_corrected.npy,data/plane_corrected_afm/6023/N6023_Ctr_004/N6023_Ctr_004_plane_corrected.npy,physical_height,2,10.28980446,2.040566887,7.278920174,1.730311594,55.20772552,2.652068852,0.7733402252,-0.04037236422,0.9016093612,0.494183951,0.08106280118,-0.9059341813,14.33349228,0.656934562,10.00636673,1.087202167,6.562877655,0.2397301533,-3.852440596,-0.8523154084,19,0.2831509105,17,-0.843570037,963.7647095,1.586623381
afmv2_71f6caf06442,afmv2_71f6caf06442,6028,6028,test,reports/afm_prior_v2/20260703_052537/data/standardized_tensors/afmv2_71f6caf06442.npy,data/plane_corrected_afm/6028/N6028_1um_003/N6028_1um_003_plane_corrected.npy,data/plane_corrected_afm/6028/N6028_1um_003/N6028_1um_003_plane_corrected.npy,physical_height,3,6.202368736,0.6744851342,4.842485905,0.672746349,30.5542202,0.8260321331,1.051611185,0.3929234466,0.9815840125,0.6621312322,0.1058655456,-0.6774935461,14.70058632,0.9972485891,9.699593544,0.7740492197,6.382279873,0.06811563239,-3.966100693,-1.146497173,10,-0.3299478183,37,-0.6635207529,442.8108215,0.3379634307
afmv2_591e6b53adec,afmv2_591e6b53adec,6028,6028,test,reports/afm_prior_v2/20260703_052537/data/standardized_tensors/afmv2_591e6b53adec.npy,data/plane_corrected_afm/6028/N6028_1um_004/N6028_1um_004_plane_corrected.npy,data/plane_corrected_afm/6028/N6028_1um_004/N6028_1um_004_plane_corrected.npy,physical_height,3,6.072564602,0.6311026639,4.71369648,0.6168436631,31.7080822,0.9114964252,1.036756992,0.3697939773,0.9934601784,0.6870712568,0.07430294901,-0.9681944255,14.63207722,0.9337373217,9.659878731,0.7335084837,7.098858356,0.7490502024,-3.710999966,-0.4862304303,10,-0.3299478183,40,-0.6365133603,409.6000061,0.2583613468
afmv2_2ebd99306a7c,afmv2_2ebd99306a7c,6028,6028,test,reports/afm_prior_v2/20260703_052537/data/standardized_tensors/afmv2_2ebd99306a7c.npy,data/plane_corrected_afm/6028/N6028_500_nm_006/N6028_500_nm_006_plane_corrected.npy,data/plane_corrected_afm/6028/N6028_500_nm_006/N6028_500_nm_006_plane_corrected.npy,physical_height,1,2.319947004,-0.6230778964,1.810980201,-0.6431172111,11.30189705,-0.5999496305,0.5004560351,-0.465280434,0.4254820943,-0.5056863661,0.1476109177,-0.2930062828,13.11231613,-0.4751551154,8.009672165,-0.9510163488,5.430478096,-0.8363417984,-3.625305414,-0.2644307381,8,-0.4661919802,99,-0.1053679723,165.4949493,-0.326727305
afmv2_4736adbc1b93,afmv2_4736adbc1b93,6048,6048,test,reports/afm_prior_v2/20260703_052537/data/standardized_tensors/afmv2_4736adbc1b93.npy,data/plane_corrected_afm/6048/N6048_1um_026/N6048_1um_026_plane_corrected.npy,data/plane_corrected_afm/6048/N6048_1um_026/N6048_1um_026_plane_corrected.npy,physical_height,3,3.227337599,-0.3198144769,2.615104675,-0.2940767683,14.86874676,-0.3357600779,0.4208157659,-0.5892883255,0.345351994,-0.6739600911,0.1277230829,-0.4761791422,12.98213291,-0.5958412912,7.965315819,-0.9962951447,4.935637474,-1.306568151,-4.0297122,-1.311140226,49,2.32681334,36,-0.6725232171,455.1111145,0.3674456624
afmv2_e66b501502c9,afmv2_e66b501502c9,6048,6048,test,reports/afm_prior_v2/20260703_052537/data/standardized_tensors/afmv2_e66b501502c9.npy,data/plane_corrected_afm/6048/N6048_1um_027/N6048_1um_027_plane_corrected.npy,data/plane_corrected_afm/6048/N6048_1um_027/N6048_1um_027_plane_corrected.npy,physical_height,1,1.868148208,-0.7740757671,1.467842937,-0.7920602994,8.940859795,-0.7748270228,0.4010003507,-0.6201429156,0.3362239599,-0.6931290213,0.1851127148,0.05239639553,12.66497803,-0.8898592883,7.645261765,-1.323005154,4.874828339,-1.364352529,-3.638755798,-0.2992438151,8,-0.4661919802,76,-0.312424649,215.578949,-0.2066823528
afmv2_6f69dd93389f,afmv2_6f69dd93389f,6063,6063,test,reports/afm_prior_v2/20260703_052537/data/standardized_tensors/afmv2_6f69dd93389f.npy,data/plane_corrected_afm/6063/N63_Ctr_001/N63_Ctr_001_plane_corrected.npy,data/plane_corrected_afm/6063/N63_Ctr_001/N63_Ctr_001_plane_corrected.npy,physical_height,3,6.003848076,0.6081365799,4.627614021,0.5794784783,28.71865845,0.6900756794,1.051083326,0.3921015171,1.095742941,0.9018657149,0.1416203082,-0.3481815738,14.69855881,0.9953689887,9.724515915,0.799489885,5.981593132,-0.3126402236,-4.051423073,-1.367333588,9,-0.3980698993,52,-0.5284837899,315.0769348,0.0318016144
afmv2_969a4aa259ff,afmv2_969a4aa259ff,6063,6063,test,reports/afm_prior_v2/20260703_052537/data/standardized_tensors/afmv2_969a4aa259ff.npy,data/plane_corrected_afm/6063/N63_Ctr_002/N63_Ctr_002_plane_corrected.npy,data/plane_corrected_afm/6063/N63_Ctr_002/N63_Ctr_002_plane_corrected.npy,physical_height,3,6.156959534,0.6593087042,4.860370636,0.6805094437,29.92597198,0.7794990213,1.032948852,0.3638643212,1.093146324,0.8964128025,0.1879003346,0.078071201,14.73583031,1.029921482,9.815481186,0.8923469012,6.062501431,-0.2357564501,-4.05633831,-1.380055494,9,-0.3980698993,37,-0.6635207529,442.8108215,0.3379634307
afmv2_ca33a3a6c25e,afmv2_ca33a3a6c25e,6063,6063,test,reports/afm_prior_v2/20260703_052537/data/standardized_tensors/afmv2_ca33a3a6c25e.npy,data/plane_corrected_afm/6063/N63_Ctr_003/N63_Ctr_003_plane_corrected.npy,data/plane_corrected_afm/6063/N63_Ctr_003/N63_Ctr_003_plane_corrected.npy,physical_height,3,5.606348515,0.4752863203,4.315340996,0.443932405,27.3036747,0.5852706121,0.5109385848,-0.4489580521,0.5516402125,-0.2407535079,0.2740904689,0.8719079112,14.7611208,1.053366996,10.19109154,1.275768578,6.119335175,-0.1817497196,-4.054964066,-1.376498594,17,0.1469067485,99,-0.1053679723,661.9797974,0.8632834806
afmv2_812289c14cda,afmv2_812289c14cda,6063,6063,test,reports/afm_prior_v2/20260703_052537/data/standardized_tensors/afmv2_812289c14cda.npy,data/plane_corrected_afm/6063/N63_Ctr_004/N63_Ctr_004_plane_corrected.npy,data/plane_corrected_afm/6063/N63_Ctr_004/N63_Ctr_004_plane_corrected.npy,physical_height,3,5.709474564,0.5097525782,4.306452751,0.4400743493,27.02133751,0.5643584509,0.5278919935,-0.4225598934,0.5681092143,-0.2061684984,0.2305995822,0.4713439406,14.87893677,1.162588129,10.33701038,1.424721997,6.195608139,-0.1092707111,-4.038947582,-1.335043786,17,0.1469067485,85,-0.2314024712,771.0117798,1.12461922
afmv2_96f2797cc383,afmv2_96f2797cc383,6063,6063,test,reports/afm_prior_v2/20260703_052537/data/standardized_tensors/afmv2_96f2797cc383.npy,data/plane_corrected_afm/6063/N63_Edg_000/N63_Edg_000_plane_corrected.npy,data/plane_corrected_afm/6063/N63_Edg_000/N63_Edg_000_plane_corrected.npy,physical_height,3,5.730515957,0.5167849243,4.466433048,0.5095158294,29.66212845,0.7599566493,0.9096114635,0.1718156295,0.9160107374,0.5244269335,0.09525278211,-0.7752402467,14.47572994,0.7887957899,9.427505493,0.4963027315,5.673935413,-0.6049944898,-4.140030861,-1.596673489,11,-0.2618257373,32,-0.7085330739,512,0.5038010569
afmv2_2b8aad145f0f,afmv2_2b8aad145f0f,6063,6063,test,reports/afm_prior_v2/20260703_052537/data/standardized_tensors/afmv2_2b8aad145f0f.npy,data/plane_corrected_afm/6063/N63_Edg_001/N63_Edg_001_plane_corrected.npy,data/plane_corrected_afm/6063/N63_Edg_001/N63_Edg_001_plane_corrected.npy,physical_height,3,6.17753315,0.6661847123,4.633197308,0.5819019749,30.57564163,0.8276187763,0.9747298956,0.2732115634,1.117819309,0.9482262294,0.1104794741,-0.6349978956,14.94671535,1.225422169,10.40677071,1.495933087,6.236895084,-0.07003745359,-3.98645854,-1.199188553,9,-0.3980698993,38,-0.6545182887,431.1578979,0.3100328608
afmv2_24c3885c93f7,afmv2_24c3885c93f7,6065,6065,test,reports/afm_prior_v2/20260703_052537/data/standardized_tensors/afmv2_24c3885c93f7.npy,data/plane_corrected_afm/6065/N65_Ctr_000/N65_Ctr_000_plane_corrected.npy,data/plane_corrected_afm/6065/N65_Ctr_000/N65_Ctr_000_plane_corrected.npy,physical_height,3,4.734302521,0.1838355916,3.767776251,0.2062549716,21.99541092,0.1920979395,1.345387578,0.8503627729,0.7405772805,0.1560155478,0.1739638746,-0.05028773066,14.81038952,1.099041495,9.810415268,0.8871756306,6.164561749,-0.1387727974,-3.919757843,-1.026549876,7,-0.5343140612,175,0.5788193071,93.62285614,-0.4989955351
afmv2_485224cc5805,afmv2_485224cc5805,6065,6065,test,reports/afm_prior_v2/20260703_052537/data/standardized_tensors/afmv2_485224cc5805.npy,data/plane_corrected_afm/6065/N65_Edg_000/N65_Edg_000_plane_corrected.npy,data/plane_corrected_afm/6065/N65_Edg_000/N65_Edg_000_plane_corrected.npy,physical_height,3,6.927293777,0.9167658543,5.540840149,0.9758758799,31.19889259,0.8737817509,1.286678791,0.7589472997,0.7248679996,0.123025957,0.181229189,0.01662797064,14.86435032,1.149065781,9.722187996,0.7971135538,6.065428257,-0.2329752097,-4.084198475,-1.452164816,50,2.394935421,77,-0.3034221848,212.7792206,-0.2133929443
afmv2_02a0adb35817,afmv2_02a0adb35817,6065,6065,test,reports/afm_prior_v2/20260703_052537/data/standardized_tensors/afmv2_02a0adb35817.npy,data/plane_corrected_afm/6065/N65_Edg_001/N65_Edg_001_plane_corrected.npy,data/plane_corrected_afm/6065/N65_Edg_001/N65_Edg_001_plane_corrected.npy,physical_height,3,5.606737137,0.4754162035,4.452381134,0.5034164177,25.44371986,0.4475074101,1.343295932,0.8471058702,0.7534538507,0.1830564279,0.1742949933,-0.04723802918,14.93620968,1.215682902,10.0511322,1.132898595,6.227412224,-0.07904861894,-3.970103025,-1.156856245,28,0.8962496393,134,0.2097182748,122.2686539,-0.4303352156
afmv2_f97f7d2b06ae,afmv2_f97f7d2b06ae,6099,6099,test,reports/afm_prior_v2/20260703_052537/data/standardized_tensors/afmv2_f97f7d2b06ae.npy,data/plane_corrected_afm/6099/N6099_1um_000/N6099_1um_000_plane_corrected.npy,data/plane_corrected_afm/6099/N6099_1um_000/N6099_1um_000_plane_corrected.npy,physical_height,0,10.19850349,2.010052746,8.853694916,2.413862575,35.76488113,1.211975554,1.857943773,1.648464207,1.591913939,1.943827996,0.1591233909,-0.1869729888,15.49630356,1.734917167,10.54839706,1.640504747,7.323818207,0.9628201425,-3.878696442,-0.9202723371,9,-0.3980698993,70,-0.3664394342,234.0571442,-0.1623924784
afmv2_fa8648316f40,afmv2_fa8648316f40,6099,6099,test,reports/afm_prior_v2/20260703_052537/data/standardized_tensors/afmv2_fa8648316f40.npy,data/plane_corrected_afm/6099/N6099_1um_001/N6099_1um_001_plane_corrected.npy,data/plane_corrected_afm/6099/N6099_1um_001/N6099_1um_001_plane_corrected.npy,physical_height,0,10.18814182,2.006589722,8.921030998,2.443090657,35.51949692,1.193800428,1.899470806,1.713125965,1.642577291,2.05022136,0.06353975087,-1.067326674,15.61234665,1.842494754,10.69694042,1.792137266,7.2857728,0.926667183,-3.929907084,-1.05281874,9,-0.3980698993,62,-0.4384591478,264.2580566,-0.09000474767
afmv2_267e8c288c31,afmv2_267e8c288c31,6099,6099,test,reports/afm_prior_v2/20260703_052537/data/standardized_tensors/afmv2_267e8c288c31.npy,data/plane_corrected_afm/6099/N6099_1um_002/N6099_1um_002_plane_corrected.npy,data/plane_corrected_afm/6099/N6099_1um_002/N6099_1um_002_plane_corrected.npy,physical_height,2,13.65641117,3.165736873,10.72618198,3.226639371,73.46011353,4.003987384,1.985704541,1.847400544,1.71634233,2.205128416,0.05957126245,-1.10387763,15.83032608,2.044572286,11.03666782,2.138929755,7.91066885,1.52047977,-3.916468859,-1.018037134,12,-0.1937036563,57,-0.4834714689,287.4385986,-0.03444394838
afmv2_cd9c5efdc033,afmv2_cd9c5efdc033,6099,6099,test,reports/afm_prior_v2/20260703_052537/data/standardized_tensors/afmv2_cd9c5efdc033.npy,data/plane_corrected_afm/6099/N6099_1um_003/N6099_1um_003_plane_corrected.npy,data/plane_corrected_afm/6099/N6099_1um_003/N6099_1um_003_plane_corrected.npy,physical_height,0,10.32143688,2.051138912,9.148935318,2.542015422,34.17831039,1.094461376,0.9794083834,0.2804964384,0.8554902077,0.3973334326,0.0948015824,-0.7793959299,15.84696388,2.059996336,11.48624992,2.59786152,9.051381111,2.604450935,-3.465194702,0.149977247,17,0.1469067485,91,-0.177387686,720.1758423,1.002771969
afmv2_38a79c48d19d,afmv2_38a79c48d19d,6099,6099,test,reports/afm_prior_v2/20260703_052537/data/standardized_tensors/afmv2_38a79c48d19d.npy,data/plane_corrected_afm/6099/N6099_1um_004/N6099_1um_004_plane_corrected.npy,data/plane_corrected_afm/6099/N6099_1um_004/N6099_1um_004_plane_corrected.npy,physical_height,0,10.46141243,2.097920821,9.136377335,2.53656447,37.75395203,1.359302129,0.9602304101,0.2506344094,0.8538547754,0.3938990143,0.07259961218,-0.9838826631,15.83734322,2.051077516,11.37425232,2.483534779,8.296926498,1.887524263,-3.714233637,-0.4946000082,17,0.1469067485,80,-0.2764147922,819.2000122,1.24012026
