sample_id,growth_run_id,scan_id,second_order_afm_path,raw_afm_path,first_order_afm_path,scan_size_x_um,scan_size_y_um,resolution_x,resolution_y,height_unit,rq_nm,ra_nm,robust_height_range_nm,p99_minus_p1_nm,p95_minus_p5_nm,height_skewness,height_kurtosis,mean_absolute_gradient,rms_gradient,psd_low_fraction,psd_mid_fraction,psd_high_fraction,psd_slope,correlation_length_nm,directional_correlation_length_x_nm,directional_correlation_length_y_nm,anisotropy,source_hash,physical_rq,physical_ra,physical_robust_height_range,physical_p95_p5,physical_peak_to_valley,physical_skewness,physical_kurtosis,physical_mean_abs_gradient,physical_rms_gradient,physical_slope_q05,physical_slope_q50,physical_slope_q95,physical_autocorr_length_nm,physical_corr_length_x_nm,physical_corr_length_y_nm,physical_anisotropy_ratio,physical_gradient_orientation_entropy,physical_q01,physical_q05,physical_q25,physical_q50,physical_q75,physical_q95,physical_q99,physical_psd_low_fraction,physical_psd_mid_fraction,physical_psd_high_fraction,physical_psd_slope,unit_rq,unit_ra,unit_robust_height_range,unit_p95_p5,unit_peak_to_valley,unit_skewness,unit_kurtosis,unit_mean_abs_gradient,unit_rms_gradient,unit_slope_q05,unit_slope_q50,unit_slope_q95,unit_autocorr_length_nm,unit_corr_length_x_nm,unit_corr_length_y_nm,unit_anisotropy_ratio,unit_gradient_orientation_entropy,unit_q01,unit_q05,unit_q25,unit_q50,unit_q75,unit_q95,unit_q99,unit_psd_low_fraction,unit_psd_mid_fraction,unit_psd_high_fraction,unit_psd_slope,computed_rq_nm,centered_map_paths,unit_shape_paths,pyramid_paths
6022,6022,N6022_Ctr_000,data/afm_second_order/6022/N6022_Ctr_000/N6022_Ctr_000_height.npy,data/pair/6022/AFM/N6022 Ctr.000,data/plane_corrected_afm/6022/N6022_Ctr_000/N6022_Ctr_000_plane_corrected.npy,1.0,1.0,256,256,nm,1.6494020223617554,1.3025197562298647,7.541475772857666,7.541475772857666,5.313721656799316,-0.5434922089658589,3.318957971541109,59.15471734644831,92.94702927785548,0.9995396697099912,0.0004057931813409,5.453710866775631e-05,-3.612888699283716,54.90196078431372,43.13725490196078,78.4313725490196,1.818181818181818,a702e45eae8d4690cf9b586fcbc100a1ad44885814deb98841aff47e89f3550a,1.6494021341060698,1.3025197607700505,7.541475486755372,5.313721656799316,13.723841667175291,-0.5434922089658589,3.318957971541109,59.15471734644831,92.94702927785548,8.167910603940474,33.78624891243164,220.02850959907985,54.90196078431372,43.13725490196078,78.4313725490196,1.818181818181818,0.9950354836963278,-4.31779139120272,-2.973352349588187,-0.959793067762168,0.1858998618633432,1.1907357804090664,2.3403693072111293,3.223684095552652,0.9995396697201632,0.0004057931726338,5.4537107203091886e-05,-3.612888707698482,0.9999990127301532,0.7896912738022597,4.572243577241898,3.221601575613022,8.320486545562744,-0.5434921746143974,3.3189580640479748,35.86430384100138,56.35189612528069,4.952039420407939,20.483913478785844,133.3988224358078,54.90196078431372,43.13725490196078,78.4313725490196,1.818181818181818,0.9950354837321472,-2.617789331501482,-1.8026831482110004,-0.5819030587134341,0.1127072985711118,0.7219189073386213,1.4189184274020217,1.954454245740416,0.9995396697099912,0.0004057931813409,5.453710866775631e-05,-3.612888699283716,1.6494020223617554,"{""128"": ""outputs/rheed_video_afm_story/variants/afm_second_order_y2_v1/phase7a_reconstruction_first/afm_texture_dataset/physical_maps/6022__N6022_Ctr_000__centered_128.npy"", ""256"": ""outputs/rheed_video_afm_story/variants/afm_second_order_y2_v1/phase7a_reconstruction_first/afm_texture_dataset/physical_maps/6022__N6022_Ctr_000__centered_256.npy""}","{""128"": ""outputs/rheed_video_afm_story/variants/afm_second_order_y2_v1/phase7a_reconstruction_first/afm_texture_dataset/unit_shape_maps/6022__N6022_Ctr_000__unit_128.npy"", ""256"": ""outputs/rheed_video_afm_story/variants/afm_second_order_y2_v1/phase7a_reconstruction_first/afm_texture_dataset/unit_shape_maps/6022__N6022_Ctr_000__unit_256.npy""}","{""256"": ""outputs/rheed_video_afm_story/variants/afm_second_order_y2_v1/phase7a_reconstruction_first/afm_texture_dataset/multiscale_pyramids/6022__N6022_Ctr_000__laplacian_256.npz""}"
6022,6022,N6022_Ctr_001,data/afm_second_order/6022/N6022_Ctr_001/N6022_Ctr_001_height.npy,data/pair/6022/AFM/N6022 Ctr.001,data/plane_corrected_afm/6022/N6022_Ctr_001/N6022_Ctr_001_plane_corrected.npy,0.5,0.5,256,256,nm,0.8236469030380249,0.5725675258838061,4.5172200202941895,4.5172200202941895,2.8257851600646973,-0.6951408730540907,5.511920962377731,63.47612532361639,89.21057413613838,0.99916417553337,0.0006872221524145,0.0001486023142155,-3.171748096817669,25.49019607843137,23.52941176470588,29.41176470588235,1.25,9a714c3c8c955daf21f3e9587547808d18c67e1004e709272e2534594e642b43,0.8236469511346425,0.5725675258404438,4.517220145463944,2.8257851004600525,8.7320237159729,-0.6951408730540907,5.511920962377731,63.47612532361639,89.21057413613838,11.87853984761157,46.15955818419695,188.89368986441443,25.49019607843137,23.52941176470588,29.41176470588235,1.25,0.99648549930444,-2.543128218456157,-1.6197662077387651,-0.2974129192074616,0.0565957675213138,0.4293540768781821,1.2060188927212874,1.974091927007787,0.9991641755454558,0.0006872221397996,0.0001486023147444,-3.1717480975289107,0.9999990179812384,0.6951606666394881,5.4844077110290534,3.4308173954486847,10.601647853851318,-0.6951408627377931,5.511920983053494,77.06707689058393,108.3115605629544,14.421868096152238,56.04282706920583,229.3379548998489,25.49019607843137,23.52941176470588,29.41176470588235,1.25,0.9964854993351157,-3.087640453068179,-1.9665763384975616,-0.361092366961402,0.0687135525666054,0.5212836407743272,1.464241056951123,2.3967672579608745,0.99916417553337,0.0006872221524145,0.0001486023142155,-3.171748096817669,0.8236469030380249,"{""128"": ""outputs/rheed_video_afm_story/variants/afm_second_order_y2_v1/phase7a_reconstruction_first/afm_texture_dataset/physical_maps/6022__N6022_Ctr_001__centered_128.npy"", ""256"": ""outputs/rheed_video_afm_story/variants/afm_second_order_y2_v1/phase7a_reconstruction_first/afm_texture_dataset/physical_maps/6022__N6022_Ctr_001__centered_256.npy""}","{""128"": ""outputs/rheed_video_afm_story/variants/afm_second_order_y2_v1/phase7a_reconstruction_first/afm_texture_dataset/unit_shape_maps/6022__N6022_Ctr_001__unit_128.npy"", ""256"": ""outputs/rheed_video_afm_story/variants/afm_second_order_y2_v1/phase7a_reconstruction_first/afm_texture_dataset/unit_shape_maps/6022__N6022_Ctr_001__unit_256.npy""}","{""256"": ""outputs/rheed_video_afm_story/variants/afm_second_order_y2_v1/phase7a_reconstruction_first/afm_texture_dataset/multiscale_pyramids/6022__N6022_Ctr_001__laplacian_256.npz""}"
6022,6022,N6022_Ctr_002,data/afm_second_order/6022/N6022_Ctr_002/N6022_Ctr_002_height.npy,data/pair/6022/AFM/N6022 Ctr.002,data/plane_corrected_afm/6022/N6022_Ctr_002/N6022_Ctr_002_plane_corrected.npy,1.0,1.0,256,256,nm,1.8789509534835815,1.4351221726963537,8.429588317871094,8.429588317871094,6.226930618286133,-1.0014772085711396,5.169143933513469,68.60941629670012,107.14269214235986,0.9996661762145868,0.0002940336854078,3.979010000528905e-05,-3.73204976117915,50.98039215686274,43.13725490196078,58.8235294117647,1.3636363636363638,2df47320266cb2d4c6b8ec8e842a8561c06e44c09fd213810dbfeb9d03f6817f,1.8789509720101605,1.435122176895499,8.429588818550114,6.226930618286133,18.28890085220337,-1.0014772085711396,5.169143933513469,68.60941629670012,107.14269214235986,9.331590173127768,38.245366967172394,253.93457332405995,50.98039215686274,43.13725490196078,58.8235294117647,1.3636363636363638,0.9917135719189432,-5.045485263502457,-3.658907144701341,-1.004855185186723,0.2971802731992214,1.2628351157547444,2.568023473584792,3.3841035550476564,0.9996661762214112,0.0002940336787232,3.9790099865643936e-05,-3.732049753852164,0.9999990195209372,0.7637883031896457,4.486322873830797,3.3140431940555573,9.733560800552368,-1.0014772301564987,5.169144036713344,36.51470975789747,57.02255645918897,4.966378600592353,20.354618280410772,135.1468602542883,50.98039215686274,43.13725490196078,58.8235294117647,1.3636363636363638,0.9917135719735116,-2.685264574267319,-1.9473119365948948,-0.5347953128594669,0.158162714264938,0.6720952254753796,1.3667312574606625,1.8010582995634783,0.9996661762145868,0.0002940336854078,3.979010000528905e-05,-3.73204976117915,1.8789509534835815,"{""128"": ""outputs/rheed_video_afm_story/variants/afm_second_order_y2_v1/phase7a_reconstruction_first/afm_texture_dataset/physical_maps/6022__N6022_Ctr_002__centered_128.npy"", ""256"": ""outputs/rheed_video_afm_story/variants/afm_second_order_y2_v1/phase7a_reconstruction_first/afm_texture_dataset/physical_maps/6022__N6022_Ctr_002__centered_256.npy""}","{""128"": ""outputs/rheed_video_afm_story/variants/afm_second_order_y2_v1/phase7a_reconstruction_first/afm_texture_dataset/unit_shape_maps/6022__N6022_Ctr_002__unit_128.npy"", ""256"": ""outputs/rheed_video_afm_story/variants/afm_second_order_y2_v1/phase7a_reconstruction_first/afm_texture_dataset/unit_shape_maps/6022__N6022_Ctr_002__unit_256.npy""}","{""256"": ""outputs/rheed_video_afm_story/variants/afm_second_order_y2_v1/phase7a_reconstruction_first/afm_texture_dataset/multiscale_pyramids/6022__N6022_Ctr_002__laplacian_256.npz""}"
6022,6022,N6022_Ctr_003,data/afm_second_order/6022/N6022_Ctr_003/N6022_Ctr_003_height.npy,data/pair/6022/AFM/N6022 Ctr.003,data/plane_corrected_afm/6022/N6022_Ctr_003/N6022_Ctr_003_plane_corrected.npy,0.5,0.5,256,256,nm,2.484881639480591,1.767752547765415,12.94525146484375,12.94525146484375,7.536373615264893,-1.5188038228846616,7.078028168827723,89.8083226356567,141.79830848785952,0.9998567268654962,0.0001259401806064,1.733295389748381e-05,-3.6351041972047584,50.98039215686274,39.2156862745098,74.50980392156862,1.9,9705df322416eac3255fe589c32b7f2e396928660b8a77689865c082032a32b7,2.484881734449215,1.7677525566916072,12.94525158405304,7.536373853683472,21.34406805038452,-1.5188038228846616,7.078028168827723,89.8083226356567,141.79830848785952,14.01890903110993,50.60189816757452,335.0736247542258,50.98039215686274,39.2156862745098,74.50980392156862,1.9,0.9899227483165368,-8.260717083362486,-4.428388763812926,-0.8690209282912278,0.5606430129729247,1.305499102326486,3.107985089870546,4.684534500690555,0.9998567268659564,0.0001259401796749,1.733295436873239e-05,-3.63510418153887,0.999999048436523,0.7114024219793439,5.209599858522416,3.0328873693943024,8.589562892913818,-1.5188037675241408,7.07802802744928,36.14185581159272,57.06435509285676,5.641676225209213,20.36388853980749,134.84476968752796,50.98039215686274,39.2156862745098,74.50980392156862,1.9,0.9899227484511126,-3.3243872980301696,-1.7821308354561645,-0.3497229347651321,0.2256214042479675,0.5253762771660965,1.250756533938138,1.885212560492246,0.9998567268654962,0.0001259401806064,1.733295389748381e-05,-3.6351041972047584,2.484881639480591,"{""128"": ""outputs/rheed_video_afm_story/variants/afm_second_order_y2_v1/phase7a_reconstruction_first/afm_texture_dataset/physical_maps/6022__N6022_Ctr_003__centered_128.npy"", ""256"": ""outputs/rheed_video_afm_story/variants/afm_second_order_y2_v1/phase7a_reconstruction_first/afm_texture_dataset/physical_maps/6022__N6022_Ctr_003__centered_256.npy""}","{""128"": ""outputs/rheed_video_afm_story/variants/afm_second_order_y2_v1/phase7a_reconstruction_first/afm_texture_dataset/unit_shape_maps/6022__N6022_Ctr_003__unit_128.npy"", ""256"": ""outputs/rheed_video_afm_story/variants/afm_second_order_y2_v1/phase7a_reconstruction_first/afm_texture_dataset/unit_shape_maps/6022__N6022_Ctr_003__unit_256.npy""}","{""256"": ""outputs/rheed_video_afm_story/variants/afm_second_order_y2_v1/phase7a_reconstruction_first/afm_texture_dataset/multiscale_pyramids/6022__N6022_Ctr_003__laplacian_256.npz""}"
6022,6022,N6022_Ctr_004,data/afm_second_order/6022/N6022_Ctr_004/N6022_Ctr_004_height.npy,data/pair/6022/AFM/N6022 Ctr.004,data/plane_corrected_afm/6022/N6022_Ctr_004/N6022_Ctr_004_plane_corrected.npy,1.0,1.0,256,256,nm,1.3613553047180176,0.939911950497738,7.523115158081055,7.523115158081055,4.257963180541992,-1.2628403554670729,10.287417772734823,65.50256072773517,98.6882042116999,0.9990628050902332,0.0008353692185124,0.0001018256912542,-3.5501596430513005,35.29411764705882,31.37254901960784,39.2156862745098,1.25,ecc8f6f38c3a687237c02ec6552909fa41209ace547c1014c798202d82177e95,1.3613552454665558,0.9399119511547352,7.523115849494935,4.257963240146637,18.966548919677734,-1.2628403554670729,10.287417772734823,65.50256072773517,98.6882042116999,9.667103395341226,40.64630782676943,217.887056334529,35.29411764705882,31.37254901960784,39.2156862745098,1.25,0.9971525159310648,-4.319362914761417,-2.271525240143649,-0.5596403690184278,0.0518661675845461,0.7277054576073961,1.986438000002988,3.203752934733518,0.9990628050955038,0.0008353692143659,0.0001018256901301,-3.5501596466407808,0.999999015215032,0.6904230415444381,5.5261905074119575,3.127735584974289,13.932094097137451,-1.262840339475905,10.287417229684118,48.11565277958239,72.49254545212536,7.101079550902841,29.857201152131545,160.05141318697522,35.29411764705882,31.37254901960784,39.2156862745098,1.25,0.997152515924008,-3.1728372193612295,-1.6685748673714833,-0.4110902376212316,0.0380988870076698,0.5345443509779734,1.4591607176028056,2.3533532880507275,0.9990628050902332,0.0008353692185124,0.0001018256912542,-3.5501596430513005,1.3613553047180176,"{""128"": ""outputs/rheed_video_afm_story/variants/afm_second_order_y2_v1/phase7a_reconstruction_first/afm_texture_dataset/physical_maps/6022__N6022_Ctr_004__centered_128.npy"", ""256"": ""outputs/rheed_video_afm_story/variants/afm_second_order_y2_v1/phase7a_reconstruction_first/afm_texture_dataset/physical_maps/6022__N6022_Ctr_004__centered_256.npy""}","{""128"": ""outputs/rheed_video_afm_story/variants/afm_second_order_y2_v1/phase7a_reconstruction_first/afm_texture_dataset/unit_shape_maps/6022__N6022_Ctr_004__unit_128.npy"", ""256"": ""outputs/rheed_video_afm_story/variants/afm_second_order_y2_v1/phase7a_reconstruction_first/afm_texture_dataset/unit_shape_maps/6022__N6022_Ctr_004__unit_256.npy""}","{""256"": ""outputs/rheed_video_afm_story/variants/afm_second_order_y2_v1/phase7a_reconstruction_first/afm_texture_dataset/multiscale_pyramids/6022__N6022_Ctr_004__laplacian_256.npz""}"
6022,6022,N6022_Ctr_005,data/afm_second_order/6022/N6022_Ctr_005/N6022_Ctr_005_height.npy,data/pair/6022/AFM/N6022 Ctr.005,data/plane_corrected_afm/6022/N6022_Ctr_005/N6022_Ctr_005_plane_corrected.npy,0.5,0.5,256,256,nm,0.8987980484962463,0.5390653945987905,5.733935356140137,5.733935356140137,2.5753893852233887,-1.5376247347630256,13.274446119888276,60.69845463125592,90.6348189671733,0.9992963872451708,0.0005884084495506,0.0001152043052785,-3.2009929380996702,27.45098039215686,23.52941176470588,41.17647058823529,1.75,8d2c51dcd579030ff6c96d65245e9b514e2289b1493ce8a867d5d43923006505,0.8987980456304382,0.5390653938003652,5.733935511112213,2.5753894448280334,10.521923065185549,-1.5376247347630256,13.274446119888276,60.69845463125592,90.6348189671733,11.1030273109558,43.49791284176099,168.92545528748843,27.45098039215686,23.52941176470588,41.17647058823529,1.75,0.9981562207158996,-3.272820607315796,-1.2952925537936866,-0.2625880365483938,0.031970107160461,0.3245929206497491,1.2800968910343469,2.461114903796417,0.9992963872477552,0.0005884084473926,0.0001152043048519,-3.2009929381525644,0.999998987730642,0.5997619257051078,6.37955288887024,2.865367472171783,11.706647872924805,-1.5376248587856112,13.27444657007652,67.53284978474198,100.83992516494492,12.353181832455242,48.395600680909986,187.9457118741908,27.45098039215686,23.52941176470588,41.17647058823529,1.75,0.998156220829658,-3.6413268411480426,-1.441137012275362,-0.2921543681942463,0.0355698110587358,0.3611407315410136,1.4242304598964215,2.738226047722197,0.9992963872451708,0.0005884084495506,0.0001152043052785,-3.2009929380996702,0.8987980484962463,"{""128"": ""outputs/rheed_video_afm_story/variants/afm_second_order_y2_v1/phase7a_reconstruction_first/afm_texture_dataset/physical_maps/6022__N6022_Ctr_005__centered_128.npy"", ""256"": ""outputs/rheed_video_afm_story/variants/afm_second_order_y2_v1/phase7a_reconstruction_first/afm_texture_dataset/physical_maps/6022__N6022_Ctr_005__centered_256.npy""}","{""128"": ""outputs/rheed_video_afm_story/variants/afm_second_order_y2_v1/phase7a_reconstruction_first/afm_texture_dataset/unit_shape_maps/6022__N6022_Ctr_005__unit_128.npy"", ""256"": ""outputs/rheed_video_afm_story/variants/afm_second_order_y2_v1/phase7a_reconstruction_first/afm_texture_dataset/unit_shape_maps/6022__N6022_Ctr_005__unit_256.npy""}","{""256"": ""outputs/rheed_video_afm_story/variants/afm_second_order_y2_v1/phase7a_reconstruction_first/afm_texture_dataset/multiscale_pyramids/6022__N6022_Ctr_005__laplacian_256.npz""}"
6028,6028,N6028_1um_003,data/afm_second_order/6028/N6028_1um_003/N6028_1um_003_height.npy,data/pair/6028/AFM/N6028_1um.003,data/plane_corrected_afm/6028/N6028_1um_003/N6028_1um_003_plane_corrected.npy,1.0,1.0,256,256,nm,5.783085823059082,4.456272641926213,29.914703369140625,29.914703369140625,18.892730712890625,-0.6084254170117586,3.8399942722050495,267.65083055450384,366.4191996390337,0.9996546447358892,0.0003239217470498,2.14335170609528e-05,-4.215171857906764,35.29411764705882,39.2156862745098,35.29411764705882,1.1111111111111112,17caabd1a61f02b9f0ab8261ff67c5b4891b9f700211fd01c54b163f2d94bf0a,5.7830861223943595,4.45627265976959,29.91470503807069,18.892730236053467,38.57649803161621,-0.6084254170117586,3.8399942722050495,267.65083055450384,366.4191996390337,16.273361303225315,192.35075136003024,797.1010188270387,35.29411764705882,39.2156862745098,35.29411764705882,1.1111111111111112,0.9927736608343782,-17.898410048768753,-10.4181864884355,-3.236394884870285,0.6816145602009358,3.9050439569494784,8.474543747617966,12.016294989301931,0.999654644736574,0.0003239217464246,2.1433517001180975e-05,-4.215171870929055,0.9999990472307289,0.7705692648815858,5.172787714004517,3.266891062259674,6.670566558837891,-0.608425360112225,3.839994215077835,46.28161654324624,63.36043418884768,2.8139598880872394,33.260888195877094,137.8330240081919,35.29411764705882,39.2156862745098,35.29411764705882,1.1111111111111112,0.9927736607224956,-3.0949552560271183,-1.801490756315128,-0.5596305305184286,0.1178633546410639,0.675252017932995,1.465400305944546,2.077832457977399,0.9996546447358892,0.0003239217470498,2.14335170609528e-05,-4.215171857906764,5.783085823059082,"{""128"": ""outputs/rheed_video_afm_story/variants/afm_second_order_y2_v1/phase7a_reconstruction_first/afm_texture_dataset/physical_maps/6028__N6028_1um_003__centered_128.npy"", ""256"": ""outputs/rheed_video_afm_story/variants/afm_second_order_y2_v1/phase7a_reconstruction_first/afm_texture_dataset/physical_maps/6028__N6028_1um_003__centered_256.npy""}","{""128"": ""outputs/rheed_video_afm_story/variants/afm_second_order_y2_v1/phase7a_reconstruction_first/afm_texture_dataset/unit_shape_maps/6028__N6028_1um_003__unit_128.npy"", ""256"": ""outputs/rheed_video_afm_story/variants/afm_second_order_y2_v1/phase7a_reconstruction_first/afm_texture_dataset/unit_shape_maps/6028__N6028_1um_003__unit_256.npy""}","{""256"": ""outputs/rheed_video_afm_story/variants/afm_second_order_y2_v1/phase7a_reconstruction_first/afm_texture_dataset/multiscale_pyramids/6028__N6028_1um_003__laplacian_256.npz""}"
6028,6028,N6028_1um_004,data/afm_second_order/6028/N6028_1um_004/N6028_1um_004_height.npy,data/pair/6028/AFM/N6028_1um.004,data/plane_corrected_afm/6028/N6028_1um_004/N6028_1um_004_plane_corrected.npy,1.0,1.0,256,256,nm,5.864989280700684,4.509716097961705,29.395442962646484,29.395442962646484,19.20970344543457,-0.642960733039738,3.717432071886479,263.8150076572044,365.80159273826285,0.9996845510093316,0.0002879573977447,2.749159292362978e-05,-3.978251473581519,35.29411764705882,39.2156862745098,39.2156862745098,1.0,ab597e13163cffaf7229a65a88f5bf75369251374d57439e0e7834d0386d469d,5.8649896432008575,4.509716116214069,29.395443487167363,19.209704399108887,36.057634353637695,-0.642960733039738,3.717432071886479,263.8150076572044,365.80159273826285,16.225526110955393,180.7763016391065,804.0711644629201,35.29411764705882,39.2156862745098,39.2156862745098,1.0,0.9949162143868084,-17.876564043783087,-10.807185000203988,-3.1295358002413702,0.6807291000853586,3.77962791321383,8.4025193989049,11.518879443384272,0.9996845510079172,0.0002879573991985,2.749159288448185e-05,-3.978251468683452,0.9999990595568388,0.7689206899045568,5.012014847993851,3.2753146290779114,6.147939443588257,-0.6429606822168696,3.717432027635629,44.98128290619449,62.37031396973271,2.766503858983433,30.822921155396784,137.09665298509435,35.29411764705882,39.2156862745098,39.2156862745098,1.0,0.9949162143666076,-3.0480098868671197,-1.8426587308707971,-0.5335956389966745,0.1160664347049456,0.6444383834537726,1.4326558982071145,1.9640049611267312,0.9996845510093316,0.0002879573977447,2.749159292362978e-05,-3.978251473581519,5.864989280700684,"{""128"": ""outputs/rheed_video_afm_story/variants/afm_second_order_y2_v1/phase7a_reconstruction_first/afm_texture_dataset/physical_maps/6028__N6028_1um_004__centered_128.npy"", ""256"": ""outputs/rheed_video_afm_story/variants/afm_second_order_y2_v1/phase7a_reconstruction_first/afm_texture_dataset/physical_maps/6028__N6028_1um_004__centered_256.npy""}","{""128"": ""outputs/rheed_video_afm_story/variants/afm_second_order_y2_v1/phase7a_reconstruction_first/afm_texture_dataset/unit_shape_maps/6028__N6028_1um_004__unit_128.npy"", ""256"": ""outputs/rheed_video_afm_story/variants/afm_second_order_y2_v1/phase7a_reconstruction_first/afm_texture_dataset/unit_shape_maps/6028__N6028_1um_004__unit_256.npy""}","{""256"": ""outputs/rheed_video_afm_story/variants/afm_second_order_y2_v1/phase7a_reconstruction_first/afm_texture_dataset/multiscale_pyramids/6028__N6028_1um_004__laplacian_256.npz""}"
6028,6028,N6028_500_nm_005,data/afm_second_order/6028/N6028_500_nm_005/N6028_500_nm_005_height.npy,data/pair/6028/AFM/N6028_500 nm.005,data/plane_corrected_afm/6028/N6028_500_nm_005/N6028_500_nm_005_plane_corrected.npy,0.5,0.5,256,256,nm,5.712728500366211,4.555001743947213,29.03241920471191,29.03241920471191,18.585494995117188,-0.2598844454144136,3.207850343841006,298.6296043494368,405.81764165848296,0.9998520830350188,0.0001386621950125,9.254769968399e-06,-4.350772408470242,33.33333333333333,35.29411764705882,33.33333333333333,1.0588235294117647,89c049dcb3d6cb6811d0b2ff93684a0aec117563ad75e8b340e505e282dbd366,5.712728816288668,4.555001735766482,29.032418537139897,18.585495710372925,34.727779388427734,-0.2598844454144136,3.207850343841006,298.6296043494368,405.81764165848296,20.942819713936014,209.2115246434809,859.225374607236,33.33333333333333,35.29411764705882,33.33333333333333,1.0588235294117647,0.9858140973390817,-14.889961398581672,-9.816762078742194,-3.67499570939939,0.4144197365244155,3.9771146884163144,8.768733631630731,14.142457138558225,0.9998520830352168,0.0001386621950158,9.25476976735884e-06,-4.350772402954032,0.9999990532877774,0.7973417924680917,5.082053029537201,3.2533449828624725,6.079011917114258,-0.2598845121700376,3.2078502431310576,52.27437423642316,71.03737540976415,3.6659788325955542,36.6219744917349,150.40527296756446,33.33333333333333,35.29411764705882,33.33333333333333,1.0588235294117647,0.985814097373384,-2.606451060111465,-1.7183999734472652,-0.643298895890655,0.0725431499529462,0.6961840820956807,1.5349450094152073,2.4756019694257363,0.9998520830350188,0.0001386621950125,9.254769968399e-06,-4.350772408470242,5.712728500366211,"{""128"": ""outputs/rheed_video_afm_story/variants/afm_second_order_y2_v1/phase7a_reconstruction_first/afm_texture_dataset/physical_maps/6028__N6028_500_nm_005__centered_128.npy"", ""256"": ""outputs/rheed_video_afm_story/variants/afm_second_order_y2_v1/phase7a_reconstruction_first/afm_texture_dataset/physical_maps/6028__N6028_500_nm_005__centered_256.npy""}","{""128"": ""outputs/rheed_video_afm_story/variants/afm_second_order_y2_v1/phase7a_reconstruction_first/afm_texture_dataset/unit_shape_maps/6028__N6028_500_nm_005__unit_128.npy"", ""256"": ""outputs/rheed_video_afm_story/variants/afm_second_order_y2_v1/phase7a_reconstruction_first/afm_texture_dataset/unit_shape_maps/6028__N6028_500_nm_005__unit_256.npy""}","{""256"": ""outputs/rheed_video_afm_story/variants/afm_second_order_y2_v1/phase7a_reconstruction_first/afm_texture_dataset/multiscale_pyramids/6028__N6028_500_nm_005__laplacian_256.npz""}"
6028,6028,N6028_500_nm_006,data/afm_second_order/6028/N6028_500_nm_006/N6028_500_nm_006_height.npy,data/pair/6028/AFM/N6028_500 nm.006,data/plane_corrected_afm/6028/N6028_500_nm_006/N6028_500_nm_006_plane_corrected.npy,1.0,1.0,256,256,nm,2.319988489151001,1.8111764952228704,11.293359756469728,11.293359756469728,7.6623735427856445,-0.1184826587285926,3.380983029848207,127.6132834504166,167.50440687629077,0.9995393261081964,0.0004255271141131,3.5146777690413476e-05,-3.9870925450086903,35.29411764705882,31.37254901960784,39.2156862745098,1.25,ca188b27863a2b056684c3e3af9ffd39dfecc7e66e17fd24c405e3caad3fa49c,2.3199886153722815,1.811176495309102,11.293360233306888,7.662373661994934,19.11820602416992,-0.1184826587285926,3.380983029848207,127.6132834504166,167.50440687629077,17.713453913472502,97.75195137574596,343.59336293659135,35.29411764705882,31.37254901960784,39.2156862745098,1.25,0.9957706137459876,-5.849222016603571,-3.963918531210047,-1.4724795463391367,0.0947473627618727,1.4648881015471396,3.698455130784887,5.444138216703316,0.9995393261119768,0.0004255271115482,3.5146776474894546e-05,-3.987092567201649,0.9999990482447062,0.7806826116632359,4.867847001552583,3.302760273218155,8.240638494491577,-0.1184826482151483,3.38098303120254,55.00594321699173,72.20046093310494,7.635138365691282,42.13462620118363,148.10116392322328,35.29411764705882,31.37254901960784,39.2156862745098,1.25,0.9957706137382998,-2.521226447672371,-1.7085922716565172,-0.6346919743723909,0.0408395284407099,0.6314197869591673,1.5941680015616375,2.346620553880212,0.9995393261081964,0.0004255271141131,3.5146777690413476e-05,-3.9870925450086903,2.319988489151001,"{""128"": ""outputs/rheed_video_afm_story/variants/afm_second_order_y2_v1/phase7a_reconstruction_first/afm_texture_dataset/physical_maps/6028__N6028_500_nm_006__centered_128.npy"", ""256"": ""outputs/rheed_video_afm_story/variants/afm_second_order_y2_v1/phase7a_reconstruction_first/afm_texture_dataset/physical_maps/6028__N6028_500_nm_006__centered_256.npy""}","{""128"": ""outputs/rheed_video_afm_story/variants/afm_second_order_y2_v1/phase7a_reconstruction_first/afm_texture_dataset/unit_shape_maps/6028__N6028_500_nm_006__unit_128.npy"", ""256"": ""outputs/rheed_video_afm_story/variants/afm_second_order_y2_v1/phase7a_reconstruction_first/afm_texture_dataset/unit_shape_maps/6028__N6028_500_nm_006__unit_256.npy""}","{""256"": ""outputs/rheed_video_afm_story/variants/afm_second_order_y2_v1/phase7a_reconstruction_first/afm_texture_dataset/multiscale_pyramids/6028__N6028_500_nm_006__laplacian_256.npz""}"
6029,6029,N6029_1um_007,data/afm_second_order/6029/N6029_1um_007/N6029_1um_007_height.npy,data/pair/6029/AFM/N6029_1um.007,data/plane_corrected_afm/6029/N6029_1um_007/N6029_1um_007_plane_corrected.npy,1.0,1.0,256,256,nm,2.289785623550415,1.8003669894646526,10.900407791137695,10.900407791137695,7.443673133850098,-0.4844152969806138,3.4289313136858097,125.96430180442604,165.18814771828886,0.9996550897266452,0.0003203914290442,2.451884431056301e-05,-4.09344324354796,35.29411764705882,31.37254901960784,39.2156862745098,1.25,22246e3de712aa5d7b81833a21d542e4d4b2a0b9422512ff6ae0c2af09fdc93a,2.2897856388643527,1.8003669896837131,10.900407004356383,7.443673312664032,18.8194317817688,-0.4844152969806138,3.4289313136858097,125.96430180442604,165.18814771828886,17.118095575348768,95.6657791110944,339.3453764738242,35.29411764705882,31.37254901960784,39.2156862745098,1.25,0.9935672158208468,-6.311510879684105,-4.056740100074425,-1.3936709710842512,0.1760922199600794,1.618265037845955,3.3869332125896072,4.58889612467228,0.9996550897224676,0.0003203914321047,2.451884542759203e-05,-4.093443231060079,0.9999989944786744,0.7862592679294473,4.760443913936616,3.2508133351802826,8.21885347366333,-0.4844152483984232,3.4289312819632385,55.01133944057378,72.14124245392637,7.475842138545292,41.77931885585885,148.19946903658473,35.29411764705882,31.37254901960784,39.2156862745098,1.25,0.9935672158923008,-2.756373507220686,-1.7716662053655987,-0.6086462800096875,0.0769032660234566,0.7067314173389072,1.479147129814684,2.0040704067159294,0.9996550897266452,0.0003203914290442,2.451884431056301e-05,-4.09344324354796,2.289785623550415,"{""128"": ""outputs/rheed_video_afm_story/variants/afm_second_order_y2_v1/phase7a_reconstruction_first/afm_texture_dataset/physical_maps/6029__N6029_1um_007__centered_128.npy"", ""256"": ""outputs/rheed_video_afm_story/variants/afm_second_order_y2_v1/phase7a_reconstruction_first/afm_texture_dataset/physical_maps/6029__N6029_1um_007__centered_256.npy""}","{""128"": ""outputs/rheed_video_afm_story/variants/afm_second_order_y2_v1/phase7a_reconstruction_first/afm_texture_dataset/unit_shape_maps/6029__N6029_1um_007__unit_128.npy"", ""256"": ""outputs/rheed_video_afm_story/variants/afm_second_order_y2_v1/phase7a_reconstruction_first/afm_texture_dataset/unit_shape_maps/6029__N6029_1um_007__unit_256.npy""}","{""256"": ""outputs/rheed_video_afm_story/variants/afm_second_order_y2_v1/phase7a_reconstruction_first/afm_texture_dataset/multiscale_pyramids/6029__N6029_1um_007__laplacian_256.npz""}"
6029,6029,N6029_1um_008,data/afm_second_order/6029/N6029_1um_008/N6029_1um_008_height.npy,data/pair/6029/AFM/N6029_1um.008,data/plane_corrected_afm/6029/N6029_1um_008/N6029_1um_008_plane_corrected.npy,1.0,1.0,256,256,nm,2.434478998184204,1.9281648373319475,11.302997589111328,11.302997589111328,7.971485614776611,-0.1522019958657418,3.270236283944386,122.13598251360742,162.3175406738424,0.9996607788678668,0.0003184259985069,2.0795133626375583e-05,-4.2267842464344145,35.29411764705882,35.29411764705882,39.2156862745098,1.1111111111111112,8c71fda131f0ec0feb8dc4b043471d135638309fa0d6188d9e4db26138f14160,2.4344790224226296,1.9281648369845703,11.30299804210663,7.971485614776611,22.783884525299072,-0.1522019958657418,3.270236283944386,122.13598251360742,162.3175406738424,12.728437370665182,96.1055236014658,332.3880562676641,35.29411764705882,35.29411764705882,39.2156862745098,1.1111111111111112,0.9936781525017514,-6.054169927594418,-3.9870772824261143,-1.5595680043671083,-0.0465864070329619,1.6878611280944391,3.984408332350497,5.248828114512211,0.9996607788615112,0.0003184260044597,2.0795134029134477e-05,-4.226784255358035,0.9999990227584726,0.7920228258311874,4.6428773403167725,3.2744081616401672,9.358824491500854,-0.1522018937235566,3.2702362264770963,50.16919896673759,66.67438022325474,5.22839702237409,39.47679494044506,136.53341668622372,35.29411764705882,35.29411764705882,39.2156862745098,1.1111111111111112,0.9936781525279494,-2.4868417076766964,-1.6377522401512143,-0.6406161688268659,-0.0191360792145606,0.6933144576847079,1.636655921488953,2.156035632640076,0.9996607788678668,0.0003184259985069,2.0795133626375583e-05,-4.2267842464344145,2.434478998184204,"{""128"": ""outputs/rheed_video_afm_story/variants/afm_second_order_y2_v1/phase7a_reconstruction_first/afm_texture_dataset/physical_maps/6029__N6029_1um_008__centered_128.npy"", ""256"": ""outputs/rheed_video_afm_story/variants/afm_second_order_y2_v1/phase7a_reconstruction_first/afm_texture_dataset/physical_maps/6029__N6029_1um_008__centered_256.npy""}","{""128"": ""outputs/rheed_video_afm_story/variants/afm_second_order_y2_v1/phase7a_reconstruction_first/afm_texture_dataset/unit_shape_maps/6029__N6029_1um_008__unit_128.npy"", ""256"": ""outputs/rheed_video_afm_story/variants/afm_second_order_y2_v1/phase7a_reconstruction_first/afm_texture_dataset/unit_shape_maps/6029__N6029_1um_008__unit_256.npy""}","{""256"": ""outputs/rheed_video_afm_story/variants/afm_second_order_y2_v1/phase7a_reconstruction_first/afm_texture_dataset/multiscale_pyramids/6029__N6029_1um_008__laplacian_256.npz""}"
6029,6029,N6029_500_nm_009,data/afm_second_order/6029/N6029_500_nm_009/N6029_500_nm_009_height.npy,data/pair/6029/AFM/N6029_500 nm.009,data/plane_corrected_afm/6029/N6029_500_nm_009/N6029_500_nm_009_plane_corrected.npy,0.5,0.5,256,256,nm,2.0850000381469727,1.6631126076971348,9.221437454223633,9.221437454223633,6.830649375915527,0.0678921521844315,2.787880306102404,112.64648808713471,150.82661039178532,0.9998391657282352,0.0001460036978902,1.4830573874525864e-05,-3.930034514302686,35.29411764705882,35.29411764705882,35.29411764705882,1.0,1d69594ad7e66f0d4ac407b602512fefae2ce3493e68bf52b498f486045410c9,2.084999907349298,1.663112608902261,9.221436953544618,6.830649495124817,13.72969675064087,0.0678921521844315,2.787880306102404,112.64648808713471,150.82661039178532,15.616710892456942,86.72177605494387,305.41376791376604,35.29411764705882,35.29411764705882,35.29411764705882,1.0,0.9925956947040468,-4.757496441246744,-3.235593093277688,-1.3957550355212642,-0.1770406045930339,1.4374011925442265,3.595056401847129,4.4639405122978735,0.9998391657314464,0.0001460036948352,1.4830573718127014e-05,-3.930034530858294,0.9999990034158676,0.7976551674508299,4.422747254371643,3.2760877907276154,6.584980010986328,0.067892074093076,2.787880334405131,54.027041530669734,72.33883410068124,7.490015894754384,41.59313532450217,146.48133574576616,35.29411764705882,35.29411764705882,35.29411764705882,1.0,0.992595694720807,-2.2817707181028175,-1.5518417358449743,-0.6694262623838232,-0.0849114731005475,0.6894003897854044,1.724246054882641,2.140976536268826,0.9998391657282352,0.0001460036978902,1.4830573874525864e-05,-3.930034514302686,2.0850000381469727,"{""128"": ""outputs/rheed_video_afm_story/variants/afm_second_order_y2_v1/phase7a_reconstruction_first/afm_texture_dataset/physical_maps/6029__N6029_500_nm_009__centered_128.npy"", ""256"": ""outputs/rheed_video_afm_story/variants/afm_second_order_y2_v1/phase7a_reconstruction_first/afm_texture_dataset/physical_maps/6029__N6029_500_nm_009__centered_256.npy""}","{""128"": ""outputs/rheed_video_afm_story/variants/afm_second_order_y2_v1/phase7a_reconstruction_first/afm_texture_dataset/unit_shape_maps/6029__N6029_500_nm_009__unit_128.npy"", ""256"": ""outputs/rheed_video_afm_story/variants/afm_second_order_y2_v1/phase7a_reconstruction_first/afm_texture_dataset/unit_shape_maps/6029__N6029_500_nm_009__unit_256.npy""}","{""256"": ""outputs/rheed_video_afm_story/variants/afm_second_order_y2_v1/phase7a_reconstruction_first/afm_texture_dataset/multiscale_pyramids/6029__N6029_500_nm_009__laplacian_256.npz""}"
6029,6029,N6029_500_nm_010,data/afm_second_order/6029/N6029_500_nm_010/N6029_500_nm_010_height.npy,data/pair/6029/AFM/N6029_500 nm.010,data/plane_corrected_afm/6029/N6029_500_nm_010/N6029_500_nm_010_plane_corrected.npy,1.0,1.0,256,256,nm,2.872208595275879,2.28073144409424,14.076435089111328,14.076435089111328,9.328786849975586,-0.0033150444059702,3.1091670865120555,139.97835216031308,186.67011643362983,0.9996499402244547,0.0003251246001234,2.4935175421717734e-05,-4.053600669818962,39.2156862745098,39.2156862745098,39.2156862745098,1.0,979a8a7c0c0de2b0fbafaed3131c1fc1555c396d82f831bff7deaced9a38bd47,2.8722086654685826,2.2807314428603194,14.076435375213627,9.328787565231323,19.856696128845215,-0.0033150444059702,3.1091670865120555,139.97835216031308,186.67011643362983,13.384224602270123,110.0855264680814,381.5080940488836,39.2156862745098,39.2156862745098,39.2156862745098,1.0,0.993526892957436,-6.729654607573067,-4.761984309950387,-1.91188245157293,0.0533147409320719,1.894689449271644,4.566803255280936,7.34678076764056,0.999649940220107,0.0003251246031361,2.4935176756968617e-05,-4.053600651368132,0.9999989794623332,0.7940680426946736,4.900904679298403,3.2479456961154938,6.913382291793823,-0.0033150292162185,3.1091671140358743,48.73538994156783,64.99177021705722,4.659901981570599,38.32778161519384,132.82729270382947,39.2156862745098,39.2156862745098,39.2156862745098,1.0,0.993526892904197,-2.3430219113985897,-1.65795036555928,-0.665648171321571,0.0185622762729524,0.6596622079451679,1.5899953305562138,2.557882767899813,0.9996499402244547,0.0003251246001234,2.4935175421717734e-05,-4.053600669818962,2.872208595275879,"{""128"": ""outputs/rheed_video_afm_story/variants/afm_second_order_y2_v1/phase7a_reconstruction_first/afm_texture_dataset/physical_maps/6029__N6029_500_nm_010__centered_128.npy"", ""256"": ""outputs/rheed_video_afm_story/variants/afm_second_order_y2_v1/phase7a_reconstruction_first/afm_texture_dataset/physical_maps/6029__N6029_500_nm_010__centered_256.npy""}","{""128"": ""outputs/rheed_video_afm_story/variants/afm_second_order_y2_v1/phase7a_reconstruction_first/afm_texture_dataset/unit_shape_maps/6029__N6029_500_nm_010__unit_128.npy"", ""256"": ""outputs/rheed_video_afm_story/variants/afm_second_order_y2_v1/phase7a_reconstruction_first/afm_texture_dataset/unit_shape_maps/6029__N6029_500_nm_010__unit_256.npy""}","{""256"": ""outputs/rheed_video_afm_story/variants/afm_second_order_y2_v1/phase7a_reconstruction_first/afm_texture_dataset/multiscale_pyramids/6029__N6029_500_nm_010__laplacian_256.npz""}"
6033,6033,N6033_1um_015,data/afm_second_order/6033/N6033_1um_015/N6033_1um_015_height.npy,data/pair/6033/AFM/N6033_1um.015,data/plane_corrected_afm/6033/N6033_1um_015/N6033_1um_015_plane_corrected.npy,1.0,1.0,256,256,nm,2.547292470932007,2.06945844252221,11.495147705078123,11.495147705078123,8.218511581420898,-0.0472081924797541,2.7013930325492916,126.29711211166222,164.72196617487785,0.999353767887832,0.0006057011453591,4.053096680885909e-05,-4.0500826433004455,35.29411764705882,43.13725490196078,35.29411764705882,1.2222222222222223,1b547eaa818afeaac85bf95fc96a8e8823978c993a4f81433624c0cdb47d6566,2.5472923783426795,2.0694584424727833,11.495147418975836,8.218512058258057,16.480852127075195,-0.0472081924797541,2.7013930325492916,126.29711211166222,164.72196617487785,15.008034141492908,100.96462687424,328.3146494876515,35.29411764705882,43.13725490196078,35.29411764705882,1.2222222222222223,0.9960563441544156,-5.96663191304018,-4.114895105216998,-1.8221190868358796,0.0251906692568475,1.7887647153396422,4.103616953041058,5.528515505935655,0.9993537678867443,0.0006057011475598,4.053096569550584e-05,-4.050082686487147,0.999998994782852,0.812414145831615,4.512688052654267,3.2263684570789337,6.469942569732666,-0.0472081963503229,2.7013930382088396,49.58087505795166,64.6654471578153,5.891755394344555,39.63600920949556,128.88757555963664,35.29411764705882,43.13725490196078,35.29411764705882,1.2222222222222223,0.996056344208552,-2.342340352133488,-1.615397991732334,-0.7153153290307274,0.0098891857745001,0.7022212723934899,1.6109704653465995,2.17034770052078,0.999353767887832,0.0006057011453591,4.053096680885909e-05,-4.0500826433004455,2.547292470932007,"{""128"": ""outputs/rheed_video_afm_story/variants/afm_second_order_y2_v1/phase7a_reconstruction_first/afm_texture_dataset/physical_maps/6033__N6033_1um_015__centered_128.npy"", ""256"": ""outputs/rheed_video_afm_story/variants/afm_second_order_y2_v1/phase7a_reconstruction_first/afm_texture_dataset/physical_maps/6033__N6033_1um_015__centered_256.npy""}","{""128"": ""outputs/rheed_video_afm_story/variants/afm_second_order_y2_v1/phase7a_reconstruction_first/afm_texture_dataset/unit_shape_maps/6033__N6033_1um_015__unit_128.npy"", ""256"": ""outputs/rheed_video_afm_story/variants/afm_second_order_y2_v1/phase7a_reconstruction_first/afm_texture_dataset/unit_shape_maps/6033__N6033_1um_015__unit_256.npy""}","{""256"": ""outputs/rheed_video_afm_story/variants/afm_second_order_y2_v1/phase7a_reconstruction_first/afm_texture_dataset/multiscale_pyramids/6033__N6033_1um_015__laplacian_256.npz""}"
6033,6033,N6033_1um_016,data/afm_second_order/6033/N6033_1um_016/N6033_1um_016_height.npy,data/pair/6033/AFM/N6033_1um.016,data/plane_corrected_afm/6033/N6033_1um_016/N6033_1um_016_plane_corrected.npy,1.0,1.0,256,256,nm,2.2941808700561523,1.8196008542949316,11.14088249206543,11.14088249206543,7.396272659301758,0.1200913523221753,3.09427797330862,120.14532636720836,157.22318016976672,0.9995268192840926,0.0004419853729474,3.119534296014145e-05,-4.076055259966582,35.29411764705882,35.29411764705882,35.29411764705882,1.0,99d54b167d4effec5be1966132e66a4ff6a9c4027e15816dacc24e1a77f62ac9,2.2941808822907466,1.81960085491363,11.140881943702698,7.396272897720337,16.164886474609375,0.1200913523221753,3.09427797330862,120.14532636720836,157.22318016976672,13.755764435325537,95.59972899492271,316.36386916196,35.29411764705882,35.29411764705882,35.29411764705882,1.0,0.9953361556134788,-5.238653137916066,-3.694415989154317,-1.5583431150851026,-0.0478529453364387,1.544772532946132,3.701856908566021,5.902228805786633,0.999526819284963,0.0004419853717535,3.1195343283197924e-05,-4.076055259955777,0.9999989943472908,0.7931366875042702,4.856143212318421,3.223924219608307,7.04603123664856,0.1200913015294308,3.0942779543510937,52.36954378504055,68.531223577385,5.995929760397553,41.670479326254295,137.89825756604827,35.29411764705882,35.29411764705882,35.29411764705882,1.0,0.9953361556587688,-2.2834502923601168,-1.610340445052912,-0.6792583304756186,-0.0208583704494735,0.6733431529886225,1.613583774555395,2.572692919958304,0.9995268192840926,0.0004419853729474,3.119534296014145e-05,-4.076055259966582,2.2941808700561523,"{""128"": ""outputs/rheed_video_afm_story/variants/afm_second_order_y2_v1/phase7a_reconstruction_first/afm_texture_dataset/physical_maps/6033__N6033_1um_016__centered_128.npy"", ""256"": ""outputs/rheed_video_afm_story/variants/afm_second_order_y2_v1/phase7a_reconstruction_first/afm_texture_dataset/physical_maps/6033__N6033_1um_016__centered_256.npy""}","{""128"": ""outputs/rheed_video_afm_story/variants/afm_second_order_y2_v1/phase7a_reconstruction_first/afm_texture_dataset/unit_shape_maps/6033__N6033_1um_016__unit_128.npy"", ""256"": ""outputs/rheed_video_afm_story/variants/afm_second_order_y2_v1/phase7a_reconstruction_first/afm_texture_dataset/unit_shape_maps/6033__N6033_1um_016__unit_256.npy""}","{""256"": ""outputs/rheed_video_afm_story/variants/afm_second_order_y2_v1/phase7a_reconstruction_first/afm_texture_dataset/multiscale_pyramids/6033__N6033_1um_016__laplacian_256.npz""}"
6033,6033,N6033_1um_017,data/afm_second_order/6033/N6033_1um_017/N6033_1um_017_height.npy,data/pair/6033/AFM/N6033_1um.017,data/plane_corrected_afm/6033/N6033_1um_017/N6033_1um_017_plane_corrected.npy,1.0,1.0,256,256,nm,2.2941808700561523,1.8196008542949316,11.14088249206543,11.14088249206543,7.396272659301758,0.1200913523221753,3.09427797330862,120.14532636720836,157.22318016976672,0.9995268192840926,0.0004419853729474,3.119534296014145e-05,-4.076055259966582,35.29411764705882,35.29411764705882,35.29411764705882,1.0,99d54b167d4effec5be1966132e66a4ff6a9c4027e15816dacc24e1a77f62ac9,2.2941808822907466,1.81960085491363,11.140881943702698,7.396272897720337,16.164886474609375,0.1200913523221753,3.09427797330862,120.14532636720836,157.22318016976672,13.755764435325537,95.59972899492271,316.36386916196,35.29411764705882,35.29411764705882,35.29411764705882,1.0,0.9953361556134788,-5.238653137916066,-3.694415989154317,-1.5583431150851026,-0.0478529453364387,1.544772532946132,3.701856908566021,5.902228805786633,0.999526819284963,0.0004419853717535,3.1195343283197924e-05,-4.076055259955777,0.9999989943472908,0.7931366875042702,4.856143212318421,3.223924219608307,7.04603123664856,0.1200913015294308,3.0942779543510937,52.36954378504055,68.531223577385,5.995929760397553,41.670479326254295,137.89825756604827,35.29411764705882,35.29411764705882,35.29411764705882,1.0,0.9953361556587688,-2.2834502923601168,-1.610340445052912,-0.6792583304756186,-0.0208583704494735,0.6733431529886225,1.613583774555395,2.572692919958304,0.9995268192840926,0.0004419853729474,3.119534296014145e-05,-4.076055259966582,2.2941808700561523,"{""128"": ""outputs/rheed_video_afm_story/variants/afm_second_order_y2_v1/phase7a_reconstruction_first/afm_texture_dataset/physical_maps/6033__N6033_1um_017__centered_128.npy"", ""256"": ""outputs/rheed_video_afm_story/variants/afm_second_order_y2_v1/phase7a_reconstruction_first/afm_texture_dataset/physical_maps/6033__N6033_1um_017__centered_256.npy""}","{""128"": ""outputs/rheed_video_afm_story/variants/afm_second_order_y2_v1/phase7a_reconstruction_first/afm_texture_dataset/unit_shape_maps/6033__N6033_1um_017__unit_128.npy"", ""256"": ""outputs/rheed_video_afm_story/variants/afm_second_order_y2_v1/phase7a_reconstruction_first/afm_texture_dataset/unit_shape_maps/6033__N6033_1um_017__unit_256.npy""}","{""256"": ""outputs/rheed_video_afm_story/variants/afm_second_order_y2_v1/phase7a_reconstruction_first/afm_texture_dataset/multiscale_pyramids/6033__N6033_1um_017__laplacian_256.npz""}"
6033,6033,N6033_1um_018,data/afm_second_order/6033/N6033_1um_018/N6033_1um_018_height.npy,data/pair/6033/AFM/N6033_1um.018,data/plane_corrected_afm/6033/N6033_1um_018/N6033_1um_018_plane_corrected.npy,1.0,1.0,256,256,nm,2.2828686237335205,1.8124875626914256,10.850655555725098,10.850655555725098,7.5537261962890625,-0.002900507297991,3.006468272695227,120.90482584237829,157.65235282711515,0.9995892868435404,0.000382791988019,2.7921168440386455e-05,-4.0911235897584755,35.29411764705882,35.29411764705882,39.2156862745098,1.1111111111111112,fe5a334242ec0364c7084338763e3b3c625a1648d797c36e21f65bd2158ab6ce,2.2828686193987933,1.8124875628236896,10.850655841827392,7.553726375102997,15.9488263130188,-0.002900507297991,3.006468272695227,120.90482584237829,157.65235282711515,13.285417122032491,96.47899872965144,316.9362636240354,35.29411764705882,35.29411764705882,39.2156862745098,1.1111111111111112,0.9946768387992646,-5.446300322548288,-3.770707590118783,-1.5195862181343012,-0.0320089418299369,1.5238026254020758,3.783018784984214,5.404355519279107,0.9995892868293874,0.000382792001425,2.7921169187691495e-05,-4.091123574955554,0.9999989854872472,0.7939509565143998,4.753074610233307,3.3088715374469757,6.986302375793457,-0.0029004265492018,3.006468273432068,52.961743570694395,69.05881048739082,5.819611999701047,42.26213303030336,138.83231740036246,35.29411764705882,35.29411764705882,39.2156862745098,1.1111111111111112,0.9946768387688818,-2.3857240291297,-1.651739368027405,-0.6656470241009754,-0.0140213550053102,0.667493960076614,1.6571321694195706,2.3673505811036075,0.9995892868435404,0.000382791988019,2.7921168440386455e-05,-4.0911235897584755,2.2828686237335205,"{""128"": ""outputs/rheed_video_afm_story/variants/afm_second_order_y2_v1/phase7a_reconstruction_first/afm_texture_dataset/physical_maps/6033__N6033_1um_018__centered_128.npy"", ""256"": ""outputs/rheed_video_afm_story/variants/afm_second_order_y2_v1/phase7a_reconstruction_first/afm_texture_dataset/physical_maps/6033__N6033_1um_018__centered_256.npy""}","{""128"": ""outputs/rheed_video_afm_story/variants/afm_second_order_y2_v1/phase7a_reconstruction_first/afm_texture_dataset/unit_shape_maps/6033__N6033_1um_018__unit_128.npy"", ""256"": ""outputs/rheed_video_afm_story/variants/afm_second_order_y2_v1/phase7a_reconstruction_first/afm_texture_dataset/unit_shape_maps/6033__N6033_1um_018__unit_256.npy""}","{""256"": ""outputs/rheed_video_afm_story/variants/afm_second_order_y2_v1/phase7a_reconstruction_first/afm_texture_dataset/multiscale_pyramids/6033__N6033_1um_018__laplacian_256.npz""}"
6047,6047,N6047_0_5um_005,data/afm_second_order/6047/N6047_0_5um_005/N6047_0_5um_005_height.npy,data/pair/6047/AFM/N6047_0.5um.005,data/plane_corrected_afm/6047/N6047_0_5um_005/N6047_0_5um_005_plane_corrected.npy,0.5,0.5,256,256,nm,6.88673210144043,5.415851533747853,32.51496505737305,32.51496505737305,23.550548553466797,-0.692817642923977,3.353450306336134,358.4760914489808,480.75619470208903,0.9998384989750432,0.0001437303563519,1.7770668604689067e-05,-3.7309347908501382,31.37254901960784,33.33333333333333,31.37254901960784,1.0625,7e8129f66e1e6211ca7581e01fbc70e2b88c4aa503506545da0ab958b673eb1a,6.886732258387774,5.4158515345257605,32.51496567726135,23.550549745559692,36.8661413192749,-0.692817642923977,3.353450306336134,358.4760914489808,480.75619470208903,26.96572553028233,262.15541627418355,1019.6289558681184,31.37254901960784,33.33333333333333,31.37254901960784,1.0625,0.9952961973518902,-19.23448757640407,-13.267901511111717,-3.910670132556418,1.107515959820291,4.831533460697671,10.282648234447976,13.28047810085728,0.9998384989763008,0.000143730353444,1.7770670255291983e-05,-3.730934736726129,0.9999990538260236,0.78641744534666,4.721388131380081,3.4196956157684326,5.353207588195801,-0.692817649473917,3.3534504482082874,52.05309851954114,69.80897844341645,3.915599331505195,38.066692079320845,148.05683504577797,31.37254901960784,33.33333333333333,31.37254901960784,1.0625,0.995296197510574,-2.7929747938840177,-1.9265870451657563,-0.5678551494805603,0.1608186438949318,0.7015705406935425,1.4931085706026763,1.9284133374960633,0.9998384989750432,0.0001437303563519,1.7770668604689067e-05,-3.7309347908501382,6.88673210144043,"{""128"": ""outputs/rheed_video_afm_story/variants/afm_second_order_y2_v1/phase7a_reconstruction_first/afm_texture_dataset/physical_maps/6047__N6047_0_5um_005__centered_128.npy"", ""256"": ""outputs/rheed_video_afm_story/variants/afm_second_order_y2_v1/phase7a_reconstruction_first/afm_texture_dataset/physical_maps/6047__N6047_0_5um_005__centered_256.npy""}","{""128"": ""outputs/rheed_video_afm_story/variants/afm_second_order_y2_v1/phase7a_reconstruction_first/afm_texture_dataset/unit_shape_maps/6047__N6047_0_5um_005__unit_128.npy"", ""256"": ""outputs/rheed_video_afm_story/variants/afm_second_order_y2_v1/phase7a_reconstruction_first/afm_texture_dataset/unit_shape_maps/6047__N6047_0_5um_005__unit_256.npy""}","{""256"": ""outputs/rheed_video_afm_story/variants/afm_second_order_y2_v1/phase7a_reconstruction_first/afm_texture_dataset/multiscale_pyramids/6047__N6047_0_5um_005__laplacian_256.npz""}"
6047,6047,N6047_1um_006,data/afm_second_order/6047/N6047_1um_006/N6047_1um_006_height.npy,data/pair/6047/AFM/N6047_1um.006,data/plane_corrected_afm/6047/N6047_1um_006/N6047_1um_006_plane_corrected.npy,1.0,1.0,256,256,nm,5.441677570343018,4.169670220836155,28.22777557373047,28.22777557373047,17.633819580078125,-0.7035086906228569,3.935226833491883,266.1959853568429,362.75332062519135,0.999575457027239,0.0003822253426121,4.2317630148736856e-05,-3.8448257270031623,35.29411764705882,35.29411764705882,35.29411764705882,1.0,4e1f2711043ba8efcd897d4024901f6902d128f1959a54e788ed53787c5f72be,5.441677597159791,4.169670241124538,28.227776193618787,17.633819699287415,33.912113189697266,-0.7035086906228569,3.935226833491883,266.1959853568429,362.75332062519135,18.941641301961983,187.81035510894569,773.7083038259642,35.29411764705882,35.29411764705882,35.29411764705882,1.0,0.9947715025694928,-17.283925034693954,-9.991412379435776,-2.8813166996757977,0.5400168517310625,3.709974787541152,7.642407319851637,10.943851158924833,0.9995754570239048,0.0003822253474695,4.231762862582514e-05,-3.8448257572016646,0.9999989875930368,0.7662464305411756,5.1873244881629965,3.2405082285404205,6.231916189193726,-0.7035085853975032,3.935226707808675,48.91795031919338,66.66196987713295,3.48084801944666,34.51328735373936,142.181781828178,35.29411764705882,35.29411764705882,35.29411764705882,1.0,0.994771502492154,-3.1762093601446098,-1.8360885141115135,-0.5294900295953697,0.0992370823700481,0.6817696633119636,1.404419714428907,2.011115128018387,0.999575457027239,0.0003822253426121,4.2317630148736856e-05,-3.8448257270031623,5.441677570343018,"{""128"": ""outputs/rheed_video_afm_story/variants/afm_second_order_y2_v1/phase7a_reconstruction_first/afm_texture_dataset/physical_maps/6047__N6047_1um_006__centered_128.npy"", ""256"": ""outputs/rheed_video_afm_story/variants/afm_second_order_y2_v1/phase7a_reconstruction_first/afm_texture_dataset/physical_maps/6047__N6047_1um_006__centered_256.npy""}","{""128"": ""outputs/rheed_video_afm_story/variants/afm_second_order_y2_v1/phase7a_reconstruction_first/afm_texture_dataset/unit_shape_maps/6047__N6047_1um_006__unit_128.npy"", ""256"": ""outputs/rheed_video_afm_story/variants/afm_second_order_y2_v1/phase7a_reconstruction_first/afm_texture_dataset/unit_shape_maps/6047__N6047_1um_006__unit_256.npy""}","{""256"": ""outputs/rheed_video_afm_story/variants/afm_second_order_y2_v1/phase7a_reconstruction_first/afm_texture_dataset/multiscale_pyramids/6047__N6047_1um_006__laplacian_256.npz""}"
6047,6047,N6047_1um_007,data/afm_second_order/6047/N6047_1um_007/N6047_1um_007_height.npy,data/pair/6047/AFM/N6047_1um.007,data/plane_corrected_afm/6047/N6047_1um_007/N6047_1um_007_plane_corrected.npy,1.0,1.0,256,256,nm,5.800689220428467,4.376070453405479,29.50197982788086,29.50197982788086,19.839763641357425,-0.6511902388935038,3.913361690028797,276.5066438338398,381.129371880278,0.999651716151526,0.0003133624624378,3.492138603636807e-05,-3.8965825351377306,35.29411764705882,39.2156862745098,35.29411764705882,1.1111111111111112,826f481abfc7682444960aed3a7222957240e23353741fa7c5dfc00052f8804e,5.800689336415667,4.376070435671506,29.50197815895081,19.839762449264526,35.75050735473633,-0.6511902388935038,3.913361690028797,276.5066438338398,381.129371880278,18.93744502950199,188.74108044144148,823.0173293720842,35.29411764705882,39.2156862745098,35.29411764705882,1.1111111111111112,0.9923668343754432,-17.524748854356893,-11.06983595343221,-2.9130648300229405,0.5615273043335585,3.611508555692544,8.769926495832316,11.977229304593912,0.9996517161552524,0.0003133624573964,3.492138735123499e-05,-3.896582495537953,0.9999990286455872,0.7544045060852201,5.085938501358032,3.4202387928962708,6.163141965866089,-0.651190344080629,3.913361778891886,47.66784790246893,65.7040888305792,3.2646892893817596,32.537664258184364,141.88254483491505,35.29411764705882,39.2156862745098,35.29411764705882,1.1111111111111112,0.9923668344140796,-3.02114634031579,-1.9083638142995552,-0.5021923583202079,0.0968034576423451,0.6225992638416573,1.5118749785967156,2.064792161042242,0.999651716151526,0.0003133624624378,3.492138603636807e-05,-3.8965825351377306,5.800689220428467,"{""128"": ""outputs/rheed_video_afm_story/variants/afm_second_order_y2_v1/phase7a_reconstruction_first/afm_texture_dataset/physical_maps/6047__N6047_1um_007__centered_128.npy"", ""256"": ""outputs/rheed_video_afm_story/variants/afm_second_order_y2_v1/phase7a_reconstruction_first/afm_texture_dataset/physical_maps/6047__N6047_1um_007__centered_256.npy""}","{""128"": ""outputs/rheed_video_afm_story/variants/afm_second_order_y2_v1/phase7a_reconstruction_first/afm_texture_dataset/unit_shape_maps/6047__N6047_1um_007__unit_128.npy"", ""256"": ""outputs/rheed_video_afm_story/variants/afm_second_order_y2_v1/phase7a_reconstruction_first/afm_texture_dataset/unit_shape_maps/6047__N6047_1um_007__unit_256.npy""}","{""256"": ""outputs/rheed_video_afm_story/variants/afm_second_order_y2_v1/phase7a_reconstruction_first/afm_texture_dataset/multiscale_pyramids/6047__N6047_1um_007__laplacian_256.npz""}"
6047,6047,N6047_1um_008,data/afm_second_order/6047/N6047_1um_008/N6047_1um_008_height.npy,data/pair/6047/AFM/N6047_1um.008,data/plane_corrected_afm/6047/N6047_1um_008/N6047_1um_008_plane_corrected.npy,1.0,1.0,256,256,nm,4.694860458374023,3.527608369483779,24.064613342285156,24.064613342285156,15.538789749145508,-0.9430811003290436,4.488243460111492,256.83457434370064,347.049034076233,0.9995506698531272,0.0003966679852329,5.2662161639766694e-05,-3.805061666827029,31.37254901960784,27.45098039215686,35.29411764705882,1.2857142857142856,929bc8c2248f0765c3e04caf2ebae8e11653d222348d0a48cd0f0d53b5aba1a7,4.694860499164065,3.527608396465445,24.064613389968876,15.538790106773376,40.78799819946289,-0.9430811003290436,4.488243460111492,256.83457434370064,347.049034076233,33.98180230465192,175.93323167118936,758.168074500456,31.37254901960784,27.45098039215686,35.29411764705882,1.2857142857142856,0.997910389138136,-15.062304828091223,-9.18772210828837,-2.1872734641271454,0.6883601183456558,3.0430710697931427,6.351067998485006,9.00230856187765,0.9995506698478716,0.0003966679924077,5.266215972054668e-05,-3.8050616873495953,0.9999989589100712,0.751375837766384,5.1257303953170785,3.309741288423538,8.687788963317871,-0.9430810329453336,4.488243316104008,54.705418139282926,73.92097583687013,7.23808108114215,37.4735418592109,161.4887775080275,31.37254901960784,27.45098039215686,35.29411764705882,1.2857142857142856,0.9979103891444202,-3.2082506507442323,-1.956972327809128,-0.465886321644577,0.1466197923018608,0.6481700420572434,1.3527689606144104,1.9174797445728464,0.9995506698531272,0.0003966679852329,5.2662161639766694e-05,-3.805061666827029,4.694860458374023,"{""128"": ""outputs/rheed_video_afm_story/variants/afm_second_order_y2_v1/phase7a_reconstruction_first/afm_texture_dataset/physical_maps/6047__N6047_1um_008__centered_128.npy"", ""256"": ""outputs/rheed_video_afm_story/variants/afm_second_order_y2_v1/phase7a_reconstruction_first/afm_texture_dataset/physical_maps/6047__N6047_1um_008__centered_256.npy""}","{""128"": ""outputs/rheed_video_afm_story/variants/afm_second_order_y2_v1/phase7a_reconstruction_first/afm_texture_dataset/unit_shape_maps/6047__N6047_1um_008__unit_128.npy"", ""256"": ""outputs/rheed_video_afm_story/variants/afm_second_order_y2_v1/phase7a_reconstruction_first/afm_texture_dataset/unit_shape_maps/6047__N6047_1um_008__unit_256.npy""}","{""256"": ""outputs/rheed_video_afm_story/variants/afm_second_order_y2_v1/phase7a_reconstruction_first/afm_texture_dataset/multiscale_pyramids/6047__N6047_1um_008__laplacian_256.npz""}"
6047,6047,N6047_1um_011,data/afm_second_order/6047/N6047_1um_011/N6047_1um_011_height.npy,data/pair/6047/AFM/N6047_1um.011,data/plane_corrected_afm/6047/N6047_1um_011/N6047_1um_011_plane_corrected.npy,1.0,1.0,256,256,nm,1.8975629806518557,1.477683328550055,9.386996269226074,9.386996269226074,6.211142539978027,-0.3545493628882574,3.615906360324336,123.37261913178828,158.18849194155612,0.9988801423044792,0.0008915355665284,0.0002283221289924,-3.2897436758245657,27.45098039215686,27.45098039215686,31.37254901960784,1.1428571428571428,080695d552ed519954a29967ee5a04b0675fdfaaeea41f3bab3e3683964d940f,1.897563057088475,1.4776833307168942,9.38699655532837,6.211142539978027,16.087448596954346,-0.3545493628882574,3.615906360324336,123.37261913178828,158.18849194155612,14.692827318182111,92.80252480293068,322.7396288620007,27.45098039215686,27.45098039215686,31.37254901960784,1.1428571428571428,0.9947902632231692,-5.082990361946021,-3.303799702423011,-1.1340271072558512,0.0837862821199546,1.2622787518330465,2.9073428375550163,4.304006193382349,0.9988801422989122,0.0008915355728538,0.0002283221282338,-3.289743681587702,0.9999990594649651,0.778726133247129,4.946864676475526,3.273217558860779,8.477944135665894,-0.3545492965431212,3.615906325172055,65.01628628955223,83.36394507699573,7.74299053510314,48.906107189810385,170.0809412655097,27.45098039215686,27.45098039215686,31.37254901960784,1.1428571428571428,0.9947902631689958,-2.6786912720489062,-1.741073403863863,-0.5976223241376437,0.0441546250296078,0.665209795923277,1.532144154996916,2.2681734044266193,0.9988801423044792,0.0008915355665284,0.0002283221289924,-3.2897436758245657,1.8975629806518555,"{""128"": ""outputs/rheed_video_afm_story/variants/afm_second_order_y2_v1/phase7a_reconstruction_first/afm_texture_dataset/physical_maps/6047__N6047_1um_011__centered_128.npy"", ""256"": ""outputs/rheed_video_afm_story/variants/afm_second_order_y2_v1/phase7a_reconstruction_first/afm_texture_dataset/physical_maps/6047__N6047_1um_011__centered_256.npy""}","{""128"": ""outputs/rheed_video_afm_story/variants/afm_second_order_y2_v1/phase7a_reconstruction_first/afm_texture_dataset/unit_shape_maps/6047__N6047_1um_011__unit_128.npy"", ""256"": ""outputs/rheed_video_afm_story/variants/afm_second_order_y2_v1/phase7a_reconstruction_first/afm_texture_dataset/unit_shape_maps/6047__N6047_1um_011__unit_256.npy""}","{""256"": ""outputs/rheed_video_afm_story/variants/afm_second_order_y2_v1/phase7a_reconstruction_first/afm_texture_dataset/multiscale_pyramids/6047__N6047_1um_011__laplacian_256.npz""}"
6047,6047,N6047_1um_012,data/afm_second_order/6047/N6047_1um_012/N6047_1um_012_height.npy,data/pair/6047/AFM/N6047_1um.012,data/plane_corrected_afm/6047/N6047_1um_012/N6047_1um_012_plane_corrected.npy,1.0,1.0,256,256,nm,1.864246129989624,1.4460262794639407,9.21454906463623,9.21454906463623,6.160809516906738,-0.3606441856090886,3.70080937790421,121.74169064542173,156.1161035399103,0.9988168088794644,0.0009283142195028,0.0002548769010329,-3.25132862577067,27.45098039215686,27.45098039215686,31.37254901960784,1.1428571428571428,aecc56f131b4f22d835bd2d6c751de225372fb0a0179a382e2e0f8eb7488f563,1.8642461410936495,1.4460262779429374,9.214548850059511,6.160809397697449,16.088449001312256,-0.3606441856090886,3.70080937790421,121.74169064542173,156.1161035399103,14.402539158132942,92.492383016345,317.9973318868549,27.45098039215686,27.45098039215686,31.37254901960784,1.1428571428571428,0.994759621802754,-5.022467802280667,-3.257667039150479,-1.1226305706446196,0.0970372589285348,1.2308745937402223,2.90314235854697,4.192081047778845,0.9988168088843804,0.0009283142167234,0.0002548768988961,-3.2513286294393593,0.999999021841389,0.775661984186603,4.942770230770112,3.3047156631946564,8.629993915557861,-0.3606441824963714,3.700809420960071,65.30337857213124,83.74213433402885,7.725657787916749,49.61377622730198,170.57672457456243,27.45098039215686,27.45098039215686,31.37254901960784,1.1428571428571428,0.9947596217831078,-2.694098795578171,-1.7474429618570102,-0.6021895270797504,0.0520516864952552,0.660252599790405,1.5572727013376462,2.2486714351919415,0.9988168088794644,0.0009283142195028,0.0002548769010329,-3.25132862577067,1.864246129989624,"{""128"": ""outputs/rheed_video_afm_story/variants/afm_second_order_y2_v1/phase7a_reconstruction_first/afm_texture_dataset/physical_maps/6047__N6047_1um_012__centered_128.npy"", ""256"": ""outputs/rheed_video_afm_story/variants/afm_second_order_y2_v1/phase7a_reconstruction_first/afm_texture_dataset/physical_maps/6047__N6047_1um_012__centered_256.npy""}","{""128"": ""outputs/rheed_video_afm_story/variants/afm_second_order_y2_v1/phase7a_reconstruction_first/afm_texture_dataset/unit_shape_maps/6047__N6047_1um_012__unit_128.npy"", ""256"": ""outputs/rheed_video_afm_story/variants/afm_second_order_y2_v1/phase7a_reconstruction_first/afm_texture_dataset/unit_shape_maps/6047__N6047_1um_012__unit_256.npy""}","{""256"": ""outputs/rheed_video_afm_story/variants/afm_second_order_y2_v1/phase7a_reconstruction_first/afm_texture_dataset/multiscale_pyramids/6047__N6047_1um_012__laplacian_256.npz""}"
6047,6047,N6047_1um_013,data/afm_second_order/6047/N6047_1um_013/N6047_1um_013_height.npy,data/pair/6047/AFM/N6047_1um.013,data/plane_corrected_afm/6047/N6047_1um_013/N6047_1um_013_plane_corrected.npy,1.0,1.0,256,256,nm,2.0036797523498535,1.5728107779593938,9.469470024108888,9.469470024108888,6.623725891113281,-0.1013177358001026,3.166222178932286,117.25240437581766,152.9465482881245,0.999453034323941,0.0005063045384961,4.066113756293474e-05,-3.991630059591507,31.37254901960784,27.45098039215686,35.29411764705882,1.2857142857142856,006fe9370b8ac4f1f075b2c64a832ae4ff763d965f5b8f701fb0369be7f253de,2.003679777494786,1.572810778163996,9.469470191001893,6.62372624874115,14.846793174743652,-0.1013177358001026,3.166222178932286,117.25240437581766,152.9465482881245,15.75472919168379,87.4383594468866,316.2762258965873,31.37254901960784,27.45098039215686,35.29411764705882,1.2857142857142856,0.9961905460324264,-4.973770633418063,-3.277937010008792,-1.284131452519397,-0.0109503148905435,1.282053872864743,3.345789238732358,4.495699557583829,0.9994530343269404,0.0005063045367565,4.0661136303027624e-05,-3.991630073151144,0.9999990611551683,0.784960410678785,4.726035487651824,3.3057776987552643,7.409756898880005,-0.1013177292501567,3.166222198015146,58.51847961122179,76.33275850635538,7.862894683458006,43.638845546631885,157.84754391885872,31.37254901960784,27.45098039215686,35.29411764705882,1.2857142857142856,0.9961905460658388,-2.4823158316239686,-1.635956948243079,-0.6408859692439409,-0.0054651082884492,0.6398490913286833,1.6698207505121854,2.243719656027856,0.999453034323941,0.0005063045384961,4.066113756293474e-05,-3.991630059591507,2.0036797523498535,"{""128"": ""outputs/rheed_video_afm_story/variants/afm_second_order_y2_v1/phase7a_reconstruction_first/afm_texture_dataset/physical_maps/6047__N6047_1um_013__centered_128.npy"", ""256"": ""outputs/rheed_video_afm_story/variants/afm_second_order_y2_v1/phase7a_reconstruction_first/afm_texture_dataset/physical_maps/6047__N6047_1um_013__centered_256.npy""}","{""128"": ""outputs/rheed_video_afm_story/variants/afm_second_order_y2_v1/phase7a_reconstruction_first/afm_texture_dataset/unit_shape_maps/6047__N6047_1um_013__unit_128.npy"", ""256"": ""outputs/rheed_video_afm_story/variants/afm_second_order_y2_v1/phase7a_reconstruction_first/afm_texture_dataset/unit_shape_maps/6047__N6047_1um_013__unit_256.npy""}","{""256"": ""outputs/rheed_video_afm_story/variants/afm_second_order_y2_v1/phase7a_reconstruction_first/afm_texture_dataset/multiscale_pyramids/6047__N6047_1um_013__laplacian_256.npz""}"
6047,6047,N6047_5um_009,data/afm_second_order/6047/N6047_5um_009/N6047_5um_009_height.npy,data/pair/6047/AFM/N6047_5um.009,data/plane_corrected_afm/6047/N6047_5um_009/N6047_5um_009_plane_corrected.npy,5.0,5.0,256,256,nm,5.311223030090332,4.096913361779395,25.797466278076172,25.797466278076172,17.60051155090332,-0.7212927917853972,3.704819344341635,191.28581097251177,235.73505310681335,0.9211884146931512,0.0732175137998013,0.0055940715070473,-1.962716162470049,39.21568627450981,39.21568627450981,39.21568627450981,1.0,0c50fb3eaa55c6b0ad0878c338473542c33a752a2573283600a8e07d01773474,5.3112229906737785,4.0969133319138145,25.79746723175049,17.600510239601135,38.12560272216797,-0.7212927917853972,3.704819344341635,191.28581097251177,235.73505310681335,26.669561780460516,159.18950798406397,460.057841590539,39.21568627450981,39.21568627450981,39.21568627450981,1.0,0.99952443348439,-15.62084267440646,-10.263297155531337,-2.8040085584244028,0.7894922643581135,3.567840799657415,7.337213084069798,10.17662455734403,0.921188417702983,0.0732175111679315,0.0055940711290853,-1.9627161992014193,0.9999989898891122,0.7713683246576414,4.857156568765641,3.313830316066742,7.17830228805542,-0.7212928677434127,3.7048194270444177,36.01536183299417,44.38428141204715,5.021353830769866,29.9722584803762,86.61985815167185,39.21568627450981,39.21568627450981,39.21568627450981,1.0,0.999524433477898,-2.941098031865851,-1.9323772464864415,-0.527939734327094,0.1486458952553111,0.6717544074184734,1.3814530695803005,1.916058536899789,0.9211884146931512,0.0732175137998013,0.0055940715070473,-1.962716162470049,5.311223030090332,"{""128"": ""outputs/rheed_video_afm_story/variants/afm_second_order_y2_v1/phase7a_reconstruction_first/afm_texture_dataset/physical_maps/6047__N6047_5um_009__centered_128.npy"", ""256"": ""outputs/rheed_video_afm_story/variants/afm_second_order_y2_v1/phase7a_reconstruction_first/afm_texture_dataset/physical_maps/6047__N6047_5um_009__centered_256.npy""}","{""128"": ""outputs/rheed_video_afm_story/variants/afm_second_order_y2_v1/phase7a_reconstruction_first/afm_texture_dataset/unit_shape_maps/6047__N6047_5um_009__unit_128.npy"", ""256"": ""outputs/rheed_video_afm_story/variants/afm_second_order_y2_v1/phase7a_reconstruction_first/afm_texture_dataset/unit_shape_maps/6047__N6047_5um_009__unit_256.npy""}","{""256"": ""outputs/rheed_video_afm_story/variants/afm_second_order_y2_v1/phase7a_reconstruction_first/afm_texture_dataset/multiscale_pyramids/6047__N6047_5um_009__laplacian_256.npz""}"
6048,6048,N6048_1um_026,data/afm_second_order/6048/N6048_1um_026/N6048_1um_026_height.npy,data/pair/6048/AFM/N6048_1um.026,data/plane_corrected_afm/6048/N6048_1um_026/N6048_1um_026_plane_corrected.npy,1.0,1.0,256,256,nm,2.0924370288848877,1.6752380227162904,9.540294647216797,9.540294647216797,7.041414260864258,0.0825914042610917,2.809256990329865,105.102000394943,137.23192231222623,0.9995360960954072,0.0004325167022432,3.1387202349538976e-05,-4.0286107243171685,39.2156862745098,43.13725490196078,35.29411764705882,1.2222222222222223,d1a86ca216bfb3e01150c6a2234c53a5407be58e2e2d02845db90b7d9d38eabb,2.0924370105933594,1.6752380217902003,9.540294885635376,7.041414439678192,13.816611289978027,0.0825914042610917,2.809256990329865,105.102000394943,137.23192231222623,12.422016857812284,81.6886763545446,274.27723666313,39.2156862745098,43.13725490196078,35.29411764705882,1.2222222222222223,0.9954739835239644,-4.774570006030574,-3.387325805324093,-1.405887257951275,-0.1109354763207587,1.384253639084324,3.6540886343540993,4.765724879604803,0.9995360960929824,0.0004325167050936,3.1387201923801474e-05,-4.0286107334161905,0.999999060318067,0.8006149955689499,4.559413456916809,3.3651708364486694,6.603113174438477,0.0825914270988112,2.8092569917211563,50.22942181123717,65.58467101539382,5.936622070823079,39.03992919749171,131.0801398012369,39.2156862745098,43.13725490196078,35.29411764705882,1.2222222222222223,0.9954739835321976,-2.281820307440176,-1.618840972847357,-0.6718892706102277,-0.0530173209971333,0.6615503477388476,1.7463298636013125,2.2775931494766333,0.9995360960954072,0.0004325167022432,3.1387202349538976e-05,-4.0286107243171685,2.0924370288848877,"{""128"": ""outputs/rheed_video_afm_story/variants/afm_second_order_y2_v1/phase7a_reconstruction_first/afm_texture_dataset/physical_maps/6048__N6048_1um_026__centered_128.npy"", ""256"": ""outputs/rheed_video_afm_story/variants/afm_second_order_y2_v1/phase7a_reconstruction_first/afm_texture_dataset/physical_maps/6048__N6048_1um_026__centered_256.npy""}","{""128"": ""outputs/rheed_video_afm_story/variants/afm_second_order_y2_v1/phase7a_reconstruction_first/afm_texture_dataset/unit_shape_maps/6048__N6048_1um_026__unit_128.npy"", ""256"": ""outputs/rheed_video_afm_story/variants/afm_second_order_y2_v1/phase7a_reconstruction_first/afm_texture_dataset/unit_shape_maps/6048__N6048_1um_026__unit_256.npy""}","{""256"": ""outputs/rheed_video_afm_story/variants/afm_second_order_y2_v1/phase7a_reconstruction_first/afm_texture_dataset/multiscale_pyramids/6048__N6048_1um_026__laplacian_256.npz""}"
6048,6048,N6048_1um_027,data/afm_second_order/6048/N6048_1um_027/N6048_1um_027_height.npy,data/pair/6048/AFM/N6048_1um.027,data/plane_corrected_afm/6048/N6048_1um_027/N6048_1um_027_plane_corrected.npy,1.0,1.0,256,256,nm,1.868177890777588,1.4679420053674552,8.942961692810059,8.942961692810059,6.065559387207031,-0.2235674183544004,3.333488793420913,102.25424666875294,133.4427270463072,0.9995236234060444,0.0004419021770116,3.447441694406262e-05,-4.027716742058728,35.29411764705882,31.37254901960784,39.2156862745098,1.25,4ac8d590d689e69b3a9aa800f66006a0ab5642eeecd6e7d1b7a398a65ab247a2,1.8681778186631184,1.467942005356391,8.942961716651919,6.065559208393097,14.683837413787842,-0.2235674183544004,3.333488793420913,102.25424666875294,133.4427270463072,14.73763588475962,78.30765422487829,270.75239093720904,35.29411764705882,31.37254901960784,39.2156862745098,1.25,0.9974539993243638,-4.924944216876804,-3.1483978578146083,-1.1742601343687162,0.0525134815577879,1.2530033639375582,2.917161350578489,4.018017499775115,0.9995236234032994,0.0004419021793371,3.4474417363597386e-05,-4.027716736209154,0.9999989751762473,0.7857605879386689,4.786992359161378,3.246774911880493,7.859970331192017,-0.2235673580526258,3.33348877542094,54.73469413566053,71.42927625640021,7.8887662591243055,41.91655715366197,144.92844713378025,35.29411764705882,31.37254901960784,39.2156862745098,1.25,0.997453999281204,-2.6362261723268197,-1.6852755914914777,-0.6285583894241024,0.0281094158527087,0.6707082022440266,1.5614993203890155,2.150766186834558,0.9995236234060444,0.0004419021770116,3.447441694406262e-05,-4.027716742058728,1.868177890777588,"{""128"": ""outputs/rheed_video_afm_story/variants/afm_second_order_y2_v1/phase7a_reconstruction_first/afm_texture_dataset/physical_maps/6048__N6048_1um_027__centered_128.npy"", ""256"": ""outputs/rheed_video_afm_story/variants/afm_second_order_y2_v1/phase7a_reconstruction_first/afm_texture_dataset/physical_maps/6048__N6048_1um_027__centered_256.npy""}","{""128"": ""outputs/rheed_video_afm_story/variants/afm_second_order_y2_v1/phase7a_reconstruction_first/afm_texture_dataset/unit_shape_maps/6048__N6048_1um_027__unit_128.npy"", ""256"": ""outputs/rheed_video_afm_story/variants/afm_second_order_y2_v1/phase7a_reconstruction_first/afm_texture_dataset/unit_shape_maps/6048__N6048_1um_027__unit_256.npy""}","{""256"": ""outputs/rheed_video_afm_story/variants/afm_second_order_y2_v1/phase7a_reconstruction_first/afm_texture_dataset/multiscale_pyramids/6048__N6048_1um_027__laplacian_256.npz""}"
6056,6056,GdSb_N6056_ctr_000,data/afm_second_order/6056/GdSb_N6056_ctr_000/GdSb_N6056_ctr_000_height.npy,data/pair/6056/AFM/GdSb_N6056_ctr.000,data/plane_corrected_afm/6056/GdSb_N6056_ctr_000/GdSb_N6056_ctr_000_plane_corrected.npy,0.5,0.5,256,256,nm,3.137258768081665,2.5578424643366375,13.715620994567873,13.715620994567873,10.499271392822266,0.0694694186674318,2.6424376610796085,216.26058934504815,289.61778928881904,0.9994579226720632,0.0004216030905478,0.0001204742373889,-3.108319397490339,31.37254901960784,33.33333333333333,29.41176470588235,1.1333333333333333,60d78535cb5d3c707c2cdb6a1d48f7c34a8d68f64836e2904c83f6018fdd5dbc,3.1372586498015895,2.5578424646112774,13.715621328353883,10.499271869659424,24.198665618896484,0.0694694186674318,2.6424376610796085,216.26058934504815,289.61778928881904,26.697538054358347,158.9435005253264,602.3985216068853,31.37254901960784,33.33333333333333,29.41176470588235,1.1333333333333333,0.9910771820132128,-6.98587816077878,-4.927886608425875,-2.239510122124453,-0.0472755538265898,2.0970569817383096,5.571385261233549,6.729743167575102,0.999457922669997,0.000421603091919,0.000120474238084,-3.108319395548542,0.9999990649226796,0.8153105485706689,4.37184510231018,3.3466357588768005,7.713308334350586,0.0694694285206405,2.6424376722851983,68.93291610043298,92.31547358603518,8.509826410285367,50.66313879356166,192.01411282645603,31.37254901960784,33.33333333333333,29.41176470588235,1.1333333333333333,0.99107718202,-2.2267439141078778,-1.5707604601188487,-0.7138423188730068,-0.0150690553850418,0.668435452957552,1.7758752987579518,2.145101188202303,0.9994579226720632,0.0004216030905478,0.0001204742373889,-3.108319397490339,3.137258768081665,"{""128"": ""outputs/rheed_video_afm_story/variants/afm_second_order_y2_v1/phase7a_reconstruction_first/afm_texture_dataset/physical_maps/6056__GdSb_N6056_ctr_000__centered_128.npy"", ""256"": ""outputs/rheed_video_afm_story/variants/afm_second_order_y2_v1/phase7a_reconstruction_first/afm_texture_dataset/physical_maps/6056__GdSb_N6056_ctr_000__centered_256.npy""}","{""128"": ""outputs/rheed_video_afm_story/variants/afm_second_order_y2_v1/phase7a_reconstruction_first/afm_texture_dataset/unit_shape_maps/6056__GdSb_N6056_ctr_000__unit_128.npy"", ""256"": ""outputs/rheed_video_afm_story/variants/afm_second_order_y2_v1/phase7a_reconstruction_first/afm_texture_dataset/unit_shape_maps/6056__GdSb_N6056_ctr_000__unit_256.npy""}","{""256"": ""outputs/rheed_video_afm_story/variants/afm_second_order_y2_v1/phase7a_reconstruction_first/afm_texture_dataset/multiscale_pyramids/6056__GdSb_N6056_ctr_000__laplacian_256.npz""}"
6056,6056,GdSb_N6056_ctr_001,data/afm_second_order/6056/GdSb_N6056_ctr_001/GdSb_N6056_ctr_001_height.npy,data/pair/6056/AFM/GdSb_N6056_ctr.001,data/plane_corrected_afm/6056/GdSb_N6056_ctr_001/GdSb_N6056_ctr_001_plane_corrected.npy,0.5,0.5,256,256,nm,2.943023920059204,2.253406653188531,14.62986946105957,14.62986946105957,10.5441255569458,0.0098230605818246,3.4977601057574668,203.68623353838828,276.67086656158926,0.9995507726521088,0.00032604775607,0.0001231795918213,-3.075874296354003,31.37254901960784,35.29411764705882,27.45098039215686,1.2857142857142856,fff2d2e086a42e37197fa7f44c1f45d6b426a6d2c21e4ef7de589a749b1a206b,2.9430240377327954,2.2534066521147036,14.629869627952576,10.544126152992249,22.822004318237305,0.0098230605818246,3.4977601057574668,203.68623353838828,276.67086656158926,36.873971675890864,147.32367590608877,578.9066658463773,31.37254901960784,35.29411764705882,27.45098039215686,1.2857142857142856,0.979436576796006,-7.5302198420991155,-4.9166417132844185,-1.726225049399302,-0.0540564853479124,1.7320540834437157,5.62748443970783,7.099649785853462,0.999550772653033,0.000326047753584,0.000123179593383,-3.0758742928182037,0.999999003600724,0.7656765203280421,4.971028125286103,3.582748681306839,7.754602432250977,0.0098230569917984,3.497760138766218,69.20977494024294,94.00894723886424,12.529257088454056,50.05855369923936,196.7045095124228,31.37254901960784,35.29411764705882,27.45098039215686,1.2857142857142856,0.9794365766887548,-2.558664906447894,-1.6706070308146543,-0.5865474645552701,-0.018367650410301,0.5885280813517505,1.9121416504921849,2.412363218838209,0.9995507726521088,0.00032604775607,0.0001231795918213,-3.075874296354003,2.943023920059204,"{""128"": ""outputs/rheed_video_afm_story/variants/afm_second_order_y2_v1/phase7a_reconstruction_first/afm_texture_dataset/physical_maps/6056__GdSb_N6056_ctr_001__centered_128.npy"", ""256"": ""outputs/rheed_video_afm_story/variants/afm_second_order_y2_v1/phase7a_reconstruction_first/afm_texture_dataset/physical_maps/6056__GdSb_N6056_ctr_001__centered_256.npy""}","{""128"": ""outputs/rheed_video_afm_story/variants/afm_second_order_y2_v1/phase7a_reconstruction_first/afm_texture_dataset/unit_shape_maps/6056__GdSb_N6056_ctr_001__unit_128.npy"", ""256"": ""outputs/rheed_video_afm_story/variants/afm_second_order_y2_v1/phase7a_reconstruction_first/afm_texture_dataset/unit_shape_maps/6056__GdSb_N6056_ctr_001__unit_256.npy""}","{""256"": ""outputs/rheed_video_afm_story/variants/afm_second_order_y2_v1/phase7a_reconstruction_first/afm_texture_dataset/multiscale_pyramids/6056__GdSb_N6056_ctr_001__laplacian_256.npz""}"
6056,6056,GdSb_N6056_ctr_002,data/afm_second_order/6056/GdSb_N6056_ctr_002/GdSb_N6056_ctr_002_height.npy,data/pair/6056/AFM/GdSb_N6056_ctr.002,data/plane_corrected_afm/6056/GdSb_N6056_ctr_002/GdSb_N6056_ctr_002_plane_corrected.npy,0.0,0.0,512,512,nm,2.1406517028808594,1.6184039004531052,11.328453063964844,11.328453063964844,6.663066864013672,-0.5869954554054259,5.0164615846341025,inf,inf,0.9993659607793696,0.0004596329043385,0.000174406316292,-2.7145403016721805,0.0,0.0,0.0,0.0,c2425b803e970561dda905bc3472ac3f6f5cf213510ba45c57f06e62369afb08,2.1406516822650947,1.6184038986272342,11.328452839851384,6.663067066669463,20.511473178863525,-0.5869954554054259,5.0164615846341025,inf,inf,,,,0.0,0.0,0.0,0.0,,-6.327905704759915,-3.5091797945731473,-1.195940100931485,0.1463281201488181,1.3386699619061158,3.153887272096316,5.00054713509147,0.999365960781311,0.000459632902626,0.0001744063160627,-2.714540300100441,0.999999073219622,0.756032570876392,5.292052950859072,3.11263193488121,9.581873893737791,-0.5869955112922391,5.016461721231054,inf,inf,,,,0.0,0.0,0.0,0.0,,-2.9560623958788335,-1.63930284053902,-0.558679926105541,0.0683567422546923,0.6253556880273402,1.47332909434219,2.335990554980239,0.9993659607793696,0.0004596329043385,0.000174406316292,-2.7145403016721805,2.1406517028808594,"{""128"": ""outputs/rheed_video_afm_story/variants/afm_second_order_y2_v1/phase7a_reconstruction_first/afm_texture_dataset/physical_maps/6056__GdSb_N6056_ctr_002__centered_128.npy"", ""256"": ""outputs/rheed_video_afm_story/variants/afm_second_order_y2_v1/phase7a_reconstruction_first/afm_texture_dataset/physical_maps/6056__GdSb_N6056_ctr_002__centered_256.npy""}","{""128"": ""outputs/rheed_video_afm_story/variants/afm_second_order_y2_v1/phase7a_reconstruction_first/afm_texture_dataset/unit_shape_maps/6056__GdSb_N6056_ctr_002__unit_128.npy"", ""256"": ""outputs/rheed_video_afm_story/variants/afm_second_order_y2_v1/phase7a_reconstruction_first/afm_texture_dataset/unit_shape_maps/6056__GdSb_N6056_ctr_002__unit_256.npy""}","{""256"": ""outputs/rheed_video_afm_story/variants/afm_second_order_y2_v1/phase7a_reconstruction_first/afm_texture_dataset/multiscale_pyramids/6056__GdSb_N6056_ctr_002__laplacian_256.npz""}"
6056,6056,GdSb_N6056_ctr_004,data/afm_second_order/6056/GdSb_N6056_ctr_004/GdSb_N6056_ctr_004_height.npy,data/pair/6056/AFM/GdSb_N6056_ctr.004,data/plane_corrected_afm/6056/GdSb_N6056_ctr_004/GdSb_N6056_ctr_004_plane_corrected.npy,1.0,1.0,256,256,nm,3.104475975036621,2.425853198951327,15.117753982543944,15.117753982543944,10.182111740112305,-0.0397390120310146,3.4190433511438036,170.37069656571973,237.19621760591397,0.9990298672243656,0.000863808344768,0.0001063244308661,-3.557335186251946,31.37254901960784,35.29411764705882,31.37254901960784,1.125,db5bd1665a99ee57af92258acabea091964101363191cd5d03114d34ad2d5bdb,3.1044760430849743,2.425853197822509,15.117753601074218,10.182111144065855,27.595623016357425,-0.0397390120310146,3.4190433511438036,170.37069656571973,237.19621760591397,12.885744915570518,116.44968429917532,506.50081371667653,31.37254901960784,35.29411764705882,31.37254901960784,1.125,0.9945341895792588,-7.662000296150921,-5.248322746788738,-1.9779055631511195,0.10219589706731,2.0106247448570747,4.933788397277119,7.455753304923298,0.9990298672307972,0.0008638083382253,0.0001063244309775,-3.557335181262262,0.9999990003971764,0.7814042498513587,4.869658744335174,3.2798129618167877,8.888970136642456,-0.039739063129218,3.4190433512529976,54.87899551508136,76.40451352598437,4.150699411472421,37.51021673094667,163.15163304287907,31.37254901960784,35.29411764705882,31.37254901960784,1.125,0.9945341896433426,-2.468047059361927,-1.6905646808791084,-0.6371134557175561,0.0329188760024385,0.6476528010916786,1.5892482809376791,2.401611684973248,0.9990298672243656,0.000863808344768,0.0001063244308661,-3.557335186251946,3.104475975036621,"{""128"": ""outputs/rheed_video_afm_story/variants/afm_second_order_y2_v1/phase7a_reconstruction_first/afm_texture_dataset/physical_maps/6056__GdSb_N6056_ctr_004__centered_128.npy"", ""256"": ""outputs/rheed_video_afm_story/variants/afm_second_order_y2_v1/phase7a_reconstruction_first/afm_texture_dataset/physical_maps/6056__GdSb_N6056_ctr_004__centered_256.npy""}","{""128"": ""outputs/rheed_video_afm_story/variants/afm_second_order_y2_v1/phase7a_reconstruction_first/afm_texture_dataset/unit_shape_maps/6056__GdSb_N6056_ctr_004__unit_128.npy"", ""256"": ""outputs/rheed_video_afm_story/variants/afm_second_order_y2_v1/phase7a_reconstruction_first/afm_texture_dataset/unit_shape_maps/6056__GdSb_N6056_ctr_004__unit_256.npy""}","{""256"": ""outputs/rheed_video_afm_story/variants/afm_second_order_y2_v1/phase7a_reconstruction_first/afm_texture_dataset/multiscale_pyramids/6056__GdSb_N6056_ctr_004__laplacian_256.npz""}"
6056,6056,GdSb_N6056_ctr_005,data/afm_second_order/6056/GdSb_N6056_ctr_005/GdSb_N6056_ctr_005_height.npy,data/pair/6056/AFM/GdSb_N6056_ctr.005,data/plane_corrected_afm/6056/GdSb_N6056_ctr_005/GdSb_N6056_ctr_005_plane_corrected.npy,1.0,1.0,256,256,nm,2.7786154747009277,2.20579059767128,13.281603813171388,13.281603813171388,9.041547775268556,-0.0618519964342218,3.278184326835319,160.59313063234384,218.65357131517993,0.9988925364049542,0.0009449658091689,0.0001624977858766,-3.358665304677259,31.37254901960784,35.29411764705882,31.37254901960784,1.125,9a2eba2243080111ece9bc3ec0e14681889a0370c720d384cc51ad40370c9da9,2.778615402704673,2.2057905977238126,13.28160390853882,9.041548132896423,23.24315357208252,-0.0618519964342218,3.278184326835319,160.59313063234384,218.65357131517993,14.920501696580777,112.34245298548188,461.0259268777289,31.37254901960784,35.29411764705882,31.37254901960784,1.125,0.9945524820876644,-6.82777136165114,-4.5321557362696705,-1.8701276024004991,0.1614518399217547,1.796823100266737,4.509392396626753,6.45383254688768,0.9988925363957236,0.000944965815785,0.0001624977884909,-3.3586652949736187,0.9999990363112,0.7938444701177467,4.779931497573854,3.253973037004471,8.365004539489746,-0.0618519983421839,3.2781843151199017,57.79604312644535,78.69148072935381,5.369759734658385,40.43105187719855,165.91913455327088,31.37254901960784,35.29411764705882,31.37254901960784,1.125,0.9945524821477092,-2.4572543693074307,-1.6310826492795072,-0.6730423373469434,0.0581050934902109,0.6466607349625506,1.6228903877249636,2.3226771282664225,0.9988925364049542,0.0009449658091689,0.0001624977858766,-3.358665304677259,2.7786154747009277,"{""128"": ""outputs/rheed_video_afm_story/variants/afm_second_order_y2_v1/phase7a_reconstruction_first/afm_texture_dataset/physical_maps/6056__GdSb_N6056_ctr_005__centered_128.npy"", ""256"": ""outputs/rheed_video_afm_story/variants/afm_second_order_y2_v1/phase7a_reconstruction_first/afm_texture_dataset/physical_maps/6056__GdSb_N6056_ctr_005__centered_256.npy""}","{""128"": ""outputs/rheed_video_afm_story/variants/afm_second_order_y2_v1/phase7a_reconstruction_first/afm_texture_dataset/unit_shape_maps/6056__GdSb_N6056_ctr_005__unit_128.npy"", ""256"": ""outputs/rheed_video_afm_story/variants/afm_second_order_y2_v1/phase7a_reconstruction_first/afm_texture_dataset/unit_shape_maps/6056__GdSb_N6056_ctr_005__unit_256.npy""}","{""256"": ""outputs/rheed_video_afm_story/variants/afm_second_order_y2_v1/phase7a_reconstruction_first/afm_texture_dataset/multiscale_pyramids/6056__GdSb_N6056_ctr_005__laplacian_256.npz""}"
6056,6056,GdSb_N6056_ctr_006,data/afm_second_order/6056/GdSb_N6056_ctr_006/GdSb_N6056_ctr_006_height.npy,data/pair/6056/AFM/GdSb_N6056_ctr.006,data/plane_corrected_afm/6056/GdSb_N6056_ctr_006/GdSb_N6056_ctr_006_plane_corrected.npy,1.0,1.0,256,256,nm,2.873220205307007,2.2420162706200717,13.90867042541504,13.90867042541504,9.563436508178713,0.0421553871198028,3.4356648868954256,158.32135948616266,214.67377089622843,0.999037146638321,0.0008564544045659,0.0001063989571131,-3.529389863895408,31.37254901960784,35.29411764705882,35.29411764705882,1.0,1d3b113ee07bfd4ae192f26ac52eddf22da989b59d8fabcb86cd264b7782f5ea,2.87322020639579,2.2420162697868076,13.908670806884768,9.563437342643738,26.25381565093994,0.0421553871198028,3.4356648868954256,158.32135948616266,214.67377089622843,14.537636492466197,113.46361507348917,448.1983809442603,31.37254901960784,35.29411764705882,35.29411764705882,1.0,0.995830146231822,-6.777273311435786,-4.75900789719781,-1.8529401682015323,0.0525610708002184,1.832268897474203,4.804429445445928,7.131397495448981,0.9990371466532127,0.0008564543965758,0.0001063989502113,-3.5293898955969674,0.9999990742932264,0.7803140837809251,4.840790820121766,3.328470468521118,9.137410640716553,0.0421553661907345,3.435664918616042,55.102359732779114,74.71532193763024,5.059696619662461,39.49001372330213,155.99151255100728,31.37254901960784,35.29411764705882,35.29411764705882,1.0,0.9958301462234886,-2.3587705459465793,-1.656330969559174,-0.6448996182551197,0.0182934194783159,0.6377051059136578,1.6721394989619442,2.4820202741751864,0.999037146638321,0.0008564544045659,0.0001063989571131,-3.529389863895408,2.873220205307007,"{""128"": ""outputs/rheed_video_afm_story/variants/afm_second_order_y2_v1/phase7a_reconstruction_first/afm_texture_dataset/physical_maps/6056__GdSb_N6056_ctr_006__centered_128.npy"", ""256"": ""outputs/rheed_video_afm_story/variants/afm_second_order_y2_v1/phase7a_reconstruction_first/afm_texture_dataset/physical_maps/6056__GdSb_N6056_ctr_006__centered_256.npy""}","{""128"": ""outputs/rheed_video_afm_story/variants/afm_second_order_y2_v1/phase7a_reconstruction_first/afm_texture_dataset/unit_shape_maps/6056__GdSb_N6056_ctr_006__unit_128.npy"", ""256"": ""outputs/rheed_video_afm_story/variants/afm_second_order_y2_v1/phase7a_reconstruction_first/afm_texture_dataset/unit_shape_maps/6056__GdSb_N6056_ctr_006__unit_256.npy""}","{""256"": ""outputs/rheed_video_afm_story/variants/afm_second_order_y2_v1/phase7a_reconstruction_first/afm_texture_dataset/multiscale_pyramids/6056__GdSb_N6056_ctr_006__laplacian_256.npz""}"
6056,6056,GdSb_N6056_ctr_009,data/afm_second_order/6056/GdSb_N6056_ctr_009/GdSb_N6056_ctr_009_height.npy,data/pair/6056/AFM/GdSb_N6056_ctr.009,data/plane_corrected_afm/6056/GdSb_N6056_ctr_009/GdSb_N6056_ctr_009_plane_corrected.npy,1.0,1.0,256,256,nm,2.7708516120910645,2.1799530839909305,13.214277267456056,13.214277267456056,9.026315689086914,-0.2173284758632526,3.342106573073005,156.5158216781332,211.4950268740554,0.9990791876960128,0.0008058559131455,0.000114956390842,-3.500951746578727,31.37254901960784,35.29411764705882,35.29411764705882,1.0,890a1aac19535649a4ac5b2a6da9fad26ec97f0e908a9ebc0fa42d647e024dab,2.770851664392199,2.1799530838726673,13.21427681446076,9.026315331459044,24.53932285308838,-0.2173284758632526,3.342106573073005,156.5158216781332,211.4950268740554,13.748866243413053,111.43993004939378,440.1538002013113,31.37254901960784,35.29411764705882,35.29411764705882,1.0,0.9951025025666655,-6.903618343263157,-4.798712594895847,-1.736669375091083,0.1532764150805399,1.83629663428735,4.227602736563198,6.310658471197603,0.9990791877011396,0.0008058559079115,0.0001149563909488,-3.500951745087793,0.9999990799282064,0.7867440561615614,4.7690265059471155,3.2575928270816803,8.856230020523071,-0.2173284888269193,3.3421066027341073,56.48648742721434,76.32845712667653,4.961961412635901,40.21861658680207,158.851307052906,31.37254901960784,35.29411764705882,35.29411764705882,1.0,0.9951014129571202,-2.491512721097144,-1.7318530612346257,-0.6267632030603015,0.0553173843118823,0.6627186007145321,1.5257397658470548,2.277513784849971,0.9990791876960128,0.0008058559131455,0.000114956390842,-3.500951746578727,2.7708516120910645,"{""128"": ""outputs/rheed_video_afm_story/variants/afm_second_order_y2_v1/phase7a_reconstruction_first/afm_texture_dataset/physical_maps/6056__GdSb_N6056_ctr_009__centered_128.npy"", ""256"": ""outputs/rheed_video_afm_story/variants/afm_second_order_y2_v1/phase7a_reconstruction_first/afm_texture_dataset/physical_maps/6056__GdSb_N6056_ctr_009__centered_256.npy""}","{""128"": ""outputs/rheed_video_afm_story/variants/afm_second_order_y2_v1/phase7a_reconstruction_first/afm_texture_dataset/unit_shape_maps/6056__GdSb_N6056_ctr_009__unit_128.npy"", ""256"": ""outputs/rheed_video_afm_story/variants/afm_second_order_y2_v1/phase7a_reconstruction_first/afm_texture_dataset/unit_shape_maps/6056__GdSb_N6056_ctr_009__unit_256.npy""}","{""256"": ""outputs/rheed_video_afm_story/variants/afm_second_order_y2_v1/phase7a_reconstruction_first/afm_texture_dataset/multiscale_pyramids/6056__GdSb_N6056_ctr_009__laplacian_256.npz""}"
6056,6056,GdSb_N6056_ctr_010,data/afm_second_order/6056/GdSb_N6056_ctr_010/GdSb_N6056_ctr_010_height.npy,data/pair/6056/AFM/GdSb_N6056_ctr.010,data/plane_corrected_afm/6056/GdSb_N6056_ctr_010/GdSb_N6056_ctr_010_plane_corrected.npy,1.0,1.0,256,256,nm,2.8827075958251953,2.2270601904686567,13.964219093322754,13.964219093322754,9.515409469604492,-0.2522097776050701,3.5426927779156654,162.415178382218,223.23876847123776,0.9990858437898588,0.0008076698431366,0.0001064863670044,-3.541641549526443,31.37254901960784,31.37254901960784,31.37254901960784,1.0,3b044660a96f83d9f329f55d8f7c965c561196bade3e0f5879150e3093671097,2.8827075947288616,2.22706018706017,13.964219188690189,9.515409111976624,25.831114768981937,-0.2522097776050701,3.5426927779156654,162.415178382218,223.23876847123776,11.296584144857665,114.09003644564211,467.444475448492,31.37254901960784,31.37254901960784,31.37254901960784,1.0,0.994596359924141,-7.56731820729442,-4.9855948510474715,-1.693589848548845,0.1021046591096366,1.8529602763348068,4.529814260929152,6.396900981395769,0.9990858437893668,0.0008076698423754,0.0001064863682578,-3.541641535406278,0.999999076517928,0.7725577621942901,4.8441284060478225,3.3008550703525543,8.96070408821106,-0.2522098325996212,3.5426927920401887,56.34113874899284,77.44058526104187,3.9187365270065393,39.57733460693406,162.15453525438073,31.37254901960784,31.37254901960784,31.37254901960784,1.0,0.9945963599996048,-2.625070632246324,-1.7294817574294297,-0.5874991573365418,0.0354196738479646,0.642784088107756,1.5713733129231249,2.219057773801498,0.9990858437898588,0.0008076698431366,0.0001064863670044,-3.541641549526443,2.8827075958251953,"{""128"": ""outputs/rheed_video_afm_story/variants/afm_second_order_y2_v1/phase7a_reconstruction_first/afm_texture_dataset/physical_maps/6056__GdSb_N6056_ctr_010__centered_128.npy"", ""256"": ""outputs/rheed_video_afm_story/variants/afm_second_order_y2_v1/phase7a_reconstruction_first/afm_texture_dataset/physical_maps/6056__GdSb_N6056_ctr_010__centered_256.npy""}","{""128"": ""outputs/rheed_video_afm_story/variants/afm_second_order_y2_v1/phase7a_reconstruction_first/afm_texture_dataset/unit_shape_maps/6056__GdSb_N6056_ctr_010__unit_128.npy"", ""256"": ""outputs/rheed_video_afm_story/variants/afm_second_order_y2_v1/phase7a_reconstruction_first/afm_texture_dataset/unit_shape_maps/6056__GdSb_N6056_ctr_010__unit_256.npy""}","{""256"": ""outputs/rheed_video_afm_story/variants/afm_second_order_y2_v1/phase7a_reconstruction_first/afm_texture_dataset/multiscale_pyramids/6056__GdSb_N6056_ctr_010__laplacian_256.npz""}"
6056,6056,GdSb_N6056_ctr_011,data/afm_second_order/6056/GdSb_N6056_ctr_011/GdSb_N6056_ctr_011_height.npy,data/pair/6056/AFM/GdSb_N6056_ctr.011,data/plane_corrected_afm/6056/GdSb_N6056_ctr_011/GdSb_N6056_ctr_011_plane_corrected.npy,1.0,1.0,256,256,nm,3.0759005546569824,2.403627412745669,14.15895652770996,14.15895652770996,10.551467895507812,-0.1163483893542364,3.052000960310749,164.2519250726079,224.88582016345637,0.999028043474765,0.0008664389505208,0.0001055175747139,-3.5451013773916222,35.29411764705882,35.29411764705882,31.37254901960784,1.125,f33183324bd0e5e63f8351ac68615ad163243d6b1c163831ae8d93db184f865c,3.075900480739477,2.4036274138023397,14.158957147598269,10.551468014717102,24.37965679168701,-0.1163483893542364,3.052000960310749,164.2519250726079,224.88582016345637,13.167318613472515,113.56056299685208,475.5021839032216,35.29411764705882,35.29411764705882,31.37254901960784,1.125,0.9941345660580808,-7.253499134745377,-5.348856290545243,-1.8769158923289953,0.0957242755927862,1.9738886452057185,5.2026117241718595,6.905458012852891,0.9990280434642378,0.0008664389603669,0.0001055175753952,-3.545101380839851,0.9999990709195914,0.7814378895714603,4.603186535835266,3.4303639829158783,7.926015377044678,-0.1163483120693178,3.052000956209685,53.39957283453158,73.11212142831955,4.280796582151028,36.9194241834054,154.58944231629283,35.29411764705882,35.29411764705882,31.37254901960784,1.125,0.9941345659677092,-2.3581687063355847,-1.7389545709271834,-0.6101999253411696,0.0311206776271654,0.641726496777971,1.6914094119886949,2.245017829499681,0.999028043474765,0.0008664389505208,0.0001055175747139,-3.5451013773916222,3.0759005546569824,"{""128"": ""outputs/rheed_video_afm_story/variants/afm_second_order_y2_v1/phase7a_reconstruction_first/afm_texture_dataset/physical_maps/6056__GdSb_N6056_ctr_011__centered_128.npy"", ""256"": ""outputs/rheed_video_afm_story/variants/afm_second_order_y2_v1/phase7a_reconstruction_first/afm_texture_dataset/physical_maps/6056__GdSb_N6056_ctr_011__centered_256.npy""}","{""128"": ""outputs/rheed_video_afm_story/variants/afm_second_order_y2_v1/phase7a_reconstruction_first/afm_texture_dataset/unit_shape_maps/6056__GdSb_N6056_ctr_011__unit_128.npy"", ""256"": ""outputs/rheed_video_afm_story/variants/afm_second_order_y2_v1/phase7a_reconstruction_first/afm_texture_dataset/unit_shape_maps/6056__GdSb_N6056_ctr_011__unit_256.npy""}","{""256"": ""outputs/rheed_video_afm_story/variants/afm_second_order_y2_v1/phase7a_reconstruction_first/afm_texture_dataset/multiscale_pyramids/6056__GdSb_N6056_ctr_011__laplacian_256.npz""}"
6056,6056,GdSb_N6056_ctr_012,data/afm_second_order/6056/GdSb_N6056_ctr_012/GdSb_N6056_ctr_012_height.npy,data/pair/6056/AFM/GdSb_N6056_ctr.012,data/plane_corrected_afm/6056/GdSb_N6056_ctr_012/GdSb_N6056_ctr_012_plane_corrected.npy,1.0,1.0,256,256,nm,2.6061594486236572,2.0209274324613133,12.94644260406494,12.94644260406494,8.709071159362793,-0.1131301236128191,3.3390680294397828,149.00444584622122,202.39302497719825,0.9989887326922324,0.000890263096803,0.0001210042109645,-3.512061880093378,31.37254901960784,31.37254901960784,31.37254901960784,1.0,36e1e4dae0084cfad9b7d1b463656cb28e2b327b3629aa72c85e9b3c7d0e35ae,2.60615941138017,2.0209274339957393,12.946442246437076,8.709071040153503,17.90458631515503,-0.1131301236128191,3.3390680294397828,149.00444584622122,202.39302497719825,12.47532900528422,100.98070165308384,430.7713163827169,31.37254901960784,31.37254901960784,31.37254901960784,1.0,0.9943007711174012,-6.567021830396727,-4.4246662929821765,-1.5843761339951308,0.0463362233545629,1.6315081342887132,4.284404747171327,6.379420416040348,0.9989887326816184,0.0008902631057199,0.0001210042126618,-3.512061874165006,0.9999990235435826,0.7754419980648724,4.967627751827241,3.341722935438156,6.870097398757935,-0.1131300773768838,3.339068015437737,57.173900949946805,77.65941931888527,4.786850782244024,38.74689918712539,165.28954455810552,31.37254901960784,31.37254901960784,31.37254901960784,1.0,0.9943007710839614,-2.519805783652241,-1.6977710372437786,-0.6079346335162472,0.0177794943894196,0.6260194980869938,1.6439518981943777,2.4478219681749995,0.9989887326922324,0.000890263096803,0.0001210042109645,-3.512061880093378,2.6061594486236572,"{""128"": ""outputs/rheed_video_afm_story/variants/afm_second_order_y2_v1/phase7a_reconstruction_first/afm_texture_dataset/physical_maps/6056__GdSb_N6056_ctr_012__centered_128.npy"", ""256"": ""outputs/rheed_video_afm_story/variants/afm_second_order_y2_v1/phase7a_reconstruction_first/afm_texture_dataset/physical_maps/6056__GdSb_N6056_ctr_012__centered_256.npy""}","{""128"": ""outputs/rheed_video_afm_story/variants/afm_second_order_y2_v1/phase7a_reconstruction_first/afm_texture_dataset/unit_shape_maps/6056__GdSb_N6056_ctr_012__unit_128.npy"", ""256"": ""outputs/rheed_video_afm_story/variants/afm_second_order_y2_v1/phase7a_reconstruction_first/afm_texture_dataset/unit_shape_maps/6056__GdSb_N6056_ctr_012__unit_256.npy""}","{""256"": ""outputs/rheed_video_afm_story/variants/afm_second_order_y2_v1/phase7a_reconstruction_first/afm_texture_dataset/multiscale_pyramids/6056__GdSb_N6056_ctr_012__laplacian_256.npz""}"
6056,6056,GdSb_N6056_ctr_013,data/afm_second_order/6056/GdSb_N6056_ctr_013/GdSb_N6056_ctr_013_height.npy,data/pair/6056/AFM/GdSb_N6056_ctr.013,data/plane_corrected_afm/6056/GdSb_N6056_ctr_013/GdSb_N6056_ctr_013_plane_corrected.npy,1.0,1.0,256,256,nm,2.825535535812378,2.2517817722123192,13.659181594848633,13.659181594848633,9.195877075195312,-0.1166853288160048,3.0620313043978373,162.0146529397894,215.6042827829436,0.999179917035346,0.0007226933499997,9.73896146541526e-05,-3.5667865303455697,31.37254901960784,35.29411764705882,31.37254901960784,1.125,831d97ddea9c40fac9ce52b78ec5f7555d2fae231db5647251110c4004c1d8f1,2.8255355236416504,2.25178176882205,13.6591817855835,9.195876359939575,19.74721336364746,-0.1166853288160048,3.0620313043978373,162.0146529397894,215.6042827829436,16.642687073535996,116.5644542780473,448.7067060804609,31.37254901960784,35.29411764705882,31.37254901960784,1.125,0.9928401509056984,-6.947719702600643,-4.815590391039058,-1.8593430315248216,0.040202995658711,1.9687119628198897,4.380285968900517,6.711462082982856,0.999179917056101,0.0007226933317649,9.738961213395672e-05,-3.566786536194545,0.9999990654226204,0.7969390735339784,4.834187674522401,3.2545573711395264,6.988832473754883,-0.1166854357015429,3.062031318535382,57.339396749091506,76.30556460516289,5.890092272456002,41.25389125039433,158.8039907000671,31.37254901960784,35.29411764705882,31.37254901960784,1.125,0.9928401509781624,-2.458901445326789,-1.704309068379386,-0.6580491436099843,0.0142284541005058,0.6967564600134059,1.5502483027601404,2.375286229195612,0.999179917035346,0.0007226933499997,9.73896146541526e-05,-3.5667865303455697,2.825535535812378,"{""128"": ""outputs/rheed_video_afm_story/variants/afm_second_order_y2_v1/phase7a_reconstruction_first/afm_texture_dataset/physical_maps/6056__GdSb_N6056_ctr_013__centered_128.npy"", ""256"": ""outputs/rheed_video_afm_story/variants/afm_second_order_y2_v1/phase7a_reconstruction_first/afm_texture_dataset/physical_maps/6056__GdSb_N6056_ctr_013__centered_256.npy""}","{""128"": ""outputs/rheed_video_afm_story/variants/afm_second_order_y2_v1/phase7a_reconstruction_first/afm_texture_dataset/unit_shape_maps/6056__GdSb_N6056_ctr_013__unit_128.npy"", ""256"": ""outputs/rheed_video_afm_story/variants/afm_second_order_y2_v1/phase7a_reconstruction_first/afm_texture_dataset/unit_shape_maps/6056__GdSb_N6056_ctr_013__unit_256.npy""}","{""256"": ""outputs/rheed_video_afm_story/variants/afm_second_order_y2_v1/phase7a_reconstruction_first/afm_texture_dataset/multiscale_pyramids/6056__GdSb_N6056_ctr_013__laplacian_256.npz""}"
6056,6056,GdSb_N6056_ctr_Copy_000,data/afm_second_order/6056/GdSb_N6056_ctr_Copy_000/GdSb_N6056_ctr_Copy_000_height.npy,data/pair/6056/AFM/GdSb_N6056_ctr - Copy.000,data/plane_corrected_afm/6056/GdSb_N6056_ctr_Copy_000/GdSb_N6056_ctr_Copy_000_plane_corrected.npy,0.5,0.5,256,256,nm,2.5308680534362793,2.004128843033196,12.228103637695312,12.228103637695312,8.293310165405273,-0.1194206103451724,3.0861295169991245,207.1007011341041,269.1771826297428,0.9993775619601052,0.0004447542429684,0.0001776837969263,-3.0136877030713007,27.45098039215686,23.52941176470588,33.33333333333333,1.4166666666666663,cd1907ef922435479956ef2d852cd1b438e0113a9590500e131b64f97de68942,2.530868126416037,2.0041288417887744,12.228104352951055,8.293309569358826,20.475799560546875,-0.1194206103451724,3.0861295169991245,207.1007011341041,269.1771826297428,32.919632283070875,159.015355746315,542.0311446351035,27.45098039215686,23.52941176470588,33.33333333333333,1.4166666666666663,0.9964411162244856,-6.36703616061495,-4.222449478295309,-1.6255083052186798,0.0495964655907321,1.6738848420114685,4.070860091063516,5.8610681923361065,0.9993775619668288,0.000444754237337,0.0001776837958341,-3.0136877008620893,0.9999990581782492,0.7918733226817348,4.831580448150637,3.276860535144806,8.090417861938477,-0.119420691437621,3.0861295445472345,81.82982926795432,106.35754900863397,13.00723585513046,62.83028014825976,214.1679074420924,27.45098039215686,23.52941176470588,33.33333333333333,1.4166666666666663,0.9964411161866596,-2.5157496136211464,-1.66837841687432,-0.642272416927726,0.0195965958229592,0.6613870072580269,1.6084821182704858,2.3158308345294913,0.9993775619601052,0.0004447542429684,0.0001776837969263,-3.0136877030713007,2.5308680534362793,"{""128"": ""outputs/rheed_video_afm_story/variants/afm_second_order_y2_v1/phase7a_reconstruction_first/afm_texture_dataset/physical_maps/6056__GdSb_N6056_ctr_Copy_000__centered_128.npy"", ""256"": ""outputs/rheed_video_afm_story/variants/afm_second_order_y2_v1/phase7a_reconstruction_first/afm_texture_dataset/physical_maps/6056__GdSb_N6056_ctr_Copy_000__centered_256.npy""}","{""128"": ""outputs/rheed_video_afm_story/variants/afm_second_order_y2_v1/phase7a_reconstruction_first/afm_texture_dataset/unit_shape_maps/6056__GdSb_N6056_ctr_Copy_000__unit_128.npy"", ""256"": ""outputs/rheed_video_afm_story/variants/afm_second_order_y2_v1/phase7a_reconstruction_first/afm_texture_dataset/unit_shape_maps/6056__GdSb_N6056_ctr_Copy_000__unit_256.npy""}","{""256"": ""outputs/rheed_video_afm_story/variants/afm_second_order_y2_v1/phase7a_reconstruction_first/afm_texture_dataset/multiscale_pyramids/6056__GdSb_N6056_ctr_Copy_000__laplacian_256.npz""}"
6056,6056,GdSb_N6056_ctr_Copy_001,data/afm_second_order/6056/GdSb_N6056_ctr_Copy_001/GdSb_N6056_ctr_Copy_001_height.npy,data/pair/6056/AFM/GdSb_N6056_ctr - Copy.001,data/plane_corrected_afm/6056/GdSb_N6056_ctr_Copy_001/GdSb_N6056_ctr_Copy_001_plane_corrected.npy,0.5,0.5,256,256,nm,2.943023920059204,2.253406653188531,14.62986946105957,14.62986946105957,10.5441255569458,0.0098230605818246,3.4977601057574668,203.68623353838828,276.67086656158926,0.9995507726521088,0.00032604775607,0.0001231795918213,-3.075874296354003,31.37254901960784,35.29411764705882,27.45098039215686,1.2857142857142856,fff2d2e086a42e37197fa7f44c1f45d6b426a6d2c21e4ef7de589a749b1a206b,2.9430240377327954,2.2534066521147036,14.629869627952576,10.544126152992249,22.822004318237305,0.0098230605818246,3.4977601057574668,203.68623353838828,276.67086656158926,36.873971675890864,147.32367590608877,578.9066658463773,31.37254901960784,35.29411764705882,27.45098039215686,1.2857142857142856,0.979436576796006,-7.5302198420991155,-4.9166417132844185,-1.726225049399302,-0.0540564853479124,1.7320540834437157,5.62748443970783,7.099649785853462,0.999550772653033,0.000326047753584,0.000123179593383,-3.0758742928182037,0.999999003600724,0.7656765203280421,4.971028125286103,3.582748681306839,7.754602432250977,0.0098230569917984,3.497760138766218,69.20977494024294,94.00894723886424,12.529257088454056,50.05855369923936,196.7045095124228,31.37254901960784,35.29411764705882,27.45098039215686,1.2857142857142856,0.9794365766887548,-2.558664906447894,-1.6706070308146543,-0.5865474645552701,-0.018367650410301,0.5885280813517505,1.9121416504921849,2.412363218838209,0.9995507726521088,0.00032604775607,0.0001231795918213,-3.075874296354003,2.943023920059204,"{""128"": ""outputs/rheed_video_afm_story/variants/afm_second_order_y2_v1/phase7a_reconstruction_first/afm_texture_dataset/physical_maps/6056__GdSb_N6056_ctr_Copy_001__centered_128.npy"", ""256"": ""outputs/rheed_video_afm_story/variants/afm_second_order_y2_v1/phase7a_reconstruction_first/afm_texture_dataset/physical_maps/6056__GdSb_N6056_ctr_Copy_001__centered_256.npy""}","{""128"": ""outputs/rheed_video_afm_story/variants/afm_second_order_y2_v1/phase7a_reconstruction_first/afm_texture_dataset/unit_shape_maps/6056__GdSb_N6056_ctr_Copy_001__unit_128.npy"", ""256"": ""outputs/rheed_video_afm_story/variants/afm_second_order_y2_v1/phase7a_reconstruction_first/afm_texture_dataset/unit_shape_maps/6056__GdSb_N6056_ctr_Copy_001__unit_256.npy""}","{""256"": ""outputs/rheed_video_afm_story/variants/afm_second_order_y2_v1/phase7a_reconstruction_first/afm_texture_dataset/multiscale_pyramids/6056__GdSb_N6056_ctr_Copy_001__laplacian_256.npz""}"
6056,6056,GdSb_N6056_ctr_Copy_002,data/afm_second_order/6056/GdSb_N6056_ctr_Copy_002/GdSb_N6056_ctr_Copy_002_height.npy,data/pair/6056/AFM/GdSb_N6056_ctr - Copy.002,data/plane_corrected_afm/6056/GdSb_N6056_ctr_Copy_002/GdSb_N6056_ctr_Copy_002_plane_corrected.npy,0.0,0.0,512,512,nm,2.1406517028808594,1.6184039004531052,11.328453063964844,11.328453063964844,6.663066864013672,-0.5869954554054259,5.0164615846341025,inf,inf,0.9993659607793696,0.0004596329043385,0.000174406316292,-2.7145403016721805,0.0,0.0,0.0,0.0,c2425b803e970561dda905bc3472ac3f6f5cf213510ba45c57f06e62369afb08,2.1406516822650947,1.6184038986272342,11.328452839851384,6.663067066669463,20.511473178863525,-0.5869954554054259,5.0164615846341025,inf,inf,,,,0.0,0.0,0.0,0.0,,-6.327905704759915,-3.5091797945731473,-1.195940100931485,0.1463281201488181,1.3386699619061158,3.153887272096316,5.00054713509147,0.999365960781311,0.000459632902626,0.0001744063160627,-2.714540300100441,0.999999073219622,0.756032570876392,5.292052950859072,3.11263193488121,9.581873893737791,-0.5869955112922391,5.016461721231054,inf,inf,,,,0.0,0.0,0.0,0.0,,-2.9560623958788335,-1.63930284053902,-0.558679926105541,0.0683567422546923,0.6253556880273402,1.47332909434219,2.335990554980239,0.9993659607793696,0.0004596329043385,0.000174406316292,-2.7145403016721805,2.1406517028808594,"{""128"": ""outputs/rheed_video_afm_story/variants/afm_second_order_y2_v1/phase7a_reconstruction_first/afm_texture_dataset/physical_maps/6056__GdSb_N6056_ctr_Copy_002__centered_128.npy"", ""256"": ""outputs/rheed_video_afm_story/variants/afm_second_order_y2_v1/phase7a_reconstruction_first/afm_texture_dataset/physical_maps/6056__GdSb_N6056_ctr_Copy_002__centered_256.npy""}","{""128"": ""outputs/rheed_video_afm_story/variants/afm_second_order_y2_v1/phase7a_reconstruction_first/afm_texture_dataset/unit_shape_maps/6056__GdSb_N6056_ctr_Copy_002__unit_128.npy"", ""256"": ""outputs/rheed_video_afm_story/variants/afm_second_order_y2_v1/phase7a_reconstruction_first/afm_texture_dataset/unit_shape_maps/6056__GdSb_N6056_ctr_Copy_002__unit_256.npy""}","{""256"": ""outputs/rheed_video_afm_story/variants/afm_second_order_y2_v1/phase7a_reconstruction_first/afm_texture_dataset/multiscale_pyramids/6056__GdSb_N6056_ctr_Copy_002__laplacian_256.npz""}"
6056,6056,GdSb_N6056_ctr_Copy_004,data/afm_second_order/6056/GdSb_N6056_ctr_Copy_004/GdSb_N6056_ctr_Copy_004_height.npy,data/pair/6056/AFM/GdSb_N6056_ctr - Copy.004,data/plane_corrected_afm/6056/GdSb_N6056_ctr_Copy_004/GdSb_N6056_ctr_Copy_004_plane_corrected.npy,1.0,1.0,256,256,nm,3.104475975036621,2.425853198951327,15.117753982543944,15.117753982543944,10.182111740112305,-0.0397390120310146,3.4190433511438036,170.37069656571973,237.19621760591397,0.9990298672243656,0.000863808344768,0.0001063244308661,-3.557335186251946,31.37254901960784,35.29411764705882,31.37254901960784,1.125,db5bd1665a99ee57af92258acabea091964101363191cd5d03114d34ad2d5bdb,3.1044760430849743,2.425853197822509,15.117753601074218,10.182111144065855,27.595623016357425,-0.0397390120310146,3.4190433511438036,170.37069656571973,237.19621760591397,12.885744915570518,116.44968429917532,506.50081371667653,31.37254901960784,35.29411764705882,31.37254901960784,1.125,0.9945341895792588,-7.662000296150921,-5.248322746788738,-1.9779055631511195,0.10219589706731,2.0106247448570747,4.933788397277119,7.455753304923298,0.9990298672307972,0.0008638083382253,0.0001063244309775,-3.557335181262262,0.9999990003971764,0.7814042498513587,4.869658744335174,3.2798129618167877,8.888970136642456,-0.039739063129218,3.4190433512529976,54.87899551508136,76.40451352598437,4.150699411472421,37.51021673094667,163.15163304287907,31.37254901960784,35.29411764705882,31.37254901960784,1.125,0.9945341896433426,-2.468047059361927,-1.6905646808791084,-0.6371134557175561,0.0329188760024385,0.6476528010916786,1.5892482809376791,2.401611684973248,0.9990298672243656,0.000863808344768,0.0001063244308661,-3.557335186251946,3.104475975036621,"{""128"": ""outputs/rheed_video_afm_story/variants/afm_second_order_y2_v1/phase7a_reconstruction_first/afm_texture_dataset/physical_maps/6056__GdSb_N6056_ctr_Copy_004__centered_128.npy"", ""256"": ""outputs/rheed_video_afm_story/variants/afm_second_order_y2_v1/phase7a_reconstruction_first/afm_texture_dataset/physical_maps/6056__GdSb_N6056_ctr_Copy_004__centered_256.npy""}","{""128"": ""outputs/rheed_video_afm_story/variants/afm_second_order_y2_v1/phase7a_reconstruction_first/afm_texture_dataset/unit_shape_maps/6056__GdSb_N6056_ctr_Copy_004__unit_128.npy"", ""256"": ""outputs/rheed_video_afm_story/variants/afm_second_order_y2_v1/phase7a_reconstruction_first/afm_texture_dataset/unit_shape_maps/6056__GdSb_N6056_ctr_Copy_004__unit_256.npy""}","{""256"": ""outputs/rheed_video_afm_story/variants/afm_second_order_y2_v1/phase7a_reconstruction_first/afm_texture_dataset/multiscale_pyramids/6056__GdSb_N6056_ctr_Copy_004__laplacian_256.npz""}"
6056,6056,GdSb_N6056_ctr_Copy_005,data/afm_second_order/6056/GdSb_N6056_ctr_Copy_005/GdSb_N6056_ctr_Copy_005_height.npy,data/pair/6056/AFM/GdSb_N6056_ctr - Copy.005,data/plane_corrected_afm/6056/GdSb_N6056_ctr_Copy_005/GdSb_N6056_ctr_Copy_005_plane_corrected.npy,1.0,1.0,256,256,nm,2.7786154747009277,2.20579059767128,13.281603813171388,13.281603813171388,9.041547775268556,-0.0618519964342218,3.278184326835319,160.59313063234384,218.65357131517993,0.9988925364049542,0.0009449658091689,0.0001624977858766,-3.358665304677259,31.37254901960784,35.29411764705882,31.37254901960784,1.125,9a2eba2243080111ece9bc3ec0e14681889a0370c720d384cc51ad40370c9da9,2.778615402704673,2.2057905977238126,13.28160390853882,9.041548132896423,23.24315357208252,-0.0618519964342218,3.278184326835319,160.59313063234384,218.65357131517993,14.920501696580777,112.34245298548188,461.0259268777289,31.37254901960784,35.29411764705882,31.37254901960784,1.125,0.9945524820876644,-6.82777136165114,-4.5321557362696705,-1.8701276024004991,0.1614518399217547,1.796823100266737,4.509392396626753,6.45383254688768,0.9988925363957236,0.000944965815785,0.0001624977884909,-3.3586652949736187,0.9999990363112,0.7938444701177467,4.779931497573854,3.253973037004471,8.365004539489746,-0.0618519983421839,3.2781843151199017,57.79604312644535,78.69148072935381,5.369759734658385,40.43105187719855,165.91913455327088,31.37254901960784,35.29411764705882,31.37254901960784,1.125,0.9945524821477092,-2.4572543693074307,-1.6310826492795072,-0.6730423373469434,0.0581050934902109,0.6466607349625506,1.6228903877249636,2.3226771282664225,0.9988925364049542,0.0009449658091689,0.0001624977858766,-3.358665304677259,2.7786154747009277,"{""128"": ""outputs/rheed_video_afm_story/variants/afm_second_order_y2_v1/phase7a_reconstruction_first/afm_texture_dataset/physical_maps/6056__GdSb_N6056_ctr_Copy_005__centered_128.npy"", ""256"": ""outputs/rheed_video_afm_story/variants/afm_second_order_y2_v1/phase7a_reconstruction_first/afm_texture_dataset/physical_maps/6056__GdSb_N6056_ctr_Copy_005__centered_256.npy""}","{""128"": ""outputs/rheed_video_afm_story/variants/afm_second_order_y2_v1/phase7a_reconstruction_first/afm_texture_dataset/unit_shape_maps/6056__GdSb_N6056_ctr_Copy_005__unit_128.npy"", ""256"": ""outputs/rheed_video_afm_story/variants/afm_second_order_y2_v1/phase7a_reconstruction_first/afm_texture_dataset/unit_shape_maps/6056__GdSb_N6056_ctr_Copy_005__unit_256.npy""}","{""256"": ""outputs/rheed_video_afm_story/variants/afm_second_order_y2_v1/phase7a_reconstruction_first/afm_texture_dataset/multiscale_pyramids/6056__GdSb_N6056_ctr_Copy_005__laplacian_256.npz""}"
6056,6056,GdSb_N6056_ctr_Copy_006,data/afm_second_order/6056/GdSb_N6056_ctr_Copy_006/GdSb_N6056_ctr_Copy_006_height.npy,data/pair/6056/AFM/GdSb_N6056_ctr - Copy.006,data/plane_corrected_afm/6056/GdSb_N6056_ctr_Copy_006/GdSb_N6056_ctr_Copy_006_plane_corrected.npy,1.0,1.0,256,256,nm,2.873220205307007,2.2420162706200717,13.90867042541504,13.90867042541504,9.563436508178713,0.0421553871198028,3.4356648868954256,158.32135948616266,214.67377089622843,0.999037146638321,0.0008564544045659,0.0001063989571131,-3.529389863895408,31.37254901960784,35.29411764705882,35.29411764705882,1.0,1d3b113ee07bfd4ae192f26ac52eddf22da989b59d8fabcb86cd264b7782f5ea,2.87322020639579,2.2420162697868076,13.908670806884768,9.563437342643738,26.25381565093994,0.0421553871198028,3.4356648868954256,158.32135948616266,214.67377089622843,14.537636492466197,113.46361507348917,448.1983809442603,31.37254901960784,35.29411764705882,35.29411764705882,1.0,0.995830146231822,-6.777273311435786,-4.75900789719781,-1.8529401682015323,0.0525610708002184,1.832268897474203,4.804429445445928,7.131397495448981,0.9990371466532127,0.0008564543965758,0.0001063989502113,-3.5293898955969674,0.9999990742932264,0.7803140837809251,4.840790820121766,3.328470468521118,9.137410640716553,0.0421553661907345,3.435664918616042,55.102359732779114,74.71532193763024,5.059696619662461,39.49001372330213,155.99151255100728,31.37254901960784,35.29411764705882,35.29411764705882,1.0,0.9958301462234886,-2.3587705459465793,-1.656330969559174,-0.6448996182551197,0.0182934194783159,0.6377051059136578,1.6721394989619442,2.4820202741751864,0.999037146638321,0.0008564544045659,0.0001063989571131,-3.529389863895408,2.873220205307007,"{""128"": ""outputs/rheed_video_afm_story/variants/afm_second_order_y2_v1/phase7a_reconstruction_first/afm_texture_dataset/physical_maps/6056__GdSb_N6056_ctr_Copy_006__centered_128.npy"", ""256"": ""outputs/rheed_video_afm_story/variants/afm_second_order_y2_v1/phase7a_reconstruction_first/afm_texture_dataset/physical_maps/6056__GdSb_N6056_ctr_Copy_006__centered_256.npy""}","{""128"": ""outputs/rheed_video_afm_story/variants/afm_second_order_y2_v1/phase7a_reconstruction_first/afm_texture_dataset/unit_shape_maps/6056__GdSb_N6056_ctr_Copy_006__unit_128.npy"", ""256"": ""outputs/rheed_video_afm_story/variants/afm_second_order_y2_v1/phase7a_reconstruction_first/afm_texture_dataset/unit_shape_maps/6056__GdSb_N6056_ctr_Copy_006__unit_256.npy""}","{""256"": ""outputs/rheed_video_afm_story/variants/afm_second_order_y2_v1/phase7a_reconstruction_first/afm_texture_dataset/multiscale_pyramids/6056__GdSb_N6056_ctr_Copy_006__laplacian_256.npz""}"
6056,6056,GdSb_N6056_edge_003,data/afm_second_order/6056/GdSb_N6056_edge_003/GdSb_N6056_edge_003_height.npy,data/pair/6056/AFM/GdSb_N6056_edge.003,data/plane_corrected_afm/6056/GdSb_N6056_edge_003/GdSb_N6056_edge_003_plane_corrected.npy,1.0,1.0,256,256,nm,2.8898375034332275,2.265827144774273,14.402605056762695,14.402605056762695,9.662723541259766,-0.0509487564206334,3.3254415951373333,165.39081388022996,233.0586045173788,0.9989874226041864,0.000892395894106,0.0001201815017072,-3.5168122176693255,31.37254901960784,35.29411764705882,31.37254901960784,1.125,3d69c0f403284650fd43fecffadc2ded317472740a5f4a9cc72ea9530eddeb2b,2.8898375298409062,2.2658271461798005,14.402604365348816,9.662723064422607,24.51298999786377,-0.0509487564206334,3.3254415951373333,165.39081388022996,233.0586045173788,16.808524667175355,112.12787612696786,492.08435779874947,31.37254901960784,35.29411764705882,31.37254901960784,1.125,0.993299088116118,-7.221368282837322,-4.768111818832805,-1.8454020557827255,-0.0153234213492772,1.8329741718345385,4.894611245589802,7.181236082511495,0.9989874225934712,0.0008923959042882,0.0001201815022406,-3.51681221806549,0.9999990824371972,0.7840665942024572,4.98387588262558,3.343687802553177,8.482473134994507,-0.0509487340864926,3.3254415299161346,57.231820248883515,80.64757532979523,5.816422785871819,38.800718587954634,170.28082364570943,31.37254901960784,35.29411764705882,31.37254901960784,1.125,0.9932990880807638,-2.4988815539216875,-1.6499569707250472,-0.6385827653741714,-0.0053025114050384,0.6342822171115998,1.6937308318281297,2.4849943287038925,0.9989874226041864,0.000892395894106,0.0001201815017072,-3.5168122176693255,2.8898375034332275,"{""128"": ""outputs/rheed_video_afm_story/variants/afm_second_order_y2_v1/phase7a_reconstruction_first/afm_texture_dataset/physical_maps/6056__GdSb_N6056_edge_003__centered_128.npy"", ""256"": ""outputs/rheed_video_afm_story/variants/afm_second_order_y2_v1/phase7a_reconstruction_first/afm_texture_dataset/physical_maps/6056__GdSb_N6056_edge_003__centered_256.npy""}","{""128"": ""outputs/rheed_video_afm_story/variants/afm_second_order_y2_v1/phase7a_reconstruction_first/afm_texture_dataset/unit_shape_maps/6056__GdSb_N6056_edge_003__unit_128.npy"", ""256"": ""outputs/rheed_video_afm_story/variants/afm_second_order_y2_v1/phase7a_reconstruction_first/afm_texture_dataset/unit_shape_maps/6056__GdSb_N6056_edge_003__unit_256.npy""}","{""256"": ""outputs/rheed_video_afm_story/variants/afm_second_order_y2_v1/phase7a_reconstruction_first/afm_texture_dataset/multiscale_pyramids/6056__GdSb_N6056_edge_003__laplacian_256.npz""}"
6056,6056,GdSb_N6056_edge_007,data/afm_second_order/6056/GdSb_N6056_edge_007/GdSb_N6056_edge_007_height.npy,data/pair/6056/AFM/GdSb_N6056_edge.007,data/plane_corrected_afm/6056/GdSb_N6056_edge_007/GdSb_N6056_edge_007_plane_corrected.npy,0.332031,0.332031,256,256,nm,2.021932363510132,1.6257668571987491,9.47482204437256,9.47482204437256,6.402014255523682,-0.3845523454510917,3.2167559293499464,172.52053643200523,231.1785894445548,0.9995728728239054,0.0003385748569427,8.855231915186214e-05,-3.1076189330270263,28.645811764705883,29.94789411764706,28.645811764705883,1.0454545454545454,954c61702dec4aa2cbf7346d17840f9d207353ac28a01cbee1623c898ff61ab5,2.021932226586682,1.6257668577795106,9.47482197284699,6.402014136314392,15.878509998321531,-0.3845523454510917,3.2167559293499464,172.52053643200523,231.1785894445548,13.784886050585795,136.2958224339869,458.1558496561566,28.645811764705883,29.94789411764706,28.645811764705883,1.0454545454545454,0.9649454984416186,-5.091964201115654,-3.458228699349448,-1.3217874685755229,0.1250791927346733,1.4924478312501457,2.943785436964944,4.382857771731335,0.9995728728208292,0.0003385748594891,8.855231968113724e-05,-3.107618934954454,0.9999989826654612,0.8040651342478713,4.686018955707552,3.166281968355179,7.853128671646118,-0.3845523107063238,3.21675586097911,85.32450194098666,114.33536190807156,6.817673779076163,67.40863026626216,226.59284313109225,28.645811764705883,29.94789411764706,28.645811764705883,1.0454545454545454,0.964945498325918,-2.5183627834657285,-1.7103566220143889,-0.6537242224553678,0.0618611527493146,0.7381287822386172,1.4559253463407902,2.1676561722418235,0.9995728728239054,0.0003385748569427,8.855231915186214e-05,-3.1076189330270263,2.021932363510132,"{""128"": ""outputs/rheed_video_afm_story/variants/afm_second_order_y2_v1/phase7a_reconstruction_first/afm_texture_dataset/physical_maps/6056__GdSb_N6056_edge_007__centered_128.npy"", ""256"": ""outputs/rheed_video_afm_story/variants/afm_second_order_y2_v1/phase7a_reconstruction_first/afm_texture_dataset/physical_maps/6056__GdSb_N6056_edge_007__centered_256.npy""}","{""128"": ""outputs/rheed_video_afm_story/variants/afm_second_order_y2_v1/phase7a_reconstruction_first/afm_texture_dataset/unit_shape_maps/6056__GdSb_N6056_edge_007__unit_128.npy"", ""256"": ""outputs/rheed_video_afm_story/variants/afm_second_order_y2_v1/phase7a_reconstruction_first/afm_texture_dataset/unit_shape_maps/6056__GdSb_N6056_edge_007__unit_256.npy""}","{""256"": ""outputs/rheed_video_afm_story/variants/afm_second_order_y2_v1/phase7a_reconstruction_first/afm_texture_dataset/multiscale_pyramids/6056__GdSb_N6056_edge_007__laplacian_256.npz""}"
6056,6056,GdSb_N6056_edge_008,data/afm_second_order/6056/GdSb_N6056_edge_008/GdSb_N6056_edge_008_height.npy,data/pair/6056/AFM/GdSb_N6056_edge.008,data/plane_corrected_afm/6056/GdSb_N6056_edge_008/GdSb_N6056_edge_008_plane_corrected.npy,1.0,1.0,256,256,nm,2.805818557739258,2.1901733009597812,14.041559219360352,14.041559219360352,9.305307388305664,-0.1536948010654389,3.457515354251402,155.6300819467811,215.62516367659725,0.999214086343398,0.0006870081231126,9.890553348957412e-05,-3.5491780989394632,31.37254901960784,35.29411764705882,31.37254901960784,1.125,dda28013808e6f8556f0cab65d105b8c48c003341ef01fc0753afd8919150c04,2.8058185606605384,2.1901733047662955,14.0415596485138,9.305306911468506,23.67086696624756,-0.1536948010654389,3.457515354251402,155.6300819467811,215.62516367659725,12.8564667133247,104.88489377787717,457.2255366240198,31.37254901960784,35.29411764705882,31.37254901960784,1.125,0.9922225350647472,-7.164594793488003,-4.854887080360867,-1.7592993499531515,0.1135043678984869,1.844063538144611,4.450419831107639,6.876964855025796,0.9992140863387556,0.0006870081266922,9.890553455192042e-05,-3.5491781018580495,0.9999990638596824,0.78058192592278,5.004438734054567,3.316428959369659,8.436341762542725,-0.1536947467194044,3.4575153310700757,55.46685668276798,76.84921760407676,4.582065225859521,37.381172412093946,162.95605589740208,31.37254901960784,35.29411764705882,31.37254901960784,1.125,0.9922225350785836,-2.553475248058278,-1.7302908293799943,-0.6270176760749406,0.0404531739755086,0.657227710644763,1.586138129989665,2.450963485996289,0.999214086343398,0.0006870081231126,9.890553348957412e-05,-3.5491780989394632,2.805818557739258,"{""128"": ""outputs/rheed_video_afm_story/variants/afm_second_order_y2_v1/phase7a_reconstruction_first/afm_texture_dataset/physical_maps/6056__GdSb_N6056_edge_008__centered_128.npy"", ""256"": ""outputs/rheed_video_afm_story/variants/afm_second_order_y2_v1/phase7a_reconstruction_first/afm_texture_dataset/physical_maps/6056__GdSb_N6056_edge_008__centered_256.npy""}","{""128"": ""outputs/rheed_video_afm_story/variants/afm_second_order_y2_v1/phase7a_reconstruction_first/afm_texture_dataset/unit_shape_maps/6056__GdSb_N6056_edge_008__unit_128.npy"", ""256"": ""outputs/rheed_video_afm_story/variants/afm_second_order_y2_v1/phase7a_reconstruction_first/afm_texture_dataset/unit_shape_maps/6056__GdSb_N6056_edge_008__unit_256.npy""}","{""256"": ""outputs/rheed_video_afm_story/variants/afm_second_order_y2_v1/phase7a_reconstruction_first/afm_texture_dataset/multiscale_pyramids/6056__GdSb_N6056_edge_008__laplacian_256.npz""}"
6056,6056,N56_Ctr_000,data/afm_second_order/6056/N56_Ctr_000/N56_Ctr_000_height.npy,data/pair/6056/AFM/N56 Ctr.000,data/plane_corrected_afm/6056/N56_Ctr_000/N56_Ctr_000_plane_corrected.npy,1.0,1.0,256,256,nm,2.65861177444458,2.0825932537631555,12.818939208984377,12.818939208984377,8.984593391418457,-0.2851817012015333,3.2704278901175656,147.50640393598016,204.70196000051516,0.9992151804164688,0.0007402377019697,4.458188156137325e-05,-4.061526560861763,31.37254901960784,35.29411764705882,31.37254901960784,1.125,90cfc7b25d02e2659a9550883a3bc64256b0e3fb7f3decda71c53ba69e62cd23,2.6586118137825436,2.082593250965192,12.8189398765564,8.984593391418457,19.95219898223877,-0.2851817012015333,3.2704278901175656,147.50640393598016,204.70196000051516,14.41269017727702,101.46270007981704,441.33908874434775,31.37254901960784,35.29411764705882,31.37254901960784,1.125,0.991622752237509,-6.910151846556606,-4.749598939566555,-1.6094248487042813,0.1218568713975521,1.7634596632433506,4.234994451851902,5.908788029999793,0.9992151804150172,0.0007402377038366,4.45818811460229e-05,-4.061526569178961,0.9999990631836496,0.783337863868626,4.821662056446076,3.379427134990692,7.504735946655273,-0.2851817541633113,3.270427878394393,55.48243824151423,76.99573435863485,5.4211285986866224,38.163751943935814,166.00342356593387,31.37254901960784,35.29411764705882,31.37254901960784,1.125,0.9916241335106164,-2.599155617053663,-1.7864942255570044,-0.6053623112990011,0.0458347421930681,0.6633002457068812,1.5929329094336877,2.2225064393924137,0.9992151804164688,0.0007402377019697,4.458188156137325e-05,-4.061526560861763,2.65861177444458,"{""128"": ""outputs/rheed_video_afm_story/variants/afm_second_order_y2_v1/phase7a_reconstruction_first/afm_texture_dataset/physical_maps/6056__N56_Ctr_000__centered_128.npy"", ""256"": ""outputs/rheed_video_afm_story/variants/afm_second_order_y2_v1/phase7a_reconstruction_first/afm_texture_dataset/physical_maps/6056__N56_Ctr_000__centered_256.npy""}","{""128"": ""outputs/rheed_video_afm_story/variants/afm_second_order_y2_v1/phase7a_reconstruction_first/afm_texture_dataset/unit_shape_maps/6056__N56_Ctr_000__unit_128.npy"", ""256"": ""outputs/rheed_video_afm_story/variants/afm_second_order_y2_v1/phase7a_reconstruction_first/afm_texture_dataset/unit_shape_maps/6056__N56_Ctr_000__unit_256.npy""}","{""256"": ""outputs/rheed_video_afm_story/variants/afm_second_order_y2_v1/phase7a_reconstruction_first/afm_texture_dataset/multiscale_pyramids/6056__N56_Ctr_000__laplacian_256.npz""}"
6056,6056,N56_Ctr_001,data/afm_second_order/6056/N56_Ctr_001/N56_Ctr_001_height.npy,data/pair/6056/AFM/N56 Ctr.001,data/plane_corrected_afm/6056/N56_Ctr_001/N56_Ctr_001_plane_corrected.npy,1.0,1.0,256,256,nm,2.543483257293701,1.9939127693031764,12.149950981140137,12.149950981140137,8.604362487792969,-0.257241119613748,3.192649697876935,155.4784594275734,204.8319590965865,0.9991880264771364,0.0007628255555162,4.914796734748432e-05,-4.040781841035466,31.37254901960784,31.37254901960784,31.37254901960784,1.0,d374ce414f2d428dc9f0bc89b988f82f14d94a54d57faf24bda98580088f2229,2.5434831703531233,1.9939127644091608,12.149950909614564,8.6043621301651,18.240918159484863,-0.257241119613748,3.192649697876935,155.4784594275734,204.8319590965865,20.292779358918697,114.8421686051542,425.728241974658,31.37254901960784,31.37254901960784,31.37254901960784,1.0,0.9958961368627204,-6.573198051306747,-4.519419450613998,-1.5407349954576717,0.1405492980747001,1.6453437317876594,4.084942679551102,5.576752858307817,0.9991880264903242,0.0007628255438095,4.9147965866440344e-05,-4.040781845990981,0.999998999945292,0.7839292160016234,4.7768900275230415,3.3829016387462616,7.171622037887573,-0.2572412268116018,3.192649745186977,61.12810421122299,80.53198784056706,7.978336911521934,45.15150582542185,167.3798429953112,31.37254901960784,31.37254901960784,31.37254901960784,1.0,0.9958961369238676,-2.5843269419382313,-1.7768605899522998,-0.6057572614858845,0.0552585452337763,0.646885429649522,1.6060410487939618,2.1925630855848097,0.9991880264771364,0.0007628255555162,4.914796734748432e-05,-4.040781841035466,2.543483257293701,"{""128"": ""outputs/rheed_video_afm_story/variants/afm_second_order_y2_v1/phase7a_reconstruction_first/afm_texture_dataset/physical_maps/6056__N56_Ctr_001__centered_128.npy"", ""256"": ""outputs/rheed_video_afm_story/variants/afm_second_order_y2_v1/phase7a_reconstruction_first/afm_texture_dataset/physical_maps/6056__N56_Ctr_001__centered_256.npy""}","{""128"": ""outputs/rheed_video_afm_story/variants/afm_second_order_y2_v1/phase7a_reconstruction_first/afm_texture_dataset/unit_shape_maps/6056__N56_Ctr_001__unit_128.npy"", ""256"": ""outputs/rheed_video_afm_story/variants/afm_second_order_y2_v1/phase7a_reconstruction_first/afm_texture_dataset/unit_shape_maps/6056__N56_Ctr_001__unit_256.npy""}","{""256"": ""outputs/rheed_video_afm_story/variants/afm_second_order_y2_v1/phase7a_reconstruction_first/afm_texture_dataset/multiscale_pyramids/6056__N56_Ctr_001__laplacian_256.npz""}"
6056,6056,N56_Ctr_002,data/afm_second_order/6056/N56_Ctr_002/N56_Ctr_002_height.npy,data/pair/6056/AFM/N56 Ctr.002,data/plane_corrected_afm/6056/N56_Ctr_002/N56_Ctr_002_plane_corrected.npy,1.0,1.0,512,512,nm,2.380086898803711,1.875064633910118,11.322532653808594,11.322532653808594,7.853509426116943,-0.2800175935096385,3.239964538323318,158.64196200134614,213.37394418082815,0.9998743785829406,0.0001150081501253,1.0613266933855216e-05,-4.103842401417008,29.354207436399214,27.3972602739726,31.31115459882583,1.1428571428571428,67bd013d46e60245e963faee8f86580c95d7311546fcbc10cbcd4a1bb1d45d40,2.3800869658463895,1.875064638402156,11.322532372474672,7.85350968837737,19.005802631378177,-0.2800175935096385,3.239964538323318,158.64196200134614,213.37394418082815,20.773338078865105,111.60490112541468,450.00112104272114,29.354207436399214,27.3972602739726,31.31115459882583,1.1428571428571428,0.9945383081216558,-6.135733556547367,-4.107527842321598,-1.4874118290331004,0.1057329752061727,1.6243607380006673,3.7459818460557712,5.186798815927305,0.9998743785814488,0.000115008151632,1.0613266919270274e-05,-4.103842411607935,0.9999990287040804,0.7878127341321008,4.757188258171082,3.299670058488841,7.985332012176514,-0.2800175201089338,3.239964479098173,66.65378614312814,89.64955429056617,8.727962910783127,46.891054725845834,189.0690110319746,29.354207436399214,27.3972602739726,31.31115459882583,1.1428571428571428,0.9945383081019272,-2.577942599318039,-1.7257871391987911,-0.6249395551896207,0.0444239677125103,0.6824788806223757,1.57388291929005,2.1792456588530436,0.9998743785829406,0.0001150081501253,1.0613266933855216e-05,-4.103842401417008,2.380086898803711,"{""128"": ""outputs/rheed_video_afm_story/variants/afm_second_order_y2_v1/phase7a_reconstruction_first/afm_texture_dataset/physical_maps/6056__N56_Ctr_002__centered_128.npy"", ""256"": ""outputs/rheed_video_afm_story/variants/afm_second_order_y2_v1/phase7a_reconstruction_first/afm_texture_dataset/physical_maps/6056__N56_Ctr_002__centered_256.npy""}","{""128"": ""outputs/rheed_video_afm_story/variants/afm_second_order_y2_v1/phase7a_reconstruction_first/afm_texture_dataset/unit_shape_maps/6056__N56_Ctr_002__unit_128.npy"", ""256"": ""outputs/rheed_video_afm_story/variants/afm_second_order_y2_v1/phase7a_reconstruction_first/afm_texture_dataset/unit_shape_maps/6056__N56_Ctr_002__unit_256.npy""}","{""256"": ""outputs/rheed_video_afm_story/variants/afm_second_order_y2_v1/phase7a_reconstruction_first/afm_texture_dataset/multiscale_pyramids/6056__N56_Ctr_002__laplacian_256.npz""}"
6056,6056,N56_Ctr_003,data/afm_second_order/6056/N56_Ctr_003/N56_Ctr_003_height.npy,data/pair/6056/AFM/N56 Ctr.003,data/plane_corrected_afm/6056/N56_Ctr_003/N56_Ctr_003_plane_corrected.npy,1.0,1.0,512,512,nm,2.8304221630096436,2.2358108211290313,13.266603469848633,13.266603469848633,9.550219535827637,-0.2725399367051333,3.1209608492518823,187.89540109493865,247.58342942108453,0.9998898613511596,0.0001013942954839,8.744353356479869e-06,-4.174661178851665,29.354207436399214,27.3972602739726,31.31115459882583,1.1428571428571428,a50ab26ce2e52a58e317320fff5be106259756edbe77659ee2b0b7e01567deb9,2.8304221845440503,2.235810821413203,13.266603779792788,9.550219321250914,22.78931999206543,-0.2725399367051333,3.1209608492518823,187.89540109493865,247.58342942108453,25.51349870135311,137.8259016604482,516.6891609807574,29.354207436399214,27.3972602739726,31.31115459882583,1.1428571428571428,0.9954409523459434,-7.183687788200122,-5.082817569923144,-1.7602914309022244,0.1162181461336796,1.935758676576871,4.4674017513277695,6.082915991592666,0.9998898613502478,0.0001013942965223,8.744353229992771e-06,-4.174661205632197,0.9999989562058632,0.7899204932588207,4.687141647338868,3.37412896156311,8.051553726196289,-0.2725398946503309,3.1209608342632444,66.38416203265847,87.47216991385007,9.014035965156,48.694420663245445,182.54828180999365,29.354207436399214,27.3972602739726,31.31115459882583,1.1428571428571428,0.9954410391365526,-2.5380241230051737,-1.7957788398783423,-0.6219177147667627,0.0410603047985811,0.6839109161574621,1.578350121684767,2.149117524333694,0.9998898613511596,0.0001013942954839,8.744353356479869e-06,-4.174661178851665,2.8304221630096436,"{""128"": ""outputs/rheed_video_afm_story/variants/afm_second_order_y2_v1/phase7a_reconstruction_first/afm_texture_dataset/physical_maps/6056__N56_Ctr_003__centered_128.npy"", ""256"": ""outputs/rheed_video_afm_story/variants/afm_second_order_y2_v1/phase7a_reconstruction_first/afm_texture_dataset/physical_maps/6056__N56_Ctr_003__centered_256.npy""}","{""128"": ""outputs/rheed_video_afm_story/variants/afm_second_order_y2_v1/phase7a_reconstruction_first/afm_texture_dataset/unit_shape_maps/6056__N56_Ctr_003__unit_128.npy"", ""256"": ""outputs/rheed_video_afm_story/variants/afm_second_order_y2_v1/phase7a_reconstruction_first/afm_texture_dataset/unit_shape_maps/6056__N56_Ctr_003__unit_256.npy""}","{""256"": ""outputs/rheed_video_afm_story/variants/afm_second_order_y2_v1/phase7a_reconstruction_first/afm_texture_dataset/multiscale_pyramids/6056__N56_Ctr_003__laplacian_256.npz""}"
6056,6056,N56_Edg_000,data/afm_second_order/6056/N56_Edg_000/N56_Edg_000_height.npy,data/pair/6056/AFM/N56 Edg.000,data/plane_corrected_afm/6056/N56_Edg_000/N56_Edg_000_plane_corrected.npy,1.0,1.0,256,256,nm,3.0762784481048584,2.441322834197636,14.87122917175293,14.87122917175293,10.093478202819824,0.1400368898437035,3.22173880350711,167.2782455300329,226.34011883985687,0.999224832655502,0.0007317787288815,4.338861561652589e-05,-4.107988927416088,31.37254901960784,35.29411764705882,35.29411764705882,1.0,e23adba9ad934f8cd27ebab14edb673ee6e75707d30a3fa6eed6e35cbd6b54fb,3.0762783633420585,2.4413228324229386,14.871229648590088,10.093478083610536,25.982908248901367,0.1400368898437035,3.22173880350711,167.2782455300329,226.34011883985687,16.282578223618646,122.70911256340884,473.93731037832663,31.37254901960784,35.29411764705882,35.29411764705882,1.0,0.9928906562207158,-6.974811991186485,-4.92821427199398,-2.0892585715964884,-0.0718676834121795,2.0507921376511007,5.165263811616555,7.896417657403604,0.9992248326568902,0.0007317787268285,4.338861628137201e-05,-4.1079889031293675,0.9999990695035867,0.7935954648938714,4.834158027172089,3.2810649275779724,8.446207523345947,0.1400368792301604,3.22173884750976,54.37677300946444,73.57588679039198,5.292940350832556,39.88878094771565,154.06176082084505,31.37254901960784,35.29411764705882,35.29411764705882,1.0,0.9928906561682128,-2.2672867978671793,-1.6020038987258678,-0.6791506821969754,-0.0233618703419572,0.6666465138336414,1.6790610288521046,2.566871229304909,0.999224832655502,0.0007317787288815,4.338861561652589e-05,-4.107988927416088,3.0762784481048584,"{""128"": ""outputs/rheed_video_afm_story/variants/afm_second_order_y2_v1/phase7a_reconstruction_first/afm_texture_dataset/physical_maps/6056__N56_Edg_000__centered_128.npy"", ""256"": ""outputs/rheed_video_afm_story/variants/afm_second_order_y2_v1/phase7a_reconstruction_first/afm_texture_dataset/physical_maps/6056__N56_Edg_000__centered_256.npy""}","{""128"": ""outputs/rheed_video_afm_story/variants/afm_second_order_y2_v1/phase7a_reconstruction_first/afm_texture_dataset/unit_shape_maps/6056__N56_Edg_000__unit_128.npy"", ""256"": ""outputs/rheed_video_afm_story/variants/afm_second_order_y2_v1/phase7a_reconstruction_first/afm_texture_dataset/unit_shape_maps/6056__N56_Edg_000__unit_256.npy""}","{""256"": ""outputs/rheed_video_afm_story/variants/afm_second_order_y2_v1/phase7a_reconstruction_first/afm_texture_dataset/multiscale_pyramids/6056__N56_Edg_000__laplacian_256.npz""}"
6056,6056,N56_Edg_001,data/afm_second_order/6056/N56_Edg_001/N56_Edg_001_height.npy,data/pair/6056/AFM/N56 Edg.001,data/plane_corrected_afm/6056/N56_Edg_001/N56_Edg_001_plane_corrected.npy,1.0,1.0,512,512,nm,2.788102388381958,2.2026738567640107,13.215133666992188,13.215133666992188,9.300985336303713,-0.1410292137668845,3.173038336277275,170.24890401647858,234.433600474248,0.99983025679939,0.0001573726461199,1.2370554490280802e-05,-4.125242962323973,31.31115459882583,33.268101761252446,31.31115459882583,1.0625,da63a2fb18d5055d243386022d4803bc73a16fabcbe7b99fc7b14edf4e8561c5,2.78810245929714,2.202673853252484,13.215133309364324,9.3009850025177,23.728349685668945,-0.1410292137668845,3.173038336277275,170.24890401647858,234.433600474248,18.218567284214902,115.38822314034272,499.9399649788997,31.31115459882583,33.268101761252446,31.31115459882583,1.0625,0.989447569615064,-6.944179366467769,-4.7245188792927815,-1.7612313231213637,-0.036487049771721,1.8816788891570024,4.576466123224917,6.270953942896555,0.9998302567980116,0.0001573726471605,1.2370554827969907e-05,-4.125242949716328,0.9999989714949458,0.7900253374854256,4.7398257851600665,3.335951799154281,8.510564088821411,-0.1410291812683028,3.1730383824942203,61.062579541806926,84.08348044370399,6.5343876439656245,41.38589285700322,179.31172176255944,31.31115459882583,33.268101761252446,31.31115459882583,1.0625,0.989447569549068,-2.490644665374715,-1.6945266980075429,-0.6316946971559116,-0.0130866997272858,0.6748951595879009,1.6414251011467382,2.2491811197853515,0.99983025679939,0.0001573726461199,1.2370554490280802e-05,-4.125242962323973,2.788102388381958,"{""128"": ""outputs/rheed_video_afm_story/variants/afm_second_order_y2_v1/phase7a_reconstruction_first/afm_texture_dataset/physical_maps/6056__N56_Edg_001__centered_128.npy"", ""256"": ""outputs/rheed_video_afm_story/variants/afm_second_order_y2_v1/phase7a_reconstruction_first/afm_texture_dataset/physical_maps/6056__N56_Edg_001__centered_256.npy""}","{""128"": ""outputs/rheed_video_afm_story/variants/afm_second_order_y2_v1/phase7a_reconstruction_first/afm_texture_dataset/unit_shape_maps/6056__N56_Edg_001__unit_128.npy"", ""256"": ""outputs/rheed_video_afm_story/variants/afm_second_order_y2_v1/phase7a_reconstruction_first/afm_texture_dataset/unit_shape_maps/6056__N56_Edg_001__unit_256.npy""}","{""256"": ""outputs/rheed_video_afm_story/variants/afm_second_order_y2_v1/phase7a_reconstruction_first/afm_texture_dataset/multiscale_pyramids/6056__N56_Edg_001__laplacian_256.npz""}"
6057,6057,GdSb_N6057_ctr_015,data/afm_second_order/6057/GdSb_N6057_ctr_015/GdSb_N6057_ctr_015_height.npy,data/pair/6057/AFM/GdSb_N6057_ctr.015,data/plane_corrected_afm/6057/GdSb_N6057_ctr_015/GdSb_N6057_ctr_015_plane_corrected.npy,1.0,1.0,256,256,nm,4.092562198638916,3.1390053065592975,19.43616104125977,19.43616104125977,13.358856201171877,-0.473986580657264,3.8609201369843538,206.14699718347444,282.79998812023024,0.9994155446241184,0.0005259657214258,5.848965445561692e-05,-3.752335868522044,35.29411764705882,35.29411764705882,35.29411764705882,1.0,68d58ab31adbcfc47b1b23715b6958cb7d6b4e905cd55aac667710804f45fbac,4.0925623508285325,3.1390053207996846,19.436160755157474,13.358855605125427,32.13495063781738,-0.473986580657264,3.8609201369843538,206.14699718347444,282.79998812023024,12.54064896335997,144.84795795926362,596.3511232149324,35.29411764705882,35.29411764705882,35.29411764705882,1.0,0.9948655324857448,-11.175743344319988,-7.380218937886883,-2.3404944090973627,0.3498262913096656,2.6559817046988714,5.978636667238544,8.260417410837485,0.9994155446060972,0.0005259657383164,5.848965558625398e-05,-3.7523358737364703,0.9999989628143932,0.767001649846487,4.749137270450593,3.264175444841385,7.852028608322144,-0.473986498282886,3.860920038820916,50.371079266229685,69.1008879066479,3.064252485793574,35.39294159059727,145.71568936788282,35.29411764705882,35.29411764705882,35.29411764705882,1.0,0.9948655324155689,-2.7307417953584037,-1.8033228183362329,-0.5718891287419638,0.0854784657981553,0.648977029862658,1.4608526265051522,2.018395475092189,0.9994155446241184,0.0005259657214258,5.848965445561692e-05,-3.752335868522044,4.092562198638916,"{""128"": ""outputs/rheed_video_afm_story/variants/afm_second_order_y2_v1/phase7a_reconstruction_first/afm_texture_dataset/physical_maps/6057__GdSb_N6057_ctr_015__centered_128.npy"", ""256"": ""outputs/rheed_video_afm_story/variants/afm_second_order_y2_v1/phase7a_reconstruction_first/afm_texture_dataset/physical_maps/6057__GdSb_N6057_ctr_015__centered_256.npy""}","{""128"": ""outputs/rheed_video_afm_story/variants/afm_second_order_y2_v1/phase7a_reconstruction_first/afm_texture_dataset/unit_shape_maps/6057__GdSb_N6057_ctr_015__unit_128.npy"", ""256"": ""outputs/rheed_video_afm_story/variants/afm_second_order_y2_v1/phase7a_reconstruction_first/afm_texture_dataset/unit_shape_maps/6057__GdSb_N6057_ctr_015__unit_256.npy""}","{""256"": ""outputs/rheed_video_afm_story/variants/afm_second_order_y2_v1/phase7a_reconstruction_first/afm_texture_dataset/multiscale_pyramids/6057__GdSb_N6057_ctr_015__laplacian_256.npz""}"
6057,6057,GdSb_N6057_ctr_016,data/afm_second_order/6057/GdSb_N6057_ctr_016/GdSb_N6057_ctr_016_height.npy,data/pair/6057/AFM/GdSb_N6057_ctr.016,data/plane_corrected_afm/6057/GdSb_N6057_ctr_016/GdSb_N6057_ctr_016_plane_corrected.npy,1.0,1.0,256,256,nm,4.665204048156738,3.6703612140030537,22.471107482910156,22.471107482910156,15.593887329101562,-0.2046305643912112,3.267920512972551,226.0474784708456,303.3260208248457,0.99944719580256,0.0005162557251664,3.654847227347102e-05,-4.150368916397146,35.29411764705882,39.2156862745098,35.29411764705882,1.1111111111111112,47dc68e6bf823fbcc551146b3228e97dfda037e78b9d0ab7235ff18fb177b0c2,4.665204201069185,3.670361218511754,22.471108055114748,15.593887686729431,31.75760555267334,-0.2046305643912112,3.267920512972551,226.0474784708456,303.3260208248457,16.598085913487076,173.65332140559315,612.8400990748295,35.29411764705882,39.2156862745098,35.29411764705882,1.1111111111111112,0.9918968247391248,-11.692374591882524,-7.976125888879594,-2.9619603086069186,0.2820918332979123,3.045939869825546,7.617761797849837,10.778733463232223,0.9994471957940364,0.0005162557323805,3.654847358332969e-05,-4.15036888955853,0.9999989928455932,0.7867517399158505,4.816741943359375,3.342591553926468,6.807327747344971,-0.204630490946077,3.267920493789432,48.453881134385014,65.01874301579309,3.557825584007798,37.22305182081631,131.36391166985808,35.29411764705882,39.2156862745098,35.29411764705882,1.1111111111111112,0.9918968247603288,-2.5062915739244827,-1.709703838509978,-0.634904122037352,0.060467118340074,0.6529053542190185,1.63288771541649,2.310450369434893,0.99944719580256,0.0005162557251664,3.654847227347102e-05,-4.150368916397146,4.665204048156738,"{""128"": ""outputs/rheed_video_afm_story/variants/afm_second_order_y2_v1/phase7a_reconstruction_first/afm_texture_dataset/physical_maps/6057__GdSb_N6057_ctr_016__centered_128.npy"", ""256"": ""outputs/rheed_video_afm_story/variants/afm_second_order_y2_v1/phase7a_reconstruction_first/afm_texture_dataset/physical_maps/6057__GdSb_N6057_ctr_016__centered_256.npy""}","{""128"": ""outputs/rheed_video_afm_story/variants/afm_second_order_y2_v1/phase7a_reconstruction_first/afm_texture_dataset/unit_shape_maps/6057__GdSb_N6057_ctr_016__unit_128.npy"", ""256"": ""outputs/rheed_video_afm_story/variants/afm_second_order_y2_v1/phase7a_reconstruction_first/afm_texture_dataset/unit_shape_maps/6057__GdSb_N6057_ctr_016__unit_256.npy""}","{""256"": ""outputs/rheed_video_afm_story/variants/afm_second_order_y2_v1/phase7a_reconstruction_first/afm_texture_dataset/multiscale_pyramids/6057__GdSb_N6057_ctr_016__laplacian_256.npz""}"
6057,6057,GdSb_N6057_ctr_017,data/afm_second_order/6057/GdSb_N6057_ctr_017/GdSb_N6057_ctr_017_height.npy,data/pair/6057/AFM/GdSb_N6057_ctr.017,data/plane_corrected_afm/6057/GdSb_N6057_ctr_017/GdSb_N6057_ctr_017_plane_corrected.npy,1.0,1.0,256,256,nm,4.494754791259766,3.480438882266058,22.57825088500977,22.57825088500977,14.3856840133667,-0.2746544614542728,3.70837255682396,211.8524771496677,287.5111164651316,0.9994398361266678,0.0005051770530001,5.498682033209128e-05,-3.750417937634042,35.29411764705882,39.2156862745098,35.29411764705882,1.1111111111111112,29f998f1239906319126c793afbeca4204b2e3cd95ecd0d996f40680ee0da2f6,4.494754883346586,3.4804388872451173,22.57825255393982,14.3856840133667,32.50043964385986,-0.2746544614542728,3.70837255682396,211.8524771496677,287.5111164651316,15.82636009132566,152.86251184104503,595.7070381531862,35.29411764705882,39.2156862745098,35.29411764705882,1.1111111111111112,0.9948702809822412,-12.024558611240236,-7.673083396282046,-2.79396125825867,0.3383720203973359,2.905180542144925,6.712600617084653,10.553693942699583,0.9994398361264868,0.0005051770530804,5.498682043287143e-05,-3.7504179308437138,0.9999989742605814,0.774332617332433,5.023239398002625,3.2005459368228912,7.230740785598755,-0.2746543947115049,3.7083726066756464,47.13321746620443,63.96585074262613,3.521069933045339,34.009062878963036,132.53369024813043,35.29411764705882,39.2156862745098,35.29411764705882,1.1111111111111112,0.9948702809524717,-2.675239584579825,-1.7071176566032162,-0.6216041840461485,0.075281431541086,0.6463483475300081,1.493428280219675,2.3479998134228,0.9994398361266678,0.0005051770530001,5.498682033209128e-05,-3.750417937634042,4.494754791259766,"{""128"": ""outputs/rheed_video_afm_story/variants/afm_second_order_y2_v1/phase7a_reconstruction_first/afm_texture_dataset/physical_maps/6057__GdSb_N6057_ctr_017__centered_128.npy"", ""256"": ""outputs/rheed_video_afm_story/variants/afm_second_order_y2_v1/phase7a_reconstruction_first/afm_texture_dataset/physical_maps/6057__GdSb_N6057_ctr_017__centered_256.npy""}","{""128"": ""outputs/rheed_video_afm_story/variants/afm_second_order_y2_v1/phase7a_reconstruction_first/afm_texture_dataset/unit_shape_maps/6057__GdSb_N6057_ctr_017__unit_128.npy"", ""256"": ""outputs/rheed_video_afm_story/variants/afm_second_order_y2_v1/phase7a_reconstruction_first/afm_texture_dataset/unit_shape_maps/6057__GdSb_N6057_ctr_017__unit_256.npy""}","{""256"": ""outputs/rheed_video_afm_story/variants/afm_second_order_y2_v1/phase7a_reconstruction_first/afm_texture_dataset/multiscale_pyramids/6057__GdSb_N6057_ctr_017__laplacian_256.npz""}"
6057,6057,GdSb_N6057_ctr_020,data/afm_second_order/6057/GdSb_N6057_ctr_020/GdSb_N6057_ctr_020_height.npy,data/pair/6057/AFM/GdSb_N6057_ctr.020,data/plane_corrected_afm/6057/GdSb_N6057_ctr_020/GdSb_N6057_ctr_020_plane_corrected.npy,1.0,1.0,256,256,nm,4.432539463043213,3.390249298795218,22.19718360900879,22.19718360900879,14.638675689697266,-0.2298158788125695,3.855988440872086,213.4803320236984,294.0158251407309,0.9994168458501066,0.0005300351232368,5.311902665668987e-05,-3.77928866098188,35.29411764705882,35.29411764705882,35.29411764705882,1.0,0d8e56d55a291b2141affe12f666b2585b44e34124baa30fadc463d1de194648,4.432539474185322,3.390249298582096,22.19718370437623,14.638675570487976,33.64804744720459,-0.2298158788125695,3.855988440872086,213.4803320236984,294.0158251407309,12.393205305589577,151.532717369558,603.7669507920252,35.29411764705882,35.29411764705882,35.29411764705882,1.0,0.9959108456751355,-11.802173996820398,-7.579975152864405,-2.5773562439822637,0.0817262097156561,2.8106394163227595,7.058700417623571,10.395009707555827,0.9994168458465524,0.0005300351273173,5.311902612999975e-05,-3.779288659128312,0.9999990737869782,0.7648541374097864,5.007775676250459,3.3025451600551605,7.591137647628784,-0.2298158475564758,3.855988499320608,48.16203786205657,66.33117509020214,2.7959526302392055,34.186402432286215,136.21231601682766,35.29411764705882,35.29411764705882,35.29411764705882,1.0,0.9959108456295548,-2.662618828022653,-1.7100734831930935,-0.5814621420742809,0.0184377524836123,0.6340917227624119,1.592471676862067,2.3451568482278065,0.9994168458501066,0.0005300351232368,5.311902665668987e-05,-3.77928866098188,4.432539463043213,"{""128"": ""outputs/rheed_video_afm_story/variants/afm_second_order_y2_v1/phase7a_reconstruction_first/afm_texture_dataset/physical_maps/6057__GdSb_N6057_ctr_020__centered_128.npy"", ""256"": ""outputs/rheed_video_afm_story/variants/afm_second_order_y2_v1/phase7a_reconstruction_first/afm_texture_dataset/physical_maps/6057__GdSb_N6057_ctr_020__centered_256.npy""}","{""128"": ""outputs/rheed_video_afm_story/variants/afm_second_order_y2_v1/phase7a_reconstruction_first/afm_texture_dataset/unit_shape_maps/6057__GdSb_N6057_ctr_020__unit_128.npy"", ""256"": ""outputs/rheed_video_afm_story/variants/afm_second_order_y2_v1/phase7a_reconstruction_first/afm_texture_dataset/unit_shape_maps/6057__GdSb_N6057_ctr_020__unit_256.npy""}","{""256"": ""outputs/rheed_video_afm_story/variants/afm_second_order_y2_v1/phase7a_reconstruction_first/afm_texture_dataset/multiscale_pyramids/6057__GdSb_N6057_ctr_020__laplacian_256.npz""}"
6057,6057,GdSb_N6057_edge_014,data/afm_second_order/6057/GdSb_N6057_edge_014/GdSb_N6057_edge_014_height.npy,data/pair/6057/AFM/GdSb_N6057_edge.014,data/plane_corrected_afm/6057/GdSb_N6057_edge_014/GdSb_N6057_edge_014_plane_corrected.npy,1.0,1.0,256,256,nm,4.551929473876953,3.5816785943957052,20.93364906311035,20.93364906311035,15.37428092956543,-0.3366259651566377,3.190005468203543,215.58368455252815,287.9776118259495,0.9992867088708124,0.0006557014617394,5.758966744796705e-05,-3.748197234111096,35.29411764705882,39.2156862745098,35.29411764705882,1.1111111111111112,d5a484a8e41972245446aa2d37be656487435063855fa5680c136ffbd7877aec,4.551929442330778,3.581678593889604,20.93364906311035,15.374282121658323,32.007102966308594,-0.3366259651566377,3.190005468203543,215.58368455252815,287.9776118259495,15.409743074030684,162.29581341834285,587.5605564914958,35.29411764705882,39.2156862745098,35.29411764705882,1.1111111111111112,0.9950886828044349,-11.828174156211253,-8.045958560965891,-2.6593447747453407,0.0953584266082092,3.193977254368429,7.328323560692434,9.1054749068991,0.9992867088790152,0.0006557014539069,5.758966707799882e-05,-3.748197219017004,0.9999990694532112,0.7868477106027743,4.59884752035141,3.377527505159378,7.031539678573608,-0.3366259500624416,3.190005474660789,47.36090193021179,63.26489617188738,3.3853193961996384,35.654254128445615,129.07932742590845,35.29411764705882,39.2156862745098,35.29411764705882,1.1111111111111112,0.995088682775832,-2.598494449289601,-1.767591211231511,-0.5842231095154694,0.0209489844421931,0.7016748457829544,1.609936293927867,2.000353071061809,0.9992867088708124,0.0006557014617394,5.758966744796705e-05,-3.748197234111096,4.551929473876953,"{""128"": ""outputs/rheed_video_afm_story/variants/afm_second_order_y2_v1/phase7a_reconstruction_first/afm_texture_dataset/physical_maps/6057__GdSb_N6057_edge_014__centered_128.npy"", ""256"": ""outputs/rheed_video_afm_story/variants/afm_second_order_y2_v1/phase7a_reconstruction_first/afm_texture_dataset/physical_maps/6057__GdSb_N6057_edge_014__centered_256.npy""}","{""128"": ""outputs/rheed_video_afm_story/variants/afm_second_order_y2_v1/phase7a_reconstruction_first/afm_texture_dataset/unit_shape_maps/6057__GdSb_N6057_edge_014__unit_128.npy"", ""256"": ""outputs/rheed_video_afm_story/variants/afm_second_order_y2_v1/phase7a_reconstruction_first/afm_texture_dataset/unit_shape_maps/6057__GdSb_N6057_edge_014__unit_256.npy""}","{""256"": ""outputs/rheed_video_afm_story/variants/afm_second_order_y2_v1/phase7a_reconstruction_first/afm_texture_dataset/multiscale_pyramids/6057__GdSb_N6057_edge_014__laplacian_256.npz""}"
6057,6057,GdSb_N6057_edge_018,data/afm_second_order/6057/GdSb_N6057_edge_018/GdSb_N6057_edge_018_height.npy,data/pair/6057/AFM/GdSb_N6057_edge.018,data/plane_corrected_afm/6057/GdSb_N6057_edge_018/GdSb_N6057_edge_018_plane_corrected.npy,1.0,1.0,256,256,nm,4.963202953338623,3.754469540411688,26.363693237304688,26.363693237304688,15.96693229675293,-0.6194172991989989,4.1589482464629555,236.328050968174,338.0707891493041,0.999514857336112,0.0004341500579876,5.09926059004223e-05,-3.798768520572125,35.29411764705882,35.29411764705882,35.29411764705882,1.0,082f56707edd51002c3adbd0aa3c6d215cecdb529c5d8b70056f413c773263c8,4.963202916419724,3.754469529385476,26.36369376182558,15.966930866241457,34.383843421936035,-0.6194172991989989,4.1589482464629555,236.328050968174,338.0707891493041,14.714467212025973,156.7487124859433,750.9363822192009,35.29411764705882,35.29411764705882,35.29411764705882,1.0,0.99626725864683,-15.680014456916902,-8.756880988288973,-2.592603673149202,0.3522870681096576,3.3122015102614424,7.210049877952483,10.683679304908678,0.999514857341686,0.0004341500540755,5.099260423849541e-05,-3.798768536638586,0.9999990905748448,0.756460328337659,5.31182614564896,3.2170589566230774,6.927746772766113,-0.6194173477132461,4.158948300635739,47.61599320274933,68.1153861745069,2.964704774528375,31.58214058695599,151.30062548815346,35.29411764705882,35.29411764705882,35.29411764705882,1.0,0.9962672586573096,-3.1592504088042324,-1.7643592301962914,-0.5223645810244621,0.070979731136745,0.6673509981276451,1.452699726426786,2.152575736844728,0.999514857336112,0.0004341500579876,5.09926059004223e-05,-3.798768520572125,4.963202953338623,"{""128"": ""outputs/rheed_video_afm_story/variants/afm_second_order_y2_v1/phase7a_reconstruction_first/afm_texture_dataset/physical_maps/6057__GdSb_N6057_edge_018__centered_128.npy"", ""256"": ""outputs/rheed_video_afm_story/variants/afm_second_order_y2_v1/phase7a_reconstruction_first/afm_texture_dataset/physical_maps/6057__GdSb_N6057_edge_018__centered_256.npy""}","{""128"": ""outputs/rheed_video_afm_story/variants/afm_second_order_y2_v1/phase7a_reconstruction_first/afm_texture_dataset/unit_shape_maps/6057__GdSb_N6057_edge_018__unit_128.npy"", ""256"": ""outputs/rheed_video_afm_story/variants/afm_second_order_y2_v1/phase7a_reconstruction_first/afm_texture_dataset/unit_shape_maps/6057__GdSb_N6057_edge_018__unit_256.npy""}","{""256"": ""outputs/rheed_video_afm_story/variants/afm_second_order_y2_v1/phase7a_reconstruction_first/afm_texture_dataset/multiscale_pyramids/6057__GdSb_N6057_edge_018__laplacian_256.npz""}"
6057,6057,GdSb_N6057_edge_019,data/afm_second_order/6057/GdSb_N6057_edge_019/GdSb_N6057_edge_019_height.npy,data/pair/6057/AFM/GdSb_N6057_edge.019,data/plane_corrected_afm/6057/GdSb_N6057_edge_019/GdSb_N6057_edge_019_plane_corrected.npy,1.0,1.0,256,256,nm,4.5974016189575195,3.6302775142296024,22.16629409790039,22.16629409790039,14.930492401123049,-0.4129863758135875,3.4457824748076793,219.8329645012323,300.2751459042983,0.999509719141199,0.0004426481820461,4.76326767546863e-05,-3.787061550386644,35.29411764705882,39.2156862745098,35.29411764705882,1.1111111111111112,1741cd2b7511a3c41123f61ee7369cf78c68070a40cf27354cb5c46c54c3f47c,4.597401549263511,3.6302775237609817,22.16629405021668,14.930492520332336,31.22603225708008,-0.4129863758135875,3.4457824748076793,219.8329645012323,300.2751459042983,15.162473735940392,158.0063219882486,629.5684723931721,35.29411764705882,39.2156862745098,35.29411764705882,1.1111111111111112,0.9938787084051588,-12.5558699529583,-7.960070125382616,-2.846813492100908,0.2184768024867041,3.20761174746208,6.97042239494972,9.610424097258376,0.9995097191340302,0.0004426481892259,4.7632676743638315e-05,-3.7870615547142994,0.9999990579596189,0.7896360746753495,4.821478700637818,3.2475907504558563,6.7920982837677,-0.4129862808403487,3.445782382700107,47.81674047858813,65.31403811918759,3.2980460765314046,34.3685795573627,136.93993752025966,35.29411764705882,39.2156862745098,35.29411764705882,1.1111111111111112,0.9938787084174342,-2.731077069855695,-1.7314265140066205,-0.6192217238912638,0.0475217501898948,0.6977003745069448,1.516164236449236,2.0904016307821225,0.999509719141199,0.0004426481820461,4.76326767546863e-05,-3.787061550386644,4.5974016189575195,"{""128"": ""outputs/rheed_video_afm_story/variants/afm_second_order_y2_v1/phase7a_reconstruction_first/afm_texture_dataset/physical_maps/6057__GdSb_N6057_edge_019__centered_128.npy"", ""256"": ""outputs/rheed_video_afm_story/variants/afm_second_order_y2_v1/phase7a_reconstruction_first/afm_texture_dataset/physical_maps/6057__GdSb_N6057_edge_019__centered_256.npy""}","{""128"": ""outputs/rheed_video_afm_story/variants/afm_second_order_y2_v1/phase7a_reconstruction_first/afm_texture_dataset/unit_shape_maps/6057__GdSb_N6057_edge_019__unit_128.npy"", ""256"": ""outputs/rheed_video_afm_story/variants/afm_second_order_y2_v1/phase7a_reconstruction_first/afm_texture_dataset/unit_shape_maps/6057__GdSb_N6057_edge_019__unit_256.npy""}","{""256"": ""outputs/rheed_video_afm_story/variants/afm_second_order_y2_v1/phase7a_reconstruction_first/afm_texture_dataset/multiscale_pyramids/6057__GdSb_N6057_edge_019__laplacian_256.npz""}"
6062,6062,N62_Ctr_000,data/afm_second_order/6062/N62_Ctr_000/N62_Ctr_000_height.npy,data/pair/6062/AFM/N62 Ctr.000,data/plane_corrected_afm/6062/N62_Ctr_000/N62_Ctr_000_plane_corrected.npy,1.0,1.0,256,256,nm,2.916065454483032,2.188694665581747,14.69427490234375,14.69427490234375,9.497314453125,-0.9707288986742452,4.971356975609659,195.87589822029585,266.7081749643908,0.9991951044774384,0.0007572613598969,4.7634162664672136e-05,-4.130506857916126,23.52941176470588,23.52941176470588,23.52941176470588,1.0,522752cb9a215ebe675a3797e687a0302216a22ded12b682ac2302ffd35a35f7,2.916065493094503,2.1886946780229533,14.69427502155304,9.497314512729645,24.536598205566406,-0.9707288986742452,4.971356975609659,195.87589822029585,266.7081749643908,23.443810146852822,137.15177814246425,572.7938060474276,23.52941176470588,23.52941176470588,23.52941176470588,1.0,0.99521595296431,-9.112044713200843,-5.473742983044901,-1.422636410893717,0.3770681631548022,1.8810295549018,4.023571529684744,5.5822303083521945,0.9991951044635956,0.0007572613729104,4.763416349392406e-05,-4.130506863051298,0.9999989638645692,0.750563531713343,5.0390707731246955,3.256890058517456,8.414273977279663,-0.97072885614116,4.97135690274147,67.17122630634913,91.46155944391334,8.039523726763097,47.03311026347932,196.42672577657956,23.52941176470588,23.52941176470588,23.52941176470588,1.0,0.9952159528719566,-3.124770570186806,-1.8770968023817067,-0.4878610897938733,0.1293070461471553,0.6450566943605418,1.379793256135749,1.914300202937889,0.9991951044774384,0.0007572613598969,4.7634162664672136e-05,-4.130506857916126,2.9160654544830322,"{""128"": ""outputs/rheed_video_afm_story/variants/afm_second_order_y2_v1/phase7a_reconstruction_first/afm_texture_dataset/physical_maps/6062__N62_Ctr_000__centered_128.npy"", ""256"": ""outputs/rheed_video_afm_story/variants/afm_second_order_y2_v1/phase7a_reconstruction_first/afm_texture_dataset/physical_maps/6062__N62_Ctr_000__centered_256.npy""}","{""128"": ""outputs/rheed_video_afm_story/variants/afm_second_order_y2_v1/phase7a_reconstruction_first/afm_texture_dataset/unit_shape_maps/6062__N62_Ctr_000__unit_128.npy"", ""256"": ""outputs/rheed_video_afm_story/variants/afm_second_order_y2_v1/phase7a_reconstruction_first/afm_texture_dataset/unit_shape_maps/6062__N62_Ctr_000__unit_256.npy""}","{""256"": ""outputs/rheed_video_afm_story/variants/afm_second_order_y2_v1/phase7a_reconstruction_first/afm_texture_dataset/multiscale_pyramids/6062__N62_Ctr_000__laplacian_256.npz""}"
6062,6062,N62_Ctr_001,data/afm_second_order/6062/N62_Ctr_001/N62_Ctr_001_height.npy,data/pair/6062/AFM/N62 Ctr.001,data/plane_corrected_afm/6062/N62_Ctr_001/N62_Ctr_001_plane_corrected.npy,1.0,1.0,512,512,nm,3.1779274940490723,2.3823026720804172,16.00373077392578,16.00373077392578,10.455245971679688,-0.935830722528227,4.747770200448212,216.9274194847114,294.4686738546515,0.9998439078976716,0.0001444250679889,1.1667034339450364e-05,-4.194933647833432,25.440313111545983,25.440313111545983,25.440313111545983,1.0,73bfaeea6d3c8fdbdead3d0d5eb99670c67a1362307f43ad10db13dc9bac800b,3.1779274400406945,2.3823026676144714,16.003730230331424,10.45524668693542,26.165817260742188,-0.935830722528227,4.747770200448212,216.9274194847114,294.4686738546515,27.24255993221239,151.2119483931061,639.9470694354793,25.440313111545983,25.440313111545983,25.440313111545983,1.0,0.9928916774501276,-10.0318815847741,-5.922005366931996,-1.5190606471405843,0.4270868617786547,1.999592388023295,4.533241320003425,5.971848645557324,0.999843907897032,0.0001444250686478,1.1667034320302912e-05,-4.1949336562301465,0.9999990888737502,0.749639676776278,5.035897122621536,3.289954704046248,8.23360276222229,-0.9358307246892388,4.74777018968337,68.26059618973075,92.66051888504056,8.572415524721073,47.58191060507906,201.37226820840897,25.440313111545983,25.440313111545983,25.440313111545983,1.0,0.9928915640251628,-3.156734194648942,-1.863478751075944,-0.4780031244880761,0.1343915138714705,0.6292121906154547,1.4264759529703044,1.8791629279725943,0.9998439078976716,0.0001444250679889,1.1667034339450364e-05,-4.194933647833432,3.1779274940490723,"{""128"": ""outputs/rheed_video_afm_story/variants/afm_second_order_y2_v1/phase7a_reconstruction_first/afm_texture_dataset/physical_maps/6062__N62_Ctr_001__centered_128.npy"", ""256"": ""outputs/rheed_video_afm_story/variants/afm_second_order_y2_v1/phase7a_reconstruction_first/afm_texture_dataset/physical_maps/6062__N62_Ctr_001__centered_256.npy""}","{""128"": ""outputs/rheed_video_afm_story/variants/afm_second_order_y2_v1/phase7a_reconstruction_first/afm_texture_dataset/unit_shape_maps/6062__N62_Ctr_001__unit_128.npy"", ""256"": ""outputs/rheed_video_afm_story/variants/afm_second_order_y2_v1/phase7a_reconstruction_first/afm_texture_dataset/unit_shape_maps/6062__N62_Ctr_001__unit_256.npy""}","{""256"": ""outputs/rheed_video_afm_story/variants/afm_second_order_y2_v1/phase7a_reconstruction_first/afm_texture_dataset/multiscale_pyramids/6062__N62_Ctr_001__laplacian_256.npz""}"
6062,6062,N62_Ctr_002,data/afm_second_order/6062/N62_Ctr_002/N62_Ctr_002_height.npy,data/pair/6062/AFM/N62 Ctr.002,data/plane_corrected_afm/6062/N62_Ctr_002/N62_Ctr_002_plane_corrected.npy,1.0,1.0,512,512,nm,3.194929599761963,2.383458780682078,16.08676528930664,16.08676528930664,10.46492862701416,-0.9850193902943432,4.925473283635502,217.92636053161633,299.78161920758413,0.9998591051006168,0.0001296036333361,1.1291266047194889e-05,-4.18001666614845,25.440313111545983,23.483365949119374,27.3972602739726,1.1666666666666663,d2873a6d172c35e5372883c09a64c7dc3172128cc36a1479a759d2161d7891a2,3.1949294636231764,2.3834587807082803,16.086764450073247,10.464928889274596,25.97221851348877,-0.9850193902943432,4.925473283635502,217.92636053161633,299.78161920758413,27.673185077805464,149.0767093431208,651.3109599075456,25.440313111545983,23.483365949119374,27.3972602739726,1.1666666666666663,0.9959314684398752,-9.98256438193004,-6.138312672945666,-1.4671007209746123,0.3899771458180665,2.0681894010575532,4.32661621632893,6.104200068143207,0.9998591051019065,0.0001296036322116,1.1291265882018546e-05,-4.180016681283607,0.9999990671992286,0.7460122600076913,5.035087658166888,3.275477319955826,8.129191637039185,-0.9850193965596842,4.925473485340024,68.21000584561017,93.83034716179864,8.661580490304083,46.660351769125995,203.8574911187956,25.440313111545983,23.483365949119374,27.3972602739726,1.1666666666666663,0.9959314684901196,-3.124499481533199,-1.9212651642304948,-0.4591961460453562,0.1220611450928159,0.6473343638437696,1.3542121557253308,1.910588176633689,0.9998591051006168,0.0001296036333361,1.1291266047194889e-05,-4.18001666614845,3.194929599761963,"{""128"": ""outputs/rheed_video_afm_story/variants/afm_second_order_y2_v1/phase7a_reconstruction_first/afm_texture_dataset/physical_maps/6062__N62_Ctr_002__centered_128.npy"", ""256"": ""outputs/rheed_video_afm_story/variants/afm_second_order_y2_v1/phase7a_reconstruction_first/afm_texture_dataset/physical_maps/6062__N62_Ctr_002__centered_256.npy""}","{""128"": ""outputs/rheed_video_afm_story/variants/afm_second_order_y2_v1/phase7a_reconstruction_first/afm_texture_dataset/unit_shape_maps/6062__N62_Ctr_002__unit_128.npy"", ""256"": ""outputs/rheed_video_afm_story/variants/afm_second_order_y2_v1/phase7a_reconstruction_first/afm_texture_dataset/unit_shape_maps/6062__N62_Ctr_002__unit_256.npy""}","{""256"": ""outputs/rheed_video_afm_story/variants/afm_second_order_y2_v1/phase7a_reconstruction_first/afm_texture_dataset/multiscale_pyramids/6062__N62_Ctr_002__laplacian_256.npz""}"
6062,6062,N62_Ctr_003,data/afm_second_order/6062/N62_Ctr_003/N62_Ctr_003_height.npy,data/pair/6062/AFM/N62 Ctr.003,data/plane_corrected_afm/6062/N62_Ctr_003/N62_Ctr_003_plane_corrected.npy,1.0,1.0,512,512,nm,3.008188247680664,2.27311748252274,15.14699363708496,15.14699363708496,9.657791137695312,-0.9456723134259756,4.945224717836181,205.75962749478924,283.94158844441347,0.9998732529581548,0.0001163737416413,1.0373300204000904e-05,-4.188295803733141,25.440313111545983,23.483365949119374,27.3972602739726,1.1666666666666663,1b3955ddfd249d3b1ce9e1d909c6c97577d0600f42036a4f304b0ac7f6c08366,3.0081882162622953,2.273117482947667,15.146993441581737,9.65779101848602,26.769522666931152,-0.9456723134259756,4.945224717836181,205.75962749478924,283.94158844441347,25.01881798002052,139.82789592023886,618.8096277113103,25.440313111545983,23.483365949119374,27.3972602739726,1.1666666666666663,0.9952004205930768,-9.343708176588702,-5.545865106558488,-1.5498353123423323,0.4128119990471138,1.9736138999703656,4.111925911927531,5.803285264993033,0.9998732529566222,0.0001163737430151,1.0373300362453116e-05,-4.188295791688805,0.999998960499534,0.7556425831642749,5.035249459743502,3.2104975342750537,8.89887547492981,-0.9456723266657387,4.945224914582893,68.39978047435093,94.38947091287288,8.316896903330562,46.482377732599005,205.7082026399207,25.440313111545983,23.483365949119374,27.3972602739726,1.1666666666666663,0.9952004089315034,-3.106088551338419,-1.8435878825743044,-0.5152050120193806,0.1372292923371944,0.656079901997343,1.366909651700749,1.9291609084050831,0.9998732529581548,0.0001163737416413,1.0373300204000904e-05,-4.188295803733141,3.008188247680664,"{""128"": ""outputs/rheed_video_afm_story/variants/afm_second_order_y2_v1/phase7a_reconstruction_first/afm_texture_dataset/physical_maps/6062__N62_Ctr_003__centered_128.npy"", ""256"": ""outputs/rheed_video_afm_story/variants/afm_second_order_y2_v1/phase7a_reconstruction_first/afm_texture_dataset/physical_maps/6062__N62_Ctr_003__centered_256.npy""}","{""128"": ""outputs/rheed_video_afm_story/variants/afm_second_order_y2_v1/phase7a_reconstruction_first/afm_texture_dataset/unit_shape_maps/6062__N62_Ctr_003__unit_128.npy"", ""256"": ""outputs/rheed_video_afm_story/variants/afm_second_order_y2_v1/phase7a_reconstruction_first/afm_texture_dataset/unit_shape_maps/6062__N62_Ctr_003__unit_256.npy""}","{""256"": ""outputs/rheed_video_afm_story/variants/afm_second_order_y2_v1/phase7a_reconstruction_first/afm_texture_dataset/multiscale_pyramids/6062__N62_Ctr_003__laplacian_256.npz""}"
6062,6062,N62_Edg_000,data/afm_second_order/6062/N62_Edg_000/N62_Edg_000_height.npy,data/pair/6062/AFM/N62 Edg.000,data/plane_corrected_afm/6062/N62_Edg_000/N62_Edg_000_plane_corrected.npy,1.0,1.0,256,256,nm,5.338578701019287,3.789556711868811,29.772388458251953,29.772388458251953,16.587081909179688,-1.2859734751562333,6.32337866854727,239.18219124408944,344.15661836102066,0.9997185900305208,0.0002659581149509,1.545185452803676e-05,-4.445518312247486,39.2156862745098,43.13725490196078,39.2156862745098,1.1,e23924138b51724ae3e206c4f28af1f9482c692e4afb4649e58f7cd82c04b75b,5.338578648880055,3.7895566959340687,29.772385978698736,16.587083101272583,43.110069274902344,-1.2859734751562333,6.32337866854727,239.18219124408944,344.15661836102066,17.356797442086624,157.56399763314147,756.1340851932191,39.2156862745098,43.13725490196078,39.2156862745098,1.1,0.9947283756470884,-18.662239312090893,-9.749509238162055,-2.0874612559461765,0.8017578269457647,3.212030984005911,6.837573863110525,11.11014666660784,0.9997185900304708,0.0002659581156038,1.545185392533713e-05,-4.445518354825597,0.9999989892640082,0.7098430289819874,5.576832270622253,3.1070190966129303,8.075187921524048,-1.2859735273637345,6.323379039876495,44.8025519753501,64.46589820641083,3.251193331976285,29.514193170648593,141.63570457021663,39.2156862745098,43.13725490196078,39.2156862745098,1.1,0.9947283756698446,-3.4957284926951058,-1.8262349366724615,-0.391014046925319,0.1501817480146758,0.6016634703099601,1.2807841599404686,2.0811037779271477,0.9997185900305208,0.0002659581149509,1.545185452803676e-05,-4.445518312247486,5.338578701019287,"{""128"": ""outputs/rheed_video_afm_story/variants/afm_second_order_y2_v1/phase7a_reconstruction_first/afm_texture_dataset/physical_maps/6062__N62_Edg_000__centered_128.npy"", ""256"": ""outputs/rheed_video_afm_story/variants/afm_second_order_y2_v1/phase7a_reconstruction_first/afm_texture_dataset/physical_maps/6062__N62_Edg_000__centered_256.npy""}","{""128"": ""outputs/rheed_video_afm_story/variants/afm_second_order_y2_v1/phase7a_reconstruction_first/afm_texture_dataset/unit_shape_maps/6062__N62_Edg_000__unit_128.npy"", ""256"": ""outputs/rheed_video_afm_story/variants/afm_second_order_y2_v1/phase7a_reconstruction_first/afm_texture_dataset/unit_shape_maps/6062__N62_Edg_000__unit_256.npy""}","{""256"": ""outputs/rheed_video_afm_story/variants/afm_second_order_y2_v1/phase7a_reconstruction_first/afm_texture_dataset/multiscale_pyramids/6062__N62_Edg_000__laplacian_256.npz""}"
6062,6062,N62_Edg_001,data/afm_second_order/6062/N62_Edg_001/N62_Edg_001_height.npy,data/pair/6062/AFM/N62 Edg.001,data/plane_corrected_afm/6062/N62_Edg_001/N62_Edg_001_plane_corrected.npy,1.0,1.0,512,512,nm,2.5711240768432617,1.9204882059398325,12.992422103881836,12.992422103881836,8.312015533447266,-0.9945526276021288,5.211487461173015,187.1027785112019,257.2407628433902,0.999826993520332,0.0001590743918448,1.39320878230106e-05,-4.1312172948398445,23.483365949119374,21.52641878669276,23.483365949119374,1.090909090909091,9260b6790a19368dd689f9123b06a24bcb511171ef46f47f9720558b1b1e9aa6,2.5711240385126235,1.9204882069328788,12.992422752380374,8.31201559305191,24.786295890808105,-0.9945526276021288,5.211487461173015,187.1027785112019,257.2407628433902,24.14030581309915,129.59512176415006,551.0185026094035,23.483365949119374,21.52641878669276,23.483365949119374,1.090909090909091,0.9960091480042834,-8.213351462223468,-4.743523609974321,-1.2553538862251614,0.2646113116658355,1.6809485372520114,3.568491983077588,4.7790712901569075,0.999826993521345,0.0001590743911404,1.393208751467704e-05,-4.131217323434199,0.9999990168739386,0.7469442523521234,5.0532023835182205,3.2328302383422844,9.640247106552124,-0.994552555450241,5.211487363883855,72.77073829933836,100.0498244212579,9.389003265924943,50.40401606389258,214.31013120520944,23.483365949119374,21.52641878669276,23.483365949119374,1.090909090909091,0.9960091479183066,-3.194456234502234,-1.844920299577154,-0.4882505189651624,0.1029164690500123,0.6537789452796801,1.3879099387651306,1.858746149015987,0.999826993520332,0.0001590743918448,1.39320878230106e-05,-4.1312172948398445,2.5711240768432617,"{""128"": ""outputs/rheed_video_afm_story/variants/afm_second_order_y2_v1/phase7a_reconstruction_first/afm_texture_dataset/physical_maps/6062__N62_Edg_001__centered_128.npy"", ""256"": ""outputs/rheed_video_afm_story/variants/afm_second_order_y2_v1/phase7a_reconstruction_first/afm_texture_dataset/physical_maps/6062__N62_Edg_001__centered_256.npy""}","{""128"": ""outputs/rheed_video_afm_story/variants/afm_second_order_y2_v1/phase7a_reconstruction_first/afm_texture_dataset/unit_shape_maps/6062__N62_Edg_001__unit_128.npy"", ""256"": ""outputs/rheed_video_afm_story/variants/afm_second_order_y2_v1/phase7a_reconstruction_first/afm_texture_dataset/unit_shape_maps/6062__N62_Edg_001__unit_256.npy""}","{""256"": ""outputs/rheed_video_afm_story/variants/afm_second_order_y2_v1/phase7a_reconstruction_first/afm_texture_dataset/multiscale_pyramids/6062__N62_Edg_001__laplacian_256.npz""}"
6063,6063,N63_Ctr_001,data/afm_second_order/6063/N63_Ctr_001/N63_Ctr_001_height.npy,data/pair/6063/AFM/N63 Ctr.001,data/plane_corrected_afm/6063/N63_Ctr_001/N63_Ctr_001_plane_corrected.npy,1.0,1.0,256,256,nm,5.927521228790283,4.5525113242896955,28.971302032470703,28.971302032470703,20.464750289916992,-0.7257756240261097,3.664799322679265,267.91618546361224,387.1612899871345,0.9996444861307427,0.0003353372905614,2.0176578695683585e-05,-4.381127138363051,35.29411764705882,35.29411764705882,35.29411764705882,1.0,6a9bb3a55f13b17f794d360e1b8b3058c0743720b6dbac3ff7e309c87bcee7dc,5.927521197623308,4.552511311868217,28.971299695968632,20.46474885940552,32.26519966125488,-0.7257756240261097,3.664799322679265,267.91618546361224,387.1612899871345,17.11498477068885,163.99744709536455,880.8091504837153,35.29411764705882,35.29411764705882,35.29411764705882,1.0,0.9946712216125247,-16.718615332478564,-12.243108025425949,-3.1093084129038235,0.6406139818486787,4.026870974665604,8.221640833979569,12.252684363490069,0.9996444861313613,0.0003353372898856,2.0176578753121184e-05,-4.3811271389963675,0.9999990050389288,0.7680287627353791,4.8875862002372745,3.4524935483932495,5.443281650543213,-0.7257756536264925,3.664799402372293,45.19864381701584,65.31581970578804,2.8873726414882084,27.6670911262287,148.59638354853567,35.29411764705882,35.29411764705882,35.29411764705882,1.0,0.9946712216652148,-2.820504269247508,-2.065466460829234,-0.5245540561728241,0.1080744182117222,0.6793509004063842,1.3870270875640152,2.067081930989766,0.9996444861307427,0.0003353372905614,2.0176578695683585e-05,-4.381127138363051,5.927521228790283,"{""128"": ""outputs/rheed_video_afm_story/variants/afm_second_order_y2_v1/phase7a_reconstruction_first/afm_texture_dataset/physical_maps/6063__N63_Ctr_001__centered_128.npy"", ""256"": ""outputs/rheed_video_afm_story/variants/afm_second_order_y2_v1/phase7a_reconstruction_first/afm_texture_dataset/physical_maps/6063__N63_Ctr_001__centered_256.npy""}","{""128"": ""outputs/rheed_video_afm_story/variants/afm_second_order_y2_v1/phase7a_reconstruction_first/afm_texture_dataset/unit_shape_maps/6063__N63_Ctr_001__unit_128.npy"", ""256"": ""outputs/rheed_video_afm_story/variants/afm_second_order_y2_v1/phase7a_reconstruction_first/afm_texture_dataset/unit_shape_maps/6063__N63_Ctr_001__unit_256.npy""}","{""256"": ""outputs/rheed_video_afm_story/variants/afm_second_order_y2_v1/phase7a_reconstruction_first/afm_texture_dataset/multiscale_pyramids/6063__N63_Ctr_001__laplacian_256.npz""}"
6063,6063,N63_Ctr_002,data/afm_second_order/6063/N63_Ctr_002/N63_Ctr_002_height.npy,data/pair/6063/AFM/N63 Ctr.002,data/plane_corrected_afm/6063/N63_Ctr_002/N63_Ctr_002_plane_corrected.npy,1.0,1.0,256,256,nm,5.916913032531738,4.646153808766738,28.829814910888672,28.829814910888672,19.278854370117188,-0.5956906100116277,3.5611668815215727,262.6180416024248,383.3784112758228,0.9996185549039645,0.0003592277330594,2.221736297612728e-05,-4.3499814244287975,35.29411764705882,35.29411764705882,31.37254901960784,1.125,d43795cf344b1595e0d8bd57a60df6ab0104c39fcd4bb15747bd1c7e369ff91a,5.9169126469419915,4.646153809211156,28.829814291000368,19.27885413169861,32.68772792816162,-0.5956906100116277,3.5611668815215727,262.6180416024248,383.3784112758228,17.516556862642993,155.96284414361895,881.4199277651547,35.29411764705882,35.29411764705882,31.37254901960784,1.125,0.9944504020050212,-17.107058619963343,-10.540346145140342,-3.7283084983698656,0.710672975076027,4.043694019807167,8.738507986558266,11.722755671037026,0.9996185549059118,0.0003592277310177,2.2217363070375113e-05,-4.349981415480687,0.9999990580883968,0.7852320478900028,4.872437429428101,3.258259266614914,5.524451732635498,-0.5956906145834561,3.5611668731559223,44.3842608789632,64.79359649001506,2.960418557862808,26.35879773859294,148.96605579312853,35.29411764705882,35.29411764705882,31.37254901960784,1.125,0.994450401992078,-2.891210842531537,-1.781391144197797,-0.6301098469909183,0.1201086412850865,0.6834122087542065,1.476868122417117,1.9812265868965635,0.9996185549039645,0.0003592277330594,2.221736297612728e-05,-4.3499814244287975,5.916913032531738,"{""128"": ""outputs/rheed_video_afm_story/variants/afm_second_order_y2_v1/phase7a_reconstruction_first/afm_texture_dataset/physical_maps/6063__N63_Ctr_002__centered_128.npy"", ""256"": ""outputs/rheed_video_afm_story/variants/afm_second_order_y2_v1/phase7a_reconstruction_first/afm_texture_dataset/physical_maps/6063__N63_Ctr_002__centered_256.npy""}","{""128"": ""outputs/rheed_video_afm_story/variants/afm_second_order_y2_v1/phase7a_reconstruction_first/afm_texture_dataset/unit_shape_maps/6063__N63_Ctr_002__unit_128.npy"", ""256"": ""outputs/rheed_video_afm_story/variants/afm_second_order_y2_v1/phase7a_reconstruction_first/afm_texture_dataset/unit_shape_maps/6063__N63_Ctr_002__unit_256.npy""}","{""256"": ""outputs/rheed_video_afm_story/variants/afm_second_order_y2_v1/phase7a_reconstruction_first/afm_texture_dataset/multiscale_pyramids/6063__N63_Ctr_002__laplacian_256.npz""}"
6063,6063,N63_Ctr_003,data/afm_second_order/6063/N63_Ctr_003/N63_Ctr_003_height.npy,data/pair/6063/AFM/N63 Ctr.003,data/plane_corrected_afm/6063/N63_Ctr_003/N63_Ctr_003_plane_corrected.npy,1.0,1.0,512,512,nm,5.507001876831055,4.277187912614087,25.137779235839844,25.137779235839844,18.433605194091797,-0.9670760384861292,3.8328839361335985,260.82021410985783,384.0719534383025,0.999895437341239,9.78401580494014e-05,6.722500711730248e-06,-4.363654076323714,33.268101761252446,37.18199608610567,29.354207436399214,1.2666666666666666,b79100694c74672adfeeb536b56e3de34cb4d74b07844fda4b97eef6e0d6f5e4,5.507001636203657,4.2771879126189685,25.137778472900393,18.43360440731048,30.316890716552734,-0.9670760384861292,3.8328839361335985,260.82021410985783,384.0719534383025,19.44213956652693,152.66550008047682,877.2700325478111,33.268101761252446,37.18199608610567,29.354207436399214,1.2666666666666666,0.988886920061007,-16.05925029912842,-11.64089759031189,-2.915742141398317,1.1442307706748187,3.9234914358531174,6.792706816998588,9.078528173771971,0.9998954373404608,9.784015878823244e-05,6.722500750943068e-06,-4.3636540681851645,0.999999069187376,0.7766810712658847,4.564689829349518,3.3473002791404713,5.505148649215698,-0.9670760405656196,3.832883939364036,47.36152061668918,69.74241544556486,3.5304348878902427,27.722039180966753,159.30071756207178,33.268101761252446,37.18199608610567,29.354207436399214,1.2666666666666666,0.9888869200220196,-2.916148557228344,-2.113834044498699,-0.529460442227619,0.2077772645528146,0.7124544261271784,1.2334662346417722,1.6485412721211743,0.999895437341239,9.78401580494014e-05,6.722500711730248e-06,-4.363654076323714,5.507001876831055,"{""128"": ""outputs/rheed_video_afm_story/variants/afm_second_order_y2_v1/phase7a_reconstruction_first/afm_texture_dataset/physical_maps/6063__N63_Ctr_003__centered_128.npy"", ""256"": ""outputs/rheed_video_afm_story/variants/afm_second_order_y2_v1/phase7a_reconstruction_first/afm_texture_dataset/physical_maps/6063__N63_Ctr_003__centered_256.npy""}","{""128"": ""outputs/rheed_video_afm_story/variants/afm_second_order_y2_v1/phase7a_reconstruction_first/afm_texture_dataset/unit_shape_maps/6063__N63_Ctr_003__unit_128.npy"", ""256"": ""outputs/rheed_video_afm_story/variants/afm_second_order_y2_v1/phase7a_reconstruction_first/afm_texture_dataset/unit_shape_maps/6063__N63_Ctr_003__unit_256.npy""}","{""256"": ""outputs/rheed_video_afm_story/variants/afm_second_order_y2_v1/phase7a_reconstruction_first/afm_texture_dataset/multiscale_pyramids/6063__N63_Ctr_003__laplacian_256.npz""}"
6063,6063,N63_Ctr_004,data/afm_second_order/6063/N63_Ctr_004/N63_Ctr_004_height.npy,data/pair/6063/AFM/N63 Ctr.004,data/plane_corrected_afm/6063/N63_Ctr_004/N63_Ctr_004_plane_corrected.npy,1.0,1.0,512,512,nm,5.703505516052246,4.303168166746455,26.798019409179688,26.798019409179688,20.802810668945312,-0.8118758732729845,3.814083483382153,269.7664452718258,396.2986681991829,0.9998871233443044,0.0001057961123849,7.080543310754616e-06,-4.370547548868428,33.268101761252446,35.22504892367906,33.268101761252446,1.0588235294117647,c039fc20b837198891e6ae189e17b5dc8f42062d0eb8bdef6cfd89407bb219f3,5.703505730488737,4.303168156245857,26.79801944732666,20.80281133651733,29.008414268493652,-0.8118758732729845,3.814083483382153,269.7664452718258,396.2986681991829,19.28081392576845,155.71207303235343,901.7775328064882,33.268101761252446,35.22504892367906,33.268101761252446,1.0588235294117647,0.9900942478291213,-16.11646179263234,-12.423144140883682,-2.6405198842728126,0.6992918282306206,3.672826084450485,8.37966719563365,10.68155765469432,0.9998871233456736,0.0001057961109632,7.080543363124654e-06,-4.370547525128471,0.9999990381062054,0.7544770220875907,4.698512591123581,3.6473691523075105,5.086062431335449,-0.8118759021713688,3.814083493526959,47.29831063948786,69.48328049245416,3.3805221297001147,27.30108824044087,158.10915923100993,33.268101761252446,35.22504892367906,33.268101761252446,1.0588235294117647,0.990094281175227,-2.8257088110184556,-2.178157093260277,-0.4629639065599324,0.1226072670185682,0.6439588018918154,1.4692120590472335,1.8728037801051256,0.9998871233443044,0.0001057961123849,7.080543310754616e-06,-4.370547548868428,5.703505516052246,"{""128"": ""outputs/rheed_video_afm_story/variants/afm_second_order_y2_v1/phase7a_reconstruction_first/afm_texture_dataset/physical_maps/6063__N63_Ctr_004__centered_128.npy"", ""256"": ""outputs/rheed_video_afm_story/variants/afm_second_order_y2_v1/phase7a_reconstruction_first/afm_texture_dataset/physical_maps/6063__N63_Ctr_004__centered_256.npy""}","{""128"": ""outputs/rheed_video_afm_story/variants/afm_second_order_y2_v1/phase7a_reconstruction_first/afm_texture_dataset/unit_shape_maps/6063__N63_Ctr_004__unit_128.npy"", ""256"": ""outputs/rheed_video_afm_story/variants/afm_second_order_y2_v1/phase7a_reconstruction_first/afm_texture_dataset/unit_shape_maps/6063__N63_Ctr_004__unit_256.npy""}","{""256"": ""outputs/rheed_video_afm_story/variants/afm_second_order_y2_v1/phase7a_reconstruction_first/afm_texture_dataset/multiscale_pyramids/6063__N63_Ctr_004__laplacian_256.npz""}"
6063,6063,N63_Edg_000,data/afm_second_order/6063/N63_Edg_000/N63_Edg_000_height.npy,data/pair/6063/AFM/N63 Edg.000,data/plane_corrected_afm/6063/N63_Edg_000/N63_Edg_000_plane_corrected.npy,1.0,1.0,256,256,nm,5.135201930999756,3.983015578100803,25.80242919921875,25.80242919921875,16.247461318969727,-0.5757644284888831,3.8460199661181766,230.18445908062768,327.9910672987738,0.999669521417171,0.0003117520919274,1.8726490901414804e-05,-4.382246666259548,35.29411764705882,35.29411764705882,39.2156862745098,1.1111111111111112,a7b5653f8d2a02c1983c49c9bf5b94febc25508be9cafa6bce92977c4262d237,5.135201700892216,3.983015581339,25.802429151535033,16.247461557388306,35.24991989135742,-0.5757644284888831,3.8460199661181766,230.18445908062768,327.9910672987738,16.810208661832874,150.11195145039045,730.3737861755463,35.29411764705882,35.29411764705882,39.2156862745098,1.1111111111111112,0.9944121383759668,-15.79551912687236,-8.684680522898972,-2.991279901484788,0.3551738844115131,3.4934266791540973,7.562781034489333,10.006910024662671,0.999669521409194,0.000311752098991,1.8726491815080327e-05,-4.382246658079275,0.999999051563594,0.7756290883150001,5.024613779783249,3.163935422897339,6.864362478256226,-0.5757644365134912,3.8460198474265392,44.82477112607055,63.87105629419413,3.2735214836516,29.231923120918715,142.2286960505752,35.29411764705882,35.29411764705882,39.2156862745098,1.1111111111111112,0.9944121383213944,-3.0759269055836267,-1.6912038263790674,-0.5825042960159844,0.069164490986579,0.6802894237525398,1.4727315965182717,1.9486868741996224,0.999669521417171,0.0003117520919274,1.8726490901414804e-05,-4.382246666259548,5.135201930999756,"{""128"": ""outputs/rheed_video_afm_story/variants/afm_second_order_y2_v1/phase7a_reconstruction_first/afm_texture_dataset/physical_maps/6063__N63_Edg_000__centered_128.npy"", ""256"": ""outputs/rheed_video_afm_story/variants/afm_second_order_y2_v1/phase7a_reconstruction_first/afm_texture_dataset/physical_maps/6063__N63_Edg_000__centered_256.npy""}","{""128"": ""outputs/rheed_video_afm_story/variants/afm_second_order_y2_v1/phase7a_reconstruction_first/afm_texture_dataset/unit_shape_maps/6063__N63_Edg_000__unit_128.npy"", ""256"": ""outputs/rheed_video_afm_story/variants/afm_second_order_y2_v1/phase7a_reconstruction_first/afm_texture_dataset/unit_shape_maps/6063__N63_Edg_000__unit_256.npy""}","{""256"": ""outputs/rheed_video_afm_story/variants/afm_second_order_y2_v1/phase7a_reconstruction_first/afm_texture_dataset/multiscale_pyramids/6063__N63_Edg_000__laplacian_256.npz""}"
6063,6063,N63_Edg_001,data/afm_second_order/6063/N63_Edg_001/N63_Edg_001_height.npy,data/pair/6063/AFM/N63 Edg.001,data/plane_corrected_afm/6063/N63_Edg_001/N63_Edg_001_plane_corrected.npy,1.0,1.0,256,256,nm,5.939981460571289,4.404454787407431,29.654407501220703,29.654407501220703,21.292205810546875,-0.933257427245976,4.305440165558885,247.5279586473062,377.9269827877112,0.9992903216354172,0.000669662101666,4.001626291685902e-05,-4.250583022248104,35.29411764705882,35.29411764705882,35.29411764705882,1.0,fad393f5f2e762850a187c55847433998b4236331e6c24416c2e396595887268,5.939981526313131,4.4044547951753765,29.654408359527583,21.292205929756165,37.669697761535645,-0.933257427245976,4.305440165558885,247.5279586473062,377.9269827877112,15.35487623253399,127.93468974437975,899.5358698747114,35.29411764705882,35.29411764705882,35.29411764705882,1.0,0.9948041644592038,-17.512240419114075,-13.71956072779938,-2.535923168385469,0.9597892161960968,3.762817635809935,7.572645201956785,12.142167940413511,0.9992903216192112,0.0006696621163229,4.001626446588437e-05,-4.250582955931279,0.999999013127066,0.7414922818468188,4.992335176467895,3.5845542550086975,6.3417134284973145,-0.9332574384857462,4.3054400470362255,41.67146204667598,63.624206768383445,2.584999480768031,21.53787143390092,151.43734953691418,35.29411764705882,35.29411764705882,35.29411764705882,1.0,0.994804164529684,-2.94819482064585,-2.3096954295669008,-0.4269239897165702,0.1615810176100326,0.6334723314013078,1.274858825441797,2.0441403558220457,0.9992903216354172,0.000669662101666,4.001626291685902e-05,-4.250583022248104,5.939981460571289,"{""128"": ""outputs/rheed_video_afm_story/variants/afm_second_order_y2_v1/phase7a_reconstruction_first/afm_texture_dataset/physical_maps/6063__N63_Edg_001__centered_128.npy"", ""256"": ""outputs/rheed_video_afm_story/variants/afm_second_order_y2_v1/phase7a_reconstruction_first/afm_texture_dataset/physical_maps/6063__N63_Edg_001__centered_256.npy""}","{""128"": ""outputs/rheed_video_afm_story/variants/afm_second_order_y2_v1/phase7a_reconstruction_first/afm_texture_dataset/unit_shape_maps/6063__N63_Edg_001__unit_128.npy"", ""256"": ""outputs/rheed_video_afm_story/variants/afm_second_order_y2_v1/phase7a_reconstruction_first/afm_texture_dataset/unit_shape_maps/6063__N63_Edg_001__unit_256.npy""}","{""256"": ""outputs/rheed_video_afm_story/variants/afm_second_order_y2_v1/phase7a_reconstruction_first/afm_texture_dataset/multiscale_pyramids/6063__N63_Edg_001__laplacian_256.npz""}"
6070,6070,N69_Edg_000,data/afm_second_order/6070/N69_Edg_000/N69_Edg_000_height.npy,data/pair/6070/AFM/N69 Edg.000,data/plane_corrected_afm/6070/N69_Edg_000/N69_Edg_000_plane_corrected.npy,1.0,1.0,256,256,nm,2.95089054107666,2.322995466148289,14.195249557495115,14.195249557495115,9.780826568603516,-0.4243147149737418,3.439481501609049,228.96480882878825,290.0561071749376,0.9973681792427516,0.0024244038147299,0.0002074169425186,-3.391132184543103,31.37254901960784,35.29411764705882,27.45098039215686,1.2857142857142856,34bc13cbc39c4a98582febc88953ef8b04c19c70ff877e1db8abadb2499ec7ab,2.95089054786577,2.3229954678326417,14.195249438285828,9.780826210975649,25.974751472473145,-0.4243147149737418,3.439481501609049,228.96480882878825,290.0561071749376,32.937229375110626,183.1405619525857,579.2058667057413,31.37254901960784,35.29411764705882,27.45098039215686,1.2857142857142856,0.9821237552849292,-7.864927087293946,-5.221066651808107,-1.813893256651247,0.2373449523579239,2.022928090823805,4.55975955916754,6.3303223509918825,0.9973681792204294,0.0024244038377107,0.0002074169418597,-3.391132189899193,0.9999989651581612,0.7872176290309035,4.810491788387299,3.314530223608017,8.80233359336853,-0.4243146805755577,3.4394815852797755,77.59168549921071,98.29432895063805,11.16177520204632,62.06274600068194,196.28150779795004,31.37254901960784,35.29411764705882,27.45098039215686,1.2857142857142856,0.9821237552624944,-2.6652695229903585,-1.769317035998476,-0.6146928718940144,0.0804315344735259,0.6855306723459834,1.545213187609541,2.1452222653969404,0.9973681792427516,0.0024244038147299,0.0002074169425186,-3.391132184543103,2.95089054107666,"{""128"": ""outputs/rheed_video_afm_story/variants/afm_second_order_y2_v1/phase7a_reconstruction_first/afm_texture_dataset/physical_maps/6070__N69_Edg_000__centered_128.npy"", ""256"": ""outputs/rheed_video_afm_story/variants/afm_second_order_y2_v1/phase7a_reconstruction_first/afm_texture_dataset/physical_maps/6070__N69_Edg_000__centered_256.npy""}","{""128"": ""outputs/rheed_video_afm_story/variants/afm_second_order_y2_v1/phase7a_reconstruction_first/afm_texture_dataset/unit_shape_maps/6070__N69_Edg_000__unit_128.npy"", ""256"": ""outputs/rheed_video_afm_story/variants/afm_second_order_y2_v1/phase7a_reconstruction_first/afm_texture_dataset/unit_shape_maps/6070__N69_Edg_000__unit_256.npy""}","{""256"": ""outputs/rheed_video_afm_story/variants/afm_second_order_y2_v1/phase7a_reconstruction_first/afm_texture_dataset/multiscale_pyramids/6070__N69_Edg_000__laplacian_256.npz""}"
6070,6070,N69_Edg_001,data/afm_second_order/6070/N69_Edg_001/N69_Edg_001_height.npy,data/pair/6070/AFM/N69 Edg.001,data/plane_corrected_afm/6070/N69_Edg_001/N69_Edg_001_plane_corrected.npy,0.304688,0.304688,512,512,nm,2.9089443683624268,2.2813735106277324,12.98397445678711,12.98397445678711,9.204668045043944,-1.0647172826378148,4.5179631120652,453.89287923968067,573.182784951638,0.9996915450689896,0.0002712517403199,3.7203190690631826e-05,-3.3143859989593354,25.042849315068494,31.005432485322896,22.061557729941292,1.4054054054054053,d91c1fd6d0030b7181149cc974d8c1a06b4966cb5de1785f9f196fd7e22b2808,2.908944382244661,2.281373530489006,12.983974666595458,9.204668271541596,25.30794668197632,-1.0647172826378148,4.5179631120652,453.89287923968067,573.182784951638,90.75668162201376,360.5266355820766,1169.0305297908371,25.042849315068494,31.005432485322896,22.061557729941292,1.4054054054054053,0.9786449228180524,-8.711059631705464,-5.613709492087545,-1.6773618048431294,0.5731380099056347,2.189619165062724,3.5909587794540507,4.272915034889994,0.9996915450692682,0.0002712517402238,3.7203190508012905e-05,-3.314385995131095,0.9999990696703056,0.7842609264889225,4.463462150096894,3.1642611086368557,8.700037240982056,-1.0647172824933884,4.517963145393525,156.03339193316106,197.04132405357,31.19916618638812,123.93725996692132,401.87406360734616,25.042849315068494,31.005432485322896,22.061557729941292,1.4054054054054053,0.9786449228560118,-2.994574851890085,-1.929808027644632,-0.5766216020779589,0.1970259372396489,0.7527187515301725,1.2344530809922238,1.4688872982068084,0.9996915450689896,0.0002712517403199,3.7203190690631826e-05,-3.3143859989593354,2.9089443683624268,"{""128"": ""outputs/rheed_video_afm_story/variants/afm_second_order_y2_v1/phase7a_reconstruction_first/afm_texture_dataset/physical_maps/6070__N69_Edg_001__centered_128.npy"", ""256"": ""outputs/rheed_video_afm_story/variants/afm_second_order_y2_v1/phase7a_reconstruction_first/afm_texture_dataset/physical_maps/6070__N69_Edg_001__centered_256.npy""}","{""128"": ""outputs/rheed_video_afm_story/variants/afm_second_order_y2_v1/phase7a_reconstruction_first/afm_texture_dataset/unit_shape_maps/6070__N69_Edg_001__unit_128.npy"", ""256"": ""outputs/rheed_video_afm_story/variants/afm_second_order_y2_v1/phase7a_reconstruction_first/afm_texture_dataset/unit_shape_maps/6070__N69_Edg_001__unit_256.npy""}","{""256"": ""outputs/rheed_video_afm_story/variants/afm_second_order_y2_v1/phase7a_reconstruction_first/afm_texture_dataset/multiscale_pyramids/6070__N69_Edg_001__laplacian_256.npz""}"
6070,6070,N69_Edg_002,data/afm_second_order/6070/N69_Edg_002/N69_Edg_002_height.npy,data/pair/6070/AFM/N69 Edg.002,data/plane_corrected_afm/6070/N69_Edg_002/N69_Edg_002_plane_corrected.npy,1.0,1.0,256,256,nm,2.8089470863342285,2.1682539971570236,13.74951171875,13.74951171875,9.410499572753906,-0.4874567652714188,3.915375669182428,208.8799704682915,278.2043919242527,0.9975669550654398,0.0022642311251607,0.0001688138093994,-3.491417680406484,31.37254901960784,31.37254901960784,27.45098039215686,1.1428571428571428,aa14dd2c7ab4a3c02885a38e777d82f8eacea387b6ec6d6b080da885cb73b0e2,2.808947139597353,2.168253994448257,13.749512481689456,9.410499691963196,26.480464935302734,-0.4874567652714188,3.915375669182428,208.8799704682915,278.2043919242527,25.894073268145036,147.66542495820568,577.9408384590234,31.37254901960784,31.37254901960784,27.45098039215686,1.1428571428571428,0.9856928834985644,-7.794909900154059,-5.018936317886297,-1.6184138772143764,0.2429184946165639,1.8185420813904365,4.391563374076899,5.954602581535398,0.99756695512104,0.0022642310720168,0.0001688138069433,-3.4914176842556572,0.999999084766236,0.7719091545126551,4.89489450454712,3.350184440612793,9.42717695236206,-0.4874568203416107,3.9153756103463055,74.36230362118751,99.04214106325614,9.218415487032075,52.569620501453905,205.74979329657887,31.37254901960784,31.37254901960784,27.45098039215686,1.1428571428571428,0.9856928835263808,-2.775026477870382,-1.786766232547201,-0.5761633381218086,0.0864801913529265,0.6474100485473503,1.563418208065592,2.1198680266767385,0.9975669550654398,0.0022642311251607,0.0001688138093994,-3.491417680406484,2.8089470863342285,"{""128"": ""outputs/rheed_video_afm_story/variants/afm_second_order_y2_v1/phase7a_reconstruction_first/afm_texture_dataset/physical_maps/6070__N69_Edg_002__centered_128.npy"", ""256"": ""outputs/rheed_video_afm_story/variants/afm_second_order_y2_v1/phase7a_reconstruction_first/afm_texture_dataset/physical_maps/6070__N69_Edg_002__centered_256.npy""}","{""128"": ""outputs/rheed_video_afm_story/variants/afm_second_order_y2_v1/phase7a_reconstruction_first/afm_texture_dataset/unit_shape_maps/6070__N69_Edg_002__unit_128.npy"", ""256"": ""outputs/rheed_video_afm_story/variants/afm_second_order_y2_v1/phase7a_reconstruction_first/afm_texture_dataset/unit_shape_maps/6070__N69_Edg_002__unit_256.npy""}","{""256"": ""outputs/rheed_video_afm_story/variants/afm_second_order_y2_v1/phase7a_reconstruction_first/afm_texture_dataset/multiscale_pyramids/6070__N69_Edg_002__laplacian_256.npz""}"
6070,6070,N69_center_003,data/afm_second_order/6070/N69_center_003/N69_center_003_height.npy,data/pair/6070/AFM/N69_center.003,data/plane_corrected_afm/6070/N69_center_003/N69_center_003_plane_corrected.npy,1.0,1.0,256,256,nm,2.764878034591675,2.1577610836756764,13.09677791595459,13.09677791595459,9.192928314208984,-0.5455027535686623,3.6262013554496577,210.7901502318471,278.2544459280002,0.9976024949029983,0.0022393853085938,0.0001581197884075,-3.5097262265648115,27.45098039215686,31.37254901960784,27.45098039215686,1.1428571428571428,e046a914a821a0aeb7aafe0a032eede2b5c1a8d62b7dcd4c728f42605d19cb07,2.7648780604131553,2.1577610861780134,13.096777939796448,9.192928194999697,24.08664035797119,-0.5455027535686623,3.6262013554496577,210.7901502318471,278.2544459280002,25.364854756778513,154.492448233476,572.735931499974,27.45098039215686,31.37254901960784,27.45098039215686,1.1428571428571428,0.984182693164548,-7.615344812675979,-4.97665262441304,-1.6005163810696867,0.2250916339907381,1.8804649390730592,4.216275570586655,5.481433127120469,0.9976024949338492,0.0022393852800261,0.0001581197861244,-3.5097262260484055,0.9999990665760736,0.7804174466282439,4.736832994222641,3.3248914778232574,8.711638689041138,-0.5455027836586017,3.6262012438244065,76.238426906417,100.63886395137229,9.173943121497905,55.87671466359856,207.1467242832502,27.45098039215686,31.37254901960784,27.45098039215686,1.1428571428571428,0.9841826931486845,-2.754312322202259,-1.799952075543934,-0.5788735753922998,0.0814109996826113,0.68012517624802,1.5249394022793237,1.9825206720203816,0.9976024949029983,0.0022393853085938,0.0001581197884075,-3.5097262265648115,2.764878034591675,"{""128"": ""outputs/rheed_video_afm_story/variants/afm_second_order_y2_v1/phase7a_reconstruction_first/afm_texture_dataset/physical_maps/6070__N69_center_003__centered_128.npy"", ""256"": ""outputs/rheed_video_afm_story/variants/afm_second_order_y2_v1/phase7a_reconstruction_first/afm_texture_dataset/physical_maps/6070__N69_center_003__centered_256.npy""}","{""128"": ""outputs/rheed_video_afm_story/variants/afm_second_order_y2_v1/phase7a_reconstruction_first/afm_texture_dataset/unit_shape_maps/6070__N69_center_003__unit_128.npy"", ""256"": ""outputs/rheed_video_afm_story/variants/afm_second_order_y2_v1/phase7a_reconstruction_first/afm_texture_dataset/unit_shape_maps/6070__N69_center_003__unit_256.npy""}","{""256"": ""outputs/rheed_video_afm_story/variants/afm_second_order_y2_v1/phase7a_reconstruction_first/afm_texture_dataset/multiscale_pyramids/6070__N69_center_003__laplacian_256.npz""}"
6070,6070,N69_center_200nm_004,data/afm_second_order/6070/N69_center_200nm_004/N69_center_200nm_004_height.npy,data/pair/6070/AFM/N69_center-200nm.004,data/plane_corrected_afm/6070/N69_center_200nm_004/N69_center_200nm_004_plane_corrected.npy,0.21875,0.21875,256,256,nm,1.9084930419921875,1.5016548740509883,9.000177383422852,9.000177383422852,6.206485748291016,-0.5668291968326428,3.3475985171571905,347.3358472017742,441.640891933632,0.999135241531104,0.0007346210634201,0.0001301374054761,-3.163853917846944,14.583333333333332,18.01470588235294,14.583333333333332,1.2352941176470589,0a870a185af23db5631f29db3450236a016b8281f16c14edf3a4a77ed7a1a6fd,1.9084931317944256,1.5016548767026952,9.000178349018098,6.206485867500305,13.47207736968994,-0.5668291968326428,3.3475985171571905,347.3358472017742,441.640891933632,68.32423137969596,273.5608691366458,889.9769321895263,14.583333333333332,18.01470588235294,14.583333333333332,1.2352941176470589,0.9941378535119602,-5.312455077132261,-3.570759696921385,-1.0690233540144332,0.2259002048167818,1.3518586326036088,2.6357261705789203,3.687723271885836,0.999135241541457,0.000734621053232,0.0001301374053108,-3.1638539175503175,0.999999066906974,0.7868267666927367,4.715851134061814,3.2520317435264587,7.059006214141846,-0.5668291838717419,3.347598421797167,181.994640919802,231.40794824204625,35.80006227114656,143.33852035717047,466.3239900680139,14.583333333333332,18.01470588235294,14.583333333333332,1.2352941176470589,0.9941378534577094,-2.7835833778325427,-1.870982169145714,-0.5601394762936939,0.1183656277414452,0.708337561255325,1.3810495743807447,1.9322677562292712,0.999135241531104,0.0007346210634201,0.0001301374054761,-3.163853917846944,1.9084930419921875,"{""128"": ""outputs/rheed_video_afm_story/variants/afm_second_order_y2_v1/phase7a_reconstruction_first/afm_texture_dataset/physical_maps/6070__N69_center_200nm_004__centered_128.npy"", ""256"": ""outputs/rheed_video_afm_story/variants/afm_second_order_y2_v1/phase7a_reconstruction_first/afm_texture_dataset/physical_maps/6070__N69_center_200nm_004__centered_256.npy""}","{""128"": ""outputs/rheed_video_afm_story/variants/afm_second_order_y2_v1/phase7a_reconstruction_first/afm_texture_dataset/unit_shape_maps/6070__N69_center_200nm_004__unit_128.npy"", ""256"": ""outputs/rheed_video_afm_story/variants/afm_second_order_y2_v1/phase7a_reconstruction_first/afm_texture_dataset/unit_shape_maps/6070__N69_center_200nm_004__unit_256.npy""}","{""256"": ""outputs/rheed_video_afm_story/variants/afm_second_order_y2_v1/phase7a_reconstruction_first/afm_texture_dataset/multiscale_pyramids/6070__N69_center_200nm_004__laplacian_256.npz""}"
6070,6070,N69_center_200nm_005,data/afm_second_order/6070/N69_center_200nm_005/N69_center_200nm_005_height.npy,data/pair/6070/AFM/N69_center-200nm.005,data/plane_corrected_afm/6070/N69_center_200nm_005/N69_center_200nm_005_plane_corrected.npy,1.0,1.0,256,256,nm,2.8250672817230225,2.213364128605648,13.587628364562988,13.587628364562988,9.169788360595703,-0.6126334477919153,3.804953904989513,214.31903049957953,285.27936414755777,0.9977692107648388,0.002083702861197,0.0001470863739643,-3.5466423387584807,27.45098039215686,31.37254901960784,27.45098039215686,1.1428571428571428,32878d1eb1904bc03b0b7985e3afbaeb6f9ee6f600df36a6f7ea46e20e483560,2.825067181112585,2.213364122775624,13.58762845993042,9.169788718223572,27.41327953338623,-0.6126334477919153,3.804953904989513,214.31903049957953,285.27936414755777,25.180121304277435,154.10471977666668,585.7450024287588,27.45098039215686,31.37254901960784,27.45098039215686,1.1428571428571428,0.9839478213838804,-7.867935068178528,-5.086603290605896,-1.6731424398902592,0.2830675624128642,1.9521394900795284,4.083185427617676,5.7196933917518935,0.9977692107905212,0.0020837028378334,0.000147086371645,-3.5466423418038606,0.9999990341839232,0.7834723364723268,4.809660863876343,3.2458625435829163,9.70357632637024,-0.6126335154005305,3.8049538644251166,75.86326628894199,100.9813471699859,8.913096504379698,54.54898920698298,207.33822974240303,27.45098039215686,31.37254901960784,27.45098039215686,1.1428571428571428,0.9839478214797616,-2.785040849563688,-1.8005230070324836,-0.5922481508227286,0.1001984423724713,0.6910057126311364,1.445339536550433,2.024620014312655,0.9977692107648388,0.002083702861197,0.0001470863739643,-3.5466423387584807,2.8250672817230225,"{""128"": ""outputs/rheed_video_afm_story/variants/afm_second_order_y2_v1/phase7a_reconstruction_first/afm_texture_dataset/physical_maps/6070__N69_center_200nm_005__centered_128.npy"", ""256"": ""outputs/rheed_video_afm_story/variants/afm_second_order_y2_v1/phase7a_reconstruction_first/afm_texture_dataset/physical_maps/6070__N69_center_200nm_005__centered_256.npy""}","{""128"": ""outputs/rheed_video_afm_story/variants/afm_second_order_y2_v1/phase7a_reconstruction_first/afm_texture_dataset/unit_shape_maps/6070__N69_center_200nm_005__unit_128.npy"", ""256"": ""outputs/rheed_video_afm_story/variants/afm_second_order_y2_v1/phase7a_reconstruction_first/afm_texture_dataset/unit_shape_maps/6070__N69_center_200nm_005__unit_256.npy""}","{""256"": ""outputs/rheed_video_afm_story/variants/afm_second_order_y2_v1/phase7a_reconstruction_first/afm_texture_dataset/multiscale_pyramids/6070__N69_center_200nm_005__laplacian_256.npz""}"
6070,6070,N69_center_200nm_006,data/afm_second_order/6070/N69_center_200nm_006/N69_center_200nm_006_height.npy,data/pair/6070/AFM/N69_center-200nm.006,data/plane_corrected_afm/6070/N69_center_200nm_006/N69_center_200nm_006_plane_corrected.npy,0.269531,0.269531,256,256,nm,2.11098313331604,1.667900067685283,9.63994598388672,9.63994598388672,6.687816619873047,-1.051745926483124,4.051821059066356,310.3341569600897,395.6303067871555,0.9992390384489662,0.0006526176494108,0.0001083439016229,-3.275040556640134,20.082701960784313,21.139686274509803,21.139686274509803,1.0,9231057eaef4f0f8fa76eb4e663959e2c266b95dc729999bbcf735a08172dd5f,2.110983092571709,1.6679000701725784,9.63994597196579,6.6878169775009155,15.207102298736572,-1.051745926483124,4.051821059066356,310.3341569600897,395.6303067871555,58.14850985072064,240.63012933061367,807.9776236343641,20.082701960784313,21.139686274509803,21.139686274509803,1.0,0.9948900099620712,-6.289682018780686,-4.181178343319871,-1.208735835576036,0.4950010806083892,1.539735603308699,2.506638634181044,3.350263953185104,0.9992390384402056,0.0006526176565028,0.0001083439032913,-3.275040556533497,0.999999048401516,0.7901050912481533,4.566562682390214,3.1681022346019745,7.203794240951538,-1.0517459553770454,4.051821047942817,147.009163186383,187.4150152358628,27.545667699753185,113.9895045359809,382.7490926861287,20.082701960784313,21.139686274509803,21.139686274509803,1.0,0.9948900099268688,-2.9795008080932304,-1.980676324937026,-0.5725932436916038,0.2344882023599938,0.7293919903305367,1.1874259096649484,1.5870618742969835,0.9992390384489662,0.0006526176494108,0.0001083439016229,-3.275040556640134,2.11098313331604,"{""128"": ""outputs/rheed_video_afm_story/variants/afm_second_order_y2_v1/phase7a_reconstruction_first/afm_texture_dataset/physical_maps/6070__N69_center_200nm_006__centered_128.npy"", ""256"": ""outputs/rheed_video_afm_story/variants/afm_second_order_y2_v1/phase7a_reconstruction_first/afm_texture_dataset/physical_maps/6070__N69_center_200nm_006__centered_256.npy""}","{""128"": ""outputs/rheed_video_afm_story/variants/afm_second_order_y2_v1/phase7a_reconstruction_first/afm_texture_dataset/unit_shape_maps/6070__N69_center_200nm_006__unit_128.npy"", ""256"": ""outputs/rheed_video_afm_story/variants/afm_second_order_y2_v1/phase7a_reconstruction_first/afm_texture_dataset/unit_shape_maps/6070__N69_center_200nm_006__unit_256.npy""}","{""256"": ""outputs/rheed_video_afm_story/variants/afm_second_order_y2_v1/phase7a_reconstruction_first/afm_texture_dataset/multiscale_pyramids/6070__N69_center_200nm_006__laplacian_256.npz""}"
6070,6070,N69_center_200nm_007,data/afm_second_order/6070/N69_center_200nm_007/N69_center_200nm_007_height.npy,data/pair/6070/AFM/N69_center-200nm.007,data/plane_corrected_afm/6070/N69_center_200nm_007/N69_center_200nm_007_plane_corrected.npy,1.0,1.0,256,256,nm,2.411029577255249,1.9026712484390815,11.374736785888672,11.374736785888672,7.93397855758667,-0.3135911948775471,3.449043149014336,165.86882786761976,215.62260657958785,0.9979064515586809,0.0019133273614426,0.0001802210798765,-3.3839060213009517,35.29411764705882,35.29411764705882,31.37254901960784,1.125,bc810b248401664f4e2f8c81bfca6269f3a565b1f24cd1cb4bdc64d6aa316f3b,2.411029639188117,1.90267124829136,11.374736571311953,7.93397843837738,23.06078338623047,-0.3135911948775471,3.449043149014336,165.86882786761976,215.62260657958785,20.196389942507892,126.73042154279992,444.4352201052699,35.29411764705882,35.29411764705882,31.37254901960784,1.125,0.9816902942677602,-6.386906136282965,-4.196467937239691,-1.482764155873343,0.0812922778639346,1.67979347585769,3.737510501137689,4.987830435028988,0.9979064515335198,0.001913327385958,0.0001802210805218,-3.383906021365813,0.9999990347011496,0.7891522285094483,4.7177873969078075,3.290698081254959,9.564693927764893,-0.3135911402146519,3.4490431237736683,68.79578116940272,89.43166597726875,8.376654798400846,52.56272465250551,184.33401903426716,35.29411764705882,35.29411764705882,31.37254901960784,1.125,0.9816902943118778,-2.6490340367435063,-1.740527601587638,-0.6149915323136892,0.0337167869777832,0.6967113598705683,1.5501704796673212,2.068753360164301,0.9979064515586809,0.0019133273614426,0.0001802210798765,-3.3839060213009517,2.411029577255249,"{""128"": ""outputs/rheed_video_afm_story/variants/afm_second_order_y2_v1/phase7a_reconstruction_first/afm_texture_dataset/physical_maps/6070__N69_center_200nm_007__centered_128.npy"", ""256"": ""outputs/rheed_video_afm_story/variants/afm_second_order_y2_v1/phase7a_reconstruction_first/afm_texture_dataset/physical_maps/6070__N69_center_200nm_007__centered_256.npy""}","{""128"": ""outputs/rheed_video_afm_story/variants/afm_second_order_y2_v1/phase7a_reconstruction_first/afm_texture_dataset/unit_shape_maps/6070__N69_center_200nm_007__unit_128.npy"", ""256"": ""outputs/rheed_video_afm_story/variants/afm_second_order_y2_v1/phase7a_reconstruction_first/afm_texture_dataset/unit_shape_maps/6070__N69_center_200nm_007__unit_256.npy""}","{""256"": ""outputs/rheed_video_afm_story/variants/afm_second_order_y2_v1/phase7a_reconstruction_first/afm_texture_dataset/multiscale_pyramids/6070__N69_center_200nm_007__laplacian_256.npz""}"
6072,6072,6072_1um_009,data/afm_second_order/6072/6072_1um_009/6072_1um_009_height.npy,data/pair/6072/AFM/6072_1um.009,data/plane_corrected_afm/6072/6072_1um_009/6072_1um_009_plane_corrected.npy,1.0,1.0,256,256,nm,1.4668196439743042,1.1035900594071042,7.535683631896973,7.535683631896973,4.58263635635376,-0.9944641124081536,5.634106221558702,104.20255827039976,148.32928462473515,0.9980636896542274,0.001699391824021,0.0002369185217514,-3.371464206975311,23.52941176470588,23.52941176470588,27.45098039215686,1.1666666666666667,5ea992b3c04ad97448b81b7e930c166a4aecc009bc8c06964167e58e2b634ca9,1.4668196069592232,1.1035900645268542,7.535683524608614,4.582636624574661,16.45217514038086,-0.9944641124081536,5.634106221558702,104.20255827039976,148.32928462473515,14.259867092100457,67.048205594741,318.9323764070083,23.52941176470588,23.52941176470588,27.45098039215686,1.1666666666666667,0.9945946730646664,-4.679479401706194,-2.583967857955431,-0.7577061438545935,0.1573166838302858,0.9821972316518076,1.99866876661923,2.85620412290242,0.9980636896269937,0.0016993918598371,0.0002369185131693,-3.3714642229549456,0.9999990803735664,0.7523686271001523,5.137425655126573,3.1241961419582367,11.216212034225464,-0.994464020003314,5.634106076863407,71.03972571302938,101.12296469712824,9.721611217061144,45.70987641895447,217.43099758781383,23.52941176470588,23.52941176470588,27.45098039215686,1.1666666666666667,0.994594484910902,-3.1902184907456355,-1.7616108421345669,-0.5165634814759212,0.1072500843445343,0.6696094360093159,1.3625852998236698,1.9472071643809372,0.9980636896542274,0.001699391824021,0.0002369185217514,-3.371464206975311,1.4668196439743042,"{""128"": ""outputs/rheed_video_afm_story/variants/afm_second_order_y2_v1/phase7a_reconstruction_first/afm_texture_dataset/physical_maps/6072__6072_1um_009__centered_128.npy"", ""256"": ""outputs/rheed_video_afm_story/variants/afm_second_order_y2_v1/phase7a_reconstruction_first/afm_texture_dataset/physical_maps/6072__6072_1um_009__centered_256.npy""}","{""128"": ""outputs/rheed_video_afm_story/variants/afm_second_order_y2_v1/phase7a_reconstruction_first/afm_texture_dataset/unit_shape_maps/6072__6072_1um_009__unit_128.npy"", ""256"": ""outputs/rheed_video_afm_story/variants/afm_second_order_y2_v1/phase7a_reconstruction_first/afm_texture_dataset/unit_shape_maps/6072__6072_1um_009__unit_256.npy""}","{""256"": ""outputs/rheed_video_afm_story/variants/afm_second_order_y2_v1/phase7a_reconstruction_first/afm_texture_dataset/multiscale_pyramids/6072__6072_1um_009__laplacian_256.npz""}"
6072,6072,6072_1um_010,data/afm_second_order/6072/6072_1um_010/6072_1um_010_height.npy,data/pair/6072/AFM/6072_1um.010,data/plane_corrected_afm/6072/6072_1um_010/6072_1um_010_plane_corrected.npy,0.309,0.309,256,256,nm,0.737151563167572,0.5045777915499357,4.214836597442627,4.214836597442627,2.250211715698242,-1.649001713190251,10.070837875833448,118.50599614626556,154.5781078985188,0.9985301752986052,0.0010918277508626,0.0003779969505321,-2.8209861142652404,13.32941176470588,12.117647058823527,15.752941176470587,1.3,44a61eb3b8f180347546f234bdbc1c0cdec3f4a1471cec9b2e1e48d81668be95,0.7371515449667242,0.5045777912363039,4.214836597442628,2.250211790204048,9.811166524887083,-1.649001713190251,10.070837875833448,118.50599614626556,154.5781078985188,24.380847674549265,94.60837573599542,294.7898080752732,13.32941176470588,12.117647058823527,15.752941176470587,1.3,0.998352282456798,-2.742982405833173,-1.2810607318200349,-0.2723899621881722,0.0662483746751965,0.4258595492325545,0.9691510583840132,1.4718541916094552,0.998530175294136,0.0010918277598459,0.000377996946018,-2.8209861170311172,0.9999990257605924,0.6844960200206416,5.717728710174562,3.0525738894939423,13.30955171585083,-1.649001746047737,10.070838222457205,160.7618967400639,209.6963079966484,33.07436883711799,128.34306746332123,399.9035417492423,13.32941176470588,12.117647058823527,15.752941176470587,1.3,0.998352282433168,-3.721052759746738,-1.737850850681492,-0.3695165498654329,0.0898706705768621,0.5777090878685034,1.3147230388124502,1.9966759504278233,0.9985301752986052,0.0010918277508626,0.0003779969505321,-2.8209861142652404,0.737151563167572,"{""128"": ""outputs/rheed_video_afm_story/variants/afm_second_order_y2_v1/phase7a_reconstruction_first/afm_texture_dataset/physical_maps/6072__6072_1um_010__centered_128.npy"", ""256"": ""outputs/rheed_video_afm_story/variants/afm_second_order_y2_v1/phase7a_reconstruction_first/afm_texture_dataset/physical_maps/6072__6072_1um_010__centered_256.npy""}","{""128"": ""outputs/rheed_video_afm_story/variants/afm_second_order_y2_v1/phase7a_reconstruction_first/afm_texture_dataset/unit_shape_maps/6072__6072_1um_010__unit_128.npy"", ""256"": ""outputs/rheed_video_afm_story/variants/afm_second_order_y2_v1/phase7a_reconstruction_first/afm_texture_dataset/unit_shape_maps/6072__6072_1um_010__unit_256.npy""}","{""256"": ""outputs/rheed_video_afm_story/variants/afm_second_order_y2_v1/phase7a_reconstruction_first/afm_texture_dataset/multiscale_pyramids/6072__6072_1um_010__laplacian_256.npz""}"
6072,6072,6072_1um_011,data/afm_second_order/6072/6072_1um_011/6072_1um_011_height.npy,data/pair/6072/AFM/6072_1um.011,data/plane_corrected_afm/6072/6072_1um_011/6072_1um_011_plane_corrected.npy,1.0,1.0,256,256,nm,1.7210267782211304,1.3069362466454375,8.638322830200195,8.638322830200195,5.573066711425781,-0.7810503155020971,4.620958753072492,114.12504034298196,164.81878520977267,0.9982660045442078,0.0015371506366721,0.0001968448191201,-3.4294123258257527,27.45098039215686,27.45098039215686,27.45098039215686,1.0,feb53eeb316b4bc20422aba2d00f2c9f7b63d21dcb0d1e04a52aa6e4b07ac2f9,1.7210267917937585,1.306936250914072,8.638323175907136,5.573066413402557,15.593403816223145,-0.7810503155020971,4.620958753072492,114.12504034298196,164.81878520977267,12.650522573701092,68.44789956774457,363.45002287981407,27.45098039215686,27.45098039215686,27.45098039215686,1.0,0.9893963686547862,-5.127582430875846,-3.0947229624157635,-0.8908743620281901,0.1660740278298172,1.104324483835152,2.478343450986794,3.5107407450312884,0.9982660045229252,0.0015371506574492,0.0001968448196257,-3.4294123261175176,0.999998970586982,0.7593925424576484,5.019279301166534,3.2382184267044067,9.06051468849182,-0.7810502738270289,4.620958651923148,66.31211288139201,95.767605433313,7.350560624441762,39.77150462645254,211.18185710297288,27.45098039215686,27.45098039215686,27.45098039215686,1.0,0.9893963686596616,-2.9793707908283524,-1.7981822432171162,-0.5176406593214329,0.0964969715882484,0.6416654049266521,1.4400361834872906,2.039908510338182,0.9982660045442078,0.0015371506366721,0.0001968448191201,-3.4294123258257527,1.7210267782211304,"{""128"": ""outputs/rheed_video_afm_story/variants/afm_second_order_y2_v1/phase7a_reconstruction_first/afm_texture_dataset/physical_maps/6072__6072_1um_011__centered_128.npy"", ""256"": ""outputs/rheed_video_afm_story/variants/afm_second_order_y2_v1/phase7a_reconstruction_first/afm_texture_dataset/physical_maps/6072__6072_1um_011__centered_256.npy""}","{""128"": ""outputs/rheed_video_afm_story/variants/afm_second_order_y2_v1/phase7a_reconstruction_first/afm_texture_dataset/unit_shape_maps/6072__6072_1um_011__unit_128.npy"", ""256"": ""outputs/rheed_video_afm_story/variants/afm_second_order_y2_v1/phase7a_reconstruction_first/afm_texture_dataset/unit_shape_maps/6072__6072_1um_011__unit_256.npy""}","{""256"": ""outputs/rheed_video_afm_story/variants/afm_second_order_y2_v1/phase7a_reconstruction_first/afm_texture_dataset/multiscale_pyramids/6072__6072_1um_011__laplacian_256.npz""}"
6072,6072,6072_300_nm_008,data/afm_second_order/6072/6072_300_nm_008/6072_300_nm_008_height.npy,data/pair/6072/AFM/6072_300 nm.008,data/plane_corrected_afm/6072/6072_300_nm_008/6072_300_nm_008_plane_corrected.npy,0.332,0.332,256,256,nm,1.0381609201431274,0.7967270034996569,5.188630104064941,5.188630104064941,3.283017635345459,-0.8203852042434113,4.605665198848452,131.96585767059477,172.23862188167354,0.999124098243306,0.0006767264832847,0.0001991752734089,-2.9999518513294294,18.227450980392156,15.623529411764707,24.737254901960785,1.5833333333333333,17e91754fa7fba0c93f3aef4396a29868decb0dee3917db156343e61d6acbfac,1.0381609701475163,0.7967270043291015,5.188630014657974,3.283017486333847,10.244261741638184,-0.8203852042434113,4.605665198848452,131.96585767059477,172.23862188167354,26.074982350462054,102.15064195304056,342.5525550285425,18.227450980392156,15.623529411764707,24.737254901960785,1.5833333333333333,0.9960501460686364,-3.237542264048644,-1.8067747219248491,-0.5801911218805986,0.1054267422513289,0.7183351950005812,1.476242764408998,1.9510877506093307,0.9991240982407852,0.0006767264839927,0.000199175275222,-2.999951848555304,0.9999990136177808,0.767439964906875,4.997899997234344,3.162336438894272,9.86769151687622,-0.8203851877256357,4.60566520083995,127.11489957155848,165.90726944003413,25.1164957702699,98.39564501720476,329.96061494373924,18.227450980392156,15.623529411764707,24.737254901960785,1.5833333333333333,0.9960501460829516,-3.118532664421287,-1.7403591343195108,-0.5588637658388284,0.1015513247816893,0.6919298253028724,1.421977304574761,1.8793673328130576,0.999124098243306,0.0006767264832847,0.0001991752734089,-2.9999518513294294,1.0381609201431274,"{""128"": ""outputs/rheed_video_afm_story/variants/afm_second_order_y2_v1/phase7a_reconstruction_first/afm_texture_dataset/physical_maps/6072__6072_300_nm_008__centered_128.npy"", ""256"": ""outputs/rheed_video_afm_story/variants/afm_second_order_y2_v1/phase7a_reconstruction_first/afm_texture_dataset/physical_maps/6072__6072_300_nm_008__centered_256.npy""}","{""128"": ""outputs/rheed_video_afm_story/variants/afm_second_order_y2_v1/phase7a_reconstruction_first/afm_texture_dataset/unit_shape_maps/6072__6072_300_nm_008__unit_128.npy"", ""256"": ""outputs/rheed_video_afm_story/variants/afm_second_order_y2_v1/phase7a_reconstruction_first/afm_texture_dataset/unit_shape_maps/6072__6072_300_nm_008__unit_256.npy""}","{""256"": ""outputs/rheed_video_afm_story/variants/afm_second_order_y2_v1/phase7a_reconstruction_first/afm_texture_dataset/multiscale_pyramids/6072__6072_300_nm_008__laplacian_256.npz""}"
6072,6072,6072_500_nm_003,data/afm_second_order/6072/6072_500_nm_003/6072_500_nm_003_height.npy,data/pair/6072/AFM/6072_500 nm.003,data/plane_corrected_afm/6072/6072_500_nm_003/6072_500_nm_003_plane_corrected.npy,0.5,0.5,256,256,nm,1.148962140083313,0.8622590179232829,6.116231918334961,6.116231918334961,3.526658535003662,-0.6368486089100955,5.383289980543971,114.9500338841788,153.6143917517607,0.9990205425843552,0.0006860226441995,0.0002934347714451,-2.9619799358759336,23.52941176470588,19.6078431372549,27.45098039215686,1.4,6f51de861222cb39305079105af284b761212d3c6fe498533be7eb7443eaa92a,1.1489620645539165,0.8622590183941454,6.1162319660186775,3.5266584753990173,11.591559410095217,-0.6368486089100955,5.383289980543971,114.9500338841788,153.6143917517607,10.959316037995851,93.79487400177072,311.505403857688,23.52941176470588,19.6078431372549,27.45098039215686,1.4,0.977140291694386,-3.3684823946762044,-1.905119039278026,-0.6528682486820176,0.0831305587929531,0.7029913438749358,1.6215394361209914,2.7477495713424736,0.9990205425812194,0.0006860226474196,0.000293434771361,-2.961979932424078,0.999998988911068,0.7504670297645122,5.323261952400209,3.06942680478096,10.088711977005005,-0.6368486367132175,5.383289812602727,100.04674778478145,133.69826688440827,9.538439530060003,81.63436899102133,271.1186684296471,23.52941176470588,19.6078431372549,27.45098039215686,1.4,0.9771402915899654,-2.931758468026601,-1.6581201182551009,-0.5682237671560866,0.0723526885860341,0.611848436122455,1.4113066865258592,2.3915034843736076,0.9990205425843552,0.0006860226441995,0.0002934347714451,-2.9619799358759336,1.148962140083313,"{""128"": ""outputs/rheed_video_afm_story/variants/afm_second_order_y2_v1/phase7a_reconstruction_first/afm_texture_dataset/physical_maps/6072__6072_500_nm_003__centered_128.npy"", ""256"": ""outputs/rheed_video_afm_story/variants/afm_second_order_y2_v1/phase7a_reconstruction_first/afm_texture_dataset/physical_maps/6072__6072_500_nm_003__centered_256.npy""}","{""128"": ""outputs/rheed_video_afm_story/variants/afm_second_order_y2_v1/phase7a_reconstruction_first/afm_texture_dataset/unit_shape_maps/6072__6072_500_nm_003__unit_128.npy"", ""256"": ""outputs/rheed_video_afm_story/variants/afm_second_order_y2_v1/phase7a_reconstruction_first/afm_texture_dataset/unit_shape_maps/6072__6072_500_nm_003__unit_256.npy""}","{""256"": ""outputs/rheed_video_afm_story/variants/afm_second_order_y2_v1/phase7a_reconstruction_first/afm_texture_dataset/multiscale_pyramids/6072__6072_500_nm_003__laplacian_256.npz""}"
6072,6072,6072_500_nm_004,data/afm_second_order/6072/6072_500_nm_004/6072_500_nm_004_height.npy,data/pair/6072/AFM/6072_500 nm.004,data/plane_corrected_afm/6072/6072_500_nm_004/6072_500_nm_004_plane_corrected.npy,1.0,1.0,256,256,nm,1.4702255725860596,1.1373606395638345,7.266327381134033,7.266327381134033,4.751611709594727,-0.5986282455552804,4.049952966260051,105.46731569090402,143.11956674064052,0.9987214221298016,0.0011792669871951,9.931088300302956e-05,-3.756158304951236,23.52941176470588,23.52941176470588,27.45098039215686,1.1666666666666667,26c45199c1f8ed2431710b74aa60c89a2a5a227333e3ca12ecc05572ca6cf688,1.4702255377794144,1.1373606437358548,7.266327261924745,4.75161200761795,14.157862663269045,-0.5986282455552804,4.049952966260051,105.46731569090402,143.11956674064052,13.928943188249717,72.34559137333422,303.29448660351807,23.52941176470588,23.52941176470588,27.45098039215686,1.1666666666666667,0.995157218448954,-4.215772970584826,-2.6108714541472953,-0.8424517264642278,0.1278116354666193,0.9974843809328516,2.140740553470655,3.0505542913399197,0.998721422125544,0.0011792669914288,9.9310883027063e-05,-3.756158305176051,0.9999989657062244,0.773595234523044,4.942316401004792,3.231890022754669,9.629712343215942,-0.5986281870742824,4.0499528981384465,71.73539293722138,97.34521309276232,9.474007699188292,49.207087566922965,206.2909193314276,23.52941176470588,23.52941176470588,27.45098039215686,1.1666666666666667,0.995157218442534,-2.867429842667513,-1.7758286914395625,-0.5730078986453347,0.0869332605434126,0.6784560212326712,1.4560613313151067,2.0748865583372793,0.9987214221298016,0.0011792669871951,9.931088300302956e-05,-3.756158304951236,1.4702255725860596,"{""128"": ""outputs/rheed_video_afm_story/variants/afm_second_order_y2_v1/phase7a_reconstruction_first/afm_texture_dataset/physical_maps/6072__6072_500_nm_004__centered_128.npy"", ""256"": ""outputs/rheed_video_afm_story/variants/afm_second_order_y2_v1/phase7a_reconstruction_first/afm_texture_dataset/physical_maps/6072__6072_500_nm_004__centered_256.npy""}","{""128"": ""outputs/rheed_video_afm_story/variants/afm_second_order_y2_v1/phase7a_reconstruction_first/afm_texture_dataset/unit_shape_maps/6072__6072_500_nm_004__unit_128.npy"", ""256"": ""outputs/rheed_video_afm_story/variants/afm_second_order_y2_v1/phase7a_reconstruction_first/afm_texture_dataset/unit_shape_maps/6072__6072_500_nm_004__unit_256.npy""}","{""256"": ""outputs/rheed_video_afm_story/variants/afm_second_order_y2_v1/phase7a_reconstruction_first/afm_texture_dataset/multiscale_pyramids/6072__6072_500_nm_004__laplacian_256.npz""}"
6072,6072,6072_500_nm_005,data/afm_second_order/6072/6072_500_nm_005/6072_500_nm_005_height.npy,data/pair/6072/AFM/6072_500 nm.005,data/plane_corrected_afm/6072/6072_500_nm_005/6072_500_nm_005_plane_corrected.npy,0.0,0.0,256,256,nm,1.2230089902877808,0.9051682159319276,6.381717681884766,6.381717681884766,3.7827115058898926,-0.5174689544502076,5.638822536134804,inf,inf,0.9991389103811158,0.0006791378557695,0.0001819517631146,-3.1672922028042665,0.0,0.0,0.0,0.0,66a586d503fc1372a65d4261a37cf18d635229ad5c66a64a5afad96e99d1f8cf,1.2230089552086194,0.905168217978168,6.381717526912693,3.7827113568782806,14.382961750030518,-0.5174689544502076,5.638822536134804,inf,inf,,,,0.0,0.0,0.0,0.0,,-3.635107954760291,-2.055213912745215,-0.6512168938119189,0.1005638024013265,0.7505759453575833,1.7274974441330655,2.746609572152402,0.9991389103783908,0.0006791378581051,0.0001819517635042,-3.167292204407469,0.9999990741268,0.7401150876773193,5.21804192066193,3.0929518342018127,11.760296821594238,-0.517468890610311,5.638822539383629,inf,inf,,,,0.0,0.0,0.0,0.0,,-2.9722634132639016,-1.6804553027883613,-0.53247061927472,0.0822264571055328,0.6137119625076211,1.4124965314134514,2.245778507398028,0.9991389103811158,0.0006791378557695,0.0001819517631146,-3.1672922028042665,1.2230089902877808,"{""128"": ""outputs/rheed_video_afm_story/variants/afm_second_order_y2_v1/phase7a_reconstruction_first/afm_texture_dataset/physical_maps/6072__6072_500_nm_005__centered_128.npy"", ""256"": ""outputs/rheed_video_afm_story/variants/afm_second_order_y2_v1/phase7a_reconstruction_first/afm_texture_dataset/physical_maps/6072__6072_500_nm_005__centered_256.npy""}","{""128"": ""outputs/rheed_video_afm_story/variants/afm_second_order_y2_v1/phase7a_reconstruction_first/afm_texture_dataset/unit_shape_maps/6072__6072_500_nm_005__unit_128.npy"", ""256"": ""outputs/rheed_video_afm_story/variants/afm_second_order_y2_v1/phase7a_reconstruction_first/afm_texture_dataset/unit_shape_maps/6072__6072_500_nm_005__unit_256.npy""}","{""256"": ""outputs/rheed_video_afm_story/variants/afm_second_order_y2_v1/phase7a_reconstruction_first/afm_texture_dataset/multiscale_pyramids/6072__6072_500_nm_005__laplacian_256.npz""}"
6072,6072,6072_500_nm_006,data/afm_second_order/6072/6072_500_nm_006/6072_500_nm_006_height.npy,data/pair/6072/AFM/6072_500 nm.006,data/plane_corrected_afm/6072/6072_500_nm_006/6072_500_nm_006_plane_corrected.npy,0.201,0.201,256,256,nm,0.6320339441299438,0.4357706557190867,3.539191961288452,3.539191961288452,2.1366684436798096,-1.1502284314115152,6.969821482242866,146.08761465357517,176.5418039694876,0.9986200213237668,0.0009545174381862,0.000425461238047,-2.545054715620386,13.4,11.03529411764706,17.341176470588234,1.5714285714285714,5844d4ea6b0e1c053d99a95f12d095fc72d7491b67affc1a07ed7abe024201de,0.6320339223396164,0.4357706564029873,3.5391920864582067,2.136668488383293,6.736007571220398,-1.1502284314115152,6.969821482242866,146.08761465357517,176.5418039694876,33.60523675453165,126.33087323526443,323.40421602004005,13.4,11.03529411764706,17.341176470588234,1.5714285714285714,0.9986690381167272,-2.148761791298995,-1.1915317538482044,-0.2328050348264073,0.0528144056621099,0.3376631227034236,0.9451367345350886,1.3904302951592111,0.9986200213201154,0.0009545174411634,0.0004254612387212,-2.5450547211382184,0.9999989542164242,0.6894728051696678,5.599680542945862,3.3806195855140686,10.65765643119812,-1.150228464223638,6.969821240151137,231.1386401061628,279.32301171462393,53.16993094051179,199.87968371568223,511.68755718629006,13.4,11.03529411764706,17.341176470588234,1.5714285714285714,0.9986690381537782,-3.3997532218497772,-1.885231909136154,-0.3683422252338905,0.0835625335771065,0.5342478782135468,1.4953876763779146,2.199927321096085,0.9986200213237668,0.0009545174381862,0.000425461238047,-2.545054715620386,0.6320339441299438,"{""128"": ""outputs/rheed_video_afm_story/variants/afm_second_order_y2_v1/phase7a_reconstruction_first/afm_texture_dataset/physical_maps/6072__6072_500_nm_006__centered_128.npy"", ""256"": ""outputs/rheed_video_afm_story/variants/afm_second_order_y2_v1/phase7a_reconstruction_first/afm_texture_dataset/physical_maps/6072__6072_500_nm_006__centered_256.npy""}","{""128"": ""outputs/rheed_video_afm_story/variants/afm_second_order_y2_v1/phase7a_reconstruction_first/afm_texture_dataset/unit_shape_maps/6072__6072_500_nm_006__unit_128.npy"", ""256"": ""outputs/rheed_video_afm_story/variants/afm_second_order_y2_v1/phase7a_reconstruction_first/afm_texture_dataset/unit_shape_maps/6072__6072_500_nm_006__unit_256.npy""}","{""256"": ""outputs/rheed_video_afm_story/variants/afm_second_order_y2_v1/phase7a_reconstruction_first/afm_texture_dataset/multiscale_pyramids/6072__6072_500_nm_006__laplacian_256.npz""}"
6072,6072,6072_500_nm_007,data/afm_second_order/6072/6072_500_nm_007/6072_500_nm_007_height.npy,data/pair/6072/AFM/6072_500 nm.007,data/plane_corrected_afm/6072/6072_500_nm_007/6072_500_nm_007_plane_corrected.npy,1.0,1.0,256,256,nm,1.7948734760284424,1.3699240437616704,8.935640335083008,8.935640335083008,5.856278419494629,-0.7511692804982597,4.609286359157114,117.10793263055196,168.42105991713166,0.9984800774847916,0.0013452202636857,0.0001747022515222,-3.4663658012555687,27.45098039215686,27.45098039215686,27.45098039215686,1.0,605906f77bd616519b07dd3e597e0108ff9ce34833d08a113641eb8646960eea,1.7948734196676364,1.3699240407405469,8.935640799999238,5.85627818107605,16.34102201461792,-0.7511692804982597,4.609286359157114,117.10793263055196,168.42105991713166,12.955008435889267,71.78402014661046,361.5198595730209,27.45098039215686,27.45098039215686,27.45098039215686,1.0,0.9918822525337764,-5.440672922360394,-3.175047457444164,-0.9790395202512472,0.1097102647249966,1.182951897156742,2.6812307236318857,3.494967877638844,0.9984800774894386,0.0013452202587513,0.00017470225181,-3.46636579677181,0.9999989659640186,0.7632419124973134,4.978418797254562,3.262777239084244,9.104265689849854,-0.7511692970788126,4.609286361261306,65.24572163672804,93.8344086770454,7.217774576035037,39.99388107358871,201.41781898427175,27.45098039215686,27.45098039215686,27.45098039215686,1.0,0.991882252549018,-3.031226275825328,-1.768951593303508,-0.5454638436077301,0.061124173587733,0.6590719238282974,1.4938256457807355,1.9471925214292345,0.9984800774847916,0.0013452202636857,0.0001747022515222,-3.4663658012555687,1.7948734760284424,"{""128"": ""outputs/rheed_video_afm_story/variants/afm_second_order_y2_v1/phase7a_reconstruction_first/afm_texture_dataset/physical_maps/6072__6072_500_nm_007__centered_128.npy"", ""256"": ""outputs/rheed_video_afm_story/variants/afm_second_order_y2_v1/phase7a_reconstruction_first/afm_texture_dataset/physical_maps/6072__6072_500_nm_007__centered_256.npy""}","{""128"": ""outputs/rheed_video_afm_story/variants/afm_second_order_y2_v1/phase7a_reconstruction_first/afm_texture_dataset/unit_shape_maps/6072__6072_500_nm_007__unit_128.npy"", ""256"": ""outputs/rheed_video_afm_story/variants/afm_second_order_y2_v1/phase7a_reconstruction_first/afm_texture_dataset/unit_shape_maps/6072__6072_500_nm_007__unit_256.npy""}","{""256"": ""outputs/rheed_video_afm_story/variants/afm_second_order_y2_v1/phase7a_reconstruction_first/afm_texture_dataset/multiscale_pyramids/6072__6072_500_nm_007__laplacian_256.npz""}"
6072,6072,N6072_1um_000,data/afm_second_order/6072/N6072_1um_000/N6072_1um_000_height.npy,data/pair/6072/AFM/N6072_1um.000,data/plane_corrected_afm/6072/N6072_1um_000/N6072_1um_000_plane_corrected.npy,1.0,1.0,256,256,nm,1.5643924474716189,1.1916933511373604,7.641561508178711,7.641561508178711,5.09498405456543,-0.7598030435765487,4.730734445152489,112.27792048011216,157.8021268266381,0.9982176919324376,0.0015593742849344,0.0002229337826279,-3.395112691456295,23.52941176470588,23.52941176470588,27.45098039215686,1.1666666666666667,c1ed9150de78991389a9021a23a48062fadf690d449be4e63d6168418ccdb612,1.5643925193146688,1.1916933542336572,7.641561973094941,5.09498393535614,16.346821784973145,-0.7598030435765487,4.730734445152489,112.27792048011216,157.8021268266381,15.11038198855094,73.29429543685393,337.8381410018291,23.52941176470588,23.52941176470588,27.45098039215686,1.1666666666666667,0.9941603451306332,-4.551975028465248,-2.762741153190589,-0.8543612557153467,0.1365004544456239,1.0259623033304448,2.332242782165551,3.0895869446296933,0.998217691927034,0.001559374281661,0.000222933791305,-3.395112671569098,0.999999074530146,0.7617603897461439,4.884678792953491,3.2568420469760895,10.449300050735474,-0.7598030551892601,4.73073434909508,71.77087290360495,100.87109141544374,9.658937545589222,46.85155708008625,215.9546519641424,23.52941176470588,23.52941176470588,27.45098039215686,1.1666666666666667,0.99416034515906,-2.9097370528883784,-1.7660137319273796,-0.5461292171187249,0.0872545524232539,0.6558209008269462,1.4908283150487098,1.9749417400651132,0.9982176919324376,0.0015593742849344,0.0002229337826279,-3.395112691456295,1.5643924474716187,"{""128"": ""outputs/rheed_video_afm_story/variants/afm_second_order_y2_v1/phase7a_reconstruction_first/afm_texture_dataset/physical_maps/6072__N6072_1um_000__centered_128.npy"", ""256"": ""outputs/rheed_video_afm_story/variants/afm_second_order_y2_v1/phase7a_reconstruction_first/afm_texture_dataset/physical_maps/6072__N6072_1um_000__centered_256.npy""}","{""128"": ""outputs/rheed_video_afm_story/variants/afm_second_order_y2_v1/phase7a_reconstruction_first/afm_texture_dataset/unit_shape_maps/6072__N6072_1um_000__unit_128.npy"", ""256"": ""outputs/rheed_video_afm_story/variants/afm_second_order_y2_v1/phase7a_reconstruction_first/afm_texture_dataset/unit_shape_maps/6072__N6072_1um_000__unit_256.npy""}","{""256"": ""outputs/rheed_video_afm_story/variants/afm_second_order_y2_v1/phase7a_reconstruction_first/afm_texture_dataset/multiscale_pyramids/6072__N6072_1um_000__laplacian_256.npz""}"
6072,6072,N6072_1um_001,data/afm_second_order/6072/N6072_1um_001/N6072_1um_001_height.npy,data/pair/6072/AFM/N6072_1um.001,data/plane_corrected_afm/6072/N6072_1um_001/N6072_1um_001_plane_corrected.npy,1.0,1.0,256,256,nm,1.4098886251449585,1.0695435398658597,7.002516269683838,7.002516269683838,4.54672908782959,-0.8220979116398798,5.024278645476286,97.9006678633758,135.47187635623845,0.9979495270095038,0.0016784843757565,0.0003719886147396,-3.174176357045906,27.45098039215686,23.52941176470588,27.45098039215686,1.1666666666666667,5c5b6039154e5e487325214554e362b1530b3504426038916274d71b157ddc94,1.409888603545194,1.0695435392145805,7.002515709400178,4.546729266643524,12.885692119598389,-0.8220979116398798,5.024278645476286,97.9006678633758,135.47187635623845,8.903692445712913,65.47508940388138,295.05230392233784,27.45098039215686,23.52941176470588,27.45098039215686,1.1666666666666667,0.9910113962756464,-4.248028840640572,-2.4532372375521923,-0.7646654268298412,0.1263992207553124,0.9144504944290852,2.093492029091332,2.754486868759606,0.9979495270168466,0.0016784843704777,0.0003719886126756,-3.174176359160904,0.9999990753499384,0.7586007466662863,4.966711115837097,3.224882572889328,9.139501810073853,-0.8220979109504556,5.024278784543523,69.43851942844432,96.08684749699924,6.315169639360123,46.439850460534885,209.27329831230645,27.45098039215686,23.52941176470588,27.45098039215686,1.1666666666666667,0.991011396295818,-3.0130217714360885,-1.7400204582265548,-0.542358268623703,0.0896518224724598,0.64859705733741,1.4848621146627732,1.9536893444010088,0.9979495270095038,0.0016784843757565,0.0003719886147396,-3.174176357045906,1.4098886251449585,"{""128"": ""outputs/rheed_video_afm_story/variants/afm_second_order_y2_v1/phase7a_reconstruction_first/afm_texture_dataset/physical_maps/6072__N6072_1um_001__centered_128.npy"", ""256"": ""outputs/rheed_video_afm_story/variants/afm_second_order_y2_v1/phase7a_reconstruction_first/afm_texture_dataset/physical_maps/6072__N6072_1um_001__centered_256.npy""}","{""128"": ""outputs/rheed_video_afm_story/variants/afm_second_order_y2_v1/phase7a_reconstruction_first/afm_texture_dataset/unit_shape_maps/6072__N6072_1um_001__unit_128.npy"", ""256"": ""outputs/rheed_video_afm_story/variants/afm_second_order_y2_v1/phase7a_reconstruction_first/afm_texture_dataset/unit_shape_maps/6072__N6072_1um_001__unit_256.npy""}","{""256"": ""outputs/rheed_video_afm_story/variants/afm_second_order_y2_v1/phase7a_reconstruction_first/afm_texture_dataset/multiscale_pyramids/6072__N6072_1um_001__laplacian_256.npz""}"
6072,6072,N6072_1um_002,data/afm_second_order/6072/N6072_1um_002/N6072_1um_002_height.npy,data/pair/6072/AFM/N6072_1um.002,data/plane_corrected_afm/6072/N6072_1um_002/N6072_1um_002_plane_corrected.npy,1.0,1.0,256,256,nm,1.2755963802337646,0.9622457328943096,6.679728031158447,6.679728031158447,4.117603778839111,-0.697449601678061,4.677710254508438,88.53483370078757,121.59177772260897,0.998059417406196,0.0015370208865707,0.000403561707233,-3.1148628751195893,27.45098039215686,23.52941176470588,27.45098039215686,1.1666666666666667,1bfd7d5955e28bb4bb5f94ac607e0f64b576b737374be7cdefd34775dc43081a,1.275596355047303,0.9622457318329772,6.679727983474734,4.117603629827499,11.78813934326172,-0.697449601678061,4.677710254508438,88.53483370078757,121.59177772260897,9.331999799344228,60.36383161987104,262.11763230877455,27.45098039215686,23.52941176470588,27.45098039215686,1.1666666666666667,0.9907455764033496,-3.9226946940410463,-2.2414652576434944,-0.6729524304855201,0.0983719172191288,0.8201203325998452,1.876138372184005,2.7570332894336875,0.9980594174112284,0.0015370208811153,0.0004035617076565,-3.1148628739933493,0.9999989969534484,0.754348946968363,5.236547791957857,3.2279799580574036,9.241267919540403,-0.6974496118612667,4.677710240494653,69.40655212420087,95.32141992601446,7.315789597693529,47.321997269335746,205.48613936449283,27.45098039215686,23.52941176470588,27.45098039215686,1.1666666666666667,0.9907455764595062,-3.0751818373079405,-1.7571882858152492,-0.5275585605974301,0.077118319344987,0.6429302588825122,1.4707916722421543,2.161365954649917,0.998059417406196,0.0015370208865707,0.000403561707233,-3.1148628751195893,1.2755963802337646,"{""128"": ""outputs/rheed_video_afm_story/variants/afm_second_order_y2_v1/phase7a_reconstruction_first/afm_texture_dataset/physical_maps/6072__N6072_1um_002__centered_128.npy"", ""256"": ""outputs/rheed_video_afm_story/variants/afm_second_order_y2_v1/phase7a_reconstruction_first/afm_texture_dataset/physical_maps/6072__N6072_1um_002__centered_256.npy""}","{""128"": ""outputs/rheed_video_afm_story/variants/afm_second_order_y2_v1/phase7a_reconstruction_first/afm_texture_dataset/unit_shape_maps/6072__N6072_1um_002__unit_128.npy"", ""256"": ""outputs/rheed_video_afm_story/variants/afm_second_order_y2_v1/phase7a_reconstruction_first/afm_texture_dataset/unit_shape_maps/6072__N6072_1um_002__unit_256.npy""}","{""256"": ""outputs/rheed_video_afm_story/variants/afm_second_order_y2_v1/phase7a_reconstruction_first/afm_texture_dataset/multiscale_pyramids/6072__N6072_1um_002__laplacian_256.npz""}"
6072,6072,N6072_1um_cs_001,data/afm_second_order/6072/N6072_1um_cs_001/N6072_1um_cs_001_height.npy,data/pair/6072/AFM/N6072_1um_cs.001,data/plane_corrected_afm/6072/N6072_1um_cs_001/N6072_1um_cs_001_plane_corrected.npy,0.0,0.0,132,131,nm,1.1426341533660889,0.8749570286175268,5.670754432678223,5.670754432678223,3.6499314308166504,-0.8228202561564344,4.599941555939266,inf,inf,0.9974926703904964,0.0019760960843609,0.0005312335251427,-3.122659216061061,0.0,0.0,0.0,0.0,ca1c8d57874d3a5026748777336be38f8276158f5dc603ff83a55ddc74afa0a8,1.1426340943520472,0.8749570237860316,5.670754461288452,3.649931144714356,9.36807632446289,-0.8228202561564344,4.599941555939266,inf,inf,,,,0.0,0.0,0.0,0.0,,-3.475916673932688,-2.0299869177681376,-0.6210593370539115,0.1273623990076615,0.7913445146936013,1.6199442269462183,2.1948377873557643,0.9974926704314064,0.0019760960484886,0.0005312335201049,-3.122659217655446,0.9999990080518264,0.7657360800739476,4.962873573303224,3.1943100452423097,8.198659181594849,-0.8228203282471658,4.599941759355521,inf,inf,,,,0.0,0.0,0.0,0.0,,-3.0420176582785414,-1.7765835493059918,-0.5435324191304013,0.1114637375621036,0.692560967877312,1.4177264959363178,1.9208559150246816,0.9974926703904964,0.0019760960843609,0.0005312335251427,-3.122659216061061,1.1426341533660889,"{""128"": ""outputs/rheed_video_afm_story/variants/afm_second_order_y2_v1/phase7a_reconstruction_first/afm_texture_dataset/physical_maps/6072__N6072_1um_cs_001__centered_128.npy"", ""256"": ""outputs/rheed_video_afm_story/variants/afm_second_order_y2_v1/phase7a_reconstruction_first/afm_texture_dataset/physical_maps/6072__N6072_1um_cs_001__centered_256.npy""}","{""128"": ""outputs/rheed_video_afm_story/variants/afm_second_order_y2_v1/phase7a_reconstruction_first/afm_texture_dataset/unit_shape_maps/6072__N6072_1um_cs_001__unit_128.npy"", ""256"": ""outputs/rheed_video_afm_story/variants/afm_second_order_y2_v1/phase7a_reconstruction_first/afm_texture_dataset/unit_shape_maps/6072__N6072_1um_cs_001__unit_256.npy""}","{""256"": ""outputs/rheed_video_afm_story/variants/afm_second_order_y2_v1/phase7a_reconstruction_first/afm_texture_dataset/multiscale_pyramids/6072__N6072_1um_cs_001__laplacian_256.npz""}"
6072,6072,N6072_500_nm,data/afm_second_order/6072/N6072_500_nm/N6072_500_nm_height.npy,data/pair/6072/AFM/N6072_500 nm,data/plane_corrected_afm/6072/N6072_500_nm/N6072_500_nm_plane_corrected.npy,0.0,0.0,256,256,nm,1.038968801498413,0.7696097183198354,5.218441963195801,5.218441963195801,3.434753179550171,-0.9902869609777912,5.584163118555035,inf,inf,0.9989058851495634,0.0008556533286377,0.0002384615217989,-3.073620727355873,0.0,0.0,0.0,0.0,f1a1f74a7556e88d455603a36f51ea045cc24a91ceeeef84c4d90876f069c8ad,1.0389688466932667,0.7696097187396234,5.218442046642304,3.4347532391548157,11.328370094299316,-0.9902869609777912,5.584163118555035,inf,inf,,,,0.0,0.0,0.0,0.0,,-3.230678359731905,-1.9118776481001305,-0.5036347220985815,0.1163974002600982,0.6364912827165201,1.5228755910546854,1.9877636869103985,0.9989058851591618,0.0008556533223099,0.0002384615185281,-3.0736207316613076,0.999999012798738,0.7407430543688023,5.022707617282868,3.3059219121932983,10.90346360206604,-0.9902869962445592,5.584163395117344,inf,inf,,,,0.0,0.0,0.0,0.0,,-3.1095013203804887,-1.840166515368739,-0.4847442793434057,0.1120315280968752,0.6126176801735964,1.4657553968245594,1.9132062969023793,0.9989058851495634,0.0008556533286377,0.0002384615217989,-3.073620727355873,1.038968801498413,"{""128"": ""outputs/rheed_video_afm_story/variants/afm_second_order_y2_v1/phase7a_reconstruction_first/afm_texture_dataset/physical_maps/6072__N6072_500_nm__centered_128.npy"", ""256"": ""outputs/rheed_video_afm_story/variants/afm_second_order_y2_v1/phase7a_reconstruction_first/afm_texture_dataset/physical_maps/6072__N6072_500_nm__centered_256.npy""}","{""128"": ""outputs/rheed_video_afm_story/variants/afm_second_order_y2_v1/phase7a_reconstruction_first/afm_texture_dataset/unit_shape_maps/6072__N6072_500_nm__unit_128.npy"", ""256"": ""outputs/rheed_video_afm_story/variants/afm_second_order_y2_v1/phase7a_reconstruction_first/afm_texture_dataset/unit_shape_maps/6072__N6072_500_nm__unit_256.npy""}","{""256"": ""outputs/rheed_video_afm_story/variants/afm_second_order_y2_v1/phase7a_reconstruction_first/afm_texture_dataset/multiscale_pyramids/6072__N6072_500_nm__laplacian_256.npz""}"
6078,6078,N74_ctr_004,data/afm_second_order/6078/N74_ctr_004/N74_ctr_004_height.npy,data/pair/6078/AFM/N74 ctr.004,data/plane_corrected_afm/6078/N74_ctr_004/N74_ctr_004_plane_corrected.npy,1.0,1.0,512,512,nm,2.0487399101257324,1.6067190409476124,10.068265914916992,10.068265914916992,6.42758846282959,0.1519521353238997,3.6824821262363088,104.84834790275082,145.80827704833314,0.999651768952045,0.0003230736608661,2.5157387089030656e-05,-3.8629494311502297,43.05283757338552,66.53620352250489,37.18199608610567,1.7894736842105263,2098173c3ef968e36a80ae84d3cb2464b74c2e5743ac9df4138210d26c90a2cb,2.0487399045235524,1.6067190408729093,10.0682661485672,6.427588200569149,19.051958084106445,0.1519521353238997,3.6824821262363088,104.84834790275082,145.80827704833314,15.209929092604613,68.16064351797617,306.5660833990771,43.05283757338552,66.53620352250489,37.18199608610567,1.7894736842105263,0.9865184574209044,-4.785822494009659,-3.194648177603409,-1.379411400536225,0.00382842332296,1.3255087721551202,3.23294002296574,5.282443654557541,0.9996517689490348,0.0003230736643323,2.515738663274579e-05,-3.862949430026255,0.999999056179878,0.7842467077299234,4.914365386962892,3.137334394454954,9.299345016479492,0.1519520669800301,3.6824821183496823,51.17694512962939,71.16966883814213,7.424050122314145,33.269512552389244,149.63625706847915,43.05283757338552,66.53620352250489,37.18199608610567,1.7894736842105263,0.9865184574288476,-2.335981085473454,-1.5593220331014748,-0.673296824866688,0.0018686891875546,0.6469867370782736,1.5780123613534796,2.5783843014894376,0.999651768952045,0.0003230736608661,2.5157387089030656e-05,-3.8629494311502297,2.0487399101257324,"{""128"": ""outputs/rheed_video_afm_story/variants/afm_second_order_y2_v1/phase7a_reconstruction_first/afm_texture_dataset/physical_maps/6078__N74_ctr_004__centered_128.npy"", ""256"": ""outputs/rheed_video_afm_story/variants/afm_second_order_y2_v1/phase7a_reconstruction_first/afm_texture_dataset/physical_maps/6078__N74_ctr_004__centered_256.npy""}","{""128"": ""outputs/rheed_video_afm_story/variants/afm_second_order_y2_v1/phase7a_reconstruction_first/afm_texture_dataset/unit_shape_maps/6078__N74_ctr_004__unit_128.npy"", ""256"": ""outputs/rheed_video_afm_story/variants/afm_second_order_y2_v1/phase7a_reconstruction_first/afm_texture_dataset/unit_shape_maps/6078__N74_ctr_004__unit_256.npy""}","{""256"": ""outputs/rheed_video_afm_story/variants/afm_second_order_y2_v1/phase7a_reconstruction_first/afm_texture_dataset/multiscale_pyramids/6078__N74_ctr_004__laplacian_256.npz""}"
6078,6078,N74_ctr_005,data/afm_second_order/6078/N74_ctr_005/N74_ctr_005_height.npy,data/pair/6078/AFM/N74 ctr.005,data/plane_corrected_afm/6078/N74_ctr_005/N74_ctr_005_plane_corrected.npy,0.5,0.5,512,512,nm,1.11852765083313,0.8693322575409765,5.453464984893799,5.453464984893799,3.672960996627808,-0.6225882831050894,3.879546913185942,114.56543942487168,147.50875367352907,0.9997374183110216,0.000227935750091,3.464593888716738e-05,-3.3838267448085455,24.46183953033268,20.54794520547945,33.268101761252446,1.619047619047619,b98a729b111241fb5821f5d92056c93e5b72f52703bbbf9d5a5d0720ef311061,1.118527724608588,0.8693322567555828,5.453465158939363,3.6729608952999104,8.85339093208313,-0.6225882831050894,3.879546913185942,114.56543942487168,147.50875367352907,22.30123387766578,88.8142638742944,299.32260693804574,24.46183953033268,20.54794520547945,33.268101761252446,1.619047619047619,0.9975403925360284,-3.2319067044713443,-2.0117403169133605,-0.6435351629712524,0.1001407804927884,0.7616629342577516,1.66122057838655,2.221558454468018,0.9997374183118496,0.0002279357491362,3.464593901413809e-05,-3.383826737858491,0.9999989762293368,0.7772103893840648,4.8755694055557255,3.2837425351142873,7.915209531784058,-0.6225883051757412,3.879546801285922,102.42510719235597,131.8774667910816,19.93800897564823,79.40271199155873,267.6038305335239,24.46183953033268,20.54794520547945,33.268101761252446,1.619047619047619,0.9975403925577276,-2.8894263338115636,-1.7985591148403108,-0.5753406559493958,0.0895290138754428,0.6809506143066467,1.4851834202739769,1.9861430717441624,0.9997374183110216,0.000227935750091,3.464593888716738e-05,-3.3838267448085455,1.1185276508331299,"{""128"": ""outputs/rheed_video_afm_story/variants/afm_second_order_y2_v1/phase7a_reconstruction_first/afm_texture_dataset/physical_maps/6078__N74_ctr_005__centered_128.npy"", ""256"": ""outputs/rheed_video_afm_story/variants/afm_second_order_y2_v1/phase7a_reconstruction_first/afm_texture_dataset/physical_maps/6078__N74_ctr_005__centered_256.npy""}","{""128"": ""outputs/rheed_video_afm_story/variants/afm_second_order_y2_v1/phase7a_reconstruction_first/afm_texture_dataset/unit_shape_maps/6078__N74_ctr_005__unit_128.npy"", ""256"": ""outputs/rheed_video_afm_story/variants/afm_second_order_y2_v1/phase7a_reconstruction_first/afm_texture_dataset/unit_shape_maps/6078__N74_ctr_005__unit_256.npy""}","{""256"": ""outputs/rheed_video_afm_story/variants/afm_second_order_y2_v1/phase7a_reconstruction_first/afm_texture_dataset/multiscale_pyramids/6078__N74_ctr_005__laplacian_256.npz""}"
6078,6078,N78_1um_004,data/afm_second_order/6078/N78_1um_004/N78_1um_004_height.npy,data/pair/6078/AFM/N78_1um.004,data/plane_corrected_afm/6078/N78_1um_004/N78_1um_004_plane_corrected.npy,0.891,0.891,256,256,nm,1.19468092918396,0.941394392626708,5.654411792755127,5.654411792755127,3.9522018432617183,-0.2256417671275119,3.3027021027758003,90.80879647563307,116.06108701107269,0.9985203733766552,0.0011290462078326,0.0003505804155123,-3.1000122860725603,27.95294117647059,24.458823529411767,31.44705882352941,1.2857142857142856,70252da792a6ec9020e732697993855f248d33508e79d76baa59486fed1f0bf0,1.1946809078797234,0.9413943934569112,5.654411828517915,3.9522018432617183,10.467467308044434,-0.2256417671275119,3.3027021027758003,90.80879647563307,116.06108701107269,9.900737711868134,68.21778754883763,235.1340200440333,27.95294117647059,24.458823529411767,31.44705882352941,1.2857142857142856,0.9908490684823592,-3.0027372949979796,-2.0353478663824096,-0.7591085010431304,0.0504372897334799,0.789235529933165,1.9168539768793091,2.651674533519936,0.998520373366674,0.0011290462213668,0.0003505804119591,-3.100012291100447,0.9999990677532198,0.7879874115344663,4.732984828948976,3.308162122964859,8.761718034744263,-0.2256416928174173,3.3027020755149388,76.01085037612214,97.14809836403012,8.287338154732332,57.101208419051446,196.81726096467793,27.95294117647059,24.458823529411767,31.44705882352941,1.2857142857142856,0.990849068424143,-2.513419660522235,-1.7036732818620333,-0.6354063238637575,0.0422181513471476,0.6606239144070021,1.6044888411028255,2.2195651684267412,0.9985203733766552,0.0011290462078326,0.0003505804155123,-3.1000122860725603,1.19468092918396,"{""128"": ""outputs/rheed_video_afm_story/variants/afm_second_order_y2_v1/phase7a_reconstruction_first/afm_texture_dataset/physical_maps/6078__N78_1um_004__centered_128.npy"", ""256"": ""outputs/rheed_video_afm_story/variants/afm_second_order_y2_v1/phase7a_reconstruction_first/afm_texture_dataset/physical_maps/6078__N78_1um_004__centered_256.npy""}","{""128"": ""outputs/rheed_video_afm_story/variants/afm_second_order_y2_v1/phase7a_reconstruction_first/afm_texture_dataset/unit_shape_maps/6078__N78_1um_004__unit_128.npy"", ""256"": ""outputs/rheed_video_afm_story/variants/afm_second_order_y2_v1/phase7a_reconstruction_first/afm_texture_dataset/unit_shape_maps/6078__N78_1um_004__unit_256.npy""}","{""256"": ""outputs/rheed_video_afm_story/variants/afm_second_order_y2_v1/phase7a_reconstruction_first/afm_texture_dataset/multiscale_pyramids/6078__N78_1um_004__laplacian_256.npz""}"
6078,6078,N78_1um_005,data/afm_second_order/6078/N78_1um_005/N78_1um_005_height.npy,data/pair/6078/AFM/N78_1um.005,data/plane_corrected_afm/6078/N78_1um_005/N78_1um_005_plane_corrected.npy,1.0,1.0,256,256,nm,1.2682849168777466,0.9935553320165268,6.244963645935059,6.244963645935059,4.163212299346924,-0.1999328161384045,3.4670608515298023,97.77983967954516,129.49116890342614,0.9975762265597446,0.0020740724209225,0.0003497010193327,-3.2001964959869693,27.45098039215686,23.52941176470588,27.45098039215686,1.1666666666666667,4f1678f34de443f7e727ee0cedca936aa6df202013125f5752d6bffa70121da4,1.2682849637721223,0.9935553316975838,6.244963431358338,4.163212180137634,10.52504825592041,-0.1999328161384045,3.4670608515298023,97.77983967954516,129.49116890342614,15.14435501684183,70.53030255845081,268.09193506454943,27.45098039215686,23.52941176470588,27.45098039215686,1.1666666666666667,0.9944301431927032,-3.3007982285474338,-2.1028509767507115,-0.8081064404700796,0.028597077935477,0.8329229025389154,2.0603612033869227,2.944165202810904,0.9975762265418914,0.0020740724391673,0.0003497010189414,-3.2001964985771316,0.9999990508620028,0.7833841888181499,4.923938691616058,3.282549649477005,8.298638582229614,-0.1999327952793367,3.467060907029739,77.09603880215987,102.09933057063424,11.940798934246269,55.61073748021295,211.3812639324563,27.45098039215686,23.52941176470588,27.45098039215686,1.1666666666666667,0.9944301431770894,-2.602565711726185,-1.6580256461992222,-0.6371640801324803,0.0225478256226223,0.6567310452566189,1.6245240032777828,2.321372979889874,0.9975762265597446,0.0020740724209225,0.0003497010193327,-3.2001964959869693,1.2682849168777466,"{""128"": ""outputs/rheed_video_afm_story/variants/afm_second_order_y2_v1/phase7a_reconstruction_first/afm_texture_dataset/physical_maps/6078__N78_1um_005__centered_128.npy"", ""256"": ""outputs/rheed_video_afm_story/variants/afm_second_order_y2_v1/phase7a_reconstruction_first/afm_texture_dataset/physical_maps/6078__N78_1um_005__centered_256.npy""}","{""128"": ""outputs/rheed_video_afm_story/variants/afm_second_order_y2_v1/phase7a_reconstruction_first/afm_texture_dataset/unit_shape_maps/6078__N78_1um_005__unit_128.npy"", ""256"": ""outputs/rheed_video_afm_story/variants/afm_second_order_y2_v1/phase7a_reconstruction_first/afm_texture_dataset/unit_shape_maps/6078__N78_1um_005__unit_256.npy""}","{""256"": ""outputs/rheed_video_afm_story/variants/afm_second_order_y2_v1/phase7a_reconstruction_first/afm_texture_dataset/multiscale_pyramids/6078__N78_1um_005__laplacian_256.npz""}"
6078,6078,N78_Ctr_000,data/afm_second_order/6078/N78_Ctr_000/N78_Ctr_000_height.npy,data/pair/6078/AFM/N78 Ctr.000,data/plane_corrected_afm/6078/N78_Ctr_000/N78_Ctr_000_plane_corrected.npy,1.0,1.0,256,256,nm,1.6383564472198486,1.2661950201891536,8.139227867126465,8.139227867126465,5.304936408996582,-0.436926883229746,4.025202458425168,106.07993471695876,141.9950475936698,0.9994494366548728,0.0005015849833457,4.8978361781406995e-05,-3.991863088129517,27.45098039215686,23.52941176470588,27.45098039215686,1.1666666666666667,861f6c3a4ad5129d7e326d6e261adb5e1e0cbe5d0372eb70d74b80bace3c1aa8,1.6383564744000825,1.266195022904921,8.13922792673111,5.304936707019806,15.595369815826416,-0.436926883229746,4.025202458425168,106.07993471695876,141.9950475936698,14.99391588589625,77.52634321082192,296.7592033961976,27.45098039215686,23.52941176470588,27.45098039215686,1.1666666666666667,0.9966964245612926,-4.545288137419345,-2.8556943931413903,-0.9607877828909174,0.1173766493068918,1.0842003128694282,2.4492423138784156,3.5939397893117655,0.9994494366502132,0.0005015849885469,4.897836123969962e-05,-3.99186309230136,0.999999073757156,0.772843928113934,4.967917883396149,3.2379595041275024,9.518902778625488,-0.4369268229405356,4.025202344136587,64.7477139799971,86.6691209125789,9.151796527342189,47.31954184224067,181.1320886043755,27.45098039215686,23.52941176470588,27.45098039215686,1.1666666666666667,0.9966964245588898,-2.774294729600086,-1.7430222586490054,-0.5864333466388125,0.07164287262188,0.6617603047989469,1.494937245478497,2.193623153796063,0.9994494366548728,0.0005015849833457,4.8978361781406995e-05,-3.991863088129517,1.6383564472198486,"{""128"": ""outputs/rheed_video_afm_story/variants/afm_second_order_y2_v1/phase7a_reconstruction_first/afm_texture_dataset/physical_maps/6078__N78_Ctr_000__centered_128.npy"", ""256"": ""outputs/rheed_video_afm_story/variants/afm_second_order_y2_v1/phase7a_reconstruction_first/afm_texture_dataset/physical_maps/6078__N78_Ctr_000__centered_256.npy""}","{""128"": ""outputs/rheed_video_afm_story/variants/afm_second_order_y2_v1/phase7a_reconstruction_first/afm_texture_dataset/unit_shape_maps/6078__N78_Ctr_000__unit_128.npy"", ""256"": ""outputs/rheed_video_afm_story/variants/afm_second_order_y2_v1/phase7a_reconstruction_first/afm_texture_dataset/unit_shape_maps/6078__N78_Ctr_000__unit_256.npy""}","{""256"": ""outputs/rheed_video_afm_story/variants/afm_second_order_y2_v1/phase7a_reconstruction_first/afm_texture_dataset/multiscale_pyramids/6078__N78_Ctr_000__laplacian_256.npz""}"
6078,6078,N78_Ctr_001,data/afm_second_order/6078/N78_Ctr_001/N78_Ctr_001_height.npy,data/pair/6078/AFM/N78 Ctr.001,data/plane_corrected_afm/6078/N78_Ctr_001/N78_Ctr_001_plane_corrected.npy,0.5,0.5,512,512,nm,1.3697773218154907,1.0535948788207623,6.824755668640137,6.824755668640137,4.447936058044434,-0.570813358945247,4.192784149397191,111.66987417792576,143.13559019682248,0.9997943549295312,0.0001810607800234,2.4584290445344777e-05,-3.383940646584232,22.504892367906063,20.54794520547945,25.440313111545983,1.238095238095238,b7089abe12e953cbb1b695983cad02886c2b942d35dc3dd084a9e3230b1fec97,1.3697773271366736,1.053594875941436,6.824755496978762,4.447935998439788,12.125778198242188,-0.570813358945247,4.192784149397191,111.66987417792576,143.13559019682248,22.155889779245456,89.01110138609313,283.692988732259,22.504892367906063,20.54794520547945,25.440313111545983,1.238095238095238,0.9982954646641096,-3.9112070619006714,-2.35410057653385,-0.7815101032395921,0.0921574386517443,0.8998714203695692,2.093835421905938,2.9135484350780905,0.9997943549286598,0.0001810607806841,2.4584290655862975e-05,-3.3839406462731807,0.9999990763690668,0.7691716598674128,4.98237849712372,3.2471934258937827,8.852363586425781,-0.57081346446502,4.192784245408857,81.52403222182286,104.4954210548046,16.174764725304723,64.98213269742784,207.1086644742236,22.504892367906063,20.54794520547945,25.440313111545983,1.238095238095238,0.9982954646421732,-2.8553572227329753,-1.7185994495720407,-0.5705375303596997,0.0672790887682891,0.6569465915589786,1.528593976321742,2.1270212743907444,0.9997943549295312,0.0001810607800234,2.4584290445344777e-05,-3.383940646584232,1.3697773218154907,"{""128"": ""outputs/rheed_video_afm_story/variants/afm_second_order_y2_v1/phase7a_reconstruction_first/afm_texture_dataset/physical_maps/6078__N78_Ctr_001__centered_128.npy"", ""256"": ""outputs/rheed_video_afm_story/variants/afm_second_order_y2_v1/phase7a_reconstruction_first/afm_texture_dataset/physical_maps/6078__N78_Ctr_001__centered_256.npy""}","{""128"": ""outputs/rheed_video_afm_story/variants/afm_second_order_y2_v1/phase7a_reconstruction_first/afm_texture_dataset/unit_shape_maps/6078__N78_Ctr_001__unit_128.npy"", ""256"": ""outputs/rheed_video_afm_story/variants/afm_second_order_y2_v1/phase7a_reconstruction_first/afm_texture_dataset/unit_shape_maps/6078__N78_Ctr_001__unit_256.npy""}","{""256"": ""outputs/rheed_video_afm_story/variants/afm_second_order_y2_v1/phase7a_reconstruction_first/afm_texture_dataset/multiscale_pyramids/6078__N78_Ctr_001__laplacian_256.npz""}"
6078,6078,N78_Edg_000,data/afm_second_order/6078/N78_Edg_000/N78_Edg_000_height.npy,data/pair/6078/AFM/N78 Edg.000,data/plane_corrected_afm/6078/N78_Edg_000/N78_Edg_000_plane_corrected.npy,1.0,1.0,256,256,nm,1.7781387567520142,1.367830151803854,8.943744659423828,8.943744659423828,5.804694175720215,-0.5383230596786798,4.266074384654961,108.2333578858777,149.13785356867874,0.9992971552766952,0.00065296861497,4.9876108334856394e-05,-4.002976668466752,27.45098039215686,31.37254901960784,27.45098039215686,1.1428571428571428,5491dcbc9573b3d0b9bbd8279af6a7c2727db615def7b8a949551a7dc6f83698,1.7781387397574235,1.3678301500769123,8.943744564056397,5.804694294929504,17.04942035675049,-0.5383230596786798,4.266074384654961,108.2333578858777,149.13785356867874,12.998251063864403,77.29909138787306,308.88155282834083,27.45098039215686,31.37254901960784,27.45098039215686,1.1428571428571428,0.9959195779808212,-5.136567398655189,-3.007132193195594,-1.0433921126005776,0.0857494788887373,1.1764832230927815,2.7975621017339103,3.807177165401208,0.9992971552812524,0.0006529686108458,4.987610790163025e-05,-4.002976685055192,0.9999989807629396,0.7692474859905145,5.0298300862312315,3.2644744217395782,9.58834195137024,-0.5383231338137356,4.266074344009302,60.86884301633884,83.87292787993078,7.310024595286924,43.471877712011015,173.71042562659522,27.45098039215686,31.37254901960784,27.45098039215686,1.1428571428571428,0.995919577992279,-2.8887297355931363,-1.6911668145459255,-0.5867883080046734,0.0482242534506955,0.6616368180710712,1.5733076071936527,2.1411003506380952,0.9992971552766952,0.00065296861497,4.9876108334856394e-05,-4.002976668466752,1.7781387567520142,"{""128"": ""outputs/rheed_video_afm_story/variants/afm_second_order_y2_v1/phase7a_reconstruction_first/afm_texture_dataset/physical_maps/6078__N78_Edg_000__centered_128.npy"", ""256"": ""outputs/rheed_video_afm_story/variants/afm_second_order_y2_v1/phase7a_reconstruction_first/afm_texture_dataset/physical_maps/6078__N78_Edg_000__centered_256.npy""}","{""128"": ""outputs/rheed_video_afm_story/variants/afm_second_order_y2_v1/phase7a_reconstruction_first/afm_texture_dataset/unit_shape_maps/6078__N78_Edg_000__unit_128.npy"", ""256"": ""outputs/rheed_video_afm_story/variants/afm_second_order_y2_v1/phase7a_reconstruction_first/afm_texture_dataset/unit_shape_maps/6078__N78_Edg_000__unit_256.npy""}","{""256"": ""outputs/rheed_video_afm_story/variants/afm_second_order_y2_v1/phase7a_reconstruction_first/afm_texture_dataset/multiscale_pyramids/6078__N78_Edg_000__laplacian_256.npz""}"
6078,6078,N78_Edg_001,data/afm_second_order/6078/N78_Edg_001/N78_Edg_001_height.npy,data/pair/6078/AFM/N78 Edg.001,data/plane_corrected_afm/6078/N78_Edg_001/N78_Edg_001_plane_corrected.npy,0.5,0.5,512,512,nm,1.3388651609420776,1.042169752747892,6.50692892074585,6.50692892074585,4.389718055725098,-0.4424596930835466,3.6844947917944335,112.33532898698878,141.6625501662861,0.9998720016549864,0.0001080862023723,1.9912142641205473e-05,-3.341052768179975,22.504892367906063,19.569471624266143,27.3972602739726,1.4,ca18b9191f7587ab435adf0bc99bbf675d6fe66547fbf07ed96bd80cad0f604d,1.3388651663883944,1.0421697518689446,6.506929087638855,4.389718127250671,10.718747615814207,-0.4424596930835466,3.6844947917944335,112.33532898698878,141.6625501662861,22.236494636921268,89.80370749884719,282.3303703817148,22.504892367906063,19.569471624266143,27.3972602739726,1.4,0.9981155838370964,-3.674078702140095,-2.3094200388672377,-0.8067286537172815,0.085783276599405,0.8944573177812079,2.080298088383433,2.8328503854987597,0.9998720016551836,0.0001080862021059,1.991214271033456e-05,-3.3410527644890924,0.9999990560368336,0.7783971045211442,4.860028367042542,3.2786827206611626,8.005837440490723,-0.4424597216081409,3.6844947147891545,83.90331282080628,105.80782891954264,16.608449005052055,67.07442996403508,210.87268365797277,22.504892367906063,19.569471624266143,27.3972602739726,1.4,0.9981155837193532,-2.7441711170616436,-1.7249070985260295,-0.6025460643711378,0.064071571266384,0.6680705862102221,1.5537756221351329,2.115857249980898,0.9998720016549864,0.0001080862023723,1.9912142641205473e-05,-3.341052768179975,1.3388651609420776,"{""128"": ""outputs/rheed_video_afm_story/variants/afm_second_order_y2_v1/phase7a_reconstruction_first/afm_texture_dataset/physical_maps/6078__N78_Edg_001__centered_128.npy"", ""256"": ""outputs/rheed_video_afm_story/variants/afm_second_order_y2_v1/phase7a_reconstruction_first/afm_texture_dataset/physical_maps/6078__N78_Edg_001__centered_256.npy""}","{""128"": ""outputs/rheed_video_afm_story/variants/afm_second_order_y2_v1/phase7a_reconstruction_first/afm_texture_dataset/unit_shape_maps/6078__N78_Edg_001__unit_128.npy"", ""256"": ""outputs/rheed_video_afm_story/variants/afm_second_order_y2_v1/phase7a_reconstruction_first/afm_texture_dataset/unit_shape_maps/6078__N78_Edg_001__unit_256.npy""}","{""256"": ""outputs/rheed_video_afm_story/variants/afm_second_order_y2_v1/phase7a_reconstruction_first/afm_texture_dataset/multiscale_pyramids/6078__N78_Edg_001__laplacian_256.npz""}"
6080,6080,N80_Ctr_000,data/afm_second_order/6080/N80_Ctr_000/N80_Ctr_000_height.npy,data/pair/6080/AFM/N80 Ctr.000,data/plane_corrected_afm/6080/N80_Ctr_000/N80_Ctr_000_plane_corrected.npy,1.0,1.0,256,256,nm,3.645188093185425,2.8582764177450235,17.383472442626953,17.383472442626953,11.92671012878418,-0.5823246891253837,3.4711231025010933,189.3679596099532,235.26311255002653,0.9996676114243656,0.0003122997314981,2.0088844136428493e-05,-4.5926791952355215,31.37254901960784,31.37254901960784,31.37254901960784,1.0,efa697bb828a56bd2f79284f34f907fc7c363cd77daef6dca5a0803382b5afcb,3.6451880755654433,2.858276418747954,17.383471751213072,11.92671024799347,27.965720176696777,-0.5823246891253837,3.4711231025010933,189.3679596099532,235.26311255002653,26.943924704765024,153.46249750995963,463.6734795682803,31.37254901960784,31.37254901960784,31.37254901960784,1.0,0.9967430503708894,-10.127153973746886,-6.797122221160522,-2.100235741305938,0.4356622139924859,2.5381883571857307,5.1295880268329475,7.256317777466188,0.999667611423462,0.0003122997328192,2.0088843718860583e-05,-4.592679250677283,0.9999990185867909,0.7841223980088139,4.768877321481705,3.271902173757553,7.671947717666626,-0.5823246445971942,3.4711230667296147,51.950069490915766,64.5406700194132,7.391634497000141,42.09998596949146,127.20139383535194,31.37254901960784,31.37254901960784,31.37254901960784,1.0,0.996743050667654,-2.7782226549288045,-1.864681731333376,-0.5761660294433841,0.1195169357756367,0.6963113887408963,1.4072204424241772,1.9906546665529008,0.9996676114243656,0.0003122997314981,2.0088844136428493e-05,-4.5926791952355215,3.645188093185425,"{""128"": ""outputs/rheed_video_afm_story/variants/afm_second_order_y2_v1/phase7a_reconstruction_first/afm_texture_dataset/physical_maps/6080__N80_Ctr_000__centered_128.npy"", ""256"": ""outputs/rheed_video_afm_story/variants/afm_second_order_y2_v1/phase7a_reconstruction_first/afm_texture_dataset/physical_maps/6080__N80_Ctr_000__centered_256.npy""}","{""128"": ""outputs/rheed_video_afm_story/variants/afm_second_order_y2_v1/phase7a_reconstruction_first/afm_texture_dataset/unit_shape_maps/6080__N80_Ctr_000__unit_128.npy"", ""256"": ""outputs/rheed_video_afm_story/variants/afm_second_order_y2_v1/phase7a_reconstruction_first/afm_texture_dataset/unit_shape_maps/6080__N80_Ctr_000__unit_256.npy""}","{""256"": ""outputs/rheed_video_afm_story/variants/afm_second_order_y2_v1/phase7a_reconstruction_first/afm_texture_dataset/multiscale_pyramids/6080__N80_Ctr_000__laplacian_256.npz""}"
6080,6080,N80_Ctr_001,data/afm_second_order/6080/N80_Ctr_001/N80_Ctr_001_height.npy,data/pair/6080/AFM/N80 Ctr.001,data/plane_corrected_afm/6080/N80_Ctr_001/N80_Ctr_001_plane_corrected.npy,0.5,0.5,256,256,nm,3.189219236373902,2.444368942151094,16.150144577026367,16.150144577026367,10.494148254394531,-0.8955256040511635,3.9522408239022697,164.138778334873,209.81054789123985,0.99984179517473,0.0001482866751945,9.918150075435103e-06,-4.276057655419037,31.37254901960784,35.29411764705882,29.41176470588235,1.2,1dbc05a9600a14c6be2d68e7d325ceea4c03935b91cd1cd3ac64432fcdfcc3ea,3.189219205386949,2.4443689482607285,16.15014533996582,10.494148552417755,20.578068733215332,-0.8955256040511635,3.9522408239022697,164.138778334873,209.81054789123985,16.839934964428345,130.48690628950737,419.3707098437535,31.37254901960784,35.29411764705882,29.41176470588235,1.2,0.9933595270633468,-9.495615660290088,-6.538308440784777,-1.5542907706302058,0.6965223857361423,2.0140997477966893,3.9558401116329778,6.654529679675733,0.9998417951777182,0.0001482866723215,9.918149960170152e-06,-4.276057761737527,0.9999990876874768,0.7664467618848533,5.063976347446442,3.2905043363571167,6.452378749847412,-0.8955255691454145,3.9522406180968,51.46671263063171,65.7873736166881,5.280270702035106,40.914948013411134,131.4962461483489,31.37254901960784,35.29411764705882,29.41176470588235,1.2,0.9933595375804374,-2.977408083481939,-2.0501265488101557,-0.4873572997285442,0.218398843006937,0.6315332688854618,1.2403777875469608,2.0865682639645025,0.99984179517473,0.0001482866751945,9.918150075435103e-06,-4.276057655419037,3.1892192363739014,"{""128"": ""outputs/rheed_video_afm_story/variants/afm_second_order_y2_v1/phase7a_reconstruction_first/afm_texture_dataset/physical_maps/6080__N80_Ctr_001__centered_128.npy"", ""256"": ""outputs/rheed_video_afm_story/variants/afm_second_order_y2_v1/phase7a_reconstruction_first/afm_texture_dataset/physical_maps/6080__N80_Ctr_001__centered_256.npy""}","{""128"": ""outputs/rheed_video_afm_story/variants/afm_second_order_y2_v1/phase7a_reconstruction_first/afm_texture_dataset/unit_shape_maps/6080__N80_Ctr_001__unit_128.npy"", ""256"": ""outputs/rheed_video_afm_story/variants/afm_second_order_y2_v1/phase7a_reconstruction_first/afm_texture_dataset/unit_shape_maps/6080__N80_Ctr_001__unit_256.npy""}","{""256"": ""outputs/rheed_video_afm_story/variants/afm_second_order_y2_v1/phase7a_reconstruction_first/afm_texture_dataset/multiscale_pyramids/6080__N80_Ctr_001__laplacian_256.npz""}"
6080,6080,N80_Edg_000,data/afm_second_order/6080/N80_Edg_000/N80_Edg_000_height.npy,data/pair/6080/AFM/N80 Edg.000,data/plane_corrected_afm/6080/N80_Edg_000/N80_Edg_000_plane_corrected.npy,1.0,1.0,256,256,nm,4.567896366119385,3.45021870742828,23.044143676757812,23.044143676757812,15.38539981842041,-0.7871697901100688,4.116710503775671,222.7471888026721,306.2912771114048,0.999670102780296,0.0003092547089131,2.0642510790947015e-05,-4.344288913111471,31.37254901960784,31.37254901960784,31.37254901960784,1.0,164a1ea76e406aea35f151cf594cdf8307219fc4b796b8070e8d8f5f0b458b62,4.567896151482667,3.450218689845487,23.04414281845093,15.385399222373962,31.12778663635254,-0.7871697901100688,4.116710503775671,222.7471888026721,306.2912771114048,15.876012873320612,155.59286297554434,656.3831737910167,31.37254901960784,31.37254901960784,31.37254901960784,1.0,0.9995656877724728,-13.681447231429534,-8.872646963256317,-2.172753011840301,0.6251343879523705,2.931300306660218,6.512752259117646,9.362695587021395,0.999670102786792,0.0003092547021194,2.0642511088354116e-05,-4.344288904068888,0.999999038985803,0.7553182571701813,5.044799518585205,3.3681554794311523,6.814462423324585,-0.7871698434791214,4.1167106129594675,48.763581100302915,67.05296566695226,3.475562676613828,34.062225273503074,143.69471341384073,31.37254901960784,31.37254901960784,31.37254901960784,1.0,0.9995656877682388,-2.9951280531099225,-1.9423905965497876,-0.4756568503191855,0.1368537488767717,0.6417172047683809,1.4257648828813647,2.049671465475283,0.999670102780296,0.0003092547089131,2.0642510790947015e-05,-4.344288913111471,4.567896366119385,"{""128"": ""outputs/rheed_video_afm_story/variants/afm_second_order_y2_v1/phase7a_reconstruction_first/afm_texture_dataset/physical_maps/6080__N80_Edg_000__centered_128.npy"", ""256"": ""outputs/rheed_video_afm_story/variants/afm_second_order_y2_v1/phase7a_reconstruction_first/afm_texture_dataset/physical_maps/6080__N80_Edg_000__centered_256.npy""}","{""128"": ""outputs/rheed_video_afm_story/variants/afm_second_order_y2_v1/phase7a_reconstruction_first/afm_texture_dataset/unit_shape_maps/6080__N80_Edg_000__unit_128.npy"", ""256"": ""outputs/rheed_video_afm_story/variants/afm_second_order_y2_v1/phase7a_reconstruction_first/afm_texture_dataset/unit_shape_maps/6080__N80_Edg_000__unit_256.npy""}","{""256"": ""outputs/rheed_video_afm_story/variants/afm_second_order_y2_v1/phase7a_reconstruction_first/afm_texture_dataset/multiscale_pyramids/6080__N80_Edg_000__laplacian_256.npz""}"
6080,6080,N80_Edg_001,data/afm_second_order/6080/N80_Edg_001/N80_Edg_001_height.npy,data/pair/6080/AFM/N80 Edg.001,data/plane_corrected_afm/6080/N80_Edg_001/N80_Edg_001_plane_corrected.npy,0.5,0.5,512,512,nm,3.387726068496704,2.6060417442151,16.258543014526367,16.258543014526367,11.375043869018556,-0.3027476520421376,3.719301999092756,203.0958107216936,254.6023810176794,0.999888783235453,0.0001025813760481,8.635388498909046e-06,-3.814560779187948,27.3972602739726,28.37573385518591,27.3972602739726,1.0357142857142858,2302d169761ea8d5bce3dfac29f18122c24312d91fe0ccc93288821068eada8b,3.3877259584303983,2.606041751092082,16.258543930053712,11.375044417381275,25.369159698486328,-0.3027476520421376,3.719301999092756,203.0958107216936,254.6023810176794,32.03416894287449,160.57649426781416,507.3063398024321,27.3972602739726,28.37573385518591,27.3972602739726,1.0357142857142858,0.9958287280085544,-9.215306544068408,-6.002936324837756,-1.937681135895801,0.1858269225925679,2.179003360506939,5.372108092543521,7.043237385985304,0.9998887832364411,0.0001025813750476,8.63538851121874e-06,-3.8145607843378695,0.9999990861990312,0.7692592043193522,4.799245607852936,3.357719564437863,7.488544702529907,-0.302747590000294,3.719301931892303,59.95042905655284,75.1542922781339,9.455942708456131,47.39945113244429,149.74823546077994,27.3972602739726,28.37573385518591,27.3972602739726,1.0357142857142858,0.9958284191627592,-2.7202015638411905,-1.7719646680415533,-0.5719705301583671,0.054852962189827,0.643204770678196,1.58575489639631,2.0790440440117455,0.999888783235453,0.0001025813760481,8.635388498909046e-06,-3.814560779187948,3.387726068496704,"{""128"": ""outputs/rheed_video_afm_story/variants/afm_second_order_y2_v1/phase7a_reconstruction_first/afm_texture_dataset/physical_maps/6080__N80_Edg_001__centered_128.npy"", ""256"": ""outputs/rheed_video_afm_story/variants/afm_second_order_y2_v1/phase7a_reconstruction_first/afm_texture_dataset/physical_maps/6080__N80_Edg_001__centered_256.npy""}","{""128"": ""outputs/rheed_video_afm_story/variants/afm_second_order_y2_v1/phase7a_reconstruction_first/afm_texture_dataset/unit_shape_maps/6080__N80_Edg_001__unit_128.npy"", ""256"": ""outputs/rheed_video_afm_story/variants/afm_second_order_y2_v1/phase7a_reconstruction_first/afm_texture_dataset/unit_shape_maps/6080__N80_Edg_001__unit_256.npy""}","{""256"": ""outputs/rheed_video_afm_story/variants/afm_second_order_y2_v1/phase7a_reconstruction_first/afm_texture_dataset/multiscale_pyramids/6080__N80_Edg_001__laplacian_256.npz""}"
6081,6081,N6081_1um_000,data/afm_second_order/6081/N6081_1um_000/N6081_1um_000_height.npy,data/pair/6081/AFM/N6081_1um.000,data/plane_corrected_afm/6081/N6081_1um_000/N6081_1um_000_plane_corrected.npy,1.0,1.0,256,256,nm,0.94173663854599,0.7405202162492479,4.535601615905762,4.535601615905762,3.1098694801330566,0.0015808771456755,3.252600717119633,56.79893919841905,67.3899654521232,0.9991220868019072,0.0006813960219719,0.000196517176121,-3.205242035238457,31.37254901960784,27.45098039215686,31.37254901960784,1.1428571428571428,e38cf5e8326070572f6e745c2310fe304ad386ed606a4d5d748023dbb6571b9f,0.941736619105983,0.7405202162548267,4.535601282119751,3.109869569540024,7.303988695144653,0.0015808771456755,3.252600717119633,56.79893919841905,67.3899654521232,12.538433509370218,49.52150997891749,125.8514512189572,31.37254901960784,27.45098039215686,31.37254901960784,1.1428571428571428,0.9979390580129178,-2.2865528988106476,-1.5350692915184725,-0.6153784739239442,0.0035829537860748,0.5988617194430602,1.574800278021551,2.2490483833091033,0.9991220868044982,0.0006813960207312,0.0001965171747705,-3.2052420373622557,0.9999989896233482,0.786333941926959,4.8162051320076,3.302267611026764,7.755864381790161,0.0015808808379891,3.252600717896939,60.31291618693716,71.55917693019363,13.314147822954276,52.58525475746951,133.63749593091725,31.37254901960784,27.45098039215686,31.37254901960784,1.1428571428571428,0.9979390580334392,-2.4280149495032037,-1.6300392782118522,-0.6534500753309929,0.0038046124122685,0.6359114760730065,1.6722283328149117,2.3881901825043954,0.9991220868019072,0.0006813960219719,0.000196517176121,-3.205242035238457,0.94173663854599,"{""128"": ""outputs/rheed_video_afm_story/variants/afm_second_order_y2_v1/phase7a_reconstruction_first/afm_texture_dataset/physical_maps/6081__N6081_1um_000__centered_128.npy"", ""256"": ""outputs/rheed_video_afm_story/variants/afm_second_order_y2_v1/phase7a_reconstruction_first/afm_texture_dataset/physical_maps/6081__N6081_1um_000__centered_256.npy""}","{""128"": ""outputs/rheed_video_afm_story/variants/afm_second_order_y2_v1/phase7a_reconstruction_first/afm_texture_dataset/unit_shape_maps/6081__N6081_1um_000__unit_128.npy"", ""256"": ""outputs/rheed_video_afm_story/variants/afm_second_order_y2_v1/phase7a_reconstruction_first/afm_texture_dataset/unit_shape_maps/6081__N6081_1um_000__unit_256.npy""}","{""256"": ""outputs/rheed_video_afm_story/variants/afm_second_order_y2_v1/phase7a_reconstruction_first/afm_texture_dataset/multiscale_pyramids/6081__N6081_1um_000__laplacian_256.npz""}"
6081,6081,N6081_2um_001,data/afm_second_order/6081/N6081_2um_001/N6081_2um_001_height.npy,data/pair/6081/AFM/N6081_2um.001,data/plane_corrected_afm/6081/N6081_2um_001/N6081_2um_001_plane_corrected.npy,2.0,2.0,256,256,nm,0.9679280519485474,0.7626695274439584,4.619560241699219,4.619560241699219,3.198819637298584,0.0450462905827744,3.243404956354363,49.97135110274037,59.30685421378556,0.9974873520496657,0.0021138445769784,0.0003988033733557,-3.240253209593644,31.37254901960784,31.37254901960784,31.37254901960784,1.0,1002c7caecd1e306e31cfdcc7f5e053812df3c32596391150fd952ea941443a1,0.9679280607755302,0.7626695272558035,4.6195605397224435,3.1988196969032288,8.098607063293457,0.0450462905827744,3.243404956354363,49.97135110274037,59.30685421378556,10.71206715042024,43.342619321419605,112.16254948965884,31.37254901960784,31.37254901960784,31.37254901960784,1.0,0.998262479096305,-2.2897041667885643,-1.5930685569233756,-0.6285685916132789,-0.0067743226587336,0.6206857393794197,1.6057511399798532,2.3298563729338793,0.9974873519796376,0.0021138446476863,0.000398803372676,-3.2402532130097104,0.9999990484451488,0.7879395509739806,4.772623479366303,3.304808259010315,8.366943836212158,0.0450463769927041,3.2434049591731777,51.627084086053216,61.27190630732088,11.066997667590504,44.7787132346455,115.87890227715494,31.37254901960784,31.37254901960784,31.37254901960784,1.0,0.9982624790997718,-2.365570347782142,-1.645852720018394,-0.6493953667841027,-0.0069987931083063,0.6412513203658988,1.658955538991921,2.4070531315841612,0.9974873520496657,0.0021138445769784,0.0003988033733557,-3.240253209593644,0.9679280519485474,"{""128"": ""outputs/rheed_video_afm_story/variants/afm_second_order_y2_v1/phase7a_reconstruction_first/afm_texture_dataset/physical_maps/6081__N6081_2um_001__centered_128.npy"", ""256"": ""outputs/rheed_video_afm_story/variants/afm_second_order_y2_v1/phase7a_reconstruction_first/afm_texture_dataset/physical_maps/6081__N6081_2um_001__centered_256.npy""}","{""128"": ""outputs/rheed_video_afm_story/variants/afm_second_order_y2_v1/phase7a_reconstruction_first/afm_texture_dataset/unit_shape_maps/6081__N6081_2um_001__unit_128.npy"", ""256"": ""outputs/rheed_video_afm_story/variants/afm_second_order_y2_v1/phase7a_reconstruction_first/afm_texture_dataset/unit_shape_maps/6081__N6081_2um_001__unit_256.npy""}","{""256"": ""outputs/rheed_video_afm_story/variants/afm_second_order_y2_v1/phase7a_reconstruction_first/afm_texture_dataset/multiscale_pyramids/6081__N6081_2um_001__laplacian_256.npz""}"
6081,6081,N6081_2um_002,data/afm_second_order/6081/N6081_2um_002/N6081_2um_002_height.npy,data/pair/6081/AFM/N6081_2um.002,data/plane_corrected_afm/6081/N6081_2um_002/N6081_2um_002_plane_corrected.npy,2.0,2.0,512,512,nm,0.9806247353553772,0.771386687201578,4.715595722198486,4.715595722198486,3.229071617126465,-0.0102907457571886,3.2699645944519324,57.69346583235314,68.90187004966297,0.9993791763564758,0.0004778127823663,0.0001430108611579,-3.250215628575253,31.31115459882583,31.31115459882583,31.31115459882583,1.0,4a149bca088964fd4798096dc3c68288c0c7be47256fb391962a3cc5b3edebc9,0.9806247630260988,0.7713866872963697,4.715595564842226,3.229071754217146,8.346178531646729,-0.0102907457571886,3.2699645944519324,57.69346583235314,68.90187004966297,12.548461625433635,49.834488124874625,130.94154370578596,31.31115459882583,31.31115459882583,31.31115459882583,1.0,0.9977928636314556,-2.3865569722741737,-1.614235603818287,-0.6349644720643653,-0.0006807344647485,0.6347313612610207,1.614836150398859,2.329038592568052,0.9993791763598754,0.0004778127800167,0.0001430108601078,-3.2502156225472913,0.9999989948733988,0.7866269963715707,4.808761804103853,3.2928686022758464,8.51107406616211,-0.0102908431743123,3.2699645955243475,58.83331754428156,70.26316681353093,12.796388445412994,50.81906793694357,133.52856173383395,31.31115459882583,31.31115459882583,31.31115459882583,1.0,0.997792863655087,-2.433708340966692,-1.6461281500697038,-0.6475094757914447,-0.0006941610189058,0.647271776950369,1.6467404522061426,2.375053463137162,0.9993791763564758,0.0004778127823663,0.0001430108611579,-3.250215628575253,0.9806247353553772,"{""128"": ""outputs/rheed_video_afm_story/variants/afm_second_order_y2_v1/phase7a_reconstruction_first/afm_texture_dataset/physical_maps/6081__N6081_2um_002__centered_128.npy"", ""256"": ""outputs/rheed_video_afm_story/variants/afm_second_order_y2_v1/phase7a_reconstruction_first/afm_texture_dataset/physical_maps/6081__N6081_2um_002__centered_256.npy""}","{""128"": ""outputs/rheed_video_afm_story/variants/afm_second_order_y2_v1/phase7a_reconstruction_first/afm_texture_dataset/unit_shape_maps/6081__N6081_2um_002__unit_128.npy"", ""256"": ""outputs/rheed_video_afm_story/variants/afm_second_order_y2_v1/phase7a_reconstruction_first/afm_texture_dataset/unit_shape_maps/6081__N6081_2um_002__unit_256.npy""}","{""256"": ""outputs/rheed_video_afm_story/variants/afm_second_order_y2_v1/phase7a_reconstruction_first/afm_texture_dataset/multiscale_pyramids/6081__N6081_2um_002__laplacian_256.npz""}"
6081,6081,N6081_2um_003,data/afm_second_order/6081/N6081_2um_003/N6081_2um_003_height.npy,data/pair/6081/AFM/N6081_2um.003,data/plane_corrected_afm/6081/N6081_2um_003/N6081_2um_003_plane_corrected.npy,5.0,5.0,512,512,nm,1.0122246742248535,0.7994733858425571,4.840808868408203,4.840808868408203,3.3280270099639893,0.123166215192263,3.209903605568168,50.76535004364046,60.38584458390452,0.994165593723934,0.0054378076839632,0.0003965985921026,-3.2279341720216466,39.13894324853229,39.13894324853229,39.13894324853229,1.0,da8d87fe4631d324cf64d9027cae66545628ae3ed91a32abed9b8ad4bcfc42ee,1.0122247608099368,0.7994733858479377,4.840808508396149,3.3280269324779503,8.71398639678955,0.123166215192263,3.209903605568168,50.76535004364046,60.38584458390452,10.81937724146866,44.09638206343936,114.08104723712482,39.13894324853229,39.13894324853229,39.13894324853229,1.0,0.9971075532494452,-2.325677137668871,-1.626762124593996,-0.6742302474339239,-0.024352437514507,0.6535433980862864,1.7012648078839545,2.515131370727278,0.9941655936820816,0.0054378077243918,0.0003965985935262,-3.2279341716761945,0.999999029009985,0.7898172820843838,4.782340850830079,3.287830656766891,8.608738422393799,0.1231662283545689,3.2099036076289167,50.1522020182578,59.656499460667185,10.688699263639757,43.56378251826435,112.70316798643508,39.13894324853229,39.13894324853229,39.13894324853229,1.0,0.99710751825027,-2.297587405632919,-1.6071139122952878,-0.6660868461837232,-0.0240583253686487,0.645649841834122,1.6807167444716031,2.48475344519716,0.994165593723934,0.0054378076839632,0.0003965985921026,-3.2279341720216466,1.0122246742248535,"{""128"": ""outputs/rheed_video_afm_story/variants/afm_second_order_y2_v1/phase7a_reconstruction_first/afm_texture_dataset/physical_maps/6081__N6081_2um_003__centered_128.npy"", ""256"": ""outputs/rheed_video_afm_story/variants/afm_second_order_y2_v1/phase7a_reconstruction_first/afm_texture_dataset/physical_maps/6081__N6081_2um_003__centered_256.npy""}","{""128"": ""outputs/rheed_video_afm_story/variants/afm_second_order_y2_v1/phase7a_reconstruction_first/afm_texture_dataset/unit_shape_maps/6081__N6081_2um_003__unit_128.npy"", ""256"": ""outputs/rheed_video_afm_story/variants/afm_second_order_y2_v1/phase7a_reconstruction_first/afm_texture_dataset/unit_shape_maps/6081__N6081_2um_003__unit_256.npy""}","{""256"": ""outputs/rheed_video_afm_story/variants/afm_second_order_y2_v1/phase7a_reconstruction_first/afm_texture_dataset/multiscale_pyramids/6081__N6081_2um_003__laplacian_256.npz""}"
6081,6081,N81_Ctr_000,data/afm_second_order/6081/N81_Ctr_000/N81_Ctr_000_height.npy,data/pair/6081/AFM/N81 Ctr.000,data/plane_corrected_afm/6081/N81_Ctr_000/N81_Ctr_000_plane_corrected.npy,1.0,1.0,256,256,nm,1.5293935537338257,1.2193023930251827,7.053633213043213,7.053633213043213,5.091493606567383,0.2072472035570763,2.9448669142271915,61.50855689031888,74.58874286605736,0.9991274923565412,0.0008251379459016,4.736969755692994e-05,-4.072582783678985,50.98039215686274,498.0392156862745,39.2156862745098,12.7,a8290b239e04215c97e0be4fd994cd1f2a1240faad91358a55743cd1857db42e,1.5293935447620752,1.2193023914621557,7.053633177280428,5.091493368148804,10.208487510681152,0.2072472035570763,2.9448669142271915,61.50855689031888,74.58874286605736,11.44813165882379,52.49035454603874,142.1365523135567,50.98039215686274,498.0392156862745,39.2156862745098,12.7,0.9859419133168552,-3.281204467966054,-2.4094103991527303,-1.0552224337596638,-0.0391116708059056,0.9803649515371576,2.6820829689960735,3.7724287093143736,0.9991274923897948,0.0008251379136796,4.736969652531664e-05,-4.072582780953609,0.9999990175417016,0.797244892113268,4.612041425704957,3.329089790582657,6.674853324890137,0.207247213414103,2.9448669746803593,40.217572926136846,48.77009570529594,7.485389767464901,34.32099185522354,92.93645932892522,50.98039215686274,498.0392156862745,39.2156862745098,12.7,0.9859419132131944,-2.145426509892139,-1.5754009466520873,-0.6899606864801971,-0.0255732927373973,0.6410148311503799,1.7536888439305696,2.4666149158128183,0.9991274923565412,0.0008251379459016,4.736969755692994e-05,-4.072582783678985,1.5293935537338257,"{""128"": ""outputs/rheed_video_afm_story/variants/afm_second_order_y2_v1/phase7a_reconstruction_first/afm_texture_dataset/physical_maps/6081__N81_Ctr_000__centered_128.npy"", ""256"": ""outputs/rheed_video_afm_story/variants/afm_second_order_y2_v1/phase7a_reconstruction_first/afm_texture_dataset/physical_maps/6081__N81_Ctr_000__centered_256.npy""}","{""128"": ""outputs/rheed_video_afm_story/variants/afm_second_order_y2_v1/phase7a_reconstruction_first/afm_texture_dataset/unit_shape_maps/6081__N81_Ctr_000__unit_128.npy"", ""256"": ""outputs/rheed_video_afm_story/variants/afm_second_order_y2_v1/phase7a_reconstruction_first/afm_texture_dataset/unit_shape_maps/6081__N81_Ctr_000__unit_256.npy""}","{""256"": ""outputs/rheed_video_afm_story/variants/afm_second_order_y2_v1/phase7a_reconstruction_first/afm_texture_dataset/multiscale_pyramids/6081__N81_Ctr_000__laplacian_256.npz""}"
6081,6081,N81_Edg_000,data/afm_second_order/6081/N81_Edg_000/N81_Edg_000_height.npy,data/pair/6081/AFM/N81 Edg.000,data/plane_corrected_afm/6081/N81_Edg_000/N81_Edg_000_plane_corrected.npy,1.0,1.0,256,256,nm,2.076608896255493,1.637683881649992,10.41202449798584,10.41202449798584,6.409244537353516,0.6029992298042816,3.964757076795474,68.67464834668692,82.8061942784919,0.9987218850547968,0.0012065107382885,7.16042069145006e-05,-4.177360386536732,54.90196078431372,498.0392156862745,39.2156862745098,12.7,7b9ce27a20cf97f7fb8953c6dcb7a0d69dd679b54ce4a293c7275a6aedec04c5,2.076608877812784,1.63768387841285,10.412024474143989,6.409244239330292,15.81300926208496,0.6029992298042816,3.964757076795474,68.67464834668692,82.8061942784919,12.784551937548072,58.51009155675504,157.11836777557053,54.90196078431372,498.0392156862745,39.2156862745098,12.7,0.9891713245977348,-4.057869941890159,-3.0484186241029883,-1.503260506093421,-0.103560039549985,1.3168058267236566,3.3608256152273035,6.354154532253827,0.9987218850603072,0.001206510734333,7.160420535986842e-05,-4.177360419056563,0.9999989405829746,0.7886329284705587,5.01395009160042,3.086396098136902,7.61481499671936,0.6029992539930898,3.9647571423057153,33.07053923146486,39.87563915592158,6.156455361526271,28.17575642240532,75.66095041408457,54.90196078431372,498.0392156862745,39.2156862745098,12.7,0.9891713245145708,-1.9540827452482332,-1.4679777323545564,-0.7239008694233049,-0.0498697254152644,0.6341128647981535,1.6184183657823454,3.059867346352187,0.9987218850547968,0.0012065107382885,7.16042069145006e-05,-4.177360386536732,2.076608896255493,"{""128"": ""outputs/rheed_video_afm_story/variants/afm_second_order_y2_v1/phase7a_reconstruction_first/afm_texture_dataset/physical_maps/6081__N81_Edg_000__centered_128.npy"", ""256"": ""outputs/rheed_video_afm_story/variants/afm_second_order_y2_v1/phase7a_reconstruction_first/afm_texture_dataset/physical_maps/6081__N81_Edg_000__centered_256.npy""}","{""128"": ""outputs/rheed_video_afm_story/variants/afm_second_order_y2_v1/phase7a_reconstruction_first/afm_texture_dataset/unit_shape_maps/6081__N81_Edg_000__unit_128.npy"", ""256"": ""outputs/rheed_video_afm_story/variants/afm_second_order_y2_v1/phase7a_reconstruction_first/afm_texture_dataset/unit_shape_maps/6081__N81_Edg_000__unit_256.npy""}","{""256"": ""outputs/rheed_video_afm_story/variants/afm_second_order_y2_v1/phase7a_reconstruction_first/afm_texture_dataset/multiscale_pyramids/6081__N81_Edg_000__laplacian_256.npz""}"
6082,6082,N6082_1um_000,data/afm_second_order/6082/N6082_1um_000/N6082_1um_000_height.npy,data/pair/6082/AFM/N6082_1um.000,data/plane_corrected_afm/6082/N6082_1um_000/N6082_1um_000_plane_corrected.npy,1.0,1.0,256,256,nm,1.7564345598220823,1.379770133640291,8.536273002624512,8.536273002624512,5.773331642150879,0.0566943812577703,3.2878092758837973,91.35003086574498,111.71413500625192,0.9993550650158832,0.000488589533614,0.0001563454505029,-3.2332741014602555,39.2156862745098,35.29411764705882,43.13725490196078,1.2222222222222223,3bb286dcbc96a34627c69f99ddbfc3730b1e964fe4189e6a15a5650c9c2cd3bb,1.756434566045906,1.3797701334299073,8.536273193359374,5.773331463336945,12.792194366455078,0.0566943812577703,3.2878092758837973,91.35003086574498,111.71413500625192,14.008043372439603,77.21830160516427,217.48409379923805,39.2156862745098,35.29411764705882,43.13725490196078,1.2222222222222223,0.9956676431241784,-4.107863904422996,-2.9467006577913737,-1.1155484570925214,0.0004935529279433,1.1340514467294238,2.826630805545571,4.428409288936379,0.999355065012062,0.0004885895366704,0.0001563454512675,-3.233274105031801,0.9999991048981164,0.7855509822525492,4.859995985031128,3.286957800388336,7.283039808273315,0.056694398627801,3.2878092711815756,52.00874014917711,63.60273069878156,7.97526874828518,43.9630564283254,123.82123422069958,39.2156862745098,35.29411764705882,43.13725490196078,1.2222222222222223,0.9956676431597882,-2.3387491547992965,-1.6776588344505567,-0.6351203852823515,0.0002809772854393,0.6456548041173678,1.6092989659377794,2.521246830231832,0.9993550650158832,0.000488589533614,0.0001563454505029,-3.2332741014602555,1.7564345598220825,"{""128"": ""outputs/rheed_video_afm_story/variants/afm_second_order_y2_v1/phase7a_reconstruction_first/afm_texture_dataset/physical_maps/6082__N6082_1um_000__centered_128.npy"", ""256"": ""outputs/rheed_video_afm_story/variants/afm_second_order_y2_v1/phase7a_reconstruction_first/afm_texture_dataset/physical_maps/6082__N6082_1um_000__centered_256.npy""}","{""128"": ""outputs/rheed_video_afm_story/variants/afm_second_order_y2_v1/phase7a_reconstruction_first/afm_texture_dataset/unit_shape_maps/6082__N6082_1um_000__unit_128.npy"", ""256"": ""outputs/rheed_video_afm_story/variants/afm_second_order_y2_v1/phase7a_reconstruction_first/afm_texture_dataset/unit_shape_maps/6082__N6082_1um_000__unit_256.npy""}","{""256"": ""outputs/rheed_video_afm_story/variants/afm_second_order_y2_v1/phase7a_reconstruction_first/afm_texture_dataset/multiscale_pyramids/6082__N6082_1um_000__laplacian_256.npz""}"
6082,6082,N6082_1um_001,data/afm_second_order/6082/N6082_1um_001/N6082_1um_001_height.npy,data/pair/6082/AFM/N6082_1um.001,data/plane_corrected_afm/6082/N6082_1um_001/N6082_1um_001_plane_corrected.npy,1.0,1.0,256,256,nm,1.8638947010040283,1.461939511267574,8.932221412658691,8.932221412658691,6.018281936645508,0.077448220677865,3.4497920630159147,96.40740519329918,119.0742252420436,0.9996022865451536,0.000365453914278,3.2259540568201364e-05,-4.005085744399056,39.2156862745098,35.29411764705882,39.2156862745098,1.1111111111111112,01cc4f433aae320daf2435a08ee0eae1b30faba82100c00b71eeed2c039dbd18,1.863894743541168,1.4619395121870784,8.932221102714543,6.018281817436218,16.46195077896118,0.077448220677865,3.4497920630159147,96.40740519329918,119.0742252420436,16.334977057717143,78.21014040782131,238.97565703387272,39.2156862745098,35.29411764705882,39.2156862745098,1.1111111111111112,0.9974307605416188,-4.305829945616733,-3.0931137714910606,-1.2161175225305656,0.0342136837166447,1.1999208416414162,2.9251680459451577,4.626391157097811,0.9996022865401422,0.0003654539194766,3.225954038103037e-05,-4.005085755859366,0.999999035364952,0.7843458470145918,4.792229962348941,3.2288711965084076,8.832008838653564,0.0774483230263068,3.4497920765470296,51.72358142083509,63.88456715292224,8.763878438340251,41.96056059093637,128.21292740191834,39.2156862745098,35.29411764705882,39.2156862745098,1.1111111111111112,0.9974307208333764,-2.3101226553264587,-1.659487824136349,-0.652459780866238,0.0183559747469101,0.6437700882610355,1.5693833723720585,2.4821073070224817,0.9996022865451536,0.000365453914278,3.2259540568201364e-05,-4.005085744399056,1.8638947010040283,"{""128"": ""outputs/rheed_video_afm_story/variants/afm_second_order_y2_v1/phase7a_reconstruction_first/afm_texture_dataset/physical_maps/6082__N6082_1um_001__centered_128.npy"", ""256"": ""outputs/rheed_video_afm_story/variants/afm_second_order_y2_v1/phase7a_reconstruction_first/afm_texture_dataset/physical_maps/6082__N6082_1um_001__centered_256.npy""}","{""128"": ""outputs/rheed_video_afm_story/variants/afm_second_order_y2_v1/phase7a_reconstruction_first/afm_texture_dataset/unit_shape_maps/6082__N6082_1um_001__unit_128.npy"", ""256"": ""outputs/rheed_video_afm_story/variants/afm_second_order_y2_v1/phase7a_reconstruction_first/afm_texture_dataset/unit_shape_maps/6082__N6082_1um_001__unit_256.npy""}","{""256"": ""outputs/rheed_video_afm_story/variants/afm_second_order_y2_v1/phase7a_reconstruction_first/afm_texture_dataset/multiscale_pyramids/6082__N6082_1um_001__laplacian_256.npz""}"
6082,6082,N6082_1um_002,data/afm_second_order/6082/N6082_1um_002/N6082_1um_002_height.npy,data/pair/6082/AFM/N6082_1um.002,data/plane_corrected_afm/6082/N6082_1um_002/N6082_1um_002_plane_corrected.npy,1.0,1.0,256,256,nm,1.9985984563827517,1.560974819448815,10.157485008239746,10.157485008239746,6.46193790435791,0.0163033125532169,3.4740036645057546,106.4106825524436,131.04266661740536,0.999674882075302,0.0002987138935801,2.6404031118059565e-05,-4.069439635799612,35.29411764705882,35.29411764705882,39.2156862745098,1.1111111111111112,61a43c48218b1bed0880782e54475fc42806a4c7d85b205b0014cdfd0b9055ad,1.9985985001972684,1.560974819403976,10.157485055923464,6.461937725543976,15.530146598815918,0.0163033125532169,3.4740036645057546,106.4106825524436,131.04266661740536,18.594300929391657,86.7876354584582,264.6107064289176,35.29411764705882,35.29411764705882,39.2156862745098,1.1111111111111112,0.9927624902451044,-4.898966005082751,-3.307544150586749,-1.26698724293294,0.0106213910397642,1.3034031901401038,3.154393574957227,5.258519050840713,0.9996748820737632,0.0002987138944366,2.640403180017318e-05,-4.069439603589562,0.9999990691098456,0.7810339927835521,5.08229924440384,3.2332315742969513,7.7705113887786865,0.0163033003648869,3.4740036583174847,53.2426015399866,65.56721862660727,9.303658279126502,43.42420536385195,132.39800469202848,35.29411764705882,35.29411764705882,39.2156862745098,1.1111111111111112,0.9927624902659372,-2.451198345898402,-1.654930198668254,-0.633937263964427,0.0053144291874642,0.6521579976093645,1.5783013756286974,2.6311008985054376,0.999674882075302,0.0002987138935801,2.6404031118059565e-05,-4.069439635799612,1.9985984563827515,"{""128"": ""outputs/rheed_video_afm_story/variants/afm_second_order_y2_v1/phase7a_reconstruction_first/afm_texture_dataset/physical_maps/6082__N6082_1um_002__centered_128.npy"", ""256"": ""outputs/rheed_video_afm_story/variants/afm_second_order_y2_v1/phase7a_reconstruction_first/afm_texture_dataset/physical_maps/6082__N6082_1um_002__centered_256.npy""}","{""128"": ""outputs/rheed_video_afm_story/variants/afm_second_order_y2_v1/phase7a_reconstruction_first/afm_texture_dataset/unit_shape_maps/6082__N6082_1um_002__unit_128.npy"", ""256"": ""outputs/rheed_video_afm_story/variants/afm_second_order_y2_v1/phase7a_reconstruction_first/afm_texture_dataset/unit_shape_maps/6082__N6082_1um_002__unit_256.npy""}","{""256"": ""outputs/rheed_video_afm_story/variants/afm_second_order_y2_v1/phase7a_reconstruction_first/afm_texture_dataset/multiscale_pyramids/6082__N6082_1um_002__laplacian_256.npz""}"
6084,6084,N6084_1um_000,data/afm_second_order/6084/N6084_1um_000/N6084_1um_000_height.npy,data/pair/6084/AFM/N6084_1um.000,data/plane_corrected_afm/6084/N6084_1um_000/N6084_1um_000_plane_corrected.npy,1.0,1.0,256,256,nm,2.9926743507385254,1.7673242347687994,18.09997177124023,18.09997177124023,7.320613861083984,0.2783108492547407,16.47388997016348,122.74709122325498,192.0338479689971,0.9996374548657028,0.0003406108817956,2.1934252501524345e-05,-4.119686448234687,47.05882352941176,43.13725490196078,78.4313725490196,1.818181818181818,996470c188014b0ae5b018e1cab5d13d5f883eddac7f348e6c276692c7121b22,2.992674394739144,1.7673242314013675,18.099970316886935,7.320614457130432,41.58673858642578,0.2783108492547407,16.47388997016348,122.74709122325498,192.0338479689971,16.869859969406075,80.76454949470732,351.145860808565,47.05882352941176,43.13725490196078,78.4313725490196,1.818181818181818,0.9972474786483444,-6.178849043203903,-3.2918642419114836,-1.2726251142755278,-0.1377580384448298,0.9242121917471162,4.028750215218948,11.921121273683031,0.9996374548603474,0.0003406108886765,2.193425097615751e-05,-4.119686529609494,0.999998984664786,0.5905495223521111,6.048086178302777,2.446175456047058,13.896164417266846,0.2783110127209212,16.473889800159405,41.01581058865163,64.16790673392346,5.637049467591142,26.987390049380306,117.33501524537616,47.05882352941176,43.13725490196078,78.4313725490196,1.818181818181818,0.9972474786261516,-2.06465595042911,-1.0999729362746762,-0.4252463532110737,-0.046031710641651,0.3088245438912822,1.346202519772382,3.983430227873666,0.9996374548657028,0.0003406108817956,2.1934252501524345e-05,-4.119686448234687,2.9926743507385254,"{""128"": ""outputs/rheed_video_afm_story/variants/afm_second_order_y2_v1/phase7a_reconstruction_first/afm_texture_dataset/physical_maps/6084__N6084_1um_000__centered_128.npy"", ""256"": ""outputs/rheed_video_afm_story/variants/afm_second_order_y2_v1/phase7a_reconstruction_first/afm_texture_dataset/physical_maps/6084__N6084_1um_000__centered_256.npy""}","{""128"": ""outputs/rheed_video_afm_story/variants/afm_second_order_y2_v1/phase7a_reconstruction_first/afm_texture_dataset/unit_shape_maps/6084__N6084_1um_000__unit_128.npy"", ""256"": ""outputs/rheed_video_afm_story/variants/afm_second_order_y2_v1/phase7a_reconstruction_first/afm_texture_dataset/unit_shape_maps/6084__N6084_1um_000__unit_256.npy""}","{""256"": ""outputs/rheed_video_afm_story/variants/afm_second_order_y2_v1/phase7a_reconstruction_first/afm_texture_dataset/multiscale_pyramids/6084__N6084_1um_000__laplacian_256.npz""}"
6084,6084,N6084_1um_004,data/afm_second_order/6084/N6084_1um_004/N6084_1um_004_height.npy,data/pair/6084/AFM/N6084_1um.004,data/plane_corrected_afm/6084/N6084_1um_004/N6084_1um_004_plane_corrected.npy,1.0,1.0,256,256,nm,1.3994288444519043,1.1018363407578071,6.653648376464844,6.653648376464844,4.576411247253418,-0.4534915912250502,3.514576479632268,101.25834363823957,133.9165375459412,0.9980127351578214,0.0015909884979684,0.0003962763442102,-3.143582585059171,23.52941176470588,23.52941176470588,27.45098039215686,1.1666666666666667,85b4af33df87372725d437f66bf6990b1f287703801de5912ceaab678769e604,1.399428899294581,1.1018363428118434,6.653648221492769,4.576411068439484,12.706729412078856,-0.4534915912250502,3.514576479632268,101.25834363823957,133.9165375459412,11.369370031996077,74.43924936033517,280.53248053453666,23.52941176470588,23.52941176470588,27.45098039215686,1.1666666666666667,0.9920704876570758,-3.782164075245904,-2.4778091691637507,-0.8447923891449443,0.089211723933173,0.9760024614429006,2.098601899275733,2.8714841462468645,0.9980127351626874,0.0015909885007744,0.0003962763365381,-3.1435825948488847,0.9999990001646404,0.787346353445608,4.754540777206422,3.270195871591568,9.079930305480955,-0.4534915394578034,3.514576533429543,72.35683242906265,95.6936098977115,8.12428437926566,53.192542082585675,200.4619042715532,23.52941176470588,23.52941176470588,27.45098039215686,1.1666666666666667,0.9920704875440594,-2.702645552788963,-1.7705841666805642,-0.6036687797653573,0.0637486011934382,0.6974284046542747,1.4996117049110038,2.0518952244174593,0.9980127351578214,0.0015909884979684,0.0003962763442102,-3.143582585059171,1.3994288444519043,"{""128"": ""outputs/rheed_video_afm_story/variants/afm_second_order_y2_v1/phase7a_reconstruction_first/afm_texture_dataset/physical_maps/6084__N6084_1um_004__centered_128.npy"", ""256"": ""outputs/rheed_video_afm_story/variants/afm_second_order_y2_v1/phase7a_reconstruction_first/afm_texture_dataset/physical_maps/6084__N6084_1um_004__centered_256.npy""}","{""128"": ""outputs/rheed_video_afm_story/variants/afm_second_order_y2_v1/phase7a_reconstruction_first/afm_texture_dataset/unit_shape_maps/6084__N6084_1um_004__unit_128.npy"", ""256"": ""outputs/rheed_video_afm_story/variants/afm_second_order_y2_v1/phase7a_reconstruction_first/afm_texture_dataset/unit_shape_maps/6084__N6084_1um_004__unit_256.npy""}","{""256"": ""outputs/rheed_video_afm_story/variants/afm_second_order_y2_v1/phase7a_reconstruction_first/afm_texture_dataset/multiscale_pyramids/6084__N6084_1um_004__laplacian_256.npz""}"
6084,6084,N6084_1um_005,data/afm_second_order/6084/N6084_1um_005/N6084_1um_005_height.npy,data/pair/6084/AFM/N6084_1um.005,data/plane_corrected_afm/6084/N6084_1um_005/N6084_1um_005_plane_corrected.npy,1.0,1.0,256,256,nm,1.6137787103652954,1.2744092542226542,7.695356845855713,7.695356845855713,5.333653450012207,-0.2589135203040567,3.3924513236807647,95.94991384615976,131.27486014721137,0.9987270945736084,0.001199987021897,7.291840449459466e-05,-3.7931413476283153,31.37254901960784,31.37254901960784,31.37254901960784,1.0,2e36742045344c067ec127476b1cb75c9d114234d27805252a4af5a21ea7c559,1.6137787369599983,1.2744092519711143,7.695356345176698,5.333653569221497,15.393346786499023,-0.2589135203040567,3.3924513236807647,95.94991384615976,131.27486014721137,14.23225082393828,65.71659547199431,278.2614877527993,31.37254901960784,31.37254901960784,31.37254901960784,1.0,0.99878005013822,-4.15193140792383,-2.755825784678591,-1.004296657319201,0.0373287017764321,1.1037744016693702,2.5778277845429054,3.5434249372528677,0.998727094598151,0.0011999870002569,7.291840159219226e-05,-3.7931413893300214,0.9999990731961588,0.7897043377308941,4.768528187274933,3.305068075656891,9.538687705993652,-0.2589135298239495,3.3924513858069703,59.456617431765835,81.34618205892767,8.819205195302366,40.72214515217219,172.42836727264336,31.37254901960784,31.37254901960784,31.37254901960784,1.0,0.998780050136739,-2.572798608748256,-1.7076834430378067,-0.622325478998958,0.0231312048230182,0.6839682618696105,1.597384632619084,2.1957295785266777,0.9987270945736084,0.001199987021897,7.291840449459466e-05,-3.7931413476283153,1.6137787103652954,"{""128"": ""outputs/rheed_video_afm_story/variants/afm_second_order_y2_v1/phase7a_reconstruction_first/afm_texture_dataset/physical_maps/6084__N6084_1um_005__centered_128.npy"", ""256"": ""outputs/rheed_video_afm_story/variants/afm_second_order_y2_v1/phase7a_reconstruction_first/afm_texture_dataset/physical_maps/6084__N6084_1um_005__centered_256.npy""}","{""128"": ""outputs/rheed_video_afm_story/variants/afm_second_order_y2_v1/phase7a_reconstruction_first/afm_texture_dataset/unit_shape_maps/6084__N6084_1um_005__unit_128.npy"", ""256"": ""outputs/rheed_video_afm_story/variants/afm_second_order_y2_v1/phase7a_reconstruction_first/afm_texture_dataset/unit_shape_maps/6084__N6084_1um_005__unit_256.npy""}","{""256"": ""outputs/rheed_video_afm_story/variants/afm_second_order_y2_v1/phase7a_reconstruction_first/afm_texture_dataset/multiscale_pyramids/6084__N6084_1um_005__laplacian_256.npz""}"
6084,6084,N6084_1um_006,data/afm_second_order/6084/N6084_1um_006/N6084_1um_006_height.npy,data/pair/6084/AFM/N6084_1um.006,data/plane_corrected_afm/6084/N6084_1um_006/N6084_1um_006_plane_corrected.npy,1.0,1.0,256,256,nm,1.487492561340332,1.172001586585568,6.996575355529785,6.996575355529785,4.938555717468262,0.2684464928251608,3.2100462547761945,83.39358881342713,101.6813649392592,0.9995687188105558,0.0003891491797578,4.2132009686238495e-05,-3.876405719029031,35.29411764705882,39.2156862745098,31.37254901960784,1.25,900ce2dfd105271a515d7bcacc611178fdc7c7e694574fbef11a5a8671b23f15,1.4874925475599463,1.1720015838567386,6.996575260162354,4.938555896282196,12.72184944152832,0.2684464928251608,3.2100462547761945,83.39358881342713,101.6813649392592,15.514091871405872,70.13844531769402,200.8326400856446,35.29411764705882,39.2156862745098,31.37254901960784,1.25,0.9910527888903822,-3.232512650025026,-2.3043735237242142,-1.008457622063295,-0.0906451181889931,0.9242763756393036,2.634182372557982,3.764062610137328,0.9995687188010456,0.0003891491882801,4.2132010674158154e-05,-3.876405718769023,0.9999989969443996,0.7879033807942035,4.703598856925964,3.320050895214081,8.55253791809082,0.2684465593597585,3.2100462762702504,56.063141094553934,68.3574933835169,10.429685128303737,47.15207859083728,135.01408002588562,35.29411764705882,39.2156862745098,31.37254901960784,1.25,0.9910527889237416,-2.1731264389419196,-1.5491647756957647,-0.677957434143984,-0.0609381459021207,0.6213647686577204,1.770886119518316,2.530472417984045,0.9995687188105558,0.0003891491797578,4.2132009686238495e-05,-3.876405719029031,1.487492561340332,"{""128"": ""outputs/rheed_video_afm_story/variants/afm_second_order_y2_v1/phase7a_reconstruction_first/afm_texture_dataset/physical_maps/6084__N6084_1um_006__centered_128.npy"", ""256"": ""outputs/rheed_video_afm_story/variants/afm_second_order_y2_v1/phase7a_reconstruction_first/afm_texture_dataset/physical_maps/6084__N6084_1um_006__centered_256.npy""}","{""128"": ""outputs/rheed_video_afm_story/variants/afm_second_order_y2_v1/phase7a_reconstruction_first/afm_texture_dataset/unit_shape_maps/6084__N6084_1um_006__unit_128.npy"", ""256"": ""outputs/rheed_video_afm_story/variants/afm_second_order_y2_v1/phase7a_reconstruction_first/afm_texture_dataset/unit_shape_maps/6084__N6084_1um_006__unit_256.npy""}","{""256"": ""outputs/rheed_video_afm_story/variants/afm_second_order_y2_v1/phase7a_reconstruction_first/afm_texture_dataset/multiscale_pyramids/6084__N6084_1um_006__laplacian_256.npz""}"
6084,6084,N6084_500_nm_001,data/afm_second_order/6084/N6084_500_nm_001/N6084_500_nm_001_height.npy,data/pair/6084/AFM/N6084_500 nm.001,data/plane_corrected_afm/6084/N6084_500_nm_001/N6084_500_nm_001_plane_corrected.npy,0.5,0.5,256,256,nm,2.643080234527588,1.6704062324114028,17.045124053955078,17.045124053955078,6.603646278381348,-0.4568602343084423,18.18263903555974,141.5988112804093,237.67273162448123,0.9995640920514332,0.0004065815919937,2.93263565731629e-05,-3.994972513989242,27.45098039215686,37.25490196078431,23.52941176470588,1.5833333333333333,9c46f0397830518fffbe2fe2c275c012d58b8aaed5444c1e1cd67f8963ae908c,2.643080088048449,1.6704062258366985,17.04512450695038,6.603646218776703,39.2044563293457,-0.4568602343084423,18.18263903555974,141.5988112804093,237.67273162448123,17.812419395918223,89.27118752239505,408.4264612119803,27.45098039215686,37.25490196078431,23.52941176470588,1.5833333333333333,0.996665610065548,-6.660686958603256,-3.3768637903255163,-1.1809538133662876,0.050047161408073,1.1444096438366238,3.2267824284511866,10.384437548347124,0.9995640920557128,0.0004065815865542,2.9326357732993503e-05,-3.994972485306738,0.9999989987061456,0.6319916488285406,6.448956167697906,2.4984636902809143,14.832852840423584,-0.4568602807632729,18.182639876316657,53.57335554279677,89.9225481040985,6.7392592934144675,33.77541149341748,154.5265492069464,27.45098039215686,37.25490196078431,23.52941176470588,1.5833333333333333,0.9966656101107904,-2.520044970994156,-1.2776232068587956,-0.4468092401673015,0.0189351462598029,0.4329828913162533,1.2208404834221187,3.9289111967037504,0.9995640920514332,0.0004065815919937,2.93263565731629e-05,-3.994972513989242,2.643080234527588,"{""128"": ""outputs/rheed_video_afm_story/variants/afm_second_order_y2_v1/phase7a_reconstruction_first/afm_texture_dataset/physical_maps/6084__N6084_500_nm_001__centered_128.npy"", ""256"": ""outputs/rheed_video_afm_story/variants/afm_second_order_y2_v1/phase7a_reconstruction_first/afm_texture_dataset/physical_maps/6084__N6084_500_nm_001__centered_256.npy""}","{""128"": ""outputs/rheed_video_afm_story/variants/afm_second_order_y2_v1/phase7a_reconstruction_first/afm_texture_dataset/unit_shape_maps/6084__N6084_500_nm_001__unit_128.npy"", ""256"": ""outputs/rheed_video_afm_story/variants/afm_second_order_y2_v1/phase7a_reconstruction_first/afm_texture_dataset/unit_shape_maps/6084__N6084_500_nm_001__unit_256.npy""}","{""256"": ""outputs/rheed_video_afm_story/variants/afm_second_order_y2_v1/phase7a_reconstruction_first/afm_texture_dataset/multiscale_pyramids/6084__N6084_500_nm_001__laplacian_256.npz""}"
6084,6084,N6084_500_nm_002,data/afm_second_order/6084/N6084_500_nm_002/N6084_500_nm_002_height.npy,data/pair/6084/AFM/N6084_500 nm.002,data/plane_corrected_afm/6084/N6084_500_nm_002/N6084_500_nm_002_plane_corrected.npy,0.0,0.0,256,256,nm,1.348140001296997,1.035564332197621,6.571244239807129,6.571244239807129,4.464731693267822,-0.6585904649529621,4.028402173811708,inf,inf,0.9997279047895627,0.0002392372567785,3.2857953658517146e-05,-3.7870220124103096,0.0,0.0,0.0,0.0,e80bdcc638986de2a2c45245710bd39e8e6b1a0f77560aefd6e9c7ed783246ef,1.3481399550344,1.0355643270545616,6.5712441444396985,4.4647314846515656,12.124829053878784,-0.6585904649529621,4.028402173811708,inf,inf,,,,0.0,0.0,0.0,0.0,,-3.906975779807132,-2.5055925109739716,-0.733732939636272,0.1390557578448834,0.8993428638820233,1.9591389736775937,2.6642683646325667,0.9997279047939538,0.0002392372522028,3.285795384359813e-05,-3.787022001776797,0.999999029346833,0.7681422954554076,4.8742992579937,3.311768352985382,8.99373745918274,-0.6585905142335029,4.028402217007082,inf,inf,,,,0.0,0.0,0.0,0.0,,-2.898046219633882,-1.858553439663713,-0.5442552271354841,0.1031462845336747,0.6670983579885317,1.4532149133216692,1.9762530383598176,0.9997279047895627,0.0002392372567785,3.2857953658517146e-05,-3.7870220124103096,1.348140001296997,"{""128"": ""outputs/rheed_video_afm_story/variants/afm_second_order_y2_v1/phase7a_reconstruction_first/afm_texture_dataset/physical_maps/6084__N6084_500_nm_002__centered_128.npy"", ""256"": ""outputs/rheed_video_afm_story/variants/afm_second_order_y2_v1/phase7a_reconstruction_first/afm_texture_dataset/physical_maps/6084__N6084_500_nm_002__centered_256.npy""}","{""128"": ""outputs/rheed_video_afm_story/variants/afm_second_order_y2_v1/phase7a_reconstruction_first/afm_texture_dataset/unit_shape_maps/6084__N6084_500_nm_002__unit_128.npy"", ""256"": ""outputs/rheed_video_afm_story/variants/afm_second_order_y2_v1/phase7a_reconstruction_first/afm_texture_dataset/unit_shape_maps/6084__N6084_500_nm_002__unit_256.npy""}","{""256"": ""outputs/rheed_video_afm_story/variants/afm_second_order_y2_v1/phase7a_reconstruction_first/afm_texture_dataset/multiscale_pyramids/6084__N6084_500_nm_002__laplacian_256.npz""}"
6084,6084,N6084_500_nm_003,data/afm_second_order/6084/N6084_500_nm_003/N6084_500_nm_003_height.npy,data/pair/6084/AFM/N6084_500 nm.003,data/plane_corrected_afm/6084/N6084_500_nm_003/N6084_500_nm_003_plane_corrected.npy,0.5,0.5,256,256,nm,1.684289813041687,1.3001435065614773,8.294519424438477,8.294519424438477,5.526456832885742,-0.4976333517486921,3.859659958840486,110.00120094307432,151.07929067340297,0.9996149012233454,0.0003526529303561,3.244584629843873e-05,-3.747958740104425,27.45098039215686,31.37254901960784,25.49019607843137,1.2307692307692308,6632a6195bd63acd2d9e554e21265b9fc357ac2505fc427beb6cc0168a8690e8,1.6842898534416872,1.3001435112856576,8.294519340991977,5.526456892490387,13.71924638748169,-0.4976333517486921,3.859659958840486,110.00120094307432,151.07929067340297,17.632714171715282,78.1687837444878,313.0256631792098,27.45098039215686,31.37254901960784,25.49019607843137,1.2307692307692308,0.9963430029733544,-4.7987943607637344,-2.934840412742799,-0.9556984472343382,0.0730567835947815,1.1176681798627917,2.591616479747588,3.495724980228242,0.9996149012322147,0.0003526529206961,3.2445847088785034e-05,-3.747958719868695,0.9999989758094562,0.7719230636424754,4.924633657932283,3.281175911426544,8.145410776138306,-0.4976333257017237,3.85965981487342,65.3100701466738,89.69901165543082,10.468921099607366,46.410480633155714,185.85004878399255,27.45098039215686,31.37254901960784,25.49019607843137,1.2307692307692308,0.9963430030089264,-2.849146832700582,-1.7424776868780574,-0.5674186216553172,0.0433753861228505,0.663583545211939,1.5386982245484868,2.075486825231701,0.9996149012233454,0.0003526529303561,3.244584629843873e-05,-3.747958740104425,1.684289813041687,"{""128"": ""outputs/rheed_video_afm_story/variants/afm_second_order_y2_v1/phase7a_reconstruction_first/afm_texture_dataset/physical_maps/6084__N6084_500_nm_003__centered_128.npy"", ""256"": ""outputs/rheed_video_afm_story/variants/afm_second_order_y2_v1/phase7a_reconstruction_first/afm_texture_dataset/physical_maps/6084__N6084_500_nm_003__centered_256.npy""}","{""128"": ""outputs/rheed_video_afm_story/variants/afm_second_order_y2_v1/phase7a_reconstruction_first/afm_texture_dataset/unit_shape_maps/6084__N6084_500_nm_003__unit_128.npy"", ""256"": ""outputs/rheed_video_afm_story/variants/afm_second_order_y2_v1/phase7a_reconstruction_first/afm_texture_dataset/unit_shape_maps/6084__N6084_500_nm_003__unit_256.npy""}","{""256"": ""outputs/rheed_video_afm_story/variants/afm_second_order_y2_v1/phase7a_reconstruction_first/afm_texture_dataset/multiscale_pyramids/6084__N6084_500_nm_003__laplacian_256.npz""}"
6085,6085,N6085_1um_000,data/afm_second_order/6085/N6085_1um_000/N6085_1um_000_height.npy,data/pair/6085/AFM/N6085_1um.000,data/plane_corrected_afm/6085/N6085_1um_000/N6085_1um_000_plane_corrected.npy,1.0,1.0,256,256,nm,2.768815517425537,2.202291539893334,13.171817779541016,13.171817779541016,9.28413200378418,0.0024074241330477,3.016809022720791,113.96639076220724,143.53302399316297,0.999647609525605,0.0003293259533611,2.306452103382294e-05,-4.119615419224771,47.05882352941176,50.98039215686274,47.05882352941176,1.0833333333333333,3aa2135a65f1c28e0d1bbcfdea69e00ceec877e34c793bcd613caed2fb6505c2,2.768815552568764,2.202291540390062,13.171817898750303,9.284131646156313,18.904562950134277,0.0024074241330477,3.016809022720791,113.96639076220724,143.53302399316297,15.65457002615286,91.101793290911,285.06620700743014,47.05882352941176,50.98039215686274,47.05882352941176,1.0833333333333333,0.992531113916729,-6.428217353569732,-4.656346811997161,-1.8453182718627312,0.0365483471281669,1.855111286891236,4.62778483415915,6.743600545180573,0.9996476095206172,0.0003293259587745,2.3064520608313212e-05,-4.119615389038253,0.9999989529247038,0.7953903731605604,4.757198095321655,3.3531024158000946,6.827664375305176,0.0024073274677669,3.0168090055166905,41.16065877012979,51.83908881272261,5.65388202810073,32.90276916165853,102.95590622854064,47.05882352941176,50.98039215686274,47.05882352941176,1.0833333333333333,0.9925311138118492,-2.3216464312821916,-1.681709072187572,-0.6664641561061435,0.0131999881863302,0.6700010834186978,1.6713933436125226,2.4355516640394637,0.999647609525605,0.0003293259533611,2.306452103382294e-05,-4.119615419224771,2.768815517425537,"{""128"": ""outputs/rheed_video_afm_story/variants/afm_second_order_y2_v1/phase7a_reconstruction_first/afm_texture_dataset/physical_maps/6085__N6085_1um_000__centered_128.npy"", ""256"": ""outputs/rheed_video_afm_story/variants/afm_second_order_y2_v1/phase7a_reconstruction_first/afm_texture_dataset/physical_maps/6085__N6085_1um_000__centered_256.npy""}","{""128"": ""outputs/rheed_video_afm_story/variants/afm_second_order_y2_v1/phase7a_reconstruction_first/afm_texture_dataset/unit_shape_maps/6085__N6085_1um_000__unit_128.npy"", ""256"": ""outputs/rheed_video_afm_story/variants/afm_second_order_y2_v1/phase7a_reconstruction_first/afm_texture_dataset/unit_shape_maps/6085__N6085_1um_000__unit_256.npy""}","{""256"": ""outputs/rheed_video_afm_story/variants/afm_second_order_y2_v1/phase7a_reconstruction_first/afm_texture_dataset/multiscale_pyramids/6085__N6085_1um_000__laplacian_256.npz""}"
6085,6085,N6085_1um_001,data/afm_second_order/6085/N6085_1um_001/N6085_1um_001_height.npy,data/pair/6085/AFM/N6085_1um.001,data/plane_corrected_afm/6085/N6085_1um_001/N6085_1um_001_plane_corrected.npy,1.0,1.0,256,256,nm,2.1200366020202637,1.670316932339249,10.380041122436523,10.380041122436523,6.907102584838867,-0.1032467150798882,3.3231158429952727,108.05980876042074,131.89049204391316,0.9995309952135832,0.000435329297718,3.367548869883055e-05,-4.026385274493721,39.2156862745098,39.2156862745098,39.2156862745098,1.0,9fd3b0fde45575099d61eb7ce386aae670e8b2ef2f38d873a0eb079ff7ae36dd,2.12003672561768,1.6703169335084578,10.380041623115542,6.907102465629578,16.92308521270752,-0.1032467150798882,3.3231158429952727,108.05980876042074,131.89049204391316,19.030161135050832,91.6482346384564,254.82023912934432,39.2156862745098,39.2156862745098,39.2156862745098,1.0,0.995424527348537,-5.156360289498508,-3.5376407355510597,-1.377152785702885,0.1067432090199586,1.367790028408825,3.369461730078518,5.223681333617033,0.9995309952071432,0.0004353293043966,3.367548846047545e-05,-4.026385288986033,0.9999990131971668,0.7878709196162867,4.896156454086304,3.258007526397705,7.982441186904907,-0.1032466795367395,3.3231158379442856,50.97067457365968,62.2113568990478,8.976324917519594,43.229533606281834,120.19602152200471,39.2156862745098,39.2156862745098,39.2156862745098,1.0,0.9954244920710016,-2.432200905616173,-1.6686679213594289,-0.6495884894679874,0.0503496271271616,0.6451721847702175,1.5893396050382764,2.463955548470131,0.9995309952135832,0.000435329297718,3.367548869883055e-05,-4.026385274493721,2.1200366020202637,"{""128"": ""outputs/rheed_video_afm_story/variants/afm_second_order_y2_v1/phase7a_reconstruction_first/afm_texture_dataset/physical_maps/6085__N6085_1um_001__centered_128.npy"", ""256"": ""outputs/rheed_video_afm_story/variants/afm_second_order_y2_v1/phase7a_reconstruction_first/afm_texture_dataset/physical_maps/6085__N6085_1um_001__centered_256.npy""}","{""128"": ""outputs/rheed_video_afm_story/variants/afm_second_order_y2_v1/phase7a_reconstruction_first/afm_texture_dataset/unit_shape_maps/6085__N6085_1um_001__unit_128.npy"", ""256"": ""outputs/rheed_video_afm_story/variants/afm_second_order_y2_v1/phase7a_reconstruction_first/afm_texture_dataset/unit_shape_maps/6085__N6085_1um_001__unit_256.npy""}","{""256"": ""outputs/rheed_video_afm_story/variants/afm_second_order_y2_v1/phase7a_reconstruction_first/afm_texture_dataset/multiscale_pyramids/6085__N6085_1um_001__laplacian_256.npz""}"
6085,6085,N6085_1um_002,data/afm_second_order/6085/N6085_1um_002/N6085_1um_002_height.npy,data/pair/6085/AFM/N6085_1um.002,data/plane_corrected_afm/6085/N6085_1um_002/N6085_1um_002_plane_corrected.npy,1.0,1.0,256,256,nm,2.7152621746063232,2.1554309834779617,12.667850494384766,12.667850494384766,9.00551986694336,0.1718843414506229,3.0121560440509696,122.17788325462952,149.02289658708335,0.9996722005228892,0.0003059108096345,2.1888667476323085e-05,-4.128476140134107,43.13725490196078,43.13725490196078,43.13725490196078,1.0,bea499e9d5e1ba50b789e866df5f9f211238d79ed6feaa037d173fc54306dc14,2.7152622390414702,2.1554309867236072,12.667851161956786,9.005519986152649,20.30856990814209,0.1718843414506229,3.0121560440509696,122.17788325462952,149.02289658708335,16.487242816856437,108.63431823675782,292.4681304961871,43.13725490196078,43.13725490196078,43.13725490196078,1.0,0.9963224207971968,-6.040089871253418,-4.305880596007752,-1.8928805488008733,-0.0643826118517393,1.7257137996297602,4.699639390144897,6.627761290703369,0.9996722005255712,0.000305910807134,2.1888667294666864e-05,-4.128476121520519,0.999999076253538,0.7938198251478896,4.66542021036148,3.3166268467903137,7.479406833648682,0.1718842838658726,3.012156056269527,44.99667452919939,54.883376772427376,6.0720658574020865,40.00873587821853,107.71255882685308,43.13725490196078,43.13725490196078,43.13725490196078,1.0,0.9963224207192458,-2.2244938437425725,-1.5858051125490302,-0.6971255932533379,-0.0237113573187227,0.6355601157462959,1.7308217342412835,2.4409263666189083,0.9996722005228892,0.0003059108096345,2.1888667476323085e-05,-4.128476140134107,2.7152621746063232,"{""128"": ""outputs/rheed_video_afm_story/variants/afm_second_order_y2_v1/phase7a_reconstruction_first/afm_texture_dataset/physical_maps/6085__N6085_1um_002__centered_128.npy"", ""256"": ""outputs/rheed_video_afm_story/variants/afm_second_order_y2_v1/phase7a_reconstruction_first/afm_texture_dataset/physical_maps/6085__N6085_1um_002__centered_256.npy""}","{""128"": ""outputs/rheed_video_afm_story/variants/afm_second_order_y2_v1/phase7a_reconstruction_first/afm_texture_dataset/unit_shape_maps/6085__N6085_1um_002__unit_128.npy"", ""256"": ""outputs/rheed_video_afm_story/variants/afm_second_order_y2_v1/phase7a_reconstruction_first/afm_texture_dataset/unit_shape_maps/6085__N6085_1um_002__unit_256.npy""}","{""256"": ""outputs/rheed_video_afm_story/variants/afm_second_order_y2_v1/phase7a_reconstruction_first/afm_texture_dataset/multiscale_pyramids/6085__N6085_1um_002__laplacian_256.npz""}"
6085,6085,N6085_1um_003,data/afm_second_order/6085/N6085_1um_003/N6085_1um_003_height.npy,data/pair/6085/AFM/N6085_1um.003,data/plane_corrected_afm/6085/N6085_1um_003/N6085_1um_003_plane_corrected.npy,1.0,1.0,256,256,nm,2.901766300201416,2.3151551053105432,13.45024299621582,13.45024299621582,9.575157165527344,0.2077266695972704,2.90833103552315,129.93394922442548,158.69130697087195,0.9997092097973947,0.0002716042000658,1.918600253932549e-05,-4.158849540615976,43.13725490196078,47.05882352941176,39.2156862745098,1.2,b0e8457cf5ae560cc751689f9bac7c68a11b58a8234dc79ba13c8f72ca1dd435,2.901766190671899,2.3151551006621514,13.450242471694946,9.575157403945925,19.589436531066895,0.2077266695972704,2.90833103552315,129.93394922442548,158.69130697087195,16.811608196275326,116.24950743592406,307.0183290319143,43.13725490196078,47.05882352941176,39.2156862745098,1.2,0.9921851059943908,-6.242355208104584,-4.513773851102326,-2.037084870046113,-0.122395195072625,1.8498110547604816,5.061383552843597,7.207887263590362,0.999709209793868,0.0002716042038453,1.918600228656313e-05,-4.158849549274129,0.9999990407421304,0.7978426677432396,4.635187339782715,3.2997654378414154,6.7508604526519775,0.207726736253978,2.9083310495136976,44.777495803692815,54.687780665903176,5.793571729782973,40.06160230790566,105.8038591834923,43.13725490196078,47.05882352941176,39.2156862745098,1.2,0.9921851060350396,-2.1512241320559053,-1.5555247621485264,-0.7020148293921025,-0.0421795057007343,0.6374770296863048,1.744240675692889,2.4839632077268097,0.9997092097973947,0.0002716042000658,1.918600253932549e-05,-4.158849540615976,2.901766300201416,"{""128"": ""outputs/rheed_video_afm_story/variants/afm_second_order_y2_v1/phase7a_reconstruction_first/afm_texture_dataset/physical_maps/6085__N6085_1um_003__centered_128.npy"", ""256"": ""outputs/rheed_video_afm_story/variants/afm_second_order_y2_v1/phase7a_reconstruction_first/afm_texture_dataset/physical_maps/6085__N6085_1um_003__centered_256.npy""}","{""128"": ""outputs/rheed_video_afm_story/variants/afm_second_order_y2_v1/phase7a_reconstruction_first/afm_texture_dataset/unit_shape_maps/6085__N6085_1um_003__unit_128.npy"", ""256"": ""outputs/rheed_video_afm_story/variants/afm_second_order_y2_v1/phase7a_reconstruction_first/afm_texture_dataset/unit_shape_maps/6085__N6085_1um_003__unit_256.npy""}","{""256"": ""outputs/rheed_video_afm_story/variants/afm_second_order_y2_v1/phase7a_reconstruction_first/afm_texture_dataset/multiscale_pyramids/6085__N6085_1um_003__laplacian_256.npz""}"
6090,6090,N6090_1um_000,data/afm_second_order/6090/N6090_1um_000/N6090_1um_000_height.npy,data/pair/6090/AFM/N6090_1um.000,data/plane_corrected_afm/6090/N6090_1um_000/N6090_1um_000_plane_corrected.npy,1.0,1.0,256,256,nm,2.4789509773254395,1.926744008040397,12.509124755859377,12.509124755859377,8.146154403686523,0.115331707753975,3.5150631245549806,111.07200591157417,136.25267632304644,0.999739142451498,0.0002443765045052,1.648104399679326e-05,-4.373756447308487,39.2156862745098,35.29411764705882,47.05882352941176,1.3333333333333337,ff022a26342f4eed3de7bb8c3df7ef443f6da630cd9ec678e03cbf23c691bc19,2.4789508370951276,1.9267440111700287,12.509124541282656,8.146154642105103,18.218530654907227,0.115331707753975,3.5150631245549806,111.07200591157417,136.25267632304644,19.487556345583172,92.86220568600751,261.10378757007584,39.2156862745098,35.29411764705882,47.05882352941176,1.3333333333333337,0.9919125198651976,-5.737371879794339,-4.094615536906461,-1.5871026396534245,0.0307806849696834,1.550322425387164,4.051539105198642,6.771752661488316,0.999739142453632,0.0002443765025601,1.6481043807791284e-05,-4.373756447391072,0.9999989620971258,0.7772409128868796,5.046131145954133,3.2861266136169434,7.34928297996521,0.1153317481535797,3.5150631115189066,44.80600774750884,54.96379042248407,7.861188784861522,37.460250079710946,105.32823254102152,39.2156862745098,35.29411764705882,47.05882352941176,1.3333333333333337,0.9919125200734744,-2.314432972957107,-1.6517517331137386,-0.64023095994136,0.0124167923734459,0.6253939357505116,1.6343748805032048,2.7316981729970258,0.999739142451498,0.0002443765045052,1.648104399679326e-05,-4.373756447308487,2.4789509773254395,"{""128"": ""outputs/rheed_video_afm_story/variants/afm_second_order_y2_v1/phase7a_reconstruction_first/afm_texture_dataset/physical_maps/6090__N6090_1um_000__centered_128.npy"", ""256"": ""outputs/rheed_video_afm_story/variants/afm_second_order_y2_v1/phase7a_reconstruction_first/afm_texture_dataset/physical_maps/6090__N6090_1um_000__centered_256.npy""}","{""128"": ""outputs/rheed_video_afm_story/variants/afm_second_order_y2_v1/phase7a_reconstruction_first/afm_texture_dataset/unit_shape_maps/6090__N6090_1um_000__unit_128.npy"", ""256"": ""outputs/rheed_video_afm_story/variants/afm_second_order_y2_v1/phase7a_reconstruction_first/afm_texture_dataset/unit_shape_maps/6090__N6090_1um_000__unit_256.npy""}","{""256"": ""outputs/rheed_video_afm_story/variants/afm_second_order_y2_v1/phase7a_reconstruction_first/afm_texture_dataset/multiscale_pyramids/6090__N6090_1um_000__laplacian_256.npz""}"
6090,6090,N6090_1um_001,data/afm_second_order/6090/N6090_1um_001/N6090_1um_001_height.npy,data/pair/6090/AFM/N6090_1um.001,data/plane_corrected_afm/6090/N6090_1um_001/N6090_1um_001_plane_corrected.npy,1.0,1.0,256,256,nm,2.861668348312378,2.273127162005905,13.240654945373535,13.240654945373535,9.277308464050291,0.3552393702568073,3.24035077973248,122.63533405286952,149.79170727543402,0.9996555558195048,0.0003175951481845,2.6849032310408103e-05,-3.9647793064443793,47.05882352941176,47.05882352941176,47.05882352941176,1.0,1c29f9bcea741b82d836790dfac56ceb9eaadfad8736e5902a7397c9b10fa04a,2.861668249591701,2.2731271619604017,13.240655303001413,9.277308702468872,20.532670974731445,0.3552393702568073,3.24035077973248,122.63533405286952,149.79170727543402,21.560364379002007,103.74153703395116,286.49903860148527,47.05882352941176,47.05882352941176,47.05882352941176,1.0,0.9978361450882042,-6.042954489881624,-4.392045042211641,-1.938213965589631,-0.2895706507512219,1.82590139776982,4.885263660257231,7.197700813119788,0.99965555582005,0.0003175951478178,2.684903213203361e-05,-3.9647793175435537,0.9999990391020628,0.7943356023641044,4.6268964648246795,3.2419199347496033,7.175063371658325,0.3552393520021255,3.2403508739432776,42.854449252790914,52.344140232768616,7.53418468607824,36.25208392445933,100.11600053008628,47.05882352941176,47.05882352941176,47.05882352941176,1.0,0.9978361450951808,-2.111687386730945,-1.5347833223140597,-0.6773014254367706,-0.1011893338954803,0.6380542926990631,1.7071366124355438,2.5152090780937346,0.9996555558195048,0.0003175951481845,2.6849032310408103e-05,-3.9647793064443793,2.861668348312378,"{""128"": ""outputs/rheed_video_afm_story/variants/afm_second_order_y2_v1/phase7a_reconstruction_first/afm_texture_dataset/physical_maps/6090__N6090_1um_001__centered_128.npy"", ""256"": ""outputs/rheed_video_afm_story/variants/afm_second_order_y2_v1/phase7a_reconstruction_first/afm_texture_dataset/physical_maps/6090__N6090_1um_001__centered_256.npy""}","{""128"": ""outputs/rheed_video_afm_story/variants/afm_second_order_y2_v1/phase7a_reconstruction_first/afm_texture_dataset/unit_shape_maps/6090__N6090_1um_001__unit_128.npy"", ""256"": ""outputs/rheed_video_afm_story/variants/afm_second_order_y2_v1/phase7a_reconstruction_first/afm_texture_dataset/unit_shape_maps/6090__N6090_1um_001__unit_256.npy""}","{""256"": ""outputs/rheed_video_afm_story/variants/afm_second_order_y2_v1/phase7a_reconstruction_first/afm_texture_dataset/multiscale_pyramids/6090__N6090_1um_001__laplacian_256.npz""}"
6090,6090,N6090_1um_002,data/afm_second_order/6090/N6090_1um_002/N6090_1um_002_height.npy,data/pair/6090/AFM/N6090_1um.002,data/plane_corrected_afm/6090/N6090_1um_002/N6090_1um_002_plane_corrected.npy,1.0,1.0,256,256,nm,2.9472744464874268,2.3681775268884526,13.496797561645508,13.496797561645508,9.602928161621094,0.1329736042089645,2.945564990562102,123.37940136522178,150.53041076298553,0.9994975427396168,0.0004643184721155,3.813878826789685e-05,-3.861014722596746,47.05882352941176,47.05882352941176,47.05882352941176,1.0,0f7e0a6ca60a75821508c0951b0f9f3294580103aee2402a32f02951aa774584,2.947274460094538,2.368177529882573,13.496797370910643,9.602928400039673,23.61290740966797,0.1329736042089645,2.945564990562102,123.37940136522178,150.53041076298553,21.609214431679625,105.98675701797256,283.8635835944577,47.05882352941176,47.05882352941176,47.05882352941176,1.0,0.9985619338069144,-6.510328778810621,-4.690300235338331,-2.0410557480527167,-0.1013430634511715,1.995406439714312,4.912628164701342,6.986468592100025,0.9994975427425772,0.0004643184680262,3.813878939685906e-05,-3.861014706110699,0.9999989656748122,0.8035135894805816,4.579411828517914,3.2582368552684784,8.01176929473877,0.1329735711050856,2.9455649983865704,41.86215965832932,51.07439359737455,7.331922582858697,35.96090205751898,96.31383364980388,47.05882352941176,47.05882352941176,47.05882352941176,1.0,0.99856193376673,-2.208929662388359,-1.5914009257970203,-0.6925223961291659,-0.0343853242514479,0.6770337924542081,1.666835929471458,2.370482166129555,0.9994975427396168,0.0004643184721155,3.813878826789685e-05,-3.861014722596746,2.9472744464874268,"{""128"": ""outputs/rheed_video_afm_story/variants/afm_second_order_y2_v1/phase7a_reconstruction_first/afm_texture_dataset/physical_maps/6090__N6090_1um_002__centered_128.npy"", ""256"": ""outputs/rheed_video_afm_story/variants/afm_second_order_y2_v1/phase7a_reconstruction_first/afm_texture_dataset/physical_maps/6090__N6090_1um_002__centered_256.npy""}","{""128"": ""outputs/rheed_video_afm_story/variants/afm_second_order_y2_v1/phase7a_reconstruction_first/afm_texture_dataset/unit_shape_maps/6090__N6090_1um_002__unit_128.npy"", ""256"": ""outputs/rheed_video_afm_story/variants/afm_second_order_y2_v1/phase7a_reconstruction_first/afm_texture_dataset/unit_shape_maps/6090__N6090_1um_002__unit_256.npy""}","{""256"": ""outputs/rheed_video_afm_story/variants/afm_second_order_y2_v1/phase7a_reconstruction_first/afm_texture_dataset/multiscale_pyramids/6090__N6090_1um_002__laplacian_256.npz""}"
6094,6094,N6081_1um_000,data/afm_second_order/6094/N6081_1um_000/N6081_1um_000_height.npy,data/pair/6094/AFM/N6081_1um.000,data/plane_corrected_afm/6094/N6081_1um_000/N6081_1um_000_plane_corrected.npy,1.0,1.0,256,256,nm,1.1276371479034424,0.890087931509316,5.329286575317383,5.329286575317383,3.74782395362854,-0.3407619297036439,3.2898657090382653,80.38947086332017,99.54048547623344,0.9981600008038578,0.001138049613208,0.0007019495829344,-2.8881313733745926,27.45098039215686,23.52941176470588,27.45098039215686,1.1666666666666667,7011952bc77bc0465fc7252473e4a0815b8b0a1f57d52b73caff60b4f78f8b5a,1.127637149476052,0.8900879314324424,5.329286563396455,3.747824013233185,9.71540904045105,-0.3407619297036439,3.2898657090382653,80.38947086332017,99.54048547623344,10.160904234364644,64.07171678917595,193.9270513604332,27.45098039215686,23.52941176470588,27.45098039215686,1.1666666666666667,0.9882627513998328,-2.9330912916201357,-1.9894438294905428,-0.6993307082194093,0.072201477156281,0.7662212641698118,1.758380183742642,2.3961952717763184,0.9981600008080668,0.0011380496078353,0.0007019495840977,-2.888131373261118,0.9999990413638826,0.7893381998695017,4.726060783863068,3.323604851961136,8.615715026855469,-0.3407619158320872,3.2898657507924747,71.29012545712946,88.2734221082787,9.010785584499976,56.81939535505494,171.97628889602646,27.45098039215686,23.52941176470588,27.45098039215686,1.1666666666666667,0.9882627513495384,-2.601092560970206,-1.7642570812338778,-0.6201729107731767,0.0640289183622411,0.6794921081429534,1.559347770727258,2.1249682228928624,0.9981600008038578,0.001138049613208,0.0007019495829344,-2.8881313733745926,1.1276371479034424,"{""128"": ""outputs/rheed_video_afm_story/variants/afm_second_order_y2_v1/phase7a_reconstruction_first/afm_texture_dataset/physical_maps/6094__N6081_1um_000__centered_128.npy"", ""256"": ""outputs/rheed_video_afm_story/variants/afm_second_order_y2_v1/phase7a_reconstruction_first/afm_texture_dataset/physical_maps/6094__N6081_1um_000__centered_256.npy""}","{""128"": ""outputs/rheed_video_afm_story/variants/afm_second_order_y2_v1/phase7a_reconstruction_first/afm_texture_dataset/unit_shape_maps/6094__N6081_1um_000__unit_128.npy"", ""256"": ""outputs/rheed_video_afm_story/variants/afm_second_order_y2_v1/phase7a_reconstruction_first/afm_texture_dataset/unit_shape_maps/6094__N6081_1um_000__unit_256.npy""}","{""256"": ""outputs/rheed_video_afm_story/variants/afm_second_order_y2_v1/phase7a_reconstruction_first/afm_texture_dataset/multiscale_pyramids/6094__N6081_1um_000__laplacian_256.npz""}"
6094,6094,N6093_100_nm_001,data/afm_second_order/6094/N6093_100_nm_001/N6093_100_nm_001_height.npy,data/pair/6094/AFM/N6093_100 nm.001,data/plane_corrected_afm/6094/N6093_100_nm_001/N6093_100_nm_001_plane_corrected.npy,0.102,0.102,256,256,nm,0.1839673966169357,0.1481915765314833,0.8538365364074707,0.8538365364074707,0.5810854434967041,-0.3755511490389597,3.3156227153612514,134.3685772396,154.93497009715458,0.9935795850881058,0.0046859223792941,0.0017344925325998,-1.9608433591214096,10.0,7.6,25.200000000000003,3.3157894736842106,213df37ff7f621b246eb40f7c53d7a745e113e83e0a2817478a4dde68ab00ba1,0.1839673846129596,0.1481915767044346,0.8538365617394449,0.5810854211449623,1.8031498193740845,-0.3755511490389597,3.3156227153612514,134.3685772396,154.93497009715458,28.423096677184883,121.76260297024604,276.4147231054839,10.0,7.6,25.200000000000003,3.3157894736842106,0.9811944652556048,-0.4876123403564169,-0.3043274690762235,-0.1252573316350652,0.011573216655098,0.1336492749497221,0.2767579520687387,0.366224221383028,0.993579585043354,0.0046859224028074,0.0017344925538386,-1.9608433590452297,0.9999989751097896,0.8055309666359398,4.641234248876572,3.158629536628723,9.801454544067385,-0.3755511465624221,3.315622615986874,730.3927249952048,842.1863004937196,154.5006042308783,661.8699414686789,1502.5185741739886,10.0,7.6,25.200000000000003,3.3157894736842106,0.9811944650227808,-2.650534350929459,-1.6542451632597055,-0.680866370854577,0.0629090192339812,0.7264827387950812,1.5043843733690176,1.9906998979471129,0.9935795850881058,0.0046859223792941,0.0017344925325998,-1.9608433591214096,0.18396739661693573,"{""128"": ""outputs/rheed_video_afm_story/variants/afm_second_order_y2_v1/phase7a_reconstruction_first/afm_texture_dataset/physical_maps/6094__N6093_100_nm_001__centered_128.npy"", ""256"": ""outputs/rheed_video_afm_story/variants/afm_second_order_y2_v1/phase7a_reconstruction_first/afm_texture_dataset/physical_maps/6094__N6093_100_nm_001__centered_256.npy""}","{""128"": ""outputs/rheed_video_afm_story/variants/afm_second_order_y2_v1/phase7a_reconstruction_first/afm_texture_dataset/unit_shape_maps/6094__N6093_100_nm_001__unit_128.npy"", ""256"": ""outputs/rheed_video_afm_story/variants/afm_second_order_y2_v1/phase7a_reconstruction_first/afm_texture_dataset/unit_shape_maps/6094__N6093_100_nm_001__unit_256.npy""}","{""256"": ""outputs/rheed_video_afm_story/variants/afm_second_order_y2_v1/phase7a_reconstruction_first/afm_texture_dataset/multiscale_pyramids/6094__N6093_100_nm_001__laplacian_256.npz""}"
6094,6094,N6093_150nm_001,data/afm_second_order/6094/N6093_150nm_001/N6093_150nm_001_height.npy,data/pair/6094/AFM/N6093_150nm.001,data/plane_corrected_afm/6094/N6093_150nm_001/N6093_150nm_001_plane_corrected.npy,0.0,0.0,256,256,nm,1.1014198064804075,0.8230277838139197,5.762263298034668,5.762263298034668,3.476393699645996,-0.2541871170191613,5.317700173147048,inf,inf,0.9988654293978216,0.0009513641453034,0.0001832064568755,-2.8574553470135333,0.0,0.0,0.0,0.0,3a7f54ea1e17122b8144a291efab051ddd7f0ad94a5de392dcc282ff3552ad6c,1.1014198354860465,0.8230277833448068,5.762263453006746,3.4763937890529633,11.589999198913574,-0.2541871170191613,5.317700173147048,inf,inf,,,,0.0,0.0,0.0,0.0,,-3.294631942963889,-1.6947436539891272,-0.5985332040551216,-0.0176263397994548,0.6724023909804314,1.781650135063836,2.4676315100428567,0.9988654293957752,0.0009513641473343,0.0001832064568904,-2.8574553512054712,0.9999990458169892,0.7472418525595295,5.231663560867311,3.1562808752059937,10.522770404815674,-0.2541871492009196,5.317700175250656,inf,inf,,,,0.0,0.0,0.0,0.0,,-2.991256287712366,-1.5386884242480106,-0.5434191554968661,-0.0160032801513975,0.6104863554055386,1.617592450957983,2.2404072731549447,0.9988654293978216,0.0009513641453034,0.0001832064568755,-2.8574553470135333,1.1014198064804077,"{""128"": ""outputs/rheed_video_afm_story/variants/afm_second_order_y2_v1/phase7a_reconstruction_first/afm_texture_dataset/physical_maps/6094__N6093_150nm_001__centered_128.npy"", ""256"": ""outputs/rheed_video_afm_story/variants/afm_second_order_y2_v1/phase7a_reconstruction_first/afm_texture_dataset/physical_maps/6094__N6093_150nm_001__centered_256.npy""}","{""128"": ""outputs/rheed_video_afm_story/variants/afm_second_order_y2_v1/phase7a_reconstruction_first/afm_texture_dataset/unit_shape_maps/6094__N6093_150nm_001__unit_128.npy"", ""256"": ""outputs/rheed_video_afm_story/variants/afm_second_order_y2_v1/phase7a_reconstruction_first/afm_texture_dataset/unit_shape_maps/6094__N6093_150nm_001__unit_256.npy""}","{""256"": ""outputs/rheed_video_afm_story/variants/afm_second_order_y2_v1/phase7a_reconstruction_first/afm_texture_dataset/multiscale_pyramids/6094__N6093_150nm_001__laplacian_256.npz""}"
6094,6094,N6094_150nm_002,data/afm_second_order/6094/N6094_150nm_002/N6094_150nm_002_height.npy,data/pair/6094/AFM/N6094_150nm.002,data/plane_corrected_afm/6094/N6094_150nm_002/N6094_150nm_002_plane_corrected.npy,1.0,1.0,256,256,nm,4.126567363739014,3.2028263585622456,19.735633850097656,19.735633850097656,13.747200012207031,-0.5437077141759169,3.483321382064828,243.29020845560635,311.80185486993156,0.9995453174216392,0.0004264806405114,2.8201937849206627e-05,-4.220147914854765,31.37254901960784,27.45098039215686,31.37254901960784,1.1428571428571428,7a200c682686a0cdaedf23f3c72443647b2e018d5d1a85f906f974f1d2dbe966,4.1265671191219715,3.202826356178618,19.73563237190247,13.747199773788452,30.8465576171875,-0.5437077141759169,3.483321382064828,243.29020845560635,311.80185486993156,29.04342528952072,185.9290136392719,626.0909561024557,31.37254901960784,27.45098039215686,31.37254901960784,1.1428571428571428,0.9985365676882274,-11.246939219309793,-7.803246392085062,-2.33838988669108,0.5222132074098723,2.730828570054068,5.94395338170339,8.488693152592674,0.9995453174199136,0.0004264806423096,2.820193777680171e-05,-4.220147904787953,0.9999989958929328,0.7761471090850595,4.7825739860534675,3.3313854932785034,7.475106477737427,-0.5437077505787041,3.4833214007111284,58.95698705701571,75.55954716437685,7.038149303915362,45.05653649763131,151.72183815513992,31.37254901960784,27.45098039215686,31.37254901960784,1.1428571428571428,0.9985365676971616,-2.7254925260905183,-1.8909758220080295,-0.5666665325526156,0.1265489642854771,0.6617669423457228,1.440409671270474,2.0570814599629488,0.9995453174216392,0.0004264806405114,2.8201937849206627e-05,-4.220147914854765,4.126567363739014,"{""128"": ""outputs/rheed_video_afm_story/variants/afm_second_order_y2_v1/phase7a_reconstruction_first/afm_texture_dataset/physical_maps/6094__N6094_150nm_002__centered_128.npy"", ""256"": ""outputs/rheed_video_afm_story/variants/afm_second_order_y2_v1/phase7a_reconstruction_first/afm_texture_dataset/physical_maps/6094__N6094_150nm_002__centered_256.npy""}","{""128"": ""outputs/rheed_video_afm_story/variants/afm_second_order_y2_v1/phase7a_reconstruction_first/afm_texture_dataset/unit_shape_maps/6094__N6094_150nm_002__unit_128.npy"", ""256"": ""outputs/rheed_video_afm_story/variants/afm_second_order_y2_v1/phase7a_reconstruction_first/afm_texture_dataset/unit_shape_maps/6094__N6094_150nm_002__unit_256.npy""}","{""256"": ""outputs/rheed_video_afm_story/variants/afm_second_order_y2_v1/phase7a_reconstruction_first/afm_texture_dataset/multiscale_pyramids/6094__N6094_150nm_002__laplacian_256.npz""}"
6094,6094,N6094_1_um_008,data/afm_second_order/6094/N6094_1_um_008/N6094_1_um_008_height.npy,data/pair/6094/AFM/N6094_1 um.008,data/plane_corrected_afm/6094/N6094_1_um_008/N6094_1_um_008_plane_corrected.npy,1.0,1.0,256,256,nm,1.3908814191818235,1.0809230987573692,6.544150352478027,6.544150352478027,4.595562934875488,-0.2015941771956859,3.5314772542945083,78.50568789333411,105.12435959168094,0.999396595557826,0.0005443599178957,5.904452427811449e-05,-3.795838479212493,31.37254901960784,31.37254901960784,35.29411764705882,1.125,ea1afe61c763cea67bbd7d5c3c90ce3cf3558e3f30891502a86c01f3f3b5abca,1.3908814574378072,1.0809230992960015,6.5441502094268795,4.595562636852264,12.01092290878296,-0.2015941771956859,3.5314772542945083,78.50568789333411,105.12435959168094,10.586452196130534,54.804236872320146,221.4773617935745,31.37254901960784,31.37254901960784,35.29411764705882,1.125,0.995917260746961,-3.4929059086756,-2.2849849282221086,-0.8704017667488344,0.0075185879676453,0.8710455329700224,2.310577708630156,3.05124430075128,0.9993965955596488,0.0005443599153338,5.9044525017476365e-05,-3.795838467580931,0.9999991039996732,0.7771489992269467,4.705033791065216,3.304062008857727,8.635468006134033,-0.2015941570767693,3.531477145930858,56.443068698120975,75.58103866262687,7.611318985674204,39.40248829846983,159.23510214222478,31.37254901960784,31.37254901960784,35.29411764705882,1.125,0.9959172607032926,-2.5112870995274656,-1.6428308133355252,-0.6257908884755246,0.0054056355410345,0.6262537147530445,1.661231195522202,2.1937466915377506,0.999396595557826,0.0005443599178957,5.904452427811449e-05,-3.795838479212493,1.3908814191818237,"{""128"": ""outputs/rheed_video_afm_story/variants/afm_second_order_y2_v1/phase7a_reconstruction_first/afm_texture_dataset/physical_maps/6094__N6094_1_um_008__centered_128.npy"", ""256"": ""outputs/rheed_video_afm_story/variants/afm_second_order_y2_v1/phase7a_reconstruction_first/afm_texture_dataset/physical_maps/6094__N6094_1_um_008__centered_256.npy""}","{""128"": ""outputs/rheed_video_afm_story/variants/afm_second_order_y2_v1/phase7a_reconstruction_first/afm_texture_dataset/unit_shape_maps/6094__N6094_1_um_008__unit_128.npy"", ""256"": ""outputs/rheed_video_afm_story/variants/afm_second_order_y2_v1/phase7a_reconstruction_first/afm_texture_dataset/unit_shape_maps/6094__N6094_1_um_008__unit_256.npy""}","{""256"": ""outputs/rheed_video_afm_story/variants/afm_second_order_y2_v1/phase7a_reconstruction_first/afm_texture_dataset/multiscale_pyramids/6094__N6094_1_um_008__laplacian_256.npz""}"
6094,6094,N6094_1_um_009,data/afm_second_order/6094/N6094_1_um_009/N6094_1_um_009_height.npy,data/pair/6094/AFM/N6094_1 um.009,data/plane_corrected_afm/6094/N6094_1_um_009/N6094_1_um_009_plane_corrected.npy,0.168,0.168,256,256,nm,0.5349365472793579,0.4066285202774806,2.800220012664795,2.800220012664795,1.734350085258484,-0.7919700505044069,4.383603147035778,98.28640557219596,118.02156337916888,0.9992348385981784,0.0005553792643903,0.000209782137431,-2.690633374919637,11.858823529411763,9.882352941176473,16.470588235294116,1.6666666666666663,f6648145260467e537b3e02ebb254256097e887b92d0d20f09e11de3cd156a14,0.5349365598514018,0.4066285199562838,2.800220113992691,1.734350100159645,4.002964496612549,-0.7919700505044069,4.383603147035778,98.28640557219596,118.02156337916888,22.12079694195686,83.60802441798282,227.9714017175445,11.858823529411763,9.882352941176473,16.470588235294116,1.6666666666666663,0.9925759438133088,-1.7640139364945564,-0.9468280994641456,-0.2700107046711119,0.0502207255614129,0.3505503958714334,0.7875220006954995,1.0362061774981348,0.9992348385823662,0.0005553792737398,0.000209782143894,-2.690633362918024,0.9999989633121744,0.7601426578538429,5.234671837091446,3.242156893014908,7.483056306838989,-0.7919701098800374,4.383603107722178,183.7345030645061,220.6269853968432,41.352178095599136,156.29509730157548,426.1648743621041,11.858823529411763,9.882352941176473,16.470588235294116,1.6666666666666663,0.9925759437920906,-3.297610165744246,-1.7699801525167835,-0.5047522386602772,0.093881575942813,0.6553114155240642,1.4721767404981243,1.9370616713472,0.9992348385981784,0.0005553792643903,0.000209782137431,-2.690633374919637,0.5349365472793579,"{""128"": ""outputs/rheed_video_afm_story/variants/afm_second_order_y2_v1/phase7a_reconstruction_first/afm_texture_dataset/physical_maps/6094__N6094_1_um_009__centered_128.npy"", ""256"": ""outputs/rheed_video_afm_story/variants/afm_second_order_y2_v1/phase7a_reconstruction_first/afm_texture_dataset/physical_maps/6094__N6094_1_um_009__centered_256.npy""}","{""128"": ""outputs/rheed_video_afm_story/variants/afm_second_order_y2_v1/phase7a_reconstruction_first/afm_texture_dataset/unit_shape_maps/6094__N6094_1_um_009__unit_128.npy"", ""256"": ""outputs/rheed_video_afm_story/variants/afm_second_order_y2_v1/phase7a_reconstruction_first/afm_texture_dataset/unit_shape_maps/6094__N6094_1_um_009__unit_256.npy""}","{""256"": ""outputs/rheed_video_afm_story/variants/afm_second_order_y2_v1/phase7a_reconstruction_first/afm_texture_dataset/multiscale_pyramids/6094__N6094_1_um_009__laplacian_256.npz""}"
6094,6094,N6094_1um_000,data/afm_second_order/6094/N6094_1um_000/N6094_1um_000_height.npy,data/pair/6094/AFM/N6094_1um.000,data/plane_corrected_afm/6094/N6094_1um_000/N6094_1um_000_plane_corrected.npy,1.0,1.0,512,512,nm,4.154070854187012,3.155516245778442,20.589914321899418,20.589914321899418,13.52686595916748,-0.8904881532920603,4.314640049140067,252.7557955530342,343.7988107433815,0.9998833542550728,0.0001010905153303,1.5555229596514153e-05,-3.78694548596876,27.3972602739726,27.3972602739726,27.3972602739726,1.0,5211c6017536034fbc6ee90579f47a48f5107f5eefbea67a4a9215afe3ee78ef,4.154070776348137,3.1555162376339068,20.589914636611937,13.526865887641904,33.63858985900879,-0.8904881532920603,4.314640049140067,252.7557955530342,343.7988107433815,30.402607588638187,172.0804561093655,726.6688455560788,27.3972602739726,27.3972602739726,27.3972602739726,1.0,0.9977208172934252,-12.627269697763358,-7.968339462854302,-2.0134573417681816,0.620757461808288,2.7908864182453987,5.558526424787601,7.96264493884858,0.999883354255394,0.0001010905147344,1.5555229871645393e-05,-3.7869454813029946,0.9999990427422424,0.7596195101320111,4.956558649539948,3.2562884271144856,8.09773302078247,-0.8904881542566634,4.314640059781377,60.84526906466146,82.76182602786547,7.318738309307419,41.42449432755693,174.92921688266745,27.3972602739726,27.3972602739726,27.3972602739726,1.0,0.9977208501799316,-3.039731090925306,-1.9181982680779397,-0.4846945464235247,0.1494333833831846,0.6718430832404195,1.3380901590365462,1.9168275586146415,0.9998833542550728,0.0001010905153303,1.5555229596514153e-05,-3.78694548596876,4.154070854187012,"{""128"": ""outputs/rheed_video_afm_story/variants/afm_second_order_y2_v1/phase7a_reconstruction_first/afm_texture_dataset/physical_maps/6094__N6094_1um_000__centered_128.npy"", ""256"": ""outputs/rheed_video_afm_story/variants/afm_second_order_y2_v1/phase7a_reconstruction_first/afm_texture_dataset/physical_maps/6094__N6094_1um_000__centered_256.npy""}","{""128"": ""outputs/rheed_video_afm_story/variants/afm_second_order_y2_v1/phase7a_reconstruction_first/afm_texture_dataset/unit_shape_maps/6094__N6094_1um_000__unit_128.npy"", ""256"": ""outputs/rheed_video_afm_story/variants/afm_second_order_y2_v1/phase7a_reconstruction_first/afm_texture_dataset/unit_shape_maps/6094__N6094_1um_000__unit_256.npy""}","{""256"": ""outputs/rheed_video_afm_story/variants/afm_second_order_y2_v1/phase7a_reconstruction_first/afm_texture_dataset/multiscale_pyramids/6094__N6094_1um_000__laplacian_256.npz""}"
6094,6094,N6094_1um_005,data/afm_second_order/6094/N6094_1um_005/N6094_1um_005_height.npy,data/pair/6094/AFM/N6094_1um.005,data/plane_corrected_afm/6094/N6094_1um_005/N6094_1um_005_plane_corrected.npy,1.0,1.0,256,256,nm,1.300163507461548,1.0172041520819046,6.296394348144531,6.296394348144531,4.297314643859863,-0.3491852661846673,3.5015473821929746,77.93388070397633,103.5741175101012,0.999345781661309,0.0005861124601642,6.810587852696914e-05,-3.7514231113212455,31.37254901960784,27.45098039215686,39.2156862745098,1.4285714285714286,003232f06eec4110b6439a59d81d98c16bad86855840712d37ea25dbdc7b2102,1.3001635593605574,1.0172041528118898,6.296394336223603,4.297314643859863,11.06138515472412,-0.3491852661846673,3.5015473821929746,77.93388070397633,103.5741175101012,11.133792897648682,54.911133306333696,215.58443191465813,31.37254901960784,27.45098039215686,39.2156862745098,1.4285714285714286,0.9961547251077412,-3.467535737845547,-2.244321397635586,-0.8093334055873226,0.0662746251193215,0.8595760100153614,2.0529932462242773,2.828858598378056,0.9993457816518302,0.0005861124676599,6.81058805096483e-05,-3.751423100080869,0.999999070742011,0.7823655723492561,4.84276647567749,3.3052078187465668,8.507679224014282,-0.3491851914289942,3.5015473631680227,59.94154164362224,79.66230086261375,8.563370360322882,42.23399060459987,165.81316262456522,31.37254901960784,27.45098039215686,39.2156862745098,1.4285714285714286,0.9961547251698376,-2.666997133542845,-1.726182322551558,-0.6224853206175064,0.0509739950550104,0.6611284654838349,1.5790254961950088,2.1757693421346453,0.999345781661309,0.0005861124601642,6.810587852696914e-05,-3.7514231113212455,1.3001635074615479,"{""128"": ""outputs/rheed_video_afm_story/variants/afm_second_order_y2_v1/phase7a_reconstruction_first/afm_texture_dataset/physical_maps/6094__N6094_1um_005__centered_128.npy"", ""256"": ""outputs/rheed_video_afm_story/variants/afm_second_order_y2_v1/phase7a_reconstruction_first/afm_texture_dataset/physical_maps/6094__N6094_1um_005__centered_256.npy""}","{""128"": ""outputs/rheed_video_afm_story/variants/afm_second_order_y2_v1/phase7a_reconstruction_first/afm_texture_dataset/unit_shape_maps/6094__N6094_1um_005__unit_128.npy"", ""256"": ""outputs/rheed_video_afm_story/variants/afm_second_order_y2_v1/phase7a_reconstruction_first/afm_texture_dataset/unit_shape_maps/6094__N6094_1um_005__unit_256.npy""}","{""256"": ""outputs/rheed_video_afm_story/variants/afm_second_order_y2_v1/phase7a_reconstruction_first/afm_texture_dataset/multiscale_pyramids/6094__N6094_1um_005__laplacian_256.npz""}"
6094,6094,N6094_1um_Edge_005,data/afm_second_order/6094/N6094_1um_Edge_005/N6094_1um_Edge_005_height.npy,data/pair/6094/AFM/N6094_ 1um _Edge.005,data/plane_corrected_afm/6094/N6094_1um_Edge_005/N6094_1um_Edge_005_plane_corrected.npy,1.0,1.0,256,256,nm,3.926355361938477,3.008839051092976,19.36161422729492,19.36161422729492,13.129080772399902,-0.6737406607818587,3.936122433948627,204.1034601298469,266.5060569238155,0.9995318537354192,0.000437986433078,3.0159831502686157e-05,-4.13628631577724,35.29411764705882,31.37254901960784,39.2156862745098,1.25,2e8623e94f9b32a137e09376ef4449e6aaee7cfb7e6c12d80867ab0c94fb2e70,3.9263554309360735,3.008839065746744,19.361613345146186,13.129080533981323,32.03194522857666,-0.6737406607818587,3.936122433948627,204.1034601298469,266.5060569238155,24.644065125558416,150.647275859325,546.6892979805302,35.29411764705882,31.37254901960784,39.2156862745098,1.25,0.9980955369771364,-11.43090058025061,-7.349254280888427,-2.057374567353118,0.4447865182525032,2.5498560363417977,5.779826253092896,7.930712764895571,0.999531853735736,0.0004379864330268,3.015983123714494e-05,-4.136286314334335,0.9999990520159872,0.7663178427760923,4.931187415122986,3.343830823898315,8.158180475234985,-0.6737406191063341,3.936122346841676,51.98288078491164,67.87612766234199,6.276569615789705,38.36818534808508,139.23566705701344,35.29411764705882,31.37254901960784,39.2156862745098,1.25,0.9980955369531972,-2.9113230541792277,-1.8717734173384073,-0.5239904776659372,0.1132821894738314,0.649419952884638,1.472057406559908,2.0198643609437585,0.9995318537354192,0.000437986433078,3.0159831502686157e-05,-4.13628631577724,3.9263553619384766,"{""128"": ""outputs/rheed_video_afm_story/variants/afm_second_order_y2_v1/phase7a_reconstruction_first/afm_texture_dataset/physical_maps/6094__N6094_1um_Edge_005__centered_128.npy"", ""256"": ""outputs/rheed_video_afm_story/variants/afm_second_order_y2_v1/phase7a_reconstruction_first/afm_texture_dataset/physical_maps/6094__N6094_1um_Edge_005__centered_256.npy""}","{""128"": ""outputs/rheed_video_afm_story/variants/afm_second_order_y2_v1/phase7a_reconstruction_first/afm_texture_dataset/unit_shape_maps/6094__N6094_1um_Edge_005__unit_128.npy"", ""256"": ""outputs/rheed_video_afm_story/variants/afm_second_order_y2_v1/phase7a_reconstruction_first/afm_texture_dataset/unit_shape_maps/6094__N6094_1um_Edge_005__unit_256.npy""}","{""256"": ""outputs/rheed_video_afm_story/variants/afm_second_order_y2_v1/phase7a_reconstruction_first/afm_texture_dataset/multiscale_pyramids/6094__N6094_1um_Edge_005__laplacian_256.npz""}"
6094,6094,N6094_1um_edge,data/afm_second_order/6094/N6094_1um_edge/N6094_1um_edge_height.npy,data/pair/6094/AFM/N6094_1um_edge,data/plane_corrected_afm/6094/N6094_1um_edge/N6094_1um_edge_plane_corrected.npy,1.0,1.0,256,256,nm,4.059202671051025,3.0779211304643725,20.35177230834961,20.35177230834961,13.330841064453123,-0.6356382612556464,4.279485551506258,206.26468316356485,269.08184122465946,0.999633708298352,0.0003122085429959,5.4083158652095466e-05,-3.6948655562569033,35.29411764705882,31.37254901960784,35.29411764705882,1.125,5256d2e0f57ac0947626f5a5992966cf329384a5583f92ce5c94cff3e04ec5ed,4.059202641934236,3.077921126145984,20.351772975921634,13.330840945243835,35.17252159118652,-0.6356382612556464,4.279485551506258,206.26468316356485,269.08184122465946,28.21611768434544,150.64714474786092,555.7388678530783,35.29411764705882,31.37254901960784,35.29411764705882,1.125,0.9969142154774744,-11.688795151580829,-7.447613706459064,-2.1431616448059265,0.3910727597579772,2.5728218652114685,5.883227238784771,8.662977824340803,0.9996337083036516,0.0003122085375994,5.4083158749091174e-05,-3.694865554661969,0.9999990441911346,0.7582568444484614,5.013731908798219,3.2841002345085144,8.664875984191895,-0.6356382896562903,4.279485463530099,50.814040238653135,66.28927130906693,6.951139472136003,37.11245232584353,136.90826782815134,35.29411764705882,31.37254901960784,35.29411764705882,1.125,0.9969142154645916,-2.8795764134738513,-1.8347462640616965,-0.5279754923198291,0.0963421835091046,0.6338238640215329,1.449353970446818,2.134155495324367,0.999633708298352,0.0003122085429959,5.4083158652095466e-05,-3.6948655562569033,4.059202671051025,"{""128"": ""outputs/rheed_video_afm_story/variants/afm_second_order_y2_v1/phase7a_reconstruction_first/afm_texture_dataset/physical_maps/6094__N6094_1um_edge__centered_128.npy"", ""256"": ""outputs/rheed_video_afm_story/variants/afm_second_order_y2_v1/phase7a_reconstruction_first/afm_texture_dataset/physical_maps/6094__N6094_1um_edge__centered_256.npy""}","{""128"": ""outputs/rheed_video_afm_story/variants/afm_second_order_y2_v1/phase7a_reconstruction_first/afm_texture_dataset/unit_shape_maps/6094__N6094_1um_edge__unit_128.npy"", ""256"": ""outputs/rheed_video_afm_story/variants/afm_second_order_y2_v1/phase7a_reconstruction_first/afm_texture_dataset/unit_shape_maps/6094__N6094_1um_edge__unit_256.npy""}","{""256"": ""outputs/rheed_video_afm_story/variants/afm_second_order_y2_v1/phase7a_reconstruction_first/afm_texture_dataset/multiscale_pyramids/6094__N6094_1um_edge__laplacian_256.npz""}"
6094,6094,N6094_1um_edge_002,data/afm_second_order/6094/N6094_1um_edge_002/N6094_1um_edge_002_height.npy,data/pair/6094/AFM/N6094_1um_edge.002,data/plane_corrected_afm/6094/N6094_1um_edge_002/N6094_1um_edge_002_plane_corrected.npy,1.0,1.0,256,256,nm,4.126567363739014,3.2028263585622456,19.735633850097656,19.735633850097656,13.747200012207031,-0.5437077141759169,3.483321382064828,243.29020845560635,311.80185486993156,0.9995453174216392,0.0004264806405114,2.8201937849206627e-05,-4.220147914854765,31.37254901960784,27.45098039215686,31.37254901960784,1.1428571428571428,7a200c682686a0cdaedf23f3c72443647b2e018d5d1a85f906f974f1d2dbe966,4.1265671191219715,3.202826356178618,19.73563237190247,13.747199773788452,30.8465576171875,-0.5437077141759169,3.483321382064828,243.29020845560635,311.80185486993156,29.04342528952072,185.9290136392719,626.0909561024557,31.37254901960784,27.45098039215686,31.37254901960784,1.1428571428571428,0.9985365676882274,-11.246939219309793,-7.803246392085062,-2.33838988669108,0.5222132074098723,2.730828570054068,5.94395338170339,8.488693152592674,0.9995453174199136,0.0004264806423096,2.820193777680171e-05,-4.220147904787953,0.9999989958929328,0.7761471090850595,4.7825739860534675,3.3313854932785034,7.475106477737427,-0.5437077505787041,3.4833214007111284,58.95698705701571,75.55954716437685,7.038149303915362,45.05653649763131,151.72183815513992,31.37254901960784,27.45098039215686,31.37254901960784,1.1428571428571428,0.9985365676971616,-2.7254925260905183,-1.8909758220080295,-0.5666665325526156,0.1265489642854771,0.6617669423457228,1.440409671270474,2.0570814599629488,0.9995453174216392,0.0004264806405114,2.8201937849206627e-05,-4.220147914854765,4.126567363739014,"{""128"": ""outputs/rheed_video_afm_story/variants/afm_second_order_y2_v1/phase7a_reconstruction_first/afm_texture_dataset/physical_maps/6094__N6094_1um_edge_002__centered_128.npy"", ""256"": ""outputs/rheed_video_afm_story/variants/afm_second_order_y2_v1/phase7a_reconstruction_first/afm_texture_dataset/physical_maps/6094__N6094_1um_edge_002__centered_256.npy""}","{""128"": ""outputs/rheed_video_afm_story/variants/afm_second_order_y2_v1/phase7a_reconstruction_first/afm_texture_dataset/unit_shape_maps/6094__N6094_1um_edge_002__unit_128.npy"", ""256"": ""outputs/rheed_video_afm_story/variants/afm_second_order_y2_v1/phase7a_reconstruction_first/afm_texture_dataset/unit_shape_maps/6094__N6094_1um_edge_002__unit_256.npy""}","{""256"": ""outputs/rheed_video_afm_story/variants/afm_second_order_y2_v1/phase7a_reconstruction_first/afm_texture_dataset/multiscale_pyramids/6094__N6094_1um_edge_002__laplacian_256.npz""}"
6094,6094,N6094_1um_edge_003,data/afm_second_order/6094/N6094_1um_edge_003/N6094_1um_edge_003_height.npy,data/pair/6094/AFM/N6094_1um_edge.003,data/plane_corrected_afm/6094/N6094_1um_edge_003/N6094_1um_edge_003_plane_corrected.npy,1.0,1.0,256,256,nm,4.418596267700195,3.395870242096337,21.264179229736328,21.264179229736328,14.553569793701172,-0.7048103092866925,4.146012024519645,240.79840530368824,312.83602160157477,0.9996964106449246,0.0002837808664537,1.980848862141344e-05,-4.29959504978442,31.37254901960784,27.45098039215686,35.29411764705882,1.2857142857142856,b4d84c1e9c3d3c849d81b05e17c2935fd1f40c60956f2c6fdfa93522da9c6f97,4.418596320398768,3.3958702354345403,21.26418008804321,14.553569793701172,33.93569278717041,-0.7048103092866925,4.146012024519645,240.79840530368824,312.83602160157477,26.69010795111898,181.5832937790664,637.0155736057482,31.37254901960784,27.45098039215686,35.29411764705882,1.2857142857142856,0.9980370013926172,-12.535353791789491,-8.097308003978213,-2.465040171222171,0.5790015815930758,2.8412419318395052,6.456261789722959,8.72882629625372,0.999696410644546,0.0002837808679255,1.9808487528486115e-05,-4.299595093867339,0.9999990812346315,0.7685397976493571,4.812424159049987,3.29370579123497,7.680190801620483,-0.7048103297610159,4.146011876532459,54.49653409126171,70.79980010018802,6.040398648018937,41.09521229343748,144.1668235437914,31.37254901960784,27.45098039215686,35.29411764705882,1.2857142857142856,0.9980370013014472,-2.836951130516671,-1.832550459988259,-0.5578780113531576,0.1310373307393564,0.6430185348914637,1.4611553312467112,1.975473028533317,0.9996964106449246,0.0002837808664537,1.980848862141344e-05,-4.29959504978442,4.418596267700195,"{""128"": ""outputs/rheed_video_afm_story/variants/afm_second_order_y2_v1/phase7a_reconstruction_first/afm_texture_dataset/physical_maps/6094__N6094_1um_edge_003__centered_128.npy"", ""256"": ""outputs/rheed_video_afm_story/variants/afm_second_order_y2_v1/phase7a_reconstruction_first/afm_texture_dataset/physical_maps/6094__N6094_1um_edge_003__centered_256.npy""}","{""128"": ""outputs/rheed_video_afm_story/variants/afm_second_order_y2_v1/phase7a_reconstruction_first/afm_texture_dataset/unit_shape_maps/6094__N6094_1um_edge_003__unit_128.npy"", ""256"": ""outputs/rheed_video_afm_story/variants/afm_second_order_y2_v1/phase7a_reconstruction_first/afm_texture_dataset/unit_shape_maps/6094__N6094_1um_edge_003__unit_256.npy""}","{""256"": ""outputs/rheed_video_afm_story/variants/afm_second_order_y2_v1/phase7a_reconstruction_first/afm_texture_dataset/multiscale_pyramids/6094__N6094_1um_edge_003__laplacian_256.npz""}"
6094,6094,N6094_1um_edge_006,data/afm_second_order/6094/N6094_1um_edge_006/N6094_1um_edge_006_height.npy,data/pair/6094/AFM/N6094_1um_edge.006,data/plane_corrected_afm/6094/N6094_1um_edge_006/N6094_1um_edge_006_plane_corrected.npy,1.0,1.0,256,256,nm,4.628430366516113,3.5376137999595287,23.86233711242676,23.86233711242676,15.269116401672363,-0.3905721979483054,3.79661744620005,210.74999565494636,285.64816345357934,0.9995417481276684,0.00040788385992,5.036801241154356e-05,-3.71526616001093,35.29411764705882,39.2156862745098,35.29411764705882,1.1111111111111112,74b8a0a67411233bfd63e65920bbf9aa127ca785bb0a2de8e1760affce8216ce,4.6284300836900165,3.5376137892538213,23.86233673095704,15.269115924835203,35.6639404296875,-0.3905721979483054,3.79661744620005,210.74999565494636,285.64816345357934,13.32391069593205,148.44769410465966,598.784496927595,35.29411764705882,39.2156862745098,35.29411764705882,1.1111111111111112,0.9952647676785876,-12.81419593841352,-8.288379164045235,-2.5421185806445097,0.2985276937433267,2.8411304637738253,6.980736760789969,11.04814079254352,0.999541748135956,0.0004078838525458,5.036801149801152e-05,-3.7152661569840815,0.9999990238773756,0.7643218683049297,5.15559575557709,3.298980712890625,7.705400466918945,-0.3905722258144515,3.7966174929914103,45.533752615675226,61.71593418285726,2.878708614306057,32.07297866206632,129.37085650962277,35.29411764705882,39.2156862745098,35.29411764705882,1.1111111111111112,0.99526500728804,-2.7685811791987827,-1.7907521758647371,-0.5492393706412722,0.0644986185757707,0.6138426478533339,1.508228537025888,2.387014576378307,0.9995417481276684,0.00040788385992,5.036801241154356e-05,-3.71526616001093,4.628430366516113,"{""128"": ""outputs/rheed_video_afm_story/variants/afm_second_order_y2_v1/phase7a_reconstruction_first/afm_texture_dataset/physical_maps/6094__N6094_1um_edge_006__centered_128.npy"", ""256"": ""outputs/rheed_video_afm_story/variants/afm_second_order_y2_v1/phase7a_reconstruction_first/afm_texture_dataset/physical_maps/6094__N6094_1um_edge_006__centered_256.npy""}","{""128"": ""outputs/rheed_video_afm_story/variants/afm_second_order_y2_v1/phase7a_reconstruction_first/afm_texture_dataset/unit_shape_maps/6094__N6094_1um_edge_006__unit_128.npy"", ""256"": ""outputs/rheed_video_afm_story/variants/afm_second_order_y2_v1/phase7a_reconstruction_first/afm_texture_dataset/unit_shape_maps/6094__N6094_1um_edge_006__unit_256.npy""}","{""256"": ""outputs/rheed_video_afm_story/variants/afm_second_order_y2_v1/phase7a_reconstruction_first/afm_texture_dataset/multiscale_pyramids/6094__N6094_1um_edge_006__laplacian_256.npz""}"
6094,6094,N6094_200_nm_004,data/afm_second_order/6094/N6094_200_nm_004/N6094_200_nm_004_height.npy,data/pair/6094/AFM/N6094_200 nm.004,data/plane_corrected_afm/6094/N6094_200_nm_004/N6094_200_nm_004_plane_corrected.npy,0.207,0.207,256,256,nm,1.8666788339614868,1.2259550998679984,10.587234497070312,10.587234497070312,6.123553276062012,-1.4922306036236117,9.472362509555364,164.2344759379254,222.37467888317929,0.999624899885898,0.000320549692467,5.4550421634843506e-05,-3.2061086857646286,17.858823529411765,16.235294117647058,20.294117647058822,1.25,f86e6121bebf3ee943942ee344774a9fc13e658a48ae2b6bedaffef620c93344,1.8666787396792632,1.2259551064017429,10.58723406791687,6.123552858829498,16.54296112060547,-1.4922306036236117,9.472362509555364,164.2344759379254,222.37467888317929,25.481265769210783,115.1398330428049,461.4740125294576,17.858823529411765,16.235294117647058,20.294117647058822,1.25,0.9944479121185004,-6.569659173182805,-3.2235024329942057,-0.6656734850924797,0.1755550312142483,0.7955649140555077,2.9000504258352926,4.017574894734066,0.999624899875576,0.0003205497016521,5.455042277166753e-05,-3.2061086895083273,0.999998953125839,0.6567567317800156,5.671690094470978,3.2804501354694366,8.862234354019165,-1.4922305725759089,9.47236229836196,87.98209434278289,119.1283967550689,13.650573974585964,61.68159364050808,247.21632378539812,17.858823529411765,16.235294117647058,20.294117647058822,1.25,0.9944479123685716,-3.519433823688606,-1.72686335788546,-0.3566081111269988,0.0940466302496395,0.4261923099917374,1.553586777583977,2.1522562707823716,0.999624899885898,0.000320549692467,5.4550421634843506e-05,-3.2061086857646286,1.8666788339614868,"{""128"": ""outputs/rheed_video_afm_story/variants/afm_second_order_y2_v1/phase7a_reconstruction_first/afm_texture_dataset/physical_maps/6094__N6094_200_nm_004__centered_128.npy"", ""256"": ""outputs/rheed_video_afm_story/variants/afm_second_order_y2_v1/phase7a_reconstruction_first/afm_texture_dataset/physical_maps/6094__N6094_200_nm_004__centered_256.npy""}","{""128"": ""outputs/rheed_video_afm_story/variants/afm_second_order_y2_v1/phase7a_reconstruction_first/afm_texture_dataset/unit_shape_maps/6094__N6094_200_nm_004__unit_128.npy"", ""256"": ""outputs/rheed_video_afm_story/variants/afm_second_order_y2_v1/phase7a_reconstruction_first/afm_texture_dataset/unit_shape_maps/6094__N6094_200_nm_004__unit_256.npy""}","{""256"": ""outputs/rheed_video_afm_story/variants/afm_second_order_y2_v1/phase7a_reconstruction_first/afm_texture_dataset/multiscale_pyramids/6094__N6094_200_nm_004__laplacian_256.npz""}"
6094,6094,N6094_2um_006,data/afm_second_order/6094/N6094_2um_006/N6094_2um_006_height.npy,data/pair/6094/AFM/N6094_2um.006,data/plane_corrected_afm/6094/N6094_2um_006/N6094_2um_006_plane_corrected.npy,2.0,2.0,256,256,nm,1.490099310874939,1.1730729559970596,7.176278114318848,7.176278114318848,4.826728820800781,-0.294228991337333,3.5508846217447467,74.06029476030815,96.29389171149792,0.994645237734997,0.0050436439222848,0.000311118342718,-3.36099034936907,39.2156862745098,31.37254901960784,39.2156862745098,1.25,0b6df53eaec327df0d19ea72dd0a8b665be3230719e5edf0db172322bb26ef6f,1.4900993892883432,1.1730729561228,7.176278030872346,4.826728463172913,13.17890977859497,-0.294228991337333,3.5508846217447467,74.06029476030815,96.29389171149792,10.40002776434152,55.78124944443259,197.46328914183323,39.2156862745098,31.37254901960784,39.2156862745098,1.25,0.997547865754968,-3.897072889292614,-2.52323522754945,-0.9473305154684944,0.0697923660185175,1.0149702470656472,2.3034932356234625,3.2792051415797325,0.9946452376686092,0.0050436439864526,0.0003111183449381,-3.360990346940679,0.9999990565825352,0.7872440309054276,4.8159682869911205,3.239195942878723,8.84430718421936,-0.2942289646265932,3.550884611460965,49.7015335674422,64.62240126773578,6.979413074391278,37.43454460207365,132.51673510377887,39.2156862745098,31.37254901960784,39.2156862745098,1.25,0.9975478657606808,-2.615308246453395,-1.6933319662409927,-0.6357492600279953,0.0468373260748479,0.6811419929665421,1.5458639766377305,2.2006600405377252,0.994645237734997,0.0050436439222848,0.000311118342718,-3.36099034936907,1.490099310874939,"{""128"": ""outputs/rheed_video_afm_story/variants/afm_second_order_y2_v1/phase7a_reconstruction_first/afm_texture_dataset/physical_maps/6094__N6094_2um_006__centered_128.npy"", ""256"": ""outputs/rheed_video_afm_story/variants/afm_second_order_y2_v1/phase7a_reconstruction_first/afm_texture_dataset/physical_maps/6094__N6094_2um_006__centered_256.npy""}","{""128"": ""outputs/rheed_video_afm_story/variants/afm_second_order_y2_v1/phase7a_reconstruction_first/afm_texture_dataset/unit_shape_maps/6094__N6094_2um_006__unit_128.npy"", ""256"": ""outputs/rheed_video_afm_story/variants/afm_second_order_y2_v1/phase7a_reconstruction_first/afm_texture_dataset/unit_shape_maps/6094__N6094_2um_006__unit_256.npy""}","{""256"": ""outputs/rheed_video_afm_story/variants/afm_second_order_y2_v1/phase7a_reconstruction_first/afm_texture_dataset/multiscale_pyramids/6094__N6094_2um_006__laplacian_256.npz""}"
6094,6094,N6094_500_nm_007,data/afm_second_order/6094/N6094_500_nm_007/N6094_500_nm_007_height.npy,data/pair/6094/AFM/N6094_500 nm.007,data/plane_corrected_afm/6094/N6094_500_nm_007/N6094_500_nm_007_plane_corrected.npy,0.508,0.508,256,256,nm,1.2578016519546509,0.9486533193629092,6.43223762512207,6.43223762512207,4.155263900756836,-0.4905429066063687,4.364973791420524,82.75618532483195,109.54380174012972,0.999695652439404,0.0002538272971581,5.052026343786605e-05,-3.4761078798613294,29.88235294117647,23.905882352941177,39.84313725490196,1.6666666666666667,73c0ddd7b91142bd5c64a7de801ae4cb8c614e0a1f49bd16d09190e5fabf7338,1.2578017389752485,0.9486533219404693,6.43223762512207,4.155263811349869,10.91132402420044,-0.4905429066063687,4.364973791420524,82.75618532483195,109.54380174012972,13.862947536817098,60.114903752271275,225.98961763721195,29.88235294117647,23.905882352941177,39.84313725490196,1.6666666666666667,0.994162874345391,-3.5857109232734508,-2.21781793077696,-0.6764257683347527,0.0404866388604429,0.7528207168985542,1.937445880572909,2.84652670184862,0.9996956524414776,0.0002538272958205,5.0520262701746184e-05,-3.476107888388237,0.9999990705145126,0.754214605082536,5.113867545127869,3.303588777780533,8.674907445907593,-0.4905428329996697,4.364973720714951,65.79423923374651,87.09138817757503,11.021557009282548,47.7936018764641,179.67014506105198,29.88235294117647,23.905882352941177,39.84313725490196,1.6666666666666667,0.9941628744989792,-2.8507731017236524,-1.7632474359636123,-0.5377835836772735,0.0321883707727377,0.5985204670067017,1.5403413418169205,2.2630944434042166,0.999695652439404,0.0002538272971581,5.052026343786605e-05,-3.4761078798613294,1.2578016519546509,"{""128"": ""outputs/rheed_video_afm_story/variants/afm_second_order_y2_v1/phase7a_reconstruction_first/afm_texture_dataset/physical_maps/6094__N6094_500_nm_007__centered_128.npy"", ""256"": ""outputs/rheed_video_afm_story/variants/afm_second_order_y2_v1/phase7a_reconstruction_first/afm_texture_dataset/physical_maps/6094__N6094_500_nm_007__centered_256.npy""}","{""128"": ""outputs/rheed_video_afm_story/variants/afm_second_order_y2_v1/phase7a_reconstruction_first/afm_texture_dataset/unit_shape_maps/6094__N6094_500_nm_007__unit_128.npy"", ""256"": ""outputs/rheed_video_afm_story/variants/afm_second_order_y2_v1/phase7a_reconstruction_first/afm_texture_dataset/unit_shape_maps/6094__N6094_500_nm_007__unit_256.npy""}","{""256"": ""outputs/rheed_video_afm_story/variants/afm_second_order_y2_v1/phase7a_reconstruction_first/afm_texture_dataset/multiscale_pyramids/6094__N6094_500_nm_007__laplacian_256.npz""}"
6095,6095,N6095_100_nm_000,data/afm_second_order/6095/N6095_100_nm_000/N6095_100_nm_000_height.npy,data/pair/6095/AFM/N6095-100 nm.000,data/plane_corrected_afm/6095/N6095_100_nm_000/N6095_100_nm_000_plane_corrected.npy,0.0,0.0,256,256,nm,0.5547926425933838,0.3810873769127952,3.3112123012542725,3.3112123012542725,1.769444227218628,-1.2570747160567342,7.156055527257059,inf,inf,0.9988021773453896,0.000865156057633,0.0003326665969773,-2.477866299185388,0.0,0.0,0.0,0.0,fe19bf2fe73d38f3ad89621032591f51301c6b1583dfad848e4943789b2b7186,0.5547926817406429,0.3810873757759271,3.3112122118473053,1.7694442123174667,5.113269329071045,-1.2570747160567342,7.156055527257059,inf,inf,,,,0.0,0.0,0.0,0.0,,-2.0700096002299246,-1.0090071550089774,-0.2088027960140166,0.0504027129631581,0.2991014467101636,0.7604370573084893,1.2412026116173809,0.9988021773328092,0.0008651560657311,0.0003326666014594,-2.4778662926704924,0.9999989594330448,0.6868997961204604,5.968371391296387,3.189375787973404,9.21653127670288,-1.2570747063877303,7.156055476237654,inf,inf,,,,0.0,0.0,0.0,0.0,,-3.7311368343668314,-1.818708389742884,-0.3763614592390388,0.09084954138228,0.5391223433179528,1.37066739823052,2.237234556929556,0.9988021773453896,0.000865156057633,0.0003326665969773,-2.477866299185388,0.5547926425933838,"{""128"": ""outputs/rheed_video_afm_story/variants/afm_second_order_y2_v1/phase7a_reconstruction_first/afm_texture_dataset/physical_maps/6095__N6095_100_nm_000__centered_128.npy"", ""256"": ""outputs/rheed_video_afm_story/variants/afm_second_order_y2_v1/phase7a_reconstruction_first/afm_texture_dataset/physical_maps/6095__N6095_100_nm_000__centered_256.npy""}","{""128"": ""outputs/rheed_video_afm_story/variants/afm_second_order_y2_v1/phase7a_reconstruction_first/afm_texture_dataset/unit_shape_maps/6095__N6095_100_nm_000__unit_128.npy"", ""256"": ""outputs/rheed_video_afm_story/variants/afm_second_order_y2_v1/phase7a_reconstruction_first/afm_texture_dataset/unit_shape_maps/6095__N6095_100_nm_000__unit_256.npy""}","{""256"": ""outputs/rheed_video_afm_story/variants/afm_second_order_y2_v1/phase7a_reconstruction_first/afm_texture_dataset/multiscale_pyramids/6095__N6095_100_nm_000__laplacian_256.npz""}"
6095,6095,N6095_100_nm_001,data/afm_second_order/6095/N6095_100_nm_001/N6095_100_nm_001_height.npy,data/pair/6095/AFM/N6095-100 nm.001,data/plane_corrected_afm/6095/N6095_100_nm_001/N6095_100_nm_001_plane_corrected.npy,1.0,1.0,256,256,nm,9.791423797607422,8.29216257580862,34.77068328857422,34.77068328857422,30.15002059936523,-0.3746548757363845,2.015102342698954,444.91715535657863,598.8265122937925,0.9996851474107852,0.0002886338047663,2.6218784448340797e-05,-4.010176312350818,35.29411764705882,35.29411764705882,35.29411764705882,1.0,9576e72c0b5242d423e0b69039296b9b9d43292ca5545a35417d5ec610728479,9.791423684219192,8.292162575874197,34.77068471908569,30.15001964569092,39.97419548034668,-0.3746548757363845,2.015102342698954,444.91715535657863,598.8265122937925,18.4940865573371,323.2371981361242,1181.1583100787338,35.29411764705882,35.29411764705882,35.29411764705882,1.0,0.9746748251609888,-17.63401155407634,-16.742292403533128,-7.642421244933272,2.162334800408219,7.865757108376359,13.407727242157792,17.136673165009352,0.9996851474074846,0.0002886338071711,2.6218785344213776e-05,-4.010176299022195,0.9999990574655192,0.8468793739001005,3.5511334896087647,3.0792244374752045,4.082568526268005,-0.3746548765027258,2.015102344820496,45.43943255265638,61.15821015559363,1.888803803259537,33.0122455897596,120.63180710858124,35.29411764705882,35.29411764705882,35.29411764705882,1.0,0.9746750116824074,-1.8009633002619505,-1.7098919449190852,-0.7805211989025829,0.2208394708295109,0.8033305557627919,1.3693324925561192,1.7501701893468145,0.9996851474107852,0.0002886338047663,2.6218784448340797e-05,-4.010176312350818,9.791423797607422,"{""128"": ""outputs/rheed_video_afm_story/variants/afm_second_order_y2_v1/phase7a_reconstruction_first/afm_texture_dataset/physical_maps/6095__N6095_100_nm_001__centered_128.npy"", ""256"": ""outputs/rheed_video_afm_story/variants/afm_second_order_y2_v1/phase7a_reconstruction_first/afm_texture_dataset/physical_maps/6095__N6095_100_nm_001__centered_256.npy""}","{""128"": ""outputs/rheed_video_afm_story/variants/afm_second_order_y2_v1/phase7a_reconstruction_first/afm_texture_dataset/unit_shape_maps/6095__N6095_100_nm_001__unit_128.npy"", ""256"": ""outputs/rheed_video_afm_story/variants/afm_second_order_y2_v1/phase7a_reconstruction_first/afm_texture_dataset/unit_shape_maps/6095__N6095_100_nm_001__unit_256.npy""}","{""256"": ""outputs/rheed_video_afm_story/variants/afm_second_order_y2_v1/phase7a_reconstruction_first/afm_texture_dataset/multiscale_pyramids/6095__N6095_100_nm_001__laplacian_256.npz""}"
6095,6095,N6095_100_nm_002,data/afm_second_order/6095/N6095_100_nm_002/N6095_100_nm_002_height.npy,data/pair/6095/AFM/N6095_100 nm.002,data/plane_corrected_afm/6095/N6095_100_nm_002/N6095_100_nm_002_plane_corrected.npy,0.0976563,0.0976563,256,256,nm,1.2368817329406738,0.9535104405206848,5.746969223022461,5.746969223022461,4.263710021972656,-0.7466006517808883,3.7091415253720768,204.8028086149248,245.72369905625183,0.9994308005989622,0.0004881056847258,8.109371631202341e-05,-3.048928286030803,16.85049882352941,17.23346470588235,21.063123529411765,1.2222222222222223,7873637e9cb256265bd52fa668d19dc97834ee7914fb39022809e81ad168e1d3,1.236881824585141,0.9535104461581274,5.7469691157341,4.263710528612137,7.099697589874268,-0.7466006517808883,3.7091415253720768,204.8028086149248,245.72369905625183,43.71359724610995,179.84520951044863,459.67954709834856,16.85049882352941,17.23346470588235,21.063123529411765,1.2222222222222223,0.9868691019956218,-3.6002162558056705,-2.458499155662238,-0.6903536093451377,0.1250116082809572,0.8788767832301263,1.8052113729498984,2.1467528599284296,0.9994308006104564,0.0004881056777891,8.109371175412676e-05,-3.0489283148138755,0.9999990542706396,0.7708978586443549,4.646332186460494,3.447141319513321,5.7399914264678955,-0.7466006093022162,3.7091413943860294,165.57977824870215,198.66366049296937,35.34174503646688,145.40191701183545,371.6435445551835,16.85049882352941,17.23346470588235,21.063123529411765,1.2222222222222223,0.9868691021407872,-2.9107168789285276,-1.9876569803136444,-0.5581398154872513,0.1010698792261027,0.7105577294451141,1.4594843391996766,1.7356153075319671,0.9994308005989622,0.0004881056847258,8.109371631202341e-05,-3.048928286030803,1.2368817329406738,"{""128"": ""outputs/rheed_video_afm_story/variants/afm_second_order_y2_v1/phase7a_reconstruction_first/afm_texture_dataset/physical_maps/6095__N6095_100_nm_002__centered_128.npy"", ""256"": ""outputs/rheed_video_afm_story/variants/afm_second_order_y2_v1/phase7a_reconstruction_first/afm_texture_dataset/physical_maps/6095__N6095_100_nm_002__centered_256.npy""}","{""128"": ""outputs/rheed_video_afm_story/variants/afm_second_order_y2_v1/phase7a_reconstruction_first/afm_texture_dataset/unit_shape_maps/6095__N6095_100_nm_002__unit_128.npy"", ""256"": ""outputs/rheed_video_afm_story/variants/afm_second_order_y2_v1/phase7a_reconstruction_first/afm_texture_dataset/unit_shape_maps/6095__N6095_100_nm_002__unit_256.npy""}","{""256"": ""outputs/rheed_video_afm_story/variants/afm_second_order_y2_v1/phase7a_reconstruction_first/afm_texture_dataset/multiscale_pyramids/6095__N6095_100_nm_002__laplacian_256.npz""}"
6095,6095,N6095_1um,data/afm_second_order/6095/N6095_1um/N6095_1um_height.npy,data/pair/6095/AFM/N6095_1um,data/plane_corrected_afm/6095/N6095_1um/N6095_1um_plane_corrected.npy,1.0,1.0,256,256,nm,8.617266654968262,7.078791133547737,34.57569885253906,34.57569885253906,28.139781951904297,-0.4337335182749123,2.417637099454381,452.0523297399356,577.0025661724707,0.9996598460822494,0.0003110109367538,2.914298099682128e-05,-4.007286413360648,31.37254901960784,31.37254901960784,31.37254901960784,1.0,6ae4e5b762b3a96ede8598a60ea00458c6f868d4cfc42d8f4022f70028412583,8.61726637902281,7.078791133547727,34.575700283050544,28.139783143997192,45.30950164794922,-0.4337335182749123,2.417637099454381,452.0523297399356,577.0025661724707,47.0673009397345,342.92369258809373,1132.80247597158,31.37254901960784,31.37254901960784,31.37254901960784,1.0,0.9904726060170724,-18.871261882441377,-15.862648248331876,-5.894187569277617,1.687714279038576,6.259441733700899,12.277134895665316,15.704438400609169,0.99965984608353,0.0003110109356026,2.914298086722967e-05,-4.007286407490504,0.9999990236615218,0.8214651735332101,4.01237052679062,3.2655084431171417,5.25798487663269,-0.4337335180199279,2.4176371028779022,52.45885042955891,66.95882168392845,5.461952543102581,39.79492686780635,131.45716030749765,31.37254901960784,31.37254901960784,31.37254901960784,1.0,0.9904726060249578,-2.1899337886986148,-1.840796410959662,-0.6839966773208984,0.1958524362030617,0.7263830006900421,1.4247120321574798,1.822436738092005,0.9996598460822494,0.0003110109367538,2.914298099682128e-05,-4.007286413360648,8.617266654968262,"{""128"": ""outputs/rheed_video_afm_story/variants/afm_second_order_y2_v1/phase7a_reconstruction_first/afm_texture_dataset/physical_maps/6095__N6095_1um__centered_128.npy"", ""256"": ""outputs/rheed_video_afm_story/variants/afm_second_order_y2_v1/phase7a_reconstruction_first/afm_texture_dataset/physical_maps/6095__N6095_1um__centered_256.npy""}","{""128"": ""outputs/rheed_video_afm_story/variants/afm_second_order_y2_v1/phase7a_reconstruction_first/afm_texture_dataset/unit_shape_maps/6095__N6095_1um__unit_128.npy"", ""256"": ""outputs/rheed_video_afm_story/variants/afm_second_order_y2_v1/phase7a_reconstruction_first/afm_texture_dataset/unit_shape_maps/6095__N6095_1um__unit_256.npy""}","{""256"": ""outputs/rheed_video_afm_story/variants/afm_second_order_y2_v1/phase7a_reconstruction_first/afm_texture_dataset/multiscale_pyramids/6095__N6095_1um__laplacian_256.npz""}"
6095,6095,N6095_1um_003,data/afm_second_order/6095/N6095_1um_003/N6095_1um_003_height.npy,data/pair/6095/AFM/N6095_1um.003,data/plane_corrected_afm/6095/N6095_1um_003/N6095_1um_003_plane_corrected.npy,1.0,1.0,256,256,nm,8.149551391601562,6.690858872094554,33.42241287231445,33.42241287231445,26.382394790649418,-0.5272769926351417,2.499277836607841,449.53331014451,575.8574785969523,0.9996059578813182,0.0003624883906346,3.155372804714449e-05,-4.024953123321981,31.37254901960784,27.45098039215686,35.29411764705882,1.2857142857142856,edc720b1bf96cf911e79d26a0dfd0156f03a7e1f2aae57972aa2587be02a23ed,8.14955158062806,6.690858822589734,33.422411870956424,26.382394552230835,47.47434425354004,-0.5272769926351417,2.499277836607841,449.53331014451,575.8574785969523,45.54806012863829,337.6005482496772,1133.178428993121,31.37254901960784,27.45098039215686,35.29411764705882,1.2857142857142856,0.9860287317231,-18.780962794510103,-15.366094868866185,-5.473660510269383,1.6844715063894005,6.099434692176601,11.01629968336465,14.64144907644632,0.999605957896453,0.0003624883749111,3.155372863588508e-05,-4.024953101157615,0.9999990804314488,0.8210086905841816,4.101131284236908,3.2372787594795227,5.825388193130493,-0.5272770785146657,2.499277869243885,55.16044554737386,70.66118312109226,5.589023268843794,41.42561775040674,139.04782154932388,31.37254901960784,27.45098039215686,35.29411764705882,1.2857142857142856,0.986028731512096,-2.304537371949811,-1.8855124336048552,-0.671651146964688,0.2066948193744233,0.7484374273255876,1.3517663258746675,1.796593912287098,0.9996059578813182,0.0003624883906346,3.155372804714449e-05,-4.024953123321981,8.149551391601562,"{""128"": ""outputs/rheed_video_afm_story/variants/afm_second_order_y2_v1/phase7a_reconstruction_first/afm_texture_dataset/physical_maps/6095__N6095_1um_003__centered_128.npy"", ""256"": ""outputs/rheed_video_afm_story/variants/afm_second_order_y2_v1/phase7a_reconstruction_first/afm_texture_dataset/physical_maps/6095__N6095_1um_003__centered_256.npy""}","{""128"": ""outputs/rheed_video_afm_story/variants/afm_second_order_y2_v1/phase7a_reconstruction_first/afm_texture_dataset/unit_shape_maps/6095__N6095_1um_003__unit_128.npy"", ""256"": ""outputs/rheed_video_afm_story/variants/afm_second_order_y2_v1/phase7a_reconstruction_first/afm_texture_dataset/unit_shape_maps/6095__N6095_1um_003__unit_256.npy""}","{""256"": ""outputs/rheed_video_afm_story/variants/afm_second_order_y2_v1/phase7a_reconstruction_first/afm_texture_dataset/multiscale_pyramids/6095__N6095_1um_003__laplacian_256.npz""}"
6095,6095,N6095_1um_004,data/afm_second_order/6095/N6095_1um_004/N6095_1um_004_height.npy,data/pair/6095/AFM/N6095_1um.004,data/plane_corrected_afm/6095/N6095_1um_004/N6095_1um_004_plane_corrected.npy,0.09375,0.09375,256,256,nm,4.511951446533203,2.9151694818829927,21.78696060180664,21.78696060180664,13.563352584838867,-2.786602449727265,10.776440088687387,317.8830605031928,430.9145959804684,0.9996172222357086,0.0003592848831755,2.3492881115912933e-05,-3.80156558780742,17.279411764705884,20.58823529411765,18.014705882352946,1.1428571428571428,5fd94a88c6ef4de4306de32364a33f5f0b55b4dcfd61e288162d08ac680bf11f,4.511951676567,2.9151695168510083,21.78696001768112,13.563353538513184,28.475569009780884,-2.786602449727265,10.776440088687387,317.8830605031928,430.9145959804684,54.65520171946142,215.74456421287596,951.4421907388096,17.279411764705884,20.58823529411765,18.014705882352946,1.1428571428571428,0.9876039704302216,-19.00251597415845,-11.012750091666383,0.6536427413280763,1.7662552868183412,2.099044380074338,2.550603446846799,2.784444043522672,0.9996172222320996,0.0003592848859345,2.349288196605973e-05,-3.801565549305814,0.9999989960880672,0.6460988070895511,4.828717374801636,3.006091445684433,6.311135649681091,-2.786602451540389,10.776440123185552,70.45348851491002,95.5050474349951,12.113409535770572,47.8162038931293,210.87151289817623,17.279411764705884,20.58823529411765,18.014705882352946,1.1428571428571428,0.987603969137855,-4.211591723121953,-2.440792622722935,0.1448690381569151,0.3914611016136889,0.4652182285410647,0.5652988229614978,0.6171256516796833,0.9996172222357086,0.0003592848831755,2.3492881115912933e-05,-3.80156558780742,4.511951446533203,"{""128"": ""outputs/rheed_video_afm_story/variants/afm_second_order_y2_v1/phase7a_reconstruction_first/afm_texture_dataset/physical_maps/6095__N6095_1um_004__centered_128.npy"", ""256"": ""outputs/rheed_video_afm_story/variants/afm_second_order_y2_v1/phase7a_reconstruction_first/afm_texture_dataset/physical_maps/6095__N6095_1um_004__centered_256.npy""}","{""128"": ""outputs/rheed_video_afm_story/variants/afm_second_order_y2_v1/phase7a_reconstruction_first/afm_texture_dataset/unit_shape_maps/6095__N6095_1um_004__unit_128.npy"", ""256"": ""outputs/rheed_video_afm_story/variants/afm_second_order_y2_v1/phase7a_reconstruction_first/afm_texture_dataset/unit_shape_maps/6095__N6095_1um_004__unit_256.npy""}","{""256"": ""outputs/rheed_video_afm_story/variants/afm_second_order_y2_v1/phase7a_reconstruction_first/afm_texture_dataset/multiscale_pyramids/6095__N6095_1um_004__laplacian_256.npz""}"
6095,6095,N6095_1um_005,data/afm_second_order/6095/N6095_1um_005/N6095_1um_005_height.npy,data/pair/6095/AFM/N6095_1um.005,data/plane_corrected_afm/6095/N6095_1um_005/N6095_1um_005_plane_corrected.npy,1.0,1.0,256,256,nm,20.48137664794922,13.132082670564191,97.71620178222656,97.71620178222656,78.1407699584961,1.8807311627147467,6.935293304100704,492.5246205142798,634.9038122679215,0.99995347088699,4.218025874069673e-05,4.348854269390625e-06,-4.26094522804433,137.2549019607843,156.8627450980392,117.6470588235294,1.3333333333333333,6b05e66016beb0a327e6bd5960ac28fc207390f93e18ef1f6ba3926020c7f8c9,20.48137546023072,13.132082771042242,97.71620883941652,78.14076948165894,104.81164741516112,1.8807311627147467,6.935293304100704,492.5246205142798,634.9038122679215,23.587877134724803,425.2887956928716,1173.103685828763,137.2549019607843,156.8627450980392,117.6470588235294,1.3333333333333333,0.9714177938200385,-25.52723280283574,-23.79979721399907,-11.892868913141529,-2.193085230318345,3.773564182790481,54.340972267659865,72.18897603658077,0.9999534708881278,4.218025759870529e-05,4.34885427362253e-06,-4.260945225893465,0.9999990044769564,0.6411712816155632,4.770974117517471,3.815207421779633,5.117407560348511,1.8807311355406864,6.9352932461844246,24.047414992792252,30.999050248763226,1.1516720076263494,20.764639907322103,57.27655183718687,137.2549019607843,156.8627450980392,117.6470588235294,1.3333333333333333,0.9714177935103692,-1.2463619004207114,-1.162020368428753,-0.580666912646816,-0.1070769335346677,0.1842435245198747,2.6531870533508797,3.52461221709676,0.99995347088699,4.218025874069673e-05,4.348854269390625e-06,-4.26094522804433,20.48137664794922,"{""128"": ""outputs/rheed_video_afm_story/variants/afm_second_order_y2_v1/phase7a_reconstruction_first/afm_texture_dataset/physical_maps/6095__N6095_1um_005__centered_128.npy"", ""256"": ""outputs/rheed_video_afm_story/variants/afm_second_order_y2_v1/phase7a_reconstruction_first/afm_texture_dataset/physical_maps/6095__N6095_1um_005__centered_256.npy""}","{""128"": ""outputs/rheed_video_afm_story/variants/afm_second_order_y2_v1/phase7a_reconstruction_first/afm_texture_dataset/unit_shape_maps/6095__N6095_1um_005__unit_128.npy"", ""256"": ""outputs/rheed_video_afm_story/variants/afm_second_order_y2_v1/phase7a_reconstruction_first/afm_texture_dataset/unit_shape_maps/6095__N6095_1um_005__unit_256.npy""}","{""256"": ""outputs/rheed_video_afm_story/variants/afm_second_order_y2_v1/phase7a_reconstruction_first/afm_texture_dataset/multiscale_pyramids/6095__N6095_1um_005__laplacian_256.npz""}"
6095,6095,N6095_1um_006,data/afm_second_order/6095/N6095_1um_006/N6095_1um_006_height.npy,data/pair/6095/AFM/N6095_1um.006,data/plane_corrected_afm/6095/N6095_1um_006/N6095_1um_006_plane_corrected.npy,1.0,1.0,256,256,nm,12.218183517456056,9.533298138297544,58.51642608642578,58.51642608642578,38.35014343261719,0.3653534922671195,3.706959321283165,446.7707230743248,610.4545636858956,0.9998348507752692,0.000152713119927,1.2436104803894862e-05,-4.209193528828085,47.05882352941176,47.05882352941176,50.98039215686274,1.0833333333333333,3c360bca52723230a82da83b080b632e179b087fc39ce2ac50b60d4e397d02f2,12.218183283909536,9.53329808580822,58.51642465591436,38.3501410484314,73.49565124511719,0.3653534922671195,3.706959321283165,446.7707230743248,610.4545636858956,19.443392337926326,320.6548903848459,1203.544890459745,47.05882352941176,47.05882352941176,50.98039215686274,1.0833333333333333,0.9774082915183664,-21.0714687592237,-19.12703831259894,-8.964877916023013,1.8710216754229088,7.0671780579836385,19.223102735832455,37.444955896690665,0.999834850785828,0.000152713111394,1.2436102778157605e-05,-4.209193660546405,0.9999990717352626,0.7802542359304068,4.789285552501682,3.138773113489151,6.015262842178345,0.3653534108517028,3.7069591837097207,36.56601831163304,49.96274724747097,1.5913624247557892,26.244051250646493,98.50431167940263,47.05882352941176,47.05882352941176,50.98039215686274,1.0833333333333333,0.9774082916325396,-1.7245976034420991,-1.5654554311055209,-0.7337318006772067,0.1531340684872602,0.5784142669421171,1.57331768238363,3.064687949059583,0.9998348507752692,0.000152713119927,1.2436104803894862e-05,-4.209193528828085,12.218183517456055,"{""128"": ""outputs/rheed_video_afm_story/variants/afm_second_order_y2_v1/phase7a_reconstruction_first/afm_texture_dataset/physical_maps/6095__N6095_1um_006__centered_128.npy"", ""256"": ""outputs/rheed_video_afm_story/variants/afm_second_order_y2_v1/phase7a_reconstruction_first/afm_texture_dataset/physical_maps/6095__N6095_1um_006__centered_256.npy""}","{""128"": ""outputs/rheed_video_afm_story/variants/afm_second_order_y2_v1/phase7a_reconstruction_first/afm_texture_dataset/unit_shape_maps/6095__N6095_1um_006__unit_128.npy"", ""256"": ""outputs/rheed_video_afm_story/variants/afm_second_order_y2_v1/phase7a_reconstruction_first/afm_texture_dataset/unit_shape_maps/6095__N6095_1um_006__unit_256.npy""}","{""256"": ""outputs/rheed_video_afm_story/variants/afm_second_order_y2_v1/phase7a_reconstruction_first/afm_texture_dataset/multiscale_pyramids/6095__N6095_1um_006__laplacian_256.npz""}"
6099,6099,N6099_1um_000,data/afm_second_order/6099/N6099_1um_000/N6099_1um_000_height.npy,data/pair/6099/AFM/N6099_1um.000,data/plane_corrected_afm/6099/N6099_1um_000/N6099_1um_000_plane_corrected.npy,1.0,1.0,256,256,nm,10.166707992553713,8.81168564530617,35.553245544433594,35.553245544433594,30.045055389404297,0.1024826815293368,1.9254700454324785,473.62607339017165,623.7740615149146,0.9997341087213928,0.0002488611542375,1.703012436944763e-05,-4.247578943773421,35.29411764705882,39.2156862745098,35.29411764705882,1.1111111111111112,fe5f60bae56165258711f2e6c92fcab96c313d5b3332ac03f789867d5c76e096,10.166708007920905,8.81168564530585,35.553243303298956,30.04505705833435,43.07069683074951,0.1024826815293368,1.9254700454324785,473.62607339017165,623.7740615149146,19.260783876140593,402.7340442959489,1184.1811299086949,35.29411764705882,39.2156862745098,35.29411764705882,1.1111111111111112,0.9814252470551464,-14.436212968200342,-13.811103104919091,-11.505295276015897,1.220551789432866,7.849568486839635,16.23395395341526,21.11703033509861,0.9997341087210088,0.0002488611542402,1.7030124751003213e-05,-4.247578936608567,0.9999990736018632,0.8667188505831306,3.4970227837562566,2.955236703157425,4.236440658569336,0.1024826877079407,1.9254700571996877,46.58593854581915,61.35451938019014,1.8944977040124835,39.612988607116705,116.47624867645152,35.29411764705882,39.2156862745098,35.29411764705882,1.1111111111111112,0.9814252470551889,-1.4199482332288815,-1.3584623049318387,-1.1316626976549222,0.1200536776960299,0.7720848162353442,1.5967743982255862,2.077074550527375,0.9997341087213928,0.0002488611542375,1.703012436944763e-05,-4.247578943773421,10.166707992553711,"{""128"": ""outputs/rheed_video_afm_story/variants/afm_second_order_y2_v1/phase7a_reconstruction_first/afm_texture_dataset/physical_maps/6099__N6099_1um_000__centered_128.npy"", ""256"": ""outputs/rheed_video_afm_story/variants/afm_second_order_y2_v1/phase7a_reconstruction_first/afm_texture_dataset/physical_maps/6099__N6099_1um_000__centered_256.npy""}","{""128"": ""outputs/rheed_video_afm_story/variants/afm_second_order_y2_v1/phase7a_reconstruction_first/afm_texture_dataset/unit_shape_maps/6099__N6099_1um_000__unit_128.npy"", ""256"": ""outputs/rheed_video_afm_story/variants/afm_second_order_y2_v1/phase7a_reconstruction_first/afm_texture_dataset/unit_shape_maps/6099__N6099_1um_000__unit_256.npy""}","{""256"": ""outputs/rheed_video_afm_story/variants/afm_second_order_y2_v1/phase7a_reconstruction_first/afm_texture_dataset/multiscale_pyramids/6099__N6099_1um_000__laplacian_256.npz""}"
6099,6099,N6099_1um_001,data/afm_second_order/6099/N6099_1um_001/N6099_1um_001_height.npy,data/pair/6099/AFM/N6099_1um.001,data/plane_corrected_afm/6099/N6099_1um_001/N6099_1um_001_plane_corrected.npy,1.0,1.0,256,256,nm,10.107203483581545,8.886829009547522,35.36375427246094,35.36375427246094,28.54488182067871,0.0489167341854766,1.8342729769479629,484.1167558604,640.4143654490252,0.9996773473876622,0.0003027386799122,1.991393242539584e-05,-4.249749526696211,35.29411764705882,35.29411764705882,35.29411764705882,1.0,4b7ba8208dc966d7777781ddfa18a992783c467614c1df934da1b1e5b3730ae3,10.107203763538385,8.886829009641412,35.36375451087952,28.54488229751587,42.16807842254639,0.0489167341854766,1.8342729769479629,484.1167558604,640.4143654490252,17.88028160553979,402.8630148227096,1184.948146721895,35.29411764705882,35.29411764705882,35.29411764705882,1.0,0.967727938893558,-14.296182964243092,-13.730764863886035,-11.365119932092824,1.220084848008952,8.440251829229197,14.814117433629832,21.067571546636422,0.9996773473865848,0.0003027386809036,1.9913932511614585e-05,-4.249749510827177,0.9999989805384067,0.8792560393552047,3.498862767219544,2.8242087066173553,4.172077178955078,0.0489167333281639,1.8342729764104937,47.89814012027051,63.362105641729976,1.769060039476564,39.85896187869747,117.23786404163737,35.29411764705882,35.29411764705882,35.29411764705882,1.0,0.9677279389262248,-1.4144533634092402,-1.358511358490188,-1.1244561970140527,0.1207142621372152,0.8350720405672003,1.4656973481271671,2.0844094038103034,0.9996773473876622,0.0003027386799122,1.991393242539584e-05,-4.249749526696211,10.107203483581543,"{""128"": ""outputs/rheed_video_afm_story/variants/afm_second_order_y2_v1/phase7a_reconstruction_first/afm_texture_dataset/physical_maps/6099__N6099_1um_001__centered_128.npy"", ""256"": ""outputs/rheed_video_afm_story/variants/afm_second_order_y2_v1/phase7a_reconstruction_first/afm_texture_dataset/physical_maps/6099__N6099_1um_001__centered_256.npy""}","{""128"": ""outputs/rheed_video_afm_story/variants/afm_second_order_y2_v1/phase7a_reconstruction_first/afm_texture_dataset/unit_shape_maps/6099__N6099_1um_001__unit_128.npy"", ""256"": ""outputs/rheed_video_afm_story/variants/afm_second_order_y2_v1/phase7a_reconstruction_first/afm_texture_dataset/unit_shape_maps/6099__N6099_1um_001__unit_256.npy""}","{""256"": ""outputs/rheed_video_afm_story/variants/afm_second_order_y2_v1/phase7a_reconstruction_first/afm_texture_dataset/multiscale_pyramids/6099__N6099_1um_001__laplacian_256.npz""}"
6099,6099,N6099_1um_002,data/afm_second_order/6099/N6099_1um_002/N6099_1um_002_height.npy,data/pair/6099/AFM/N6099_1um.002,data/plane_corrected_afm/6099/N6099_1um_002/N6099_1um_002_plane_corrected.npy,1.0,1.0,256,256,nm,13.41083812713623,10.622505532769104,71.41374206542969,71.41374206542969,34.16354751586914,1.325361097951668,6.850776819168641,506.1961924126455,669.3177596915899,0.9997727665218464,0.0002102963958099,1.6937082343638324e-05,-4.11728217701551,47.05882352941176,47.05882352941176,47.05882352941176,1.0,0168d1e5ee343bff490d2969c1a793382d6588f07827454926fd4e39482e4ffb,13.410838066456078,10.62250544636157,71.41373672485355,34.1635468006134,86.79269790649414,1.325361097951668,6.850776819168641,506.1961924126455,669.3177596915899,24.047573733586805,412.329393531828,1229.4368869577477,47.05882352941176,47.05882352941176,47.05882352941176,1.0,0.9647610544762568,-16.633679369641598,-15.810308769894895,-12.821902826978024,0.0152360642420665,8.484023972796145,18.353238030718508,54.78005735521195,0.999772766522945,0.0002102963938792,1.6937083175585384e-05,-4.117282086386905,0.9999989815558672,0.7920828331181153,5.325070959329608,2.5474554896354675,6.471825957298279,1.3253610988187248,6.850776849824993,37.7452677928089,49.908669304398806,1.7931437974821882,30.745950304834857,91.6747805245243,47.05882352941176,47.05882352941176,47.05882352941176,1.0,0.9647610543145388,-1.2403148141070215,-1.1789190974398462,-0.956084182517132,0.001136117525404,0.6326237860755116,1.3685363921956213,4.0847561452225865,0.9997727665218464,0.0002102963958099,1.6937082343638324e-05,-4.11728217701551,13.41083812713623,"{""128"": ""outputs/rheed_video_afm_story/variants/afm_second_order_y2_v1/phase7a_reconstruction_first/afm_texture_dataset/physical_maps/6099__N6099_1um_002__centered_128.npy"", ""256"": ""outputs/rheed_video_afm_story/variants/afm_second_order_y2_v1/phase7a_reconstruction_first/afm_texture_dataset/physical_maps/6099__N6099_1um_002__centered_256.npy""}","{""128"": ""outputs/rheed_video_afm_story/variants/afm_second_order_y2_v1/phase7a_reconstruction_first/afm_texture_dataset/unit_shape_maps/6099__N6099_1um_002__unit_128.npy"", ""256"": ""outputs/rheed_video_afm_story/variants/afm_second_order_y2_v1/phase7a_reconstruction_first/afm_texture_dataset/unit_shape_maps/6099__N6099_1um_002__unit_256.npy""}","{""256"": ""outputs/rheed_video_afm_story/variants/afm_second_order_y2_v1/phase7a_reconstruction_first/afm_texture_dataset/multiscale_pyramids/6099__N6099_1um_002__laplacian_256.npz""}"
6099,6099,N6099_1um_003,data/afm_second_order/6099/N6099_1um_003/N6099_1um_003_height.npy,data/pair/6099/AFM/N6099_1um.003,data/plane_corrected_afm/6099/N6099_1um_003/N6099_1um_003_plane_corrected.npy,1.0,1.0,512,512,nm,10.296222686767578,9.136165500754457,33.78141403198242,33.78141403198242,29.3762264251709,0.0070473553893096,1.6736105434386357,500.3731284798644,664.5047091520215,0.9998894018481944,9.882056130088008e-05,1.1777590504816378e-05,-3.7351507188546536,33.268101761252446,33.268101761252446,35.22504892367906,1.0588235294117647,6ac237e658d98609949ad9f3867ed18c30ccc8515ea238a65231f1b2144a3071,10.29622269429776,9.136165500755538,33.781414232254036,29.37622671127319,37.852641105651855,0.0070473553893096,1.6736105434386357,500.3731284798644,664.5047091520215,15.409401958381135,359.9718620589642,1255.5137848674158,33.268101761252446,33.268101761252446,35.22504892367906,1.0588235294117647,0.9687968512614282,-14.329327668989707,-13.807859706724695,-11.998677491987756,1.2970444561590646,8.552772045289466,15.568367004548495,19.452086563264327,0.9998894018486044,9.882056143260937e-05,1.1777589962724074e-05,-3.7351507447909142,0.9999990743983784,0.8873309479455365,3.2809491789340983,2.853104448318481,3.6763583421707153,0.0070473551938575,1.673610546239603,48.597692865551394,64.53862881101702,1.4965950258669,34.961523539387585,121.93915133795484,33.268101761252446,33.268101761252446,35.22504892367906,1.0588235294117647,0.968796851113476,-1.3917059339811844,-1.3410594882299942,-1.1653464736273331,0.1259727252790884,0.8306700734565214,1.5120449600884869,1.8892432449529135,0.9998894018481944,9.882056130088008e-05,1.1777590504816378e-05,-3.7351507188546536,10.296222686767578,"{""128"": ""outputs/rheed_video_afm_story/variants/afm_second_order_y2_v1/phase7a_reconstruction_first/afm_texture_dataset/physical_maps/6099__N6099_1um_003__centered_128.npy"", ""256"": ""outputs/rheed_video_afm_story/variants/afm_second_order_y2_v1/phase7a_reconstruction_first/afm_texture_dataset/physical_maps/6099__N6099_1um_003__centered_256.npy""}","{""128"": ""outputs/rheed_video_afm_story/variants/afm_second_order_y2_v1/phase7a_reconstruction_first/afm_texture_dataset/unit_shape_maps/6099__N6099_1um_003__unit_128.npy"", ""256"": ""outputs/rheed_video_afm_story/variants/afm_second_order_y2_v1/phase7a_reconstruction_first/afm_texture_dataset/unit_shape_maps/6099__N6099_1um_003__unit_256.npy""}","{""256"": ""outputs/rheed_video_afm_story/variants/afm_second_order_y2_v1/phase7a_reconstruction_first/afm_texture_dataset/multiscale_pyramids/6099__N6099_1um_003__laplacian_256.npz""}"
6099,6099,N6099_1um_004,data/afm_second_order/6099/N6099_1um_004/N6099_1um_004_height.npy,data/pair/6099/AFM/N6099_1um.004,data/plane_corrected_afm/6099/N6099_1um_004/N6099_1um_004_plane_corrected.npy,1.0,1.0,512,512,nm,10.340760231018066,9.117546776810672,35.394195556640625,35.394195556640625,29.717735290527344,0.1039679448238398,1.778005819409793,489.9458670584006,656.4048789082785,0.9999039818060088,8.825780165955266e-05,7.760392331693082e-06,-3.9878556978590103,33.268101761252446,33.268101761252446,35.22504892367906,1.0588235294117647,323b053288f14823e2da75bfc0c77800e5de16544e217d9dcbc6c2c7b8e04468,10.340760600875868,9.117546776805742,35.394196348190306,29.71773438453673,41.64550971984863,0.1039679448238398,1.778005819409793,489.9458670584006,656.4048789082785,22.375062016256425,378.6679832014772,1250.100596126065,33.268101761252446,33.268101761252446,35.22504892367906,1.0588235294117647,0.9813952097579114,-14.218149290847215,-13.685414744185838,-11.42338419036809,0.7709564857011703,8.864623545837965,16.03231964035089,21.17604705734309,0.9999039818061738,8.825780164315844e-05,7.760392183053977e-06,-3.987855709068948,0.9999989900678108,0.8817086016152759,3.4227812302112577,2.8738412141799916,4.0273118019104,0.1039679465984173,1.7780058205308618,47.38001302675866,63.47736316932792,2.163758197325693,36.61894217310686,120.89045193530022,33.268101761252446,33.268101761252446,35.22504892367906,1.0588235294117647,0.9813952097554745,-1.3749602662436862,-1.3234423159472843,-1.1046936510913272,0.0745550246126751,0.8572497517950635,1.550398898232707,2.0478209639675717,0.9999039818060088,8.825780165955266e-05,7.760392331693082e-06,-3.9878556978590103,10.340760231018066,"{""128"": ""outputs/rheed_video_afm_story/variants/afm_second_order_y2_v1/phase7a_reconstruction_first/afm_texture_dataset/physical_maps/6099__N6099_1um_004__centered_128.npy"", ""256"": ""outputs/rheed_video_afm_story/variants/afm_second_order_y2_v1/phase7a_reconstruction_first/afm_texture_dataset/physical_maps/6099__N6099_1um_004__centered_256.npy""}","{""128"": ""outputs/rheed_video_afm_story/variants/afm_second_order_y2_v1/phase7a_reconstruction_first/afm_texture_dataset/unit_shape_maps/6099__N6099_1um_004__unit_128.npy"", ""256"": ""outputs/rheed_video_afm_story/variants/afm_second_order_y2_v1/phase7a_reconstruction_first/afm_texture_dataset/unit_shape_maps/6099__N6099_1um_004__unit_256.npy""}","{""256"": ""outputs/rheed_video_afm_story/variants/afm_second_order_y2_v1/phase7a_reconstruction_first/afm_texture_dataset/multiscale_pyramids/6099__N6099_1um_004__laplacian_256.npz""}"
6101,6101,N6101_1um_002,data/afm_second_order/6101/N6101_1um_002/N6101_1um_002_height.npy,data/pair/6101/AFM/N6101_1um.002,data/plane_corrected_afm/6101/N6101_1um_002/N6101_1um_002_plane_corrected.npy,1.0,1.0,256,256,nm,1.3161125183105469,0.9894747799088858,7.013298988342285,7.013298988342285,4.265207290649414,0.3926055271481539,4.4282602946198875,27.077400717567905,34.13851486192085,0.9990425377732594,0.0008775775764449,7.988465029589532e-05,-3.3571698589981684,121.5686274509804,498.0392156862745,101.96078431372548,4.884615384615385,ae0d8e25b74307e87831def37f3be58b54e7924ed574ae67dc91c225a9cfb51c,1.316112531402418,0.9894747795433873,7.013299334049226,4.265207350254059,9.832732915878296,0.3926055271481539,4.4282602946198875,27.077400717567905,34.13851486192085,5.723265575756908,21.64148832075604,68.6116728535955,121.5686274509804,498.0392156862745,101.96078431372548,4.884615384615385,0.9743227208254736,-3.0764546269865125,-2.197451865145692,-0.7978926057310193,0.0040310455171973,0.700018847516051,2.067755485108367,3.9368447070627126,0.9990425377604496,0.0008775775884493,7.988465110144344e-05,-3.3571698697965906,0.999999052403466,0.7518155302987357,5.328794145584107,3.240758895874023,7.471035718917847,0.3926054333479775,4.428260249439715,20.57375365233876,25.938878057721578,4.348616595102312,16.44347998644917,52.1320291867642,121.5686274509804,498.0392156862745,101.96078431372548,4.884615384615385,0.9743227213699132,-2.3375294740757178,-1.6696519787868689,-0.6062490131220053,0.0030628352911938,0.5318832312265207,1.5711069170871546,2.9912646715083886,0.9990425377732594,0.0008775775764449,7.988465029589532e-05,-3.3571698589981684,1.3161125183105469,"{""128"": ""outputs/rheed_video_afm_story/variants/afm_second_order_y2_v1/phase7a_reconstruction_first/afm_texture_dataset/physical_maps/6101__N6101_1um_002__centered_128.npy"", ""256"": ""outputs/rheed_video_afm_story/variants/afm_second_order_y2_v1/phase7a_reconstruction_first/afm_texture_dataset/physical_maps/6101__N6101_1um_002__centered_256.npy""}","{""128"": ""outputs/rheed_video_afm_story/variants/afm_second_order_y2_v1/phase7a_reconstruction_first/afm_texture_dataset/unit_shape_maps/6101__N6101_1um_002__unit_128.npy"", ""256"": ""outputs/rheed_video_afm_story/variants/afm_second_order_y2_v1/phase7a_reconstruction_first/afm_texture_dataset/unit_shape_maps/6101__N6101_1um_002__unit_256.npy""}","{""256"": ""outputs/rheed_video_afm_story/variants/afm_second_order_y2_v1/phase7a_reconstruction_first/afm_texture_dataset/multiscale_pyramids/6101__N6101_1um_002__laplacian_256.npz""}"
6101,6101,N6101_1um_003,data/afm_second_order/6101/N6101_1um_003/N6101_1um_003_height.npy,data/pair/6101/AFM/N6101_1um.003,data/plane_corrected_afm/6101/N6101_1um_003/N6101_1um_003_plane_corrected.npy,2.0,2.0,256,256,nm,1.071201205253601,0.8681095123476765,4.656607627868652,4.656607627868652,3.468878746032715,0.2973949333021853,2.9818902636777116,16.482652528216892,24.442288545469687,0.9994575148743452,0.0004811014970658,6.138362858913107e-05,-3.427148646935994,149.01960784313724,149.01960784313724,172.54901960784312,1.1578947368421053,b933bf8f1050f9d4ee053f0dbfe2a696145808a325ca433633a0e4df046a6198,1.0712012122456582,0.8681095116667077,4.6566073179245,3.46887868642807,7.934633493423462,0.2973949333021853,2.9818902636777116,16.482652528216892,24.442288545469687,3.457677996304349,11.92749331047938,50.49178987014632,149.01960784313724,149.01960784313724,172.54901960784312,1.1578947368421053,0.9888258064712402,-2.210409181966458,-1.633982044114743,-0.7964104529759033,-0.0653754495373112,0.7272847626069443,1.834896642313327,2.4461981359580416,0.999457514861867,0.0004811015086816,6.138362945154716e-05,-3.42714864207821,0.9999990003169924,0.8104067048950221,4.347084963321686,3.238303989171982,7.407222270965576,0.2973949730104431,2.981890200970844,15.387058733848548,22.817621647211585,3.2278496489788964,11.134677354542012,47.13562398718246,149.01960784313724,149.01960784313724,172.54901960784312,1.1578947368421053,0.9888258064514044,-2.063484378943207,-1.5253719769809266,-0.7434734933469316,-0.0610299900565167,0.6789425082113723,1.7129320121910552,2.2836005843784792,0.9994575148743452,0.0004811014970658,6.138362858913107e-05,-3.427148646935994,1.071201205253601,"{""128"": ""outputs/rheed_video_afm_story/variants/afm_second_order_y2_v1/phase7a_reconstruction_first/afm_texture_dataset/physical_maps/6101__N6101_1um_003__centered_128.npy"", ""256"": ""outputs/rheed_video_afm_story/variants/afm_second_order_y2_v1/phase7a_reconstruction_first/afm_texture_dataset/physical_maps/6101__N6101_1um_003__centered_256.npy""}","{""128"": ""outputs/rheed_video_afm_story/variants/afm_second_order_y2_v1/phase7a_reconstruction_first/afm_texture_dataset/unit_shape_maps/6101__N6101_1um_003__unit_128.npy"", ""256"": ""outputs/rheed_video_afm_story/variants/afm_second_order_y2_v1/phase7a_reconstruction_first/afm_texture_dataset/unit_shape_maps/6101__N6101_1um_003__unit_256.npy""}","{""256"": ""outputs/rheed_video_afm_story/variants/afm_second_order_y2_v1/phase7a_reconstruction_first/afm_texture_dataset/multiscale_pyramids/6101__N6101_1um_003__laplacian_256.npz""}"
6101,6101,N6101_5um_000,data/afm_second_order/6101/N6101_5um_000/N6101_5um_000_height.npy,data/pair/6101/AFM/N6101_5um.000,data/plane_corrected_afm/6101/N6101_5um_000/N6101_5um_000_plane_corrected.npy,5.0,5.0,256,256,nm,1.3876571655273438,1.1054244046891548,6.2521467208862305,6.2521467208862305,4.575071334838867,0.432560599390267,2.943769139934551,13.10428679253221,17.91605011061347,0.9989803647055836,0.0009333674646342,8.62678297823648e-05,-3.4886687018406417,254.90196078431376,274.5098039215686,254.90196078431376,1.0769230769230766,1df75073be1602a972ac2b89f57d389ab135b58d519bb7f36273a31d653d9898,1.3876572275055048,1.105424404087273,6.252146673202516,4.575071394443512,9.342737674713137,0.432560599390267,2.943769139934551,13.10428679253221,17.91605011061347,2.436515073778914,9.578479111416456,39.035809146952566,254.90196078431376,274.5098039215686,254.90196078431376,1.0769230769230766,0.9963905266482732,-2.663454916168681,-2.0297101399197492,-0.9994406512274658,-0.1259659415378486,0.8234301993355835,2.5453612545237627,3.5886917570338346,0.9989803647014838,0.0009333674674426,8.62678310736543e-05,-3.4886686961640865,0.999999002427452,0.7966112083214784,4.505536472797394,3.2969718873500824,6.73273491859436,0.4325606476851946,2.9437691680028957,9.443451445155423,12.910992583023232,1.755846196606179,6.902620093562206,28.130701316897408,254.90196078431376,274.5098039215686,254.90196078431376,1.0769230769230766,0.9963905266593848,-1.9193876738640812,-1.4626870150658635,-0.7202353174778966,-0.0907759065720586,0.5933953230288478,1.8342848722842189,2.5861487989333134,0.9989803647055836,0.0009333674646342,8.62678297823648e-05,-3.4886687018406417,1.3876571655273438,"{""128"": ""outputs/rheed_video_afm_story/variants/afm_second_order_y2_v1/phase7a_reconstruction_first/afm_texture_dataset/physical_maps/6101__N6101_5um_000__centered_128.npy"", ""256"": ""outputs/rheed_video_afm_story/variants/afm_second_order_y2_v1/phase7a_reconstruction_first/afm_texture_dataset/physical_maps/6101__N6101_5um_000__centered_256.npy""}","{""128"": ""outputs/rheed_video_afm_story/variants/afm_second_order_y2_v1/phase7a_reconstruction_first/afm_texture_dataset/unit_shape_maps/6101__N6101_5um_000__unit_128.npy"", ""256"": ""outputs/rheed_video_afm_story/variants/afm_second_order_y2_v1/phase7a_reconstruction_first/afm_texture_dataset/unit_shape_maps/6101__N6101_5um_000__unit_256.npy""}","{""256"": ""outputs/rheed_video_afm_story/variants/afm_second_order_y2_v1/phase7a_reconstruction_first/afm_texture_dataset/multiscale_pyramids/6101__N6101_5um_000__laplacian_256.npz""}"
6101,6101,N6101_5um_001,data/afm_second_order/6101/N6101_5um_001/N6101_5um_001_height.npy,data/pair/6101/AFM/N6101_5um.001,data/plane_corrected_afm/6101/N6101_5um_001/N6101_5um_001_plane_corrected.npy,1.0,1.0,256,256,nm,0.7069835662841797,0.5450252192772524,3.2295033931732178,3.2295033931732178,2.4319629669189453,-0.0126940721059131,3.1283419174752347,20.718351818663137,25.971268287350576,0.999206256036081,0.0006518386389017,0.0001419053250172,-2.938120485855553,105.88235294117646,149.01960784313724,98.0392156862745,1.52,a9f9cea9a427b662e9cac463f473e0f0a42e7d78fc7c6436859db7a70b3269e6,0.7069835969020424,0.54502521965256,3.229503405094147,2.4319629073143005,4.746172189712524,-0.0126940721059131,3.1283419174752347,20.718351818663137,25.971268287350576,1.4824648056323042,16.88556450939182,50.429880748309714,105.88235294117646,149.01960784313724,98.0392156862745,1.52,0.982688478748014,-1.5917149738919314,-1.1886236922394808,-0.4065682323228891,0.0021705670702878,0.395284142946047,1.2433392150748197,1.6377884312022155,0.9992062560303973,0.0006518386446157,0.000141905324987,-2.9381204944910007,0.9999990308972768,0.7709156110567897,4.567998778820039,3.4399107694625854,6.713263988494873,-0.0126941546945922,3.1283419251549627,29.305251067864276,36.735284022878474,2.0968883963539167,23.883918086204787,71.3309778546735,105.88235294117646,149.01960784313724,98.0392156862745,1.52,0.9826884787951328,-2.2514149257395624,-1.6812590429041745,-0.5750739642832636,0.0030701897624671,0.5591130337264181,1.7586517265584112,2.316583853080476,0.999206256036081,0.0006518386389017,0.0001419053250172,-2.938120485855553,0.7069835662841797,"{""128"": ""outputs/rheed_video_afm_story/variants/afm_second_order_y2_v1/phase7a_reconstruction_first/afm_texture_dataset/physical_maps/6101__N6101_5um_001__centered_128.npy"", ""256"": ""outputs/rheed_video_afm_story/variants/afm_second_order_y2_v1/phase7a_reconstruction_first/afm_texture_dataset/physical_maps/6101__N6101_5um_001__centered_256.npy""}","{""128"": ""outputs/rheed_video_afm_story/variants/afm_second_order_y2_v1/phase7a_reconstruction_first/afm_texture_dataset/unit_shape_maps/6101__N6101_5um_001__unit_128.npy"", ""256"": ""outputs/rheed_video_afm_story/variants/afm_second_order_y2_v1/phase7a_reconstruction_first/afm_texture_dataset/unit_shape_maps/6101__N6101_5um_001__unit_256.npy""}","{""256"": ""outputs/rheed_video_afm_story/variants/afm_second_order_y2_v1/phase7a_reconstruction_first/afm_texture_dataset/multiscale_pyramids/6101__N6101_5um_001__laplacian_256.npz""}"
