target,outer_held_growth_group,inner_held_growth_group,true_target,predicted_target,absolute_error,base_to_tta_median_nm,tta_frame_std_nm,tta_roi_std_nm,tta_all_std_nm,tta_all_range_nm,tta_uncertainty_risk_score,rotation_period_risk_score,angular_tta_risk_score,estimated_period_frames,core_head_disagreement_log_std,core_head_log_range,r3d_density_ood_z,density_ood_z,r3d_support_confidence,physics_support_confidence,head_disagreement_risk_score,extreme_head_disagreement_veto,uncertainty_risk_score,confidence,outer_target_used_for_calibration
Rq_nm,6022,6028,6.072564601898193,3.835216759416489,2.237347842481704,0.06326620849615106,0.07976454487448605,0.793486996237102,0.636304264927931,2.4517547842572127,0.6590909090909091,0.29545454545454547,0.44128381452153637,30.0,0.04740292924459722,0.12681632024603395,-0.987396698732128,1.569674703643082,1.0,0.2081128697055426,0.29545454545454547,False,0.4412838145215363,0.5587161854784637,False
Rq_nm,6022,6029,2.561024904251098,2.118679409275537,0.44234549497556097,0.042916784228065996,0.3895175436081101,0.07700535707756048,0.2707596763191527,1.1341128101397975,0.5227272727272727,0.5681818181818182,0.5449808549219,33.5,2.6624284329500387,8.230660783063929,-0.43838319942269605,140.77428491977426,1.0,7.286263373770772e-62,0.9772727272727273,True,0.9772727272727273,0.022727272727272707,False
Rq_nm,6022,6033,2.5392112094198453,3.091587787233554,0.5523765778137086,0.05774881989744962,0.12468869230075759,0.2198558860595715,0.21235212020307448,0.7690594179457944,0.6136363636363636,0.9772727272727273,0.7743965926091282,40.25,0.10271345753388539,0.3055139948388794,-1.062822262298683,2.27747040094393,1.0,0.10254327227615082,0.4772727272727273,False,0.7743965926091282,0.2256034073908718,False
Rq_nm,6022,6047,3.066597064069266,3.1123688266938587,0.045771762624592593,0.0,0.1704009871532805,0.05491110035898,0.17542114147474935,0.6643873229485653,0.29545454545454547,0.4772727272727273,0.3755161736785979,31.5,0.12469174181999663,0.3513163856176431,-0.6299949535965006,-0.8355942518894526,1.0,1.0,0.6136363636363636,False,0.3755161736785979,0.6244838263214021,False
Rq_nm,6022,6048,2.455431633201468,5.0733137329461355,2.6178820997446675,0.47720867947001455,0.6818920299212202,1.5484779774793043,1.4069537318356442,4.640666263360089,0.9318181818181818,0.11363636363636363,0.32540502416537165,27.25,0.13805397562198643,0.38210657143263393,0.9040515885231797,0.7403075607437848,0.4049257392667796,0.4769671965739575,0.6590909090909091,False,0.32540502416537165,0.6745949758346284,False
Rq_nm,6022,6056,3.2253758907318115,2.597580821309527,0.6277950694222847,0.0,0.16512952793356261,0.4193665148827538,0.3829901757413429,1.2693167346912655,0.29545454545454547,0.6136363636363636,0.42579531807261806,34.5,0.029258973012842717,0.08314565112953454,-1.1336103076237098,-0.33159837619662946,1.0,1.0,0.1590909090909091,False,0.42579531807261806,0.5742046819273819,False
Rq_nm,6022,6057,5.337333679199219,1.45063460847119,3.886699070728029,0.0,0.08418038901789189,0.04402954658423129,0.0674819142482874,0.22381719542735468,0.29545454545454547,0.7954545454545454,0.4847892956295805,39.0,0.1640831348553667,0.43772349812142175,0.058043858464054854,-0.2688401212744013,0.9436085613070712,1.0,0.75,False,0.4847892956295805,0.5152107043704195,False
Rq_nm,6022,6062,3.0912147342364586,5.424806968113856,2.3335922338773973,0.01642576183209954,0.44293041460883686,0.3968723177278821,0.5165445193203683,1.9172838467816975,0.4318181818181818,0.7045454545454546,0.5515755045232544,37.5,0.11483184204466973,0.3180642768634432,-0.9712081331824363,0.20784850254203294,1.0,0.8123300933344912,0.5681818181818182,False,0.5515755045232544,0.44842449547674557,False
Rq_nm,6022,6063,5.865590098313159,5.273204001486578,0.5923860968265808,0.29814575667999677,0.5554037290174053,0.8979464309626807,0.814479703164531,2.750414392105943,0.8863636363636364,0.06818181818181818,0.24583304150890833,27.0,0.2062836082796754,0.6105817856537228,0.16013151124052566,5.541906523208676,0.8520317298480965,0.003919047955356235,0.8409090909090909,False,0.24583304150890828,0.7541669584910917,False
Rq_nm,6022,6070,3.047229528427124,2.4162697265282937,0.6309598018988303,0.127767577092897,0.6445681261908605,0.08183975936543122,0.4497170430816371,1.7481142897048243,0.8409090909090909,0.1590909090909091,0.3657608395325246,27.5,0.13870036665470126,0.39282998336919683,0.1657866717651136,-0.5475057357782969,0.8472269523428635,1.0,0.7045454545454546,False,0.3657608395325246,0.6342391604674754,False
Rq_nm,6022,6072,1.470114827156067,2.0260727265500194,0.5559578993939525,0.0,0.09264960797163715,0.04272866118853001,0.0727391122211914,0.288277624694262,0.29545454545454547,0.7045454545454546,0.4562468159064712,37.5,0.10842525069007339,0.3036712491853337,1.0265617651184116,-0.02476348633636509,0.3582365469460397,1.0,0.5227272727272727,False,0.4562468159064712,0.5437531840935288,False
Rq_nm,6022,6078,2.0597975274126674,3.3306649626221505,1.270867435209483,0.0,0.10447739858945927,0.1310352344525225,0.13177153236517233,0.4322169228413064,0.29545454545454547,0.8863636363636364,0.511742284054441,39.25,0.027728987547611095,0.08798801497498276,-0.3528465035980547,-1.3703277892397514,1.0,1.0,0.11363636363636363,False,0.511742284054441,0.488257715945559,False
Rq_nm,6022,6080,4.336027222470414,2.2941608451969855,2.0418663772734287,0.08709924274197567,0.13163174293894686,0.15969518655233883,0.1552541975846717,0.4526873743793465,0.7045454545454546,0.9318181818181818,0.8102519759079949,39.5,0.04346222481234868,0.1273237811239556,2.3193135044291706,1.3440499199066218,0.09834107314790787,0.2607873590755644,0.25,False,0.8102519759079949,0.18974802409200509,False
Rq_nm,6022,6081,3.181477069854736,3.7819364387667918,0.6004593689120559,0.0,0.07742417727987706,0.15613224734934397,0.16441798776312785,0.5559290074190479,0.29545454545454547,0.75,0.4707344358456359,37.75,0.05787125682758593,0.15694167266191394,-0.6274243229938209,-0.4113335308408465,1.0,1.0,0.3409090909090909,False,0.4707344358456359,0.5292655641543641,False
Rq_nm,6022,6082,1.863613247871399,2.5794633521152486,0.7158501042438496,0.11531902198251487,0.10843049269361447,0.2700206917511163,0.23210237795999522,0.9609391285957205,0.75,0.5227272727272727,0.6261353324525414,32.0,0.02599391866180341,0.08273812526649682,1.737538402836095,1.3554111326346365,0.17595299335344988,0.2578412656984942,0.06818181818181818,False,0.6261353324525414,0.3738646675474586,False
Rq_nm,6022,6084,1.9596685775258929,2.8992829538618086,0.9396143763359157,0.011933106545037209,0.057549249854847315,0.12791027710491126,0.1298998384591784,0.4417665804948405,0.38636363636363635,0.38636363636363635,0.38636363636363635,31.0,0.012747166604989582,0.03572311816147522,-0.30508659324574194,-1.5449659194612781,1.0,1.0,0.022727272727272728,False,0.38636363636363635,0.6136363636363636,False
Rq_nm,6022,6085,3.1255097083820487,4.058422552399257,0.9329128440172085,0.12403984888274522,0.2709693178668034,0.6049831096500629,0.5360843683181851,1.9378646394503476,0.7954545454545454,0.4318181818181818,0.5860816799194376,31.25,0.0817725697975927,0.24152701179262426,-2.090861367809391,-0.5042086477559778,1.0,1.0,0.4318181818181818,False,0.5860816799194376,0.4139183200805624,False
Rq_nm,6022,6090,4.685108184814453,3.7309586354231845,0.9541495493912686,0.0,0.3555884551803802,0.1697253242122635,0.28757636513450824,1.2022494181192602,0.29545454545454547,0.022727272727272728,0.08194434716963613,25.25,0.04058417585712265,0.12151343510237078,-0.4220079872448695,2.2031563340152536,1.0,0.11045397793951116,0.20454545454545456,False,0.08194434716963617,0.9180556528303638,False
Rq_nm,6022,6094,4.092223385079066,5.045357590205446,0.9531342051263803,0.03499735839712059,0.3503995572824166,0.24318132294316896,0.30584601683537455,1.0901202022352052,0.4772727272727273,0.29545454545454547,0.3755161736785979,30.0,0.1919135476712047,0.5406012899787116,0.27807984928305984,0.9364290688658982,0.7572363543202373,0.3920252339798554,0.7954545454545454,False,0.3755161736785979,0.6244838263214021,False
Rq_nm,6022,6095,9.867135047912596,6.3296286782349,3.537506369677696,0.051583887853145605,0.6929509232264895,0.1831796575972886,0.5059889797751778,1.7009735848325995,0.5681818181818182,0.20454545454545456,0.34090909090909094,28.75,0.06951144092205379,0.2076370832242831,0.31546574013949413,0.4064058792989228,0.7294490614353343,0.6660397807971462,0.38636363636363635,False,0.34090909090909094,0.6590909090909091,False
Rq_nm,6022,6099,10.321437835693361,8.50411800034835,1.8173198353450104,0.6442759849338442,0.3658194964304467,0.6566488496857841,0.5789784276374501,1.9197445366146502,0.9772727272727273,0.38636363636363635,0.6144775379361715,31.0,0.2423005267464694,0.6564571566038258,1.237131177867517,-0.35033402421692794,0.29021560176422423,1.0,0.9318181818181818,False,0.6144775379361715,0.38552246206382845,False
Rq_nm,6022,6101,1.2270276091477796,1.6703714000653407,0.44334379091756104,0.010635347123785888,0.032817851044525455,0.08314025175043976,0.06993364554845728,0.27497372291026667,0.3409090909090909,0.8863636363636364,0.5496993919294465,39.25,0.23571510738297513,0.6265024415585279,0.2140762106715889,-0.03637290313748266,0.8072868588045596,1.0,0.8863636363636364,False,0.5496993919294465,0.4503006080705535,False
Rq_nm,6028,6022,1.6493401527404783,2.7252121047447213,1.075871952004243,0.6677649074737357,0.30148008256407965,0.9087116353907395,0.7665526160659871,2.178147541978725,0.9772727272727273,0.11363636363636363,0.3332472340594359,27.0,0.09841049772179535,0.3019974500223135,4.5614492092322685,48.74967748114875,0.010446908211959047,6.734169995116221e-22,0.6136363636363636,False,0.3332472340594359,0.6667527659405641,False
Rq_nm,6028,6029,2.561024904251098,1.985903752521489,0.5751211517296091,0.03678091458110355,0.347736529404105,0.051332015327577675,0.23809265056472537,0.998350876468354,0.4772727272727273,0.5681818181818182,0.5207472380631637,33.5,0.08521704622157514,0.25308101711288755,-0.7083984719528023,62.80557804690572,1.0,5.295220159420668e-28,0.5227272727272727,False,0.5207472380631637,0.4792527619368363,False
Rq_nm,6028,6033,2.5392112094198453,3.558637772054731,1.0194265626348855,0.03180055233505552,0.17617259897657442,0.2695989471753374,0.2834086253350409,1.1266986845084386,0.38636363636363635,0.9772727272727273,0.6144775379361715,40.25,0.06548436341844348,0.19147552038885962,-1.018168932908676,2.056249091087362,1.0,0.1279329358437134,0.29545454545454547,False,0.6144775379361715,0.38552246206382845,False
Rq_nm,6028,6047,3.066597064069266,3.42998559413207,0.3633885300628039,0.0,0.14877457289890617,0.0363889271877412,0.1649490429221637,0.5041154091242781,0.25,0.4772727272727273,0.3454246398538787,31.5,0.13735395074415566,0.3798293255152143,-1.0854753697895743,-0.909898666221916,1.0,1.0,0.7954545454545454,False,0.3454246398538787,0.6545753601461213,False
Rq_nm,6028,6048,2.455431633201468,2.2413534903742063,0.21407814282726179,0.15961025871640055,0.40278912445615334,0.561547690160137,0.5237485697781045,1.5949360604039335,0.7954545454545454,0.1590909090909091,0.35573808732951195,27.25,0.12166573011691596,0.32892751201253345,1.8207806897127228,0.7468446055765067,0.16189930845952197,0.4738594095647896,0.7045454545454546,False,0.35573808732951195,0.644261912670488,False
Rq_nm,6028,6056,3.2253758907318115,2.3434344014199153,0.8819414893118962,0.0,0.16365962674510132,0.39554050042708083,0.36644816805036745,1.1564505529830305,0.25,0.6136363636363636,0.39167472590032015,34.5,0.05405471521962662,0.1592460962627209,-1.3305092669028873,-0.4947115137417828,1.0,1.0,0.25,False,0.39167472590032015,0.6083252740996798,False
Rq_nm,6028,6057,5.337333679199219,1.3713267802351252,3.9660068989640935,0.01691124125138721,0.09079020811462717,0.033971102201725875,0.06752634689034584,0.23415322950388995,0.29545454545454547,0.7954545454545454,0.4847892956295805,39.0,0.296598501510138,0.8008146012484829,-0.07578472390406392,-0.17754505242732788,1.0,1.0,0.9772727272727273,True,0.9772727272727273,0.022727272727272707,False
Rq_nm,6028,6062,3.0912147342364586,4.853558428070402,1.7623436938339432,0.06195427225798067,0.44295157560065446,0.2565589384027799,0.45873748586666807,1.7092632348760928,0.5681818181818182,0.7045454545454546,0.632700495776139,37.5,0.08569378288996471,0.24286754081951334,-0.23823071822900443,0.10530619139722165,1.0,0.9000488931625746,0.5681818181818182,False,0.632700495776139,0.36729950422386104,False
Rq_nm,6028,6063,5.865590098313159,5.198811891905635,0.6667782064075238,0.3068827396121794,0.3759546874728433,0.8822528953059974,0.7422557936778443,2.648865353248471,0.8863636363636364,0.11363636363636363,0.31736909190383955,27.0,0.13300118509556275,0.3895963727979379,-0.0051538659564274066,4.623033930215991,1.0,0.009822948665857277,0.75,False,0.31736909190383955,0.6826309080961604,False
Rq_nm,6028,6070,3.047229528427124,2.18239480144774,0.8648347269793839,0.12558582443115984,0.08158708028047809,0.05545745287157225,0.07062476204015557,0.23625663737523483,0.7045454545454546,0.20454545454545456,0.3796202974656833,27.5,0.17497302608060245,0.4823132784709001,-0.15181175174056846,-0.7083136683724285,1.0,1.0,0.8863636363636364,False,0.37962029746568327,0.6203797025343167,False
Rq_nm,6028,6072,1.470114827156067,2.443680252629466,0.973565425473399,0.01705245804477551,0.11802047998881886,0.05685568234704293,0.093566727679917,0.3640324608617127,0.3409090909090909,0.7045454545454546,0.49008769665563234,37.5,0.07924315954542953,0.23010105596869335,0.7603945984216989,0.04532345195927266,0.467481922980823,0.9556883125779374,0.4772727272727273,False,0.49008769665563234,0.5099123033443677,False
Rq_nm,6028,6078,2.0597975274126674,3.405744155012607,1.3459466275999397,0.0,0.1086896506746848,0.16185950756632086,0.15562643854394562,0.5729544025679831,0.25,0.8863636363636364,0.4707344358456359,39.25,0.01850252334193158,0.058845739936968844,-0.3630064948011624,-1.1290329715904157,1.0,1.0,0.1590909090909091,False,0.4707344358456359,0.5292655641543641,False
Rq_nm,6028,6080,4.336027222470414,2.146752730534228,2.189274491936186,0.0937513095248046,0.1302988698667774,0.17299105452433358,0.1663422545874653,0.5930232478167341,0.6590909090909091,0.9318181818181818,0.783679074980303,39.5,0.009942002732965926,0.02661812450189882,1.6602392183738572,1.4257319322447657,0.19009350080385246,0.24033249171644147,0.022727272727272728,False,0.783679074980303,0.21632092501969702,False
Rq_nm,6028,6081,3.181477069854736,4.281575633749454,1.100098563894718,0.07688590073000956,0.12631837425987769,0.11016496933630193,0.2157948604020967,0.6782195610060104,0.6136363636363636,0.75,0.6784005252999681,37.75,0.01593042399273791,0.04355536363169943,-0.6660315370708474,-0.23498096129818682,1.0,1.0,0.11363636363636363,False,0.6784005252999681,0.3215994747000319,False
Rq_nm,6028,6082,1.863613247871399,2.9546310200687333,1.0910177721973344,0.15077504315915347,0.12272463900464789,0.2977385674010444,0.2529012684784829,1.0458915397843729,0.75,0.5227272727272727,0.6261353324525414,32.0,0.015286029627161453,0.04620748407203479,1.5815402622114276,1.2711038000309312,0.20565808674768082,0.2805218108416906,0.06818181818181818,False,0.6261353324525414,0.3738646675474586,False
Rq_nm,6028,6084,1.9596685775258929,3.2049852234194818,1.245316645893589,0.03508148311693171,0.11171648620432577,0.10242174086258862,0.14062734058799142,0.5322607444098018,0.4318181818181818,0.38636363636363635,0.4084591080820779,31.0,0.041303122717222966,0.12107562841704467,-0.4453823205982996,-1.5970208581034857,1.0,1.0,0.20454545454545456,False,0.40845910808207786,0.5915408919179221,False
Rq_nm,6028,6085,3.1255097083820487,3.909196507333273,0.7836867989512242,0.1667829340694551,0.2662342785237448,0.5940194616011788,0.5286273626661532,1.8669513430303022,0.8409090909090909,0.4318181818181818,0.6025942537983114,31.25,0.07682333190504108,0.22821554139973,-1.1713664420483483,-0.49433318329317727,1.0,1.0,0.4318181818181818,False,0.6025942537983114,0.39740574620168856,False
Rq_nm,6028,6090,4.685108184814453,3.9261263037509453,0.7589818810635078,0.0589327660676493,0.4383430377390501,0.21257807584623875,0.36270780065962915,1.4902009375168248,0.5227272727272727,0.022727272727272728,0.10899617098438,25.25,0.11685639967138221,0.3235635917223292,-0.6621783242970078,2.445618953072315,1.0,0.08667247210317393,0.6590909090909091,False,0.10899617098437997,0.89100382901562,False
Rq_nm,6028,6094,4.092223385079066,4.032207405873233,0.06001597920583279,0.0,0.34084078726352984,0.22960404215206404,0.29849924898491903,1.0171572266974378,0.25,0.29545454545454547,0.2717786532523045,30.0,0.06806455488472675,0.18172016473084418,0.8213697853338998,0.9758057836293543,0.4398287706900428,0.37688854055974885,0.3409090909090909,False,0.27177865325230455,0.7282213467476955,False
Rq_nm,6028,6095,9.867135047912596,6.628797120570534,3.2383379273420623,0.0,0.6366644194919258,0.23748394873469733,0.46918382224834443,1.45845957874086,0.25,0.25,0.25,28.75,0.07214744753762024,0.21388949750775432,0.11975638537951953,0.17363131190043282,0.8871365298233961,0.8406067622428837,0.38636363636363635,False,0.25,0.75,False
Rq_nm,6028,6099,10.321437835693361,6.651216798865264,3.6702210368280968,0.4278085517984307,0.3188642937690789,0.48754279782064297,0.4244619033003104,1.3488589106846023,0.9318181818181818,0.38636363636363635,0.6000172173838221,31.0,0.16971181936188856,0.4582694745958986,1.4169690992717174,-0.2739765862086266,0.24244773944530223,1.0,0.8409090909090909,False,0.6000172173838221,0.3999827826161779,False
Rq_nm,6028,6101,1.2270276091477796,1.4273172828223863,0.2002896736746067,0.0,0.04879271182800942,0.06854365913676634,0.06412052358019887,0.21668396487585295,0.25,0.8863636363636364,0.4707344358456359,39.25,0.26593580726771576,0.7075297538694302,0.11398892234425402,-0.03190886688845442,0.8922678400636269,1.0,0.9318181818181818,False,0.4707344358456359,0.5292655641543641,False
Rq_nm,6029,6022,1.6493401527404783,2.614958477097526,0.9656183243570478,0.8402904720139448,0.36774502519929403,1.0231448546525688,0.8565353479896699,2.4418983944310786,0.9772727272727273,0.11363636363636363,0.3332472340594359,27.0,1.766657420178312,5.496131182766929,3.21784662852082,101.02888560150369,0.040041189046067335,1.3295738671220898e-44,0.9772727272727273,True,0.9772727272727273,0.022727272727272707,False
Rq_nm,6029,6028,6.072564601898193,3.7361441675060445,2.336420434392149,0.15515540031595432,0.19586055350688156,0.8241009092605744,0.6691051876603508,2.452755223138043,0.7045454545454546,0.3409090909090909,0.49008769665563234,30.0,0.03222586822785346,0.08830392317241142,-0.92513914859154,1.3670998820057616,1.0,0.25484496935915635,0.022727272727272728,False,0.49008769665563234,0.5099123033443677,False
Rq_nm,6029,6033,2.5392112094198453,3.4874572682371667,0.9482460588173214,0.03272164758713059,0.19931356379329737,0.2776533350310658,0.2958884450268658,1.1912635354735444,0.4318181818181818,0.9772727272727273,0.6496184512707478,40.25,0.07179031488997178,0.2222776730891085,-0.925616820549836,2.0584525007593983,1.0,0.12765135750564235,0.38636363636363635,False,0.6496184512707478,0.3503815487292522,False
Rq_nm,6029,6047,3.066597064069266,3.5344263116922976,0.46782924762303146,0.0,0.15915246448487097,0.0373044319293564,0.17483522581243066,0.566477117048561,0.20454545454545456,0.5227272727272727,0.32698851295313996,31.5,0.15227460177458008,0.4279200938457688,-0.3727191740944005,-0.9361710869712306,1.0,1.0,0.7045454545454546,False,0.32698851295314,0.67301148704686,False
Rq_nm,6029,6048,2.455431633201468,2.2534705885713957,0.20196104463007236,0.1927986151354597,0.3981923047149116,0.6025901763240239,0.551184627792919,1.7238913639013378,0.7954545454545454,0.1590909090909091,0.35573808732951195,27.25,0.12811449808314748,0.3629044199550838,1.5846179145195904,0.8085967750353279,0.20502611565478865,0.4454827403438608,0.6590909090909091,False,0.35573808732951195,0.644261912670488,False
Rq_nm,6029,6056,3.2253758907318115,2.415365951909088,0.8100099388227235,0.0,0.1796973371096368,0.4383157927666746,0.40532463010735825,1.2802237820010995,0.20454545454545456,0.6136363636363636,0.35428311972999765,34.5,0.06188635730754825,0.16854367522959013,-0.5444458415515708,-0.40079480452849864,1.0,1.0,0.3409090909090909,False,0.3542831197299976,0.6457168802700024,False
Rq_nm,6029,6057,5.337333679199219,1.3369044420247849,4.000429237174433,0.011212006942286079,0.09203563396003349,0.034419514795635014,0.06871024719277823,0.24100216191875545,0.29545454545454547,0.7954545454545454,0.4847892956295805,39.0,0.313841629817259,0.8445647759709403,-0.12767888899868296,-0.40008906855771126,1.0,1.0,0.9318181818181818,False,0.4847892956295805,0.5152107043704195,False
Rq_nm,6029,6062,3.0912147342364586,5.26128873966293,2.1700740054264718,0.11104166381599612,0.5493160853153646,0.2963953197659177,0.5281729378574176,1.9929238510851839,0.6136363636363636,0.7045454545454546,0.6575216427949743,37.5,0.08506037738842251,0.23773168361387897,-1.0480044715465904,0.17686232256217224,1.0,0.8378951358376454,0.4318181818181818,False,0.6575216427949743,0.34247835720502573,False
Rq_nm,6029,6063,5.865590098313159,5.558909916469911,0.3066801818432472,0.3264025507311583,0.4317639254612943,0.985277175446566,0.8295001916032991,2.9314802903361565,0.8863636363636364,0.11363636363636363,0.31736909190383955,27.0,0.21268123325599583,0.619462662836838,0.024568831748234866,5.0093700530076495,0.9757305253690743,0.0066751069456252865,0.8409090909090909,False,0.31736909190383955,0.6826309080961604,False
Rq_nm,6029,6070,3.047229528427124,2.1665923844194146,0.8806371440077094,0.11840896690389613,0.10002404736642659,0.05711992292746106,0.0788753490108204,0.2762591800523322,0.6590909090909091,0.20454545454545456,0.36717032775917074,27.5,0.1820609481002897,0.513856290446431,-0.034268588461652066,-0.48071868695431386,1.0,1.0,0.7954545454545454,False,0.3671703277591707,0.6328296722408293,False
Rq_nm,6029,6072,1.470114827156067,2.278732188837856,0.8086173616817893,0.01593586755050369,0.09589639890890408,0.054214758719643416,0.08040022761766362,0.30832990849231257,0.3409090909090909,0.7045454545454546,0.49008769665563234,37.5,0.08693894464646319,0.24577254214208089,0.6197301252139369,-0.022863220819544706,0.5380896348263389,1.0,0.4772727272727273,False,0.49008769665563234,0.5099123033443677,False
Rq_nm,6029,6078,2.0597975274126674,3.2185327764193783,1.1587352490067109,0.0,0.11819490044803956,0.15599804251891897,0.1548387739047672,0.5797463808649921,0.20454545454545456,0.8863636363636364,0.42579531807261806,39.25,0.05039720303237061,0.1520371013279127,-0.3684609189226984,-1.2180097963779322,1.0,1.0,0.25,False,0.42579531807261806,0.5742046819273819,False
Rq_nm,6029,6080,4.336027222470414,2.306145103182169,2.0298821192882452,0.09607745306427029,0.13253879440818064,0.1851351555321624,0.17507754186088925,0.6106098193125225,0.5681818181818182,0.9318181818181818,0.7276277542537328,39.5,0.057079585102798217,0.16039383031369014,1.7283158933338671,1.8564695666640394,0.1775832273760765,0.15622319350311845,0.29545454545454547,False,0.7276277542537328,0.27237224574626717,False
Rq_nm,6029,6081,3.181477069854736,4.074455647811689,0.8929785779569532,0.09372864787983914,0.12376945256193596,0.10538171249420791,0.21405668817511714,0.6619682506101614,0.5227272727272727,0.75,0.6261353324525414,37.75,0.04485283368627564,0.12484761291454616,-0.6179463928634086,-0.3746942118701824,1.0,1.0,0.1590909090909091,False,0.6261353324525414,0.3738646675474586,False
Rq_nm,6029,6082,1.863613247871399,3.1150542682581372,1.2514410203867383,0.17867572706470547,0.11449802067587375,0.3517751782951685,0.2918748742317491,1.2248634451024962,0.75,0.5681818181818182,0.6527912098338668,32.0,0.04387212161566492,0.1326575956226762,1.4865428356267958,1.188061086513213,0.22615315423362795,0.3048116949908398,0.11363636363636363,False,0.6527912098338668,0.34720879016613315,False
Rq_nm,6029,6084,1.9596685775258929,3.2218298761759683,1.2621612986500754,0.0,0.13665046200288955,0.1156927677555835,0.16275795295742088,0.6205431383153655,0.20454545454545456,0.4318181818181818,0.29719765524140956,31.0,0.03631947665305903,0.09964463984364968,-0.30826477118941287,-1.3937114080301498,1.0,1.0,0.06818181818181818,False,0.2971976552414095,0.7028023447585905,False
Rq_nm,6029,6085,3.1255097083820487,4.2084620038880445,1.0829522955059958,0.20889557334771558,0.29682999430081425,0.6816059256504133,0.6004187289357181,2.139533507161934,0.8409090909090909,0.4772727272727273,0.6335163574893797,31.25,0.09262042954748455,0.27489899199332224,-1.840628498100531,-0.34439839995198596,1.0,1.0,0.5227272727272727,False,0.6335163574893797,0.36648364251062027,False
Rq_nm,6029,6090,4.685108184814453,3.94105595492383,0.7440522298906229,0.056710269718306616,0.5083062447692317,0.22546361576979734,0.4103565470044882,1.6601019662929968,0.4772727272727273,0.022727272727272728,0.10414944761263273,25.25,0.049399631944523154,0.14950698043469557,-0.5046620891124052,2.054697784464384,1.0,0.12813155307266422,0.20454545454545456,False,0.10414944761263278,0.8958505523873672,False
Rq_nm,6029,6094,4.092223385079066,3.9994847091215866,0.09273867595747953,0.018503846580168126,0.3290838681276342,0.22910177305438498,0.29358587043716194,1.0185256085809344,0.38636363636363635,0.3409090909090909,0.36292544142434796,30.0,0.10156523803124991,0.2958293942505299,0.9116115055281714,0.7590428105829076,0.4018760764083907,0.46811428667364324,0.5681818181818182,False,0.3629254414243479,0.6370745585756521,False
Rq_nm,6029,6095,9.867135047912596,7.216707876452085,2.650427171460511,0.006603022179727525,0.8216431881955547,0.2791921282080597,0.5969380058325297,1.8529802693781203,0.25,0.25,0.25,28.75,0.10441825699992072,0.30509187288947937,0.16394189124544378,0.3334612886847481,0.8487913426550082,0.7164396324236252,0.6136363636363636,False,0.25,0.75,False
Rq_nm,6029,6099,10.321437835693361,6.844535320933294,3.4769025147600674,0.4525078257530497,0.3400416029731111,0.575264417340115,0.491934399891616,1.4608235934982314,0.9318181818181818,0.4318181818181818,0.6343311698614937,31.0,0.17009707353004289,0.4617925053411178,0.8031334886094126,-0.41401185968565546,0.4479232005485827,1.0,0.75,False,0.6343311698614937,0.36566883013850626,False
Rq_nm,6029,6101,1.2270276091477796,1.3905593400474927,0.16353173089971307,0.0,0.05467863296525131,0.066139616795582,0.06479123246662709,0.20357714443430552,0.20454545454545456,0.8863636363636364,0.42579531807261806,39.25,0.2788921196408016,0.7417370037999563,0.6366586854695794,-0.08043705572171296,0.5290572206095847,1.0,0.8863636363636364,False,0.42579531807261806,0.5742046819273819,False
Rq_nm,6033,6022,1.6493401527404783,2.7590064974719533,1.109666344731475,0.7517253832134485,0.3349577414234572,0.9852920623590623,0.828388110355704,2.3578099136395627,0.9772727272727273,0.11363636363636363,0.3332472340594359,27.0,0.09271038342134355,0.2530626571704404,3.334723016910322,59.03047152750977,0.03562445221579341,2.308829971415242e-26,0.5227272727272727,False,0.3332472340594359,0.6667527659405641,False
Rq_nm,6033,6028,6.072564601898193,3.732924943314169,2.3396396585840242,0.13619158113791707,0.1944609603226976,0.8042923053000771,0.653116248416024,2.37847823487085,0.7045454545454546,0.3409090909090909,0.49008769665563234,30.0,0.0339319076787873,0.09481520730646897,-0.8778677790121443,1.4377159707467906,1.0,0.23746952708576596,0.11363636363636363,False,0.49008769665563234,0.5099123033443677,False
Rq_nm,6033,6029,2.561024904251098,2.093891233399115,0.4671336708519833,0.029646398552070963,0.3882010082428172,0.05168456855168472,0.2655430055381973,1.1025671233486842,0.38636363636363635,0.6136363636363636,0.48691557467337615,33.5,0.0622280843290917,0.18720894796693888,-0.6587617238943453,73.49299666687722,1.0,1.2089186821300626e-32,0.3409090909090909,False,0.4869155746733762,0.5130844253266238,False
Rq_nm,6033,6047,3.066597064069266,3.701735941766217,0.6351388776969507,0.0,0.15745973716282963,0.03596254630116928,0.17427658098994633,0.5422981643936513,0.20454545454545456,0.5227272727272727,0.32698851295313996,31.5,0.16293567583107615,0.45416916063830826,-1.0746348037869944,-1.1094101730948798,1.0,1.0,0.7954545454545454,False,0.32698851295314,0.67301148704686,False
Rq_nm,6033,6048,2.455431633201468,2.238902101969795,0.21652953123167284,0.1705883375372017,0.40253137014422813,0.5989734725457008,0.5497669570100958,1.702343352614292,0.75,0.1590909090909091,0.3454246398538787,27.25,0.15633230691329736,0.4467752912817682,1.082345431549136,0.5283295392863998,0.33879996092115067,0.5895890328466332,0.75,False,0.3454246398538787,0.6545753601461213,False
Rq_nm,6033,6056,3.2253758907318115,2.55949008966559,0.6658858010662216,0.0,0.182022819407036,0.4703596753912419,0.4297964047668335,1.3615941796343565,0.20454545454545456,0.6590909090909091,0.36717032775917074,34.5,0.06271181718107184,0.1736162091652309,-1.251702772711202,-0.4212196033079881,1.0,1.0,0.38636363636363635,False,0.3671703277591707,0.6328296722408293,False
Rq_nm,6033,6057,5.337333679199219,1.3643471574989252,3.9729865217002933,0.016591245392534093,0.09269878648393208,0.034004930810819324,0.06884325409091616,0.2413267258482148,0.29545454545454547,0.8409090909090909,0.4984480045332116,39.0,0.2897555190429672,0.7915814250697979,-0.2058351061111237,-0.2899612217488748,1.0,1.0,0.9772727272727273,True,0.9772727272727273,0.022727272727272707,False
Rq_nm,6033,6062,3.0912147342364586,5.343663312787089,2.2524485785506303,0.11325160516495814,0.5398767347205099,0.2878943749872631,0.5268318757196085,1.9893545502125445,0.6136363636363636,0.75,0.6784005252999681,37.5,0.10444677298164591,0.29139977102464876,-0.8540960589024521,0.2351948399263866,1.0,0.7904168298676773,0.6136363636363636,False,0.6784005252999681,0.3215994747000319,False
Rq_nm,6033,6063,5.865590098313159,5.660695487025772,0.2048946112873864,0.34209815806178856,0.43322255583793473,0.9811924797598455,0.8257998518307303,2.879590666639697,0.8863636363636364,0.11363636363636363,0.31736909190383955,27.0,0.12747757581319402,0.354314300290697,-0.17492630255462976,6.437462457478246,1.0,0.0016004627745252278,0.7045454545454546,False,0.31736909190383955,0.6826309080961604,False
Rq_nm,6033,6070,3.047229528427124,2.299461989801812,0.747767538625312,0.12293876662101688,0.10161121431073603,0.057537663718657414,0.07854832406378898,0.27774902796392187,0.6590909090909091,0.20454545454545456,0.36717032775917074,27.5,0.16722891427061354,0.46216230616417286,-0.24120712048514056,-0.6047167075907969,1.0,1.0,0.8409090909090909,False,0.3671703277591707,0.6328296722408293,False
Rq_nm,6033,6072,1.470114827156067,2.435770445896993,0.965655618740926,0.023171858485138586,0.10144571368782579,0.0590065561466034,0.08516809099715904,0.32321176100855586,0.3409090909090909,0.75,0.5056498968474316,37.5,0.07815649966201499,0.20805779597386675,0.5206818041370926,-0.0025942911981475586,0.5941153395530863,1.0,0.4772727272727273,False,0.5056498968474316,0.49435010315256844,False
Rq_nm,6033,6078,2.0597975274126674,3.358300382109182,1.2985028546965145,0.0,0.11387219003550854,0.15348009497000448,0.15078499885242103,0.5551077694144602,0.20454545454545456,0.9318181818181818,0.43657665255223965,39.25,0.030622599292249014,0.09743564617922273,-0.48022166358520735,-1.5824443428941017,1.0,1.0,0.06818181818181818,False,0.43657665255223965,0.5634233474477603,False
Rq_nm,6033,6080,4.336027222470414,2.2872450473240664,2.0487821751463478,0.08705409620702254,0.13241293634997475,0.18632143241062107,0.1768541270831008,0.6235730680591498,0.5227272727272727,0.9772727272727273,0.7147356906143812,39.5,0.02012644305327443,0.056791937273346194,1.1156267916337026,1.342370801684001,0.3277098087464244,0.2612256197251681,0.022727272727272728,False,0.7147356906143812,0.28526430938561875,False
Rq_nm,6033,6081,3.181477069854736,4.3534642084052155,1.1719871385504796,0.09207329081841209,0.13769069367662573,0.10757928972580028,0.2296287372482927,0.7004030182811887,0.5681818181818182,0.7954545454545454,0.6722817935340473,37.75,0.036597444382938556,0.11493046409089036,-0.467857802591755,-0.4771140225516962,1.0,1.0,0.1590909090909091,False,0.6722817935340473,0.32771820646595273,False
Rq_nm,6033,6082,1.863613247871399,3.2004725885527336,1.3368593406813347,0.1722925536599904,0.11004881981469848,0.3471516762799334,0.28731754817148136,1.2033044754356848,0.7954545454545454,0.5681818181818182,0.6722817935340473,32.0,0.03728581907536646,0.1031981614421138,0.9423541343936576,1.4155340367473508,0.38970932650701673,0.2427959168787377,0.20454545454545456,False,0.6722817935340473,0.32771820646595273,False
Rq_nm,6033,6084,1.9596685775258929,3.3288342733167764,1.3691656957908835,0.005745931052246522,0.13880889529787302,0.10817187497092876,0.15928464845993942,0.6149023837791625,0.25,0.4318181818181818,0.32856437033638547,31.0,0.05092221673122771,0.13533442851136313,-0.005319267372647481,-1.60364026981451,1.0,1.0,0.29545454545454547,False,0.3285643703363854,0.6714356296636146,False
Rq_nm,6033,6085,3.1255097083820487,4.285546669825622,1.160036961443573,0.20409003475637366,0.2989474368377317,0.6827840745175776,0.6011020763356462,2.1171254498928853,0.8409090909090909,0.4772727272727273,0.6335163574893797,31.25,0.11115335189650807,0.31079161463630345,-1.9143708803435298,-0.4945159514969262,1.0,1.0,0.6590909090909091,False,0.6335163574893797,0.36648364251062027,False
Rq_nm,6033,6090,4.685108184814453,4.035318969981381,0.6497892148330724,0.084529372486009,0.49154845782399115,0.22755860286986612,0.40060764750019734,1.6211850765339086,0.4772727272727273,0.022727272727272728,0.10414944761263273,25.25,0.048487680844997084,0.14291948229113793,-0.4430846680367853,2.0461614614973542,1.0,0.12923000710088925,0.25,False,0.10414944761263278,0.8958505523873672,False
Rq_nm,6033,6094,4.092223385079066,3.760857271012712,0.3313661140663542,0.0,0.3550067496293952,0.23858639788284247,0.30798343977268,1.041122499421654,0.20454545454545456,0.3409090909090909,0.26406704633232386,30.0,0.0705640950951272,0.20064194145616865,0.6151606046294685,1.1950089428574788,0.5405540728508809,0.3027012471559266,0.4318181818181818,False,0.2640670463323238,0.7359329536676762,False
Rq_nm,6033,6095,9.867135047912596,7.19050164277996,2.6766334051326357,0.0509785442546109,0.7734147081570842,0.28689360353230436,0.568936634384599,1.756753478273997,0.4318181818181818,0.25,0.32856437033638547,28.75,0.10275942185438211,0.30252571612983736,-0.05023401030270276,0.40934408724744814,1.0,0.6640856895881514,0.5681818181818182,False,0.3285643703363854,0.6714356296636146,False
Rq_nm,6033,6099,10.321437835693361,7.018743011337613,3.302694824355748,0.44038938046622267,0.3520744275872655,0.5891084623113788,0.5042902528784998,1.4992670936675,0.9318181818181818,0.4318181818181818,0.6343311698614937,31.0,0.1732289313605877,0.47829230236225095,0.5378406671955094,-0.5378108064246828,0.5840079593659447,1.0,0.8863636363636364,False,0.6343311698614937,0.36566883013850626,False
Rq_nm,6033,6101,1.2270276091477796,1.461373317430623,0.2343457082828433,0.0,0.05659553446033781,0.0720653889883429,0.06947688067067777,0.2231779076991558,0.20454545454545456,0.9318181818181818,0.43657665255223965,39.25,0.23649615262631898,0.6465506094944612,-0.05525859414101806,0.05126927826274511,1.0,0.9500228155925351,0.9318181818181818,False,0.43657665255223965,0.5634233474477603,False
Rq_nm,6047,6022,1.6493401527404783,2.8499052402647087,1.2005650875242304,0.757454940682547,0.3375506202132096,1.0079948784607944,0.8465142741531962,2.407570244512447,0.9772727272727273,0.11363636363636363,0.3332472340594359,27.0,0.09534142685732937,0.28382432569523197,3.367194333471026,83.78175524501918,0.034486258678151506,4.111932841751054e-37,0.5227272727272727,False,0.3332472340594359,0.6667527659405641,False
Rq_nm,6047,6028,6.072564601898193,3.7967718773898476,2.275792724508346,0.13778823885627078,0.19486636593813572,0.8006600617287152,0.650337480219816,2.352909934637927,0.7045454545454546,0.3409090909090909,0.49008769665563234,30.0,0.03468751033323507,0.09792971842684928,-1.1080750165425297,1.407279191643423,1.0,0.2448084547302913,0.1590909090909091,False,0.49008769665563234,0.5099123033443677,False
Rq_nm,6047,6029,2.561024904251098,2.1011620145320307,0.4598628897190675,0.04412939077503486,0.3983913043349915,0.05037755694682592,0.272393210060094,1.130927849055981,0.38636363636363635,0.5681818181818182,0.4685347301838251,33.5,0.04484226635203447,0.13303462959582135,-0.259904464595513,108.57405315878334,1.0,7.028907616612057e-48,0.29545454545454547,False,0.4685347301838251,0.5314652698161749,False
Rq_nm,6047,6033,2.5392112094198453,3.511885567672081,0.9726743582522355,0.027734104440706897,0.20439338581332558,0.2737952413332115,0.29765170435312815,1.2010290933634153,0.3409090909090909,0.9772727272727273,0.5772011408727407,40.25,0.0601833319467158,0.1897563381572498,-1.2073712225547812,2.2888150661037066,1.0,0.1013865270376965,0.4772727272727273,False,0.5772011408727407,0.42279885912725934,False
Rq_nm,6047,6048,2.455431633201468,2.2810134581984083,0.17441817500305978,0.15751550319809748,0.41225661163144284,0.6127360215906851,0.5625924540857017,1.7232140301221026,0.7954545454545454,0.1590909090909091,0.35573808732951195,27.25,0.12908734970347385,0.36956210047262616,1.558280697517288,0.5192431285420325,0.21049766942897957,0.5949706939339551,0.75,False,0.35573808732951195,0.644261912670488,False
Rq_nm,6047,6056,3.2253758907318115,2.6246742127631375,0.600701677968674,0.0,0.18403078419079277,0.4830765612227507,0.4403252786294845,1.4010983394978624,0.1590909090909091,0.6136363636363636,0.3124483428378982,34.5,0.01924595057986599,0.05302613781240029,-0.8612933494701879,-0.46621939348534136,1.0,1.0,0.022727272727272728,False,0.31244834283789813,0.6875516571621019,False
Rq_nm,6047,6057,5.337333679199219,1.3453553301588603,3.9919783490403584,0.015707770944129562,0.08906307288022385,0.03266383311890295,0.06629602904290452,0.2300463539651343,0.25,0.7954545454545454,0.44594129250792236,39.0,0.3098999396170219,0.8355189576477203,-0.12084744335297483,-0.2809816539818362,1.0,1.0,0.9772727272727273,True,0.9772727272727273,0.022727272727272707,False
Rq_nm,6047,6062,3.0912147342364586,5.3489797053265455,2.257764971090087,0.1111798892461291,0.5313148743902952,0.2900508003220894,0.517196278825738,1.963855463123073,0.6136363636363636,0.7045454545454546,0.6575216427949743,37.5,0.12421226896067264,0.3373463439638247,-0.9550187385281359,0.11695586703936278,1.0,0.889624454058068,0.7045454545454546,False,0.6575216427949743,0.34247835720502573,False
Rq_nm,6047,6063,5.865590098313159,5.823900651302029,0.04168944701112931,0.3238616548311395,0.4666075803287519,0.9975233014868966,0.8432512405870183,2.867465178534287,0.8863636363636364,0.11363636363636363,0.31736909190383955,27.0,0.22631143716536478,0.6029396839749872,-0.058588921839849026,5.917918300700252,1.0,0.0026907957784410197,0.8863636363636364,False,0.31736909190383955,0.6826309080961604,False
Rq_nm,6047,6070,3.047229528427124,2.268652912796059,0.778576615631065,0.1252321446108473,0.10921167032657324,0.05534259210995981,0.08388428319800446,0.3035729687868809,0.6590909090909091,0.20454545454545456,0.36717032775917074,27.5,0.16428959932067191,0.4622269980309026,-0.09111591619192069,-0.5728644578773702,1.0,1.0,0.8409090909090909,False,0.3671703277591707,0.6328296722408293,False
Rq_nm,6047,6072,1.470114827156067,2.3583476041682614,0.8882327770121945,0.012896119957813923,0.09044864939495856,0.05884754506211917,0.07896556341745765,0.29187622770406385,0.20454545454545456,0.7045454545454546,0.3796202974656833,37.5,0.05911643754559112,0.1703324506532341,0.6306234472770567,0.0015849286941361403,0.5322598615828935,0.9984163266420529,0.38636363636363635,False,0.37962029746568327,0.6203797025343167,False
Rq_nm,6047,6078,2.0597975274126674,3.2144718798114473,1.15467435239878,0.0,0.1328156375773475,0.1470740533577678,0.15335159095472842,0.5516825349102867,0.1590909090909091,0.8863636363636364,0.37551617367859785,39.25,0.03495228595030722,0.11050181438275142,-0.4003038103902229,-1.5743887529292684,1.0,1.0,0.20454545454545456,False,0.3755161736785979,0.6244838263214021,False
Rq_nm,6047,6080,4.336027222470414,2.2383188834462717,2.0977083390241424,0.07707588651505226,0.13711941601683683,0.1826118545134764,0.17526958201999848,0.6086101893182931,0.5227272727272727,0.9318181818181818,0.6979160242174585,39.5,0.03261865969493768,0.09318114032467695,1.4556080568865077,1.6165853673277937,0.23325848634175275,0.19857560548293504,0.11363636363636363,False,0.6979160242174585,0.30208397578254154,False
Rq_nm,6047,6081,3.181477069854736,3.9982716888501657,0.8167946189954298,0.06286240199323467,0.11656630550381114,0.10053737080345648,0.1990224070981207,0.6238326217322459,0.4318181818181818,0.75,0.5690901829794961,37.75,0.04716510137401668,0.13365010587142434,-0.6243442698462724,-0.4723970091212818,1.0,1.0,0.3409090909090909,False,0.5690901829794961,0.4309098170205039,False
Rq_nm,6047,6082,1.863613247871399,3.0145057955599737,1.1508925476885747,0.15141613518621977,0.10717976480446566,0.3227700783440257,0.26985920757288084,1.1296941476757363,0.75,0.5227272727272727,0.6261353324525414,32.0,0.021450709303062462,0.06365494578273156,1.5848817982164634,1.2261587410601194,0.20497201974326262,0.29341750834971,0.06818181818181818,False,0.6261353324525414,0.3738646675474586,False
Rq_nm,6047,6084,1.9596685775258929,3.2192882681680426,1.2596196906421497,0.019873531031176395,0.12545841846555453,0.1024545601198344,0.15027305314092662,0.5814607393304123,0.29545454545454547,0.4318181818181818,0.35718712830685706,31.0,0.05975397094221321,0.16064055120175025,-0.0998220255849566,-1.4379762953655915,1.0,1.0,0.4318181818181818,False,0.35718712830685706,0.6428128716931429,False
Rq_nm,6047,6085,3.1255097083820487,4.317073445947854,1.1915637375658057,0.19481258461544915,0.29917212557422,0.6859794099159178,0.6029927179530734,2.120482705148199,0.8409090909090909,0.4772727272727273,0.6335163574893797,31.25,0.09644146469693511,0.28261227512079645,-1.662209217077388,-0.6806608658836704,1.0,1.0,0.5681818181818182,False,0.6335163574893797,0.36648364251062027,False
Rq_nm,6047,6090,4.685108184814453,3.936488818206138,0.748619366608315,0.06452561916320487,0.5005130373538743,0.23334186187432182,0.410250898623406,1.6709720943187332,0.4772727272727273,0.022727272727272728,0.10414944761263273,25.25,0.03672119454510399,0.10937726039479312,-0.6214483499142999,2.2549893045717937,1.0,0.10487466540974304,0.25,False,0.10414944761263278,0.8958505523873672,False
Rq_nm,6047,6094,4.092223385079066,4.1157737984320795,0.023550413353013333,0.0,0.32130978382134917,0.21533121038856715,0.2814218036614558,0.9637500249996722,0.1590909090909091,0.3409090909090909,0.23288524468089994,30.0,0.10437399999126824,0.30922126637912584,0.7581827457202309,1.2811449954561518,0.4685170685077511,0.27771913119347325,0.6136363636363636,False,0.2328852446809,0.7671147553191,False
Rq_nm,6047,6095,9.867135047912596,7.229041151185853,2.638093896726743,0.10083081194317245,0.7985000149288884,0.29005677166494287,0.5853077797493872,1.799205960628771,0.5681818181818182,0.25,0.37688918072220456,28.75,0.11198762715562967,0.3264659230975864,0.12177262990900903,0.2144857296507087,0.8853496476492758,0.8069563271983875,0.6590909090909091,False,0.37688918072220456,0.6231108192777954,False
Rq_nm,6047,6099,10.321437835693361,6.935249494750792,3.386188340942569,0.4686650205876841,0.3342454261874616,0.579985171342353,0.49264324152308214,1.4925214530518716,0.9318181818181818,0.4318181818181818,0.6343311698614937,31.0,0.15002193595077104,0.40409319093507845,1.0583814715692197,-0.369930060016797,0.34701701294776965,1.0,0.7954545454545454,False,0.6343311698614937,0.36566883013850626,False
Rq_nm,6047,6101,1.2270276091477796,1.4351874951095493,0.2081598859617697,0.0,0.054467066442083156,0.07076315260137825,0.06788899468307634,0.21640282528191102,0.1590909090909091,0.8863636363636364,0.37551617367859785,39.25,0.23870107489765344,0.6426610154388386,0.1795398091050424,-0.1391899859428967,0.8356546836159116,1.0,0.9318181818181818,False,0.3755161736785979,0.6244838263214021,False
Rq_nm,6048,6022,1.6493401527404783,5.534142869961918,3.884802717221439,0.46056801786832047,0.3532046944731112,1.4681339107153404,1.4414423058480719,4.247231061061081,0.9772727272727273,0.11363636363636363,0.3332472340594359,27.0,0.35470466559768277,0.9816690831664499,7.266050906667183,47.685148357146424,0.0006988664401966737,1.952554657091317e-21,0.9772727272727273,True,0.9772727272727273,0.022727272727272707,False
Rq_nm,6048,6028,6.072564601898193,3.8690350440185846,2.203529557879609,0.24802983746840512,0.20878337973786293,0.8790172904946449,0.7125409452009688,2.6216759695120264,0.8409090909090909,0.29545454545454547,0.4984480045332116,30.0,0.04481831411690956,0.12342285366778927,-0.7754574565990572,1.1225920663999085,1.0,0.3254351508896652,0.25,False,0.4984480045332116,0.5015519954667884,False
Rq_nm,6048,6029,2.561024904251098,2.019253549820733,0.5417713544303653,0.03353370804108735,0.38894363366976203,0.053830917986591745,0.26678752894977165,1.100948444770141,0.3409090909090909,0.5681818181818182,0.4401117438872065,33.5,0.09442286215887635,0.2504199073641462,-0.5990556313619133,64.25968551498214,1.0,1.2370098903997965e-28,0.5227272727272727,False,0.4401117438872064,0.5598882561127936,False
Rq_nm,6048,6033,2.5392112094198453,3.3195141762310243,0.7803029668111789,0.06130364269498978,0.18505599841395418,0.26516760731069294,0.28412935469619816,1.1585062266219852,0.4772727272727273,0.9772727272727273,0.6829536000598508,40.25,0.08880918120419634,0.26286759929449954,-0.8532591084396892,1.8541896226909054,1.0,0.15657977997573355,0.4772727272727273,False,0.6829536000598508,0.31704639994014916,False
Rq_nm,6048,6047,3.066597064069266,3.4566929176029326,0.3900958535336665,0.0,0.1485536245648394,0.03224644807711599,0.1574932126381948,0.512370721481624,0.1590909090909091,0.4772727272727273,0.27555353756777595,31.5,0.15446839457437153,0.42809212305114563,-0.8506265306655583,-0.7825311027734836,1.0,1.0,0.7045454545454546,False,0.275553537567776,0.724446462432224,False
Rq_nm,6048,6056,3.2253758907318115,2.4809859619978822,0.7443899287339293,0.0,0.17419736235059916,0.4546955468358682,0.4153882900967311,1.3191319112923456,0.1590909090909091,0.6136363636363636,0.3124483428378982,34.5,0.04470069114493299,0.12432334850007076,-1.1220682560204267,-0.4837104939649595,1.0,1.0,0.20454545454545456,False,0.31244834283789813,0.6875516571621019,False
Rq_nm,6048,6057,5.337333679199219,1.3120768688404087,4.02525681035881,0.012731657122203588,0.08435461822117156,0.03176242119411116,0.06312028345528627,0.21694444941125046,0.29545454545454547,0.7954545454545454,0.4847892956295805,39.0,0.3032147817011484,0.8235651085738886,-0.09052143105543412,-0.2362993480123091,1.0,1.0,0.9318181818181818,False,0.4847892956295805,0.5152107043704195,False
Rq_nm,6048,6062,3.0912147342364586,5.216981385124815,2.1257666508883566,0.1149324485847707,0.5184623453152869,0.3253278290378143,0.5119206184031625,1.9245762061146197,0.6590909090909091,0.7045454545454546,0.6814392886620432,37.5,0.10509771206577549,0.2833152023581429,-0.7922089970592354,0.28337321975898677,1.0,0.7532386118595839,0.5681818181818182,False,0.6814392886620432,0.3185607113379568,False
Rq_nm,6048,6063,5.865590098313159,5.361800051161435,0.5037900471517238,0.2899636262686487,0.4220899592838128,0.915750810840702,0.7740424212516248,2.6277851079200367,0.8863636363636364,0.11363636363636363,0.31736909190383955,27.0,0.16581497854979094,0.474546014371924,0.16770022689489186,4.271410154987974,0.8456072870157954,0.013962080567198856,0.75,False,0.31736909190383955,0.6826309080961604,False
Rq_nm,6048,6070,3.047229528427124,2.2150135308009,0.832215997626224,0.14488344781593243,0.10631919548782162,0.061010127216530805,0.08299034316983236,0.29300511908114,0.75,0.1590909090909091,0.3454246398538787,27.5,0.16625239020061838,0.4655689133437494,0.06259106192750997,-0.5666264515304736,0.9393275219440653,1.0,0.7954545454545454,False,0.3454246398538787,0.6545753601461213,False
Rq_nm,6048,6072,1.470114827156067,2.208057673421809,0.7379428462657422,0.005061553778894723,0.09399609590631555,0.0542625777233359,0.07953563937069219,0.29992008322677144,0.20454545454545456,0.7045454545454546,0.3796202974656833,37.5,0.08830456391229828,0.25002522654711523,1.0200756547225458,0.022487462609326856,0.36056766049485933,0.977763495719423,0.4318181818181818,False,0.37962029746568327,0.6203797025343167,False
Rq_nm,6048,6078,2.0597975274126674,3.115372723395244,1.0555751959825765,0.0,0.11362067834497606,0.13393603782249988,0.13654785572877348,0.4769865607653858,0.1590909090909091,0.8863636363636364,0.37551617367859785,39.25,0.04605700989147001,0.13744911586064346,-0.3576331929445586,-1.0784989756918602,1.0,1.0,0.29545454545454547,False,0.3755161736785979,0.6244838263214021,False
Rq_nm,6048,6080,4.336027222470414,2.174552857931746,2.1614743645386683,0.0795602643662554,0.13301642920124493,0.17985987911372275,0.17200101707359974,0.5559416752798283,0.5681818181818182,0.9318181818181818,0.7276277542537328,39.5,0.01779182178235158,0.05379254631660846,1.5856466962966602,1.1363954222079773,0.20481529698497655,0.3209739145597189,0.022727272727272728,False,0.7276277542537328,0.27237224574626717,False
Rq_nm,6048,6081,3.181477069854736,3.942948481891566,0.7614714120368302,0.06605415915537538,0.1150275905619948,0.1017529609193385,0.19868189649664378,0.607293308222352,0.5227272727272727,0.75,0.6261353324525414,37.75,0.051857458639057406,0.14382147030417847,-0.5371331173072781,-0.2826536415523814,1.0,1.0,0.3409090909090909,False,0.6261353324525414,0.3738646675474586,False
Rq_nm,6048,6082,1.863613247871399,2.8749182130175237,1.0113049651461248,0.13676113644529142,0.10442323654891832,0.3171835721319723,0.26292042360730683,1.1019631978068056,0.7045454545454546,0.5227272727272727,0.6068649964917585,32.0,0.01916451631755768,0.05790388941320357,1.5519332981310778,0.8682008861220551,0.2118380316135608,0.41970596923431797,0.06818181818181818,False,0.6068649964917585,0.3931350035082415,False
Rq_nm,6048,6084,1.9596685775258929,3.0491101961005773,1.0894416185746845,0.012339336486517638,0.11314017719338865,0.10424536137915763,0.14312455591505746,0.5559467351093428,0.25,0.38636363636363635,0.3107907802540305,31.0,0.033869999437087836,0.09040128695689975,-0.24454172572769295,-1.4604482733874709,1.0,1.0,0.1590909090909091,False,0.3107907802540305,0.6892092197459695,False
Rq_nm,6048,6085,3.1255097083820487,4.125203882179479,0.9996941737974301,0.16749556609078287,0.24567038217333426,0.6656724311827762,0.5689150800334594,2.063277694635623,0.7954545454545454,0.4318181818181818,0.5860816799194376,31.25,0.0827449943684967,0.24413687563087305,-1.7203326057550192,-0.44391067777015747,1.0,1.0,0.38636363636363635,False,0.5860816799194376,0.4139183200805624,False
Rq_nm,6048,6090,4.685108184814453,3.816446714257215,0.868661470557238,0.05127960460344294,0.4829349743661393,0.2160097632915696,0.3915411664565858,1.5934677544441702,0.4318181818181818,0.022727272727272728,0.09906588508046986,25.25,0.03145577761720751,0.09494864949871773,-0.4046963751212408,1.8112193477831728,1.0,0.16345470710557566,0.11363636363636363,False,0.09906588508046987,0.9009341149195301,False
Rq_nm,6048,6094,4.092223385079066,4.309491562201713,0.217268177122647,0.044063205838205555,0.333506093459178,0.23135315893820463,0.295894922720144,1.0138284550973102,0.38636363636363635,0.29545454545454547,0.33786519880269333,30.0,0.132052836538058,0.36953762926142053,1.0519925511265995,0.9508830979456184,0.3492411744656867,0.38639964400913135,0.6590909090909091,False,0.3378651988026933,0.6621348011973067,False
Rq_nm,6048,6095,9.867135047912596,6.914268925565898,2.9528661223466983,0.11412108602689752,0.8005355570598426,0.2551790201272478,0.5764125675103475,1.7995240238851817,0.6136363636363636,0.20454545454545456,0.35428311972999765,28.75,0.12601847942751088,0.352875870416395,0.30055776257427524,0.3208737219701193,0.740405135216396,0.7255148617932,0.6136363636363636,False,0.3542831197299976,0.6457168802700024,False
Rq_nm,6048,6099,10.321437835693361,6.690402680186841,3.6310351555065203,0.4292710389044263,0.30630960710184774,0.5577049975856159,0.4722181364022985,1.428392026967706,0.9318181818181818,0.38636363636363635,0.6000172173838221,31.0,0.17138579834581952,0.4671026019640323,1.419085132944372,-0.3274268773791396,0.24193525427394186,1.0,0.8409090909090909,False,0.6000172173838221,0.3999827826161779,False
Rq_nm,6048,6101,1.2270276091477796,1.4094735710764406,0.18244596192866092,0.0,0.04554537617787841,0.06683333487137744,0.06229735425484492,0.20954718841875186,0.1590909090909091,0.8863636363636364,0.37551617367859785,39.25,0.2508583367121328,0.675983058808108,0.24562074603101205,0.08241955613875557,0.7822188282731635,0.920885514463808,0.8863636363636364,False,0.3755161736785979,0.6244838263214021,False
Rq_nm,6056,6022,1.6493401527404783,2.7678014658894714,1.118461313148993,0.7651559346021575,0.33728866819192105,1.0150410801511183,0.8488561130476566,2.4386916795699163,0.9772727272727273,0.11363636363636363,0.3332472340594359,27.0,0.12264627372424186,0.3479833023664245,4.289611155200219,72.78150619287162,0.013710255422526782,2.4625977357910772e-32,0.6590909090909091,False,0.3332472340594359,0.6667527659405641,False
Rq_nm,6056,6028,6.072564601898193,3.5688931914318545,2.503671410466339,0.1475651041143724,0.18880845699473425,0.7730978925152032,0.6281467737728009,2.306767374373115,0.7045454545454546,0.3409090909090909,0.49008769665563234,30.0,0.03319430020123684,0.09651007211651974,-0.9122575237685029,1.1214641994400547,1.0,0.32580240551217443,0.06818181818181818,False,0.49008769665563234,0.5099123033443677,False
Rq_nm,6056,6029,2.561024904251098,1.9706185816814512,0.590406322569647,0.03075855362266,0.3735094155195001,0.053387816806761544,0.25608213547461595,1.0630559600142728,0.38636363636363635,0.6136363636363636,0.48691557467337615,33.5,0.09402289344897422,0.25306414624892204,-0.3062288140556222,101.60208299184048,1.0,7.49507541010032e-45,0.5227272727272727,False,0.4869155746733762,0.5130844253266238,False
Rq_nm,6056,6033,2.5392112094198453,3.497248205369229,0.9580369959493837,0.041537356936959924,0.2003365400001049,0.2748153442367603,0.29758193491709584,1.202107390871439,0.4318181818181818,0.9772727272727273,0.6496184512707478,40.25,0.064918009475027,0.2015835999946296,-1.2254939619706593,1.4269808385785887,1.0,0.24003252629865812,0.3409090909090909,False,0.6496184512707478,0.3503815487292522,False
Rq_nm,6056,6047,3.066597064069266,3.5628756090016096,0.49627854493234347,0.0,0.15851424929234978,0.03585475136142193,0.1755152105663795,0.5486611221493711,0.11363636363636363,0.5227272727272727,0.24372284760826382,31.5,0.15553171704109867,0.4347193475944495,-0.6002127395383973,-0.9403619443465848,1.0,1.0,0.75,False,0.2437228476082638,0.7562771523917362,False
Rq_nm,6056,6048,2.455431633201468,2.197775344984175,0.25765628821729303,0.17812926963529785,0.40433825835115833,0.5788938117924322,0.5364256912723004,1.6444614067884569,0.7954545454545454,0.1590909090909091,0.35573808732951195,27.25,0.1274480005970626,0.3623535116598363,1.7541547213413426,0.3752781651225293,0.1730534588817285,0.68709812547185,0.7045454545454546,False,0.35573808732951195,0.644261912670488,False
Rq_nm,6056,6057,5.337333679199219,1.3422503525143616,3.995083326684857,0.0164418559734254,0.09205033094127345,0.033731677118422135,0.06824635698777828,0.23962930838168095,0.20454545454545456,0.7954545454545454,0.4033690761204284,39.0,0.3051406340976005,0.818711730562975,-0.12339512040715145,-0.5394223040938972,1.0,1.0,0.9772727272727273,True,0.9772727272727273,0.022727272727272707,False
Rq_nm,6056,6062,3.0912147342364586,5.205313808203815,2.1140990739673566,0.10810423227982113,0.5187567081750183,0.2822942834262743,0.5064175139396656,1.91688738708834,0.6136363636363636,0.7045454545454546,0.6575216427949743,37.5,0.09871566245620418,0.26951498285223296,-1.0972537202007484,-0.05587813129300494,1.0,1.0,0.5681818181818182,False,0.6575216427949743,0.34247835720502573,False
Rq_nm,6056,6063,5.865590098313159,5.7951931703319435,0.07039692798121511,0.33386927464503113,0.4958151665948093,0.9972610131119496,0.8506872803179734,2.8752430107536564,0.8863636363636364,0.11363636363636363,0.31736909190383955,27.0,0.21172989460620437,0.5625999818174063,-0.1107599483213573,3.287047761885109,1.0,0.03736399413708167,0.8863636363636364,False,0.31736909190383955,0.6826309080961604,False
Rq_nm,6056,6070,3.047229528427124,2.194703374397836,0.8525261540292881,0.12045990924703132,0.10179177386336972,0.05722498552540955,0.07962413955859807,0.28136604808352184,0.6590909090909091,0.20454545454545456,0.36717032775917074,27.5,0.1788501870599534,0.49803232688150467,-0.06276034171557573,-0.5528322842035984,1.0,1.0,0.8409090909090909,False,0.3671703277591707,0.6328296722408293,False
Rq_nm,6056,6072,1.470114827156067,2.319843053091699,0.8497282259356322,0.010851282520643046,0.09082225157334164,0.05442855825728064,0.07778617392928638,0.30305986003423735,0.1590909090909091,0.7045454545454546,0.3347936332421872,37.5,0.08004337980644147,0.2283204154562779,0.5381289515992935,0.14914204163373804,0.5838396232450788,0.8614467449053225,0.38636363636363635,False,0.33479363324218725,0.6652063667578128,False
Rq_nm,6056,6078,2.0597975274126674,3.235889748335466,1.1760922209227984,0.0,0.11900132695664212,0.15260901658737716,0.1530227975621501,0.5660918614049262,0.11363636363636363,0.8863636363636364,0.31736909190383955,39.25,0.04378244942428441,0.13078834584604082,-0.4156946005617183,-1.4026108529831989,1.0,1.0,0.29545454545454547,False,0.31736909190383955,0.6826309080961604,False
Rq_nm,6056,6080,4.336027222470414,2.306697303198128,2.029329919272286,0.0726834714999609,0.13273101605991347,0.19307413770597254,0.18214662959455438,0.6148365778119202,0.5681818181818182,0.9318181818181818,0.7276277542537328,39.5,0.039318891570317656,0.11761868410427512,1.4879720419550315,1.2460429338415138,0.22583016557814084,0.2876407613571444,0.1590909090909091,False,0.7276277542537328,0.27237224574626717,False
Rq_nm,6056,6081,3.181477069854736,4.065419345892935,0.8839422760381992,0.06501452462181057,0.12282776447066884,0.10283231105833458,0.2062019762960156,0.6385541144257214,0.4772727272727273,0.75,0.5982930264130992,37.75,0.03859024885277965,0.1070208636707477,-0.7445182907258256,-0.6155284343805153,1.0,1.0,0.11363636363636363,False,0.5982930264130992,0.4017069735869008,False
Rq_nm,6056,6082,1.863613247871399,3.077475672063294,1.2138624241918952,0.17065596953505668,0.10815223960228258,0.32815901535657294,0.27296219165676716,1.1473423176884041,0.75,0.5681818181818182,0.6527912098338668,32.0,0.039493251662424594,0.11862136060353556,1.5668702229932563,0.7460827334246395,0.20869733740270982,0.4742205674134214,0.20454545454545456,False,0.6527912098338668,0.34720879016613315,False
Rq_nm,6056,6084,1.9596685775258929,3.211529856640116,1.251861279114223,0.020369855708669782,0.12937650445062437,0.10816048106338547,0.15576923134494675,0.6040649742736455,0.25,0.4318181818181818,0.32856437033638547,31.0,0.042565998624113144,0.11309250426308237,-0.4041642006577516,-1.349831042977834,1.0,1.0,0.25,False,0.3285643703363854,0.6714356296636146,False
Rq_nm,6056,6085,3.1255097083820487,4.148922042515122,1.0234123341330732,0.19039506350651436,0.2907051372465657,0.6613228883768903,0.5834209596562263,2.0616648788226257,0.8409090909090909,0.4772727272727273,0.6335163574893797,31.25,0.08064263316494459,0.2376300728543379,-2.419666434307494,-0.4422759564668635,1.0,1.0,0.4318181818181818,False,0.6335163574893797,0.36648364251062027,False
Rq_nm,6056,6090,4.685108184814453,3.914072220264896,0.771035964549557,0.07171786996325613,0.4840280561845153,0.22474162478653953,0.3956880315957279,1.609716673660083,0.5227272727272727,0.022727272727272728,0.10899617098438,25.25,0.01982038938042981,0.05892880863736072,-0.5415651519772184,1.927131904246222,1.0,0.1455650949791158,0.022727272727272728,False,0.10899617098437997,0.89100382901562,False
Rq_nm,6056,6094,4.092223385079066,4.004954876538999,0.08726850854006685,0.02741278676477199,0.32354617218668386,0.22517503502438604,0.2894480885666415,1.0065565178209792,0.3409090909090909,0.3409090909090909,0.3409090909090909,30.0,0.09383295097645218,0.27043177482753267,0.7637112044741804,0.5803790165940028,0.46593403788705273,0.5596861960041404,0.4772727272727273,False,0.34090909090909083,0.6590909090909092,False
Rq_nm,6056,6095,9.867135047912596,7.093860686718493,2.773274361194103,0.021403244565429524,0.7738668290612994,0.27297597665951034,0.5649771297655714,1.7513664809333056,0.29545454545454547,0.25,0.2717786532523045,28.75,0.10108021085043568,0.29184092013148044,0.059452422051963036,0.13275670228260306,0.9422803642909537,0.8756781166804871,0.6136363636363636,False,0.27177865325230455,0.7282213467476955,False
Rq_nm,6056,6099,10.321437835693361,6.892958481008015,3.4284793546853463,0.45087666645427316,0.3322824674651579,0.5595498980742152,0.47843354219593925,1.4516534602359625,0.9318181818181818,0.4318181818181818,0.6343311698614937,31.0,0.17789777401140583,0.48114727378779465,0.806605009483909,-0.6121368602086239,0.4463709217507667,1.0,0.7954545454545454,False,0.6343311698614937,0.36566883013850626,False
Rq_nm,6056,6101,1.2270276091477796,1.3500765913943729,0.12304898224659322,0.0,0.05064357247129308,0.06578192720993259,0.06291251938162913,0.20700739356489417,0.11363636363636363,0.8863636363636364,0.31736909190383955,39.25,0.27463453007422484,0.7449966806052359,0.4416017247612574,-0.18867906513817215,0.6430056777043033,1.0,0.9318181818181818,False,0.31736909190383955,0.6826309080961604,False
Rq_nm,6057,6022,1.6493401527404783,1.8733732956335836,0.22403314289310527,1.0370136358866298,0.42361011021175027,1.0001404369456715,0.8297558568800748,2.3530750469775272,0.9772727272727273,0.11363636363636363,0.3332472340594359,27.0,0.43575240010808947,1.1988356634486579,3.809332900316059,43.90756845700902,0.022162958929528794,8.534641935459613e-20,0.9772727272727273,True,0.9772727272727273,0.022727272727272707,False
Rq_nm,6057,6028,6.072564601898193,4.705748740043758,1.3668158618544357,0.19726316637926988,0.3800487496421908,1.1147140615263598,0.9216388463626297,3.132391286789586,0.75,0.3409090909090909,0.5056498968474316,30.0,0.13088297632160623,0.35683104730314086,-0.7287703245853449,1.0978155640059013,1.0,0.33359901404386944,0.5227272727272727,False,0.5056498968474316,0.49435010315256844,False
Rq_nm,6057,6029,2.561024904251098,2.0450843260429235,0.5159405782081747,0.03057601157253176,0.48321458863673544,0.05933699415781761,0.33247624841190443,1.3548265563526503,0.3409090909090909,0.6136363636363636,0.4573775408522297,33.5,0.05420746034070732,0.14781477199742166,-0.5521085223025278,54.24045374291287,1.0,2.7776034538375683e-24,0.20454545454545456,False,0.4573775408522297,0.5426224591477703,False
Rq_nm,6057,6033,2.5392112094198453,2.9921660417933316,0.4529548323734862,0.041812994722440155,0.26777541940230754,0.2599077709720655,0.3163569465440313,1.3202772822323334,0.38636363636363635,0.9772727272727273,0.6144775379361715,40.25,0.1351200014466893,0.3726397322203574,-0.9227920219669921,1.835450289245342,1.0,0.15954164570408103,0.6136363636363636,False,0.6144775379361715,0.38552246206382845,False
Rq_nm,6057,6047,3.066597064069266,3.6985082577224437,0.6319111936531776,0.01453423684521038,0.1895476979541642,0.03918281329257371,0.20112061112777468,0.6809930870348566,0.29545454545454547,0.5227272727272727,0.3929912833134223,31.5,0.17051826520754773,0.47051658007622454,-0.7941930067720679,-0.8095414376428646,1.0,1.0,0.7045454545454546,False,0.39299128331342237,0.6070087166865776,False
Rq_nm,6057,6048,2.455431633201468,2.4095239396123334,0.04590769358913471,0.26099473847412025,0.4776149342936659,0.6719254075161394,0.6255464441296947,1.9025545027678628,0.8409090909090909,0.1590909090909091,0.3657608395325246,27.25,0.10739917200379594,0.30464504707240403,1.3627351489401636,0.42215393021434783,0.25595973067153366,0.6556331098804528,0.3409090909090909,False,0.3657608395325246,0.6342391604674754,False
Rq_nm,6057,6056,3.2253758907318115,2.7130646472077533,0.5123112435240582,0.0,0.22327917587999419,0.5942168212640302,0.5380939594187519,1.7087960382081748,0.11363636363636363,0.6590909090909091,0.2736726040634613,34.5,0.006686111874127099,0.019570441076139367,-0.947075387075027,-0.5825485139395812,1.0,1.0,0.022727272727272728,False,0.2736726040634613,0.7263273959365387,False
Rq_nm,6057,6062,3.0912147342364586,6.165726266543245,3.074511532306786,0.19136658612209345,0.7666800069051938,0.35253187292354926,0.6705455171461867,2.5602741283361095,0.7045454545454546,0.75,0.7269175268963398,37.5,0.16471194111317528,0.4369090339337949,-0.6843548163408777,0.062019182142209674,1.0,0.9398648579968101,0.6590909090909091,False,0.7269175268963398,0.2730824731036602,False
Rq_nm,6057,6063,5.865590098313159,6.3672924438118494,0.5017023454986909,0.4326932530992611,0.6247187238521511,1.1919303449553038,1.0218692878641122,3.3363805491729823,0.9318181818181818,0.11363636363636363,0.32540502416537165,27.0,0.18441184199570937,0.5358152602022377,-0.12567844469524905,4.3302532934734,1.0,0.013164212658603182,0.7954545454545454,False,0.32540502416537165,0.6745949758346284,False
Rq_nm,6057,6070,3.047229528427124,2.1082372091536272,0.9389923192734968,0.13103663254302456,0.15871634175498336,0.05806983203930956,0.11246353759146105,0.4413674035180364,0.6590909090909091,0.20454545454545456,0.36717032775917074,27.5,0.1869970570555194,0.5215741393857041,-0.10596245731303086,-0.740418757886345,1.0,1.0,0.8409090909090909,False,0.3671703277591707,0.6328296722408293,False
Rq_nm,6057,6072,1.470114827156067,1.4452400922999262,0.024874734856140668,0.0,0.11351832080858379,0.16081975978570529,0.17101334880647895,0.6773375751184805,0.11363636363636363,0.75,0.2919371040605711,37.5,0.201649298401915,0.5485023314545048,1.204817400165781,-0.15554963420449733,0.29974672821924847,1.0,0.8863636363636364,False,0.29193710406057116,0.7080628959394288,False
Rq_nm,6057,6078,2.0597975274126674,2.4607995479252476,0.40100202051258016,0.00019408926143338334,0.1415073500148211,0.10934582682087284,0.1336951858120046,0.48084980496761176,0.1590909090909091,0.8863636363636364,0.37551617367859785,39.25,0.1284853395597197,0.3512937509820968,0.0043092500769702806,-1.105219424621106,0.9957000214186306,1.0,0.4772727272727273,False,0.3755161736785979,0.6244838263214021,False
Rq_nm,6057,6080,4.336027222470414,2.5824479093645447,1.7535793131058695,0.09867054186618152,0.13297592481403556,0.20939175337912994,0.19180120959447733,0.6204540846112314,0.5681818181818182,0.9318181818181818,0.7276277542537328,39.5,0.05447417141688477,0.15006402509208416,1.356561816131561,0.8032659916633917,0.2575447426440396,0.4478638532884953,0.25,False,0.7276277542537328,0.27237224574626717,False
Rq_nm,6057,6081,3.181477069854736,3.074296472867325,0.10718059698741067,0.07123695110811701,0.1005660891671542,0.09613697184396802,0.18144836463717656,0.5915153917210341,0.4318181818181818,0.7954545454545454,0.5860816799194376,37.75,0.12114780013334794,0.32202598252467296,-0.610282570150548,-0.4596769468776831,1.0,1.0,0.38636363636363635,False,0.5860816799194376,0.4139183200805624,False
Rq_nm,6057,6082,1.863613247871399,3.009624197250732,1.146010949379333,0.12128447293533107,0.11157662259683813,0.38360441864150546,0.3172610236332949,1.338193054382102,0.6136363636363636,0.5681818181818182,0.5904718662166627,32.0,0.026408864062742485,0.0772221458619603,1.193862848685206,0.5826542783795141,0.30304837017106767,0.5584142109886786,0.06818181818181818,False,0.5904718662166627,0.4095281337833373,False
Rq_nm,6057,6084,1.9596685775258929,3.0206632651120566,1.0609946875861638,0.0,0.17477701975412788,0.11982792814506453,0.1895613518638561,0.7429367608812965,0.11363636363636363,0.4318181818181818,0.22151805329111282,31.0,0.029859943895587427,0.08033527514382877,-0.28727669728056116,-1.4131785106854085,1.0,1.0,0.11363636363636363,False,0.22151805329111285,0.7784819467088872,False
Rq_nm,6057,6085,3.1255097083820487,4.746266866672808,1.620757158290759,0.25654562597324393,0.373341503434295,0.8781958092687124,0.7620082239798208,2.672290391702036,0.7954545454545454,0.4772727272727273,0.616156441442089,31.25,0.12305469347276093,0.3498183957167862,-1.3696474424071141,-0.6738487181384041,1.0,1.0,0.4318181818181818,False,0.616156441442089,0.38384355855791097,False
Rq_nm,6057,6090,4.685108184814453,3.5368562053055888,1.1482519795088644,0.08882998305018885,0.6110586476298338,0.2375145463476244,0.4816841662895533,1.89837132364024,0.4772727272727273,0.022727272727272728,0.10414944761263273,25.25,0.03239248689479205,0.0997085841758154,-0.5564688284401612,1.7646067265113947,1.0,0.1712541229496203,0.1590909090909091,False,0.10414944761263278,0.8958505523873672,False
Rq_nm,6057,6094,4.092223385079066,3.1950856172385227,0.8971377678405434,0.003655045628275566,0.27302123046592736,0.16297648087490046,0.2258577556798553,0.8034788489327176,0.25,0.3409090909090909,0.2919371040605711,30.0,0.057662539798661865,0.16914706811655833,0.6361909155253906,1.0766851396373904,0.5293047555663348,0.3407231052441637,0.29545454545454547,False,0.29193710406057116,0.7080628959394288,False
Rq_nm,6057,6095,9.867135047912596,7.64427285726809,2.2228621906445056,0.0934955563254638,1.1791382485438286,0.40262889141246244,0.8577622339990562,2.7336013366056804,0.5227272727272727,0.25,0.3614994027406106,28.75,0.13169419467916943,0.37391392029786763,0.03713862106470677,0.2575900267757328,0.9635425587956148,0.7729120404023102,0.5681818181818182,False,0.36149940274061065,0.6385005972593893,False
Rq_nm,6057,6099,10.321437835693361,6.454798347270495,3.866639488422866,0.3496204364059263,0.330243084498733,0.6390420290721054,0.536646145198769,1.5298621628558582,0.8863636363636364,0.4318181818181818,0.6186662540371,31.0,0.17179162532491316,0.46253937571148906,1.2198005077749978,-0.2633085480354695,0.2952890689219516,1.0,0.75,False,0.6186662540371,0.38133374596290004,False
Rq_nm,6057,6101,1.2270276091477796,1.101650308872483,0.1253773002752967,0.0011267682358362396,0.05511832179050031,0.06761708402308818,0.066193850981729,0.20725082776769876,0.20454545454545456,0.8863636363636364,0.42579531807261806,39.25,0.33393812094175046,0.8948683982179703,0.21757142200893237,-0.17445104494509253,0.8044701459939834,1.0,0.9318181818181818,False,0.42579531807261806,0.5742046819273819,False
Rq_nm,6062,6022,1.6493401527404783,3.0843288007939655,1.4349886480534872,0.7695931037543535,0.35256928190928494,1.0887479841838317,0.9193081150231385,2.6336472742241166,0.9772727272727273,0.11363636363636363,0.3332472340594359,27.0,0.19059847546314668,0.5113235998054924,4.579265085875386,52.464751903781945,0.01026243553454567,1.6400147489881184e-23,0.7954545454545454,False,0.3332472340594359,0.6667527659405641,False
Rq_nm,6062,6028,6.072564601898193,3.9004056470860036,2.17215895481219,0.11497649069111748,0.2073169249726431,0.846283538923642,0.6873804293938794,2.5103116840670245,0.6136363636363636,0.3409090909090909,0.4573775408522297,30.0,0.044053548253581994,0.12321245568086336,-0.23976223752641768,1.3734812665841758,1.0,0.2532238834891475,0.11363636363636363,False,0.4573775408522297,0.5426224591477703,False
Rq_nm,6062,6029,2.561024904251098,2.1116611365841242,0.44936376766697395,0.03538728623760479,0.40975361170082186,0.05409143473355544,0.28046878528187896,1.1625024560941426,0.38636363636363635,0.6136363636363636,0.48691557467337615,33.5,0.13236862549530748,0.37916015472097875,-0.761080465159006,70.83754866035115,1.0,1.7204557427865984e-31,0.6590909090909091,False,0.4869155746733762,0.5130844253266238,False
Rq_nm,6062,6033,2.5392112094198453,3.5462211211755075,1.0070099117556621,0.03766980998786229,0.23645651979083526,0.2876958870148218,0.3208451223862274,1.3159607559958055,0.4318181818181818,0.9772727272727273,0.6496184512707478,40.25,0.0596446714480014,0.18841670107526776,-1.005507674975854,2.042502483442648,1.0,0.1297037229903892,0.25,False,0.6496184512707478,0.3503815487292522,False
Rq_nm,6062,6047,3.066597064069266,3.7788082017175437,0.7122111376482776,8.01242018648729e-05,0.17008088198376584,0.03350779839969523,0.18710283161127483,0.5971458394602922,0.1590909090909091,0.5227272727272727,0.2883767622829436,31.5,0.17495872611440788,0.48621584326217393,-1.0583087284318828,-1.026799537340923,1.0,1.0,0.75,False,0.2883767622829436,0.7116232377170564,False
Rq_nm,6062,6048,2.455431633201468,2.304210726485419,0.15122090671604926,0.17303531147525897,0.42260124340194377,0.6231393051063953,0.5737813648716945,1.7738454051721577,0.7954545454545454,0.1590909090909091,0.35573808732951195,27.25,0.11459693750405481,0.3261540245631741,1.890329038957099,0.5687496271418638,0.15102210850306558,0.5662329986233495,0.5681818181818182,False,0.35573808732951195,0.644261912670488,False
Rq_nm,6062,6056,3.2253758907318115,2.6699859688838754,0.5553899218479361,0.0,0.19283417622903132,0.501712534988969,0.4579346786808402,1.4542521093341838,0.11363636363636363,0.6590909090909091,0.2736726040634613,34.5,0.02836822531620888,0.07871094786295996,-1.3325775186471531,-0.5200303181310494,1.0,1.0,0.022727272727272728,False,0.2736726040634613,0.7263273959365387,False
Rq_nm,6062,6057,5.337333679199219,1.2404515685367468,4.096882110662472,0.012046775698103751,0.08489882557030272,0.032787176654399314,0.06377673032941965,0.2199192442970097,0.25,0.7954545454545454,0.44594129250792236,39.0,0.33658951972105433,0.9032641952471748,-0.08020497534381855,-0.46358896242109887,1.0,1.0,0.9772727272727273,True,0.9772727272727273,0.022727272727272707,False
Rq_nm,6062,6063,5.865590098313159,6.012838513259998,0.14724841494683982,0.3329003352355775,0.4927793767797438,1.0750584325785162,0.9087228643828404,3.1735041891469993,0.8863636363636364,0.11363636363636363,0.31736909190383955,27.0,0.20928536792331198,0.574871435583814,0.006120634955326959,5.0620950824851745,0.9938980579738251,0.006332278959100596,0.8863636363636364,False,0.31736909190383955,0.6826309080961604,False
Rq_nm,6062,6070,3.047229528427124,2.359307780799395,0.6879217476277288,0.12937116333799636,0.11557090843192822,0.05871191510035894,0.08831568742540608,0.32040451711360074,0.7045454545454546,0.20454545454545456,0.3796202974656833,27.5,0.15858505478964127,0.44206301547182403,-0.1319622994494525,-0.6751761079608839,1.0,1.0,0.7045454545454546,False,0.37962029746568327,0.6203797025343167,False
Rq_nm,6062,6072,1.470114827156067,2.332014962631942,0.8619001354758753,0.014331806805040426,0.08441760578230799,0.05800023098985552,0.07547873547708274,0.28682685354727955,0.29545454545454547,0.7045454545454546,0.4562468159064712,37.5,0.0665719300227759,0.18849678512038515,0.7264113146990013,-0.07200140330260896,0.4836415166863378,1.0,0.38636363636363635,False,0.4562468159064712,0.5437531840935288,False
Rq_nm,6062,6078,2.0597975274126674,3.073973669553522,1.0141761421408546,0.0,0.13155856440747762,0.14767680462510113,0.15401832860998454,0.5725222505098726,0.11363636363636363,0.8863636363636364,0.31736909190383955,39.25,0.07139459952926283,0.20634426432838104,-0.35976755612557726,-1.2062902012120966,1.0,1.0,0.4318181818181818,False,0.31736909190383955,0.6826309080961604,False
Rq_nm,6062,6080,4.336027222470414,2.3162837081139505,2.0197435143564637,0.1160780068249756,0.13634379814645342,0.19716232838636968,0.18391120442822967,0.6391161808650685,0.6590909090909091,0.9318181818181818,0.783679074980303,39.5,0.06379820351296102,0.18850661584817463,1.6138156297139767,1.5852491328279412,0.1991263701913955,0.204896740253254,0.3409090909090909,False,0.783679074980303,0.21632092501969702,False
Rq_nm,6062,6081,3.181477069854736,3.934884814343679,0.7534077444889431,0.09251439458655675,0.12011687820903882,0.10568966939381373,0.2092195870152649,0.6555808186286893,0.5681818181818182,0.75,0.6527912098338668,37.75,0.057863390700820104,0.15900467254734152,-0.5827592907083238,-0.5471222530201804,1.0,1.0,0.20454545454545456,False,0.6527912098338668,0.34720879016613315,False
Rq_nm,6062,6082,1.863613247871399,3.1142754447186345,1.2506621968472356,0.17155489059530415,0.10710188411013302,0.35091855829599283,0.291023772710901,1.2258039179593272,0.75,0.5681818181818182,0.6527912098338668,32.0,0.060242287914139665,0.1811081396872305,1.5133796892288103,1.1058792882541402,0.22016463111614548,0.33091978040355124,0.29545454545454547,False,0.6527912098338668,0.34720879016613315,False
Rq_nm,6062,6084,1.9596685775258929,3.232843120441981,1.2731745429160883,0.0013340516371309619,0.13960220867109407,0.11259888472831514,0.16565277220675895,0.6432312720872155,0.20454545454545456,0.4318181818181818,0.29719765524140956,31.0,0.035341482023024694,0.09618494486838158,-0.41358765323062935,-1.5821587006650524,1.0,1.0,0.06818181818181818,False,0.2971976552414095,0.7028023447585905,False
Rq_nm,6062,6085,3.1255097083820487,4.375318064105221,1.249808355723172,0.20294413576545356,0.3099740787493434,0.7150700412725203,0.630713655359977,2.229715540603876,0.8409090909090909,0.4772727272727273,0.6335163574893797,31.25,0.10351800639237385,0.3026041036502458,-1.048370242784584,-0.4671076949062342,1.0,1.0,0.4772727272727273,False,0.6335163574893797,0.36648364251062027,False
Rq_nm,6062,6090,4.685108184814453,3.9717974496268194,0.7133107351876338,0.07152594052219508,0.5412441023089076,0.2344877640447047,0.43681943865582906,1.7595534186783945,0.4772727272727273,0.022727272727272728,0.10414944761263273,25.25,0.048902305014076844,0.14793184386094183,-0.6371900186329226,1.8568049720693498,1.0,0.15617080418590387,0.1590909090909091,False,0.10414944761263278,0.8958505523873672,False
Rq_nm,6062,6094,4.092223385079066,4.034132593222133,0.05809079185693289,0.020941590764226525,0.3194975414182056,0.22295577468272978,0.28504575943778043,0.9993554200942536,0.3409090909090909,0.3409090909090909,0.3409090909090909,30.0,0.10797917976455032,0.31235307007941526,0.758316058272018,0.8321488702463015,0.4684546134649056,0.4351132790235337,0.5227272727272727,False,0.34090909090909083,0.6590909090909092,False
Rq_nm,6062,6095,9.867135047912596,7.822149759906939,2.044985288005657,0.08001028714801883,0.9540262047984314,0.33215759490329433,0.6949647431970256,2.157839948862236,0.5227272727272727,0.25,0.3614994027406106,28.75,0.12822778955907194,0.3671599705166819,0.16218198659816072,0.3938103313607799,0.8502864497205618,0.6744819721870822,0.6136363636363636,False,0.36149940274061065,0.6385005972593893,False
Rq_nm,6062,6099,10.321437835693361,7.711095007822337,2.6103428278710243,0.5268480301385274,0.39910726738751195,0.6663616860256995,0.5693056418119332,1.709204052150409,0.9318181818181818,0.4318181818181818,0.6343311698614937,31.0,0.20211482196361794,0.5472122170080922,1.7078435637169624,-0.4390561282919035,0.1812562390097608,1.0,0.8409090909090909,False,0.6343311698614937,0.36566883013850626,False
Rq_nm,6062,6101,1.2270276091477796,1.4709237342190842,0.24389612507130454,0.0,0.0549957901055988,0.07226114172863479,0.06907196941764776,0.22338436118425897,0.11363636363636363,0.8863636363636364,0.31736909190383955,39.25,0.25202347899918226,0.6791033551132831,0.14738593833711883,-0.1817031564305027,0.8629608634590887,1.0,0.9318181818181818,False,0.31736909190383955,0.6826309080961604,False
Rq_nm,6063,6022,1.6493401527404783,2.8340020548452176,1.1846619021047393,0.7644335876047914,0.3391134011736106,1.0220012303823847,0.8539708043406078,2.4567871874403164,0.9772727272727273,0.06818181818181818,0.25813219753637606,27.0,0.04906915194493108,0.14760080423932864,4.888411787731853,88.72277617124664,0.007533377581552442,2.9389208481658095e-39,0.3409090909090909,False,0.25813219753637606,0.7418678024636239,False
Rq_nm,6063,6028,6.072564601898193,3.7004995408505272,2.372065061047666,0.142672357533435,0.19137330266380984,0.7937121554521085,0.6447068315951239,2.3627676403060622,0.7954545454545454,0.29545454545454547,0.4847892956295805,30.0,0.00982316212599322,0.029450740584258783,-0.7027571041324375,1.4122815127031085,1.0,0.24358690208812223,0.022727272727272728,False,0.4847892956295805,0.5152107043704195,False
Rq_nm,6063,6029,2.561024904251098,2.0973844238628687,0.46364048038822947,0.02751607235866471,0.38741783177420314,0.05325329603051061,0.26555083629982384,1.1004743315246917,0.3409090909090909,0.5681818181818182,0.4401117438872065,33.5,0.09355045727373322,0.2771967179759587,-0.47287987529080194,107.0101808219696,1.0,3.357909301964559e-47,0.5681818181818182,False,0.4401117438872064,0.5598882561127936,False
Rq_nm,6063,6033,2.5392112094198453,3.4652636979781453,0.9260524885582999,0.027971731493656726,0.1852004078472001,0.27342723677934405,0.29302528666734484,1.1711240400959864,0.38636363636363635,0.9772727272727273,0.6144775379361715,40.25,0.030518073408960407,0.08804976679376608,-0.8484639468109969,2.2247043904017803,1.0,0.10809936912323541,0.11363636363636363,False,0.6144775379361715,0.38552246206382845,False
Rq_nm,6063,6047,3.066597064069266,3.559832203156634,0.4932351390873677,0.0,0.1520169588379703,0.033662098387957286,0.16460046557500924,0.5404749675701228,0.20454545454545456,0.4772727272727273,0.3124483428378982,31.5,0.17168622642322448,0.4708180519053554,-0.7298815122377201,-0.9736267093826196,1.0,1.0,0.8863636363636364,False,0.31244834283789813,0.6875516571621019,False
Rq_nm,6063,6048,2.455431633201468,2.240250682244127,0.21518095095734102,0.11120108383100158,0.38173726187344303,0.665796025159079,0.5920634006356918,1.855778751690762,0.6136363636363636,0.11363636363636363,0.26406704633232386,27.25,0.11563983408516058,0.31614017902250247,1.916343296648865,0.5462616266591194,0.1471440416718894,0.579110700761521,0.75,False,0.2640670463323238,0.7359329536676762,False
Rq_nm,6063,6056,3.2253758907318115,2.564680975293454,0.6606949154383575,0.0,0.18254259006774787,0.4761492858023642,0.438259995754503,1.367991805266041,0.20454545454545456,0.6136363636363636,0.35428311972999765,34.5,0.02787185206101548,0.08269402531864456,-0.8236783520832944,-0.3203824055584639,1.0,1.0,0.06818181818181818,False,0.3542831197299976,0.6457168802700024,False
Rq_nm,6063,6057,5.337333679199219,1.3920902430698563,3.9452434361293625,0.014759850258803997,0.09385321596436601,0.03491694626442761,0.06977482052698021,0.2452646603206894,0.25,0.7954545454545454,0.44594129250792236,39.0,0.30665545932912164,0.8464496849922495,-0.12436564379620386,-0.2498765131649215,1.0,1.0,0.9772727272727273,True,0.9772727272727273,0.022727272727272707,False
Rq_nm,6063,6062,3.0912147342364586,5.378158229840585,2.286943495604126,0.11142605985719278,0.5667500676608753,0.28800934347963036,0.5246784452821879,1.9656045292169821,0.6590909090909091,0.7045454545454546,0.6814392886620432,37.5,0.09862006678388673,0.27148252420940877,-0.6763213296411313,0.15554085163612855,1.0,0.8559521091705816,0.6136363636363636,False,0.6814392886620432,0.3185607113379568,False
Rq_nm,6063,6070,3.047229528427124,2.2377622973430666,0.8094672310840574,0.11736145944664189,0.10614211713846598,0.05836528540838481,0.0810870057707783,0.29315126985063067,0.7045454545454546,0.1590909090909091,0.3347936332421872,27.5,0.15288317958666034,0.42192410712668305,0.20798170836880045,-0.41414219846973316,0.8122218934393887,1.0,0.7954545454545454,False,0.33479363324218725,0.6652063667578128,False
Rq_nm,6063,6072,1.470114827156067,2.3136944892899276,0.8435796621338607,0.022268801789549375,0.09211268296485443,0.058660255996400235,0.08000407927069458,0.3073065490756961,0.29545454545454547,0.7045454545454546,0.4562468159064712,37.5,0.08273329445379678,0.22479804888247934,1.083855225807544,0.03433736893782544,0.33828882863479165,0.9662454684359907,0.5227272727272727,False,0.4562468159064712,0.5437531840935288,False
Rq_nm,6063,6078,2.0597975274126674,3.2586162129693723,1.198818685556705,0.0,0.11096541160897204,0.1467715403540775,0.14528961257422118,0.5261378703885322,0.20454545454545456,0.8863636363636364,0.42579531807261806,39.25,0.042101585277434427,0.1298880609664863,-0.3231141154451942,-1.4930581111850103,1.0,1.0,0.29545454545454547,False,0.42579531807261806,0.5742046819273819,False
Rq_nm,6063,6080,4.336027222470414,2.278211912529364,2.0578153099410503,0.06617017834747374,0.1315072355700943,0.1820636555093982,0.17351227091171367,0.583888375388601,0.5681818181818182,0.9318181818181818,0.7276277542537328,39.5,0.05251967549268746,0.1582626024880155,1.876772974683812,1.3259702966632871,0.15308331325970082,0.2655451764476738,0.4318181818181818,False,0.7276277542537328,0.27237224574626717,False
Rq_nm,6063,6081,3.181477069854736,4.156821752494349,0.9753446826396135,0.03102378918296811,0.1315790382956544,0.10918138495841206,0.2128726331090614,0.6689742841945225,0.4318181818181818,0.75,0.5690901829794961,37.75,0.04945787140366675,0.1472488988942453,-0.547355430841749,-0.4437265392060167,1.0,1.0,0.38636363636363635,False,0.5690901829794961,0.4309098170205039,False
Rq_nm,6063,6082,1.863613247871399,3.054732574395153,1.1911193265237543,0.16502721110906515,0.10288453103070001,0.3324095688557112,0.27530427284453257,1.151148905874936,0.8409090909090909,0.5227272727272727,0.6629978248097647,32.0,0.03974373712000118,0.11642432003652703,1.690818762462955,1.1314093898249595,0.18436850816454373,0.3225782973202026,0.1590909090909091,False,0.6629978248097647,0.33700217519023534,False
Rq_nm,6063,6084,1.9596685775258929,3.2467176975961,1.287049120070207,0.0,0.13113454157734003,0.1059780661786417,0.15081036744565943,0.5828401729924284,0.20454545454545456,0.38636363636363635,0.28112083811029503,31.0,0.04026177627958364,0.10933825086676685,-0.28866280190681076,-1.670257590944425,1.0,1.0,0.25,False,0.281120838110295,0.718879161889705,False
Rq_nm,6063,6085,3.1255097083820487,4.297054715085443,1.171545006703394,0.1968252800675554,0.28654453459130624,0.6793784732350285,0.5923203430454141,2.096921987868138,0.8863636363636364,0.4318181818181818,0.6186662540371,31.25,0.10095823030849685,0.28540691339885393,-1.5599010370465842,-0.6231052987645469,1.0,1.0,0.7045454545454546,False,0.6186662540371,0.38133374596290004,False
Rq_nm,6063,6090,4.685108184814453,3.9498470960930256,0.7352610887214275,0.057612536705275996,0.4692903921817764,0.21859273001126794,0.3846830726026897,1.571097605164303,0.5227272727272727,0.022727272727272728,0.10899617098438,25.25,0.03980263210899587,0.11573163735221881,-0.4260705815030103,1.9984269943811164,1.0,0.13554833391860693,0.20454545454545456,False,0.10899617098437997,0.89100382901562,False
Rq_nm,6063,6094,4.092223385079066,3.8884065623507253,0.20381682272834079,0.1373755272797168,0.269382880744193,0.22437683665107147,0.25882591601055327,0.883865496491925,0.75,0.29545454545454547,0.4707344358456359,30.0,0.07391130234322629,0.19724620294882045,1.3773637963201768,1.2070668444708827,0.2522426403171397,0.2990732224393482,0.4772727272727273,False,0.4707344358456359,0.5292655641543641,False
Rq_nm,6063,6095,9.867135047912596,6.506469810817105,3.360665237095491,0.04821422687515575,0.6800078927704516,0.2296370422482172,0.493487911347144,1.5754738391300158,0.4772727272727273,0.20454545454545456,0.3124483428378982,28.75,0.10005049463820972,0.28005209541438036,0.9886787322496539,0.3509196178589561,0.37206796780328677,0.704040343851398,0.6590909090909091,False,0.31244834283789813,0.6875516571621019,False
Rq_nm,6063,6099,10.321437835693361,6.763730322275496,3.5577075134178653,0.4158347391270798,0.31799168328529515,0.5587863499965129,0.4733534029459026,1.4112591104123675,0.9318181818181818,0.38636363636363635,0.6000172173838221,31.0,0.16333350807741326,0.4452136123444599,1.214558675785191,-0.4278677777993256,0.29684098850704965,1.0,0.8409090909090909,False,0.6000172173838221,0.3999827826161779,False
Rq_nm,6063,6101,1.2270276091477796,1.4418793569110377,0.2148517477632581,0.0,0.05443620986334378,0.06562620552171328,0.06445207951693366,0.20140747457502006,0.20454545454545456,0.8863636363636364,0.42579531807261806,39.25,0.2587096913657528,0.7044199244855625,0.38700630321171486,-0.03700689474848319,0.679086814485182,1.0,0.9318181818181818,False,0.42579531807261806,0.5742046819273819,False
Rq_nm,6070,6022,1.6493401527404783,2.573711430912982,0.9243712781725038,0.8992444621155813,0.38281030600267885,1.031609729929522,0.8571737269037573,2.4520854140138395,0.9772727272727273,0.11363636363636363,0.3332472340594359,27.0,0.11135144529932293,0.32507615518395006,5.213028686441106,66.81972119443544,0.005445157015133849,9.562331665462322e-30,0.7045454545454546,False,0.3332472340594359,0.6667527659405641,False
Rq_nm,6070,6028,6.072564601898193,3.653719019846469,2.4188455820517243,0.14701228750194995,0.19547525292599857,0.7693221570934483,0.6262288146922771,2.2550599218530047,0.7045454545454546,0.29545454545454547,0.4562468159064712,30.0,0.020404166746082343,0.05655508313671076,-0.7017944443638066,1.1166854575928424,1.0,0.32736305710689273,0.022727272727272728,False,0.4562468159064712,0.5437531840935288,False
Rq_nm,6070,6029,2.561024904251098,1.9893141591310983,0.5717107451199999,0.03737895992569795,0.3801410779241494,0.052696215654382234,0.2605248108921549,1.0838229222160487,0.4318181818181818,0.5681818181818182,0.4953294254023493,33.5,0.09980583478924927,0.2752514973174969,-0.44568685875074193,93.95759473465672,1.0,1.5657956198489076e-41,0.6590909090909091,False,0.49532942540234925,0.5046705745976507,False
Rq_nm,6070,6033,2.5392112094198453,3.444444919545372,0.9052337101255268,0.02251532103024001,0.20485255626082954,0.2738926979654176,0.2976453724895417,1.1981071146093152,0.3409090909090909,0.9772727272727273,0.5772011408727407,40.25,0.07296873235520449,0.22102266198494136,-0.8252375877760755,1.1935696553878308,1.0,0.3031372349486243,0.38636363636363635,False,0.5772011408727407,0.42279885912725934,False
Rq_nm,6070,6047,3.066597064069266,3.552475832246652,0.48587876817738573,0.0,0.16788471423568807,0.0344169386228909,0.18343536529086157,0.582791417737889,0.1590909090909091,0.4772727272727273,0.27555353756777595,31.5,0.147021868324099,0.41095202742968806,-0.7088304998062477,-0.868386601675256,1.0,1.0,0.7954545454545454,False,0.275553537567776,0.724446462432224,False
Rq_nm,6070,6048,2.455431633201468,2.198353134578028,0.25707849862344023,0.1652325857582002,0.4081714928337604,0.5860588112202506,0.5427032241674415,1.6544518344730303,0.7954545454545454,0.1590909090909091,0.35573808732951195,27.25,0.1317149974114901,0.36780744161757484,1.789290668829034,0.2360420434066576,0.1670786417326924,0.7897474695607757,0.75,False,0.35573808732951195,0.644261912670488,False
Rq_nm,6070,6056,3.2253758907318115,2.509696619978183,0.7156792707536286,0.0,0.18300451912250856,0.46740358157394724,0.4268285935054774,1.3643622964546955,0.1590909090909091,0.6136363636363636,0.3124483428378982,34.5,0.051803507959241,0.139259264642141,-0.7962115825848367,-0.4158672227987168,1.0,1.0,0.29545454545454547,False,0.31244834283789813,0.6875516571621019,False
Rq_nm,6070,6057,5.337333679199219,1.3044077222312274,4.032925956967992,0.014794566331291836,0.09055195730131965,0.03335768933501683,0.06731552312902014,0.2331988697225753,0.25,0.7954545454545454,0.44594129250792236,39.0,0.31759731209425673,0.8583473972083561,-0.10955330621639003,-0.611318789219472,1.0,1.0,0.9772727272727273,True,0.9772727272727273,0.022727272727272707,False
Rq_nm,6070,6062,3.0912147342364586,5.175814237534791,2.084599503298332,0.08782484883277686,0.5040909269174227,0.2788831450677868,0.4979516827092931,1.9079981376601074,0.6136363636363636,0.7045454545454546,0.6575216427949743,37.5,0.08662394492365513,0.23206842134881134,-0.6754164396021098,-0.14096761579501432,1.0,1.0,0.5227272727272727,False,0.6575216427949743,0.34247835720502573,False
Rq_nm,6070,6063,5.865590098313159,5.843782886001799,0.021807212311359514,0.323540821132724,0.4822276290131051,1.0217969340206603,0.8657677524515708,2.9552814729729486,0.8863636363636364,0.11363636363636363,0.31736909190383955,27.0,0.1941986944433086,0.516315768801908,0.2243207532099791,3.7576878874906052,0.7990587925876537,0.023337637286134187,0.8863636363636364,False,0.31736909190383955,0.6826309080961604,False
Rq_nm,6070,6072,1.470114827156067,2.3347187268876497,0.8646038997315828,0.0060824952075893,0.08363878187823562,0.05930554804812393,0.07664554922565851,0.2988194086777627,0.20454545454545456,0.7045454545454546,0.3796202974656833,37.5,0.08003564776931751,0.22215072407255532,1.0075084533061416,-0.30505825128017283,0.36512757960558645,1.0,0.4318181818181818,False,0.37962029746568327,0.6203797025343167,False
Rq_nm,6070,6078,2.0597975274126674,3.1873687723910433,1.127571244978376,0.0,0.13754158872784367,0.14876022208042827,0.1562048380803078,0.5577681818242439,0.1590909090909091,0.8863636363636364,0.37551617367859785,39.25,0.05136895543351385,0.14955583072688006,-0.37107285129998385,-1.310181099885793,1.0,1.0,0.25,False,0.3755161736785979,0.6244838263214021,False
Rq_nm,6070,6080,4.336027222470414,2.347251505204621,1.9887757172657934,0.09849848534023398,0.13508356892927206,0.18513454599908655,0.1753339155429427,0.5997646711127316,0.6590909090909091,0.9318181818181818,0.783679074980303,39.5,0.057379884569830585,0.16734166205591905,1.7443484880872604,1.074485001161932,0.1747588093312586,0.3414735685163239,0.3409090909090909,False,0.783679074980303,0.21632092501969702,False
Rq_nm,6070,6081,3.181477069854736,3.955602938711532,0.774125868856796,0.06618243411946922,0.11390228229680326,0.10049925849396363,0.19516160867260632,0.6166336024408472,0.5227272727272727,0.75,0.6261353324525414,37.75,0.04753295604971301,0.12716193382810115,-0.5441738842904473,-0.7446547344625892,1.0,1.0,0.20454545454545456,False,0.6261353324525414,0.3738646675474586,False
Rq_nm,6070,6082,1.863613247871399,3.130487279037164,1.2668740311657651,0.16016716528543506,0.1074867014813475,0.34424569645456443,0.2874777997694859,1.2046960290178115,0.75,0.5227272727272727,0.6261353324525414,32.0,0.04142881957118185,0.12388432263161964,1.6927861706111262,0.5962477518607203,0.18400613664254292,0.5508747818311037,0.1590909090909091,False,0.6261353324525414,0.3738646675474586,False
Rq_nm,6070,6084,1.9596685775258929,3.16504687728893,1.2053782997630373,0.024637063682868998,0.12412416012655973,0.10483396114725696,0.15075043203856092,0.5835487703224205,0.38636363636363635,0.38636363636363635,0.38636363636363635,31.0,0.028009771716018757,0.07737728541717304,-0.28564131983459773,-1.4999390523582488,1.0,1.0,0.11363636363636363,False,0.38636363636363635,0.6136363636363636,False
Rq_nm,6070,6085,3.1255097083820487,4.12933770252059,1.003827994138541,0.18262308946464234,0.29351094311362474,0.6578044133734695,0.5808359762166465,2.0455544407426687,0.8409090909090909,0.4318181818181818,0.6025942537983114,31.25,0.08107222396715447,0.23863539955133528,-1.6298823966346019,-0.4465246242620678,1.0,1.0,0.4772727272727273,False,0.6025942537983114,0.39740574620168856,False
Rq_nm,6070,6090,4.685108184814453,3.9051257147011316,0.7799824701133216,0.06708996928640198,0.5051018005615745,0.23507942431991513,0.4125365564326113,1.6734751832890384,0.5681818181818182,0.022727272727272728,0.11363636363636365,25.25,0.027691923145211465,0.07517161822950214,-0.4571915212975301,2.114539871142908,1.0,0.12068880918291996,0.06818181818181818,False,0.11363636363636365,0.8863636363636364,False
Rq_nm,6070,6094,4.092223385079066,4.086823738475458,0.0053996466036076995,0.017855109988872186,0.33188255306956915,0.2248450582501112,0.29321658136841894,1.0238769938552594,0.29545454545454547,0.29545454545454547,0.29545454545454547,30.0,0.0991223992191078,0.27456116180114765,1.1006326842967826,0.8988054288722632,0.3326605479989091,0.4070556263205722,0.6136363636363636,False,0.2954545454545454,0.7045454545454546,False
Rq_nm,6070,6095,9.867135047912596,7.259631414704098,2.6075036332084975,0.049509567026341905,0.8118956163212485,0.29087309723583926,0.5941136518713649,1.8499870386489397,0.4772727272727273,0.20454545454545456,0.3124483428378982,28.75,0.09904661469023705,0.2905279833782073,0.33585963837969557,0.48136497753152624,0.7147234185129583,0.6179393425646191,0.5681818181818182,False,0.31244834283789813,0.6875516571621019,False
Rq_nm,6070,6099,10.321437835693361,6.81289306594044,3.5085447697529215,0.43898785472591584,0.33179068055964817,0.5635570130622978,0.48110050893844325,1.477992133139046,0.9318181818181818,0.38636363636363635,0.6000172173838221,31.0,0.1647655115144706,0.4435894399267244,1.0934143547482096,-0.7098740076964416,0.3350704888718702,1.0,0.8409090909090909,False,0.6000172173838221,0.3999827826161779,False
Rq_nm,6070,6101,1.2270276091477796,1.3441605606022407,0.11713295145446101,0.0,0.048299046877406715,0.06964563098000391,0.06483518055693162,0.21805543583870746,0.1590909090909091,0.8863636363636364,0.37551617367859785,39.25,0.29439525817258366,0.7946572137585428,0.9762886328423243,-0.320410584083235,0.3767066041520226,1.0,0.9318181818181818,False,0.3755161736785979,0.6244838263214021,False
Rq_nm,6072,6022,1.6493401527404783,2.4465823338021915,0.7972421810617132,0.7726217490781742,0.33377793628757046,0.8681758321998225,0.7325095777897127,2.059368809892322,0.9772727272727273,0.11363636363636363,0.3332472340594359,27.0,0.06625705684761472,0.20911676927373468,4.7719722703451115,45.23468335871399,0.008463671040515227,2.2637404265115673e-20,0.4318181818181818,False,0.3332472340594359,0.6667527659405641,False
Rq_nm,6072,6028,6.072564601898193,3.6762409741207005,2.396323627777493,0.08734874451880259,0.16992280696761575,0.6965333876846572,0.5661672000194403,1.9962213325950593,0.5681818181818182,0.3409090909090909,0.4401117438872065,30.0,0.033342480894697525,0.0899142530446373,-0.872186369708028,1.2259947309515362,1.0,0.2934656357336955,0.06818181818181818,False,0.4401117438872064,0.5598882561127936,False
Rq_nm,6072,6029,2.561024904251098,2.222558945399089,0.33846595885200914,0.043181974789628264,0.37884409569834127,0.04403847812468946,0.2579932624924892,1.0804648068413307,0.4318181818181818,0.6136363636363636,0.5147614387684601,33.5,0.05100936786065005,0.15152185511369276,-0.4592248895340122,69.51241540750571,1.0,6.4735359590532505e-31,0.25,False,0.5147614387684601,0.48523856123153986,False
Rq_nm,6072,6033,2.5392112094198453,3.716948056745794,1.1777368473259489,0.0,0.19557107220901698,0.2811552342475619,0.30238547664491516,1.2017098440624654,0.1590909090909091,0.9772727272727273,0.39430344483857893,40.25,0.08342741079932246,0.24403542806973277,-1.0451583787181553,1.7524635265586834,1.0,0.1733463736066229,0.5227272727272727,False,0.39430344483857893,0.6056965551614211,False
Rq_nm,6072,6047,3.066597064069266,3.882093875005239,0.815496810935973,0.008795973872536056,0.1725706771098449,0.045313153392279135,0.18799392398845893,0.599608084567878,0.25,0.5227272727272727,0.3614994027406106,31.5,0.15821082566115763,0.43780458233178177,-0.7956854265282666,-0.7700303378555504,1.0,1.0,0.7954545454545454,False,0.36149940274061065,0.6385005972593893,False
Rq_nm,6072,6048,2.455431633201468,2.19149117646328,0.263940456738188,0.11557052239934507,0.4074364485762828,0.5655790660374118,0.5280363603493035,1.5666383792007976,0.6590909090909091,0.1590909090909091,0.3238137920176138,27.25,0.15520145410718209,0.4291294942696031,1.832872624938891,0.4461901500606395,0.159953420990836,0.6400620526514126,0.75,False,0.32381379201761384,0.6761862079823862,False
Rq_nm,6072,6056,3.2253758907318115,2.785141548091366,0.4402343426404456,0.0,0.18364694883587523,0.48871714203929834,0.44381571411876164,1.4115592124592076,0.1590909090909091,0.6590909090909091,0.3238137920176138,34.5,0.06286701288381466,0.17766588392884675,-1.0144385780875165,-0.3657148851168318,1.0,1.0,0.3409090909090909,False,0.32381379201761384,0.6761862079823862,False
Rq_nm,6072,6057,5.337333679199219,1.1833149743435991,4.15401870485562,0.03229458359102533,0.09698858959820365,0.062074968291954136,0.08733866650912617,0.37427870398984164,0.38636363636363635,0.7954545454545454,0.5543777689841122,39.0,0.37053662933424825,0.993058413423723,0.1184469503333757,-0.292464313107015,0.8882989383694145,1.0,0.9772727272727273,True,0.9772727272727273,0.022727272727272707,False
Rq_nm,6072,6062,3.0912147342364586,5.044628098457837,1.9534133642213782,0.02890704004840039,0.4280266470262265,0.22789542104649116,0.4346508386005875,1.6572310737592728,0.3409090909090909,0.7045454545454546,0.49008769665563234,37.5,0.09398772460839,0.2500505549166592,-0.7954279351643684,0.04808050408098005,1.0,0.9530570590064279,0.6136363636363636,False,0.49008769665563234,0.5099123033443677,False
Rq_nm,6072,6063,5.865590098313159,5.994261088660763,0.12867099034760443,0.3045125430697695,0.44390158738330904,0.9564008258769285,0.806401131919142,2.6913267110230077,0.9318181818181818,0.11363636363636363,0.32540502416537165,27.0,0.21579080294632266,0.60423931738472,0.20286716586981823,4.016503249097027,0.8163866782376914,0.018015851871756756,0.8863636363636364,False,0.32540502416537165,0.6745949758346284,False
Rq_nm,6072,6070,3.047229528427124,2.33249456188741,0.714734966539714,0.1268107992879428,0.1101545524069574,0.050438790337370476,0.08657879546013973,0.30261758215331724,0.7045454545454546,0.20454545454545456,0.3796202974656833,27.5,0.17284111933065358,0.4828608778261527,0.1558316243660379,-0.6593544376160363,0.855703257820473,1.0,0.8409090909090909,False,0.37962029746568327,0.6203797025343167,False
Rq_nm,6072,6078,2.0597975274126674,3.5246227762657214,1.464825248853054,0.0,0.1651383353415031,0.16455069588395288,0.17614680933888496,0.5750326028534576,0.1590909090909091,0.8863636363636364,0.37551617367859785,39.25,0.03723136384469067,0.11131476640589955,-0.3043204858063053,-1.086392775314691,1.0,1.0,0.1590909090909091,False,0.3755161736785979,0.6244838263214021,False
Rq_nm,6072,6080,4.336027222470414,2.303741671381483,2.0322855510889313,0.10666600239239665,0.11557274662973582,0.14314136296727709,0.13840819515792982,0.5083801791008817,0.6136363636363636,0.9318181818181818,0.7561729436188238,39.5,0.004930959515969249,0.014678205243348286,1.785566303559335,1.2442950051408888,0.16770206382845257,0.2881439765634201,0.022727272727272728,False,0.7561729436188238,0.2438270563811762,False
Rq_nm,6072,6081,3.181477069854736,4.175414520970522,0.9939374511157859,0.060043423860258294,0.11488289688017454,0.09327629897883707,0.1932306260889591,0.5685921791752153,0.4772727272727273,0.75,0.5982930264130992,37.75,0.053304116176086686,0.14172948895072635,-0.5316436435929466,-0.34910767317190916,1.0,1.0,0.29545454545454547,False,0.5982930264130992,0.4017069735869008,False
Rq_nm,6072,6082,1.863613247871399,3.5097905218812495,1.6461772740098506,0.17139089391681805,0.10295198454417098,0.330683907009587,0.28006398175725294,1.1548639423637823,0.7954545454545454,0.5681818181818182,0.6722817935340473,32.0,0.035165896078063266,0.0960995363545587,1.998591047701876,1.1479584557033116,0.1355260985882439,0.31728385767466044,0.11363636363636363,False,0.6722817935340473,0.32771820646595273,False
Rq_nm,6072,6084,1.9596685775258929,3.4273101780796376,1.4676416005537447,0.028776783643178927,0.11639953700473467,0.08672325724457054,0.13238696865666816,0.5216131209054709,0.29545454545454547,0.4318181818181818,0.35718712830685706,31.0,0.043354448299907526,0.12175656858442596,-0.28244401569135374,-1.536958985765025,1.0,1.0,0.20454545454545456,False,0.35718712830685706,0.6428128716931429,False
Rq_nm,6072,6085,3.1255097083820487,4.233725512414295,1.108215804032246,0.1677932793682535,0.28089675329239694,0.6030544944834263,0.5331748288332103,1.8350074919063086,0.75,0.4772727272727273,0.5982930264130992,31.25,0.08738150596224495,0.25772448701703166,-1.6018161917280385,-0.47513292139189595,1.0,1.0,0.5681818181818182,False,0.5982930264130992,0.4017069735869008,False
Rq_nm,6072,6090,4.685108184814453,4.050649493998366,0.6344586908160874,0.0674658199033824,0.47397405824790134,0.24851359902419345,0.4008964440183124,1.636959106935075,0.5227272727272727,0.022727272727272728,0.10899617098438,25.25,0.06707643386382281,0.20093126133935213,-0.45796103529237586,1.9343296342393383,1.0,0.1445211183670519,0.4772727272727273,False,0.10899617098437997,0.89100382901562,False
Rq_nm,6072,6094,4.092223385079066,4.61341807250798,0.5211946874289142,0.0,0.37803084741519793,0.22023226478460642,0.31419968792214126,1.1128060817239636,0.1590909090909091,0.3409090909090909,0.23288524468089994,30.0,0.1223160621818897,0.35119077846060365,1.1194615783563995,0.7867374176825449,0.32645551802873135,0.45532791937795186,0.7045454545454546,False,0.2328852446809,0.7671147553191,False
Rq_nm,6072,6095,9.867135047912596,7.304060046007444,2.563075001905152,0.21790154692227226,0.7892228638544072,0.29661110532016877,0.5807031760943088,1.8523314547943004,0.8409090909090909,0.25,0.458505477314364,28.75,0.11627520949891484,0.33634657974530136,0.5141089999332497,0.24211458210438486,0.5980332049306019,0.7849662293162727,0.6590909090909091,False,0.458505477314364,0.541494522685636,False
Rq_nm,6072,6099,10.321437835693361,5.103657736799794,5.217780098893567,0.28774863042973653,0.21313345516099008,0.3402226836700055,0.2913005752094611,0.9245582012604423,0.8863636363636364,0.4318181818181818,0.6186662540371,31.0,0.06523098503274478,0.17931653715826457,2.176420784437741,-0.3686211436322839,0.11344685558606556,1.0,0.38636363636363635,False,0.6186662540371,0.38133374596290004,False
Rq_nm,6072,6101,1.2270276091477796,1.6130380444879342,0.38601043534015456,0.00819925170751512,0.04726173333619978,0.07905211751156457,0.0716007465131896,0.22528996443383753,0.20454545454545456,0.8863636363636364,0.42579531807261806,39.25,0.22317075246933557,0.6041774632465269,0.5466159301249743,-0.08477621333001155,0.5789055561769921,1.0,0.9318181818181818,False,0.42579531807261806,0.5742046819273819,False
Rq_nm,6078,6022,1.6493401527404783,2.893797610056587,1.244457457316109,0.7377874616105311,0.33268213423515663,0.9926456580206588,0.8361786754367818,2.384022215739705,0.9772727272727273,0.11363636363636363,0.3332472340594359,27.0,0.1091974619022966,0.32218952564619097,3.0739066118491736,63.9519990565776,0.04624015919390526,1.6826729105240064e-28,0.6136363636363636,False,0.3332472340594359,0.6667527659405641,False
Rq_nm,6078,6028,6.072564601898193,3.59249938949031,2.4800652124078835,0.1293171299432534,0.1636313671048533,0.7377500804335891,0.5978938917691244,2.177695965353802,0.6590909090909091,0.3409090909090909,0.47401485487759565,30.0,0.0035218211817392192,0.010176290977613744,-0.7265451439349465,1.54759197486768,1.0,0.21275968814520332,0.022727272727272728,False,0.47401485487759565,0.5259851451224044,False
Rq_nm,6078,6029,2.561024904251098,2.1139480690777406,0.4470768351733576,0.047586614206955424,0.3826322626244591,0.05260601723297586,0.26153852271709027,1.0950522999069103,0.38636363636363635,0.6136363636363636,0.48691557467337615,33.5,0.039676966724179044,0.12064280390511717,-0.5505861610723571,73.82652964420646,1.0,8.660551677087905e-33,0.25,False,0.4869155746733762,0.5130844253266238,False
Rq_nm,6078,6033,2.5392112094198453,3.6917684003085225,1.1525571908886771,0.02853892387062862,0.18325339425816142,0.2819485964424643,0.2963409685555748,1.1732513056695395,0.25,0.9772727272727273,0.4942855266120806,40.25,0.05005707630045967,0.1566986873190055,-0.9182751990036163,2.510788002870464,1.0,0.08120422486016265,0.29545454545454547,False,0.4942855266120806,0.5057144733879194,False
Rq_nm,6078,6047,3.066597064069266,3.68062056436549,0.614023500296224,0.0,0.16945182665849948,0.03687041318414839,0.1855835297727947,0.5656077556708343,0.11363636363636363,0.5227272727272727,0.24372284760826382,31.5,0.14327190272056262,0.4028681303098274,-0.7578873866983142,-1.0670155913616282,1.0,1.0,0.75,False,0.2437228476082638,0.7562771523917362,False
Rq_nm,6078,6048,2.455431633201468,2.1982396114412093,0.2571920217602588,0.15317999682409678,0.4008823277266825,0.5742503388091426,0.5320293499330169,1.6185001868732753,0.75,0.1590909090909091,0.3454246398538787,27.25,0.13671692710054706,0.3836482128603046,1.2752256922458232,0.5387971605454591,0.2793679099347877,0.5834496266998019,0.7045454545454546,False,0.3454246398538787,0.6545753601461213,False
Rq_nm,6078,6056,3.2253758907318115,2.5709620324488616,0.65441385828295,0.0,0.18047096659460404,0.4546958847533008,0.4177148995451932,1.32365989175321,0.11363636363636363,0.6590909090909091,0.2736726040634613,34.5,0.05487356747610606,0.14553549578698433,-1.0155263571005446,-0.7202446360795776,1.0,1.0,0.3409090909090909,False,0.2736726040634613,0.7263273959365387,False
Rq_nm,6078,6057,5.337333679199219,1.4237724067231128,3.913561272476106,0.016101464972261947,0.09515164030228368,0.035831439253358084,0.07120567865422439,0.24631916465608006,0.20454545454545456,0.8409090909090909,0.41473380888396955,39.0,0.2997304142561376,0.8111955017186347,0.49829919895150365,-0.39768329182866213,0.60756312545514,1.0,0.9772727272727273,True,0.9772727272727273,0.022727272727272707,False
Rq_nm,6078,6062,3.0912147342364586,5.192343120615945,2.1011283863794863,0.08415765224488592,0.494726880935206,0.2713895777629295,0.4924271053271554,1.8611272926709237,0.5681818181818182,0.75,0.6527912098338668,37.5,0.07591928852489883,0.2036854552589933,-0.7272149502923447,-0.09079737760607831,1.0,1.0,0.5227272727272727,False,0.6527912098338668,0.34720879016613315,False
Rq_nm,6078,6063,5.865590098313159,5.7515346601836645,0.11405543812949404,0.2872442135194442,0.4378321416934516,0.985639272099919,0.8296106050281575,2.875833902984203,0.8863636363636364,0.11363636363636363,0.31736909190383955,27.0,0.1843275836404006,0.5215954733510344,-0.04355419024570547,5.737178572481546,1.0,0.003223851318532902,0.8863636363636364,False,0.31736909190383955,0.6826309080961604,False
Rq_nm,6078,6070,3.047229528427124,2.266616760421724,0.7806127680053998,0.1306007274415215,0.09448372556850698,0.05552452419014239,0.0770337361622584,0.2609578986776211,0.7045454545454546,0.20454545454545456,0.3796202974656833,27.5,0.1728428256229568,0.48403396509713004,-0.16515259101026686,-0.7848697754476207,1.0,1.0,0.8409090909090909,False,0.37962029746568327,0.6203797025343167,False
Rq_nm,6078,6072,1.470114827156067,2.5523356008919476,1.0822207737358807,0.01295742112122511,0.11809527854172767,0.06232271786986593,0.09565922156515538,0.36750232492670865,0.1590909090909091,0.75,0.3454246398538787,37.5,0.06860285439955319,0.19542361212832637,0.7697213349228814,-0.08638238224388045,0.4631421118627465,1.0,0.4772727272727273,False,0.3454246398538787,0.6545753601461213,False
Rq_nm,6078,6080,4.336027222470414,2.2143978855392428,2.1216293369311714,0.08791423926417341,0.13249074739353622,0.17577642314168224,0.16893212555741757,0.6059143912641609,0.6136363636363636,0.9318181818181818,0.7561729436188238,39.5,0.016688516473436072,0.048320373475183365,1.3192427465766334,1.473501186653525,0.267337667699168,0.22912188075214573,0.06818181818181818,False,0.7561729436188238,0.2438270563811762,False
Rq_nm,6078,6081,3.181477069854736,4.37437436427717,1.1928972944224339,0.06546605926126858,0.12699129889756308,0.10810685775880224,0.21478136706843667,0.6589725737415195,0.5227272727272727,0.7954545454545454,0.6448300435959594,37.75,0.05673298951754127,0.1530734145200059,-0.34418949007460103,-0.22685874988412308,1.0,1.0,0.38636363636363635,False,0.6448300435959594,0.3551699564040406,False
Rq_nm,6078,6082,1.863613247871399,3.0946413726721707,1.2310281248007717,0.16013218220609327,0.12057895880686817,0.31999699754255945,0.269853164800545,1.1223922039474825,0.7954545454545454,0.5681818181818182,0.6722817935340473,32.0,0.03397579119934485,0.0993817811234774,1.1933852126369922,0.9821011850501984,0.3031931515706691,0.37452332869658794,0.20454545454545456,False,0.6722817935340473,0.32771820646595273,False
Rq_nm,6078,6084,1.9596685775258929,3.3036498941019485,1.3439813165760557,0.036993629438410114,0.11772478604184664,0.10498415006653254,0.1485935885656187,0.5634026184945276,0.3409090909090909,0.4318181818181818,0.38368052309395756,31.0,0.03362753106805495,0.09026684373662719,-0.3171891725082655,-1.4932859333490478,1.0,1.0,0.1590909090909091,False,0.3836805230939575,0.6163194769060425,False
Rq_nm,6078,6085,3.1255097083820487,4.207765268481972,1.0822555600999233,0.18289571413679617,0.2939908724778165,0.6544560681235907,0.5794142039169272,2.0376567021588357,0.8409090909090909,0.4772727272727273,0.6335163574893797,31.25,0.06453276453261253,0.18995213803748845,-1.4115645884771288,-0.41892308662049776,1.0,1.0,0.4318181818181818,False,0.6335163574893797,0.36648364251062027,False
Rq_nm,6078,6090,4.685108184814453,4.097070424172211,0.5880377606422424,0.06452180585643141,0.4801672792795834,0.23820906483304718,0.3985659326982874,1.634614693453516,0.4772727272727273,0.022727272727272728,0.10414944761263273,25.25,0.025467161825792086,0.07711526003930702,-0.6327304934755441,2.0039238042559124,1.0,0.13480529454220702,0.11363636363636363,False,0.10414944761263278,0.8958505523873672,False
Rq_nm,6078,6094,4.092223385079066,4.181862654487812,0.089639269408746,0.04942398806094506,0.3294589182479982,0.23578559836457233,0.2992498932066934,1.0489065803237048,0.4318181818181818,0.3409090909090909,0.38368052309395756,30.0,0.1266077024324658,0.35711719800045016,0.8762524383689174,0.7810293772826352,0.4163402524993398,0.4579343813551863,0.6590909090909091,False,0.3836805230939575,0.6163194769060425,False
Rq_nm,6078,6095,9.867135047912596,7.263996172667906,2.6031388752446896,0.03215424933200861,0.7131299026332683,0.2722598916320143,0.5268185293363106,1.6384320595550266,0.29545454545454547,0.25,0.2717786532523045,28.75,0.08969241328546246,0.2645279540681087,0.08850567696956022,0.3233076473722862,0.9152979146028487,0.7237511599714445,0.5681818181818182,False,0.27177865325230455,0.7282213467476955,False
Rq_nm,6078,6099,10.321437835693361,7.054735846755626,3.2667019889377356,0.4602924351842672,0.3459755027510255,0.5678937912614955,0.4877001777306585,1.5155788400670671,0.9318181818181818,0.4318181818181818,0.6343311698614937,31.0,0.1483155064691342,0.39982814216281715,0.8241850514803122,-0.34202063673598954,0.4385922769878065,1.0,0.7954545454545454,False,0.6343311698614937,0.36566883013850626,False
Rq_nm,6078,6101,1.2270276091477796,1.4417327869813765,0.21470517783359688,0.0,0.05332224896832619,0.07202414436494198,0.06818887292162375,0.2238673395751558,0.11363636363636363,0.8863636363636364,0.31736909190383955,39.25,0.2750466485434281,0.7509712140525591,0.0597849846642746,0.07795924907776736,0.94196704917281,0.9250021204649791,0.9318181818181818,False,0.31736909190383955,0.6826309080961604,False
Rq_nm,6080,6022,1.6493401527404783,2.7070778555381154,1.0577377027976371,0.9126047024957966,0.3892896441380589,0.970028641420447,0.8169696436369265,2.276876247409548,0.9772727272727273,0.11363636363636363,0.3332472340594359,27.0,0.20869756662686081,0.628884754105301,4.765214754952638,82.43292456738973,0.00852105810646226,1.584293838664609e-36,0.7954545454545454,False,0.3332472340594359,0.6667527659405641,False
Rq_nm,6080,6028,6.072564601898193,3.534801739835106,2.5377628620630874,0.058418645632129174,0.1525107045744137,0.6538693421349537,0.532872771700331,1.8592479923884113,0.6136363636363636,0.3409090909090909,0.4573775408522297,30.0,0.01320209116376131,0.04182000020434651,-0.7410031196975466,1.6646868920909739,1.0,0.18924990434807892,0.11363636363636363,False,0.4573775408522297,0.5426224591477703,False
Rq_nm,6080,6029,2.561024904251098,2.1538725772140137,0.4071523270370845,0.04882903740880451,0.4505725564648947,0.04990353922213629,0.3062951681007941,1.2821761468476407,0.4772727272727273,0.6136363636363636,0.5411764045359391,33.5,0.230831498985041,0.7070862334058392,-0.6105177612359883,109.20407881686036,1.0,3.743442515873899e-48,0.8863636363636364,False,0.5411764045359391,0.45882359546406093,False
Rq_nm,6080,6033,2.5392112094198453,3.3630516420484664,0.823840432628621,0.032847911064715074,0.16059703185407834,0.24739013086659012,0.25216942054882735,0.9922364425580472,0.4318181818181818,0.9772727272727273,0.6496184512707478,40.25,0.05966413925891286,0.18740284582746947,-0.8106113494866154,2.0689918919783405,1.0,0.12631305474550272,0.3409090909090909,False,0.6496184512707478,0.3503815487292522,False
Rq_nm,6080,6047,3.066597064069266,3.782459309864133,0.7158622457948667,0.0027724442942074212,0.1927679879684663,0.0564306232005156,0.21066606912887714,0.6513699336341197,0.11363636363636363,0.5227272727272727,0.24372284760826382,31.5,0.19972557310659084,0.5441960604643525,-0.9045407949260145,-1.0012399594698451,1.0,1.0,0.75,False,0.2437228476082638,0.7562771523917362,False
Rq_nm,6080,6048,2.455431633201468,1.9866038089015141,0.46882782429995395,0.010556580195497434,0.38322286225781116,0.558619608879522,0.5138894400683711,1.5019557941614678,0.29545454545454547,0.1590909090909091,0.21680436395839675,27.25,0.14279983086930767,0.39639363265316974,1.460137570932902,0.4981528451438105,0.23220432796631396,0.6076520511391118,0.6136363636363636,False,0.21680436395839675,0.7831956360416032,False
Rq_nm,6080,6056,3.2253758907318115,2.6782414527308536,0.547134438000958,0.003224361883793936,0.18798715917486553,0.4790612060476434,0.43987734501820713,1.3884236845262894,0.1590909090909091,0.6590909090909091,0.3238137920176138,34.5,0.04423370651870439,0.12546432749843772,-1.0728884876576954,-0.3810108720102676,1.0,1.0,0.29545454545454547,False,0.32381379201761384,0.6761862079823862,False
Rq_nm,6080,6057,5.337333679199219,1.3894832968660096,3.9478503823332094,0.010441377602570245,0.08610548045910293,0.03748926255770833,0.067179799391901,0.22340981056594456,0.25,0.8409090909090909,0.458505477314364,39.0,0.3054904272215342,0.823640955118034,-0.05755106492471001,-0.3106471097677429,1.0,1.0,0.9772727272727273,True,0.9772727272727273,0.022727272727272707,False
Rq_nm,6080,6062,3.0912147342364586,5.33708902676009,2.2458742925236312,0.07029076407602819,0.5531611561993353,0.23347779777042613,0.4862542986677384,1.7967677299059641,0.6590909090909091,0.75,0.703077649920819,37.5,0.06691130308388885,0.1820490301207467,-0.8291011201229365,0.2576349297877429,1.0,0.7728773351028694,0.38636363636363635,False,0.703077649920819,0.296922350079181,False
Rq_nm,6080,6063,5.865590098313159,5.441791396922818,0.42379870139034015,0.24855117519298098,0.4193452386112655,0.9212693655155466,0.7761517368166401,2.551759277676645,0.8863636363636364,0.11363636363636363,0.31736909190383955,27.0,0.2220476319122654,0.6308408721278701,0.1232454510535369,4.83377826571338,0.8840466457478331,0.007956402999722403,0.8409090909090909,False,0.31736909190383955,0.6826309080961604,False
Rq_nm,6080,6070,3.047229528427124,2.3008285149791,0.7464010134480241,0.10205567464075127,0.08601074538141058,0.05384086830744016,0.07243642196428057,0.2684994974047603,0.7045454545454546,0.20454545454545456,0.3796202974656833,27.5,0.1558719028562187,0.43651031464057855,0.10756246198143318,-0.4390932722144856,0.8980204285636175,1.0,0.7045454545454546,False,0.37962029746568327,0.6203797025343167,False
Rq_nm,6080,6072,1.470114827156067,2.0216254432802705,0.5515106161242036,0.018241404491169178,0.12873270494793834,0.05287476163340937,0.09674799606498986,0.4030158210942625,0.3409090909090909,0.75,0.5056498968474316,37.5,0.10116307503591422,0.2881041732409032,0.876145311608567,0.045060440688138866,0.41638485607086895,0.9559397024335698,0.4772727272727273,False,0.5056498968474316,0.49435010315256844,False
Rq_nm,6080,6078,2.0597975274126674,3.3110785624863617,1.2512810350736943,0.0052797772888277805,0.13514488409226583,0.12138121673203743,0.13569522636970463,0.42032715783722496,0.20454545454545456,0.9318181818181818,0.43657665255223965,39.25,0.010136110075825178,0.032253759675849425,-0.3352530121346645,-1.468538886232811,1.0,1.0,0.022727272727272728,False,0.43657665255223965,0.5634233474477603,False
Rq_nm,6080,6081,3.181477069854736,4.271187896982738,1.0897108271280023,0.05692775341238843,0.11024303432602639,0.10555373555271323,0.19890497470535007,0.6222120465587491,0.5227272727272727,0.7954545454545454,0.6448300435959594,37.75,0.010518963586632712,0.033457927634742646,-0.5437316321419717,-0.4372708455542803,1.0,1.0,0.06818181818181818,False,0.6448300435959594,0.3551699564040406,False
Rq_nm,6080,6082,1.863613247871399,3.3603313335182134,1.4967180856468145,0.19977961652059228,0.14362964029488687,0.4263386693216298,0.3506066745773504,1.429613940811199,0.8409090909090909,0.5681818181818182,0.691223014806616,32.0,0.11123518991999796,0.2999609881503147,1.2356060358923673,1.468334495426765,0.29065855946114444,0.23030874620670222,0.5227272727272727,False,0.691223014806616,0.30877698519338403,False
Rq_nm,6080,6084,1.9596685775258929,2.936614553044555,0.9769459755186622,0.029037888698740577,0.09606611551589973,0.10853739141478137,0.14982784274817262,0.5459599694359571,0.38636363636363635,0.4318181818181818,0.4084591080820779,31.0,0.030844576076118735,0.08474689155123338,-0.26518677136080804,-1.5323648659430043,1.0,1.0,0.1590909090909091,False,0.40845910808207786,0.5915408919179221,False
Rq_nm,6080,6085,3.1255097083820487,4.312931375001798,1.1874216666197497,0.14445944064683136,0.34555441315674595,0.6819815206529227,0.617068031069731,2.131813463798131,0.75,0.4772727272727273,0.5982930264130992,31.25,0.12819022349074308,0.36530415997678056,-1.725177548809876,-0.5543817085650988,1.0,1.0,0.5681818181818182,False,0.5982930264130992,0.4017069735869008,False
Rq_nm,6080,6090,4.685108184814453,3.9251688754298013,0.7599393093846518,0.05733063184929277,0.4915811280288255,0.23368950043810874,0.4002633196053939,1.6266119834837265,0.5681818181818182,0.022727272727272728,0.11363636363636365,25.25,0.03942888335749924,0.11907642281093955,-0.41882779153739236,2.300538224008497,1.0,0.10020489652518874,0.20454545454545456,False,0.11363636363636365,0.8863636363636364,False
Rq_nm,6080,6094,4.092223385079066,3.2730324401164848,0.8191909449625814,0.0,0.2358335247111328,0.21273897957911564,0.23546961644350423,0.7027051641567317,0.06818181818181818,0.3409090909090909,0.15245918028407657,30.0,0.040734567310249055,0.12757266291927039,1.35583288602506,1.3533608743879677,0.25773254319914773,0.2583704491758471,0.25,False,0.15245918028407657,0.8475408197159234,False
Rq_nm,6080,6095,9.867135047912596,6.885186931738445,2.9819481161741512,0.15223997315514914,0.5793944173509737,0.2844576690973711,0.45195187538491755,1.3836612248151914,0.7954545454545454,0.25,0.44594129250792236,28.75,0.09502139377157619,0.27823910701194743,0.33674061708259606,0.41250310480695584,0.7140940396781652,0.6619911413329429,0.4318181818181818,False,0.44594129250792236,0.5540587074920776,False
Rq_nm,6080,6099,10.321437835693361,6.104597734065262,4.216840101628099,0.3531286401313416,0.3227539793059585,0.5105389794281303,0.4448865159823468,1.3487358480015956,0.9318181818181818,0.4318181818181818,0.6343311698614937,31.0,0.15522000604704803,0.4246013467535703,1.330867774728005,-0.43438998956270697,0.2642478541675878,1.0,0.6590909090909091,False,0.6343311698614937,0.36566883013850626,False
Rq_nm,6080,6101,1.2270276091477796,1.4065854142182712,0.17955780507049157,0.0,0.05360348592048198,0.08510725428020634,0.07700844464453889,0.27013372870977337,0.06818181818181818,0.9318181818181818,0.25205764787294127,39.25,0.24438651620352825,0.662451369108783,0.4321659487163926,-0.03478987605310585,0.6491016501612029,1.0,0.9318181818181818,False,0.25205764787294127,0.7479423521270587,False
Rq_nm,6081,6022,1.6493401527404783,3.0206526244282697,1.3713124716877914,0.6091509582624646,0.295073181425788,0.985122458498829,0.8402149475693038,2.4203640945698797,0.9772727272727273,0.11363636363636363,0.3332472340594359,27.0,0.14577391238876317,0.42090398427628717,4.53047693309283,58.39733418780349,0.010775535637480198,4.3487055671247314e-26,0.6590909090909091,False,0.3332472340594359,0.6667527659405641,False
Rq_nm,6081,6028,6.072564601898193,3.6687435107878543,2.403821091110339,0.13008907380559132,0.18129166721372653,0.7837969523370832,0.6356339368566842,2.3233090117681567,0.7045454545454546,0.3409090909090909,0.49008769665563234,30.0,0.030942063101050358,0.08280170374260165,-0.8833767842064553,1.1233552406509781,1.0,0.32518688191040945,0.11363636363636363,False,0.49008769665563234,0.5099123033443677,False
Rq_nm,6081,6029,2.561024904251098,2.104929944894083,0.4560949593570154,0.04562225442104895,0.3852865638935196,0.050916496480580005,0.263467227745402,1.1025998406426392,0.4318181818181818,0.6136363636363636,0.5147614387684601,33.5,0.08261285625469032,0.23596945361422894,-0.5920657858266103,68.19176118734514,1.0,2.424903191292867e-30,0.4318181818181818,False,0.5147614387684601,0.48523856123153986,False
Rq_nm,6081,6033,2.5392112094198453,3.6334886216227713,1.094277412202926,0.02387040161285281,0.19848139598023382,0.2816339170807896,0.30008976231717754,1.204374755434372,0.29545454545454547,0.9772727272727273,0.5373450189789495,40.25,0.06936749673353793,0.21158451123283006,-0.8450846388846539,1.8188736115385724,1.0,0.16220835769395373,0.38636363636363635,False,0.5373450189789495,0.4626549810210505,False
Rq_nm,6081,6047,3.066597064069266,3.6461654625459885,0.5795683984767224,0.0,0.16468976448701345,0.033603125008392645,0.1818463593449686,0.5641652252563336,0.1590909090909091,0.5227272727272727,0.2883767622829436,31.5,0.159780668715739,0.44492359095842304,-0.8387194092817764,-0.8917872015940169,1.0,1.0,0.7954545454545454,False,0.2883767622829436,0.7116232377170564,False
Rq_nm,6081,6048,2.455431633201468,2.2267895819692023,0.22864205123226577,0.16439337369781226,0.40164459291454596,0.5817425277558722,0.5375474772063303,1.6578832259886152,0.7954545454545454,0.1590909090909091,0.35573808732951195,27.25,0.14844320634639108,0.41106241954021816,1.369381653976076,0.6651880948390787,0.254264134170033,0.5141768046070386,0.75,False,0.35573808732951195,0.644261912670488,False
Rq_nm,6081,6056,3.2253758907318115,2.587144435817073,0.6382314549147385,0.0,0.1817661679865196,0.46305342089859025,0.4246553166598859,1.3392464925415837,0.1590909090909091,0.6590909090909091,0.3238137920176138,34.5,0.028709275957210942,0.07810646624163431,-1.2035385547236035,-0.5745353491313251,1.0,1.0,0.06818181818181818,False,0.32381379201761384,0.6761862079823862,False
Rq_nm,6081,6057,5.337333679199219,1.303030477614202,4.034303201585017,0.011624827347340938,0.0885647844694973,0.032024668215677836,0.06579883872370182,0.22890052519006,0.20454545454545456,0.7954545454545454,0.4033690761204284,39.0,0.33618452248767805,0.9026902075061075,0.09746132154270036,-0.4164894631351564,0.9071374275535178,1.0,0.9772727272727273,True,0.9772727272727273,0.022727272727272707,False
Rq_nm,6081,6062,3.0912147342364586,5.242226439972381,2.151011705735922,0.09349786513885672,0.5077521056285772,0.2784830248446721,0.502654366615346,1.9072805803091413,0.6136363636363636,0.75,0.6784005252999681,37.5,0.09236617934289994,0.25265347389628734,-0.7698278990986278,-0.032063661429827264,1.0,1.0,0.5227272727272727,False,0.6784005252999681,0.3215994747000319,False
Rq_nm,6081,6063,5.865590098313159,5.803777958574467,0.061812139738691485,0.3095510358511664,0.4446613603372917,1.0068847113118993,0.8462652254641888,2.944973928089914,0.8863636363636364,0.11363636363636363,0.31736909190383955,27.0,0.2045402212246457,0.5761926530390196,-0.09945149460300885,4.625103046171099,1.0,0.009802644858755944,0.8863636363636364,False,0.31736909190383955,0.6826309080961604,False
Rq_nm,6081,6070,3.047229528427124,2.249625590048924,0.7976039383782001,0.12134925669598973,0.10343745857235312,0.05542658913673937,0.08222940946751403,0.2859541675665316,0.6590909090909091,0.20454545454545456,0.36717032775917074,27.5,0.17066533350593596,0.4741889761870417,-0.11325696129955529,-0.7576267922700495,1.0,1.0,0.8409090909090909,False,0.3671703277591707,0.6328296722408293,False
Rq_nm,6081,6072,1.470114827156067,2.4442732438597154,0.9741584167036486,0.015130170507174245,0.10403526216860993,0.05593650020900279,0.08443836239634493,0.322667541971811,0.25,0.75,0.4330127018922193,37.5,0.06067133562298005,0.17604583590940737,0.5679449489431472,-0.05556844194868643,0.5666888173418329,1.0,0.3409090909090909,False,0.4330127018922193,0.5669872981077807,False
Rq_nm,6081,6078,2.0597975274126674,3.30668346754052,1.2468859401278527,0.0,0.13295123458468502,0.16525270280599544,0.1670271009701136,0.6094552863008684,0.1590909090909091,0.8863636363636364,0.37551617367859785,39.25,0.05717259742844613,0.16276666769812898,-0.1450696868657292,-1.0298244433460084,1.0,1.0,0.29545454545454547,False,0.3755161736785979,0.6244838263214021,False
Rq_nm,6081,6080,4.336027222470414,2.167066788949506,2.1689604335209083,0.07434266313991156,0.12810709292515257,0.17651381281589779,0.16856257202345834,0.6048256447469353,0.5681818181818182,0.9318181818181818,0.7276277542537328,39.5,0.008912814647452265,0.02835745079040697,1.5256401519442968,1.123708429315075,0.2174817909030048,0.32507204986988686,0.022727272727272728,False,0.7276277542537328,0.27237224574626717,False
Rq_nm,6081,6082,1.863613247871399,3.046356513031405,1.1827432651600063,0.16240403128843361,0.11343519608273131,0.31964634766692623,0.2696370973125389,1.1246105841461866,0.75,0.5681818181818182,0.6527912098338668,32.0,0.03377247273848659,0.10004103987781643,1.2727644797193403,1.1874543998239366,0.28005634057375484,0.30499667629610056,0.20454545454545456,False,0.6527912098338668,0.34720879016613315,False
Rq_nm,6081,6084,1.9596685775258929,3.2891046734231413,1.3294360958972484,0.029558918187085226,0.11890305119765833,0.09828588323965068,0.14294852732532592,0.5541398187636708,0.3409090909090909,0.4318181818181818,0.38368052309395756,31.0,0.0489243919876469,0.1310392413596999,-0.32562642659706403,-1.7133666590484757,1.0,1.0,0.25,False,0.3836805230939575,0.6163194769060425,False
Rq_nm,6081,6085,3.1255097083820487,4.228031522264128,1.102521813882079,0.19398933383407435,0.2973118651514358,0.6691535895691091,0.5924710805941137,2.077026422111186,0.8409090909090909,0.4772727272727273,0.6335163574893797,31.25,0.08843982289686542,0.2576783547266104,-1.6260798103012148,-0.627967190241641,1.0,1.0,0.4772727272727273,False,0.6335163574893797,0.36648364251062027,False
Rq_nm,6081,6090,4.685108184814453,3.913393180590869,0.7717150042235841,0.06672985273196153,0.47875570820368313,0.2362810287038193,0.39998991696375064,1.6491930591470818,0.5227272727272727,0.022727272727272728,0.10899617098438,25.25,0.03252358180089756,0.09774024506211809,-0.5498744937824992,1.8767622336639933,1.0,0.15308495753943305,0.1590909090909091,False,0.10899617098437997,0.89100382901562,False
Rq_nm,6081,6094,4.092223385079066,4.50849067854265,0.4162672934635836,0.04248352897820862,0.4188558478606197,0.4737025515572817,0.48126783653600336,1.6504200877654784,0.38636363636363635,0.3409090909090909,0.36292544142434796,30.0,0.12229318870171461,0.34534849890146635,0.753224235626832,0.7678486682493855,0.4708459843254528,0.46401023525990115,0.6136363636363636,False,0.3629254414243479,0.6370745585756521,False
Rq_nm,6081,6095,9.867135047912596,7.2275358606930835,2.6395991872195124,0.04964383467202538,0.793582572997026,0.2859056720322469,0.5808750931623698,1.804800112089394,0.4772727272727273,0.25,0.3454246398538787,28.75,0.10098291494444041,0.29476771165058824,0.07044201299093392,0.2778361729121892,0.9319817807949118,0.7574208974104315,0.5681818181818182,False,0.3454246398538787,0.6545753601461213,False
Rq_nm,6081,6099,10.321437835693361,6.850290467937944,3.4711473677554174,0.4850841150048444,0.3498522120883976,0.5729619480259331,0.4908207014889944,1.4778325665712506,0.9318181818181818,0.4318181818181818,0.6343311698614937,31.0,0.14832729478480627,0.40161068297357305,0.9426339646359754,-0.0922899176879125,0.3896002893084111,1.0,0.7045454545454546,False,0.6343311698614937,0.36566883013850626,False
Rq_nm,6081,6101,1.2270276091477796,1.4175292331987535,0.19050162405097382,0.0,0.052651021138392484,0.06997783274795358,0.0666322056830221,0.2162274177958814,0.1590909090909091,0.8863636363636364,0.37551617367859785,39.25,0.2495358721653105,0.6762330817699025,0.14213329553278933,-0.02611977013690035,0.8675056141557457,1.0,0.9318181818181818,False,0.3755161736785979,0.6244838263214021,False
Rq_nm,6082,6022,1.6493401527404783,2.5740939947801635,0.9247538420396852,0.5752116878016067,0.2638012013471209,0.8312011593656445,0.7016791610940337,2.0071038414891347,0.9772727272727273,0.11363636363636363,0.3332472340594359,27.0,0.0767395834767953,0.22532479318748944,4.471515016529797,53.70322864817938,0.011429986108507885,4.7531786498332306e-24,0.38636363636363635,False,0.3332472340594359,0.6667527659405641,False
Rq_nm,6082,6028,6.072564601898193,3.772896204718239,2.2996683971799543,0.15264806483080662,0.24182505459502876,0.829707495202086,0.6804274000659852,2.4643450201583157,0.6590909090909091,0.3409090909090909,0.47401485487759565,30.0,0.04182488948043793,0.1118722203848197,-0.8198699072827863,1.586427414680938,1.0,0.2046554563206305,0.06818181818181818,False,0.47401485487759565,0.5259851451224044,False
Rq_nm,6082,6029,2.561024904251098,2.0027118614288635,0.5583130428222347,0.02113004162937182,0.35534085920470704,0.05164559870641673,0.24470889094502557,1.00327928005375,0.38636363636363635,0.5681818181818182,0.4685347301838251,33.5,0.06445666592460718,0.1930506051480423,-0.5372043145916398,60.96890882256575,1.0,3.323068783159971e-27,0.29545454545454547,False,0.4685347301838251,0.5314652698161749,False
Rq_nm,6082,6033,2.5392112094198453,3.5938210414498437,1.0546098320299984,0.05823999507194566,0.25004810438686687,0.28340872303430403,0.33063649182190297,1.3717503578636077,0.4318181818181818,0.9772727272727273,0.6496184512707478,40.25,0.07745922469905976,0.24093459959217944,-0.861164611122995,2.235572852044792,1.0,0.10693085674463981,0.4318181818181818,False,0.6496184512707478,0.3503815487292522,False
Rq_nm,6082,6047,3.066597064069266,3.4980369203657276,0.4314398562964614,0.009526350556709584,0.13472490167827716,0.03633228527730327,0.1515516309468682,0.4877515564573027,0.25,0.5227272727272727,0.3614994027406106,31.5,0.15573406284894392,0.4355234801849086,-0.9345422442743752,-1.0933548085346498,1.0,1.0,0.7045454545454546,False,0.36149940274061065,0.6385005972593893,False
Rq_nm,6082,6048,2.455431633201468,2.4059290832072056,0.04950254999426251,0.24073902658686608,0.38621625141341315,0.5723147400740627,0.5256006415117009,1.6751410247027212,0.7954545454545454,0.1590909090909091,0.35573808732951195,27.25,0.1134129829533776,0.32674488187442785,1.6806111081099413,0.464306825557702,0.18626011618505392,0.6285706633323146,0.6590909090909091,False,0.35573808732951195,0.644261912670488,False
Rq_nm,6082,6056,3.2253758907318115,2.466185588404776,0.7591903023270357,0.0,0.1884482788937205,0.42788617037370497,0.39802324823071683,1.2475328708795743,0.1590909090909091,0.6136363636363636,0.3124483428378982,34.5,0.04941872462554214,0.1372110543164613,-1.1540841920568794,-0.49687653419010686,1.0,1.0,0.20454545454545456,False,0.31244834283789813,0.6875516571621019,False
Rq_nm,6082,6057,5.337333679199219,1.308591134909373,4.0287425442898455,0.016224206595444546,0.09356227693864115,0.0303565799875661,0.06789635085404801,0.24864060018117495,0.29545454545454547,0.7954545454545454,0.4847892956295805,39.0,0.31214819932483806,0.84003886898664,-0.07503840090189363,-0.21970411907869986,1.0,1.0,0.9772727272727273,True,0.9772727272727273,0.022727272727272707,False
Rq_nm,6082,6062,3.0912147342364586,5.184094640231977,2.092879905995518,0.14131033683562588,0.5782790120594606,0.278454132537227,0.5224930914475309,1.9644247809857047,0.6136363636363636,0.7045454545454546,0.6575216427949743,37.5,0.10197213006834605,0.2875513827840144,-0.8213906426980925,0.24003720179540255,1.0,0.7865985976421374,0.5681818181818182,False,0.6575216427949743,0.34247835720502573,False
Rq_nm,6082,6063,5.865590098313159,5.612297078321908,0.25329301999125065,0.3135701495116603,0.44671182627960954,0.940181956327387,0.798487708191118,2.798443270734084,0.8863636363636364,0.11363636363636363,0.31736909190383955,27.0,0.19005763900012815,0.5445379775517236,0.13433113726488488,4.98883513201216,0.8743005031863795,0.0068135968120893,0.8409090909090909,False,0.31736909190383955,0.6826309080961604,False
Rq_nm,6082,6070,3.047229528427124,2.195214276393296,0.8520152520338282,0.12998486525017672,0.11823635801058381,0.06006830434332794,0.08699383861932504,0.3236572401919573,0.5681818181818182,0.20454545454545456,0.34090909090909094,27.5,0.1784817134219629,0.5046627289897311,0.08477797036210091,-0.5813252173489786,0.9187162439930682,1.0,0.7954545454545454,False,0.34090909090909094,0.6590909090909091,False
Rq_nm,6082,6072,1.470114827156067,2.627821468657135,1.157706641501068,0.00875334272634909,0.05628523361865875,0.070128590688664,0.072083611552101,0.2810076650035276,0.20454545454545456,0.7045454545454546,0.3796202974656833,37.5,0.06016954613241079,0.17308926825777504,0.9979014124208574,0.0452222548644257,0.3686522790476545,0.9557850303524459,0.25,False,0.37962029746568327,0.6203797025343167,False
Rq_nm,6082,6078,2.0597975274126674,3.0956623950211433,1.0358648676084758,0.0,0.103600271621896,0.1581955153458766,0.15219954247607084,0.590224604724825,0.1590909090909091,0.8863636363636364,0.37551617367859785,39.25,0.048491763971182746,0.14534564965068153,-0.3501838293259938,-1.0654951758846758,1.0,1.0,0.1590909090909091,False,0.3755161736785979,0.6244838263214021,False
Rq_nm,6082,6080,4.336027222470414,5.011763094208982,0.675735871738568,0.30237271684170963,0.28022994082358305,0.4158765597991852,0.3743174483438626,1.079094413238142,0.8409090909090909,0.9318181818181818,0.8851973679159294,39.5,0.26696497795728613,0.7112282842352289,0.5008938638981649,2.1190326700523414,0.605988746087381,0.12014779487692588,0.9318181818181818,False,0.8851973679159294,0.1148026320840706,False
Rq_nm,6082,6081,3.181477069854736,3.9208300996585517,0.7393530298038158,0.07581080251179673,0.13617286652948746,0.09561477433392254,0.21738377144823134,0.6771981844605395,0.4772727272727273,0.75,0.5982930264130992,37.75,0.044554268670591424,0.12125998425093876,-0.5565323319389942,-0.3134328513644395,1.0,1.0,0.11363636363636363,False,0.5982930264130992,0.4017069735869008,False
Rq_nm,6082,6084,1.9596685775258929,3.527310392417269,1.567641814891376,0.016292637198725757,0.20286485006701258,0.12460295232183487,0.20270526856898655,0.8080230684357952,0.3409090909090909,0.4318181818181818,0.38368052309395756,31.0,0.06842287569584049,0.18439205715618523,-0.285345711382453,-1.4893840443811257,1.0,1.0,0.3409090909090909,False,0.3836805230939575,0.6163194769060425,False
Rq_nm,6082,6085,3.1255097083820487,4.131594248367448,1.0060845399853995,0.22910360266497998,0.3001167522896182,0.6339442058287904,0.5620311003702736,1.970332372797873,0.75,0.4772727272727273,0.5982930264130992,31.25,0.07918275944904803,0.2377945024953818,-1.7901464652759786,-0.4642454879702706,1.0,1.0,0.4772727272727273,False,0.5982930264130992,0.4017069735869008,False
Rq_nm,6082,6090,4.685108184814453,3.862337279153024,0.8227709056614292,0.08452142729124201,0.4985662428940159,0.21483296520085876,0.40499654432852866,1.626846685663383,0.5227272727272727,0.022727272727272728,0.10899617098438,25.25,0.04038003615360338,0.11432382797232599,-0.45386202231896533,2.2683977749072555,1.0,0.10347784212891925,0.022727272727272728,False,0.10899617098437997,0.89100382901562,False
Rq_nm,6082,6094,4.092223385079066,3.9541855423828505,0.13803784269621566,0.1618036499540909,0.3124626867591824,0.20922749546135655,0.2843917741605253,1.0751877583555958,0.7045454545454546,0.3409090909090909,0.49008769665563234,30.0,0.09251133465255339,0.2664800984833764,0.7772438964344525,1.2400654629519599,0.4596711683985827,0.2893652746139435,0.5227272727272727,False,0.49008769665563234,0.5099123033443677,False
Rq_nm,6082,6095,9.867135047912596,6.990026127154225,2.8771089207583707,0.0,0.8602318029572509,0.274606720338016,0.6199765066764975,2.0637555511553467,0.1590909090909091,0.25,0.1994310088043664,28.75,0.10227275176346624,0.2955420203883441,0.2976446268796271,0.23084423452995156,0.7425651805693289,0.7938631128659691,0.6136363636363636,False,0.19943100880436637,0.8005689911956336,False
Rq_nm,6082,6099,10.321437835693361,6.485934462950691,3.8355033727426697,0.3307038526064012,0.2762422950612517,0.5291710901652029,0.4431951932119891,1.3384022010445484,0.9318181818181818,0.4318181818181818,0.6343311698614937,31.0,0.16317524675061668,0.44240086102707443,1.1303397266797692,-0.3898277836236639,0.32292353204579793,1.0,0.75,False,0.6343311698614937,0.36566883013850626,False
Rq_nm,6082,6101,1.2270276091477796,1.4007755490833782,0.17374793993559856,0.0,0.05480864290206335,0.05853286715471462,0.06001570939933627,0.1898769048478628,0.1590909090909091,0.8863636363636364,0.37551617367859785,39.25,0.2547721412139074,0.68870538811411,0.27539473613710097,0.007726045609522041,0.759272351828391,0.9923037235655218,0.8863636363636364,False,0.3755161736785979,0.6244838263214021,False
Rq_nm,6084,6022,1.6493401527404783,2.574815016722737,0.9254748639822588,0.735794628613029,0.32297922020436315,0.9267377278674497,0.7774925667625602,2.2219170769063683,0.9772727272727273,0.11363636363636363,0.3332472340594359,27.0,0.07081300577241358,0.2113889939155027,3.8836102061854487,62.820571592118,0.020576405860283413,5.216418272636085e-28,0.4318181818181818,False,0.3332472340594359,0.6667527659405641,False
Rq_nm,6084,6028,6.072564601898193,3.8054078449779003,2.267156756920293,0.128828457248511,0.21769631383769664,0.8153365478434436,0.6648312409898988,2.397007807976269,0.6590909090909091,0.3409090909090909,0.47401485487759565,30.0,0.04499854050646414,0.1254112067640747,-1.0025660607633198,1.384121453409128,1.0,0.25054381754638977,0.20454545454545456,False,0.47401485487759565,0.5259851451224044,False
Rq_nm,6084,6029,2.561024904251098,2.100405638404352,0.4606192658467463,0.025814305347807487,0.3862565404835633,0.050466782058735206,0.2642729630021011,1.0949458706374215,0.29545454545454547,0.5681818181818182,0.4097217358481806,33.5,0.02548155238889917,0.07639959952415565,-0.5706233310051133,76.57061540639864,1.0,5.5693466854477885e-34,0.022727272727272728,False,0.4097217358481806,0.5902782641518194,False
Rq_nm,6084,6033,2.5392112094198453,3.661207557253562,1.1219963478337167,0.06344295776810949,0.22099671000249566,0.2913831174241657,0.320846668481736,1.306266315105316,0.4318181818181818,0.9772727272727273,0.6496184512707478,40.25,0.049053314180012034,0.15430699979746776,-0.557119904587001,1.9547649218672951,1.0,0.14159775931882798,0.25,False,0.6496184512707478,0.3503815487292522,False
Rq_nm,6084,6047,3.066597064069266,3.695358015947845,0.6287609518785788,0.0008806749613796683,0.15137078215743494,0.036089470868402154,0.16816768504193552,0.5220563710913484,0.1590909090909091,0.4772727272727273,0.27555353756777595,31.5,0.15317706414399923,0.42693036448129684,-0.8989300796476423,-0.7888239360288841,1.0,1.0,0.75,False,0.275553537567776,0.724446462432224,False
Rq_nm,6084,6048,2.455431633201468,2.2837093496628746,0.17172228353859342,0.18587237659795885,0.40601529535448627,0.5896697881920853,0.5444447523605683,1.6832107920737582,0.7954545454545454,0.1590909090909091,0.35573808732951195,27.25,0.11877217010186818,0.33693747002221575,1.4349154435042526,0.6642564172657107,0.23813549906671447,0.5146560748326293,0.7045454545454546,False,0.35573808732951195,0.644261912670488,False
Rq_nm,6084,6056,3.2253758907318115,2.5961321556577457,0.6292437350740658,0.0,0.18630116862389884,0.46586533958334253,0.428258411486487,1.3421643857286014,0.11363636363636363,0.6136363636363636,0.26406704633232386,34.5,0.03902644348956017,0.103829279133689,-1.1026567351099024,-0.632529301460974,1.0,1.0,0.11363636363636363,False,0.2640670463323238,0.7359329536676762,False
Rq_nm,6084,6057,5.337333679199219,1.362919960012153,3.9744137191870657,0.016235694751234542,0.09480831799329771,0.03327627308457183,0.0697085138188281,0.24935812623128872,0.20454545454545456,0.7954545454545454,0.4033690761204284,39.0,0.3017800786933244,0.816698968340477,-0.07369271151146588,-0.4837305806124218,1.0,1.0,0.9772727272727273,True,0.9772727272727273,0.022727272727272707,False
Rq_nm,6084,6062,3.0912147342364586,5.3717317994749045,2.280517065238446,0.13858978289156898,0.5572247935188779,0.28326675742727375,0.5263039458314314,1.9863610251510933,0.7045454545454546,0.7045454545454546,0.7045454545454546,37.5,0.09018293624787264,0.251815520924362,-0.9682543315708049,0.2199450274398025,1.0,0.8025629156880302,0.5681818181818182,False,0.7045454545454546,0.2954545454545454,False
Rq_nm,6084,6063,5.865590098313159,5.718902658304177,0.14668744000898126,0.3383121266229425,0.4352171893304952,0.9790796662891141,0.8242722453053508,2.8675604892590654,0.8863636363636364,0.11363636363636363,0.31736909190383955,27.0,0.19110589931973382,0.5299898499679958,-0.059206031416982226,5.531689494221699,1.0,0.003959294230496658,0.8863636363636364,False,0.31736909190383955,0.6826309080961604,False
Rq_nm,6084,6070,3.047229528427124,2.2959945634359142,0.7512349649912098,0.12694219682103336,0.10938068368424059,0.0581371945414854,0.08211318741692922,0.2997062728935638,0.6136363636363636,0.20454545454545456,0.35428311972999765,27.5,0.17085328872582403,0.476358819042336,-0.08614998448757875,-0.7149797041146869,1.0,1.0,0.7954545454545454,False,0.3542831197299976,0.6457168802700024,False
Rq_nm,6084,6072,1.470114827156067,2.47131544079001,1.001200613633943,0.01920518336030419,0.08815982931793469,0.06439248099474393,0.0810716984030535,0.315435626996345,0.25,0.7045454545454546,0.41968602983225883,37.5,0.06255879600878711,0.18263885091806265,0.6464259353760821,0.007895073884915147,0.5239149403698541,0.9921360103529983,0.38636363636363635,False,0.4196860298322589,0.5803139701677411,False
Rq_nm,6084,6078,2.0597975274126674,3.2538157494677127,1.1940182220550453,0.0,0.11347893352122412,0.15658073260432934,0.15394816147209114,0.5828150849600542,0.11363636363636363,0.8863636363636364,0.31736909190383955,39.25,0.0498000573839071,0.14427264500466963,-0.3379942180450453,-1.3034020800707797,1.0,1.0,0.29545454545454547,False,0.31736909190383955,0.6826309080961604,False
Rq_nm,6084,6080,4.336027222470414,2.4979878036277134,1.8380394188427007,0.09960189854069812,0.13371133453936188,0.20068332179278345,0.1871616615375202,0.6444723763787457,0.5681818181818182,0.9318181818181818,0.7276277542537328,39.5,0.04291437439789849,0.11807041464762658,1.5997854914658407,1.361411984470716,0.2019398311661387,0.2562986316541924,0.1590909090909091,False,0.7276277542537328,0.27237224574626717,False
Rq_nm,6084,6081,3.181477069854736,4.217396938073066,1.0359198682183304,0.08475443198956167,0.13864288204984382,0.10385029581788983,0.22839971551619354,0.6975453607722497,0.5227272727272727,0.75,0.6261353324525414,37.75,0.02884454985566834,0.08305135404391062,-0.5644385069040719,-0.6580948090982003,1.0,1.0,0.06818181818181818,False,0.6261353324525414,0.3738646675474586,False
Rq_nm,6084,6082,1.863613247871399,3.5626277916440214,1.6990145437726225,0.14891688199915887,0.11604257145385158,0.38344120968931233,0.31602365226853496,1.3242393667674306,0.75,0.5227272727272727,0.6261353324525414,32.0,0.07388466467204283,0.21128822050170148,1.7926226953127724,1.0464545161338974,0.16652285773128928,0.35118064979494457,0.4772727272727273,False,0.6261353324525414,0.3738646675474586,False
Rq_nm,6084,6085,3.1255097083820487,4.290479269714694,1.164969561332645,0.20506674396578628,0.30029579774921844,0.6796202927997388,0.598792383230658,2.1095993888624776,0.8409090909090909,0.4318181818181818,0.6025942537983114,31.25,0.08266765215029132,0.24028708039910307,-1.6380183470105065,-0.48183392985688495,1.0,1.0,0.5227272727272727,False,0.6025942537983114,0.39740574620168856,False
Rq_nm,6084,6090,4.685108184814453,3.9871117912868246,0.6979963935276285,0.07772084385315736,0.5003842764126228,0.2252441710937367,0.40715877421254293,1.6439309904917239,0.4772727272727273,0.022727272727272728,0.10414944761263273,25.25,0.05151045264318852,0.15522901435387015,-0.1526687343046784,2.205315857543875,1.0,0.11021570734339892,0.3409090909090909,False,0.10414944761263278,0.8958505523873672,False
Rq_nm,6084,6094,4.092223385079066,4.027262025490339,0.06496135958872706,0.0326637907104157,0.3215488922092766,0.22022198690727615,0.2860192065970939,1.0015982846353921,0.3409090909090909,0.3409090909090909,0.3409090909090909,30.0,0.1098691160274922,0.3130347468221579,0.7334270981468052,1.0374748620581462,0.4802602674641509,0.35434833160638635,0.6590909090909091,False,0.34090909090909083,0.6590909090909092,False
Rq_nm,6084,6095,9.867135047912596,7.23944395985594,2.6276910880566557,0.057048427605901786,0.8062854880323683,0.2925431681346833,0.5911920047039966,1.8677152450340557,0.38636363636363635,0.25,0.3107907802540305,28.75,0.10936938080223835,0.3179899819132037,0.1198818043389021,0.24737597986740603,0.8870252730599949,0.7808470555614386,0.6136363636363636,False,0.3107907802540305,0.6892092197459695,False
Rq_nm,6084,6099,10.321437835693361,6.992991758447464,3.3284460772458972,0.43327504964501173,0.3317215593382572,0.574103326299494,0.48882856180796874,1.47769100036344,0.9318181818181818,0.38636363636363635,0.6000172173838221,31.0,0.18065744281324772,0.4896895314977008,1.025006526045951,-0.6323014891586605,0.35879412389137166,1.0,0.8409090909090909,False,0.6000172173838221,0.3999827826161779,False
Rq_nm,6084,6101,1.2270276091477796,1.4649189318865894,0.23789132273880975,0.0,0.057953789550664964,0.06816318350954141,0.06753793382704557,0.20977672832746852,0.11363636363636363,0.8863636363636364,0.31736909190383955,39.25,0.25923249407586385,0.702634184915358,0.20925262721477492,0.15384004965526737,0.8111902810145978,0.8574091529336046,0.9318181818181818,False,0.31736909190383955,0.6826309080961604,False
Rq_nm,6085,6022,1.6493401527404783,2.881867040756188,1.2325268880157096,0.7964796063416988,0.3518258500125352,1.0256761265707397,0.8625152026139332,2.445711120397377,0.9772727272727273,0.11363636363636363,0.3332472340594359,27.0,0.07516596695816186,0.23911214358626176,6.582140196867749,41.97348841583116,0.0013848822003379399,5.903989749233377e-19,0.5227272727272727,False,0.3332472340594359,0.6667527659405641,False
Rq_nm,6085,6028,6.072564601898193,3.783280688515541,2.2892839133826524,0.1178259508919024,0.19480780977450263,0.8086691483530979,0.6565260081632124,2.3843252695360526,0.7045454545454546,0.3409090909090909,0.49008769665563234,30.0,0.061761787845030204,0.1712796262930718,-0.42551985031038636,1.1029242767594052,1.0,0.3318990983938135,0.38636363636363635,False,0.49008769665563234,0.5099123033443677,False
Rq_nm,6085,6029,2.561024904251098,2.078129730202132,0.482895174048966,0.03970847614695394,0.39832739462259426,0.05010234814353816,0.2722548677106901,1.1323391900669557,0.38636363636363635,0.5681818181818182,0.4685347301838251,33.5,0.03164359126740734,0.09189951795753537,-0.90614278064719,55.36321875057342,1.0,9.037734858691913e-25,0.1590909090909091,False,0.4685347301838251,0.5314652698161749,False
Rq_nm,6085,6033,2.5392112094198453,3.5460824653700085,1.0068712559501631,0.04128306447883601,0.22542038573682127,0.27760393391548194,0.3103483084675108,1.267274002856953,0.4318181818181818,0.9772727272727273,0.6496184512707478,40.25,0.07327119470082108,0.21801955821992092,-1.6136131675897696,1.3625392566180898,1.0,0.25600987612892695,0.4772727272727273,False,0.6496184512707478,0.3503815487292522,False
Rq_nm,6085,6047,3.066597064069266,3.758361791035264,0.6917647269659977,0.0,0.16538627313846047,0.03385647520783558,0.18074303473299042,0.5674472664809938,0.1590909090909091,0.4772727272727273,0.27555353756777595,31.5,0.16126761413881494,0.44852678489075304,-0.5787942955635977,-1.0294576548185692,1.0,1.0,0.7954545454545454,False,0.275553537567776,0.724446462432224,False
Rq_nm,6085,6048,2.455431633201468,2.3109060068890566,0.1445256263124115,0.1794255593961167,0.42529963705082074,0.62142135631248,0.5731685777658042,1.7632949844219983,0.8409090909090909,0.1590909090909091,0.3657608395325246,27.25,0.11894844134403319,0.3390036824075384,2.3203250389660393,0.3262614818041408,0.09824164805046365,0.7216164731828144,0.7045454545454546,False,0.3657608395325246,0.6342391604674754,False
Rq_nm,6085,6056,3.2253758907318115,2.6482025901788626,0.5771733005529489,0.0,0.1846748653381586,0.4871774626025,0.4438580000277248,1.4116405273287636,0.1590909090909091,0.6136363636363636,0.3124483428378982,34.5,0.021949748271819097,0.06170070133173988,-1.506443098982233,-0.4948215187198626,1.0,1.0,0.11363636363636363,False,0.31244834283789813,0.6875516571621019,False
Rq_nm,6085,6057,5.337333679199219,1.28318300526649,4.054150673932728,0.013741192250524392,0.08710913920921781,0.03139586689327647,0.06449249175232351,0.22558674198863793,0.29545454545454547,0.7954545454545454,0.4847892956295805,39.0,0.3282008057342704,0.8837778321357148,-0.24066601734446932,-0.5324169156512727,1.0,1.0,0.9772727272727273,True,0.9772727272727273,0.022727272727272707,False
Rq_nm,6085,6062,3.0912147342364586,5.294084804012182,2.2028700697757233,0.09060688625454816,0.4795967881888704,0.2991594398154174,0.5098878717495556,1.953894402134516,0.5681818181818182,0.7045454545454546,0.632700495776139,37.5,0.11127657967919957,0.2960597905699027,-0.2617243571059348,-0.18058422622871975,1.0,1.0,0.6590909090909091,False,0.632700495776139,0.36729950422386104,False
Rq_nm,6085,6063,5.865590098313159,6.053234602119862,0.1876445038067036,0.34678114133087057,0.5046052413073935,1.0441580076141652,0.8866149064738088,2.985002185498284,0.8863636363636364,0.11363636363636363,0.31736909190383955,27.0,0.20476614371891666,0.5511981107039536,0.1620345287871635,3.429446213808439,0.8504118403438443,0.032404881180610516,0.8863636363636364,False,0.31736909190383955,0.6826309080961604,False
Rq_nm,6085,6070,3.047229528427124,2.3363686618030517,0.7108608666240723,0.13050773111166558,0.11423061393877947,0.05783261452538913,0.08796015457284667,0.3170879821828665,0.75,0.20454545454545456,0.39167472590032015,27.5,0.16021858487636184,0.4519723040022736,-0.2108665972644873,-0.5515391400046565,1.0,1.0,0.75,False,0.39167472590032015,0.6083252740996798,False
Rq_nm,6085,6072,1.470114827156067,2.4050825246306666,0.9349676974745997,0.012723756686169096,0.08512626913913077,0.06008093106001086,0.07692745190401216,0.2882643677507488,0.25,0.7045454545454546,0.41968602983225883,37.5,0.06903366307910616,0.19853053371573115,0.9092622829553868,-0.2196454457401042,0.40282128257367716,1.0,0.4318181818181818,False,0.4196860298322589,0.5803139701677411,False
Rq_nm,6085,6078,2.0597975274126674,3.1309422545267713,1.071144727114104,0.0,0.1330481003415977,0.14476957463300258,0.15221994586246043,0.5554689215264172,0.1590909090909091,0.8863636363636364,0.37551617367859785,39.25,0.053224588733960625,0.15298257593655573,-0.5669232772063378,-1.2006757906707464,1.0,1.0,0.3409090909090909,False,0.3755161736785979,0.6244838263214021,False
Rq_nm,6085,6080,4.336027222470414,2.2037796956409585,2.1322475268294556,0.0970427390217985,0.12377060423125831,0.1765023384057154,0.1662240055190585,0.600391987933157,0.6136363636363636,0.9318181818181818,0.7561729436188238,39.5,0.01807195385639224,0.054501258532042796,2.420348304927396,0.9685433824671696,0.08889065101506885,0.37963561945523894,0.022727272727272728,False,0.7561729436188238,0.2438270563811762,False
Rq_nm,6085,6081,3.181477069854736,3.970243683975449,0.7887666141207132,0.07423786295656365,0.1183863779468307,0.10106348302772254,0.20202746408458064,0.6324490489145869,0.5227272727272727,0.75,0.6261353324525414,37.75,0.047634906379258546,0.12874994646864524,-0.9090548331432977,-0.7315821333524086,1.0,1.0,0.25,False,0.6261353324525414,0.3738646675474586,False
Rq_nm,6085,6082,1.863613247871399,3.13953151147108,1.275918263599681,0.16900059474881468,0.10419419251316117,0.33735522223327524,0.28086225829449535,1.1789483659075026,0.7954545454545454,0.5227272727272727,0.6448300435959594,32.0,0.051766489359199704,0.1533773368650444,2.226449975209846,0.812086464232595,0.10791083710391926,0.44393085341373895,0.29545454545454547,False,0.6448300435959594,0.3551699564040406,False
Rq_nm,6085,6084,1.9596685775258929,3.237854841372355,1.278186263846462,0.022510582166210824,0.1293734028902221,0.09857344834323957,0.1501774001468855,0.5849970045514663,0.3409090909090909,0.4318181818181818,0.38368052309395756,31.0,0.0446028872508768,0.12147456249140287,-0.46770181854365434,-1.3661323457486172,1.0,1.0,0.20454545454545456,False,0.3836805230939575,0.6163194769060425,False
Rq_nm,6085,6090,4.685108184814453,3.898423115866569,0.7866850689478841,0.05983441127347877,0.5096386146743408,0.22860721263673633,0.4130879933920855,1.6647799182863081,0.4772727272727273,0.022727272727272728,0.10414944761263273,25.25,0.0197207103007141,0.06146459750611055,-0.9526279930463143,1.9722333592533852,1.0,0.1391457464939774,0.06818181818181818,False,0.10414944761263278,0.8958505523873672,False
Rq_nm,6085,6094,4.092223385079066,4.036516718007053,0.05570666707201344,0.005657573562660723,0.32440109150465957,0.21738946227347516,0.2852243187960054,0.9977863664871918,0.20454545454545456,0.3409090909090909,0.26406704633232386,30.0,0.10104879559290081,0.28971446202583806,1.1954818461945562,0.6177412857054417,0.3025581325683593,0.5391608736591446,0.6136363636363636,False,0.2640670463323238,0.7359329536676762,False
Rq_nm,6085,6095,9.867135047912596,7.410325748409676,2.45680929950292,0.09893278317894438,0.8705965119067675,0.3071661199047094,0.6354667934553373,1.9770622937522049,0.6590909090909091,0.25,0.40592207044299433,28.75,0.09722648386561154,0.2792307282477846,0.2152367761977871,0.06258865593076078,0.8063504929685331,0.9393297819657483,0.5681818181818182,False,0.40592207044299433,0.5940779295570057,False
Rq_nm,6085,6099,10.321437835693361,7.217647228238961,3.1037906074543997,0.4709624481893675,0.34444015005910156,0.5974008130110868,0.5093025738379997,1.5684702065344363,0.9318181818181818,0.4318181818181818,0.6343311698614937,31.0,0.1936229627223727,0.5199470068972996,1.8695507878152549,-0.6598539185547699,0.15419291159473422,1.0,0.8409090909090909,False,0.6343311698614937,0.36566883013850626,False
Rq_nm,6085,6101,1.2270276091477796,1.4635381265536833,0.23651051740590368,0.0,0.053812806768516006,0.072394442795911,0.0687565793004016,0.22405085414338233,0.1590909090909091,0.8863636363636364,0.37551617367859785,39.25,0.2608417007405152,0.7138396737531516,0.1889673760905555,0.3529796919400033,0.8278135127672869,0.7025914615019154,0.9318181818181818,False,0.3755161736785979,0.6244838263214021,False
Rq_nm,6090,6022,1.6493401527404783,2.868006006493248,1.2186658537527697,0.7526883065088352,0.33483295529933116,1.0000705925626943,0.8406223512301423,2.3968742824016176,0.9772727272727273,0.06818181818181818,0.25813219753637606,27.0,0.08373674179116776,0.22745539651845803,3.597249046909616,45.83361251254854,0.027398992210324838,1.2436981837700189e-20,0.38636363636363635,False,0.25813219753637606,0.7418678024636239,False
Rq_nm,6090,6028,6.072564601898193,3.7666895126749997,2.3058750892231936,0.12605289641907547,0.20431067054364915,0.7991548388649238,0.6503957447948387,2.3411460580336527,0.7045454545454546,0.29545454545454547,0.4562468159064712,30.0,0.09836913329287228,0.29793368149171173,-1.0115592287320694,1.4680034660243129,1.0,0.2303849977934008,0.5681818181818182,False,0.4562468159064712,0.5437531840935288,False
Rq_nm,6090,6029,2.561024904251098,2.0617310292771545,0.49929387497394373,0.04180433412373308,0.39229628858030263,0.048744484852547974,0.2680873201809735,1.1150682351401366,0.4318181818181818,0.5681818181818182,0.4953294254023493,33.5,0.022394764558262403,0.06730519866853546,-0.5703509389956456,58.721609689032235,1.0,3.14433596769887e-26,0.022727272727272728,False,0.49532942540234925,0.5046705745976507,False
Rq_nm,6090,6033,2.5392112094198453,3.460979138715189,0.9217679292953438,0.03241747916717852,0.20268070016005785,0.26080352809511875,0.28959194452680165,1.174173527268394,0.38636363636363635,0.9772727272727273,0.6144775379361715,40.25,0.06910052573853843,0.21038161106059294,-0.732320884136055,1.7244862176324642,1.0,0.17826461746567435,0.3409090909090909,False,0.6144775379361715,0.38552246206382845,False
Rq_nm,6090,6047,3.066597064069266,3.612933573286698,0.5463365092174319,0.0,0.16153395555108513,0.03653246045976122,0.1772299576222722,0.5502146842531532,0.1590909090909091,0.4772727272727273,0.27555353756777595,31.5,0.1498112086017107,0.4185993722828788,-0.9376938698953922,-1.0932340322872334,1.0,1.0,0.75,False,0.275553537567776,0.724446462432224,False
Rq_nm,6090,6048,2.455431633201468,2.297900621454107,0.15753101174736095,0.1976877342946648,0.4288500233402012,0.5992426625725372,0.5588510881334275,1.7067889054146443,0.8409090909090909,0.11363636363636363,0.30912432974398735,27.25,0.12342088169065879,0.34940799883655216,1.4090423392827738,0.613155592514652,0.2443772015744517,0.5416389775757691,0.7045454545454546,False,0.3091243297439874,0.6908756702560126,False
Rq_nm,6090,6056,3.2253758907318115,2.5975953770064213,0.6277805137253902,0.0,0.18314104537949333,0.4713246087047383,0.4307084677210989,1.3632762066237998,0.1590909090909091,0.6136363636363636,0.3124483428378982,34.5,0.03477968683894555,0.09660034797038175,-1.0779441504003087,-0.5455586925563606,1.0,1.0,0.11363636363636363,False,0.31244834283789813,0.6875516571621019,False
Rq_nm,6090,6057,5.337333679199219,1.293993016228373,4.043340662970846,0.01447764524100248,0.0851046449307768,0.03129907427664119,0.06315835141265545,0.2209575870282865,0.25,0.7954545454545454,0.44594129250792236,39.0,0.3320973477728402,0.893332082242058,-0.28432651643948464,-0.41359254088760383,1.0,1.0,0.9772727272727273,True,0.9772727272727273,0.022727272727272707,False
Rq_nm,6090,6062,3.0912147342364586,5.259629996327595,2.1684152620911363,0.08056907669496916,0.4991892153016486,0.2745909697688394,0.4954564376494756,1.8888751580170524,0.4772727272727273,0.7045454545454546,0.5798795828260489,37.5,0.10211028584496382,0.2762988387155567,-0.9437720687765125,0.1354378472579817,1.0,0.8733334413097603,0.6136363636363636,False,0.5798795828260489,0.4201204171739511,False
Rq_nm,6090,6063,5.865590098313159,5.763027763493365,0.10256233481979393,0.31383246893792016,0.4687817080077001,0.9812340482185272,0.8326649388720531,2.8110008347688713,0.8863636363636364,0.06818181818181818,0.24583304150890833,27.0,0.18836784751728675,0.5265333973844988,-0.0644646271061337,4.1540546928429745,1.0,0.015700626030903962,0.8863636363636364,False,0.24583304150890828,0.7541669584910917,False
Rq_nm,6090,6070,3.047229528427124,2.248382268536211,0.7988472598909131,0.12113766648293334,0.10935063336400021,0.05566970666481342,0.0838097040557908,0.30267054076549194,0.6590909090909091,0.1590909090909091,0.3238137920176138,27.5,0.1736934675194736,0.49053276312523786,-0.17267471984834576,-0.6502472515850568,1.0,1.0,0.8409090909090909,False,0.32381379201761384,0.6761862079823862,False
Rq_nm,6090,6072,1.470114827156067,2.341943944073566,0.8718291169174992,0.011318615532792453,0.08344732984017231,0.058031363328467055,0.07448944271020219,0.27468493237524383,0.20454545454545456,0.7045454545454546,0.3796202974656833,37.5,0.09173479172258646,0.25836578043230096,0.5428485389004343,-0.08473819326267154,0.5810906333249645,1.0,0.5227272727272727,False,0.37962029746568327,0.6203797025343167,False
Rq_nm,6090,6078,2.0597975274126674,3.1220981754173716,1.0623006480047041,0.0,0.12194411225232363,0.14340912402313477,0.14674021877088225,0.5370830432914859,0.1590909090909091,0.8863636363636364,0.37551617367859785,39.25,0.050629407621215275,0.15010928398383117,-0.5512787833002722,-1.17262905416303,1.0,1.0,0.25,False,0.3755161736785979,0.6244838263214021,False
Rq_nm,6090,6080,4.336027222470414,2.2531721608232558,2.0828550616471584,0.10621768596477743,0.12865196943577262,0.1749141251068124,0.1652835018260347,0.5805938499514292,0.6136363636363636,0.9318181818181818,0.7561729436188238,39.5,0.02906575368682086,0.0812007372985255,1.3894157489736012,1.7021838497154915,0.24922086965316573,0.18228500600085853,0.06818181818181818,False,0.7561729436188238,0.2438270563811762,False
Rq_nm,6090,6081,3.181477069854736,3.826764965937278,0.6452878960825421,0.08260918510541382,0.11151232162629504,0.09421994798543362,0.19222963658486295,0.6086201061614984,0.5227272727272727,0.75,0.6261353324525414,37.75,0.05535453468334155,0.15299544694400447,-0.6928565191429741,-0.3772929706705162,1.0,1.0,0.29545454545454547,False,0.6261353324525414,0.3738646675474586,False
Rq_nm,6090,6082,1.863613247871399,3.085291361442668,1.221678113571269,0.1631726946908043,0.10442556436605979,0.32439094927401485,0.2710370815496318,1.1383235791218782,0.75,0.5227272727272727,0.6261353324525414,32.0,0.04952556537517291,0.14834702494879815,1.234057419902246,1.1935055465690574,0.2911090266643222,0.30315666934163443,0.20454545454545456,False,0.6261353324525414,0.3738646675474586,False
Rq_nm,6090,6084,1.9596685775258929,3.1811573570028284,1.2214887794769356,0.01806967403988269,0.12191192471341038,0.09338549195976864,0.14304251189902345,0.558507593784062,0.29545454545454547,0.38636363636363635,0.33786519880269333,31.0,0.03611330569034283,0.09751319856671214,0.19097458238026527,-1.4249655061294566,0.8261535867420359,1.0,0.1590909090909091,False,0.3378651988026933,0.6621348011973067,False
Rq_nm,6090,6085,3.1255097083820487,4.170528346509119,1.0450186381270705,0.1764240531539465,0.29761369710623053,0.6578304809992428,0.5813651006990278,2.037085978785945,0.7954545454545454,0.4318181818181818,0.5860816799194376,31.25,0.08975165273140932,0.26332959326726546,-1.8310310548014597,-0.3902428092233241,1.0,1.0,0.4318181818181818,False,0.5860816799194376,0.4139183200805624,False
Rq_nm,6090,6094,4.092223385079066,3.9325382497315178,0.15968513534754836,0.01854613709028996,0.31212716343832786,0.20589770905476149,0.27310171105924774,0.9584918359559635,0.3409090909090909,0.29545454545454547,0.31736909190383955,30.0,0.10270594481193988,0.30458284667783775,1.0123608970980207,0.8552796623674676,0.3633601102895395,0.42516427200758194,0.6590909090909091,False,0.31736909190383955,0.6826309080961604,False
Rq_nm,6090,6095,9.867135047912596,6.966531098499678,2.9006039494129174,0.09509299316817277,0.8156307290210039,0.27994802979440875,0.5930830466530793,1.8416653687105482,0.5681818181818182,0.20454545454545456,0.34090909090909094,28.75,0.08995669553743395,0.2635187397302601,0.28042187688498893,0.1911581864550553,0.755464961012933,0.8260019155012627,0.4772727272727273,False,0.34090909090909094,0.6590909090909091,False
Rq_nm,6090,6099,10.321437835693361,6.565358848587695,3.756078987105666,0.3243833113486323,0.2703325548960355,0.5294372780604443,0.4532875674630832,1.3890335742833964,0.9318181818181818,0.38636363636363635,0.6000172173838221,31.0,0.15801236278793987,0.43092299965306813,0.9111768902307203,-0.39207672789331766,0.40205077585965443,1.0,0.7954545454545454,False,0.6000172173838221,0.3999827826161779,False
Rq_nm,6090,6101,1.2270276091477796,1.418768486416031,0.1917408772682514,0.0,0.05196021743552478,0.06908158608619872,0.06570063366341329,0.21367254589190465,0.1590909090909091,0.8863636363636364,0.37551617367859785,39.25,0.27874581381822,0.7424521120158651,0.03328029778940877,0.0004152199463351448,0.9672673986742893,0.9995848662455369,0.9318181818181818,False,0.3755161736785979,0.6244838263214021,False
Rq_nm,6094,6022,1.6493401527404783,1.903396836032851,0.25405668329237274,1.2321243369692387,0.5095550531627197,1.1212830143018568,0.9222799108798378,2.6156098885522487,0.9772727272727273,0.11363636363636363,0.3332472340594359,27.0,0.10602271004464488,0.30757925124772956,4.932641662564174,44.38825790590635,0.007207438490646932,5.2774548946363745e-20,0.5681818181818182,False,0.3332472340594359,0.6667527659405641,False
Rq_nm,6094,6028,6.072564601898193,3.7299015375224274,2.342663064375766,0.09767809511105074,0.2114755727831614,0.8061186519059313,0.6567604863242331,2.3805536283568283,0.6136363636363636,0.29545454545454547,0.42579531807261806,30.0,0.0465477245436036,0.13320193460464114,-0.780817467679896,1.2654855431079097,1.0,0.2821022900593719,0.20454545454545456,False,0.42579531807261806,0.5742046819273819,False
Rq_nm,6094,6029,2.561024904251098,2.035910196949364,0.5251147073017344,0.040768643471628785,0.3755786166861042,0.05219030783325024,0.2571432605614721,1.0672883419442052,0.38636363636363635,0.5681818181818182,0.4685347301838251,33.5,0.017506247306321637,0.053979229514732996,-0.5072017395237721,56.27083908789399,1.0,3.646574511573719e-25,0.11363636363636363,False,0.4685347301838251,0.5314652698161749,False
Rq_nm,6094,6033,2.5392112094198453,3.6453242526309486,1.1061130432111033,0.04715025352355884,0.21671991521503534,0.2937921361394838,0.31596209395948444,1.3048873317953333,0.4318181818181818,0.9772727272727273,0.6496184512707478,40.25,0.05981313289800619,0.18042876498829852,-0.923388976547189,2.452692397481928,1.0,0.08606156235514587,0.3409090909090909,False,0.6496184512707478,0.3503815487292522,False
Rq_nm,6094,6047,3.066597064069266,3.69743111890618,0.6308340548369138,0.002506360491751458,0.1568786437350856,0.042318032444814586,0.1774743733326792,0.5250578417716372,0.1590909090909091,0.4772727272727273,0.27555353756777595,31.5,0.16333158245040083,0.4571279262545911,-0.7297267945645007,-1.1210597976912766,1.0,1.0,0.8409090909090909,False,0.275553537567776,0.724446462432224,False
Rq_nm,6094,6048,2.455431633201468,2.265391204419055,0.1900404287824129,0.22620815096781266,0.4253822215042608,0.5450235571504206,0.5209157460176936,1.5509620397472819,0.8409090909090909,0.1590909090909091,0.3657608395325246,27.25,0.10731887537742911,0.29651192352964695,1.5927556742617575,0.5776936917266945,0.20336443274301605,0.5611911550117321,0.6136363636363636,False,0.3657608395325246,0.6342391604674754,False
Rq_nm,6094,6056,3.2253758907318115,2.5415838265419373,0.6837920641898743,0.0,0.18687621477445815,0.45793488357866774,0.42245071517425753,1.3211355560676563,0.06818181818181818,0.6136363636363636,0.20454545454545453,34.5,0.03535097579365359,0.09590408234601644,-0.9801020916103614,-0.5782006054995914,1.0,1.0,0.1590909090909091,False,0.20454545454545459,0.7954545454545454,False
Rq_nm,6094,6057,5.337333679199219,1.2761814950637682,4.061152184135451,0.014650827331168514,0.08662855105926186,0.034085182718805423,0.06513744960310454,0.23040172280042492,0.29545454545454547,0.7954545454545454,0.4847892956295805,39.0,0.3042721001922758,0.8114079506954375,-0.1502867870099139,-0.16269976330100847,1.0,1.0,0.9772727272727273,True,0.9772727272727273,0.022727272727272707,False
Rq_nm,6094,6062,3.0912147342364586,5.391154633785826,2.299939899549367,0.1289454734447233,0.5724800741966676,0.28239322659291527,0.537463418387333,2.0205647711945254,0.6590909090909091,0.7045454545454546,0.6814392886620432,37.5,0.13101584795069826,0.3543257431077751,-0.7691461779287476,0.15580360031024865,1.0,0.8557272384323247,0.7045454545454546,False,0.6814392886620432,0.3185607113379568,False
Rq_nm,6094,6063,5.865590098313159,5.405765827155771,0.45982427115738744,0.3150260626262176,0.3905388801362723,0.9153580570222906,0.7659741298833994,2.7114602482118833,0.8863636363636364,0.11363636363636363,0.31736909190383955,27.0,0.14068083355159053,0.4081876944120768,-0.05717359215489783,5.242829280330429,1.0,0.005285282117285996,0.75,False,0.31736909190383955,0.6826309080961604,False
Rq_nm,6094,6070,3.047229528427124,2.3437050047121835,0.7035245237149406,0.13425183394213347,0.10531788474154019,0.062340957793885765,0.08107403426410734,0.28392044137015526,0.7045454545454546,0.20454545454545456,0.3796202974656833,27.5,0.14563964699307552,0.4190079399979074,-0.022244666508443832,-0.43783022561552093,1.0,1.0,0.7954545454545454,False,0.37962029746568327,0.6203797025343167,False
Rq_nm,6094,6072,1.470114827156067,2.341069599046108,0.870954771890041,0.01120371875589532,0.08870860955916057,0.05396500653306751,0.07570533663737398,0.28564664951604923,0.25,0.7045454545454546,0.41968602983225883,37.5,0.06633041570826875,0.19317467988278003,0.8601731239612823,0.053547740655140966,0.4230888291629146,0.9478606884333699,0.4318181818181818,False,0.4196860298322589,0.5803139701677411,False
Rq_nm,6094,6078,2.0597975274126674,3.180159925392383,1.1203623979797155,0.0,0.08661576718042266,0.1601508068289802,0.14891813718136987,0.5702240536235448,0.06818181818181818,0.8863636363636364,0.24583304150890833,39.25,0.05647959558485998,0.1677387601895033,-0.5134824648512145,-1.0192918692775856,1.0,1.0,0.29545454545454547,False,0.24583304150890828,0.7541669584910917,False
Rq_nm,6094,6080,4.336027222470414,2.0981348482588658,2.2378923742115484,0.08559377245699995,0.11037803413110424,0.2855215429386558,0.27250666156299536,0.997137405444324,0.5227272727272727,0.9318181818181818,0.6979160242174585,39.5,0.010905381867858086,0.030832881184216232,1.5769567351358507,1.80657502613888,0.20660288976762037,0.16421560890830045,0.022727272727272728,False,0.6979160242174585,0.30208397578254154,False
Rq_nm,6094,6081,3.181477069854736,4.460238138637477,1.278761068782741,0.05692283079942584,0.1895608012649797,0.13718344846342123,0.23276617396517735,0.814384884239332,0.4772727272727273,0.75,0.5982930264130992,37.75,0.014504153233657396,0.04197811513525629,-0.3342821212873292,-0.26204032007962286,1.0,1.0,0.06818181818181818,False,0.5982930264130992,0.4017069735869008,False
Rq_nm,6094,6082,1.863613247871399,3.506920072254743,1.6433068243833442,0.15357654112228625,0.1241201897655036,0.3960115013557673,0.32507739852341155,1.3360092355661068,0.75,0.5227272727272727,0.6261353324525414,32.0,0.10824770372393433,0.2947915639916989,1.7653638270703103,1.425256724976872,0.17112451542657356,0.24044672660369074,0.6590909090909091,False,0.6261353324525414,0.3738646675474586,False
Rq_nm,6094,6084,1.9596685775258929,3.3431719473894375,1.3835033698635446,0.008363978488815427,0.1444479029878001,0.1113420912009295,0.1681079014828109,0.6478688082449806,0.20454545454545456,0.38636363636363635,0.28112083811029503,31.0,0.06007196692594636,0.16615321470559463,-0.3494643867632946,-1.6465160627364164,1.0,1.0,0.38636363636363635,False,0.281120838110295,0.718879161889705,False
Rq_nm,6094,6085,3.1255097083820487,4.219572234956601,1.0940625265745525,0.19940032135641061,0.30789516766664554,0.6823021424148636,0.6056944814451284,2.1363331594943,0.7954545454545454,0.4318181818181818,0.5860816799194376,31.25,0.0839849263780467,0.24573304606287127,-1.7736578302259747,-0.4625200533353079,1.0,1.0,0.4772727272727273,False,0.5860816799194376,0.4139183200805624,False
Rq_nm,6094,6090,4.685108184814453,3.8855299730795414,0.7995782117349117,0.0858397378195832,0.48170960760912634,0.21284386398423327,0.38966165888327686,1.5625187158437592,0.5681818181818182,0.022727272727272728,0.11363636363636365,25.25,0.047776733139284135,0.13955434608146344,-0.713286422215737,2.3103969770061767,1.0,0.09922185494546451,0.25,False,0.11363636363636365,0.8863636363636364,False
Rq_nm,6094,6095,9.867135047912596,6.777598774487201,3.089536273425395,0.0017702236315964015,0.6932402729827603,0.27213157298309243,0.5152934842126085,1.6766672251980106,0.11363636363636363,0.25,0.1685499656158105,28.75,0.08462701009301915,0.2466928544458371,0.09894404181471372,0.3078870074466904,0.9057933931599367,0.734998362658942,0.5227272727272727,False,0.16854996561581048,0.8314500343841895,False
Rq_nm,6094,6099,10.321437835693361,7.3867985697151255,2.9346392659782357,0.4643076210277677,0.3358069613112907,0.59996497778943,0.5077833880829339,1.556925536606454,0.9318181818181818,0.38636363636363635,0.6000172173838221,31.0,0.20585361303653787,0.5515650946428214,1.4961564792001,-0.2233297327929599,0.22398941578571235,1.0,0.8863636363636364,False,0.6000172173838221,0.3999827826161779,False
Rq_nm,6094,6101,1.2270276091477796,1.6578063788509523,0.43077876970317264,0.017646445335061545,0.06258893383069947,0.07361784946352377,0.07247414484091028,0.23556570926099774,0.3409090909090909,0.8863636363636364,0.5496993919294465,39.25,0.2077843665175903,0.57278643901393,-0.05073035503828497,0.2185310085776906,1.0,0.8036985575091008,0.9318181818181818,False,0.5496993919294465,0.4503006080705535,False
Rq_nm,6095,6022,1.6493401527404783,3.044683320512196,1.3953431677717176,0.8224734621355307,0.3611173397868679,1.065547986916261,0.8783364784053092,2.5751799633004553,0.9772727272727273,0.11363636363636363,0.3332472340594359,27.0,0.08621076159626882,0.26851450303022606,4.556770413072598,48.828008035181014,0.010495901691857526,6.226809050712892e-22,0.5681818181818182,False,0.3332472340594359,0.6667527659405641,False
Rq_nm,6095,6028,6.072564601898193,3.550261935277901,2.5223026666202926,0.11666205329013213,0.19630820859119472,0.7075033637585529,0.5782862550571692,2.0745661341833377,0.6136363636363636,0.29545454545454547,0.42579531807261806,30.0,0.049365961502155435,0.1342359033574967,-0.7196876173639009,0.962099154233889,1.0,0.3820899777613107,0.3409090909090909,False,0.42579531807261806,0.5742046819273819,False
Rq_nm,6095,6029,2.561024904251098,2.0940337447827453,0.4669911594683529,0.028702729037072938,0.373670847173956,0.04663985928490158,0.2561215443052709,1.056801574800138,0.4318181818181818,0.5681818181818182,0.4953294254023493,33.5,0.022910737141899715,0.07266045393737697,-0.47912372511768414,61.01007099887179,1.0,3.1890609868262923e-27,0.06818181818181818,False,0.49532942540234925,0.5046705745976507,False
Rq_nm,6095,6033,2.5392112094198453,3.360639987893711,0.8214287784738659,0.0,0.15821945008688684,0.24925857621777284,0.2660404572771963,1.0505064931489914,0.25,0.9772727272727273,0.4942855266120806,40.25,0.06677617460853635,0.21191141717970985,-0.8508526820557377,2.170761764921618,1.0,0.11409067352685423,0.4772727272727273,False,0.4942855266120806,0.5057144733879194,False
Rq_nm,6095,6047,3.066597064069266,3.4893051636799566,0.42270809961069045,0.0,0.13449921517000446,0.03343085165840384,0.14964819591406536,0.47967610038450603,0.25,0.4772727272727273,0.3454246398538787,31.5,0.16420864301693494,0.46412733821386265,-0.7083763054136937,-1.026972440562235,1.0,1.0,0.8409090909090909,False,0.3454246398538787,0.6545753601461213,False
Rq_nm,6095,6048,2.455431633201468,2.400129325248221,0.05530230795324709,0.21284133147233497,0.40778877365604754,0.6051467128717637,0.5549654949251899,1.7135321060543596,0.8863636363636364,0.1590909090909091,0.37551617367859785,27.25,0.1323963203570664,0.37712416412236394,1.7188376895078752,0.5326547549557243,0.17927439937698175,0.5870444400465394,0.75,False,0.3755161736785979,0.6244838263214021,False
Rq_nm,6095,6056,3.2253758907318115,2.5932436286958103,0.6321322620360013,0.0,0.16847747848493055,0.4434733545505587,0.4052723272244702,1.257798371799256,0.25,0.6136363636363636,0.39167472590032015,34.5,0.01703083706349812,0.04612835538521276,-0.8100383251619159,-0.4446781747304487,1.0,1.0,0.022727272727272728,False,0.39167472590032015,0.6083252740996798,False
Rq_nm,6095,6057,5.337333679199219,1.4395937346670102,3.8977399445322085,0.015164182160031903,0.0982203630266987,0.033721530916709715,0.07189470046317634,0.2575356463744005,0.38636363636363635,0.7954545454545454,0.5543777689841122,39.0,0.2655042143363865,0.7196385901945778,-0.1177585332600817,-0.24839242820575697,1.0,1.0,0.9772727272727273,True,0.9772727272727273,0.022727272727272707,False
Rq_nm,6095,6062,3.0912147342364586,5.312804426963596,2.2215896927271372,0.08293280737679076,0.5023891147415982,0.24453351839112622,0.4745653727083889,1.7872643042740792,0.5681818181818182,0.7045454545454546,0.632700495776139,37.5,0.1270254739661862,0.33842451439042365,-0.6987689959834815,0.21926793843227785,1.0,0.8031065062249106,0.6590909090909091,False,0.632700495776139,0.36729950422386104,False
Rq_nm,6095,6063,5.865590098313159,4.934486449829786,0.931103648483373,0.26332555550341574,0.35704226196745475,0.773849748062401,0.6531924418074181,2.1930596038074324,0.9318181818181818,0.11363636363636363,0.32540502416537165,27.0,0.1896621692345641,0.5050317479160933,0.6001202552661934,4.908435834796834,0.5487456425727517,0.007384029144592924,0.8863636363636364,False,0.32540502416537165,0.6745949758346284,False
Rq_nm,6095,6070,3.047229528427124,2.289145529454869,0.7580839989722552,0.12625175688508117,0.1092672908548226,0.059951507593531704,0.0821560451587201,0.2997659241401598,0.75,0.20454545454545456,0.39167472590032015,27.5,0.12850016729664573,0.37744941242648156,0.1565289578665058,-0.48656426504669315,0.8551067552771106,1.0,0.7045454545454546,False,0.39167472590032015,0.6083252740996798,False
Rq_nm,6095,6072,1.470114827156067,2.403041443626538,0.9329266164704713,0.008979279051445133,0.07238485864068933,0.05490755269326659,0.0664862903922452,0.25182873838808195,0.29545454545454547,0.7045454545454546,0.4562468159064712,37.5,0.06000326627563617,0.17305868891825038,0.9145477633886094,-0.11875410027803864,0.4006977953352026,1.0,0.38636363636363635,False,0.4562468159064712,0.5437531840935288,False
Rq_nm,6095,6078,2.0597975274126674,3.2163556402890445,1.156558112876377,0.0,0.08598478938287792,0.13482305156107857,0.12798127456712033,0.4561910860577658,0.25,0.8863636363636364,0.4707344358456359,39.25,0.035175886565199245,0.11191819561420902,-0.3272054535374444,-1.4676346334885684,1.0,1.0,0.1590909090909091,False,0.4707344358456359,0.5292655641543641,False
Rq_nm,6095,6080,4.336027222470414,2.26154384980064,2.074483372669774,0.06769516682590337,0.12062716752866805,0.15442438531862787,0.14905899523730728,0.489863806926331,0.4772727272727273,0.9318181818181818,0.6668818523236913,39.5,0.03824246087741294,0.10908109629863538,1.7433418509212582,1.6115395291430843,0.17493481661669263,0.19958011802823133,0.20454545454545456,False,0.6668818523236913,0.33311814767630865,False
Rq_nm,6095,6081,3.181477069854736,4.0057839334908865,0.8243068636361506,0.010901835442320262,0.12868799035354903,0.10164212040242121,0.19854087093249137,0.6349510315473572,0.3409090909090909,0.75,0.5056498968474316,37.75,0.034864273940900234,0.10299458405082218,-0.5366736362270043,-0.5152397498586112,1.0,1.0,0.11363636363636363,False,0.5056498968474316,0.49435010315256844,False
Rq_nm,6095,6082,1.863613247871399,3.134113314204779,1.2705000663333799,0.1231745855343247,0.09261040940645877,0.32011090079441323,0.26579941198538226,1.1015163079233625,0.6590909090909091,0.5227272727272727,0.586962344097498,32.0,0.04024784978434245,0.12171765519503275,1.5901109410695453,0.9289409643337831,0.2039029892636437,0.3949717781583975,0.25,False,0.586962344097498,0.41303765590250197,False
Rq_nm,6095,6084,1.9596685775258929,3.270151220901178,1.3104826433752852,0.0,0.12811101449035942,0.08449812388498083,0.1299137427729826,0.5130450235607973,0.25,0.38636363636363635,0.3107907802540305,31.0,0.06127952181433203,0.1657212265641438,-0.32252597039702685,-1.6324718150945985,1.0,1.0,0.4318181818181818,False,0.3107907802540305,0.6892092197459695,False
Rq_nm,6095,6085,3.1255097083820487,4.1679566563326595,1.0424469479506109,0.15212149773021366,0.26708803821513694,0.6136342833166802,0.5389397874912341,1.855184988930179,0.8409090909090909,0.4318181818181818,0.6025942537983114,31.25,0.09408035456483545,0.27670067553720523,-1.3922102370001679,-0.38792373346309017,1.0,1.0,0.6136363636363636,False,0.6025942537983114,0.39740574620168856,False
Rq_nm,6095,6090,4.685108184814453,3.719199024707462,0.9659091601069911,0.07668410727725661,0.3521933584601956,0.1997798947863414,0.30813148675357505,1.2904688112686338,0.5227272727272727,0.022727272727272728,0.10899617098438,25.25,0.048348036441370965,0.1449623490005707,-0.4808790345435391,1.9291545073258716,1.0,0.14527097211689452,0.29545454545454547,False,0.10899617098437997,0.89100382901562,False
Rq_nm,6095,6094,4.092223385079066,3.6453751469403057,0.4468482381387604,0.12411064971048535,0.2382313230780252,0.17621461192365534,0.2198192345102229,0.7733278998144186,0.7045454545454546,0.29545454545454547,0.4562468159064712,30.0,0.08539346027578583,0.24396390685744151,1.0492927278153532,0.7818187869038793,0.35018533789346806,0.45757302619603113,0.5227272727272727,False,0.4562468159064712,0.5437531840935288,False
Rq_nm,6095,6099,10.321437835693361,5.390314806350651,4.93112302934271,0.148437839533349,0.2657923772160898,0.4154309934939192,0.36372204396365776,1.06847985354712,0.7954545454545454,0.38636363636363635,0.5543777689841122,31.0,0.14698495879195508,0.40902016578904066,1.0164669223382883,-0.47943294938389464,0.36187120334198236,1.0,0.7954545454545454,False,0.5543777689841122,0.4456222310158878,False
Rq_nm,6095,6101,1.2270276091477796,1.5288955809141849,0.30186797176640523,0.0,0.05247718605395925,0.0710475687857771,0.06703116897932748,0.2206174861285839,0.25,0.8863636363636364,0.4707344358456359,39.25,0.23529650342770386,0.6370691922857141,0.38173912953738276,-0.007080090430449785,0.6826731192307272,1.0,0.9318181818181818,False,0.4707344358456359,0.5292655641543641,False
Rq_nm,6099,6022,1.6493401527404783,2.2575600927924184,0.6082199400519401,0.8004875128586866,0.3446747763618556,0.8656712955912788,0.7197618981937153,2.056773778829399,0.9772727272727273,0.11363636363636363,0.3332472340594359,27.0,0.09581336632035298,0.27468344812961676,5.945135585988516,58.99086351919056,0.002618547285970851,2.40211331701524e-26,0.5227272727272727,False,0.3332472340594359,0.6667527659405641,False
Rq_nm,6099,6028,6.072564601898193,3.736013462087059,2.3365511398111343,0.05824005116889097,0.21789963592444966,0.6366927835344868,0.5292936396844501,1.7129312638943528,0.6136363636363636,0.3409090909090909,0.4573775408522297,30.0,0.06838175749894729,0.18686769632298206,-0.8189364234295323,1.0937170159292011,1.0,0.33496909138730807,0.4318181818181818,False,0.4573775408522297,0.5426224591477703,False
Rq_nm,6099,6029,2.561024904251098,2.2999881839527436,0.26103672029835456,0.057260915179582206,0.3980758619413968,0.05091601685413271,0.2719663571611203,1.121128697841518,0.5681818181818182,0.5681818181818182,0.5681818181818182,33.5,0.1682726464941098,0.4619399016789518,-0.671927172274018,67.46922753417789,1.0,4.9944398099121605e-30,0.7954545454545454,False,0.5681818181818182,0.43181818181818177,False
Rq_nm,6099,6033,2.5392112094198453,3.2804579479573097,0.7412467385374644,0.02087856909100072,0.1626776736059461,0.23405511985896615,0.24671498900232722,0.9680903312707705,0.4772727272727273,0.9772727272727273,0.6829536000598508,40.25,0.06423917065081945,0.20043277391584957,-0.7622235292743171,2.0289014949445376,1.0,0.13147987315362422,0.38636363636363635,False,0.6829536000598508,0.31704639994014916,False
Rq_nm,6099,6047,3.066597064069266,3.6356710912754147,0.5690740272061485,0.0,0.1661266152168197,0.03923852507830438,0.17775935575656013,0.5751791184905111,0.29545454545454547,0.4772727272727273,0.3755161736785979,31.5,0.12418544739727697,0.35062744805020396,-0.7911935063213003,-0.9851528593560782,1.0,1.0,0.75,False,0.3755161736785979,0.6244838263214021,False
Rq_nm,6099,6048,2.455431633201468,2.255602011563461,0.1998296216380071,0.0,0.3424302846575809,0.5211424113220919,0.47657049692727177,1.3929416745192265,0.29545454545454547,0.1590909090909091,0.21680436395839675,27.25,0.10396996079187143,0.2985605601841359,2.0492949957431623,0.5443322108595522,0.1288256942429759,0.5802291247027221,0.5681818181818182,False,0.21680436395839675,0.7831956360416032,False
Rq_nm,6099,6056,3.2253758907318115,2.674665560016172,0.5507103307156394,0.0,0.19268405832174562,0.4691368353879474,0.4307661798009762,1.3415632681584215,0.29545454545454547,0.6136363636363636,0.42579531807261806,34.5,0.008462228439926948,0.024700932818821353,-0.9908415373048282,-0.5525705627123871,1.0,1.0,0.022727272727272728,False,0.42579531807261806,0.5742046819273819,False
Rq_nm,6099,6057,5.337333679199219,1.411392201203943,3.9259414779952757,0.007443587303677557,0.090143289303004,0.028951650389304518,0.06679243206437487,0.23309057788035714,0.38636363636363635,0.7954545454545454,0.5543777689841122,39.0,0.24647610189046015,0.6710381404770795,-0.022474000051021296,-0.3102812241047315,1.0,1.0,0.9318181818181818,False,0.5543777689841122,0.4456222310158878,False
Rq_nm,6099,6062,3.0912147342364586,5.187602533215619,2.0963877989791606,0.10341667224364848,0.505008110928986,0.20478703227772926,0.43458617003916616,1.6437701938672795,0.75,0.7045454545454546,0.7269175268963398,37.5,0.12103058947130754,0.330629432670281,-0.8873889330379249,0.02816326812167147,1.0,0.972229619738584,0.7045454545454546,False,0.7269175268963398,0.2730824731036602,False
Rq_nm,6099,6063,5.865590098313159,5.508908045677286,0.3566820526358727,0.358450495181879,0.4109068566321569,0.8496866547999189,0.7188294743444233,2.3270782081147643,0.9318181818181818,0.11363636363636363,0.32540502416537165,27.0,0.1709733964745292,0.48718728697568947,0.10816865445430945,5.187090519222944,0.8974762203034736,0.005588242068263663,0.8409090909090909,False,0.32540502416537165,0.6745949758346284,False
Rq_nm,6099,6070,3.047229528427124,2.1290547679510587,0.9181747604760653,0.09524339833643403,0.11904726194511,0.0475666997759337,0.0863619404346005,0.3253778349362664,0.7045454545454546,0.20454545454545456,0.3796202974656833,27.5,0.17872574197824045,0.4936212385759613,-0.11680238600960685,-0.7443574297819685,1.0,1.0,0.8863636363636364,False,0.37962029746568327,0.6203797025343167,False
Rq_nm,6099,6072,1.470114827156067,2.773856992181886,1.303742165025819,0.0,0.0626848979551425,0.08145920492403656,0.07797190119110217,0.25546857768355524,0.29545454545454547,0.7045454545454546,0.4562468159064712,37.5,0.00877975073926128,0.025777934614568232,1.536238053222161,-0.038141334675649306,0.21518911061156665,1.0,0.06818181818181818,False,0.4562468159064712,0.5437531840935288,False
Rq_nm,6099,6078,2.0597975274126674,3.3452721933460343,1.285474665933367,0.008313370671730436,0.13371134237443705,0.12359614934762382,0.1378675828805437,0.46819256589588276,0.4318181818181818,0.8863636363636364,0.6186662540371,39.25,0.01126071547343189,0.03193209544884357,-0.4261780122100811,-1.1211762167893378,1.0,1.0,0.1590909090909091,False,0.6186662540371,0.38133374596290004,False
Rq_nm,6099,6080,4.336027222470414,2.242654922481685,2.093372299988729,0.06287286616627474,0.11191423803615223,0.1757342029883672,0.16194699114164113,0.5843360388274395,0.6590909090909091,0.9318181818181818,0.783679074980303,39.5,0.04589579028367115,0.13747128882183657,2.0865455563919095,1.1971860667695775,0.12411514489416635,0.30204294589425223,0.29545454545454547,False,0.783679074980303,0.21632092501969702,False
Rq_nm,6099,6081,3.181477069854736,3.85996303876694,0.678485968912204,0.0,0.10074067827512515,0.10066242358015373,0.1644989999260435,0.5179690615239045,0.29545454545454547,0.75,0.4707344358456359,37.75,0.011052022385338804,0.03517429123312277,-0.7693009311832741,-0.1413104091091949,1.0,1.0,0.11363636363636363,False,0.4707344358456359,0.5292655641543641,False
Rq_nm,6099,6082,1.863613247871399,3.189642334811783,1.326029086940384,0.14912336848756969,0.1002712380154068,0.32353245809941056,0.26718154304769687,1.124298843030631,0.8409090909090909,0.5227272727272727,0.6629978248097647,32.0,0.03215538376585909,0.09681899210070566,1.8479225245383457,1.0114757967250576,0.15756416221367653,0.363681862829318,0.25,False,0.6629978248097647,0.33700217519023534,False
Rq_nm,6099,6084,1.9596685775258929,3.19174036597767,1.2320717884517773,0.0,0.12118838162828126,0.11783554198747334,0.16706408850764085,0.6314151014637557,0.29545454545454547,0.38636363636363635,0.33786519880269333,31.0,0.04657248799963041,0.1304387672985724,-0.21678208201234117,-1.9052851372145099,1.0,1.0,0.3409090909090909,False,0.3378651988026933,0.6621348011973067,False
Rq_nm,6099,6085,3.1255097083820487,4.210426161155783,1.0849164527737343,0.14951191099652927,0.2741429684424832,0.6394366116322607,0.5531458270228161,1.9564849902080668,0.8863636363636364,0.4318181818181818,0.6186662540371,31.25,0.09374346562554933,0.27359540393277126,-1.5669143967134191,-0.6594009592736014,1.0,1.0,0.4772727272727273,False,0.6186662540371,0.38133374596290004,False
Rq_nm,6099,6090,4.685108184814453,3.819449808829466,0.865658375984987,0.023545743513368134,0.45895680987740833,0.22766524513600492,0.3781688432457293,1.5201575221547428,0.5227272727272727,0.022727272727272728,0.10899617098438,25.25,0.02091954647332556,0.06076194776905175,-0.4307796535082154,1.789785723866435,1.0,0.16699594907985654,0.20454545454545456,False,0.10899617098437997,0.89100382901562,False
Rq_nm,6099,6094,4.092223385079066,3.9326678858202486,0.1595554992588175,0.13599464231058178,0.25207571073352675,0.21264644940503533,0.24215841126699258,0.8222650433947893,0.7954545454545454,0.3409090909090909,0.5207472380631636,30.0,0.11778346039495646,0.3347050548465984,1.4007705720125876,0.8182454702124441,0.24640701641632637,0.44120508326670355,0.6590909090909091,False,0.5207472380631636,0.4792527619368364,False
Rq_nm,6099,6095,9.867135047912596,5.806671432571786,4.06046361534081,0.0,0.40486276072297295,0.2514150691859502,0.339063931485727,1.0329991951118425,0.29545454545454547,0.25,0.2717786532523045,28.75,0.10669612608441678,0.3131159892887754,0.1640249823229147,0.2833340766826249,0.8487208185977996,0.7532680965131427,0.6136363636363636,False,0.27177865325230455,0.7282213467476955,False
Rq_nm,6099,6101,1.2270276091477796,1.315260000238287,0.0882323910905074,0.002363226751151526,0.05822873918823826,0.07209751367218467,0.06990943093911796,0.22520964975244606,0.3409090909090909,0.8863636363636364,0.5496993919294465,39.25,0.2792255012035756,0.7518910337863753,0.4163745919820556,-0.14134259902825405,0.6594332058214551,1.0,0.9772727272727273,True,0.9772727272727273,0.022727272727272707,False
Rq_nm,6101,6022,1.6493401527404783,5.650496940444161,4.001156787703683,0.23186568912395522,0.6022028210118943,0.14992993043582978,0.6268445388365764,1.7028459881973133,0.8863636363636364,0.11363636363636363,0.31736909190383955,27.0,0.03723688035420684,0.11367597127898987,3.1469375416262255,47.74393136381481,0.04298356087466402,1.841085952422161e-21,0.20454545454545456,False,0.31736909190383955,0.6826309080961604,False
Rq_nm,6101,6028,6.072564601898193,3.6255916742750776,2.446972927623116,0.11329103206958413,0.14620015734619368,0.7421169746899122,0.5993005227105229,2.2284262856979025,0.5681818181818182,0.3409090909090909,0.4401117438872065,30.0,0.06411106405381223,0.19460283655664323,-0.7844546427719663,1.0711134093553383,1.0,0.3426268210580332,0.5227272727272727,False,0.4401117438872064,0.5598882561127936,False
Rq_nm,6101,6029,2.561024904251098,2.1677431456201037,0.39328175863099446,0.030797235919212795,0.36821163078810026,0.05561263669473941,0.2524582097821613,1.0502192029230677,0.29545454545454547,0.6136363636363636,0.42579531807261806,33.5,0.13893284131333575,0.3932182766137697,-0.6197580870962204,57.16017374237501,1.0,1.498483478681354e-25,0.7954545454545454,False,0.42579531807261806,0.5742046819273819,False
Rq_nm,6101,6033,2.5392112094198453,3.486029297730903,0.9468180883110575,0.03163182802236664,0.1945713077035517,0.25865930635773354,0.27888182877876805,1.1178224239396068,0.3409090909090909,0.9772727272727273,0.5772011408727407,40.25,0.03881227832635306,0.1232570820664538,-0.8558864613306595,1.7702072905831987,1.0,0.17029768406011694,0.29545454545454547,False,0.5772011408727407,0.42279885912725934,False
Rq_nm,6101,6047,3.066597064069266,3.5738144269895096,0.5072173629202434,0.0,0.1578527834204139,0.03350045130816608,0.1696082658291231,0.5607678580623792,0.11363636363636363,0.5227272727272727,0.24372284760826382,31.5,0.12484726627921444,0.3519341366363189,-0.7696476520564267,-1.096914907804637,1.0,1.0,0.75,False,0.2437228476082638,0.7562771523917362,False
Rq_nm,6101,6048,2.455431633201468,2.3836639233567656,0.07176770984470249,0.14925205850606194,0.396350688345341,0.5795335668608218,0.5341433216626905,1.675627637263942,0.75,0.1590909090909091,0.3454246398538787,27.25,0.1092891650301776,0.3162877965225366,1.5001161959608884,0.5579829723073858,0.22310423483130593,0.5723623710841764,0.6590909090909091,False,0.3454246398538787,0.6545753601461213,False
Rq_nm,6101,6056,3.2253758907318115,2.53438427097686,0.6909916197549517,0.0,0.17813692272269044,0.42137367278574306,0.3909811015207901,1.235901571190532,0.11363636363636363,0.6590909090909091,0.2736726040634613,34.5,0.03577190684509404,0.09908707000417316,-1.1035353630432188,-0.576177683563433,1.0,1.0,0.1590909090909091,False,0.2736726040634613,0.7263273959365387,False
Rq_nm,6101,6057,5.337333679199219,1.3030605613696618,4.0342731178295566,0.012998918875846366,0.08315281330080361,0.03592039672458227,0.06413508181464209,0.2275738264089875,0.20454545454545456,0.8409090909090909,0.41473380888396955,39.0,0.3391032534134939,0.9029231203212381,-0.0794470833561943,-0.353251825264104,1.0,1.0,0.9772727272727273,True,0.9772727272727273,0.022727272727272707,False
Rq_nm,6101,6062,3.0912147342364586,5.021773734583116,1.930559000346657,0.12705447092014222,0.4877589379720831,0.2892890736735987,0.48542294566355704,1.8190148369254384,0.7045454545454546,0.75,0.7269175268963398,37.5,0.06153842729889935,0.1667646155691367,-0.7537839403015676,-0.07506089522308854,1.0,1.0,0.4772727272727273,False,0.7269175268963398,0.2730824731036602,False
Rq_nm,6101,6063,5.865590098313159,5.516257706233182,0.3493323920799769,0.31636095191740754,0.44152691385402454,0.9299256279342485,0.7904500399760012,2.773202512226511,0.9318181818181818,0.11363636363636363,0.32540502416537165,27.0,0.20702062780891994,0.5705555172571695,0.15786764128448882,4.1984390790760076,0.853962803908417,0.015019002007780393,0.9318181818181818,False,0.32540502416537165,0.6745949758346284,False
Rq_nm,6101,6070,3.047229528427124,2.346138044835762,0.701091483591362,0.12355220749744689,0.08007600639990807,0.05577416194897754,0.07177632661894497,0.25343526481618595,0.6590909090909091,0.20454545454545456,0.36717032775917074,27.5,0.18625528280688833,0.5218571908788955,0.052672234065796505,-0.7270185249345321,0.9486909100911086,1.0,0.8863636363636364,False,0.3671703277591707,0.6328296722408293,False
Rq_nm,6101,6072,1.470114827156067,2.40991891525245,0.9398040880963832,0.014830182176721163,0.100163772911111,0.07357551431637091,0.0918926526335088,0.35957560747516615,0.25,0.75,0.4330127018922193,37.5,0.06063242419766278,0.17376332916390425,0.8005606880802852,-0.13721243117602985,0.44907710133774154,1.0,0.4318181818181818,False,0.4330127018922193,0.5669872981077807,False
Rq_nm,6101,6078,2.0597975274126674,3.1113765191815332,1.0515789917688658,0.0,0.11760020635768716,0.13232003941576292,0.13600071162759406,0.4914001219920725,0.11363636363636363,0.8863636363636364,0.31736909190383955,39.25,0.07039722679963427,0.1951329692170054,-0.4159783689232691,-1.1359140521742157,1.0,1.0,0.5681818181818182,False,0.31736909190383955,0.6826309080961604,False
Rq_nm,6101,6080,4.336027222470414,2.20554873588062,2.1304784865897943,0.09813363383939766,0.1312003890487683,0.17556621328350358,0.16686468291549944,0.5845311376635323,0.5227272727272727,0.9318181818181818,0.6979160242174585,39.5,0.001661014319815392,0.005183036885766823,1.746934815746694,1.0808682001480563,0.1743074097741565,0.33930081671097695,0.022727272727272728,False,0.6979160242174585,0.30208397578254154,False
Rq_nm,6101,6081,3.181477069854736,3.9094360314688528,0.7279589616141169,0.09040422642807489,0.10344633063971317,0.1032408916848651,0.19195210579913496,0.5979010041184676,0.4772727272727273,0.7954545454545454,0.616156441442089,37.75,0.042376356355315066,0.11784122140252418,-0.5806737014833899,-0.42456792085813044,1.0,1.0,0.38636363636363635,False,0.616156441442089,0.38384355855791097,False
Rq_nm,6101,6082,1.863613247871399,2.9563956999906074,1.0927824521192084,0.15610068577151992,0.1171972710375948,0.315093038623539,0.2649599768980921,1.1037292568893253,0.7954545454545454,0.5681818181818182,0.6722817935340473,32.0,0.031869339291948545,0.08796698208812703,1.6369626145605678,0.9047836727210534,0.19457013015536556,0.4046294080146984,0.11363636363636363,False,0.6722817935340473,0.32771820646595273,False
Rq_nm,6101,6084,1.9596685775258929,3.1307483808892047,1.1710798033633119,0.0005423453829078717,0.10564057559806184,0.10835771354254509,0.14151725325785136,0.5280044236830599,0.1590909090909091,0.4318181818181818,0.26210369533342714,31.0,0.011929109418734136,0.03625667964300194,-0.2672289393731426,-1.5296005566256858,1.0,1.0,0.06818181818181818,False,0.26210369533342714,0.7378963046665729,False
Rq_nm,6101,6085,3.1255097083820487,4.174606772210817,1.0490970638287682,0.1875613441973396,0.29269990060541073,0.6388729649558683,0.5682380862565545,2.0106377805844073,0.8409090909090909,0.4772727272727273,0.6335163574893797,31.25,0.03764982580845559,0.11021438679576634,-1.5508059005383157,-0.23430394566642018,1.0,1.0,0.25,False,0.6335163574893797,0.36648364251062027,False
Rq_nm,6101,6090,4.685108184814453,3.8428400483361003,0.8422681364783529,0.05173353882016141,0.47263381187318,0.2048039766700727,0.38060805577305595,1.5386708327553467,0.38636363636363635,0.022727272727272728,0.09370694603676501,25.25,0.1171147781369232,0.342644331096037,-0.4696865251179307,2.1228821930237753,1.0,0.11968617226406486,0.7045454545454546,False,0.093706946036765,0.906293053963235,False
Rq_nm,6101,6094,4.092223385079066,3.1944447664515145,0.8977786186275516,0.05735931194223598,0.23134331667964222,0.2003634386794746,0.22999296183226184,0.8253512137087653,0.4318181818181818,0.3409090909090909,0.38368052309395756,30.0,0.039367276012949794,0.11683812943874661,1.0104576365357447,0.9914116683320698,0.3640523377930512,0.37105251804064177,0.3409090909090909,False,0.3836805230939575,0.6163194769060425,False
Rq_nm,6101,6095,9.867135047912596,6.940286862665455,2.926848185247141,0.11951283643988919,0.732458860512997,0.26925583022354105,0.5374259053767243,1.6547402702303788,0.6136363636363636,0.25,0.39167472590032015,28.75,0.09252329111135839,0.2670510051485102,0.4017218747955358,0.14207887164547922,0.6691668319734677,0.8675528284683128,0.6136363636363636,False,0.39167472590032015,0.6083252740996798,False
Rq_nm,6101,6099,10.321437835693361,6.865304773318253,3.456133062375108,0.39680333696201764,0.3084105457046728,0.5589602003160492,0.4738925527090627,1.470674917923338,0.9772727272727273,0.4318181818181818,0.6496184512707478,31.0,0.1802211623598134,0.4811557821493295,1.1609343014420461,-0.4103340521488265,0.3131934270731942,1.0,0.8409090909090909,False,0.6496184512707478,0.3503815487292522,False
FSMI_nm,6022,6028,4.936413231860014,3.4035163760633202,1.5328968557966935,0.07463162257565825,0.10403021069814122,0.7041237810259681,0.5668297414853348,2.1072174146771507,0.7045454545454546,0.29545454545454547,0.4562468159064712,30.0,0.09858427364624818,0.26529576486237905,-0.987396698732128,1.569674703643082,1.0,0.2081128697055426,0.38636363636363635,False,0.4562468159064712,0.5437531840935288,False
FSMI_nm,6022,6029,2.2241852747386375,1.74193265224953,0.4822526224891075,0.03276555772088208,0.3470608704417369,0.05755357142316432,0.23990289517085533,1.0044429232472996,0.5681818181818182,0.5681818181818182,0.5681818181818182,33.5,3.2816696071922458,9.97656149745702,-0.43838319942269605,140.77428491977426,1.0,7.286263373770772e-62,0.9772727272727273,True,0.9772727272727273,0.022727272727272707,False
FSMI_nm,6022,6033,2.1349665471520227,2.481033424918211,0.34606687776618816,0.048955616604184016,0.1313733542198802,0.18897719844963698,0.19288653271591522,0.7219070809992085,0.6136363636363636,0.9772727272727273,0.7743965926091282,40.25,0.12436079931003209,0.35733418624714886,-1.062822262298683,2.27747040094393,1.0,0.10254327227615082,0.5227272727272727,False,0.7743965926091282,0.2256034073908718,False
FSMI_nm,6022,6047,2.946047980770432,2.62860432157588,0.3174436591945522,0.0,0.15598350357220653,0.0365940646080885,0.1596332290680615,0.5748670006874002,0.3409090909090909,0.4772727272727273,0.4033690761204284,31.5,0.1375446366817833,0.38569831555101997,-0.6299949535965006,-0.8355942518894526,1.0,1.0,0.6590909090909091,False,0.4033690761204284,0.5966309238795716,False
FSMI_nm,6022,6048,1.9658126479353135,3.968155068994807,2.0023424210594936,0.3839814901416436,0.5891521059055596,1.2108029292594755,1.1091158819427382,3.6283468389541804,0.9318181818181818,0.11363636363636363,0.32540502416537165,27.25,0.11821116968935376,0.3279727761449357,0.9040515885231797,0.7403075607437848,0.4049257392667796,0.4769671965739575,0.4772727272727273,False,0.32540502416537165,0.6745949758346284,False
FSMI_nm,6022,6056,2.6635524818908394,2.2472759067968653,0.4162765750939741,0.0,0.15285349040075485,0.39837494236861926,0.361233656167224,1.2000400363392074,0.3409090909090909,0.6136363636363636,0.4573775408522297,34.5,0.04092589653740496,0.11687067657314865,-1.1336103076237098,-0.33159837619662946,1.0,1.0,0.11363636363636363,False,0.4573775408522297,0.5426224591477703,False
FSMI_nm,6022,6057,4.20513929744002,1.0836792527165238,3.1214600447234964,0.0,0.07077607239475656,0.03347637520550646,0.05536082066699546,0.18423121524971187,0.3409090909090909,0.7954545454545454,0.5207472380631636,39.0,0.1788542511870351,0.48096685347156176,0.058043858464054854,-0.2688401212744013,0.9436085613070712,1.0,0.75,False,0.5207472380631636,0.4792527619368364,False
FSMI_nm,6022,6062,2.919662839275907,4.520394365349348,1.6007315260734405,0.02410334464510555,0.3808668233850553,0.30905487344177207,0.429270712389021,1.6483343973348106,0.5227272727272727,0.7045454545454546,0.6068649964917585,37.5,0.12482010051723161,0.3452836251549456,-0.9712081331824363,0.20784850254203294,1.0,0.8123300933344912,0.5681818181818182,False,0.6068649964917585,0.3931350035082415,False
FSMI_nm,6022,6063,4.880341349767348,4.945368098676187,0.06502674890883942,0.20794778317940565,0.5640839923345677,0.8638450657768274,0.7871012770356449,2.5487799941696823,0.8863636363636364,0.06818181818181818,0.24583304150890833,27.0,0.21571804819829216,0.6476545963665439,0.16013151124052566,5.541906523208676,0.8520317298480965,0.003919047955356235,0.8409090909090909,False,0.24583304150890828,0.7541669584910917,False
FSMI_nm,6022,6070,2.619825980056949,1.8845923661141035,0.7352336139428455,0.11518596664155334,0.5314824159004748,0.06064661792568339,0.37112493311251876,1.467423984676272,0.8409090909090909,0.1590909090909091,0.3657608395325246,27.5,0.16344784866852188,0.4566990252648132,0.1657866717651136,-0.5475057357782969,0.8472269523428635,1.0,0.7045454545454546,False,0.3657608395325246,0.6342391604674754,False
FSMI_nm,6022,6072,1.4268805447108657,1.574800999170096,0.1479204544592303,0.0,0.05713051464133634,0.036514559612185186,0.049964649256435165,0.17575696557190712,0.3409090909090909,0.7045454545454546,0.49008769665563234,37.5,0.12889025860587558,0.35577975611048585,1.0265617651184116,-0.02476348633636509,0.3582365469460397,1.0,0.6136363636363636,False,0.49008769665563234,0.5099123033443677,False
FSMI_nm,6022,6078,1.7124178830987482,2.586849434670114,0.8744315515713659,0.012422139929308074,0.12134069188309146,0.1083968309176177,0.12295510276882032,0.38506751920027504,0.4318181818181818,0.8863636363636364,0.6186662540371,39.25,0.044955888727775305,0.13809034614055882,-0.3528465035980547,-1.3703277892397514,1.0,1.0,0.1590909090909091,False,0.6186662540371,0.38133374596290004,False
FSMI_nm,6022,6080,3.8146875917994394,2.0374661686527933,1.777221423146646,0.08724040607749473,0.11065982391141352,0.13881254578901145,0.13260443759529297,0.38930576740495626,0.75,0.9318181818181818,0.8359806435340691,39.5,0.07889951405434747,0.2251763069468773,2.3193135044291706,1.3440499199066218,0.09834107314790787,0.2607873590755644,0.29545454545454547,False,0.8359806435340691,0.1640193564659309,False
FSMI_nm,6022,6081,2.064223001846959,3.161303532553414,1.0970805307064548,0.0,0.07518836972487285,0.12493632241741659,0.14290690890262575,0.503247550515884,0.3409090909090909,0.75,0.5056498968474316,37.75,0.0753643982605857,0.2014409174775158,-0.6274243229938209,-0.4113335308408465,1.0,1.0,0.25,False,0.5056498968474316,0.49435010315256844,False
FSMI_nm,6022,6082,1.569797187543049,2.2793487240667467,0.7095515365236977,0.07168850806910054,0.09570329630541971,0.24209857319338113,0.21049133601016334,0.8675274524014813,0.6590909090909091,0.5227272727272727,0.586962344097498,32.0,0.021007575630310246,0.06452614705624393,1.737538402836095,1.3554111326346365,0.17595299335344988,0.2578412656984942,0.06818181818181818,False,0.586962344097498,0.41303765590250197,False
FSMI_nm,6022,6084,1.6004098868850862,2.434234115288264,0.8338242284031776,0.01866482667902858,0.06525533047642365,0.10440742142901585,0.11507875673482719,0.3991214986370233,0.4772727272727273,0.38636363636363635,0.42941917335661783,31.0,0.0033583461182000274,0.00971664340149081,-0.30508659324574194,-1.5449659194612781,1.0,1.0,0.022727272727272728,False,0.42941917335661783,0.5705808266433822,False
FSMI_nm,6022,6085,2.455030747789686,3.5223331209200293,1.0673023731303433,0.1086659540339161,0.25703562757208337,0.5466110428242359,0.4862167524883302,1.7273657809533511,0.7954545454545454,0.4318181818181818,0.5860816799194376,31.25,0.10286800307934006,0.29811866309058366,-2.090861367809391,-0.5042086477559778,1.0,1.0,0.4318181818181818,False,0.5860816799194376,0.4139183200805624,False
FSMI_nm,6022,6090,3.1749521180513365,3.1452773706956587,0.029674747355677766,0.0,0.356443568409308,0.1707743333374702,0.28984944278729874,1.2016571664476405,0.3409090909090909,0.022727272727272728,0.08802234877744129,25.25,0.0746523471885171,0.22400466348023473,-0.4220079872448695,2.2031563340152536,1.0,0.11045397793951116,0.20454545454545456,False,0.0880223487774413,0.9119776512225587,False
FSMI_nm,6022,6094,3.616631849567126,3.969629618142713,0.35299776857558696,0.0,0.30258878063449796,0.1804379395630157,0.2502351763055488,0.9327020085361375,0.3409090909090909,0.29545454545454547,0.31736909190383955,30.0,0.19214866266557765,0.5432402723897655,0.27807984928305984,0.9364290688658982,0.7572363543202373,0.3920252339798554,0.7954545454545454,False,0.31736909190383955,0.6826309080961604,False
FSMI_nm,6022,6095,8.567125493610352,5.675804270978082,2.8913212226322695,0.0,0.6916163752752273,0.17529919856156018,0.49755733558004767,1.7167932132926236,0.3409090909090909,0.20454545454545456,0.26406704633232386,28.75,0.08622792866561213,0.2528080700177562,0.31546574013949413,0.4064058792989228,0.7294490614353343,0.6660397807971462,0.3409090909090909,False,0.2640670463323238,0.7359329536676762,False
FSMI_nm,6022,6099,9.324230493376989,6.3098376601314685,3.0143928332455205,0.4817698127037797,0.29144710990273837,0.5028375021318942,0.44123253294913356,1.4812446888761501,0.9772727272727273,0.38636363636363635,0.6144775379361715,31.0,0.2263837354112798,0.6180100884669666,1.237131177867517,-0.35033402421692794,0.29021560176422423,1.0,0.8863636363636364,False,0.6144775379361715,0.38552246206382845,False
FSMI_nm,6022,6101,0.8380821497217993,1.35688540100879,0.5188032512869908,0.0036300966799689416,0.027250254245705395,0.069161722302616,0.05795772412872184,0.22301087104195383,0.38636363636363635,0.8863636363636364,0.5851996904356243,39.25,0.24392026284412907,0.6535504737683234,0.2140762106715889,-0.03637290313748266,0.8072868588045596,1.0,0.9318181818181818,False,0.5851996904356243,0.41480030956437575,False
FSMI_nm,6028,6022,1.283204177965711,1.934294190892575,0.651090012926864,0.6578687882237251,0.2854667723169828,0.7568015180818565,0.638399216505903,1.7970716630430474,0.9772727272727273,0.11363636363636363,0.3332472340594359,27.0,0.09568760465984848,0.286062768765771,4.5614492092322685,48.74967748114875,0.010446908211959047,6.734169995116221e-22,0.4772727272727273,False,0.3332472340594359,0.6667527659405641,False
FSMI_nm,6028,6029,2.2241852747386375,1.644263397360275,0.5799218773783625,0.03724797315000772,0.31198941385922535,0.03976733683704756,0.21322059858193618,0.890387523657892,0.5227272727272727,0.5681818181818182,0.5449808549219,33.5,0.09251952073171185,0.24631393877533014,-0.7083984719528023,62.80557804690572,1.0,5.295220159420668e-28,0.4318181818181818,False,0.5449808549219,0.45501914507810004,False
FSMI_nm,6028,6033,2.1349665471520227,2.827853960751463,0.6928874135994403,0.01083063455141664,0.17711608440301627,0.22463737482103013,0.2488366301634329,1.0034891334181295,0.29545454545454547,0.9772727272727273,0.5373450189789495,40.25,0.09010009264773164,0.24750597777249783,-1.018168932908676,2.056249091087362,1.0,0.1279329358437134,0.38636363636363635,False,0.5373450189789495,0.4626549810210505,False
FSMI_nm,6028,6047,2.946047980770432,2.868685190828832,0.07736278994160006,0.0,0.13923823738105165,0.029275808052725817,0.1520774100109824,0.47552563254042557,0.1590909090909091,0.4772727272727273,0.27555353756777595,31.5,0.14567634024922602,0.4021640844065495,-1.0854753697895743,-0.909898666221916,1.0,1.0,0.75,False,0.275553537567776,0.724446462432224,False
FSMI_nm,6028,6048,1.9658126479353135,1.860284864450515,0.10552778348479852,0.126855951417562,0.36830444997421036,0.48080348994648103,0.45668364990053656,1.3386635832355598,0.75,0.1590909090909091,0.3454246398538787,27.25,0.12232477048055403,0.3280951496632232,1.8207806897127228,0.7468446055765067,0.16189930845952197,0.4738594095647896,0.6590909090909091,False,0.3454246398538787,0.6545753601461213,False
FSMI_nm,6028,6056,2.6635524818908394,2.049926103429634,0.6136263784612055,0.0,0.1511962762664143,0.3762048657153614,0.3452697297746066,1.099081040155967,0.1590909090909091,0.6136363636363636,0.3124483428378982,34.5,0.05994265831099739,0.17800535169547582,-1.3305092669028873,-0.4947115137417828,1.0,1.0,0.25,False,0.31244834283789813,0.6875516571621019,False
FSMI_nm,6028,6057,4.20513929744002,1.0189647963840214,3.1861745010559988,0.011882435528098867,0.07309378761505265,0.026031669822556017,0.054108046223355764,0.18753114720048603,0.3409090909090909,0.7954545454545454,0.5207472380631636,39.0,0.3367989754551017,0.9129605027588854,-0.07578472390406392,-0.17754505242732788,1.0,1.0,0.9772727272727273,True,0.9772727272727273,0.022727272727272707,False
FSMI_nm,6028,6062,2.919662839275907,4.063170697206245,1.143507857930338,0.02521131949322175,0.36986457920218,0.20578047586576367,0.3815686287271839,1.4403385763883647,0.4772727272727273,0.7045454545454546,0.5798795828260489,37.5,0.09733356838231919,0.27200532585841186,-0.23823071822900443,0.10530619139722165,1.0,0.9000488931625746,0.5681818181818182,False,0.5798795828260489,0.4201204171739511,False
FSMI_nm,6028,6063,4.880341349767348,4.9234810817636125,0.04313973199626453,0.25769251734018184,0.40515642338584157,0.8602389196448371,0.7292430734133523,2.498142306032552,0.8863636363636364,0.11363636363636363,0.31736909190383955,27.0,0.13746020441417892,0.40973862494348556,-0.0051538659564274066,4.623033930215991,1.0,0.009822948665857277,0.7045454545454546,False,0.31736909190383955,0.6826309080961604,False
FSMI_nm,6028,6070,2.619825980056949,1.7116435079768078,0.9081824720801412,0.10400236806530971,0.08792834454664697,0.04285367586198922,0.0700376326952523,0.24106591482289796,0.7045454545454546,0.20454545454545456,0.3796202974656833,27.5,0.19771286082806652,0.5402685191221136,-0.15181175174056846,-0.7083136683724285,1.0,1.0,0.8863636363636364,False,0.37962029746568327,0.6203797025343167,False
FSMI_nm,6028,6072,1.4268805447108657,1.9206301130461307,0.49374956833526507,0.009125671475252561,0.06863915232257738,0.049939026024634674,0.06343459434322862,0.2451287219835303,0.25,0.7045454545454546,0.41968602983225883,37.5,0.09731504766593788,0.2759802289035207,0.7603945984216989,0.04532345195927266,0.467481922980823,0.9556883125779374,0.5227272727272727,False,0.4196860298322589,0.5803139701677411,False
FSMI_nm,6028,6078,1.7124178830987482,2.630755805831138,0.9183379227323898,0.00013043285851699338,0.12545807667463038,0.12794955015705803,0.13741618785803233,0.48532400000166387,0.20454545454545456,0.8863636363636364,0.42579531807261806,39.25,0.035797570012625374,0.10827540017343007,-0.3630064948011624,-1.1290329715904157,1.0,1.0,0.1590909090909091,False,0.42579531807261806,0.5742046819273819,False
FSMI_nm,6028,6080,3.8146875917994394,1.9544159768965075,1.860271614902932,0.10059688221611629,0.11217697243098466,0.1525620735759769,0.1441462978998054,0.5045679130187015,0.6590909090909091,0.9318181818181818,0.783679074980303,39.5,0.030171035125186273,0.0842452809778651,1.6602392183738572,1.4257319322447657,0.19009350080385246,0.24033249171644147,0.06818181818181818,False,0.783679074980303,0.21632092501969702,False
FSMI_nm,6028,6081,2.064223001846959,3.5661507327715567,1.5019277309245975,0.05723578104588167,0.11325349098351432,0.092429279737603,0.18988911950009366,0.5731903522006805,0.6136363636363636,0.75,0.6784005252999681,37.75,0.036865217619607815,0.10099550920917366,-0.6660315370708474,-0.23498096129818682,1.0,1.0,0.20454545454545456,False,0.6784005252999681,0.3215994747000319,False
FSMI_nm,6028,6082,1.569797187543049,2.607058827160131,1.037261639617082,0.13121752380128715,0.09970373127853438,0.26722564010006467,0.22746383325099437,0.9475597692761168,0.7954545454545454,0.5227272727272727,0.6448300435959594,32.0,0.02257313171441587,0.06793480225088622,1.5815402622114276,1.2711038000309312,0.20565808674768082,0.2805218108416906,0.022727272727272728,False,0.6448300435959594,0.3551699564040406,False
FSMI_nm,6028,6084,1.6004098868850862,2.6770302358063476,1.0766203489212613,0.02132596522586283,0.10775159170561091,0.08675942169821373,0.12689012807985878,0.4929454671895046,0.4318181818181818,0.38636363636363635,0.4084591080820779,31.0,0.030642971071714088,0.09246868583196333,-0.4453823205982996,-1.5970208581034857,1.0,1.0,0.11363636363636363,False,0.40845910808207786,0.5915408919179221,False
FSMI_nm,6028,6085,2.455030747789686,3.4247659067454,0.9697351589557139,0.1582048578793711,0.24835175336369936,0.5397759377649041,0.47945252856460085,1.6705274892923914,0.8409090909090909,0.4318181818181818,0.6025942537983114,31.25,0.09980238200167821,0.28957643689826107,-1.1713664420483483,-0.49433318329317727,1.0,1.0,0.6136363636363636,False,0.6025942537983114,0.39740574620168856,False
FSMI_nm,6028,6090,3.1749521180513365,3.3168861269688565,0.14193400891752006,0.05682994306475875,0.43626098126910284,0.20851435479582145,0.36021449973379926,1.4685617671803248,0.5681818181818182,0.022727272727272728,0.11363636363636365,25.25,0.16227946537231855,0.44166868263899095,-0.6621783242970078,2.445618953072315,1.0,0.08667247210317393,0.8409090909090909,False,0.11363636363636365,0.8863636363636364,False
FSMI_nm,6028,6094,3.616631849567126,3.3311595308317212,0.2854723187354047,0.0,0.3136750450230981,0.18109779355746894,0.2585909893243734,0.9206814070314966,0.1590909090909091,0.29545454545454547,0.21680436395839675,30.0,0.07802237945189942,0.20832739648190535,0.8213697853338998,0.9758057836293543,0.4398287706900428,0.37688854055974885,0.29545454545454547,False,0.21680436395839675,0.7831956360416032,False
FSMI_nm,6028,6095,8.567125493610352,5.976798997125903,2.5903264964844483,0.017326125499897316,0.6630989002034458,0.23942833196692112,0.4858269193294926,1.5360221013674238,0.38636363636363635,0.25,0.3107907802540305,28.75,0.08821646000314665,0.25690444082902664,0.11975638537951953,0.17363131190043282,0.8871365298233961,0.8406067622428837,0.3409090909090909,False,0.3107907802540305,0.6892092197459695,False
FSMI_nm,6028,6099,9.324230493376989,5.00778205275798,4.316448440619009,0.32318328771447913,0.2524837314888145,0.38019483134580345,0.3313934009363376,1.03086901326644,0.9318181818181818,0.38636363636363635,0.6000172173838221,31.0,0.15963010582522077,0.43278010104725295,1.4169690992717174,-0.2739765862086266,0.24244773944530223,1.0,0.7954545454545454,False,0.6000172173838221,0.3999827826161779,False
FSMI_nm,6028,6101,0.8380821497217993,1.1631639790110044,0.32508182928920515,0.0,0.04220076791343591,0.056418935763190875,0.0537809747051835,0.17197763697229473,0.1590909090909091,0.8863636363636364,0.37551617367859785,39.25,0.27413889373283357,0.7343875203612645,0.11398892234425402,-0.03190886688845442,0.8922678400636269,1.0,0.9318181818181818,False,0.3755161736785979,0.6244838263214021,False
FSMI_nm,6029,6022,1.283204177965711,1.8103031478628855,0.5270989698971744,0.7678571723090741,0.3266004485006059,0.8250606661696058,0.6918599841841064,1.9537685249062398,0.9772727272727273,0.11363636363636363,0.3332472340594359,27.0,2.210460463496407,6.768177069943134,3.21784662852082,101.02888560150369,0.040041189046067335,1.3295738671220898e-44,0.9772727272727273,True,0.9772727272727273,0.022727272727272707,False
FSMI_nm,6029,6028,4.936413231860014,3.3170272797408358,1.619385952119178,0.1439703169532991,0.20463521125939246,0.7337402969784022,0.599587477192049,2.123638616356544,0.7045454545454546,0.3409090909090909,0.49008769665563234,30.0,0.08411748294708689,0.22864250041641654,-0.92513914859154,1.3670998820057616,1.0,0.25484496935915635,0.29545454545454547,False,0.49008769665563234,0.5099123033443677,False
FSMI_nm,6029,6033,2.1349665471520227,2.7670264641859452,0.6320599170339225,0.011836014161581865,0.19026547802817054,0.2288477771781574,0.25581512078335616,1.0390423221339957,0.38636363636363635,0.9772727272727273,0.6144775379361715,40.25,0.09532832310249473,0.28143051871366653,-0.925616820549836,2.0584525007593983,1.0,0.12765135750564235,0.38636363636363635,False,0.6144775379361715,0.38552246206382845,False
FSMI_nm,6029,6047,2.946047980770432,2.9092178051238906,0.03683017564654145,0.0,0.14671110160508674,0.02822848614203679,0.15812167488631915,0.5146389438463888,0.20454545454545456,0.5227272727272727,0.32698851295313996,31.5,0.1572861971205458,0.4412402756644104,-0.3727191740944005,-0.9361710869712306,1.0,1.0,0.7045454545454546,False,0.32698851295314,0.67301148704686,False
FSMI_nm,6029,6048,1.9658126479353135,1.8516253972454657,0.11418725068984781,0.15401765853388616,0.35439771788469737,0.5078421511213361,0.4706905106758215,1.4284227503199558,0.7954545454545454,0.1590909090909091,0.35573808732951195,27.25,0.13063100910401107,0.36882035802760926,1.5846179145195904,0.8085967750353279,0.20502611565478865,0.4454827403438608,0.6590909090909091,False,0.35573808732951195,0.644261912670488,False
FSMI_nm,6029,6056,2.6635524818908394,2.082375322026535,0.5811771598643043,0.0,0.16305960875199177,0.40787224399727784,0.3742188030754089,1.1898907387241375,0.20454545454545456,0.6136363636363636,0.35428311972999765,34.5,0.07444130214614475,0.20585773055401235,-0.5444458415515708,-0.40079480452849864,1.0,1.0,0.20454545454545456,False,0.3542831197299976,0.6457168802700024,False
FSMI_nm,6029,6057,4.20513929744002,1.007787895686671,3.197351401753349,0.008351034085173792,0.0744026628858817,0.026376029270968628,0.05517308370780436,0.19397961512311612,0.29545454545454547,0.7954545454545454,0.4847892956295805,39.0,0.34855150570221993,0.9419218930482643,-0.12767888899868296,-0.40008906855771126,1.0,1.0,0.9318181818181818,False,0.4847892956295805,0.5152107043704195,False
FSMI_nm,6029,6062,2.919662839275907,4.3584559673476075,1.4387931280717003,0.08817765443634773,0.45449518068075195,0.2378685964572671,0.4352622538267083,1.6668080095243925,0.5681818181818182,0.7045454545454546,0.632700495776139,37.5,0.09386114271713532,0.26214870167585747,-1.0480044715465904,0.17686232256217224,1.0,0.8378951358376454,0.3409090909090909,False,0.632700495776139,0.36729950422386104,False
FSMI_nm,6029,6063,4.880341349767348,5.162654899451714,0.28231354968436584,0.31217458308189094,0.44808253816393073,0.9373565482310326,0.7949690378383203,2.7018115929727413,0.8863636363636364,0.11363636363636363,0.31736909190383955,27.0,0.21576812801105918,0.6390963122645482,0.024568831748234866,5.0093700530076495,0.9757305253690743,0.0066751069456252865,0.8409090909090909,False,0.31736909190383955,0.6826309080961604,False
FSMI_nm,6029,6070,2.619825980056949,1.6759733475055514,0.9438526325513976,0.09582529685644792,0.0996058940081798,0.044104867804869975,0.07509501097862957,0.2744578427536468,0.6136363636363636,0.20454545454545456,0.35428311972999765,27.5,0.2090323692572488,0.5833077906581354,-0.034268588461652066,-0.48071868695431386,1.0,1.0,0.7954545454545454,False,0.3542831197299976,0.6457168802700024,False
FSMI_nm,6029,6072,1.4268805447108657,1.7661816689648706,0.33930112425400494,0.010703942067628036,0.05875402590626095,0.047068061998709415,0.05751128498050638,0.22460467321406452,0.3409090909090909,0.7045454545454546,0.49008769665563234,37.5,0.10723916904943415,0.2972467298445798,0.6197301252139369,-0.022863220819544706,0.5380896348263389,1.0,0.4772727272727273,False,0.49008769665563234,0.5099123033443677,False
FSMI_nm,6029,6078,1.7124178830987482,2.5066937668252196,0.7942758837264714,0.0,0.1273194537414583,0.12419235305027124,0.13595704580325482,0.4893565441173324,0.20454545454545456,0.8863636363636364,0.42579531807261806,39.25,0.0667865516316433,0.19717298693745355,-0.3684609189226984,-1.2180097963779322,1.0,1.0,0.1590909090909091,False,0.42579531807261806,0.5742046819273819,False
FSMI_nm,6029,6080,3.8146875917994394,2.0830270049198805,1.731660586879559,0.10403978550493109,0.11454417587751715,0.1623507074104537,0.15097925429277992,0.5124659698024676,0.6590909090909091,0.9318181818181818,0.783679074980303,39.5,0.1033604593459965,0.28782076460031025,1.7283158933338671,1.8564695666640394,0.1775832273760765,0.15622319350311845,0.4318181818181818,False,0.783679074980303,0.21632092501969702,False
FSMI_nm,6029,6081,2.064223001846959,3.413603841421201,1.3493808395742417,0.07305830270478086,0.11176920207232369,0.09010932587459258,0.19008222212933862,0.587158203114289,0.5227272727272727,0.75,0.6261353324525414,37.75,0.060530750781993686,0.16492741766526908,-0.6179463928634086,-0.3746942118701824,1.0,1.0,0.11363636363636363,False,0.6261353324525414,0.3738646675474586,False
FSMI_nm,6029,6082,1.569797187543049,2.722592343445236,1.152795155902187,0.14979690532904177,0.09727634788857029,0.31143847040802286,0.2602875219373872,1.094066072102797,0.75,0.5681818181818182,0.6527912098338668,32.0,0.05155835124848778,0.15604613973848047,1.4865428356267958,1.188061086513213,0.22615315423362795,0.3048116949908398,0.06818181818181818,False,0.6527912098338668,0.34720879016613315,False
FSMI_nm,6029,6084,1.6004098868850862,2.6705629302782325,1.0701530433931463,0.00407657982608578,0.1248739710968062,0.09534699721070831,0.14206392575035176,0.5549516502378999,0.25,0.4318181818181818,0.32856437033638547,31.0,0.0228259342660177,0.0657980297202686,-0.30826477118941287,-1.3937114080301498,1.0,1.0,0.022727272727272728,False,0.3285643703363854,0.6714356296636146,False
FSMI_nm,6029,6085,2.455030747789686,3.6258800213997056,1.1708492736100196,0.18991206083463652,0.27135305289653905,0.6058973124410325,0.533442667290574,1.8763128549164612,0.8409090909090909,0.4772727272727273,0.6335163574893797,31.25,0.11224317464248564,0.32856382172653553,-1.840628498100531,-0.34439839995198596,1.0,1.0,0.5227272727272727,False,0.6335163574893797,0.36648364251062027,False
FSMI_nm,6029,6090,3.1749521180513365,3.314646528367886,0.1396944103165496,0.05355109225661181,0.48870305479580095,0.21786900261416303,0.3955487070102073,1.5938513808979442,0.4318181818181818,0.022727272727272728,0.09906588508046986,25.25,0.08285743739033594,0.24589792359572948,-0.5046620891124052,2.054697784464384,1.0,0.12813155307266422,0.25,False,0.09906588508046987,0.9009341149195301,False
FSMI_nm,6029,6094,3.616631849567126,3.379613253848477,0.23701859571864903,0.0,0.30522469205435665,0.18132706729240503,0.2557637910154502,0.9049593201596839,0.20454545454545456,0.3409090909090909,0.26406704633232386,30.0,0.12457620188947037,0.35896270102575245,0.9116115055281714,0.7590428105829076,0.4018760764083907,0.46811428667364324,0.6136363636363636,False,0.2640670463323238,0.7359329536676762,False
FSMI_nm,6029,6095,8.567125493610352,6.417000663332178,2.1501248302781732,0.0691846875363904,0.8184559060476451,0.2762646756770997,0.593930946172731,1.868306853079007,0.4772727272727273,0.25,0.3454246398538787,28.75,0.11862241078273444,0.34204972242287535,0.16394189124544378,0.3334612886847481,0.8487913426550082,0.7164396324236252,0.5681818181818182,False,0.3454246398538787,0.6545753601461213,False
FSMI_nm,6029,6099,9.324230493376989,5.17845433993013,4.145776153446859,0.35040516699237845,0.2653347271891715,0.44947564073659646,0.3839416843527835,1.1275250927495017,0.9318181818181818,0.4318181818181818,0.6343311698614937,31.0,0.161730515307036,0.4432399788338073,0.8031334886094126,-0.41401185968565546,0.4479232005485827,1.0,0.75,False,0.6343311698614937,0.36566883013850626,False
FSMI_nm,6029,6101,0.8380821497217993,1.125803165482191,0.28772101576039166,0.0,0.04633183779004581,0.05402152979156492,0.05387280253110662,0.16663676896375557,0.20454545454545456,0.8863636363636364,0.42579531807261806,39.25,0.29160937009924304,0.7792277063446422,0.6366586854695794,-0.08043705572171296,0.5290572206095847,1.0,0.8863636363636364,False,0.42579531807261806,0.5742046819273819,False
FSMI_nm,6033,6022,1.283204177965711,1.9301042218124924,0.6469000438467813,0.7271867784882078,0.3119450698187651,0.8127973322423798,0.6830189073876879,1.9286528091440778,0.9772727272727273,0.11363636363636363,0.3332472340594359,27.0,0.08768351228602624,0.252124504676477,3.334723016910322,59.03047152750977,0.03562445221579341,2.308829971415242e-26,0.38636363636363635,False,0.3332472340594359,0.6667527659405641,False
FSMI_nm,6033,6028,4.936413231860014,3.335186202671244,1.6012270291887698,0.13018907481403152,0.20409638677472391,0.7175610031668783,0.5866331840009253,2.057258753295766,0.7045454545454546,0.3409090909090909,0.49008769665563234,30.0,0.08808195176330066,0.23584873625734792,-0.8778677790121443,1.4377159707467906,1.0,0.23746952708576596,0.4318181818181818,False,0.49008769665563234,0.5099123033443677,False
FSMI_nm,6033,6029,2.2241852747386375,1.7250110872348166,0.4991741875038209,0.03893268822650775,0.3437597306780499,0.04072241064320238,0.2350011353871983,0.9722655738056163,0.38636363636363635,0.6136363636363636,0.48691557467337615,33.5,0.0850513584755896,0.24993681646009513,-0.6587617238943453,73.49299666687722,1.0,1.2089186821300626e-32,0.3409090909090909,False,0.4869155746733762,0.5130844253266238,False
FSMI_nm,6033,6047,2.946047980770432,3.0466191488748713,0.10057116810443922,0.0,0.14632891432810569,0.029099181418450273,0.15931269981127463,0.5106500667956211,0.20454545454545456,0.5227272727272727,0.32698851295313996,31.5,0.16715809229289402,0.46612975373397947,-1.0746348037869944,-1.1094101730948798,1.0,1.0,0.8409090909090909,False,0.32698851295314,0.67301148704686,False
FSMI_nm,6033,6048,1.9658126479353135,1.8552118231636627,0.11060082477165079,0.13974741070095242,0.35785070276226394,0.5047708955775384,0.4694819078042314,1.4097991298076886,0.75,0.1590909090909091,0.3454246398538787,27.25,0.1585939330510678,0.45193504659956196,1.082345431549136,0.5283295392863998,0.33879996092115067,0.5895890328466332,0.7954545454545454,False,0.3454246398538787,0.6545753601461213,False
FSMI_nm,6033,6056,2.6635524818908394,2.2008569135024585,0.4626955683883809,0.0,0.16593870060657084,0.43277929002295096,0.39362333809862904,1.2531373334592268,0.20454545454545456,0.6590909090909091,0.36717032775917074,34.5,0.07588047421542754,0.20386158247769037,-1.251702772711202,-0.4212196033079881,1.0,1.0,0.25,False,0.3671703277591707,0.6328296722408293,False
FSMI_nm,6033,6057,4.20513929744002,1.0254457103474097,3.1796935870926104,0.011380123022110444,0.07490054366332327,0.025919231347825072,0.05530189193652455,0.19414490853406285,0.25,0.8409090909090909,0.458505477314364,39.0,0.3250470851637219,0.8917619729072945,-0.2058351061111237,-0.2899612217488748,1.0,1.0,0.9772727272727273,True,0.9772727272727273,0.022727272727272707,False
FSMI_nm,6033,6062,2.919662839275907,4.428863367234632,1.5092005279587246,0.07008753195657835,0.44648547406032324,0.22995629522925484,0.43156259394625957,1.6541553505293494,0.4318181818181818,0.75,0.5690901829794961,37.5,0.11014179920189071,0.30415695671513987,-0.8540960589024521,0.2351948399263866,1.0,0.7904168298676773,0.5681818181818182,False,0.5690901829794961,0.4309098170205039,False
FSMI_nm,6033,6063,4.880341349767348,5.2536724896558225,0.37333113988847444,0.3256334377158794,0.44930615032834087,0.9328826372992548,0.7908337883395217,2.6452194750310776,0.8863636363636364,0.11363636363636363,0.31736909190383955,27.0,0.12129730286933318,0.3346088185128464,-0.17492630255462976,6.437462457478246,1.0,0.0016004627745252278,0.6590909090909091,False,0.31736909190383955,0.6826309080961604,False
FSMI_nm,6033,6070,2.619825980056949,1.7821621062442388,0.8376638738127102,0.09885671828597631,0.10267099032509139,0.04457304312339536,0.07639596422972664,0.28477097608512647,0.6136363636363636,0.20454545454545456,0.35428311972999765,27.5,0.19412260558149294,0.5319954005526891,-0.24120712048514056,-0.6047167075907969,1.0,1.0,0.8863636363636364,False,0.3542831197299976,0.6457168802700024,False
FSMI_nm,6033,6072,1.4268805447108657,1.8955934122853668,0.46871286757450115,0.014949314786389056,0.057505690069489364,0.05098746937130765,0.058612204461193085,0.22460143843346292,0.3409090909090909,0.75,0.5056498968474316,37.5,0.0982586441469944,0.2626414504742376,0.5206818041370926,-0.0025942911981475586,0.5941153395530863,1.0,0.5227272727272727,False,0.5056498968474316,0.49435010315256844,False
FSMI_nm,6033,6078,1.7124178830987482,2.604525522145554,0.8921076390468059,0.0,0.12755035278465093,0.12286713634015066,0.13473174599170878,0.47490410305946895,0.20454545454545456,0.9318181818181818,0.43657665255223965,39.25,0.04754378312701161,0.14788642022841036,-0.48022166358520735,-1.5824443428941017,1.0,1.0,0.11363636363636363,False,0.43657665255223965,0.5634233474477603,False
FSMI_nm,6033,6080,3.8146875917994394,2.0791476662488853,1.7355399255505541,0.09382607635700757,0.1137161000050652,0.16422816374520088,0.15303394518402438,0.5250151995666086,0.5681818181818182,0.9772727272727273,0.745163468670682,39.5,0.06267177331288877,0.16684984872763864,1.1156267916337026,1.342370801684001,0.3277098087464244,0.2612256197251681,0.20454545454545456,False,0.745163468670682,0.25483653132931805,False
FSMI_nm,6033,6081,2.064223001846959,3.6567446971729263,1.592521695325967,0.07153352141971148,0.12404839218927002,0.09132168465016206,0.20367894628621738,0.6127448734820007,0.4772727272727273,0.7954545454545454,0.616156441442089,37.75,0.051758274647153886,0.15765514482676846,-0.467857802591755,-0.4771140225516962,1.0,1.0,0.1590909090909091,False,0.616156441442089,0.38384355855791097,False
FSMI_nm,6033,6082,1.569797187543049,2.793391387340303,1.2235941997972541,0.14205734269741255,0.09290403295207811,0.3066847365355322,0.2557047749190326,1.074134822849787,0.7954545454545454,0.5681818181818182,0.6722817935340473,32.0,0.04276881590628572,0.12466078671722736,0.9423541343936576,1.4155340367473508,0.38970932650701673,0.2427959168787377,0.06818181818181818,False,0.6722817935340473,0.32771820646595273,False
FSMI_nm,6033,6084,1.6004098868850862,2.753387066283562,1.1529771793984755,0.012624318047434357,0.12585734499025936,0.08983795901590062,0.13986205229723545,0.5523705584783598,0.29545454545454547,0.4318181818181818,0.35718712830685706,31.0,0.0373983412566631,0.10021745226268164,-0.005319267372647481,-1.60364026981451,1.0,1.0,0.022727272727272728,False,0.35718712830685706,0.6428128716931429,False
FSMI_nm,6033,6085,2.455030747789686,3.7027536622625283,1.2477229144728423,0.1863813292403722,0.2733635317460706,0.6090040860167227,0.5354172749895248,1.8631404782270629,0.8409090909090909,0.4772727272727273,0.6335163574893797,31.25,0.13140814405703935,0.3637852015992661,-1.9143708803435298,-0.4945159514969262,1.0,1.0,0.7045454545454546,False,0.6335163574893797,0.36648364251062027,False
FSMI_nm,6033,6090,3.1749521180513365,3.388720344666385,0.21376822661504846,0.07431307134225795,0.4759488180506727,0.2200700424009422,0.3884509680221744,1.565706359807911,0.5227272727272727,0.022727272727272728,0.10899617098438,25.25,0.0792817951788899,0.23982689321784845,-0.4430846680367853,2.0461614614973542,1.0,0.12923000710088925,0.29545454545454547,False,0.10899617098437997,0.89100382901562,False
FSMI_nm,6033,6094,3.616631849567126,3.1582636697822757,0.4583681797848502,0.0,0.3192066717203108,0.18716192619976224,0.26320915698434494,0.926624378238865,0.20454545454545456,0.3409090909090909,0.26406704633232386,30.0,0.0890574524196681,0.25043858521680984,0.6151606046294685,1.1950089428574788,0.5405540728508809,0.3027012471559266,0.4772727272727273,False,0.2640670463323238,0.7359329536676762,False
FSMI_nm,6033,6095,8.567125493610352,6.374974367025808,2.1921511265845437,0.10976899638936644,0.77329775481261,0.282659569248813,0.5675501063012698,1.752974340217488,0.6590909090909091,0.25,0.40592207044299433,28.75,0.11668542507085745,0.33849987253595337,-0.05023401030270276,0.40934408724744814,1.0,0.6640856895881514,0.6136363636363636,False,0.40592207044299433,0.5940779295570057,False
FSMI_nm,6033,6099,9.324230493376989,5.208142280180801,4.116088213196188,0.3411022266287418,0.26910039466246943,0.4498123540420632,0.3850480612714689,1.1255461951500312,0.9318181818181818,0.4318181818181818,0.6343311698614937,31.0,0.15808027212336168,0.43970202827304394,0.5378406671955094,-0.5378108064246828,0.5840079593659447,1.0,0.75,False,0.6343311698614937,0.36566883013850626,False
FSMI_nm,6033,6101,0.8380821497217993,1.1789393912680088,0.34085724154620956,0.0,0.04783923228818515,0.058139437475158075,0.05718063095007561,0.1743038034223754,0.20454545454545456,0.9318181818181818,0.43657665255223965,39.25,0.24676532082029484,0.6796175565501987,-0.05525859414101806,0.05126927826274511,1.0,0.9500228155925351,0.9318181818181818,False,0.43657665255223965,0.5634233474477603,False
FSMI_nm,6047,6022,1.283204177965711,2.01528256005434,0.7320783820886287,0.7022160442127956,0.30316096274302784,0.8189576318782142,0.6886399709663447,1.9447833354787754,0.9772727272727273,0.11363636363636363,0.3332472340594359,27.0,0.08175062544934603,0.23657794238339047,3.367194333471026,83.78175524501918,0.034486258678151506,4.111932841751054e-37,0.4318181818181818,False,0.3332472340594359,0.6667527659405641,False
FSMI_nm,6047,6028,4.936413231860014,3.339606950205611,1.5968062816544029,0.1373062391591202,0.20058331541811933,0.7099716880923166,0.5803261715218716,2.036592468961757,0.7954545454545454,0.3409090909090909,0.5207472380631636,30.0,0.08212139061074383,0.2299942584089688,-1.1080750165425297,1.407279191643423,1.0,0.2448084547302913,0.4772727272727273,False,0.5207472380631636,0.4792527619368364,False
FSMI_nm,6047,6029,2.2241852747386375,1.7021466690744937,0.5220386056641437,0.03642418714316897,0.3427013491569971,0.0411295710609384,0.23453749367085525,0.9693066481603867,0.38636363636363635,0.5681818181818182,0.4685347301838251,33.5,0.045864076659055474,0.1330269035452063,-0.259904464595513,108.57405315878334,1.0,7.028907616612057e-48,0.1590909090909091,False,0.4685347301838251,0.5314652698161749,False
FSMI_nm,6047,6033,2.1349665471520227,2.771365714171391,0.6363991670193685,0.005148543987214094,0.18980552455124655,0.2234527308570482,0.2533318675192097,1.0282295797053749,0.25,0.9772727272727273,0.4942855266120806,40.25,0.0816036177789952,0.24749223479538807,-1.2073712225547812,2.2888150661037066,1.0,0.1013865270376965,0.38636363636363635,False,0.4942855266120806,0.5057144733879194,False
FSMI_nm,6047,6048,1.9658126479353135,1.8873930683083324,0.0784195796269811,0.13666236464437298,0.36133018974998743,0.513876145297866,0.47698946832288863,1.4270489202849421,0.75,0.1590909090909091,0.3454246398538787,27.25,0.13193654236093477,0.3786796564338869,1.558280697517288,0.5192431285420325,0.21049766942897957,0.5949706939339551,0.75,False,0.3454246398538787,0.6545753601461213,False
FSMI_nm,6047,6056,2.6635524818908394,2.2013252338588076,0.46222724803203175,0.0,0.1646087966024053,0.4300193853537223,0.3911504579803201,1.249700627973884,0.1590909090909091,0.6136363636363636,0.3124483428378982,34.5,0.03444622549293943,0.09222526435906908,-0.8612933494701879,-0.46621939348534136,1.0,1.0,0.06818181818181818,False,0.31244834283789813,0.6875516571621019,False
FSMI_nm,6047,6057,4.20513929744002,1.0228920075400396,3.1822472898999807,0.011141044896028296,0.0721250773647588,0.025383922374018184,0.05345023042335963,0.18568718847220655,0.3409090909090909,0.7954545454545454,0.5207472380631636,39.0,0.3401230136339633,0.920672935887482,-0.12084744335297483,-0.2809816539818362,1.0,1.0,0.9772727272727273,True,0.9772727272727273,0.022727272727272707,False
FSMI_nm,6047,6062,2.919662839275907,4.377376972513307,1.4577141332374,0.07584873306935158,0.4398802056145517,0.23356093744936277,0.42283505759046375,1.6238392858028412,0.5227272727272727,0.7045454545454546,0.6068649964917585,37.5,0.1344159919191682,0.3611935015457246,-0.9550187385281359,0.11695586703936278,1.0,0.889624454058068,0.7954545454545454,False,0.6068649964917585,0.3931350035082415,False
FSMI_nm,6047,6063,4.880341349767348,5.268870394898783,0.3885290451314347,0.340198195594704,0.4753556552851596,0.9283433557333013,0.7931173063210648,2.6083158747512756,0.8863636363636364,0.11363636363636363,0.31736909190383955,27.0,0.23215078386938987,0.6229789649984915,-0.058588921839849026,5.917918300700252,1.0,0.0026907957784410197,0.8863636363636364,False,0.31736909190383955,0.6826309080961604,False
FSMI_nm,6047,6070,2.619825980056949,1.73173635920741,0.888089620849539,0.09970028199980274,0.10562804173721783,0.043362398949224626,0.0788468993096952,0.2908293322065634,0.6136363636363636,0.20454545454545456,0.35428311972999765,27.5,0.19297274441966422,0.538818837209587,-0.09111591619192069,-0.5728644578773702,1.0,1.0,0.8409090909090909,False,0.3542831197299976,0.6457168802700024,False
FSMI_nm,6047,6072,1.4268805447108657,1.8272724572754282,0.4003919125645625,0.0067072718910268225,0.05464199212663194,0.05027772183088522,0.056784374581641574,0.2085616384436324,0.29545454545454547,0.7045454545454546,0.4562468159064712,37.5,0.07299238772817385,0.20498615609377546,0.6306234472770567,0.0015849286941361403,0.5322598615828935,0.9984163266420529,0.3409090909090909,False,0.4562468159064712,0.5437531840935288,False
FSMI_nm,6047,6078,1.7124178830987482,2.5093322960743905,0.7969144129756423,0.0,0.1352473068135209,0.1208395890079437,0.1368414614328406,0.4704602812166412,0.1590909090909091,0.8863636363636364,0.37551617367859785,39.25,0.04337625139336074,0.13587252444248632,-0.4003038103902229,-1.5743887529292684,1.0,1.0,0.11363636363636363,False,0.3755161736785979,0.6244838263214021,False
FSMI_nm,6047,6080,3.8146875917994394,2.0978718283553826,1.7168157634440568,0.09043961397915634,0.12118057360283865,0.16409475378280727,0.15462608283305246,0.5098106914744225,0.5681818181818182,0.9318181818181818,0.7276277542537328,39.5,0.09357410870759222,0.2523594908770401,1.4556080568865077,1.6165853673277937,0.23325848634175275,0.19857560548293504,0.5227272727272727,False,0.7276277542537328,0.27237224574626717,False
FSMI_nm,6047,6081,2.064223001846959,3.3506744874711027,1.2864514856241436,0.04924436734557247,0.10506706886173177,0.08819185960643602,0.17760518107272014,0.552388072113251,0.4318181818181818,0.75,0.5690901829794961,37.75,0.05983932755689261,0.16755480587318594,-0.6243442698462724,-0.4723970091212818,1.0,1.0,0.25,False,0.5690901829794961,0.4309098170205039,False
FSMI_nm,6047,6082,1.569797187543049,2.6636434314011153,1.0938462438580663,0.12872507388537224,0.08974223333162844,0.29131846728346833,0.24468221890866326,1.0251377566522253,0.7045454545454546,0.5227272727272727,0.6068649964917585,32.0,0.028108550159413978,0.08487427898291489,1.5848817982164634,1.2261587410601194,0.20497201974326262,0.29341750834971,0.022727272727272728,False,0.6068649964917585,0.3931350035082415,False
FSMI_nm,6047,6084,1.6004098868850862,2.65247967644852,1.0520697895634337,0.003970288276216927,0.11568337300309947,0.08834915089550793,0.13319619353282994,0.523630429295725,0.20454545454545456,0.4318181818181818,0.29719765524140956,31.0,0.05243882502076135,0.141745153235027,-0.0998220255849566,-1.4379762953655915,1.0,1.0,0.20454545454545456,False,0.2971976552414095,0.7028023447585905,False
FSMI_nm,6047,6085,2.455030747789686,3.6781161020640716,1.2230853542743856,0.17759145536795762,0.26793344613383996,0.6015424079290546,0.5280084295158906,1.8401934764244632,0.8409090909090909,0.4772727272727273,0.6335163574893797,31.25,0.11470187282214789,0.33176333771654676,-1.662209217077388,-0.6806608658836704,1.0,1.0,0.5681818181818182,False,0.6335163574893797,0.36648364251062027,False
FSMI_nm,6047,6090,3.1749521180513365,3.2935547747019407,0.11860265665060421,0.05630028161131939,0.4755362141936827,0.21996667353042426,0.38937204538941617,1.5784059395705858,0.4772727272727273,0.022727272727272728,0.10414944761263273,25.25,0.06558594172704807,0.19781461410073087,-0.6214483499142999,2.2549893045717937,1.0,0.10487466540974304,0.29545454545454547,False,0.10414944761263278,0.8958505523873672,False
FSMI_nm,6047,6094,3.616631849567126,3.474429503341697,0.14220234622542893,0.0,0.2953318891809076,0.1715184632670151,0.2451928403285628,0.8758900429522498,0.1590909090909091,0.3409090909090909,0.23288524468089994,30.0,0.12172260941405211,0.35742492772627754,0.7581827457202309,1.2811449954561518,0.4685170685077511,0.27771913119347325,0.6136363636363636,False,0.2328852446809,0.7671147553191,False
FSMI_nm,6047,6095,8.567125493610352,6.3204982137680314,2.24662727984232,0.1228262011807324,0.7855388815240328,0.2750997464424331,0.5727643536500918,1.8090777590410347,0.6590909090909091,0.25,0.40592207044299433,28.75,0.1237481488799527,0.35739870109125293,0.12177262990900903,0.2144857296507087,0.8853496476492758,0.8069563271983875,0.6590909090909091,False,0.40592207044299433,0.5940779295570057,False
FSMI_nm,6047,6099,9.324230493376989,5.144401139010594,4.179829354366395,0.34237525540399183,0.2531030188632067,0.43986925262979454,0.37332585100682586,1.1131387160716448,0.9318181818181818,0.4318181818181818,0.6343311698614937,31.0,0.12547490385300647,0.3406728690431764,1.0583814715692197,-0.369930060016797,0.34701701294776965,1.0,0.7045454545454546,False,0.6343311698614937,0.36566883013850626,False
FSMI_nm,6047,6101,0.8380821497217993,1.1458719498389245,0.3077898001171252,0.0,0.045676669852844104,0.055964629830080284,0.05493260779658848,0.16968540275628174,0.1590909090909091,0.8863636363636364,0.37551617367859785,39.25,0.24730290279258232,0.6733516259157002,0.1795398091050424,-0.1391899859428967,0.8356546836159116,1.0,0.9318181818181818,False,0.3755161736785979,0.6244838263214021,False
FSMI_nm,6048,6022,1.283204177965711,3.9307151810009513,2.6475110030352402,0.2579559511166516,0.20181182189284252,1.1484444971201773,1.1152275023651772,3.191682484819511,0.8863636363636364,0.11363636363636363,0.31736909190383955,27.0,0.35345571518508706,0.963642693892478,7.266050906667183,47.685148357146424,0.0006988664401966737,1.952554657091317e-21,0.9772727272727273,True,0.9772727272727273,0.022727272727272707,False
FSMI_nm,6048,6028,4.936413231860014,3.4822438337753154,1.4541693980846984,0.21474610292674035,0.22086871205541556,0.7926675147105383,0.646585286251925,2.3009225662600414,0.8409090909090909,0.29545454545454547,0.4984480045332116,30.0,0.09715887086810375,0.2595249091041847,-0.7754574565990572,1.1225920663999085,1.0,0.3254351508896652,0.3409090909090909,False,0.4984480045332116,0.5015519954667884,False
FSMI_nm,6048,6029,2.2241852747386375,1.6685254715937647,0.5556598031448727,0.03879430907590753,0.34253368929862404,0.04348917508448016,0.23500990891253432,0.9650048818564474,0.4318181818181818,0.5681818181818182,0.4953294254023493,33.5,0.10324431933894944,0.29758386157113736,-0.5990556313619133,64.25968551498214,1.0,1.2370098903997965e-28,0.4318181818181818,False,0.49532942540234925,0.5046705745976507,False
FSMI_nm,6048,6033,2.1349665471520227,2.6311645222683753,0.49619797511635255,0.035924013774427,0.17582616321347214,0.2175359018009516,0.243585081662358,1.0024310148477569,0.38636363636363635,0.9772727272727273,0.6144775379361715,40.25,0.11476277559025574,0.3236851221271534,-0.8532591084396892,1.8541896226909054,1.0,0.15657977997573355,0.5681818181818182,False,0.6144775379361715,0.38552246206382845,False
FSMI_nm,6048,6047,2.946047980770432,2.8502067234473514,0.09584125732308069,0.0,0.13772164633593947,0.02580348544324368,0.14337934166647748,0.4859062935281173,0.11363636363636363,0.4772727272727273,0.23288524468089997,31.5,0.16026189913145147,0.4436523009972986,-0.8506265306655583,-0.7825311027734836,1.0,1.0,0.75,False,0.2328852446809,0.7671147553191,False
FSMI_nm,6048,6056,2.6635524818908394,2.1373513491061282,0.5262011327847111,0.0,0.1588493419607373,0.4180364170697728,0.38007603693628084,1.2131647781970059,0.11363636363636363,0.6136363636363636,0.26406704633232386,34.5,0.057073398251269586,0.16084520277637215,-1.1220682560204267,-0.4837104939649595,1.0,1.0,0.11363636363636363,False,0.2640670463323238,0.7359329536676762,False
FSMI_nm,6048,6057,4.20513929744002,0.9950452576573544,3.210094039782666,0.008829220653364778,0.06839142493114937,0.024482863402894947,0.05091548563457943,0.17513610055477247,0.3409090909090909,0.7954545454545454,0.5207472380631636,39.0,0.33528982906843247,0.9144393761306437,-0.09052143105543412,-0.2362993480123091,1.0,1.0,0.9318181818181818,False,0.5207472380631636,0.4792527619368364,False
FSMI_nm,6048,6062,2.919662839275907,4.345063162411476,1.4254003231355687,0.0923797389594947,0.43335427786153896,0.263226302182511,0.4225325553908006,1.611969219674969,0.6136363636363636,0.7045454545454546,0.6575216427949743,37.5,0.11138097579649907,0.296752539095386,-0.7922089970592354,0.28337321975898677,1.0,0.7532386118595839,0.5227272727272727,False,0.6575216427949743,0.34247835720502573,False
FSMI_nm,6048,6063,4.880341349767348,4.9290715593758945,0.04873020960854646,0.31828239295977045,0.42863161609523553,0.862388219819936,0.7341335989817503,2.3951270668430307,0.9318181818181818,0.11363636363636363,0.32540502416537165,27.0,0.1631113256474667,0.47670831199450214,0.16770022689489186,4.271410154987974,0.8456072870157954,0.013962080567198856,0.7954545454545454,False,0.32540502416537165,0.6745949758346284,False
FSMI_nm,6048,6070,2.619825980056949,1.7263170332602376,0.8935089467967114,0.11705805443615591,0.1038435082533711,0.047758080141536964,0.07814805155585225,0.2900011258897026,0.6590909090909091,0.1590909090909091,0.3238137920176138,27.5,0.1914966424442371,0.5315215549580303,0.06259106192750997,-0.5666264515304736,0.9393275219440653,1.0,0.8409090909090909,False,0.32381379201761384,0.6761862079823862,False
FSMI_nm,6048,6072,1.4268805447108657,1.7254656365279577,0.29858509181709203,0.0027919164851355482,0.055052435181912746,0.04715162943133544,0.05575065240615558,0.2107375616146181,0.25,0.7045454545454546,0.41968602983225883,37.5,0.10587277796593862,0.29434726884085094,1.0200756547225458,0.022487462609326856,0.36056766049485933,0.977763495719423,0.4772727272727273,False,0.4196860298322589,0.5803139701677411,False
FSMI_nm,6048,6078,1.7124178830987482,2.4287012705007083,0.7162833874019601,0.006200459424151372,0.12125030649425024,0.1085966920707247,0.12251130625431354,0.4030082937210322,0.29545454545454547,0.8863636363636364,0.511742284054441,39.25,0.061645325007473266,0.17985482235421857,-0.3576331929445586,-1.0784989756918602,1.0,1.0,0.1590909090909091,False,0.511742284054441,0.488257715945559,False
FSMI_nm,6048,6080,3.8146875917994394,2.012244141466279,1.8024434503331603,0.08579430281369893,0.11613034793621133,0.16248001491470374,0.15210142311162117,0.46390707731309444,0.5681818181818182,0.9318181818181818,0.7276277542537328,39.5,0.0663640467251249,0.18266631016045975,1.5856466962966602,1.1363954222079773,0.20481529698497655,0.3209739145597189,0.25,False,0.7276277542537328,0.27237224574626717,False
FSMI_nm,6048,6081,2.064223001846959,3.30400699258812,1.2397839907411607,0.05015395081419305,0.10355361040360091,0.08722739513337877,0.1759898048557595,0.5371692984687879,0.5227272727272727,0.75,0.6261353324525414,37.75,0.06985268043909103,0.19048168291632495,-0.5371331173072781,-0.2826536415523814,1.0,1.0,0.29545454545454547,False,0.6261353324525414,0.3738646675474586,False
FSMI_nm,6048,6082,1.569797187543049,2.5445348634776837,0.9747376759346347,0.12246914872105297,0.09029996496807548,0.2860292841061865,0.23824258505038706,1.000509218882433,0.7045454545454546,0.5227272727272727,0.6068649964917585,32.0,0.028510225223445994,0.08569873000082562,1.5519332981310778,0.8682008861220551,0.2118380316135608,0.41970596923431797,0.06818181818181818,False,0.6068649964917585,0.3931350035082415,False
FSMI_nm,6048,6084,1.6004098868850862,2.5330349727303387,0.9326250858452525,0.0,0.10665503394544654,0.08803939636825613,0.12701583391352445,0.503745731085611,0.11363636363636363,0.38636363636363635,0.2095351013021111,31.0,0.021737483982281064,0.058581248836166666,-0.24454172572769295,-1.4604482733874709,1.0,1.0,0.022727272727272728,False,0.20953510130211106,0.7904648986978889,False
FSMI_nm,6048,6085,2.455030747789686,3.57978247400096,1.124751726211274,0.15495136324558567,0.22614107632510735,0.5944968252644752,0.5072497557181325,1.8195219358528685,0.7954545454545454,0.4318181818181818,0.5860816799194376,31.25,0.10200221264312409,0.29524952672101845,-1.7203326057550192,-0.44391067777015747,1.0,1.0,0.38636363636363635,False,0.5860816799194376,0.4139183200805624,False
FSMI_nm,6048,6090,3.1749521180513365,3.2124228641610597,0.03747074610972323,0.0408577634857612,0.4641043528240439,0.20667197516030847,0.3762276759298657,1.5227373065752756,0.4772727272727273,0.022727272727272728,0.10414944761263273,25.25,0.064239566349509,0.1909280495392236,-0.4046963751212408,1.8112193477831728,1.0,0.16345470710557566,0.20454545454545456,False,0.10414944761263278,0.8958505523873672,False
FSMI_nm,6048,6094,3.616631849567126,3.589490767736039,0.0271410818310871,1.8004012155348192e-05,0.2978161356066251,0.1852278876900023,0.2528052840060301,0.8937889906080181,0.1590909090909091,0.29545454545454547,0.21680436395839675,30.0,0.14845981562021962,0.4115004678229708,1.0519925511265995,0.9508830979456184,0.3492411744656867,0.38639964400913135,0.6590909090909091,False,0.21680436395839675,0.7831956360416032,False
FSMI_nm,6048,6095,8.567125493610352,6.099068092483748,2.468057401126604,0.12996981586305978,0.7918822533429654,0.24878410112779897,0.5692510023034383,1.798631951270857,0.75,0.20454545454545456,0.39167472590032015,28.75,0.14201680151452495,0.39259984921447133,0.30055776257427524,0.3208737219701193,0.740405135216396,0.7255148617932,0.6136363636363636,False,0.39167472590032015,0.6083252740996798,False
FSMI_nm,6048,6099,9.324230493376989,5.002998468135538,4.321232025241451,0.3236762347950837,0.2374357286578774,0.42945234321957104,0.3636462748620851,1.090974249307029,0.9772727272727273,0.38636363636363635,0.6144775379361715,31.0,0.15852532768528468,0.4346670516165325,1.419085132944372,-0.3274268773791396,0.24193525427394186,1.0,0.7045454545454546,False,0.6144775379361715,0.38552246206382845,False
FSMI_nm,6048,6101,0.8380821497217993,1.154934172620061,0.31685202289826175,0.0023261633311555396,0.03923001162553139,0.05475501642613528,0.052048811658652244,0.1654695428840156,0.20454545454545456,0.8863636363636364,0.42579531807261806,39.25,0.25610415808512976,0.6957597569343046,0.24562074603101205,0.08241955613875557,0.7822188282731635,0.920885514463808,0.8863636363636364,False,0.42579531807261806,0.5742046819273819,False
FSMI_nm,6056,6022,1.283204177965711,1.9463232697213118,0.6631190917556007,0.7075142454741667,0.3027399852492203,0.8129618629007939,0.6822716359371973,1.9311011354813352,0.9772727272727273,0.11363636363636363,0.3332472340594359,27.0,0.1217534631277533,0.3259213080070793,4.289611155200219,72.78150619287162,0.013710255422526782,2.4625977357910772e-32,0.6590909090909091,False,0.3332472340594359,0.6667527659405641,False
FSMI_nm,6056,6028,4.936413231860014,3.204874886017322,1.7315383458426918,0.1393085443056874,0.1936491159971846,0.6981199424607143,0.5701221420359488,2.022243838059306,0.75,0.3409090909090909,0.5056498968474316,30.0,0.0825641254089771,0.23281303863418068,-0.9122575237685029,1.1214641994400547,1.0,0.32580240551217443,0.25,False,0.5056498968474316,0.49435010315256844,False
FSMI_nm,6056,6029,2.2241852747386375,1.6368574354389869,0.5873278392996506,0.03522810592781811,0.3305113105679136,0.04161297904414062,0.22633520862313544,0.9365539236942673,0.38636363636363635,0.6136363636363636,0.48691557467337615,33.5,0.10274680106410503,0.29970181646081107,-0.3062288140556222,101.60208299184048,1.0,7.49507541010032e-45,0.4772727272727273,False,0.4869155746733762,0.5130844253266238,False
FSMI_nm,6056,6033,2.1349665471520227,2.7797552675194575,0.6447887203674347,0.021527188284869325,0.19036847858397615,0.22712261564826003,0.2568932423636427,1.0460705311823228,0.3409090909090909,0.9772727272727273,0.5772011408727407,40.25,0.09110767924167479,0.26585663536534154,-1.2254939619706593,1.4269808385785887,1.0,0.24003252629865812,0.29545454545454547,False,0.5772011408727407,0.42279885912725934,False
FSMI_nm,6056,6047,2.946047980770432,2.935013672462443,0.011034308307988905,0.0,0.14534568220221625,0.028048766519192577,0.15806555731001448,0.5103553738771609,0.1590909090909091,0.5227272727272727,0.2883767622829436,31.5,0.15962236462287244,0.44585320554321717,-0.6002127395383973,-0.9403619443465848,1.0,1.0,0.75,False,0.2883767622829436,0.7116232377170564,False
FSMI_nm,6056,6048,1.9658126479353135,1.8240305074025756,0.14178214053273797,0.1462124928722155,0.3555022894787321,0.4920643595862337,0.45997620222002794,1.3754303087099273,0.7954545454545454,0.1590909090909091,0.35573808732951195,27.25,0.12766359031533261,0.3613543188340196,1.7541547213413426,0.3752781651225293,0.1730534588817285,0.68709812547185,0.7045454545454546,False,0.35573808732951195,0.644261912670488,False
FSMI_nm,6056,6057,4.20513929744002,1.0182179980639856,3.1869212993760345,0.012089542097120987,0.0745621314640169,0.025929364709503137,0.055025088503167154,0.19306009465691465,0.29545454545454547,0.7954545454545454,0.4847892956295805,39.0,0.3376405900320198,0.9101020580426514,-0.12339512040715145,-0.5394223040938972,1.0,1.0,0.9772727272727273,True,0.9772727272727273,0.022727272727272707,False
FSMI_nm,6056,6062,2.919662839275907,4.326013049860154,1.4063502105842467,0.07140920095239434,0.4347775291595043,0.22746842729142286,0.4186660982668098,1.6072869870945325,0.5227272727272727,0.7045454545454546,0.6068649964917585,37.5,0.10180588906633647,0.2767823596358219,-1.0972537202007484,-0.05587813129300494,1.0,1.0,0.38636363636363635,False,0.6068649964917585,0.3931350035082415,False
FSMI_nm,6056,6063,4.880341349767348,5.316700910678274,0.4363595609109261,0.3648847240376343,0.5074054728244757,0.943381665548007,0.8120187204656675,2.636907910466567,0.9318181818181818,0.11363636363636363,0.32540502416537165,27.0,0.21049551808027434,0.56449126857878,-0.1107599483213573,3.287047761885109,1.0,0.03736399413708167,0.8863636363636364,False,0.32540502416537165,0.6745949758346284,False
FSMI_nm,6056,6070,2.619825980056949,1.7065050942302764,0.9133208858266726,0.0959851538807901,0.10133484905533421,0.0441832585048913,0.07612563875163476,0.279427159892806,0.6590909090909091,0.20454545454545456,0.36717032775917074,27.5,0.20498006412632772,0.5655734107904233,-0.06276034171557573,-0.5528322842035984,1.0,1.0,0.8409090909090909,False,0.3671703277591707,0.6328296722408293,False
FSMI_nm,6056,6072,1.4268805447108657,1.8111702123893685,0.3842896676785028,0.009411061000123233,0.05284117485764149,0.04730342116364487,0.05480293018814321,0.21515471521794272,0.25,0.7045454545454546,0.41968602983225883,37.5,0.10216407057584619,0.2855596374242694,0.5381289515992935,0.14914204163373804,0.5838396232450788,0.8614467449053225,0.4318181818181818,False,0.4196860298322589,0.5803139701677411,False
FSMI_nm,6056,6078,1.7124178830987482,2.5229315614914594,0.8105136783927112,0.0,0.12947927696543426,0.12177906003170035,0.13541114079010236,0.4793182568807959,0.1590909090909091,0.8863636363636364,0.37551617367859785,39.25,0.061304567073843505,0.17889874160198715,-0.4156946005617183,-1.4026108529831989,1.0,1.0,0.20454545454545456,False,0.3755161736785979,0.6244838263214021,False
FSMI_nm,6056,6080,3.8146875917994394,2.130478013810015,1.6842095779894244,0.08124329534579511,0.1155558480937496,0.1730307373503444,0.1601805466630111,0.5180498080919376,0.5681818181818182,0.9318181818181818,0.7276277542537328,39.5,0.09463908732152201,0.26682811365445425,1.4879720419550315,1.2460429338415138,0.22583016557814084,0.2876407613571444,0.3409090909090909,False,0.7276277542537328,0.27237224574626717,False
FSMI_nm,6056,6081,2.064223001846959,3.4286849940560025,1.3644619922090433,0.05195652279686058,0.11231179768918427,0.08883530817291006,0.18557281154150373,0.5715019767379776,0.4318181818181818,0.75,0.5690901829794961,37.75,0.05065224054088671,0.1390129404050089,-0.7445182907258256,-0.6155284343805153,1.0,1.0,0.11363636363636363,False,0.5690901829794961,0.4309098170205039,False
FSMI_nm,6056,6082,1.569797187543049,2.7041529977179617,1.1343558101749127,0.12867931153604317,0.09334989372696927,0.2955804203235579,0.24765361826064258,1.0407974977490815,0.7045454545454546,0.5681818181818182,0.632700495776139,32.0,0.050317391379059585,0.14969835961006617,1.5668702229932563,0.7460827334246395,0.20869733740270982,0.4742205674134214,0.06818181818181818,False,0.632700495776139,0.36729950422386104,False
FSMI_nm,6056,6084,1.6004098868850862,2.6695213903672754,1.0691115034821892,0.00848776580998889,0.11947587380913574,0.09088579244385489,0.13737531782433676,0.543018076511923,0.20454545454545456,0.4318181818181818,0.29719765524140956,31.0,0.028710359718272464,0.0764931186194292,-0.4041642006577516,-1.349831042977834,1.0,1.0,0.022727272727272728,False,0.2971976552414095,0.7028023447585905,False
FSMI_nm,6056,6085,2.455030747789686,3.6064693956790617,1.1514386478893757,0.17725389816615955,0.2642657975518474,0.5957873224233018,0.5229255383653383,1.8282156935948297,0.8409090909090909,0.4772727272727273,0.6335163574893797,31.25,0.10595547322167446,0.3064894795023656,-2.419666434307494,-0.4422759564668635,1.0,1.0,0.5227272727272727,False,0.6335163574893797,0.36648364251062027,False
FSMI_nm,6056,6090,3.1749521180513365,3.3009788268282736,0.1260267087769371,0.065735538643378,0.4688089282854219,0.21656883792704337,0.38319603415040987,1.549869496059289,0.4772727272727273,0.022727272727272728,0.10414944761263273,25.25,0.052334079908802636,0.15789185777045878,-0.5415651519772184,1.927131904246222,1.0,0.1455650949791158,0.1590909090909091,False,0.10414944761263278,0.8958505523873672,False
FSMI_nm,6056,6094,3.616631849567126,3.363987527066195,0.25264432250093094,0.0,0.2923083756356551,0.17718245024302437,0.24695096420767138,0.8674088999390697,0.1590909090909091,0.3409090909090909,0.23288524468089994,30.0,0.11680425168110425,0.32950895388952717,0.7637112044741804,0.5803790165940028,0.46593403788705273,0.5596861960041404,0.6136363636363636,False,0.2328852446809,0.7671147553191,False
FSMI_nm,6056,6095,8.567125493610352,6.285780166680338,2.2813453269300137,0.08585803197883113,0.7703329124736422,0.2706085889866438,0.5619969935039129,1.7572791707003574,0.6136363636363636,0.25,0.39167472590032015,28.75,0.11629053818689386,0.33030734728242717,0.059452422051963036,0.13275670228260306,0.9422803642909537,0.8756781166804871,0.5681818181818182,False,0.39167472590032015,0.6083252740996798,False
FSMI_nm,6056,6099,9.324230493376989,5.203275418704739,4.12095507467225,0.3457380129580425,0.2608328462982138,0.44145224980953507,0.37666366334599455,1.1281222974446514,0.8863636363636364,0.4318181818181818,0.6186662540371,31.0,0.16630973265075308,0.4515757803206246,0.806605009483909,-0.6121368602086239,0.4463709217507667,1.0,0.7954545454545454,False,0.6186662540371,0.38133374596290004,False
FSMI_nm,6056,6101,0.8380821497217993,1.1067701846019251,0.2686880348801258,0.0,0.04405065612403767,0.05482521076828195,0.05337488300341535,0.16539047880654412,0.1590909090909091,0.8863636363636364,0.37551617367859785,39.25,0.27984074940088244,0.7640310681410345,0.4416017247612574,-0.18867906513817215,0.6430056777043033,1.0,0.9318181818181818,False,0.3755161736785979,0.6244838263214021,False
FSMI_nm,6057,6022,1.283204177965711,1.2964872916447339,0.013283113679022795,0.9100703842239481,0.3675448977669609,0.8118573637025185,0.6747495620427477,1.885589036844989,0.9772727272727273,0.11363636363636363,0.3332472340594359,27.0,0.4822098740894474,1.310577892634453,3.809332900316059,43.90756845700902,0.022162958929528794,8.534641935459613e-20,0.9772727272727273,True,0.9772727272727273,0.022727272727272707,False
FSMI_nm,6057,6028,4.936413231860014,4.23987066401637,0.6965425678436441,0.19560525482066726,0.385718322348473,1.0101904733207856,0.8423342115859216,2.7574127170124765,0.75,0.3409090909090909,0.5056498968474316,30.0,0.18554301384926455,0.5047032730940155,-0.7287703245853449,1.0978155640059013,1.0,0.33359901404386944,0.75,False,0.5056498968474316,0.49435010315256844,False
FSMI_nm,6057,6029,2.2241852747386375,1.6902509767287643,0.5339342980098731,0.0360093826127863,0.42391881287407157,0.04996489842503211,0.2920646444656058,1.1845602182337533,0.38636363636363635,0.6136363636363636,0.48691557467337615,33.5,0.06370159794312413,0.18605672598819323,-0.5521085223025278,54.24045374291287,1.0,2.7776034538375683e-24,0.20454545454545456,False,0.4869155746733762,0.5130844253266238,False
FSMI_nm,6057,6033,2.1349665471520227,2.3724251556623996,0.23745860851037692,0.023544121121858108,0.24062773425686151,0.21143458657595277,0.26929477872047414,1.1246225817221163,0.3409090909090909,0.9772727272727273,0.5772011408727407,40.25,0.157128742467626,0.42323865765253355,-0.9227920219669921,1.835450289245342,1.0,0.15954164570408103,0.6136363636363636,False,0.5772011408727407,0.42279885912725934,False
FSMI_nm,6057,6047,2.946047980770432,3.0435644564308966,0.09751647566046451,0.013923155941321763,0.1735254162226574,0.03351854166620691,0.18099324122154278,0.6316737287427094,0.25,0.5227272727272727,0.3614994027406106,31.5,0.1741554030098441,0.48066685255331165,-0.7941930067720679,-0.8095414376428646,1.0,1.0,0.7045454545454546,False,0.36149940274061065,0.6385005972593893,False
FSMI_nm,6057,6048,1.9658126479353135,1.9991864963987287,0.03337384846341518,0.21590185120754635,0.42012533399728086,0.5673204771599158,0.5339499007780971,1.582357079421036,0.7954545454545454,0.1590909090909091,0.35573808732951195,27.25,0.11029928510483647,0.3124009369949523,1.3627351489401636,0.42215393021434783,0.25595973067153366,0.6556331098804528,0.3409090909090909,False,0.35573808732951195,0.644261912670488,False
FSMI_nm,6057,6056,2.6635524818908394,2.324429015500834,0.33912346639000557,0.0,0.20137937491865646,0.5390555624167989,0.4867683500056733,1.5499005137701736,0.1590909090909091,0.6590909090909091,0.3238137920176138,34.5,0.023300193006770015,0.06616101353114967,-0.947075387075027,-0.5825485139395812,1.0,1.0,0.06818181818181818,False,0.32381379201761384,0.6761862079823862,False
FSMI_nm,6057,6062,2.919662839275907,5.123479255934634,2.203816416658727,0.1780572900370183,0.6407900049453498,0.2892990188829193,0.5565589638290267,2.1427868678776356,0.7045454545454546,0.75,0.7269175268963398,37.5,0.16882000821288096,0.450301829314409,-0.6843548163408777,0.062019182142209674,1.0,0.9398648579968101,0.6590909090909091,False,0.7269175268963398,0.2730824731036602,False
FSMI_nm,6057,6063,4.880341349767348,5.830333513835425,0.9499921640680773,0.47580786361012795,0.6148643723345835,1.1187797660738552,0.9641710880052072,3.03918185454215,0.9318181818181818,0.11363636363636363,0.32540502416537165,27.0,0.19089778694171528,0.5608286457976117,-0.12567844469524905,4.3302532934734,1.0,0.013164212658603182,0.7954545454545454,False,0.32540502416537165,0.6745949758346284,False
FSMI_nm,6057,6070,2.619825980056949,1.6372020961023634,0.9826238839545856,0.10470428676120269,0.14609721080756757,0.045768617538456,0.10257350546897909,0.40134025911952853,0.6136363636363636,0.20454545454545456,0.35428311972999765,27.5,0.21369236426840899,0.592152844416336,-0.10596245731303086,-0.740418757886345,1.0,1.0,0.8409090909090909,False,0.3542831197299976,0.6457168802700024,False
FSMI_nm,6057,6072,1.4268805447108657,1.1064628597491146,0.32041768496175105,0.0,0.09244484796117135,0.12729749705067223,0.1360492682612195,0.5502578156502407,0.1590909090909091,0.75,0.3454246398538787,37.5,0.22912428435836063,0.6178255812069536,1.204817400165781,-0.15554963420449733,0.29974672821924847,1.0,0.8863636363636364,False,0.3454246398538787,0.6545753601461213,False
FSMI_nm,6057,6078,1.7124178830987482,1.9277623032047788,0.2153444201060306,0.0,0.13668410073650417,0.08937027480505623,0.11942731323239603,0.4168449853283456,0.1590909090909091,0.8863636363636364,0.37551617367859785,39.25,0.14445752284861227,0.39387382175844377,0.0043092500769702806,-1.105219424621106,0.9957000214186306,1.0,0.5227272727272727,False,0.3755161736785979,0.6244838263214021,False
FSMI_nm,6057,6080,3.8146875917994394,2.355952204125437,1.4587353876740026,0.1048027888371208,0.11619254147402426,0.18850920606040183,0.16939233736968537,0.5288131939057157,0.6590909090909091,0.9318181818181818,0.783679074980303,39.5,0.1014288755529326,0.2721134188481221,1.356561816131561,0.8032659916633917,0.2575447426440396,0.4478638532884953,0.29545454545454547,False,0.783679074980303,0.21632092501969702,False
FSMI_nm,6057,6081,2.064223001846959,2.623968111457886,0.5597451096109269,0.05828829666406943,0.09146869325363777,0.08545783348813923,0.16338720716889255,0.5247962617718454,0.4318181818181818,0.7954545454545454,0.5860816799194376,37.75,0.13855871478613765,0.36788931977080996,-0.610282570150548,-0.4596769468776831,1.0,1.0,0.38636363636363635,False,0.5860816799194376,0.4139183200805624,False
FSMI_nm,6057,6082,1.569797187543049,2.651781489828075,1.0819843022850262,0.07760226689131366,0.10954252574663767,0.3452014666219685,0.28882501237547703,1.207801548742967,0.5681818181818182,0.5681818181818182,0.5681818181818182,32.0,0.03248584750395587,0.09455410557681465,1.193862848685206,0.5826542783795141,0.30304837017106767,0.5584142109886786,0.1590909090909091,False,0.5681818181818182,0.43181818181818177,False
FSMI_nm,6057,6084,1.6004098868850862,2.504877917712942,0.9044680308278559,0.01620358057077098,0.1572164006753714,0.101931961010393,0.16648003811617834,0.6588695127697393,0.29545454545454547,0.4318181818181818,0.35718712830685706,31.0,0.014695928370218865,0.039672939368966986,-0.28727669728056116,-1.4131785106854085,1.0,1.0,0.022727272727272728,False,0.35718712830685706,0.6428128716931429,False
FSMI_nm,6057,6085,2.455030747789686,4.118688095040563,1.6636573472508767,0.23489328240809648,0.33981163839258793,0.7832261789850593,0.6788821590141607,2.355340325690352,0.8863636363636364,0.4772727272727273,0.6504130918751903,31.25,0.14202815486236361,0.39919083263054733,-1.3696474424071141,-0.6738487181384041,1.0,1.0,0.4772727272727273,False,0.6504130918751903,0.34958690812480975,False
FSMI_nm,6057,6090,3.1749521180513365,2.9830640257662155,0.19188809228512094,0.07514190531735299,0.5725463017663134,0.22427751796718645,0.45205890933807613,1.7779293195049775,0.5227272727272727,0.022727272727272728,0.10899617098438,25.25,0.03155925247282235,0.08776300264506864,-0.5564688284401612,1.7646067265113947,1.0,0.1712541229496203,0.11363636363636363,False,0.10899617098437997,0.89100382901562,False
FSMI_nm,6057,6094,3.616631849567126,2.6779083517437132,0.9387234978234127,0.0,0.2476792409367457,0.12824962013245078,0.19574675874661987,0.7187590792796965,0.1590909090909091,0.3409090909090909,0.23288524468089994,30.0,0.07335635482970104,0.2097974743301011,0.6361909155253906,1.0766851396373904,0.5293047555663348,0.3407231052441637,0.25,False,0.2328852446809,0.7671147553191,False
FSMI_nm,6057,6095,8.567125493610352,6.737229067690664,1.8298964259196877,0.06825172203615182,1.1298535870361925,0.3935310229111934,0.824409121727835,2.5710996111467255,0.4772727272727273,0.25,0.3454246398538787,28.75,0.14178333541656601,0.39998334443124506,0.03713862106470677,0.2575900267757328,0.9635425587956148,0.7729120404023102,0.4318181818181818,False,0.3454246398538787,0.6545753601461213,False
FSMI_nm,6057,6099,9.324230493376989,4.677692285807857,4.646538207569132,0.22922845768849243,0.24326878015855918,0.4726782882731453,0.3972446802925132,1.1577545973082555,0.8409090909090909,0.4318181818181818,0.6025942537983114,31.0,0.15020113412555594,0.407353187653007,1.2198005077749978,-0.2633085480354695,0.2952890689219516,1.0,0.5681818181818182,False,0.6025942537983114,0.39740574620168856,False
FSMI_nm,6057,6101,0.8380821497217993,0.8918672596125284,0.053785109890729155,0.00361113904970789,0.04650482976841212,0.056155213343209616,0.05547517047587933,0.17136470262611614,0.20454545454545456,0.8863636363636364,0.42579531807261806,39.25,0.343704103774518,0.9274959370017468,0.21757142200893237,-0.17445104494509253,0.8044701459939834,1.0,0.9318181818181818,False,0.42579531807261806,0.5742046819273819,False
FSMI_nm,6062,6022,1.283204177965711,2.129962781465922,0.846758603500211,0.7379832967835194,0.32154477901419715,0.8755661248111395,0.7380264141786927,2.0829414869271496,0.9772727272727273,0.11363636363636363,0.3332472340594359,27.0,0.16328064625312966,0.4503405746355122,4.579265085875386,52.464751903781945,0.01026243553454567,1.6400147489881184e-23,0.7045454545454546,False,0.3332472340594359,0.6667527659405641,False
FSMI_nm,6062,6028,4.936413231860014,3.4166231658969046,1.5197900659631092,0.11126643929679991,0.2074961974413928,0.7329358584156968,0.598882167719555,2.11372971966765,0.6136363636363636,0.3409090909090909,0.4573775408522297,30.0,0.09601139600959455,0.2647038831450219,-0.23976223752641768,1.3734812665841758,1.0,0.2532238834891475,0.38636363636363635,False,0.4573775408522297,0.5426224591477703,False
FSMI_nm,6062,6029,2.2241852747386375,1.7365094583557614,0.48767581638287605,0.0347330880854857,0.3542169465531441,0.04289795878777537,0.2423453813671507,1.0016260512916448,0.4318181818181818,0.6136363636363636,0.5147614387684601,33.5,0.11474764915241607,0.3437983381951132,-0.761080465159006,70.83754866035115,1.0,1.7204557427865984e-31,0.4772727272727273,False,0.5147614387684601,0.48523856123153986,False
FSMI_nm,6062,6033,2.1349665471520227,2.816117739392288,0.6811511922402653,0.019816845147850426,0.21462598968830301,0.2335210933942344,0.2712692537904665,1.1155456387568017,0.38636363636363635,0.9772727272727273,0.6144775379361715,40.25,0.08424021068007305,0.2521786439663698,-1.005507674975854,2.042502483442648,1.0,0.1297037229903892,0.29545454545454547,False,0.6144775379361715,0.38552246206382845,False
FSMI_nm,6062,6047,2.946047980770432,3.0854982875501653,0.13945030677973325,0.003848205682936534,0.15532306467852083,0.02868751827483472,0.1680931609691954,0.5601637162846642,0.1590909090909091,0.5227272727272727,0.2883767622829436,31.5,0.1838157103499643,0.5109212948340272,-1.0583087284318828,-1.026799537340923,1.0,1.0,0.7954545454545454,False,0.2883767622829436,0.7116232377170564,False
FSMI_nm,6062,6048,1.9658126479353135,1.880183049279579,0.0856295986557345,0.13269115984480462,0.36785215455364506,0.5169826728602079,0.4817214065223226,1.4456378241490497,0.7954545454545454,0.1590909090909091,0.35573808732951195,27.25,0.11605774225815507,0.33076539788134984,1.890329038957099,0.5687496271418638,0.15102210850306558,0.5662329986233495,0.5227272727272727,False,0.35573808732951195,0.644261912670488,False
FSMI_nm,6062,6056,2.6635524818908394,2.2709833328004176,0.39256914909042173,0.0,0.17226107983131184,0.4503775354926357,0.40952904967452486,1.3059158837904934,0.11363636363636363,0.6590909090909091,0.2736726040634613,34.5,0.039785958765680036,0.11137563067568146,-1.3325775186471531,-0.5200303181310494,1.0,1.0,0.06818181818181818,False,0.2736726040634613,0.7263273959365387,False
FSMI_nm,6062,6057,4.20513929744002,0.9549980766521022,3.250141220787918,0.009153497489942763,0.06913102350668018,0.025279787313825273,0.051594652199043675,0.17830701933423598,0.3409090909090909,0.7954545454545454,0.5207472380631636,39.0,0.3598265096939044,0.9714540289616949,-0.08020497534381855,-0.46358896242109887,1.0,1.0,0.9772727272727273,True,0.9772727272727273,0.022727272727272707,False
FSMI_nm,6062,6063,4.880341349767348,5.496800041608058,0.6164586918407098,0.35275479029824197,0.4851753058006588,0.9952504528825246,0.8451137925875379,2.8543600191295244,0.8863636363636364,0.11363636363636363,0.31736909190383955,27.0,0.20813273855927564,0.5812046609824852,0.006120634955326959,5.0620950824851745,0.9938980579738251,0.006332278959100596,0.8863636363636364,False,0.31736909190383955,0.6826309080961604,False
FSMI_nm,6062,6070,2.619825980056949,1.81426377446769,0.8055622055892591,0.1031254908511019,0.11143363136988574,0.044940730591292236,0.08288895850759495,0.3053685083410327,0.5681818181818182,0.20454545454545456,0.34090909090909094,27.5,0.18521157548692857,0.5128671328569746,-0.1319622994494525,-0.6751761079608839,1.0,1.0,0.8409090909090909,False,0.34090909090909094,0.6590909090909091,False
FSMI_nm,6062,6072,1.4268805447108657,1.8455590141217624,0.4186784694108967,0.008548540307558694,0.05159693407837404,0.050919794688306895,0.055704374473804476,0.20477361380114156,0.29545454545454547,0.7045454545454546,0.4562468159064712,37.5,0.08586145235069308,0.23794387007186202,0.7264113146990013,-0.07200140330260896,0.4836415166863378,1.0,0.3409090909090909,False,0.4562468159064712,0.5437531840935288,False
FSMI_nm,6062,6078,1.7124178830987482,2.4280928338732113,0.7156749507744631,0.005098387101018176,0.13723196425771672,0.11969047782423142,0.13738266706828528,0.483918642220321,0.20454545454545456,0.8863636363636364,0.42579531807261806,39.25,0.07941220221364427,0.22878661639100062,-0.35976755612557726,-1.2062902012120966,1.0,1.0,0.25,False,0.42579531807261806,0.5742046819273819,False
FSMI_nm,6062,6080,3.8146875917994394,2.106952405650523,1.7077351861489163,0.12284970111852056,0.11855759427626975,0.1730595855689391,0.158936509397887,0.5347667482963046,0.7045454545454546,0.9318181818181818,0.8102519759079949,39.5,0.10041068937662424,0.28322599120426317,1.6138156297139767,1.5852491328279412,0.1991263701913955,0.204896740253254,0.4318181818181818,False,0.8102519759079949,0.18974802409200509,False
FSMI_nm,6062,6081,2.064223001846959,3.312084016365354,1.2478610145183948,0.07136652381732844,0.10704147503508508,0.089733944675843,0.18357191276921503,0.5717410061147818,0.5227272727272727,0.75,0.6261353324525414,37.75,0.07009158966742136,0.19157267073670559,-0.5827592907083238,-0.5471222530201804,1.0,1.0,0.1590909090909091,False,0.6261353324525414,0.3738646675474586,False
FSMI_nm,6062,6082,1.569797187543049,2.7291645897964396,1.1593674022533906,0.1277317281514625,0.09409551808346447,0.30884042389653904,0.25873497204369017,1.0859597336413107,0.75,0.5681818181818182,0.6527912098338668,32.0,0.06587709275531778,0.19691898736076696,1.5133796892288103,1.1058792882541402,0.22016463111614548,0.33091978040355124,0.11363636363636363,False,0.6527912098338668,0.34720879016613315,False
FSMI_nm,6062,6084,1.6004098868850862,2.6754671549203155,1.0750572680352293,0.007998052839720327,0.12513224121548622,0.09261333377247194,0.14300830505684578,0.5658556384643267,0.25,0.4318181818181818,0.32856437033638547,31.0,0.028074268901246768,0.07777635885878897,-0.41358765323062935,-1.5821587006650524,1.0,1.0,0.022727272727272728,False,0.3285643703363854,0.6714356296636146,False
FSMI_nm,6062,6085,2.455030747789686,3.73562091684363,1.2805901690539438,0.18228184227907906,0.2770218003733814,0.6210216718677682,0.5473481520729653,1.911916724272348,0.8409090909090909,0.4772727272727273,0.6335163574893797,31.25,0.12318276515072903,0.3551076052359644,-1.048370242784584,-0.4671076949062342,1.0,1.0,0.5681818181818182,False,0.6335163574893797,0.36648364251062027,False
FSMI_nm,6062,6090,3.1749521180513365,3.3397776377644437,0.16482551971310722,0.06343690459761975,0.5103405890897189,0.2236230090827001,0.413032009774314,1.6585916920320454,0.4772727272727273,0.022727272727272728,0.10414944761263273,25.25,0.07809879999852827,0.233606242467302,-0.6371900186329226,1.8568049720693498,1.0,0.15617080418590387,0.20454545454545456,False,0.10414944761263278,0.8958505523873672,False
FSMI_nm,6062,6094,3.616631849567126,3.4044642038283133,0.21216764573881264,0.0,0.2909274818332667,0.175448812440276,0.244799860752975,0.862302327450938,0.11363636363636363,0.3409090909090909,0.19682395540555422,30.0,0.13502839962595437,0.38193115110613407,0.758316058272018,0.8321488702463015,0.4684546134649056,0.4351132790235337,0.6136363636363636,False,0.1968239554055542,0.8031760445944458,False
FSMI_nm,6062,6095,8.567125493610352,6.837059837856712,1.7300656557536396,0.12242932025224729,0.9047663956616074,0.31340968007517095,0.6586354445135106,2.0640997963869188,0.6590909090909091,0.25,0.40592207044299433,28.75,0.14389924948742874,0.4076962251489522,0.16218198659816072,0.3938103313607799,0.8502864497205618,0.6744819721870822,0.6590909090909091,False,0.40592207044299433,0.5940779295570057,False
FSMI_nm,6062,6099,9.324230493376989,5.511763307645468,3.8124671857315207,0.38473390041673916,0.29132165908912205,0.48027388240101004,0.4110586616343704,1.2323180811505017,0.9318181818181818,0.4318181818181818,0.6343311698614937,31.0,0.1804885294695821,0.4909186319288419,1.7078435637169624,-0.4390561282919035,0.1812562390097608,1.0,0.75,False,0.6343311698614937,0.36566883013850626,False
FSMI_nm,6062,6101,0.8380821497217993,1.1892067098315424,0.35112456010974313,0.0,0.04653945419881489,0.058100872805205254,0.056717990678215126,0.17315836590882006,0.11363636363636363,0.8863636363636364,0.31736909190383955,39.25,0.25768647660782856,0.6997259108910653,0.14738593833711883,-0.1817031564305027,0.8629608634590887,1.0,0.9318181818181818,False,0.31736909190383955,0.6826309080961604,False
FSMI_nm,6063,6022,1.283204177965711,1.9198195698754215,0.6366153919097104,0.7828830907795696,0.32902478072586216,0.8647993769335639,0.720622119827533,2.040619496968302,0.9772727272727273,0.06818181818181818,0.25813219753637606,27.0,0.05508595659161203,0.17552649654600827,4.888411787731853,88.72277617124664,0.007533377581552442,2.9389208481658095e-39,0.1590909090909091,False,0.25813219753637606,0.7418678024636239,False
FSMI_nm,6063,6028,4.936413231860014,3.3824137828492953,1.5539994490107185,0.12228360027882612,0.21509831431225868,0.7326052619199812,0.6003159401578952,2.113557535852417,0.8409090909090909,0.29545454545454547,0.4984480045332116,30.0,0.07162984692598343,0.19389166190628826,-0.7027571041324375,1.4122815127031085,1.0,0.24358690208812223,0.3409090909090909,False,0.4984480045332116,0.5015519954667884,False
FSMI_nm,6063,6029,2.2241852747386375,1.7461588926962426,0.4780263820423949,0.033573394165321346,0.34907882992682454,0.04284778629825708,0.23922787333831896,0.9862294868167643,0.4318181818181818,0.5681818181818182,0.4953294254023493,33.5,0.0987287530481078,0.300870484263806,-0.47287987529080194,107.0101808219696,1.0,3.357909301964559e-47,0.4772727272727273,False,0.49532942540234925,0.5046705745976507,False
FSMI_nm,6063,6033,2.1349665471520227,2.7609194662739913,0.6259529191219686,0.0057009609438307685,0.1780557451298978,0.22763003012258357,0.25494816314123814,1.0281019317840294,0.20454545454545456,0.9772727272727273,0.4470980812024091,40.25,0.06751959378657364,0.18456825052626158,-0.8484639468109969,2.2247043904017803,1.0,0.10809936912323541,0.29545454545454547,False,0.4470980812024091,0.5529019187975909,False
FSMI_nm,6063,6047,2.946047980770432,2.9497734044955095,0.003725423725077448,0.00597783820681963,0.14269398076998804,0.02550438585349969,0.15075781163534557,0.502021904404701,0.25,0.4772727272727273,0.3454246398538787,31.5,0.17559618607050448,0.4825045813585651,-0.7298815122377201,-0.9736267093826196,1.0,1.0,0.8409090909090909,False,0.3454246398538787,0.6545753601461213,False
FSMI_nm,6063,6048,1.9658126479353135,1.8628579170845512,0.10295473085076234,0.08430533105362481,0.3413145901278209,0.5786059737792637,0.5175088313581988,1.5798558758982517,0.5681818181818182,0.11363636363636363,0.2540986338067943,27.25,0.12086987889963884,0.33035316249975055,1.916343296648865,0.5462616266591194,0.1471440416718894,0.579110700761521,0.7045454545454546,False,0.2540986338067943,0.7459013661932057,False
FSMI_nm,6063,6056,2.6635524818908394,2.213975648255595,0.44957683363524437,0.0,0.16874987519694354,0.4441686723295796,0.40733116127672536,1.274458224180292,0.1590909090909091,0.6136363636363636,0.3124483428378982,34.5,0.04120967035272909,0.12060949908913876,-0.8236783520832944,-0.3203824055584639,1.0,1.0,0.06818181818181818,False,0.31244834283789813,0.6875516571621019,False
FSMI_nm,6063,6057,4.20513929744002,1.0630398962975367,3.1420994011424837,0.010689699636125205,0.07730335207945571,0.027231784693171307,0.05712055089441411,0.2013344936665995,0.29545454545454547,0.7954545454545454,0.4847892956295805,39.0,0.33599607711606205,0.9301779321219761,-0.12436564379620386,-0.2498765131649215,1.0,1.0,0.9772727272727273,True,0.9772727272727273,0.022727272727272707,False
FSMI_nm,6063,6062,2.919662839275907,4.534806458696778,1.6151436194208708,0.11879270379239681,0.4862001038840394,0.23633834885524496,0.44380288505374993,1.6778522824646682,0.7954545454545454,0.7045454545454546,0.7486213223636637,37.5,0.10817043342737925,0.29438900012484304,-0.6763213296411313,0.15554085163612855,1.0,0.8559521091705816,0.6136363636363636,False,0.7486213223636637,0.25137867763633626,False
FSMI_nm,6063,6070,2.619825980056949,1.7417613926614193,0.8780645873955297,0.09530521760328026,0.10617246236640548,0.04575661806286544,0.07794544467976001,0.29663040105807226,0.6136363636363636,0.1590909090909091,0.3124483428378982,27.5,0.18132134292386975,0.49816469513217554,0.20798170836880045,-0.41414219846973316,0.8122218934393887,1.0,0.8863636363636364,False,0.31244834283789813,0.6875516571621019,False
FSMI_nm,6063,6072,1.4268805447108657,1.8157682919444407,0.388887747233575,0.01670353736381558,0.05346457964948574,0.0520424250378454,0.057447170839249086,0.2198751032378501,0.38636363636363635,0.7045454545454546,0.5217381946931362,37.5,0.09948081467455042,0.2678502583901806,1.083855225807544,0.03433736893782544,0.33828882863479165,0.9662454684359907,0.5227272727272727,False,0.5217381946931362,0.4782618053068638,False
FSMI_nm,6063,6078,1.7124178830987482,2.5675756264210428,0.8551577433222946,0.0,0.12370459952395571,0.11942117682269007,0.13093019208179643,0.45053843074515054,0.1590909090909091,0.8863636363636364,0.37551617367859785,39.25,0.05595919766808563,0.1692887191552348,-0.3231141154451942,-1.4930581111850103,1.0,1.0,0.20454545454545456,False,0.3755161736785979,0.6244838263214021,False
FSMI_nm,6063,6080,3.8146875917994394,2.123542343568093,1.6911452482313463,0.07756024583117904,0.11571482419054431,0.16335831755874547,0.15290603545174464,0.4929951635941503,0.5227272727272727,0.9318181818181818,0.6979160242174585,39.5,0.10029215018007039,0.2900432883131474,1.876772974683812,1.3259702966632871,0.15308331325970082,0.2655451764476738,0.5681818181818182,False,0.6979160242174585,0.30208397578254154,False
FSMI_nm,6063,6081,2.064223001846959,3.5252225422365155,1.4609995403895564,0.016644847039166244,0.1210591860842776,0.09566569705793537,0.19258395065454975,0.6044035632329523,0.3409090909090909,0.75,0.5056498968474316,37.75,0.061835576985873594,0.17941054883071672,-0.547355430841749,-0.4437265392060167,1.0,1.0,0.25,False,0.5056498968474316,0.49435010315256844,False
FSMI_nm,6063,6082,1.569797187543049,2.7239388483216658,1.1541416607786168,0.11585371703408054,0.09004965916171513,0.30459910495358905,0.2537767723166029,1.0615914781932725,0.75,0.5227272727272727,0.6261353324525414,32.0,0.05041775588691975,0.1457777745254888,1.690818762462955,1.1314093898249595,0.18436850816454373,0.3225782973202026,0.11363636363636363,False,0.6261353324525414,0.3738646675474586,False
FSMI_nm,6063,6084,1.6004098868850862,2.721366625115436,1.1209567382303498,0.0,0.12472929248760604,0.09019533215726097,0.13586967590061783,0.5373856783140374,0.1590909090909091,0.38636363636363635,0.24792527533262987,31.0,0.02980453173226824,0.08036164401512513,-0.28866280190681076,-1.670257590944425,1.0,1.0,0.022727272727272728,False,0.24792527533262987,0.7520747246673701,False
FSMI_nm,6063,6085,2.455030747789686,3.785703547365994,1.3306727995763081,0.1867145250362352,0.26719170682690924,0.6222923379907933,0.5406211461615618,1.8901691378078982,0.8863636363636364,0.4318181818181818,0.6186662540371,31.25,0.12310786535162314,0.34455131407187956,-1.5599010370465842,-0.6231052987645469,1.0,1.0,0.75,False,0.6186662540371,0.38133374596290004,False
FSMI_nm,6063,6090,3.1749521180513365,3.367150896271582,0.19219877822024545,0.05288655969810829,0.4656046330049595,0.2171179259484138,0.38199699643280083,1.5515384711577846,0.4772727272727273,0.022727272727272728,0.10414944761263273,25.25,0.07394254485857503,0.2233597041778278,-0.4260705815030103,1.9984269943811164,1.0,0.13554833391860693,0.38636363636363635,False,0.10414944761263278,0.8958505523873672,False
FSMI_nm,6063,6094,3.616631849567126,3.0781666737928015,0.5384651757743244,0.11273962265376003,0.22874165600977742,0.17852961872566303,0.2142366668086526,0.7600910236022362,0.7045454545454546,0.29545454545454547,0.4562468159064712,30.0,0.07741869852880966,0.21066712241857755,1.3773637963201768,1.2070668444708827,0.2522426403171397,0.2990732224393482,0.4318181818181818,False,0.4562468159064712,0.5437531840935288,False
FSMI_nm,6063,6095,8.567125493610352,5.775205741783404,2.7919197518269474,0.09586437196195519,0.6872006416126623,0.22578391005660978,0.49693936415861273,1.5577490665425033,0.6590909090909091,0.20454545454545456,0.36717032775917074,28.75,0.11219945197312003,0.31046949444800553,0.9886787322496539,0.3509196178589561,0.37206796780328677,0.704040343851398,0.6590909090909091,False,0.3671703277591707,0.6328296722408293,False
FSMI_nm,6063,6099,9.324230493376989,5.0878686495242915,4.2363618438526975,0.3008351948318797,0.2520924670310135,0.44277919010048894,0.37499491892825404,1.1009459540476008,0.9318181818181818,0.38636363636363635,0.6000172173838221,31.0,0.15306910805197574,0.4201595686534114,1.214558675785191,-0.4278677777993256,0.29684098850704965,1.0,0.7954545454545454,False,0.6000172173838221,0.3999827826161779,False
FSMI_nm,6063,6101,0.8380821497217993,1.1677951389201597,0.32971298919836045,0.0,0.046997279528981376,0.05304201031291386,0.05361890141943726,0.1615419007021559,0.1590909090909091,0.8863636363636364,0.37551617367859785,39.25,0.26862472630262285,0.7368103679576735,0.38700630321171486,-0.03700689474848319,0.679086814485182,1.0,0.9318181818181818,False,0.3755161736785979,0.6244838263214021,False
FSMI_nm,6070,6022,1.283204177965711,1.7462014240799306,0.46299724611421955,0.8253257997921228,0.34193375750436944,0.8341261395927049,0.6941083347872623,1.9686525173744494,0.9772727272727273,0.11363636363636363,0.3332472340594359,27.0,0.09588437806520232,0.2692338153001766,5.213028686441106,66.81972119443544,0.005445157015133849,9.562331665462322e-30,0.38636363636363635,False,0.3332472340594359,0.6667527659405641,False
FSMI_nm,6070,6028,4.936413231860014,3.238376066165382,1.6980371656946316,0.11833641613618218,0.20510702638855122,0.6856767984654888,0.5624955298967308,1.949941070162344,0.75,0.29545454545454547,0.4707344358456359,30.0,0.07003879381583852,0.18741587711414387,-0.7017944443638066,1.1166854575928424,1.0,0.32736305710689273,0.29545454545454547,False,0.4707344358456359,0.5292655641543641,False
FSMI_nm,6070,6029,2.2241852747386375,1.6205380004114343,0.6036472743272032,0.03629961021884909,0.3318792527657915,0.0423537979897763,0.22744293136156887,0.9422023884118247,0.4318181818181818,0.5681818181818182,0.4953294254023493,33.5,0.11205877569729122,0.3157554158743997,-0.44568685875074193,93.95759473465672,1.0,1.5657956198489076e-41,0.6136363636363636,False,0.49532942540234925,0.5046705745976507,False
FSMI_nm,6070,6033,2.1349665471520227,2.7235499902365885,0.5885834430845658,0.00468184956428086,0.1938517509850677,0.22531584439854474,0.2563952035833649,1.0388043577813955,0.3409090909090909,0.9772727272727273,0.5772011408727407,40.25,0.09714797766519966,0.2805251290062549,-0.8252375877760755,1.1935696553878308,1.0,0.3031372349486243,0.4318181818181818,False,0.5772011408727407,0.42279885912725934,False
FSMI_nm,6070,6047,2.946047980770432,2.8974830127282085,0.048564968042223544,0.0,0.15428504837118726,0.0303120954870039,0.1659866882191172,0.551544635214952,0.20454545454545456,0.4772727272727273,0.3124483428378982,31.5,0.14936688544883417,0.4180208122307607,-0.7088304998062477,-0.868386601675256,1.0,1.0,0.8409090909090909,False,0.31244834283789813,0.6875516571621019,False
FSMI_nm,6070,6048,1.9658126479353135,1.7978797052725115,0.167932942662802,0.1318597549273426,0.35823691049703094,0.49250800050101845,0.46122727119818335,1.366650404500185,0.7954545454545454,0.1590909090909091,0.35573808732951195,27.25,0.13614631230138446,0.3790116381326194,1.789290668829034,0.2360420434066576,0.1670786417326924,0.7897474695607757,0.75,False,0.35573808732951195,0.644261912670488,False
FSMI_nm,6070,6056,2.6635524818908394,2.1303156123923035,0.5332368694985359,0.0,0.1657472533880041,0.42575673815373805,0.3872797678727566,1.2432551399061385,0.20454545454545456,0.6136363636363636,0.35428311972999765,34.5,0.06733981199871282,0.18314398825576794,-0.7962115825848367,-0.4158672227987168,1.0,1.0,0.20454545454545456,False,0.3542831197299976,0.6457168802700024,False
FSMI_nm,6070,6057,4.20513929744002,0.9839724089216606,3.2211668885183595,0.010984216168922978,0.0734669533903397,0.025797297219681742,0.05433770647840562,0.18845985018465194,0.38636363636363635,0.7954545454545454,0.5543777689841122,39.0,0.35117306106933593,0.9525973799942933,-0.10955330621639003,-0.611318789219472,1.0,1.0,0.9772727272727273,True,0.9772727272727273,0.022727272727272707,False
FSMI_nm,6070,6062,2.919662839275907,4.2547346625052604,1.3350718232293532,0.04835995491709788,0.4165201093894329,0.22388474014610132,0.4082025786473943,1.5854262304796167,0.4772727272727273,0.7045454545454546,0.5798795828260489,37.5,0.08935424369667663,0.2373912113972545,-0.6754164396021098,-0.14096761579501432,1.0,1.0,0.3409090909090909,False,0.5798795828260489,0.4201204171739511,False
FSMI_nm,6070,6063,4.880341349767348,5.400795271285046,0.5204539215176984,0.35755391582711393,0.5054345871346347,0.9733963603603,0.833637291146076,2.7317652820032605,0.9318181818181818,0.11363636363636363,0.32540502416537165,27.0,0.19995253364771773,0.5338726101190738,0.2243207532099791,3.7576878874906052,0.7990587925876537,0.023337637286134187,0.8863636363636364,False,0.32540502416537165,0.6745949758346284,False
FSMI_nm,6070,6072,1.4268805447108657,1.8257211639173971,0.39884061920653147,0.0008974367488430168,0.05049433563900049,0.052225437895140794,0.057010219576464294,0.21295565703688224,0.25,0.7045454545454546,0.41968602983225883,37.5,0.09917685834528919,0.27087415361162104,1.0075084533061416,-0.30505825128017283,0.36512757960558645,1.0,0.4772727272727273,False,0.4196860298322589,0.5803139701677411,False
FSMI_nm,6070,6078,1.7124178830987482,2.4884542338206597,0.7760363507219115,0.0,0.1445402804401697,0.12282931474148809,0.1419290224019675,0.47545722324038353,0.20454545454545456,0.8863636363636364,0.42579531807261806,39.25,0.06799927923252336,0.19527442987085064,-0.37107285129998385,-1.310181099885793,1.0,1.0,0.25,False,0.42579531807261806,0.5742046819273819,False
FSMI_nm,6070,6080,3.8146875917994394,2.1744278139098987,1.6402597778895407,0.11195957525852407,0.1188597237900261,0.16554970137754407,0.15370245811857391,0.5008669591272503,0.7045454545454546,0.9318181818181818,0.8102519759079949,39.5,0.10983488971485547,0.30755211702862045,1.7443484880872604,1.074485001161932,0.1747588093312586,0.3414735685163239,0.5681818181818182,False,0.8102519759079949,0.18974802409200509,False
FSMI_nm,6070,6081,2.064223001846959,3.3118993864165707,1.2476763845696115,0.049714016774971004,0.10302890322011818,0.08795818066148475,0.17402627826585737,0.5466062435470902,0.5227272727272727,0.75,0.6261353324525414,37.75,0.0626477952823187,0.16724264735155403,-0.5441738842904473,-0.7446547344625892,1.0,1.0,0.1590909090909091,False,0.6261353324525414,0.3738646675474586,False
FSMI_nm,6070,6082,1.569797187543049,2.77509943850388,1.2053022509608309,0.09385108459770697,0.10029562323550624,0.3130172265286614,0.2648452007390069,1.1010129277342997,0.6136363636363636,0.5227272727272727,0.5663607179262323,32.0,0.05415404148438591,0.16001845307108586,1.6927861706111262,0.5962477518607203,0.18400613664254292,0.5508747818311037,0.06818181818181818,False,0.5663607179262323,0.4336392820737677,False
FSMI_nm,6070,6084,1.6004098868850862,2.6140207696470026,1.0136108827619164,0.0038476660745949687,0.11534995208727912,0.08984262420592291,0.1342326114182104,0.5274991904249089,0.29545454545454547,0.38636363636363635,0.33786519880269333,31.0,0.014419631413307285,0.04136340841938346,-0.28564131983459773,-1.4999390523582488,1.0,1.0,0.022727272727272728,False,0.3378651988026933,0.6621348011973067,False
FSMI_nm,6070,6085,2.455030747789686,3.5459322112790512,1.0909014634893652,0.1682691079684724,0.2674707079386382,0.5836730718543763,0.5147955371172078,1.7919397688450283,0.8409090909090909,0.4318181818181818,0.6025942537983114,31.25,0.09980298699493512,0.28937545133718934,-1.6298823966346019,-0.4465246242620678,1.0,1.0,0.5227272727272727,False,0.6025942537983114,0.39740574620168856,False
FSMI_nm,6070,6090,3.1749521180513365,3.284296445355454,0.1093443273041177,0.06038158978864194,0.48919260955691346,0.22639529424497973,0.39923386373695474,1.6104731767529774,0.5681818181818182,0.022727272727272728,0.11363636363636365,25.25,0.05785242878095763,0.17499278289511921,-0.4571915212975301,2.114539871142908,1.0,0.12068880918291996,0.11363636363636363,False,0.11363636363636365,0.8863636363636364,False
FSMI_nm,6070,6094,3.616631849567126,3.5064789268195096,0.11015292274761634,0.0,0.3149378540193018,0.18019193028409694,0.2606796879195187,0.9291545207420544,0.20454545454545456,0.29545454545454547,0.24583304150890836,30.0,0.1280131716985654,0.350643979218602,1.1006326842967826,0.8988054288722632,0.3326605479989091,0.4070556263205722,0.7045454545454546,False,0.2458330415089084,0.7541669584910916,False
FSMI_nm,6070,6095,8.567125493610352,6.461889876054597,2.1052356175557545,0.09693734702437151,0.8151085268655106,0.2918138458452084,0.5964166375840778,1.9048526429602788,0.6590909090909091,0.20454545454545456,0.36717032775917074,28.75,0.11780802148154924,0.33983094678652837,0.33585963837969557,0.48136497753152624,0.7147234185129583,0.6179393425646191,0.6590909090909091,False,0.3671703277591707,0.6328296722408293,False
FSMI_nm,6070,6099,9.324230493376989,5.0561827852520045,4.268047708124985,0.3292670717404631,0.256173090771571,0.43347869864543026,0.3701174531847201,1.1168228455053528,0.8863636363636364,0.38636363636363635,0.5851996904356243,31.0,0.14894517845966507,0.4029310153001635,1.0934143547482096,-0.7098740076964416,0.3350704888718702,1.0,0.7954545454545454,False,0.5851996904356243,0.41480030956437575,False
FSMI_nm,6070,6101,0.8380821497217993,1.0739104955283165,0.23582834580651724,0.0,0.04087111039908439,0.05599564182593486,0.05310929852261127,0.16944643349054256,0.20454545454545456,0.8863636363636364,0.42579531807261806,39.25,0.3070095318081579,0.833111656373168,0.9762886328423243,-0.320410584083235,0.3767066041520226,1.0,0.9318181818181818,False,0.42579531807261806,0.5742046819273819,False
FSMI_nm,6072,6022,1.283204177965711,1.849226220263499,0.566022042297788,0.7191684253833903,0.3076350924289018,0.762677738730935,0.643957711764358,1.8009543593411066,0.9772727272727273,0.11363636363636363,0.3332472340594359,27.0,0.0750727375193185,0.22663879005144782,4.7719722703451115,45.23468335871399,0.008463671040515227,2.2637404265115673e-20,0.38636363636363635,False,0.3332472340594359,0.6667527659405641,False
FSMI_nm,6072,6028,4.936413231860014,3.300563092329517,1.635850139530497,0.09071827866866089,0.18639764167409784,0.6593911256245694,0.539131320320006,1.8484724078887647,0.5681818181818182,0.3409090909090909,0.4401117438872065,30.0,0.08908706534615415,0.24165679192164569,-0.872186369708028,1.2259947309515362,1.0,0.2934656357336955,0.4318181818181818,False,0.4401117438872064,0.5598882561127936,False
FSMI_nm,6072,6029,2.2241852747386375,1.7709344808149776,0.45325079392365986,0.032005785437779766,0.3369144130570116,0.03788433741678787,0.2298654339648055,0.9555722773440121,0.4318181818181818,0.6136363636363636,0.5147614387684601,33.5,0.06737857602428521,0.19382208700724068,-0.4592248895340122,69.51241540750571,1.0,6.4735359590532505e-31,0.20454545454545456,False,0.5147614387684601,0.48523856123153986,False
FSMI_nm,6072,6033,2.1349665471520227,2.90981815792776,0.7748516107757375,0.003035443584886721,0.1908035171352994,0.2371894384743537,0.26541200362166395,1.06648362945137,0.1590909090909091,0.9772727272727273,0.39430344483857893,40.25,0.10539740039603736,0.29530925931827934,-1.0451583787181553,1.7524635265586834,1.0,0.1733463736066229,0.5681818181818182,False,0.39430344483857893,0.6056965551614211,False
FSMI_nm,6072,6047,2.946047980770432,3.1493186860809432,0.20327070531051117,0.003324454605267313,0.15378106342848913,0.039585157164262745,0.16715260840531848,0.5559427299792747,0.20454545454545456,0.5227272727272727,0.32698851295313996,31.5,0.16281117481488933,0.45113141625765596,-0.7956854265282666,-0.7700303378555504,1.0,1.0,0.7954545454545454,False,0.32698851295314,0.67301148704686,False
FSMI_nm,6072,6048,1.9658126479353135,1.8417403682009224,0.12407227973439117,0.1155005672874665,0.36661338524982223,0.49359478557055214,0.4647887262682998,1.357780435194473,0.75,0.1590909090909091,0.3454246398538787,27.25,0.1514344562097592,0.4198607446467979,1.832872624938891,0.4461901500606395,0.159953420990836,0.6400620526514126,0.75,False,0.3454246398538787,0.6545753601461213,False
FSMI_nm,6072,6056,2.6635524818908394,2.3443863854790363,0.31916609641180305,0.0,0.1692758721526088,0.45344745227154354,0.4104937319398273,1.3117559275596453,0.11363636363636363,0.6590909090909091,0.2736726040634613,34.5,0.07170943098279765,0.2028193026356322,-1.0144385780875165,-0.3657148851168318,1.0,1.0,0.25,False,0.2736726040634613,0.7263273959365387,False
FSMI_nm,6072,6057,4.20513929744002,0.849712503281235,3.355426794158785,0.02444222424810083,0.07561074610172884,0.04569412981494158,0.0668529309080766,0.28406840563918434,0.38636363636363635,0.7954545454545454,0.5543777689841122,39.0,0.41498600650623824,1.1179113847060256,0.1184469503333757,-0.292464313107015,0.8882989383694145,1.0,0.9772727272727273,True,0.9772727272727273,0.022727272727272707,False
FSMI_nm,6072,6062,2.919662839275907,4.266683597086964,1.3470207578110571,0.018649569839476854,0.38284786433585544,0.19845997910490648,0.3805986592820528,1.465673922847289,0.3409090909090909,0.7045454545454546,0.49008769665563234,37.5,0.10122187914985666,0.2691574357059605,-0.7954279351643684,0.04808050408098005,1.0,0.9530570590064279,0.5227272727272727,False,0.49008769665563234,0.5099123033443677,False
FSMI_nm,6072,6063,4.880341349767348,5.488877919694361,0.6085365699270131,0.33381215358876215,0.4755621746802038,0.9315776679097612,0.7945958869979408,2.56233266301299,0.9318181818181818,0.11363636363636363,0.32540502416537165,27.0,0.21225314886465171,0.6007608009219184,0.20286716586981823,4.016503249097027,0.8163866782376914,0.018015851871756756,0.8863636363636364,False,0.32540502416537165,0.6745949758346284,False
FSMI_nm,6072,6070,2.619825980056949,1.8089351726969005,0.8108908073600485,0.1029271117375754,0.11259456855081681,0.04232994869055217,0.08530367886560485,0.3018130984849541,0.6136363636363636,0.20454545454545456,0.35428311972999765,27.5,0.19793976915264438,0.5482976492886783,0.1558316243660379,-0.6593544376160363,0.855703257820473,1.0,0.8409090909090909,False,0.3542831197299976,0.6457168802700024,False
FSMI_nm,6072,6078,1.7124178830987482,2.6544586087401103,0.9420407256413621,0.0,0.1574070611540772,0.13262857197119693,0.15287580263093128,0.48174475368257497,0.11363636363636363,0.8863636363636364,0.31736909190383955,39.25,0.060580244533464396,0.1756567478529758,-0.3043204858063053,-1.086392775314691,1.0,1.0,0.1590909090909091,False,0.31736909190383955,0.6826309080961604,False
FSMI_nm,6072,6080,3.8146875917994394,1.9738054880972216,1.8408821037022178,0.1038113587581233,0.0976451801884007,0.12270943573265085,0.11708764818481576,0.41989457973827005,0.6590909090909091,0.9318181818181818,0.783679074980303,39.5,0.02585557827888839,0.07359076034319045,1.785566303559335,1.2442950051408888,0.16770206382845257,0.2881439765634201,0.022727272727272728,False,0.783679074980303,0.21632092501969702,False
FSMI_nm,6072,6081,2.064223001846959,3.445302838761939,1.3810798369149797,0.051108241751153916,0.10391249429535031,0.0852255712650667,0.17493071894774506,0.5177828040214765,0.4772727272727273,0.75,0.5982930264130992,37.75,0.07269689125288786,0.19310544321984313,-0.5316436435929466,-0.34910767317190916,1.0,1.0,0.3409090909090909,False,0.5982930264130992,0.4017069735869008,False
FSMI_nm,6072,6082,1.569797187543049,2.968760704941375,1.3989635173983261,0.11128926293940777,0.08942055170591401,0.302364231218443,0.2582562294804019,1.0569949675347687,0.7045454545454546,0.5681818181818182,0.632700495776139,32.0,0.04234340498338646,0.11795638726052893,1.998591047701876,1.1479584557033116,0.1355260985882439,0.31728385767466044,0.11363636363636363,False,0.632700495776139,0.36729950422386104,False
FSMI_nm,6072,6084,1.6004098868850862,2.796592168574043,1.196182281688957,0.014162261776585972,0.1113530577012302,0.08114323603753482,0.1238773122605227,0.48955896020885037,0.29545454545454547,0.4318181818181818,0.35718712830685706,31.0,0.027227877636412354,0.07736545743134815,-0.28244401569135374,-1.536958985765025,1.0,1.0,0.06818181818181818,False,0.35718712830685706,0.6428128716931429,False
FSMI_nm,6072,6085,2.455030747789686,3.6711689064405943,1.2161381586509084,0.1605837227062894,0.2626551085511621,0.5619113672220738,0.4948406717304136,1.694798083237751,0.7954545454545454,0.4772727272727273,0.616156441442089,31.25,0.10589492087006167,0.3065878919329019,-1.6018161917280385,-0.47513292139189595,1.0,1.0,0.6136363636363636,False,0.616156441442089,0.38384355855791097,False
FSMI_nm,6072,6090,3.1749521180513365,3.3822780994843193,0.20732598143298286,0.06261663267396811,0.46433900592390687,0.23322595583029493,0.38854123225701825,1.5761729498579005,0.5227272727272727,0.022727272727272728,0.10899617098438,25.25,0.09426061758253769,0.27888729903325404,-0.45796103529237586,1.9343296342393383,1.0,0.1445211183670519,0.4772727272727273,False,0.10899617098437997,0.89100382901562,False
FSMI_nm,6072,6094,3.616631849567126,3.718301231029925,0.10166938146279891,0.0,0.33229933023287034,0.1782976027223676,0.2688661172123506,0.9711313773562598,0.11363636363636363,0.3409090909090909,0.19682395540555422,30.0,0.13273424656890973,0.376083697879965,1.1194615783563995,0.7867374176825449,0.32645551802873135,0.45532791937795186,0.7045454545454546,False,0.1968239554055542,0.8031760445944458,False
FSMI_nm,6072,6095,8.567125493610352,6.550592116750827,2.016533376859525,0.21295054931431157,0.8330267427085177,0.29908680140217137,0.6089069490985431,1.9665515961550444,0.8409090909090909,0.25,0.458505477314364,28.75,0.13246408101000015,0.3771784533358862,0.5141089999332497,0.24211458210438486,0.5980332049306019,0.7849662293162727,0.6590909090909091,False,0.458505477314364,0.541494522685636,False
FSMI_nm,6072,6099,9.324230493376989,4.0344814591181555,5.289749034258834,0.2412060611990503,0.17984307277293324,0.29222520486760867,0.24967064249604615,0.7603107441255244,0.8863636363636364,0.4318181818181818,0.6186662540371,31.0,0.0717398167983782,0.19885790911424128,2.176420784437741,-0.3686211436322839,0.11344685558606556,1.0,0.29545454545454547,False,0.6186662540371,0.38133374596290004,False
FSMI_nm,6072,6101,0.8380821497217993,1.2681711265575253,0.430088976835726,0.006527082447205457,0.041088042871085154,0.06393230507572825,0.059036922966880304,0.17896793286463963,0.25,0.8863636363636364,0.4707344358456359,39.25,0.2410839763313819,0.658071423835812,0.5466159301249743,-0.08477621333001155,0.5789055561769921,1.0,0.9318181818181818,False,0.4707344358456359,0.5292655641543641,False
FSMI_nm,6078,6022,1.283204177965711,2.0152046415245097,0.7320004635587987,0.7219085062337038,0.3119022399573645,0.8192527874089829,0.6892646118319912,1.9505312465548887,0.9772727272727273,0.11363636363636363,0.3332472340594359,27.0,0.10015788916296829,0.28428968513750863,3.0739066118491736,63.9519990565776,0.04624015919390526,1.6826729105240064e-28,0.5681818181818182,False,0.3332472340594359,0.6667527659405641,False
FSMI_nm,6078,6028,4.936413231860014,3.228132422480702,1.7082808093793118,0.10977322659695199,0.1800334100236753,0.6676039929332952,0.5449500184502647,1.9091899392521974,0.7045454545454546,0.3409090909090909,0.49008769665563234,30.0,0.057075039927416436,0.16035715733461453,-0.7265451439349465,1.54759197486768,1.0,0.21275968814520332,0.25,False,0.49008769665563234,0.5099123033443677,False
FSMI_nm,6078,6029,2.2241852747386375,1.7421916887351454,0.48199358600349207,0.03957448965216215,0.3393783751338097,0.04199687011941114,0.23183892962658495,0.9657079950816216,0.38636363636363635,0.6136363636363636,0.48691557467337615,33.5,0.046870105820227353,0.13595158285474052,-0.5505861610723571,73.82652964420646,1.0,8.660551677087905e-33,0.1590909090909091,False,0.4869155746733762,0.5130844253266238,False
FSMI_nm,6078,6033,2.1349665471520227,2.9159145124656414,0.7809479653136187,0.0088246165005339,0.17950332701955263,0.23161122354562927,0.2555294829707817,1.026526841320217,0.25,0.9772727272727273,0.4942855266120806,40.25,0.07263367913689432,0.21330500580241862,-0.9182751990036163,2.510788002870464,1.0,0.08120422486016265,0.38636363636363635,False,0.4942855266120806,0.5057144733879194,False
FSMI_nm,6078,6047,2.946047980770432,3.035332592982881,0.08928461221244888,0.0,0.1545215985719905,0.032019115289792344,0.1674299524263513,0.5399953047013826,0.1590909090909091,0.5227272727272727,0.2883767622829436,31.5,0.15043141326221987,0.4229574395752076,-0.7578873866983142,-1.0670155913616282,1.0,1.0,0.7954545454545454,False,0.2883767622829436,0.7116232377170564,False
FSMI_nm,6078,6048,1.9658126479353135,1.8182776156087168,0.1475350323265967,0.12297688016041186,0.35466362419716313,0.4887802649637467,0.45738340501703045,1.353572427346434,0.75,0.1590909090909091,0.3454246398538787,27.25,0.1399629320460653,0.3917624079078478,1.2752256922458232,0.5387971605454591,0.2793679099347877,0.5834496266998019,0.7045454545454546,False,0.3454246398538787,0.6545753601461213,False
FSMI_nm,6078,6056,2.6635524818908394,2.2125601782367244,0.450992303654115,0.0,0.16506477020486005,0.4211943975239677,0.3847258548537814,1.2249175217956378,0.1590909090909091,0.6590909090909091,0.3238137920176138,34.5,0.06621270344001039,0.17849390997034187,-1.0155263571005446,-0.7202446360795776,1.0,1.0,0.29545454545454547,False,0.32381379201761384,0.6761862079823862,False
FSMI_nm,6078,6057,4.20513929744002,1.071417438805572,3.1337218586344484,0.01122073776903787,0.07682840862692006,0.027564230176815918,0.057248219855779194,0.198041499953024,0.3409090909090909,0.8409090909090909,0.5354190449722612,39.0,0.33491459140667895,0.9101620812023604,0.49829919895150365,-0.39768329182866213,0.60756312545514,1.0,0.9772727272727273,True,0.9772727272727273,0.022727272727272707,False
FSMI_nm,6078,6062,2.919662839275907,4.321412185221432,1.4017493459455244,0.0503366345869507,0.4160658272363711,0.2177540907584852,0.40804950371407056,1.563886255664146,0.4318181818181818,0.75,0.5690901829794961,37.5,0.08324399093994932,0.22096626400596442,-0.7272149502923447,-0.09079737760607831,1.0,1.0,0.4318181818181818,False,0.5690901829794961,0.4309098170205039,False
FSMI_nm,6078,6063,4.880341349767348,5.310748784571061,0.4304074348037128,0.32329679874367656,0.46085573993101764,0.9346556487603113,0.7948429234913487,2.642269616956627,0.8863636363636364,0.11363636363636363,0.31736909190383955,27.0,0.18740022209078194,0.5400981100900148,-0.04355419024570547,5.737178572481546,1.0,0.003223851318532902,0.8409090909090909,False,0.31736909190383955,0.6826309080961604,False
FSMI_nm,6078,6070,2.619825980056949,1.7605282173365087,0.8592977627204403,0.10399843221654681,0.09848062071333238,0.043245184403601714,0.0755344092346737,0.26981472472531554,0.6590909090909091,0.20454545454545456,0.36717032775917074,27.5,0.19919446896028017,0.5529069967909817,-0.16515259101026686,-0.7848697754476207,1.0,1.0,0.8863636363636364,False,0.3671703277591707,0.6328296722408293,False
FSMI_nm,6078,6072,1.4268805447108657,1.9659475972842635,0.5390670525733978,0.003911497734019553,0.06753344001665965,0.05335281279076,0.06452246029082231,0.24103586648583764,0.20454545454545456,0.75,0.39167472590032015,37.5,0.09026978844642705,0.2507003268206578,0.7697213349228814,-0.08638238224388045,0.4631421118627465,1.0,0.5227272727272727,False,0.39167472590032015,0.6083252740996798,False
FSMI_nm,6078,6080,3.8146875917994394,2.004693506362967,1.8099940854364722,0.0923363827793755,0.11333596961052053,0.1545888219045238,0.14592394758180982,0.5112252046191779,0.6136363636363636,0.9318181818181818,0.7561729436188238,39.5,0.028527014103633765,0.07650240179348922,1.3192427465766334,1.473501186653525,0.267337667699168,0.22912188075214573,0.06818181818181818,False,0.7561729436188238,0.2438270563811762,False
FSMI_nm,6078,6081,2.064223001846959,3.682867147221878,1.618644145374919,0.05034289679141324,0.11552841311088576,0.09379544486829292,0.1923916551415104,0.5874867027239157,0.4772727272727273,0.7954545454545454,0.616156441442089,37.75,0.0721876894639163,0.19387991154097595,-0.34418949007460103,-0.22685874988412308,1.0,1.0,0.3409090909090909,False,0.616156441442089,0.38384355855791097,False
FSMI_nm,6078,6082,1.569797187543049,2.7109461785954307,1.1411489910523818,0.14197886794251158,0.0976168368815831,0.2869072410181457,0.24232963426607176,1.01281884648679,0.7954545454545454,0.5681818181818182,0.6722817935340473,32.0,0.03802776041927663,0.1108033666352981,1.1933852126369922,0.9821011850501984,0.3031931515706691,0.37452332869658794,0.11363636363636363,False,0.6722817935340473,0.32771820646595273,False
FSMI_nm,6078,6084,1.6004098868850862,2.7366547920616595,1.1362449051765733,0.010202815484299688,0.11239880050412392,0.08943620790626793,0.13324735573234853,0.5161674364699995,0.29545454545454547,0.4318181818181818,0.35718712830685706,31.0,0.020378221470791363,0.05493976031986336,-0.3171891725082655,-1.4932859333490478,1.0,1.0,0.022727272727272728,False,0.35718712830685706,0.6428128716931429,False
FSMI_nm,6078,6085,2.455030747789686,3.653178912950296,1.1981481651606098,0.17131180905007293,0.27021360740882366,0.5885560350555175,0.5197797380553459,1.806068710598106,0.8409090909090909,0.4772727272727273,0.6335163574893797,31.25,0.08380023534405764,0.24063087735739774,-1.4115645884771288,-0.41892308662049776,1.0,1.0,0.4772727272727273,False,0.6335163574893797,0.36648364251062027,False
FSMI_nm,6078,6090,3.1749521180513365,3.4461772467417893,0.2712251286904528,0.06033484099065456,0.4669368421592999,0.2292291197484076,0.38694706138079177,1.5765086584744354,0.5227272727272727,0.022727272727272728,0.10899617098438,25.25,0.05283276516784264,0.15974395430893984,-0.6327304934755441,2.0039238042559124,1.0,0.13480529454220702,0.20454545454545456,False,0.10899617098437997,0.89100382901562,False
FSMI_nm,6078,6094,3.616631849567126,3.5047634006280277,0.1118684489390982,0.0,0.3028070914415741,0.18232177675909406,0.2560700500553109,0.9005859522366331,0.1590909090909091,0.3409090909090909,0.23288524468089994,30.0,0.1447084050797032,0.40447246881188226,0.8762524383689174,0.7810293772826352,0.4163402524993398,0.4579343813551863,0.75,False,0.2328852446809,0.7671147553191,False
FSMI_nm,6078,6095,8.567125493610352,6.433974368533529,2.1331511250768225,0.0897047557639521,0.7238025807236169,0.27042220217813934,0.5328642072756227,1.699474669590285,0.5681818181818182,0.25,0.37688918072220456,28.75,0.10351147640286282,0.3008149206618007,0.08850567696956022,0.3233076473722862,0.9152979146028487,0.7237511599714445,0.6136363636363636,False,0.37688918072220456,0.6231108192777954,False
FSMI_nm,6078,6099,9.324230493376989,5.194192354548592,4.130038138828397,0.3463881023458084,0.2647491891383975,0.43378338960636953,0.37224701949291605,1.122026723851512,0.9318181818181818,0.4318181818181818,0.6343311698614937,31.0,0.13151026841865202,0.3568461775976157,0.8241850514803122,-0.34202063673598954,0.4385922769878065,1.0,0.6590909090909091,False,0.6343311698614937,0.36566883013850626,False
FSMI_nm,6078,6101,0.8380821497217993,1.163989884922358,0.3259077352005587,0.0,0.045669329069727926,0.05852129706605042,0.056536953526972036,0.17757969864768186,0.1590909090909091,0.8863636363636364,0.37551617367859785,39.25,0.2854152223566173,0.7853532986424769,0.0597849846642746,0.07795924907776736,0.94196704917281,0.9250021204649791,0.9318181818181818,False,0.3755161736785979,0.6244838263214021,False
FSMI_nm,6080,6022,1.283204177965711,1.9591411276876087,0.6759369497218977,0.8231407485691316,0.34673437865984164,0.8032253914224515,0.6771599617869298,1.8791736889801032,0.9772727272727273,0.11363636363636363,0.3332472340594359,27.0,0.22797130845007407,0.6762577147594956,4.765214754952638,82.43292456738973,0.00852105810646226,1.584293838664609e-36,0.8409090909090909,False,0.3332472340594359,0.6667527659405641,False
FSMI_nm,6080,6028,4.936413231860014,3.1556443669038265,1.7807688649561872,0.04856299212657422,0.17088682761445964,0.5919233671884971,0.48670633546494746,1.6301807324329423,0.6136363636363636,0.3409090909090909,0.4573775408522297,30.0,0.03960329769403294,0.11101948406733042,-0.7410031196975466,1.6646868920909739,1.0,0.18924990434807892,0.1590909090909091,False,0.4573775408522297,0.5426224591477703,False
FSMI_nm,6080,6029,2.2241852747386375,1.7658939947232846,0.4582912800153529,0.03982828934898963,0.39015949842833564,0.04255147846444131,0.2654789220296381,1.1055838270670784,0.5227272727272727,0.6136363636363636,0.5663607179262323,33.5,0.2618325942534478,0.7833885151273912,-0.6105177612359883,109.20407881686036,1.0,3.743442515873899e-48,0.9318181818181818,False,0.5663607179262323,0.4336392820737677,False
FSMI_nm,6080,6033,2.1349665471520227,2.6740273661910186,0.5390608190389958,0.015707054463696135,0.15640770006120486,0.20418398121087553,0.21881366307959438,0.8757126504874422,0.3409090909090909,0.9772727272727273,0.5772011408727407,40.25,0.07769804828772496,0.23347224786559395,-0.8106113494866154,2.0689918919783405,1.0,0.12631305474550272,0.38636363636363635,False,0.5772011408727407,0.42279885912725934,False
FSMI_nm,6080,6047,2.946047980770432,3.061174253803463,0.11512627303303091,0.0,0.16743084928646604,0.04274470056357594,0.18044860455932346,0.5781740597996161,0.20454545454545456,0.5227272727272727,0.32698851295313996,31.5,0.20305167186541517,0.5519412575414356,-0.9045407949260145,-1.0012399594698451,1.0,1.0,0.75,False,0.32698851295314,0.67301148704686,False
FSMI_nm,6080,6048,1.9658126479353135,1.6771112254521943,0.28870142248311925,0.021817608759385987,0.33710186968751404,0.4738454431631063,0.43996576985761593,1.2639547770226414,0.4772727272727273,0.1590909090909091,0.27555353756777595,27.25,0.1344885090922249,0.3729651391222062,1.460137570932902,0.4981528451438105,0.23220432796631396,0.6076520511391118,0.5227272727272727,False,0.275553537567776,0.724446462432224,False
FSMI_nm,6080,6056,2.6635524818908394,2.253096056688638,0.4104564252022014,0.0,0.16903192313644086,0.4262286442445114,0.39088626970368645,1.2361097925517515,0.20454545454545456,0.6590909090909091,0.36717032775917074,34.5,0.06630920373973188,0.18288099643666633,-1.0728884876576954,-0.3810108720102676,1.0,1.0,0.25,False,0.3671703277591707,0.6328296722408293,False
FSMI_nm,6080,6057,4.20513929744002,1.0574140479938887,3.1477252494461316,0.007053682107323489,0.07039168693876348,0.028742127820991524,0.05427132430736506,0.18073247625641664,0.25,0.8409090909090909,0.458505477314364,39.0,0.33779212912037343,0.9150316800174988,-0.05755106492471001,-0.3106471097677429,1.0,1.0,0.9772727272727273,True,0.9772727272727273,0.022727272727272707,False
FSMI_nm,6080,6062,2.919662839275907,4.434163185652461,1.514500346376554,0.017329677462136317,0.47206866013313736,0.19051390679071342,0.4057002998578806,1.5065170428746715,0.38636363636363635,0.75,0.538305421923955,37.5,0.06921616060838014,0.18369520762852987,-0.8291011201229365,0.2576349297877429,1.0,0.7728773351028694,0.29545454545454547,False,0.538305421923955,0.46169457807604497,False
FSMI_nm,6080,6063,4.880341349767348,4.943773951545297,0.06343260177794896,0.2685224324363462,0.4264180318848168,0.8594611687886421,0.7310594763639762,2.3298320277967903,0.8863636363636364,0.11363636363636363,0.31736909190383955,27.0,0.22654825336696602,0.6535191824782104,0.1232454510535369,4.83377826571338,0.8840466457478331,0.007956402999722403,0.7954545454545454,False,0.31736909190383955,0.6826309080961604,False
FSMI_nm,6080,6070,2.619825980056949,1.7778246446383505,0.8420013354185985,0.0778048393430586,0.08957194606904417,0.04279714622027236,0.0700161328638029,0.24352842531675223,0.7045454545454546,0.20454545454545456,0.3796202974656833,27.5,0.1812906554274833,0.5025073134518685,0.10756246198143318,-0.4390932722144856,0.8980204285636175,1.0,0.7045454545454546,False,0.37962029746568327,0.6203797025343167,False
FSMI_nm,6080,6072,1.4268805447108657,1.5711989381466864,0.14431839343582076,0.01354953956996896,0.0841708840754385,0.045494215089155944,0.06771658495468519,0.26343286421348333,0.29545454545454547,0.75,0.4707344358456359,37.5,0.11643489734293826,0.3273683317178,0.876145311608567,0.045060440688138866,0.41638485607086895,0.9559397024335698,0.4772727272727273,False,0.4707344358456359,0.5292655641543641,False
FSMI_nm,6080,6078,1.7124178830987482,2.584592364637577,0.8721744815388286,0.0,0.13719092967384966,0.10277146225964386,0.12557211373143737,0.42147570146575,0.20454545454545456,0.9318181818181818,0.43657665255223965,39.25,0.02028357333787178,0.060352652824201325,-0.3352530121346645,-1.468538886232811,1.0,1.0,0.06818181818181818,False,0.43657665255223965,0.5634233474477603,False
FSMI_nm,6080,6081,2.064223001846959,3.5865714686205026,1.5223484667735434,0.043884991739372214,0.10133124505287228,0.09410273988477776,0.17967500451145796,0.5557756576815267,0.5681818181818182,0.7954545454545454,0.6722817935340473,37.75,0.007362148626727082,0.022127147244382472,-0.5437316321419717,-0.4372708455542803,1.0,1.0,0.022727272727272728,False,0.6722817935340473,0.32771820646595273,False
FSMI_nm,6080,6082,1.569797187543049,3.2722253954121108,1.7024282078690618,0.23542097080712,0.18200455073999208,0.3990461162281927,0.3401237225495855,1.3683565985744197,0.8409090909090909,0.5681818181818182,0.691223014806616,32.0,0.1591608310378395,0.42528546709216664,1.2356060358923673,1.468334495426765,0.29065855946114444,0.23030874620670222,0.6590909090909091,False,0.691223014806616,0.30877698519338403,False
FSMI_nm,6080,6084,1.6004098868850862,2.452777934326726,0.8523680474416397,0.021785554841830646,0.09465345736970769,0.09339394823022952,0.13450426656065514,0.49024931218635537,0.4318181818181818,0.4318181818181818,0.4318181818181818,31.0,0.02285490917052294,0.06304900073381292,-0.26518677136080804,-1.5323648659430043,1.0,1.0,0.11363636363636363,False,0.4318181818181819,0.5681818181818181,False
FSMI_nm,6080,6085,2.455030747789686,3.714862981056725,1.2598322332670389,0.13627182697734597,0.3106937537279576,0.6057448876030721,0.5461625752498437,1.8725461413467115,0.75,0.4772727272727273,0.5982930264130992,31.25,0.1517584763351253,0.42607485097369435,-1.725177548809876,-0.5543817085650988,1.0,1.0,0.6136363636363636,False,0.5982930264130992,0.4017069735869008,False
FSMI_nm,6080,6090,3.1749521180513365,3.2993910573835383,0.12443893933220185,0.0523467650491658,0.47064645024182256,0.22009590522725697,0.3824213904704538,1.544702909492222,0.6590909090909091,0.022727272727272728,0.1223901092530569,25.25,0.07212089973643612,0.21526840615742726,-0.41882779153739236,2.300538224008497,1.0,0.10020489652518874,0.3409090909090909,False,0.12239010925305693,0.8776098907469431,False
FSMI_nm,6080,6094,3.616631849567126,2.736530012174921,0.8801018373922047,0.0,0.2077512057131114,0.16856825560860805,0.19683629826104898,0.6043565404089124,0.20454545454545456,0.3409090909090909,0.26406704633232386,30.0,0.057032988306640345,0.17305786736962248,1.35583288602506,1.3533608743879677,0.25773254319914773,0.2583704491758471,0.20454545454545456,False,0.2640670463323238,0.7359329536676762,False
FSMI_nm,6080,6095,8.567125493610352,6.030485971483252,2.5366395221271,0.1650127575011755,0.6010594628592267,0.27545694401946813,0.4609531461631435,1.4436732857970753,0.7954545454545454,0.25,0.44594129250792236,28.75,0.10649205389461425,0.3078394551874899,0.33674061708259606,0.41250310480695584,0.7140940396781652,0.6619911413329429,0.4318181818181818,False,0.44594129250792236,0.5540587074920776,False
FSMI_nm,6080,6099,9.324230493376989,4.499112861899056,4.825117631477933,0.26881327012640277,0.245771610084031,0.38900030317628476,0.3389623039791882,1.018101313591933,0.9318181818181818,0.4318181818181818,0.6343311698614937,31.0,0.14096881474073136,0.3887033865659104,1.330867774728005,-0.43438998956270697,0.2642478541675878,1.0,0.5681818181818182,False,0.6343311698614937,0.36566883013850626,False
FSMI_nm,6080,6101,0.8380821497217993,1.1367247930424678,0.2986426433206685,0.0,0.04564470796569737,0.06785507576060078,0.06245791335166861,0.21089658801692135,0.20454545454545456,0.9318181818181818,0.43657665255223965,39.25,0.25250412494970104,0.6905841379097176,0.4321659487163926,-0.03478987605310585,0.6491016501612029,1.0,0.8863636363636364,False,0.43657665255223965,0.5634233474477603,False
FSMI_nm,6081,6022,1.283204177965711,2.0989909229114865,0.8157867449457754,0.587415133292299,0.2686799054978195,0.8033423987339986,0.683026893444959,1.9493935720134072,0.9772727272727273,0.11363636363636363,0.3332472340594359,27.0,0.15591439463296305,0.433500792901147,4.53047693309283,58.39733418780349,0.010775535637480198,4.3487055671247314e-26,0.7045454545454546,False,0.3332472340594359,0.6667527659405641,False
FSMI_nm,6081,6028,4.936413231860014,3.1959491572856735,1.7404640745743403,0.12105709078284255,0.18650658306600412,0.7038010471837729,0.5736966024963124,2.051511089489201,0.7045454545454546,0.3409090909090909,0.49008769665563234,30.0,0.06309080012476456,0.1726185217972509,-0.8833767842064553,1.1233552406509781,1.0,0.32518688191040945,0.20454545454545456,False,0.49008769665563234,0.5099123033443677,False
FSMI_nm,6081,6029,2.2241852747386375,1.722235013152074,0.5019502615865634,0.038142217667036515,0.3353433443910981,0.0414508497379129,0.22911861352397694,0.9562172366903297,0.4318181818181818,0.6136363636363636,0.5147614387684601,33.5,0.10685631233849704,0.291880659984168,-0.5920657858266103,68.19176118734514,1.0,2.424903191292867e-30,0.4772727272727273,False,0.5147614387684601,0.48523856123153986,False
FSMI_nm,6081,6033,2.1349665471520227,3.0505213194491887,0.915554772297166,0.02633189251142065,0.188209200477996,0.2482902802039926,0.271712567711367,1.097960240312299,0.3409090909090909,0.9772727272727273,0.5772011408727407,40.25,0.08677870083121249,0.2511182188842749,-0.8450846388846539,1.8188736115385724,1.0,0.16220835769395373,0.38636363636363635,False,0.5772011408727407,0.42279885912725934,False
FSMI_nm,6081,6047,2.946047980770432,3.0225734061290543,0.07652542535862228,0.0010073216037622679,0.1452718260412873,0.029150088177574206,0.1599786140480827,0.5012145164652289,0.1590909090909091,0.5227272727272727,0.2883767622829436,31.5,0.16074028147900854,0.44709940316549657,-0.8387194092817764,-0.8917872015940169,1.0,1.0,0.75,False,0.2883767622829436,0.7116232377170564,False
FSMI_nm,6081,6048,1.9658126479353135,1.7850888073382811,0.1807238405970324,0.12646135080719634,0.3437514486549659,0.4899016892859906,0.45460691744666254,1.3825388082489,0.75,0.1590909090909091,0.3454246398538787,27.25,0.17414480376961589,0.4749576669851102,1.369381653976076,0.6651880948390787,0.254264134170033,0.5141768046070386,0.7954545454545454,False,0.3454246398538787,0.6545753601461213,False
FSMI_nm,6081,6056,2.6635524818908394,2.1533513042485315,0.5102011776423079,0.0,0.16218338658977327,0.41088247643148174,0.37710341090141153,1.1846511489997738,0.06818181818181818,0.6590909090909091,0.21198588757020034,34.5,0.051180654907792895,0.1410790654719284,-1.2035385547236035,-0.5745353491313251,1.0,1.0,0.1590909090909091,False,0.21198588757020032,0.7880141124297997,False
FSMI_nm,6081,6057,4.20513929744002,1.0636016059034765,3.1415376915365436,0.012233171812241705,0.07752696205635114,0.026338549913606766,0.05701753904257231,0.20138506865553052,0.20454545454545456,0.7954545454545454,0.4033690761204284,39.0,0.3589519576849932,0.9675818219970286,0.09746132154270036,-0.4164894631351564,0.9071374275535178,1.0,0.9772727272727273,True,0.9772727272727273,0.022727272727272707,False
FSMI_nm,6081,6062,2.919662839275907,4.373416448130598,1.453753608854691,0.07310059066856489,0.44144535676444346,0.2327973216278483,0.4324336923758668,1.6496194317573973,0.5681818181818182,0.75,0.6527912098338668,37.5,0.09466132538189093,0.25738536956817537,-0.7698278990986278,-0.032063661429827264,1.0,1.0,0.4318181818181818,False,0.6527912098338668,0.34720879016613315,False
FSMI_nm,6081,6063,4.880341349767348,5.2154070454497985,0.3350656956824505,0.31733958991311795,0.42391882034099077,0.9420609199719516,0.7924857444484531,2.7221977222492626,0.8863636363636364,0.11363636363636363,0.31736909190383955,27.0,0.20382617867815858,0.5889063238180803,-0.09945149460300885,4.625103046171099,1.0,0.009802644858755944,0.8863636363636364,False,0.31736909190383955,0.6826309080961604,False
FSMI_nm,6081,6070,2.619825980056949,1.783693947320158,0.8361320327367909,0.09910897996240409,0.09468813950763023,0.04515997030079863,0.07238452924504431,0.2620677384262853,0.6590909090909091,0.20454545454545456,0.36717032775917074,27.5,0.191921813072495,0.528885532456902,-0.11325696129955529,-0.7576267922700495,1.0,1.0,0.8409090909090909,False,0.3671703277591707,0.6328296722408293,False
FSMI_nm,6081,6072,1.4268805447108657,1.9612935783006245,0.5344130335897588,0.013996847790848088,0.07688909652799561,0.049866087314353186,0.06685445633474327,0.24827088668985686,0.25,0.75,0.4330127018922193,37.5,0.0758541083374405,0.21594582467500667,0.5679449489431472,-0.05556844194868643,0.5666888173418329,1.0,0.29545454545454547,False,0.4330127018922193,0.5669872981077807,False
FSMI_nm,6081,6078,1.7124178830987482,2.747922683584949,1.0355048004862009,0.0001549632177297866,0.12804169937912674,0.14576990727526762,0.1510565440660291,0.5465786020955221,0.11363636363636363,0.8863636363636364,0.31736909190383955,39.25,0.06534140859854216,0.18402627687198803,-0.1450696868657292,-1.0298244433460084,1.0,1.0,0.25,False,0.31736909190383955,0.6826309080961604,False
FSMI_nm,6081,6080,3.8146875917994394,1.925904397117923,1.8887831946815163,0.0803994777485233,0.11377747444099234,0.1594044270696136,0.15062638107041995,0.5351988859064218,0.6136363636363636,0.9318181818181818,0.7561729436188238,39.5,0.016036701592151155,0.04515347636425859,1.5256401519442968,1.123708429315075,0.2174817909030048,0.32507204986988686,0.022727272727272728,False,0.7561729436188238,0.2438270563811762,False
FSMI_nm,6081,6082,1.569797187543049,2.6730455567700653,1.1032483692270163,0.14805762191028515,0.09813823998502609,0.29099790781751284,0.2450319572792796,1.025020158518819,0.7954545454545454,0.5681818181818182,0.6722817935340473,32.0,0.04814085805604435,0.1377727440882719,1.2727644797193403,1.1874543998239366,0.28005634057375484,0.30499667629610056,0.11363636363636363,False,0.6722817935340473,0.32771820646595273,False
FSMI_nm,6081,6084,1.6004098868850862,2.8024022963431094,1.2019924094580232,0.02011389361758642,0.1155820856085566,0.0860822878692735,0.1319989656334633,0.5211188867635621,0.29545454545454547,0.4318181818181818,0.35718712830685706,31.0,0.041836627608890085,0.11212050437646559,-0.32562642659706403,-1.7133666590484757,1.0,1.0,0.06818181818181818,False,0.35718712830685706,0.6428128716931429,False
FSMI_nm,6081,6085,2.455030747789686,3.654957429102559,1.1999266813128728,0.18282523498487668,0.27266492568017936,0.6066456079640529,0.5368335412456767,1.8699245581579027,0.8409090909090909,0.4772727272727273,0.6335163574893797,31.25,0.11004828006069288,0.3150779259726013,-1.6260798103012148,-0.627967190241641,1.0,1.0,0.5227272727272727,False,0.6335163574893797,0.36648364251062027,False
FSMI_nm,6081,6090,3.1749521180513365,3.4363566211632017,0.26140450311186525,0.06704153987387595,0.4647845239648379,0.22974224362755263,0.3884987778485059,1.5952287936015153,0.4772727272727273,0.022727272727272728,0.10414944761263273,25.25,0.07671510893262647,0.2255369629515409,-0.5498744937824992,1.8767622336639933,1.0,0.15308495753943305,0.3409090909090909,False,0.10414944761263278,0.8958505523873672,False
FSMI_nm,6081,6094,3.616631849567126,3.79116800307773,0.17453615351060403,0.03557555819934599,0.37365608150841845,0.41191300318732843,0.42311278005509273,1.4638023201768635,0.38636363636363635,0.3409090909090909,0.36292544142434796,30.0,0.1354514420797348,0.38105269751797255,0.753224235626832,0.7678486682493855,0.4708459843254528,0.46401023525990115,0.6590909090909091,False,0.3629254414243479,0.6370745585756521,False
FSMI_nm,6081,6095,8.567125493610352,6.514472690868876,2.052652802741475,0.07034830401838388,0.7736761096490974,0.2821228654400058,0.5674664084493123,1.7633330395018847,0.5227272727272727,0.25,0.3614994027406106,28.75,0.11689304699035438,0.3359098580706221,0.07044201299093392,0.2778361729121892,0.9319817807949118,0.7574208974104315,0.5681818181818182,False,0.36149940274061065,0.6385005972593893,False
FSMI_nm,6081,6099,9.324230493376989,5.414121424452543,3.910109068924446,0.38160164657332807,0.2888606571093222,0.4707773054055572,0.40395441418267103,1.2014873576165943,0.9318181818181818,0.4318181818181818,0.6343311698614937,31.0,0.13489615128131024,0.36657636739304134,0.9426339646359754,-0.0922899176879125,0.3896002893084111,1.0,0.6136363636363636,False,0.6343311698614937,0.36566883013850626,False
FSMI_nm,6081,6101,0.8380821497217993,1.1781983140838987,0.34011616436209946,0.0,0.04691590371371089,0.058722105696153166,0.057119213245875725,0.17845489807634585,0.06818181818181818,0.8863636363636364,0.24583304150890833,39.25,0.24687369860970773,0.6745698924943396,0.14213329553278933,-0.02611977013690035,0.8675056141557457,1.0,0.9318181818181818,False,0.24583304150890828,0.7541669584910917,False
FSMI_nm,6082,6022,1.283204177965711,1.777152444598925,0.493948266633214,0.5673963381025795,0.2475073440700858,0.6777352344160626,0.5713476184113686,1.6097114337599105,0.9772727272727273,0.11363636363636363,0.3332472340594359,27.0,0.06119336976771677,0.16698191931285217,4.471515016529797,53.70322864817938,0.011429986108507885,4.7531786498332306e-24,0.06818181818181818,False,0.3332472340594359,0.6667527659405641,False
FSMI_nm,6082,6028,4.936413231860014,3.370049771015107,1.5663634608449066,0.1431284068203289,0.2455110993143837,0.740439151634304,0.6114698865478967,2.132419860796515,0.6136363636363636,0.3409090909090909,0.4573775408522297,30.0,0.09567867285649596,0.25920392824843064,-0.8198699072827863,1.586427414680938,1.0,0.2046554563206305,0.38636363636363635,False,0.4573775408522297,0.5426224591477703,False
FSMI_nm,6082,6029,2.2241852747386375,1.6539359650514844,0.570249309687153,0.01603636639061179,0.3148597898656806,0.03923442959411461,0.21652726180634624,0.8846397196166165,0.3409090909090909,0.5681818181818182,0.4401117438872065,33.5,0.0774104298634187,0.23242867480996476,-0.5372043145916398,60.96890882256575,1.0,3.323068783159971e-27,0.3409090909090909,False,0.4401117438872064,0.5598882561127936,False
FSMI_nm,6082,6033,2.1349665471520227,2.8583596772670994,0.7233931301150767,0.04487735803490933,0.23352770431705164,0.2337089462970249,0.28619396561580857,1.1917922698212582,0.38636363636363635,0.9772727272727273,0.6144775379361715,40.25,0.10002840545125041,0.2985594978422952,-0.861164611122995,2.235572852044792,1.0,0.10693085674463981,0.4772727272727273,False,0.6144775379361715,0.38552246206382845,False
FSMI_nm,6082,6047,2.946047980770432,2.89504375741122,0.05100422335921184,0.010061612095345396,0.12627418180430428,0.027454624494525882,0.13906133086137248,0.4528414120062392,0.25,0.5227272727272727,0.3614994027406106,31.5,0.16207446373569728,0.4532897526770463,-0.9345422442743752,-1.0933548085346498,1.0,1.0,0.75,False,0.36149940274061065,0.6385005972593893,False
FSMI_nm,6082,6048,1.9658126479353135,1.985690954417444,0.019878306482130403,0.1949552345818375,0.3451096306837032,0.48617432765764457,0.4522040570439269,1.3982002166452254,0.75,0.1590909090909091,0.3454246398538787,27.25,0.11652504687109248,0.33585391465198633,1.6806111081099413,0.464306825557702,0.18626011618505392,0.6285706633323146,0.6590909090909091,False,0.3454246398538787,0.6545753601461213,False
FSMI_nm,6082,6056,2.6635524818908394,2.125295824246197,0.5382566576446424,0.0,0.17038098067590338,0.39742312856927203,0.36668856137200795,1.1481389545013465,0.11363636363636363,0.6136363636363636,0.26406704633232386,34.5,0.06120417835348326,0.17204946626804418,-1.1540841920568794,-0.49687653419010686,1.0,1.0,0.11363636363636363,False,0.2640670463323238,0.7359329536676762,False
FSMI_nm,6082,6057,4.20513929744002,0.9906288224341036,3.2145104750059166,0.01203078219639031,0.07593643977105503,0.02313623440940873,0.0547884154882028,0.20103471349786672,0.29545454545454547,0.7954545454545454,0.4847892956295805,39.0,0.3455725811048679,0.9338341813999955,-0.07503840090189363,-0.21970411907869986,1.0,1.0,0.9772727272727273,True,0.9772727272727273,0.022727272727272707,False
FSMI_nm,6082,6062,2.919662839275907,4.300738513867136,1.3810756745912292,0.1488215613511894,0.4782144304285166,0.22322535448311112,0.4304015538365435,1.6415695874386511,0.7045454545454546,0.7045454545454546,0.7045454545454546,37.5,0.10887017764606582,0.30341781400085255,-0.8213906426980925,0.24003720179540255,1.0,0.7865985976421374,0.5227272727272727,False,0.7045454545454546,0.2954545454545454,False
FSMI_nm,6082,6063,4.880341349767348,5.193085419174598,0.3127440694072501,0.3375227065716029,0.44286638927393834,0.8907046418321108,0.7579058283554375,2.5684758469009936,0.8863636363636364,0.11363636363636363,0.31736909190383955,27.0,0.19377545613735406,0.5647641415883501,0.13433113726488488,4.98883513201216,0.8743005031863795,0.0068135968120893,0.7954545454545454,False,0.31736909190383955,0.6826309080961604,False
FSMI_nm,6082,6070,2.619825980056949,1.7046944276604539,0.9151315523964951,0.10098370444611482,0.11345232241770913,0.04554934564172192,0.0808156896443159,0.3144374802577752,0.5681818181818182,0.20454545454545456,0.34090909090909094,27.5,0.20440710105586507,0.5734301664526634,0.08477797036210091,-0.5813252173489786,0.9187162439930682,1.0,0.8409090909090909,False,0.34090909090909094,0.6590909090909091,False
FSMI_nm,6082,6072,1.4268805447108657,2.067608062736832,0.6407275180259664,0.008632397421217686,0.031059607280926056,0.06069250966854051,0.056711079854429094,0.22980443014554242,0.20454545454545456,0.7045454545454546,0.3796202974656833,37.5,0.07525656203557878,0.20994566975518525,0.9979014124208574,0.0452222548644257,0.3686522790476545,0.9557850303524459,0.29545454545454547,False,0.37962029746568327,0.6203797025343167,False
FSMI_nm,6082,6078,1.7124178830987482,2.416474159277246,0.7040562761784979,0.0,0.11572467844402864,0.1229450468290324,0.13087936697501082,0.4969338268982808,0.11363636363636363,0.8863636363636364,0.31736909190383955,39.25,0.06299301447523427,0.18520466414947045,-0.3501838293259938,-1.0654951758846758,1.0,1.0,0.1590909090909091,False,0.31736909190383955,0.6826309080961604,False
FSMI_nm,6082,6080,3.8146875917994394,4.839334091749569,1.0246464999501295,0.3788178299210969,0.24174568274540853,0.36371671396835376,0.31440446014075435,0.8945123541763591,0.9318181818181818,0.9318181818181818,0.9318181818181818,39.5,0.33020354592169293,0.8780991038341034,0.5008938638981649,2.1190326700523414,0.605988746087381,0.12014779487692588,0.9318181818181818,False,0.9318181818181818,0.06818181818181823,False
FSMI_nm,6082,6081,2.064223001846959,3.284011434325512,1.2197884324785528,0.05720623294749361,0.12200927500574936,0.08030112593025628,0.1919188764079736,0.5810281617811031,0.4772727272727273,0.75,0.5982930264130992,37.75,0.06383345079482687,0.1718652834036869,-0.5565323319389942,-0.3134328513644395,1.0,1.0,0.20454545454545456,False,0.5982930264130992,0.4017069735869008,False
FSMI_nm,6082,6084,1.6004098868850862,2.9466485014494004,1.3462386145643142,0.008467090439148173,0.183465475956432,0.10220395163042893,0.17744639160214787,0.7199858289883441,0.1590909090909091,0.4318181818181818,0.26210369533342714,31.0,0.05816424946551209,0.15840603745977977,-0.285345711382453,-1.4893840443811257,1.0,1.0,0.022727272727272728,False,0.26210369533342714,0.7378963046665729,False
FSMI_nm,6082,6085,2.455030747789686,3.5773126338397017,1.1222818860500157,0.21005755562941975,0.27262949263887815,0.5663268470814324,0.5007957532562749,1.73198417113211,0.7954545454545454,0.4772727272727273,0.616156441442089,31.25,0.09827457187463697,0.29053179853168076,-1.7901464652759786,-0.4642454879702706,1.0,1.0,0.4318181818181818,False,0.616156441442089,0.38384355855791097,False
FSMI_nm,6082,6090,3.1749521180513365,3.252275721052611,0.0773236030012745,0.07843252107524146,0.47865328399075385,0.2081412293115635,0.3898374220479869,1.5607612509624404,0.5227272727272727,0.022727272727272728,0.10899617098438,25.25,0.07013692023756544,0.21227757704942973,-0.45386202231896533,2.2683977749072555,1.0,0.10347784212891925,0.25,False,0.10899617098437997,0.89100382901562,False
FSMI_nm,6082,6094,3.616631849567126,3.3456697941990603,0.2709620553680656,0.1438426606226222,0.28713471420212033,0.1597395057258229,0.2435583666166533,0.9078600282610556,0.6590909090909091,0.3409090909090909,0.47401485487759565,30.0,0.11434828620579157,0.3247500456652017,0.7772438964344525,1.2400654629519599,0.4596711683985827,0.2893652746139435,0.6136363636363636,False,0.47401485487759565,0.5259851451224044,False
FSMI_nm,6082,6095,8.567125493610352,6.196897024427956,2.370228469182395,0.04958799249846102,0.8465037564962744,0.2722355472967001,0.6105684803938489,1.976535272592816,0.4318181818181818,0.25,0.32856437033638547,28.75,0.11313738235630064,0.3230424668107661,0.2976446268796271,0.23084423452995156,0.7425651805693289,0.7938631128659691,0.5681818181818182,False,0.3285643703363854,0.6714356296636146,False
FSMI_nm,6082,6099,9.324230493376989,4.812349275011818,4.511881218365171,0.24426380150360938,0.21524674558236884,0.40575522398840097,0.3404292413265638,1.0392134964322746,0.8409090909090909,0.4318181818181818,0.6025942537983114,31.0,0.1486428828332559,0.4053570172137928,1.1303397266797692,-0.3898277836236639,0.32292353204579793,1.0,0.7045454545454546,False,0.6025942537983114,0.39740574620168856,False
FSMI_nm,6082,6101,0.8380821497217993,1.13408732760122,0.2960051778794207,0.0,0.04682909044244949,0.04729148826440707,0.04992087929586508,0.15866551003433216,0.11363636363636363,0.8863636363636364,0.31736909190383955,39.25,0.2638511277643154,0.7194645154526873,0.27539473613710097,0.007726045609522041,0.759272351828391,0.9923037235655218,0.8863636363636364,False,0.31736909190383955,0.6826309080961604,False
FSMI_nm,6084,6022,1.283204177965711,1.7827632907948876,0.49955911282917653,0.6945629707253123,0.2952349829123643,0.7539487388564882,0.6329759538557284,1.7788612440005482,0.9772727272727273,0.11363636363636363,0.3332472340594359,27.0,0.055125585605184595,0.15647880043926155,3.8836102061854487,62.820571592118,0.020576405860283413,5.216418272636085e-28,0.1590909090909091,False,0.3332472340594359,0.6667527659405641,False
FSMI_nm,6084,6028,4.936413231860014,3.4010833428300282,1.5353298890299856,0.12400276421065781,0.2254615459553066,0.7309451584791438,0.6002325102300151,2.0849219212305945,0.75,0.3409090909090909,0.5056498968474316,30.0,0.09466550149550468,0.253374999954989,-1.0025660607633198,1.384121453409128,1.0,0.25054381754638977,0.5227272727272727,False,0.5056498968474316,0.49435010315256844,False
FSMI_nm,6084,6029,2.2241852747386375,1.735825087862751,0.48836018687588645,0.03407543501710464,0.3416024678463034,0.03976574833486616,0.23361218236781617,0.9638769492695307,0.3409090909090909,0.5681818181818182,0.4401117438872065,33.5,0.026691686561419844,0.08040498085583747,-0.5706233310051133,76.57061540639864,1.0,5.5693466854477885e-34,0.022727272727272728,False,0.4401117438872064,0.5598882561127936,False
FSMI_nm,6084,6033,2.1349665471520227,2.915898202016472,0.7809316548644492,0.03718046420806109,0.2088133775236559,0.24071344715980095,0.2770327257471567,1.136149285153297,0.38636363636363635,0.9772727272727273,0.6144775379361715,40.25,0.06997770589863278,0.207324028566354,-0.557119904587001,1.9547649218672951,1.0,0.14159775931882798,0.25,False,0.6144775379361715,0.38552246206382845,False
FSMI_nm,6084,6047,2.946047980770432,3.0526956014141398,0.1066476206437077,0.00622676559269264,0.14006359600048887,0.028653407223939498,0.15313106929211748,0.4872924107120049,0.20454545454545456,0.4772727272727273,0.3124483428378982,31.5,0.15749102547747576,0.4389974859938174,-0.8989300796476423,-0.7888239360288841,1.0,1.0,0.75,False,0.31244834283789813,0.6875516571621019,False
FSMI_nm,6084,6048,1.9658126479353135,1.8864741963317926,0.07933845160352093,0.1489299860213491,0.35943876362792826,0.4997218839714052,0.4665446437715956,1.4021202916446893,0.7954545454545454,0.1590909090909091,0.35573808732951195,27.25,0.12170672992709813,0.345055249289717,1.4349154435042526,0.6642564172657107,0.23813549906671447,0.5146560748326293,0.6136363636363636,False,0.35573808732951195,0.644261912670488,False
FSMI_nm,6084,6056,2.6635524818908394,2.23195337763755,0.4315991042532894,0.0,0.16947849133465698,0.4296885221861503,0.39285524694792,1.2374901288895088,0.1590909090909091,0.6136363636363636,0.3124483428378982,34.5,0.05248556412217739,0.14221296930341765,-1.1026567351099024,-0.632529301460974,1.0,1.0,0.11363636363636363,False,0.31244834283789813,0.6875516571621019,False
FSMI_nm,6084,6057,4.20513929744002,1.0357613949101792,3.169377902529841,0.011938763994162827,0.07730080903978521,0.0256744430814557,0.056520727510038775,0.20251817287371854,0.25,0.7954545454545454,0.44594129250792236,39.0,0.33337787934452484,0.906276365413194,-0.07369271151146588,-0.4837305806124218,1.0,1.0,0.9772727272727273,True,0.9772727272727273,0.022727272727272707,False
FSMI_nm,6084,6062,2.919662839275907,4.469299208448679,1.549636369172772,0.09673025588379502,0.46559116764396014,0.22753857394586305,0.4357761631630778,1.6666113167292331,0.5227272727272727,0.7045454545454546,0.6068649964917585,37.5,0.09375096725778605,0.2589530134325424,-0.9682543315708049,0.2199450274398025,1.0,0.8025629156880302,0.4772727272727273,False,0.6068649964917585,0.3931350035082415,False
FSMI_nm,6084,6063,4.880341349767348,5.274830830788066,0.39448948102071757,0.3357990690820598,0.4414427306737499,0.9271925281308268,0.7846566834801234,2.634490820375673,0.9318181818181818,0.11363636363636363,0.32540502416537165,27.0,0.19328168887949124,0.5448542765278179,-0.059206031416982226,5.531689494221699,1.0,0.003959294230496658,0.8409090909090909,False,0.32540502416537165,0.6745949758346284,False
FSMI_nm,6084,6070,2.619825980056949,1.7857414402810445,0.8340845397759045,0.1022210876570937,0.10687724079601497,0.044883468341943324,0.07781294123927827,0.2970504639136027,0.5681818181818182,0.20454545454545456,0.34090909090909094,27.5,0.1981484853687639,0.5477895262743027,-0.08614998448757875,-0.7149797041146869,1.0,1.0,0.8863636363636364,False,0.34090909090909094,0.6590909090909091,False
FSMI_nm,6084,6072,1.4268805447108657,1.9351852864095453,0.5083047416986797,0.016450999329947313,0.05014512660680775,0.05563719245708923,0.05847888108707975,0.2238552210439324,0.29545454545454547,0.7045454545454546,0.4562468159064712,37.5,0.07980899206029406,0.22707650590966533,0.6464259353760821,0.007895073884915147,0.5239149403698541,0.9921360103529983,0.29545454545454547,False,0.4562468159064712,0.5437531840935288,False
FSMI_nm,6084,6078,1.7124178830987482,2.5490796923959964,0.8366618092972482,0.0,0.12378187375969428,0.12440904752496065,0.13489363140648994,0.4938138996868946,0.1590909090909091,0.8863636363636364,0.37551617367859785,39.25,0.06575282914410709,0.18757533914319113,-0.3379942180450453,-1.3034020800707797,1.0,1.0,0.20454545454545456,False,0.3755161736785979,0.6244838263214021,False
FSMI_nm,6084,6080,3.8146875917994394,2.289264050548426,1.5254235412510133,0.10673659715033734,0.11561343578975583,0.17888629301820372,0.16370810181924464,0.5450043035895629,0.6136363636363636,0.9318181818181818,0.7561729436188238,39.5,0.08804570593675434,0.23367185660400158,1.5997854914658407,1.361411984470716,0.2019398311661387,0.2562986316541924,0.38636363636363635,False,0.7561729436188238,0.2438270563811762,False
FSMI_nm,6084,6081,2.064223001846959,3.5603523219716,1.4961293201246408,0.06682238552505337,0.12582976274019045,0.0889757091810509,0.20439170455729688,0.6117256475856911,0.4318181818181818,0.75,0.5690901829794961,37.75,0.042918341565514447,0.11995045319807685,-0.5644385069040719,-0.6580948090982003,1.0,1.0,0.06818181818181818,False,0.5690901829794961,0.4309098170205039,False
FSMI_nm,6084,6082,1.569797187543049,3.142269054814279,1.5724718672712301,0.10766080962337155,0.11203889482631402,0.3438550446919588,0.2875005238445339,1.1977766913381336,0.6590909090909091,0.5227272727272727,0.586962344097498,32.0,0.08167372948508174,0.23277645738022734,1.7926226953127724,1.0464545161338974,0.16652285773128928,0.35118064979494457,0.3409090909090909,False,0.586962344097498,0.41303765590250197,False
FSMI_nm,6084,6085,2.455030747789686,3.724215688388893,1.269184940599207,0.19005035440726692,0.274949176084924,0.6087481058719741,0.5354088985246077,1.8631695823356726,0.8409090909090909,0.4318181818181818,0.6025942537983114,31.25,0.10161475649982947,0.2898841434679035,-1.6380183470105065,-0.48183392985688495,1.0,1.0,0.5681818181818182,False,0.6025942537983114,0.39740574620168856,False
FSMI_nm,6084,6090,3.1749521180513365,3.3703315461277623,0.19537942807642583,0.07211921600299043,0.4830474775771238,0.2178319797327818,0.3935872056612571,1.5824931337927288,0.4772727272727273,0.022727272727272728,0.10414944761263273,25.25,0.08967155101888781,0.2638169187459418,-0.1526687343046784,2.205315857543875,1.0,0.11021570734339892,0.4318181818181818,False,0.10414944761263278,0.8958505523873672,False
FSMI_nm,6084,6094,3.616631849567126,3.371254255879975,0.24537759368715095,0.0,0.2915584035824102,0.17409806079220622,0.24548546580445352,0.8638728048035209,0.1590909090909091,0.3409090909090909,0.23288524468089994,30.0,0.12774496699213353,0.35991558575248184,0.7334270981468052,1.0374748620581462,0.4802602674641509,0.35434833160638635,0.7045454545454546,False,0.2328852446809,0.7671147553191,False
FSMI_nm,6084,6095,8.567125493610352,6.419859609392642,2.1472658842177097,0.1083395610679494,0.7983547415830581,0.28821294321349306,0.5850165113694589,1.799772430469261,0.7045454545454546,0.25,0.41968602983225883,28.75,0.12375463834572016,0.35502935300360505,0.1198818043389021,0.24737597986740603,0.8870252730599949,0.7808470555614386,0.6590909090909091,False,0.4196860298322589,0.5803139701677411,False
FSMI_nm,6084,6099,9.324230493376989,5.21775702911157,4.106473464265419,0.3228883589395668,0.2597629769169174,0.44200297846114056,0.37705282739269397,1.1139370321403712,0.8863636363636364,0.38636363636363635,0.5851996904356243,31.0,0.1674086923380521,0.45619329822243637,1.025006526045951,-0.6323014891586605,0.35879412389137166,1.0,0.7954545454545454,False,0.5851996904356243,0.41480030956437575,False
FSMI_nm,6084,6101,0.8380821497217993,1.1899972315028557,0.35191508178105646,0.0,0.04973972050644797,0.05539679114304595,0.05627790749360469,0.17361450315969051,0.1590909090909091,0.8863636363636364,0.37551617367859785,39.25,0.2710013757643295,0.7414875502685389,0.20925262721477492,0.15384004965526737,0.8111902810145978,0.8574091529336046,0.9318181818181818,False,0.3755161736785979,0.6244838263214021,False
FSMI_nm,6085,6022,1.283204177965711,2.017468771436813,0.7342645934711021,0.7728432040620561,0.3293586792790766,0.8461843818357334,0.712175424654613,1.9985306867736758,0.9772727272727273,0.11363636363636363,0.3332472340594359,27.0,0.0642068886611665,0.2041112436626893,6.582140196867749,41.97348841583116,0.0013848822003379399,5.903989749233377e-19,0.29545454545454547,False,0.3332472340594359,0.6667527659405641,False
FSMI_nm,6085,6028,4.936413231860014,3.4200115341507433,1.5164016977092705,0.11092177075260423,0.20833805523213184,0.7348944849287213,0.6005630862502019,2.098594854516699,0.75,0.3409090909090909,0.5056498968474316,30.0,0.11555395509109234,0.3105084907890008,-0.42551985031038636,1.1029242767594052,1.0,0.3318990983938135,0.5227272727272727,False,0.5056498968474316,0.49435010315256844,False
FSMI_nm,6085,6029,2.2241852747386375,1.7232071641509814,0.5009781105876561,0.034510703953500865,0.3560025696007102,0.040131755385747814,0.24328755551129397,1.006942674933453,0.4318181818181818,0.5681818181818182,0.4953294254023493,33.5,0.03994866511758845,0.11914993942462504,-0.90614278064719,55.36321875057342,1.0,9.037734858691913e-25,0.11363636363636363,False,0.49532942540234925,0.5046705745976507,False
FSMI_nm,6085,6033,2.1349665471520227,2.830450489009996,0.6954839418579732,0.021093542852793412,0.2156481245549262,0.23073994400103148,0.2713111764781068,1.1147363647945459,0.38636363636363635,0.9772727272727273,0.6144775379361715,40.25,0.0938286290184248,0.2665337828436023,-1.6136131675897696,1.3625392566180898,1.0,0.25600987612892695,0.4772727272727273,False,0.6144775379361715,0.38552246206382845,False
FSMI_nm,6085,6047,2.946047980770432,3.143254960085693,0.19720697931526088,0.003922750346567305,0.15461830329709184,0.031452059352079106,0.16700473268468433,0.5530133504509744,0.25,0.4772727272727273,0.3454246398538787,31.5,0.16948007836093454,0.470344065443683,-0.5787942955635977,-1.0294576548185692,1.0,1.0,0.75,False,0.3454246398538787,0.6545753601461213,False
FSMI_nm,6085,6048,1.9658126479353135,1.914836118420928,0.05097652951438558,0.14056122899658652,0.37893066327465125,0.5332911580415285,0.496568067065264,1.4853569783755551,0.7954545454545454,0.1590909090909091,0.35573808732951195,27.25,0.1225974216361608,0.34777148278121606,2.3203250389660393,0.3262614818041408,0.09824164805046365,0.7216164731828144,0.7045454545454546,False,0.35573808732951195,0.644261912670488,False
FSMI_nm,6085,6056,2.6635524818908394,2.309480243321544,0.35407223856929537,0.0,0.16975846507663578,0.4583284083170841,0.4148714408094304,1.325712411092661,0.1590909090909091,0.6136363636363636,0.3124483428378982,34.5,0.03091351818586611,0.08763989065509237,-1.506443098982233,-0.4948215187198626,1.0,1.0,0.06818181818181818,False,0.31244834283789813,0.6875516571621019,False
FSMI_nm,6085,6057,4.20513929744002,0.9641573276177718,3.2409819698222484,0.009943855297186555,0.07038122509878782,0.02423505474613287,0.05190331643363575,0.1814927401540637,0.3409090909090909,0.7954545454545454,0.5207472380631636,39.0,0.3641689228845472,0.9839682987601215,-0.24066601734446932,-0.5324169156512727,1.0,1.0,0.9772727272727273,True,0.9772727272727273,0.022727272727272707,False
FSMI_nm,6085,6062,2.919662839275907,4.4294264253188755,1.5097635860429683,0.03492311293252648,0.4007353839402641,0.24391751160950212,0.4251693473691341,1.655054823948738,0.4772727272727273,0.7045454545454546,0.5798795828260489,37.5,0.11848659656371957,0.31514177927655607,-0.2617243571059348,-0.18058422622871975,1.0,1.0,0.6136363636363636,False,0.5798795828260489,0.4201204171739511,False
FSMI_nm,6085,6063,4.880341349767348,5.711381607900034,0.8310402581326857,0.39846380811211457,0.5396166831796365,1.0170435427758964,0.8724783660138354,2.7905110808538534,0.9318181818181818,0.11363636363636363,0.32540502416537165,27.0,0.21683331373521345,0.5895411840864768,0.1620345287871635,3.429446213808439,0.8504118403438443,0.032404881180610516,0.8863636363636364,False,0.32540502416537165,0.6745949758346284,False
FSMI_nm,6085,6070,2.619825980056949,1.8377699629257565,0.7820560171311925,0.1070095117801475,0.11667096448144754,0.04574248935849761,0.08663324694347144,0.3192899953609776,0.6590909090909091,0.20454545454545456,0.36717032775917074,27.5,0.1831526839298264,0.5121275840350963,-0.2108665972644873,-0.5515391400046565,1.0,1.0,0.8409090909090909,False,0.3671703277591707,0.6328296722408293,False
FSMI_nm,6085,6072,1.4268805447108657,1.8905817293037976,0.46370118459293197,0.004395959788463744,0.05032408062683343,0.053227543551014674,0.056587066905926964,0.20063839264573313,0.29545454545454547,0.7045454545454546,0.4562468159064712,37.5,0.08655910693134282,0.2428449669489623,0.9092622829553868,-0.2196454457401042,0.40282128257367716,1.0,0.4318181818181818,False,0.4562468159064712,0.5437531840935288,False
FSMI_nm,6085,6078,1.7124178830987482,2.433190983999924,0.7207731009011757,0.0,0.1408281443851675,0.11729661856807329,0.1372365114734888,0.4693054687997096,0.1590909090909091,0.8863636363636364,0.37551617367859785,39.25,0.07240500022835773,0.20346697963457183,-0.5669232772063378,-1.2006757906707464,1.0,1.0,0.38636363636363635,False,0.3755161736785979,0.6244838263214021,False
FSMI_nm,6085,6080,3.8146875917994394,1.984632427825516,1.8300551639739233,0.10127055668376683,0.1057942117472865,0.15583334651694292,0.14399249306543768,0.5086673256584378,0.6136363636363636,0.9318181818181818,0.7561729436188238,39.5,0.05508450190676241,0.1554904064720264,2.420348304927396,0.9685433824671696,0.08889065101506885,0.37963561945523894,0.20454545454545456,False,0.7561729436188238,0.2438270563811762,False
FSMI_nm,6085,6081,2.064223001846959,3.3239405876724524,1.2597175858254932,0.05764230686760374,0.10697294380456351,0.08791400182416537,0.18012341895872752,0.5622772225470904,0.5681818181818182,0.75,0.6527912098338668,37.75,0.06802648843218115,0.1828256441127809,-0.9090548331432977,-0.7315821333524086,1.0,1.0,0.3409090909090909,False,0.6527912098338668,0.34720879016613315,False
FSMI_nm,6085,6082,1.569797187543049,2.7515202930647056,1.1817231055216566,0.10976307826136145,0.09209010690097609,0.30230710578692394,0.2544119121905536,1.0612221245010092,0.7045454545454546,0.5227272727272727,0.6068649964917585,32.0,0.05729058456065001,0.16869295644115534,2.226449975209846,0.812086464232595,0.10791083710391926,0.44393085341373895,0.25,False,0.6068649964917585,0.3931350035082415,False
FSMI_nm,6085,6084,1.6004098868850862,2.696021899282382,1.0956120123972957,0.0002645699770598142,0.12105713066488487,0.08327978894584921,0.13431968995443494,0.5313806351691128,0.20454545454545456,0.4318181818181818,0.29719765524140956,31.0,0.03075215156229938,0.0852519130454662,-0.46770181854365434,-1.3661323457486172,1.0,1.0,0.022727272727272728,False,0.2971976552414095,0.7028023447585905,False
FSMI_nm,6085,6090,3.1749521180513365,3.292327271625488,0.11737515357415162,0.05590450906315381,0.496994768224172,0.22190804885149232,0.40280046083314736,1.6141037425319107,0.5227272727272727,0.022727272727272728,0.10899617098438,25.25,0.04365297224997932,0.13209814226439298,-0.9526279930463143,1.9722333592533852,1.0,0.1391457464939774,0.1590909090909091,False,0.10899617098437997,0.89100382901562,False
FSMI_nm,6085,6094,3.616631849567126,3.384191140551228,0.23244070901589797,0.0,0.2964565334483144,0.1712982925874309,0.24609767051542455,0.8751133856021847,0.1590909090909091,0.3409090909090909,0.23288524468089994,30.0,0.12116588466903415,0.34366293272784065,1.1954818461945562,0.6177412857054417,0.3025581325683593,0.5391608736591446,0.6590909090909091,False,0.2328852446809,0.7671147553191,False
FSMI_nm,6085,6095,8.567125493610352,6.691138077613819,1.8759874159965326,0.15808971711969289,0.8886676636884182,0.3171132549808094,0.6499051723407467,2.023169458326067,0.8409090909090909,0.25,0.458505477314364,28.75,0.11634698726702694,0.3284887113339523,0.2152367761977871,0.06258865593076078,0.8063504929685331,0.9393297819657483,0.5681818181818182,False,0.458505477314364,0.541494522685636,False
FSMI_nm,6085,6099,9.324230493376989,5.413997016015593,3.9102334773613965,0.36209769076176546,0.2711288277299995,0.46548768785151745,0.39730235255120766,1.1937107670706464,0.8863636363636364,0.4318181818181818,0.6186662540371,31.0,0.18093907022823008,0.48736857997490013,1.8695507878152549,-0.6598539185547699,0.15419291159473422,1.0,0.7954545454545454,False,0.6186662540371,0.38133374596290004,False
FSMI_nm,6085,6101,0.8380821497217993,1.19662657130368,0.3585444215818808,0.0,0.046704199068673395,0.059962431045227416,0.05808513486909323,0.1789977164903962,0.1590909090909091,0.8863636363636364,0.37551617367859785,39.25,0.27117249394869214,0.7512576186711697,0.1889673760905555,0.3529796919400033,0.8278135127672869,0.7025914615019154,0.9318181818181818,False,0.3755161736785979,0.6244838263214021,False
FSMI_nm,6090,6022,1.283204177965711,1.9741234282973745,0.6909192503316635,0.7336451211119175,0.3132803285548396,0.8233950257032231,0.6918736181114487,1.9469890971262953,0.9772727272727273,0.06818181818181818,0.25813219753637606,27.0,0.08353457129898575,0.22769597875993208,3.597249046909616,45.83361251254854,0.027398992210324838,1.2436981837700189e-20,0.3409090909090909,False,0.25813219753637606,0.7418678024636239,False
FSMI_nm,6090,6028,4.936413231860014,3.3646306224780704,1.5717826093819434,0.12121489525109963,0.2139672391284392,0.721613691028447,0.5913094063629238,2.0519223405009064,0.7045454545454546,0.29545454545454547,0.4562468159064712,30.0,0.14566141065284227,0.42648733033317066,-1.0115592287320694,1.4680034660243129,1.0,0.2303849977934008,0.7045454545454546,False,0.4562468159064712,0.5437531840935288,False
FSMI_nm,6090,6029,2.2241852747386375,1.7057678830207748,0.5184173917178627,0.03434885120170028,0.3485387506698821,0.03961786738361096,0.23810678358458387,0.9867581478402849,0.4318181818181818,0.5681818181818182,0.4953294254023493,33.5,0.04153265901946603,0.12447076216001607,-0.5703509389956456,58.721609689032235,1.0,3.14433596769887e-26,0.06818181818181818,False,0.49532942540234925,0.5046705745976507,False
FSMI_nm,6090,6033,2.1349665471520227,2.807111845497499,0.6721452983454763,0.01633573853349013,0.1935607580413271,0.22135142254476806,0.25587657163223637,1.0425447765698177,0.38636363636363635,0.9772727272727273,0.6144775379361715,40.25,0.08690445734128231,0.25395886017194746,-0.732320884136055,1.7244862176324642,1.0,0.17826461746567435,0.38636363636363635,False,0.6144775379361715,0.38552246206382845,False
FSMI_nm,6090,6047,2.946047980770432,3.0178694955170946,0.07182151474666254,0.0,0.15081958434010137,0.03270076397460958,0.16381544652119717,0.5322497439501106,0.25,0.4772727272727273,0.3454246398538787,31.5,0.159537192177349,0.44542930842787787,-0.9376938698953922,-1.0932340322872334,1.0,1.0,0.7954545454545454,False,0.3454246398538787,0.6545753601461213,False
FSMI_nm,6090,6048,1.9658126479353135,1.8743135976255607,0.0914990503097528,0.15122001533770013,0.3776996664480455,0.5090678592574379,0.4793817650579329,1.4233747813762716,0.7954545454545454,0.11363636363636363,0.30065355807552163,27.25,0.12922772703956698,0.3647050733196039,1.4090423392827738,0.613155592514652,0.2443772015744517,0.5416389775757691,0.6590909090909091,False,0.30065355807552163,0.6993464419244784,False
FSMI_nm,6090,6056,2.6635524818908394,2.238767986248982,0.42478449564185716,0.0,0.16803815733570068,0.4384037076526467,0.3987721752759598,1.2664645867388906,0.25,0.6136363636363636,0.39167472590032015,34.5,0.04704543257506428,0.13287715444071602,-1.0779441504003087,-0.5455586925563606,1.0,1.0,0.11363636363636363,False,0.39167472590032015,0.6083252740996798,False
FSMI_nm,6090,6057,4.20513929744002,1.0036872838423225,3.201452013597698,0.011933984054033342,0.07123577605379067,0.024727369290643248,0.05251587903544762,0.1843385865037489,0.3409090909090909,0.7954545454545454,0.5207472380631636,39.0,0.3571342849486729,0.9646905382671184,-0.28432651643948464,-0.41359254088760383,1.0,1.0,0.9772727272727273,True,0.9772727272727273,0.022727272727272707,False
FSMI_nm,6090,6062,2.919662839275907,4.398691205066047,1.47902836579014,0.0424033138601736,0.4217367814029463,0.22472912510111473,0.4169843317343137,1.6090660942018085,0.4772727272727273,0.7045454545454546,0.5798795828260489,37.5,0.1120976624095263,0.30034046038522666,-0.9437720687765125,0.1354378472579817,1.0,0.8733334413097603,0.5681818181818182,False,0.5798795828260489,0.4201204171739511,False
FSMI_nm,6090,6063,4.880341349767348,5.396266432783085,0.5159250830157367,0.3539864084902078,0.48993138238810485,0.9532630734725711,0.8146560697843033,2.6403153090016427,0.9318181818181818,0.06818181818181818,0.25205764787294127,27.0,0.19812506714982447,0.562567007334762,-0.0644646271061337,4.1540546928429745,1.0,0.015700626030903962,0.8409090909090909,False,0.25205764787294127,0.7479423521270587,False
FSMI_nm,6090,6070,2.619825980056949,1.7600974684079298,0.8597285116490192,0.09982709613155616,0.1074342195057863,0.04408256389507231,0.079857650285486,0.2947396162557192,0.5681818181818182,0.1590909090909091,0.3006535580755217,27.5,0.19855803450926945,0.5560807946926364,-0.17267471984834576,-0.6502472515850568,1.0,1.0,0.8863636363636364,False,0.30065355807552163,0.6993464419244784,False
FSMI_nm,6090,6072,1.4268805447108657,1.86358627273495,0.43670572802408425,0.008134674813165876,0.05296650472237299,0.052119589412157455,0.05652689674818606,0.20242286571612822,0.29545454545454547,0.7045454545454546,0.4562468159064712,37.5,0.10482691410548803,0.29026361905695486,0.5428485389004343,-0.08473819326267154,0.5810906333249645,1.0,0.4318181818181818,False,0.4562468159064712,0.5437531840935288,False
FSMI_nm,6090,6078,1.7124178830987482,2.5026600545985476,0.7902421714997994,0.0,0.13154337229786064,0.12117507671157537,0.13523578169313308,0.4686857763840746,0.25,0.8863636363636364,0.4707344358456359,39.25,0.06054072290067791,0.17857433933929634,-0.5512787833002722,-1.17262905416303,1.0,1.0,0.20454545454545456,False,0.4707344358456359,0.5292655641543641,False
FSMI_nm,6090,6080,3.8146875917994394,2.0368001411082,1.7778874506912392,0.11139545825939123,0.11302093866344166,0.15613608783877492,0.1453399000090199,0.49910813263495735,0.6136363636363636,0.9318181818181818,0.7561729436188238,39.5,0.07259595285959734,0.19469038160877328,1.3894157489736012,1.7021838497154915,0.24922086965316573,0.18228500600085853,0.29545454545454547,False,0.7561729436188238,0.2438270563811762,False
FSMI_nm,6090,6081,2.064223001846959,3.334870820930036,1.2706478190830768,0.06960304330373779,0.10678852989003162,0.08419830930281161,0.18056015718786148,0.563033546203211,0.5227272727272727,0.75,0.6261353324525414,37.75,0.06334421420098536,0.17382589577014063,-0.6928565191429741,-0.3772929706705162,1.0,1.0,0.25,False,0.6261353324525414,0.3738646675474586,False
FSMI_nm,6090,6082,1.569797187543049,2.716024692274646,1.146227504731597,0.11970566316831288,0.09319052180505881,0.2930149304607132,0.24704570621497315,1.0324682468680675,0.6590909090909091,0.5227272727272727,0.586962344097498,32.0,0.05586222816570575,0.16779302658942385,1.234057419902246,1.1935055465690574,0.2911090266643222,0.30315666934163443,0.1590909090909091,False,0.586962344097498,0.41303765590250197,False
FSMI_nm,6090,6084,1.6004098868850862,2.671034192464746,1.0706243055796598,0.0,0.11454845836344849,0.08065911928553393,0.12915734269886792,0.5103091358730398,0.25,0.38636363636363635,0.3107907802540305,31.0,0.02782302277540425,0.07548590462659932,0.19097458238026527,-1.4249655061294566,0.8261535867420359,1.0,0.022727272727272728,False,0.3107907802540305,0.6892092197459695,False
FSMI_nm,6090,6085,2.455030747789686,3.6344925439310325,1.1794617961413465,0.16568880618958648,0.2766617077858646,0.5962986442935949,0.5267135094358448,1.82290592967429,0.8409090909090909,0.4318181818181818,0.6025942537983114,31.25,0.10982636502475279,0.3183297616201862,-1.8310310548014597,-0.3902428092233241,1.0,1.0,0.5227272727272727,False,0.6025942537983114,0.39740574620168856,False
FSMI_nm,6090,6094,3.616631849567126,3.37951355317081,0.2371182963963161,0.0,0.29470506496572446,0.16862391182922878,0.24416437974663274,0.8714599329868435,0.25,0.29545454545454547,0.2717786532523045,30.0,0.12743918812058472,0.36949755817736873,1.0123608970980207,0.8552796623674676,0.3633601102895395,0.42516427200758194,0.6136363636363636,False,0.27177865325230455,0.7282213467476955,False
FSMI_nm,6090,6095,8.567125493610352,6.317919101346741,2.249206392263611,0.13011340903111446,0.8200949712287522,0.2879840553535996,0.5984339402601803,1.8667225916069663,0.75,0.20454545454545456,0.39167472590032015,28.75,0.10578874569873722,0.30668677592666604,0.28042187688498893,0.1911581864550553,0.755464961012933,0.8260019155012627,0.4772727272727273,False,0.39167472590032015,0.6083252740996798,False
FSMI_nm,6090,6099,9.324230493376989,5.046745647366677,4.277484846010312,0.2745111870764214,0.22681605565589527,0.4270179474139217,0.3649171638875521,1.096046783163649,0.8863636363636364,0.38636363636363635,0.5851996904356243,31.0,0.15326273909429458,0.4204952765924992,0.9111768902307203,-0.39207672789331766,0.40205077585965443,1.0,0.75,False,0.5851996904356243,0.41480030956437575,False
FSMI_nm,6090,6101,0.8380821497217993,1.1532430184353388,0.31516086871353954,0.0,0.04511503763362123,0.05706681825406786,0.0553594990184846,0.17160741759047915,0.25,0.8863636363636364,0.4707344358456359,39.25,0.2984272211564906,0.7935733751926761,0.03328029778940877,0.0004152199463351448,0.9672673986742893,0.9995848662455369,0.9318181818181818,False,0.4707344358456359,0.5292655641543641,False
FSMI_nm,6094,6022,1.283204177965711,1.3740920395813838,0.09088786161567275,0.9192657682486283,0.37737383366345795,0.818395000056397,0.6780624800738722,1.906120604574206,0.9772727272727273,0.11363636363636363,0.3332472340594359,27.0,0.11447949479230098,0.32084231483984427,4.932641662564174,44.38825790590635,0.007207438490646932,5.2774548946363745e-20,0.6590909090909091,False,0.3332472340594359,0.6667527659405641,False
FSMI_nm,6094,6028,4.936413231860014,3.323502060102067,1.612911171757947,0.08488228001152631,0.22016463612978782,0.7202840283955007,0.5910927325194576,2.0602983035430444,0.6136363636363636,0.29545454545454547,0.42579531807261806,30.0,0.08959142641573337,0.24719013342381568,-0.780817467679896,1.2654855431079097,1.0,0.2821022900593719,0.38636363636363635,False,0.42579531807261806,0.5742046819273819,False
FSMI_nm,6094,6029,2.2241852747386375,1.677224581044648,0.5469606936939895,0.0330539649981183,0.33164821775708947,0.039513733971393586,0.22662249715166607,0.9386421867167054,0.38636363636363635,0.5681818181818182,0.4685347301838251,33.5,0.03943067390993439,0.11539054469030591,-0.5072017395237721,56.27083908789399,1.0,3.646574511573719e-25,0.11363636363636363,False,0.4685347301838251,0.5314652698161749,False
FSMI_nm,6094,6033,2.1349665471520227,2.917506081458611,0.7825395343065882,0.04706659937132107,0.21045913489458587,0.24421778568012942,0.2760929635723448,1.1540255235346644,0.4772727272727273,0.9772727272727273,0.6829536000598508,40.25,0.07821777674325789,0.22234893788508026,-0.923388976547189,2.452692397481928,1.0,0.08606156235514587,0.25,False,0.6829536000598508,0.31704639994014916,False
FSMI_nm,6094,6047,2.946047980770432,3.0766011974797833,0.13055321670935127,0.01000129532794869,0.1432246759983132,0.035877871961154335,0.1612321524114247,0.49027262728202725,0.20454545454545456,0.4772727272727273,0.3124483428378982,31.5,0.16961882135754625,0.4744300400092136,-0.7297267945645007,-1.1210597976912766,1.0,1.0,0.8409090909090909,False,0.31244834283789813,0.6875516571621019,False
FSMI_nm,6094,6048,1.9658126479353135,1.8734877724154253,0.09232487551988822,0.1881729437985986,0.3742220447633551,0.4602755741864863,0.4454223901202893,1.2912639176786573,0.8409090909090909,0.1590909090909091,0.3657608395325246,27.25,0.10533434813038446,0.29034954814040115,1.5927556742617575,0.5776936917266945,0.20336443274301605,0.5611911550117321,0.5681818181818182,False,0.3657608395325246,0.6342391604674754,False
FSMI_nm,6094,6056,2.6635524818908394,2.19856818045677,0.46498430143406955,0.0,0.17094708490985996,0.4284104212757854,0.3924208940378437,1.2347276494424158,0.06818181818181818,0.6136363636363636,0.20454545454545453,34.5,0.04929020176013121,0.13673813822619274,-0.9801020916103614,-0.5782006054995914,1.0,1.0,0.20454545454545456,False,0.20454545454545459,0.7954545454545454,False
FSMI_nm,6094,6057,4.20513929744002,0.9529430484629978,3.252196248977022,0.01069677877559816,0.07035941132424979,0.02520374120849521,0.05219054529078957,0.18645254086161067,0.25,0.7954545454545454,0.44594129250792236,39.0,0.33584931088973435,0.89934893603556,-0.1502867870099139,-0.16269976330100847,1.0,1.0,0.9772727272727273,True,0.9772727272727273,0.022727272727272707,False
FSMI_nm,6094,6062,2.919662839275907,4.499306063129875,1.5796432238539682,0.10534584355914234,0.48485367939041224,0.22426376542802937,0.44841550067779595,1.7076745107329985,0.6590909090909091,0.7045454545454546,0.6814392886620432,37.5,0.1425822577686641,0.3813741555800143,-0.7691461779287476,0.15580360031024865,1.0,0.8557272384323247,0.75,False,0.6814392886620432,0.3185607113379568,False
FSMI_nm,6094,6063,4.880341349767348,4.631933919151959,0.24840743061538895,0.2948819054698184,0.3627851907547209,0.7986833200299474,0.6731910329643592,2.35963340570544,0.8863636363636364,0.11363636363636363,0.31736909190383955,27.0,0.11379510072989919,0.34105680897081014,-0.05717359215489783,5.242829280330429,1.0,0.005285282117285996,0.6136363636363636,False,0.31736909190383955,0.6826309080961604,False
FSMI_nm,6094,6070,2.619825980056949,1.8234470236801261,0.7963789563768229,0.1063151084142886,0.10706229733277695,0.04675414941108368,0.07876338011864462,0.29172218043285714,0.7045454545454546,0.20454545454545456,0.3796202974656833,27.5,0.16839937324992724,0.4790676689429272,-0.022244666508443832,-0.43783022561552093,1.0,1.0,0.7954545454545454,False,0.37962029746568327,0.6203797025343167,False
FSMI_nm,6094,6072,1.4268805447108657,1.8118827101110777,0.38500216540021204,0.008276269809340597,0.05047297311789839,0.046473435265216335,0.05253893075176167,0.1967903112447762,0.1590909090909091,0.7045454545454546,0.3347936332421872,37.5,0.08625981091164844,0.2436276831234261,0.8601731239612823,0.053547740655140966,0.4230888291629146,0.9478606884333699,0.3409090909090909,False,0.33479363324218725,0.6652063667578128,False
FSMI_nm,6094,6078,1.7124178830987482,2.4562699201613443,0.7438520370625961,0.00351538406100671,0.10667230156459281,0.12225746058535455,0.12734255295476082,0.486721026020267,0.11363636363636363,0.8863636363636364,0.31736909190383955,39.25,0.07864087364113445,0.2278717178109244,-0.5134824648512145,-1.0192918692775856,1.0,1.0,0.29545454545454547,False,0.31736909190383955,0.6826309080961604,False
FSMI_nm,6094,6080,3.8146875917994394,1.905028526989075,1.9096590648103644,0.07378740288032826,0.09134538839892928,0.25553514523185655,0.2409228054263231,0.8708325670584947,0.5227272727272727,0.9318181818181818,0.6979160242174585,39.5,0.030462766173588302,0.08820868391479397,1.5769567351358507,1.80657502613888,0.20660288976762037,0.16421560890830045,0.022727272727272728,False,0.6979160242174585,0.30208397578254154,False
FSMI_nm,6094,6081,2.064223001846959,3.7543743273321923,1.6901513254852332,0.02455457078823642,0.17112519755814712,0.11704052177727002,0.20950395700889154,0.7272589069429167,0.3409090909090909,0.75,0.5056498968474316,37.75,0.03251035466493691,0.08915386820409887,-0.3342821212873292,-0.26204032007962286,1.0,1.0,0.06818181818181818,False,0.5056498968474316,0.49435010315256844,False
FSMI_nm,6094,6082,1.569797187543049,3.0637541180961794,1.4939569305531304,0.14076049652171596,0.11495250804406698,0.33894867399907586,0.2827827381608865,1.1683044614019291,0.75,0.5227272727272727,0.6261353324525414,32.0,0.12196438254475685,0.3312961998228965,1.7653638270703103,1.425256724976872,0.17112451542657356,0.24044672660369074,0.7045454545454546,False,0.6261353324525414,0.3738646675474586,False
FSMI_nm,6094,6084,1.6004098868850862,2.795444324864014,1.195034437978928,0.011611885456927595,0.13576343408632385,0.09333967102722035,0.1510753061196659,0.5948581309128489,0.29545454545454547,0.38636363636363635,0.33786519880269333,31.0,0.04870461048345449,0.13652329890202597,-0.3494643867632946,-1.6465160627364164,1.0,1.0,0.1590909090909091,False,0.3378651988026933,0.6621348011973067,False
FSMI_nm,6094,6085,2.455030747789686,3.658261414800216,1.20323066701053,0.1853890556504587,0.2853453650630888,0.6114804251422764,0.5429585008890871,1.889292361853523,0.7954545454545454,0.4318181818181818,0.5860816799194376,31.25,0.10348462961842804,0.29649677347316894,-1.7736578302259747,-0.4625200533353079,1.0,1.0,0.5227272727272727,False,0.5860816799194376,0.4139183200805624,False
FSMI_nm,6094,6090,3.1749521180513365,3.2605119442476593,0.08555982619632285,0.08056506775576455,0.46564931581797503,0.20693381392608323,0.37748436367112925,1.506573765876483,0.5681818181818182,0.022727272727272728,0.11363636363636365,25.25,0.0923376181218174,0.261377404703387,-0.713286422215737,2.3103969770061767,1.0,0.09922185494546451,0.4772727272727273,False,0.11363636363636365,0.8863636363636364,False
FSMI_nm,6094,6095,8.567125493610352,5.820852929006103,2.746272564604249,0.046347856876857385,0.6792071114136397,0.25844715970537446,0.5024856181300894,1.6531684887353126,0.4318181818181818,0.25,0.32856437033638547,28.75,0.09111435201072061,0.2622970530541737,0.09894404181471372,0.3078870074466904,0.9057933931599367,0.734998362658942,0.4318181818181818,False,0.3285643703363854,0.6714356296636146,False
FSMI_nm,6094,6099,9.324230493376989,5.670579574564049,3.6536509188129402,0.3835710470778544,0.2675447138333234,0.4704612659308787,0.39781103699093473,1.2209132898185642,0.9318181818181818,0.38636363636363635,0.6000172173838221,31.0,0.20404544649863685,0.5473434310785499,1.4961564792001,-0.2233297327929599,0.22398941578571235,1.0,0.8863636363636364,False,0.6000172173838221,0.3999827826161779,False
FSMI_nm,6094,6101,0.8380821497217993,1.3686044263593222,0.5305222766375229,0.0,0.05126746133883308,0.059992041521479675,0.05958483933970617,0.18629478571709002,0.06818181818181818,0.8863636363636364,0.24583304150890833,39.25,0.20848228833119783,0.5826069322453574,-0.05073035503828497,0.2185310085776906,1.0,0.8036985575091008,0.9318181818181818,False,0.24583304150890828,0.7541669584910917,False
FSMI_nm,6095,6022,1.283204177965711,2.0805928642906615,0.7973886863249504,0.8327029817200842,0.34237141975009294,0.9000255986392329,0.7405020628609151,2.1349376773253192,0.9772727272727273,0.11363636363636363,0.3332472340594359,27.0,0.07298668952124857,0.22350494677405597,4.556770413072598,48.828008035181014,0.010495901691857526,6.226809050712892e-22,0.29545454545454547,False,0.3332472340594359,0.6667527659405641,False
FSMI_nm,6095,6028,4.936413231860014,3.191819482795968,1.744593749064046,0.09090193378342892,0.21248460970782035,0.6430124239384949,0.530756969419428,1.8192093118041752,0.6590909090909091,0.29545454545454547,0.44128381452153637,30.0,0.10173174383973928,0.2763816998060491,-0.7196876173639009,0.962099154233889,1.0,0.3820899777613107,0.5681818181818182,False,0.4412838145215363,0.5587161854784637,False
FSMI_nm,6095,6029,2.2241852747386375,1.7308241561204607,0.4933611186181768,0.028018456457881147,0.33329620606462007,0.03765605122528894,0.22862229605045142,0.9375019128164532,0.4318181818181818,0.5681818181818182,0.4953294254023493,33.5,0.028844577400411926,0.08009344983579492,-0.47912372511768414,61.01007099887179,1.0,3.1890609868262923e-27,0.022727272727272728,False,0.49532942540234925,0.5046705745976507,False
FSMI_nm,6095,6033,2.1349665471520227,2.675671911387622,0.5407053642355995,1.2718735779237988e-05,0.15368604509323258,0.20756788105920007,0.23095344202778295,0.9224486295557073,0.1590909090909091,0.9772727272727273,0.39430344483857893,40.25,0.08589729139328102,0.26390716405375014,-0.8508526820557377,2.170761764921618,1.0,0.11409067352685423,0.4318181818181818,False,0.39430344483857893,0.6056965551614211,False
FSMI_nm,6095,6047,2.946047980770432,2.879427170985466,0.0666208097849661,0.005246426278914917,0.12461995998119296,0.027151227600062566,0.13641421705439483,0.44459571008512055,0.29545454545454547,0.4772727272727273,0.3755161736785979,31.5,0.16931785567349664,0.478521672968359,-0.7083763054136937,-1.026972440562235,1.0,1.0,0.8409090909090909,False,0.3755161736785979,0.6244838263214021,False
FSMI_nm,6095,6048,1.9658126479353135,1.9940938060628612,0.028281158127547723,0.17493077240767896,0.365038999252936,0.5181202438020077,0.48038855797593605,1.440842311860079,0.8863636363636364,0.1590909090909091,0.37551617367859785,27.25,0.13465488748971963,0.3845116297262541,1.7188376895078752,0.5326547549557243,0.17927439937698175,0.5870444400465394,0.75,False,0.3755161736785979,0.6244838263214021,False
FSMI_nm,6095,6056,2.6635524818908394,2.2321361622609204,0.431416319629919,0.0,0.15494976251312648,0.4121387010923298,0.37477914132809464,1.167418089384314,0.11363636363636363,0.6136363636363636,0.26406704633232386,34.5,0.03097454471075747,0.0842154485094816,-0.8100383251619159,-0.4446781747304487,1.0,1.0,0.06818181818181818,False,0.2640670463323238,0.7359329536676762,False
FSMI_nm,6095,6057,4.20513929744002,1.100115529220607,3.105023768219413,0.011275246964970176,0.08073154253183507,0.026140372128042925,0.0587448332039425,0.2109534312447745,0.38636363636363635,0.7954545454545454,0.5543777689841122,39.0,0.2961946686396709,0.8063536820608731,-0.1177585332600817,-0.24839242820575697,1.0,1.0,0.9772727272727273,True,0.9772727272727273,0.022727272727272707,False
FSMI_nm,6095,6062,2.919662839275907,4.4355883744096305,1.5159255351337233,0.04722869966741694,0.42235186732389435,0.19558655819432638,0.39381335098864617,1.5021335099402489,0.4772727272727273,0.7045454545454546,0.5798795828260489,37.5,0.13445859596460463,0.3601249698626394,-0.6987689959834815,0.21926793843227785,1.0,0.8031065062249106,0.7045454545454546,False,0.5798795828260489,0.4201204171739511,False
FSMI_nm,6095,6063,4.880341349767348,4.513275307393493,0.367066042373855,0.2894132087637038,0.37101898813730366,0.7319023892556753,0.6239871942615394,1.9976188760001876,0.9318181818181818,0.11363636363636363,0.32540502416537165,27.0,0.1916893033329624,0.5214596226547681,0.6001202552661934,4.908435834796834,0.5487456425727517,0.007384029144592924,0.8863636363636364,False,0.32540502416537165,0.6745949758346284,False
FSMI_nm,6095,6070,2.619825980056949,1.7833659473716827,0.8364600326852663,0.10293492574000429,0.10632204730740061,0.04678787591877161,0.07727173077535064,0.29923199478036633,0.7954545454545454,0.20454545454545456,0.4033690761204284,27.5,0.1524620247506767,0.4409491979764407,0.1565289578665058,-0.48656426504669315,0.8551067552771106,1.0,0.7954545454545454,False,0.4033690761204284,0.5966309238795716,False
FSMI_nm,6095,6072,1.4268805447108657,1.8800477452434432,0.45316720053257753,0.007372633542553686,0.0377807359370758,0.04830730136237208,0.04737375048855863,0.17427058184271682,0.3409090909090909,0.7045454545454546,0.49008769665563234,37.5,0.08032539561599222,0.22420787251101282,0.9145477633886094,-0.11875410027803864,0.4006977953352026,1.0,0.3409090909090909,False,0.49008769665563234,0.5099123033443677,False
FSMI_nm,6095,6078,1.7124178830987482,2.5274652605639534,0.8150473774652052,0.0,0.1001965932654062,0.10851753787587166,0.11381781402348669,0.39218609992590103,0.11363636363636363,0.8863636363636364,0.31736909190383955,39.25,0.049646184887688606,0.15533072500533684,-0.3272054535374444,-1.4676346334885684,1.0,1.0,0.20454545454545456,False,0.31736909190383955,0.6826309080961604,False
FSMI_nm,6095,6080,3.8146875917994394,2.086234314198214,1.7284532776012256,0.07849810744598384,0.10455586076890037,0.13462895225394658,0.1279872956067083,0.4100012678194678,0.6136363636363636,0.9318181818181818,0.7561729436188238,39.5,0.08671164323846736,0.2356330138073368,1.7433418509212582,1.6115395291430843,0.17493481661669263,0.19958011802823133,0.4772727272727273,False,0.7561729436188238,0.2438270563811762,False
FSMI_nm,6095,6081,2.064223001846959,3.3936725373791616,1.3294495355322025,0.0008661645611596214,0.1184158918804429,0.08714141045653494,0.1796229531723172,0.5570924350651008,0.20454545454545456,0.75,0.39167472590032015,37.75,0.04891424870212491,0.14021766599530805,-0.5366736362270043,-0.5152397498586112,1.0,1.0,0.11363636363636363,False,0.39167472590032015,0.6083252740996798,False
FSMI_nm,6095,6082,1.569797187543049,2.776920464129545,1.207123276586496,0.06265158825199846,0.08453334514136622,0.2908669451592133,0.24429781185625762,1.0069595112894625,0.5227272727272727,0.5227272727272727,0.5227272727272727,32.0,0.049748459554714984,0.14989451042772095,1.5901109410695453,0.9289409643337831,0.2039029892636437,0.3949717781583975,0.25,False,0.5227272727272727,0.4772727272727273,False
FSMI_nm,6095,6084,1.6004098868850862,2.732456129519761,1.132046242634675,0.0039679560592924545,0.1210085397242844,0.07209660406937721,0.1177245801442755,0.4722878931075152,0.25,0.38636363636363635,0.3107907802540305,31.0,0.04958045769607452,0.13567191146370594,-0.32252597039702685,-1.6324718150945985,1.0,1.0,0.1590909090909091,False,0.3107907802540305,0.6892092197459695,False
FSMI_nm,6095,6085,2.455030747789686,3.64223258275702,1.187201834967334,0.14284816380019327,0.24988862008861926,0.5588253757273008,0.48987213359649767,1.6591698335049476,0.8409090909090909,0.4318181818181818,0.6025942537983114,31.25,0.1175217554914733,0.3400105183032489,-1.3922102370001679,-0.38792373346309017,1.0,1.0,0.6136363636363636,False,0.6025942537983114,0.39740574620168856,False
FSMI_nm,6095,6090,3.1749521180513365,3.1493110137653173,0.02564110428601918,0.06623706123167494,0.34995333391484024,0.1971512212210353,0.30543383600879,1.268847599653033,0.5681818181818182,0.022727272727272728,0.11363636363636365,25.25,0.08423631715200694,0.2532086285146178,-0.4808790345435391,1.9291545073258716,1.0,0.14527097211689452,0.38636363636363635,False,0.11363636363636365,0.8863636363636364,False
FSMI_nm,6095,6094,3.616631849567126,2.953007634165525,0.663624215401601,0.09676277622277674,0.2050050489691198,0.13897748559888096,0.18236371236813856,0.6483071837048926,0.7045454545454546,0.29545454545454547,0.4562468159064712,30.0,0.09515268822767917,0.26987765815081444,1.0492927278153532,0.7818187869038793,0.35018533789346806,0.45757302619603113,0.5227272727272727,False,0.4562468159064712,0.5437531840935288,False
FSMI_nm,6095,6099,9.324230493376989,3.9929977980924742,5.331232695284514,0.1010339910506084,0.2041826186347803,0.31991062400962195,0.2802961069165016,0.8104467184375923,0.75,0.38636363636363635,0.538305421923955,31.0,0.13382899111246752,0.37602553627797597,1.0164669223382883,-0.47943294938389464,0.36187120334198236,1.0,0.6590909090909091,False,0.538305421923955,0.46169457807604497,False
FSMI_nm,6095,6101,0.8380821497217993,1.2449497661885773,0.40686761646677805,0.0,0.04527423184125818,0.05784279933415946,0.055724407967315204,0.17336840381420604,0.11363636363636363,0.8863636363636364,0.31736909190383955,39.25,0.24353110050172955,0.6655491127390839,0.38173912953738276,-0.007080090430449785,0.6826731192307272,1.0,0.9318181818181818,False,0.31736909190383955,0.6826309080961604,False
FSMI_nm,6099,6022,1.283204177965711,1.6249802542616087,0.3417760762958977,0.6923665351594199,0.2932515406931998,0.6552200258727965,0.5500676510321796,1.5351033081777292,0.9772727272727273,0.11363636363636363,0.3332472340594359,27.0,0.10862577651040695,0.2882828002159851,5.945135585988516,58.99086351919056,0.002618547285970851,2.40211331701524e-26,0.5227272727272727,False,0.3332472340594359,0.6667527659405641,False
FSMI_nm,6099,6028,4.936413231860014,3.244293329924922,1.6921199019350919,0.022730171937898724,0.20759507333523428,0.5249409823150692,0.4423874646129824,1.3372473106870357,0.6590909090909091,0.3409090909090909,0.47401485487759565,30.0,0.11430683994126808,0.306802565449264,-0.8189364234295323,1.0937170159292011,1.0,0.33496909138730807,0.6136363636363636,False,0.47401485487759565,0.5259851451224044,False
FSMI_nm,6099,6029,2.2241852747386375,1.910353429386138,0.3138318453524995,0.03752081668345353,0.3356803350060041,0.04111114244263718,0.22949358184192442,0.9434146312390488,0.7045454545454546,0.5681818181818182,0.632700495776139,33.5,0.19679329788267305,0.5654263193258687,-0.671927172274018,67.46922753417789,1.0,4.9944398099121605e-30,0.8409090909090909,False,0.632700495776139,0.36729950422386104,False
FSMI_nm,6099,6033,2.1349665471520227,2.5576449775067713,0.4226784303547486,0.0011614672866904208,0.1535871301912157,0.17832255006301206,0.20215184594266855,0.8028852617190259,0.3409090909090909,0.9772727272727273,0.5772011408727407,40.25,0.08871570845098921,0.26305997661860114,-0.7622235292743171,2.0289014949445376,1.0,0.13147987315362422,0.38636363636363635,False,0.5772011408727407,0.42279885912725934,False
FSMI_nm,6099,6047,2.946047980770432,2.980370879122495,0.034322898352062925,0.00584518207375373,0.1524313077480198,0.03997737025355632,0.16146999229539566,0.5538106308478001,0.4772727272727273,0.4772727272727273,0.4772727272727273,31.5,0.12043240487847084,0.3405130785800725,-0.7911935063213003,-0.9851528593560782,1.0,1.0,0.6590909090909091,False,0.4772727272727273,0.5227272727272727,False
FSMI_nm,6099,6048,1.9658126479353135,1.8385043963416354,0.1273082515936781,0.0,0.30700772550367017,0.43108676184716616,0.4016178199048271,1.1796041687133298,0.29545454545454547,0.1590909090909091,0.21680436395839675,27.25,0.10842591282860188,0.30993782195108066,2.0492949957431623,0.5443322108595522,0.1288256942429759,0.5802291247027221,0.4772727272727273,False,0.21680436395839675,0.7831956360416032,False
FSMI_nm,6099,6056,2.6635524818908394,2.3285504358677875,0.33500204602305184,0.0,0.16688205962820704,0.41709868949798873,0.3793482376003613,1.1938218677355206,0.29545454545454547,0.6136363636363636,0.42579531807261806,34.5,0.0035730502589416883,0.00964308853211382,-0.9908415373048282,-0.5525705627123871,1.0,1.0,0.022727272727272728,False,0.42579531807261806,0.5742046819273819,False
FSMI_nm,6099,6057,4.20513929744002,1.0555742978030058,3.1495649996370143,0.004047066876705641,0.0681405628280513,0.02172718964913596,0.05058229721621239,0.17324505205833818,0.4318181818181818,0.7954545454545454,0.5860816799194376,39.0,0.27689414305353305,0.758242081902239,-0.022474000051021296,-0.3102812241047315,1.0,1.0,0.9772727272727273,True,0.9772727272727273,0.022727272727272707,False
FSMI_nm,6099,6062,2.919662839275907,4.05349132030903,1.133828481033123,0.010761481047960153,0.3488824715299462,0.15084244009321188,0.3142714773251792,1.2177486712323748,0.5227272727272727,0.7045454545454546,0.6068649964917585,37.5,0.11189628261552169,0.30539945181986683,-0.8873889330379249,0.02816326812167147,1.0,0.972229619738584,0.5681818181818182,False,0.6068649964917585,0.3931350035082415,False
FSMI_nm,6099,6063,4.880341349767348,5.091101212333285,0.21075986256593726,0.38230708575996974,0.46360314355388804,0.7844722431686714,0.6842878265337164,2.1419843144420296,0.9318181818181818,0.11363636363636363,0.32540502416537165,27.0,0.17146632919976587,0.49842450741131805,0.10816865445430945,5.187090519222944,0.8974762203034736,0.005588242068263663,0.7954545454545454,False,0.32540502416537165,0.6745949758346284,False
FSMI_nm,6099,6070,2.619825980056949,1.6441144353383415,0.9757115447186075,0.07388530839217977,0.11826018032505457,0.035520500429392365,0.08532004974401282,0.3068869509087975,0.75,0.20454545454545456,0.39167472590032015,27.5,0.20691004550833067,0.5663733859605191,-0.11680238600960685,-0.7443574297819685,1.0,1.0,0.8863636363636364,False,0.39167472590032015,0.6083252740996798,False
FSMI_nm,6099,6072,1.4268805447108657,2.252728524241656,0.8258479795307905,0.0,0.06908294537939919,0.07543742257986724,0.07623878242165961,0.22972791443737917,0.29545454545454547,0.7045454545454546,0.4562468159064712,37.5,0.010434837368923372,0.03154288195879995,1.536238053222161,-0.038141334675649306,0.21518911061156665,1.0,0.06818181818181818,False,0.4562468159064712,0.5437531840935288,False
FSMI_nm,6099,6078,1.7124178830987482,2.5565882808688087,0.8441703977700605,0.0,0.153004788897799,0.10547740143750725,0.13522614144215706,0.46502381640743984,0.29545454545454547,0.8863636363636364,0.511742284054441,39.25,0.024924918400945056,0.07847548504142532,-0.4261780122100811,-1.1211762167893378,1.0,1.0,0.11363636363636363,False,0.511742284054441,0.488257715945559,False
FSMI_nm,6099,6080,3.8146875917994394,1.9651030856410583,1.849584506158381,0.07505274140180762,0.08703229149045615,0.13996200715821666,0.12599078974995231,0.4460914436123755,0.7954545454545454,0.9318181818181818,0.8609407693125368,39.5,0.08103352473595556,0.2330225218745034,2.0865455563919095,1.1971860667695775,0.12411514489416635,0.30204294589425223,0.3409090909090909,False,0.8609407693125368,0.13905923068746318,False
FSMI_nm,6099,6081,2.064223001846959,3.057471018251519,0.9932480164045598,0.011042349347974323,0.08181681804508742,0.09372337982073763,0.1364734639251541,0.4187099763208999,0.5681818181818182,0.75,0.6527912098338668,37.75,0.037411956572489025,0.10861557427275947,-0.7693009311832741,-0.1413104091091949,1.0,1.0,0.20454545454545456,False,0.6527912098338668,0.34720879016613315,False
FSMI_nm,6099,6082,1.569797187543049,2.8800532221417336,1.3102560345986847,0.07908427957555908,0.08641389112253127,0.2705412933788615,0.22900190996037398,0.9520183689251311,0.8409090909090909,0.5227272727272727,0.6629978248097647,32.0,0.043749309551498555,0.1323393943113662,1.8479225245383457,1.0114757967250576,0.15756416221367653,0.363681862829318,0.29545454545454547,False,0.6629978248097647,0.33700217519023534,False
FSMI_nm,6099,6084,1.6004098868850862,2.633093071086021,1.032683184200935,0.0,0.10592831361557793,0.08940922236082556,0.13289205414058236,0.5081871830715952,0.29545454545454547,0.38636363636363635,0.33786519880269333,31.0,0.03245983463042296,0.09368374748409247,-0.21678208201234117,-1.9052851372145099,1.0,1.0,0.1590909090909091,False,0.3378651988026933,0.6621348011973067,False
FSMI_nm,6099,6085,2.455030747789686,3.5409719169598124,1.0859411691701264,0.12796233986577876,0.2383061171433522,0.524060587598281,0.45492239962741055,1.5668203044578943,0.8863636363636364,0.4318181818181818,0.6186662540371,31.25,0.10473586986439859,0.3023482253306601,-1.5669143967134191,-0.6594009592736014,1.0,1.0,0.4318181818181818,False,0.6186662540371,0.38133374596290004,False
FSMI_nm,6099,6090,3.1749521180513365,3.1377184013032475,0.03723371674808895,0.02262585384123028,0.42271455704312894,0.21463125143343817,0.3519244408919948,1.4137494110427191,0.6136363636363636,0.022727272727272728,0.11809437324333255,25.25,0.04014325194575003,0.12126935374379544,-0.4307796535082154,1.789785723866435,1.0,0.16699594907985654,0.25,False,0.1180943732433326,0.8819056267566674,False
FSMI_nm,6099,6094,3.616631849567126,3.3042511334142035,0.3123807161529224,0.0032611267782090003,0.23833397455205924,0.15300241507183382,0.20332719078931677,0.7040640737776775,0.38636363636363635,0.3409090909090909,0.36292544142434796,30.0,0.14102231823737496,0.39594088914768655,1.4007705720125876,0.8182454702124441,0.24640701641632637,0.44120508326670355,0.75,False,0.3629254414243479,0.6370745585756521,False
FSMI_nm,6099,6095,8.567125493610352,4.994153478246693,3.572972015363659,0.0,0.4152425503984047,0.24801848614269376,0.342999733448092,1.0683743332614348,0.29545454545454547,0.25,0.2717786532523045,28.75,0.1209766141955937,0.3508502278492456,0.1640249823229147,0.2833340766826249,0.8487208185977996,0.7532680965131427,0.7045454545454546,False,0.27177865325230455,0.7282213467476955,False
FSMI_nm,6099,6101,0.8380821497217993,1.1314854695766663,0.293403319854867,0.0,0.04707808128869868,0.056448699615475634,0.055785866046882064,0.17929222059559446,0.29545454545454547,0.8863636363636364,0.511742284054441,39.25,0.27088642234813975,0.7362806726033693,0.4163745919820556,-0.14134259902825405,0.6594332058214551,1.0,0.9318181818181818,False,0.511742284054441,0.488257715945559,False
FSMI_nm,6101,6022,1.283204177965711,4.366129478970373,3.0829253010046616,0.17414669837359842,0.480885612631744,0.1074797540264678,0.5023763083306942,1.413078323222969,0.8863636363636364,0.11363636363636363,0.31736909190383955,27.0,0.02129579706580653,0.06758327236846129,3.1469375416262255,47.74393136381481,0.04298356087466402,1.841085952422161e-21,0.06818181818181818,False,0.31736909190383955,0.6826309080961604,False
FSMI_nm,6101,6028,4.936413231860014,3.241761653773108,1.6946515780869058,0.09928814077274595,0.1501596506970124,0.6485059983964382,0.5260656125902877,1.8930713678970466,0.6590909090909091,0.3409090909090909,0.47401485487759565,30.0,0.11863486292781807,0.34855846737569185,-0.7844546427719663,1.0711134093553383,1.0,0.3426268210580332,0.7045454545454546,False,0.47401485487759565,0.5259851451224044,False
FSMI_nm,6101,6029,2.2241852747386375,1.8425119729267618,0.38167330181187564,0.029741662434424665,0.32462456657581223,0.042967337584335255,0.22212179344122152,0.9205615995631082,0.3409090909090909,0.6136363636363636,0.4573775408522297,33.5,0.1747306331564533,0.4681371797485053,-0.6197580870962204,57.16017374237501,1.0,1.498483478681354e-25,0.8409090909090909,False,0.4573775408522297,0.5426224591477703,False
FSMI_nm,6101,6033,2.1349665471520227,2.795433360232475,0.6604668130804523,0.03260562273669931,0.18233553386231827,0.21087267851129946,0.23775504622748017,0.9603089669051705,0.38636363636363635,0.9772727272727273,0.6144775379361715,40.25,0.048770756048406555,0.15304722671326831,-0.8558864613306595,1.7702072905831987,1.0,0.17029768406011694,0.3409090909090909,False,0.6144775379361715,0.38552246206382845,False
FSMI_nm,6101,6047,2.946047980770432,2.991163507863855,0.04511552709342315,0.0,0.14332504514351901,0.025285372019905907,0.15108899284995922,0.5055393841928804,0.1590909090909091,0.5227272727272727,0.2883767622829436,31.5,0.1283840014243584,0.3612755182812344,-0.7696476520564267,-1.096914907804637,1.0,1.0,0.75,False,0.2883767622829436,0.7116232377170564,False
FSMI_nm,6101,6048,1.9658126479353135,2.0171504541466345,0.051337806211321,0.11021087231685378,0.3505848194339421,0.49608327843458894,0.4608708289885033,1.4112241089776318,0.75,0.1590909090909091,0.3454246398538787,27.25,0.10533799203180065,0.30656434934813026,1.5001161959608884,0.5579829723073858,0.22310423483130593,0.5723623710841764,0.6136363636363636,False,0.3454246398538787,0.6545753601461213,False
FSMI_nm,6101,6056,2.6635524818908394,2.2355960090733196,0.4279564728175198,0.0,0.15914392167576294,0.38710204371943135,0.35595602813111615,1.1316832896268967,0.1590909090909091,0.6590909090909091,0.3238137920176138,34.5,0.04239533384272334,0.11475456820166763,-1.1035353630432188,-0.576177683563433,1.0,1.0,0.25,False,0.32381379201761384,0.6761862079823862,False
FSMI_nm,6101,6057,4.20513929744002,1.0050188642155709,3.2001204332244493,0.009700135163621004,0.06953600807019038,0.02879997977792584,0.053150901420727245,0.1905420386699681,0.20454545454545456,0.8409090909090909,0.41473380888396955,39.0,0.36963305082907133,0.9825644782705574,-0.0794470833561943,-0.353251825264104,1.0,1.0,0.9772727272727273,True,0.9772727272727273,0.022727272727272707,False
FSMI_nm,6101,6062,2.919662839275907,4.16791503308799,1.2482521938120827,0.09811827304495502,0.39546732892572695,0.2275611463546394,0.3914147566972901,1.486659183351804,0.6136363636363636,0.75,0.6784005252999681,37.5,0.062184384778896214,0.17130064452718852,-0.7537839403015676,-0.07506089522308854,1.0,1.0,0.4318181818181818,False,0.6784005252999681,0.3215994747000319,False
FSMI_nm,6101,6063,4.880341349767348,4.991523720312844,0.11118237054549596,0.2805870225979312,0.42207236977912976,0.8408062512121892,0.7175542389037717,2.439910034053626,0.9318181818181818,0.11363636363636363,0.32540502416537165,27.0,0.210682051192072,0.5804739671546301,0.15786764128448882,4.1984390790760076,0.853962803908417,0.015019002007780393,0.9318181818181818,False,0.32540502416537165,0.6745949758346284,False
FSMI_nm,6101,6070,2.619825980056949,1.8930577843531657,0.7267681957037833,0.10859882740598992,0.08288000832035203,0.0440398437826747,0.06894980483591827,0.23580443690363695,0.7045454545454546,0.20454545454545456,0.3796202974656833,27.5,0.20872319450854268,0.5810767226881202,0.052672234065796505,-0.7270185249345321,0.9486909100911086,1.0,0.8863636363636364,False,0.37962029746568327,0.6203797025343167,False
FSMI_nm,6101,6072,1.4268805447108657,1.9150518701198633,0.48817132540899766,0.01513865886583221,0.0625873274168045,0.061184722469846596,0.0669037444137362,0.2577603466710723,0.29545454545454547,0.75,0.4707344358456359,37.5,0.07584480445293236,0.2109719619599344,0.8005606880802852,-0.13721243117602985,0.44907710133774154,1.0,0.4772727272727273,False,0.4707344358456359,0.5292655641543641,False
FSMI_nm,6101,6078,1.7124178830987482,2.445995571711169,0.7335776886124208,0.0,0.12232061957217552,0.10435660968808842,0.11963421387745139,0.4045226208323145,0.1590909090909091,0.8863636363636364,0.37551617367859785,39.25,0.08961445755319851,0.2444096799219777,-0.4159783689232691,-1.1359140521742157,1.0,1.0,0.5227272727272727,False,0.3755161736785979,0.6244838263214021,False
FSMI_nm,6101,6080,3.8146875917994394,1.9644898639554278,1.8501977278440116,0.09513784847723827,0.10955541999513325,0.14910489578805866,0.1398854279441818,0.4843048964014596,0.5681818181818182,0.9318181818181818,0.7276277542537328,39.5,0.035091037954502136,0.10077687399880231,1.746934815746694,1.0808682001480563,0.1743074097741565,0.33930081671097695,0.11363636363636363,False,0.7276277542537328,0.27237224574626717,False
FSMI_nm,6101,6081,2.064223001846959,3.318849359587327,1.254626357740368,0.07536586294602676,0.09363511981409445,0.08537841095871053,0.16905236968869275,0.5234647262920018,0.4772727272727273,0.7954545454545454,0.616156441442089,37.75,0.05609155545991939,0.15455263373393602,-0.5806737014833899,-0.42456792085813044,1.0,1.0,0.38636363636363635,False,0.616156441442089,0.38384355855791097,False
FSMI_nm,6101,6082,1.569797187543049,2.58547665451993,1.0156794669768812,0.12640700835342988,0.09481321823289923,0.27344001308532045,0.23064158441067828,0.9639252148522852,0.7954545454545454,0.5681818181818182,0.6722817935340473,32.0,0.037691205816162095,0.10295459692564801,1.6369626145605678,0.9047836727210534,0.19457013015536556,0.4046294080146984,0.20454545454545456,False,0.6722817935340473,0.32771820646595273,False
FSMI_nm,6101,6084,1.6004098868850862,2.62046362941752,1.0200537425324336,0.014430878084121357,0.09731431086460648,0.0865167289845031,0.12107320227580252,0.46625392411465816,0.25,0.4318181818181818,0.32856437033638547,31.0,0.006604851183752965,0.019925406454051053,-0.2672289393731426,-1.5296005566256858,1.0,1.0,0.022727272727272728,False,0.3285643703363854,0.6714356296636146,False
FSMI_nm,6101,6085,2.455030747789686,3.640592818412158,1.1855620706224719,0.17006499255068164,0.2627911251681974,0.561464354966707,0.4983328151845525,1.740062673233981,0.8409090909090909,0.4772727272727273,0.6335163574893797,31.25,0.04852516767699014,0.13317387000680414,-1.5508059005383157,-0.23430394566642018,1.0,1.0,0.29545454545454547,False,0.6335163574893797,0.36648364251062027,False
FSMI_nm,6101,6090,3.1749521180513365,3.2382658080286144,0.06331368997727793,0.042426196720815046,0.4414814486401709,0.19120466087012028,0.3557885207161697,1.4304237455279165,0.4318181818181818,0.022727272727272728,0.09906588508046986,25.25,0.11405135632952441,0.3381634784877039,-0.4696865251179307,2.1228821930237753,1.0,0.11968617226406486,0.6590909090909091,False,0.09906588508046987,0.9009341149195301,False
FSMI_nm,6101,6094,3.616631849567126,2.6435189944028417,0.9731128551642843,0.0,0.20792217882223882,0.15051259752484808,0.18900613702665628,0.6716286818009465,0.1590909090909091,0.3409090909090909,0.23288524468089994,30.0,0.037467411972778836,0.10641943794503539,1.0104576365357447,0.9914116683320698,0.3640523377930512,0.37105251804064177,0.1590909090909091,False,0.2328852446809,0.7671147553191,False
FSMI_nm,6101,6095,8.567125493610352,5.982789255027635,2.5843362385827167,0.0931281694907824,0.684976102225384,0.251632691748598,0.5025319677190561,1.576841279048871,0.5227272727272727,0.25,0.3614994027406106,28.75,0.09630330184458041,0.2748689775370461,0.4017218747955358,0.14207887164547922,0.6691668319734677,0.8675528284683128,0.5681818181818182,False,0.36149940274061065,0.6385005972593893,False
FSMI_nm,6101,6099,9.324230493376989,4.963300749699089,4.3609297436779,0.2895663696076989,0.22506386641344187,0.399922198473115,0.33954659473234605,1.027546635957167,0.9772727272727273,0.4318181818181818,0.6496184512707478,31.0,0.1571670994966674,0.4206970867475548,1.1609343014420461,-0.4103340521488265,0.3131934270731942,1.0,0.7954545454545454,False,0.6496184512707478,0.3503815487292522,False
