sweep_descriptor,base_row_id,sample_id,guidance_scale,requested_raw,requested_cond,sample_index,generated_std,generated_min,generated_max,generated_height_mean,generated_height_std,generated_rq,generated_ra,generated_peak_to_valley,generated_p01,generated_p05,generated_p50,generated_p95,generated_p99,generated_robust_range,generated_skewness,generated_kurtosis,generated_mean_abs_gradient,generated_gradient_std,generated_gradient_orientation_entropy,generated_gradient_anisotropy,generated_psd_low_power,generated_psd_mid_power,generated_psd_high_power,generated_psd_slope,generated_autocorrelation_length_px,generated_island_coverage,generated_island_count,generated_island_mean_area_px,generated_height_min,generated_height_max,generated_slope_p50,generated_slope_p95,generated_slope_p99,generated_psd_peak_frequency,generated_island_mean_height
rq,afmv2_06e9a8457ab9,6058,0.0,-1.799924374,-2,0,0.623496294,-0.9979144931,0.9993366599,0.09596583303,0.6234962687,0.6234962687,0.547732736,1.997251153,-0.9815139186,-0.9008603573,0.1466559842,0.9639424056,0.9941309518,1.97564487,-0.163662937,1.695287891,0.1734494398,0.1331967174,0.9974645223,0.140457011,9.164762181,4.005156482,1.307910347,-3.975274422,6,0.25,36,113.7777778,-0.9979144931,0.9993366599,0.1462251514,0.4324182564,0.5806317032,0.0234375,0.8654886853
rq,afmv2_06e9a8457ab9,6058,0.0,-1.799924374,-2,1,0.6285659671,-0.9982780814,0.9996436238,-0.02219425518,0.6285659409,0.6285659409,0.55249739,1.997921705,-0.9887013876,-0.9458804756,-0.01738977339,0.9388990998,0.9893684775,1.978069865,0.02776024035,1.664326793,0.1632522427,0.1270150283,0.9987759746,0.07257420787,9.099313852,3.959318442,1.252246755,-4.046232899,7,0.25,34,120.4705882,-0.9982780814,0.9996436238,0.1358864148,0.4062574285,0.5623309027,0.01104854346,0.7955155635
rq,afmv2_06e9a8457ab9,6058,0.0,1.192162991,-1,0,0.6353794336,-0.9982674122,0.9995077848,0.1324006372,0.6353794316,0.6353794316,0.5600523158,1.997775197,-0.9726372057,-0.8986711681,0.2022791058,0.9761179239,0.9946098965,1.967247102,-0.2254027018,1.685311656,0.1544204042,0.1226672137,0.9990983547,0.03220616881,9.034311881,3.818117953,1.158814569,-4.086211353,7,0.25,28,146.2857143,-0.9982674122,0.9995077848,0.1285209609,0.3984707357,0.5391223159,0.01104854346,0.8976538576
rq,afmv2_06e9a8457ab9,6058,0.0,1.192162991,-1,1,0.6229404211,-0.9982407689,0.9997903705,0.09904322957,0.6229404251,0.6229404251,0.5462697672,1.998031139,-0.9809464222,-0.9020584464,0.1344089359,0.9703570426,0.9956450856,1.976591508,-0.1491235452,1.703725012,0.16746903,0.1270199921,0.9982888991,0.07088138913,9.126910496,3.932412294,1.22542236,-4.039189937,6,0.25,38,107.7894737,-0.9982407689,0.9997903705,0.1410225524,0.4128118851,0.54367273,0.02209708691,0.8731064199
rq,afmv2_06e9a8457ab9,6058,0.0,4.184250355,0,0,0.6358288527,-0.9987434745,0.9996922612,0.1086930817,0.6358288425,0.6358288425,0.5563504719,1.998435736,-0.9883906811,-0.9330633938,0.1787818447,0.958319363,0.9927919853,1.981182666,-0.2474307209,1.714191779,0.1591588005,0.1285408534,0.998430755,0.05580194434,9.074115597,3.907909132,1.130434505,-4.097796917,7,0.25,28,146.2857143,-0.9987434745,0.9996922612,0.1288779989,0.4123750698,0.5547754397,0.01746928107,0.8717995426
rq,afmv2_06e9a8457ab9,6058,0.0,4.184250355,0,1,0.6317864656,-0.9993735552,0.9995833635,0.03491863806,0.6317864601,0.6317864601,0.5537194057,1.998956919,-0.9840112436,-0.9430788487,0.07321667671,0.946723339,0.990555017,1.974566261,-0.09805911534,1.681786047,0.1693795086,0.1337452616,0.997398322,0.03595403712,9.184288908,3.992969053,1.210497916,-4.080780624,6,0.25,39,105.025641,-0.9993735552,0.9995833635,0.1386822049,0.4338545975,0.5905394451,0.0078125,0.8310028871
rq,afmv2_06e9a8457ab9,6058,0.0,7.176337719,1,0,0.620611012,-0.9979003668,0.9999551177,0.07836083562,0.6206110238,0.6206110238,0.5440575235,1.997855484,-0.9712716359,-0.8943105906,0.1034303941,0.9724255949,0.9989982218,1.970269858,-0.08759206529,1.696388191,0.1581340014,0.1222914949,0.9984751812,0.09949259788,9.015259143,3.856764232,1.150291735,-4.066966046,7,0.25,37,110.7027027,-0.9979003668,0.9999551177,0.1336175524,0.3945278863,0.5389465677,0.0078125,0.8650013286
rq,afmv2_06e9a8457ab9,6058,0.0,7.176337719,1,1,0.6480815411,-0.9981838465,0.9994268417,0.08775665924,0.6480815451,0.6480815451,0.5763388983,1.997610688,-0.9837507623,-0.9320619583,0.1436213255,0.9599268794,0.9908231986,1.974573961,-0.1758879419,1.620649368,0.1645932426,0.1327654652,0.9987989178,0.1130172862,9.12371494,3.91180718,1.208524002,-4.071365708,7,0.25,30,136.5333333,-0.9981838465,0.9994268417,0.1337672459,0.42845283,0.5612964961,0.02209708691,0.8730041853
rq,afmv2_06e9a8457ab9,6058,0.0,10.16842508,2,0,0.6255313754,-0.9959841967,0.9999459982,0.1016441521,0.6255313374,0.6255313374,0.5471704594,1.995930195,-0.9673916256,-0.8901429653,0.1188225895,0.9722003877,0.9965006769,1.963892303,-0.1276516769,1.697843063,0.1573667009,0.1235783279,0.9981575181,0.1504630166,9.032262262,3.81214423,1.202736042,-4.051998439,7,0.25,25,163.84,-0.9959841967,0.9999459982,0.1315216592,0.4074599781,0.5369669632,0.01746928107,0.8880586917
rq,afmv2_06e9a8457ab9,6058,0.0,10.16842508,2,1,0.6232923269,-0.9994226098,0.9996101856,0.1005088769,0.623292306,0.623292306,0.5448656099,1.999032795,-0.9801669317,-0.9102640778,0.1648767143,0.9701970041,0.9957764924,1.975943424,-0.2051821768,1.728771922,0.1678239688,0.129154145,0.9974504218,0.08009156293,9.153945972,3.993450904,1.312557171,-3.995363304,6,0.25,38,107.7894737,-0.9994226098,0.9996101856,0.1417250302,0.4203111908,0.5526562843,0.01746928107,0.8614681458
rq,afmv2_84343ccdd8fc,6058,0.0,-1.799924374,-2,0,0.6465392709,-0.995919764,0.9991963506,0.1090323171,0.6465392577,0.6465392577,0.5723263074,1.995116115,-0.9736095512,-0.9219487578,0.1724299937,0.96523664,0.9946541077,1.968263659,-0.206537334,1.648727102,0.1572378169,0.1253918865,0.9981067226,0.0663752842,9.055175669,3.868623993,1.135337972,-4.111339173,7,0.25,28,146.2857143,-0.995919764,0.9991963506,0.1291969815,0.405145595,0.5274456633,0.015625,0.8883254795
rq,afmv2_84343ccdd8fc,6058,0.0,-1.799924374,-2,1,0.6422973871,-0.9951719642,0.9995165467,0.0690729404,0.6422973882,0.6422973882,0.5712941449,1.994688511,-0.9703315365,-0.8972743869,0.09007933736,0.9764390439,0.9957945919,1.966126128,-0.0628863176,1.607748787,0.1560370155,0.1304294571,0.9973238467,0.1010454296,9.10575189,3.885637999,1.241849346,-4.064737536,7,0.25,27,151.7037037,-0.9951719642,0.9995165467,0.1246603244,0.4084909549,0.5816366222,0.0078125,0.8812481966
rq,afmv2_84343ccdd8fc,6058,0.0,1.192162991,-1,0,0.6355175972,-0.9952058792,0.9998660684,0.1064891597,0.635517639,0.635517639,0.5577536573,1.995071948,-0.9639838552,-0.9025468677,0.1234340742,0.9775187582,0.9961331344,1.96011699,-0.1399948068,1.677196967,0.1541477756,0.1235003545,0.9980743402,0.08128904367,8.997816881,3.72893596,1.110828293,-4.118210537,7,0.25,23,178.0869565,-0.9952058792,0.9998660684,0.1281415608,0.3974813388,0.5248886843,0.01746928107,0.8977453686
rq,afmv2_84343ccdd8fc,6058,0.0,1.192162991,-1,1,0.6318093538,-0.9956552386,0.9997081161,0.1268101433,0.6318093566,0.6318093566,0.5581969625,1.995363355,-0.9644109792,-0.8969032824,0.1761583462,0.9692444593,0.9937388176,1.958149797,-0.2007126788,1.673167354,0.1668897881,0.1324646116,0.9940904027,0.2264723027,9.126617547,3.943868447,1.32915795,-4.000371941,6,0.25,27,151.7037037,-0.9956552386,0.9997081161,0.1377043395,0.4220310601,0.5769553171,0.02209708691,0.8923439013
rq,afmv2_84343ccdd8fc,6058,0.0,4.184250355,0,0,0.6260254979,-0.9995653629,0.9998615384,0.09267604217,0.6260255339,0.6260255339,0.5496365239,1.999426901,-0.9793039334,-0.9091691256,0.136080049,0.9712906599,0.9967767751,1.976080709,-0.1553335454,1.696897252,0.1673245158,0.127817428,0.9982142861,0.1221515723,9.108351247,3.925349398,1.230105404,-4.050558656,6,0.25,39,105.025641,-0.9995653629,0.9998615384,0.1427989705,0.4079182579,0.5622807337,0.01104854346,0.8675715911
rq,afmv2_84343ccdd8fc,6058,0.0,4.184250355,0,1,0.6428013444,-0.9978709221,0.9999325275,0.07464603733,0.6428013584,0.6428013584,0.5729022311,1.99780345,-0.9784251732,-0.9117329866,0.1103859991,0.9676605821,0.9937598461,1.972185019,-0.1106509581,1.601830321,0.1578660691,0.1252106289,0.9990004357,0.03365685959,9.072210681,3.980298926,1.2224337,-4.068813795,7,0.25,28,146.2857143,-0.9978709221,0.9999325275,0.1283651326,0.4025749601,0.5574929161,0.01104854346,0.871769133
rq,afmv2_84343ccdd8fc,6058,0.0,7.176337719,1,0,0.6261681318,-0.9985836148,0.9994790554,-0.02069248232,0.6261681663,0.6261681663,0.5512816742,1.99806267,-0.9922849721,-0.9515666604,-0.02286903095,0.9291554928,0.9893724239,1.981657396,0.008701153372,1.663811793,0.1630401823,0.1236777145,0.9986796932,0.07894793579,9.029369859,3.869945997,1.191776386,-4.061557731,7,0.25,32,128,-0.9985836148,0.9994790554,0.1379989872,0.3999925617,0.5387905798,0.02470529422,0.7883075788
rq,afmv2_84343ccdd8fc,6058,0.0,7.176337719,1,1,0.6275486946,-0.9997400045,0.9996952415,0.01474428595,0.6275487027,0.6275487027,0.550959586,1.999435246,-0.9887421274,-0.9360453159,0.02051050775,0.9539623529,0.9953473848,1.984089512,-0.02272944999,1.679933159,0.1565176164,0.1231239065,0.9987307382,0.09963790712,9.060350669,3.876801297,1.233490503,-4.038193568,7,0.25,29,141.2413793,-0.9997400045,0.9996952415,0.1299251126,0.3958487825,0.5438715115,0.015625,0.8217312685
rq,afmv2_84343ccdd8fc,6058,0.0,10.16842508,2,0,0.6259809136,-0.9969941378,0.9999662042,0.02587310153,0.6259808913,0.6259808913,0.548196947,1.996960342,-0.9796314079,-0.9120684117,0.0182981221,0.9657530993,0.9962364161,1.975867824,0.001316417026,1.681846902,0.1682384775,0.1292052744,0.9987725674,0.03593713763,9.087674112,3.971991738,1.228572659,-3.994667735,6,0.25,29,141.2413793,-0.9969941378,0.9999662042,0.1411152224,0.4181675546,0.5460847771,0.01746928107,0.8390997899
rq,afmv2_84343ccdd8fc,6058,0.0,10.16842508,2,1,0.651619494,-0.9983282685,0.9993402958,0.0642447454,0.6516194779,0.6516194779,0.5804750966,1.997668564,-0.9754873013,-0.9176987439,0.07934242487,0.9668238252,0.9925571823,1.968044484,-0.07418108358,1.584800347,0.157642718,0.1268025871,0.9976729061,0.09678297341,9.047308149,3.838220224,1.190504363,-4.084872488,7,0.25,26,157.5384615,-0.9983282685,0.9993402958,0.1283224939,0.4049640531,0.5484800025,0.01104854346,0.8820139453
rq,afmv2_06e9a8457ab9,6058,1.5,-1.799924374,-2,0,0.6322978735,-0.9995000362,0.9997538328,0.02377436476,0.6322978487,0.6322978487,0.5560311026,1.999253869,-0.9888010859,-0.9460050523,0.05475312471,0.9417245984,0.99548886,1.984289946,-0.06940289043,1.670061663,0.1648723285,0.1263361419,0.99648659,0.1735041407,9.081637949,3.9215632,1.204655027,-4.049713355,6,0.25,34,120.4705882,-0.9995000362,0.9997538328,0.1390806246,0.4091325622,0.5500566058,0.015625,0.8269421231
rq,afmv2_06e9a8457ab9,6058,1.5,-1.799924374,-2,1,0.6241869926,-0.9997531772,0.999117434,0.03908112095,0.6241870126,0.6241870126,0.5440246286,1.998870611,-0.9947996616,-0.9511637509,0.06720195711,0.9495265484,0.9903289253,1.985128587,-0.1035741398,1.729177348,0.1667755397,0.1283427455,0.9981623176,0.09245326725,9.127932532,3.948406258,1.212989966,-4.040683477,6,0.25,39,105.025641,-0.9997531772,0.999117434,0.1411381623,0.4195919438,0.5578670395,0.015625,0.8276163013
rq,afmv2_06e9a8457ab9,6058,1.5,1.192162991,-1,0,0.6445906162,-0.9989478588,0.9989711642,0.06272911486,0.6445906432,0.6445906432,0.5681229348,1.997919023,-0.9848732799,-0.9438103378,0.09224672616,0.9610180736,0.9907435733,1.975616853,-0.1236005496,1.652304946,0.1571849601,0.12616547,0.9988367515,0.1286618276,9.073071481,3.875255328,1.157440663,-4.101049319,7,0.25,24,170.6666667,-0.9989478588,0.9989711642,0.1297093685,0.4068009295,0.5378456229,0.015625,0.8660454673
rq,afmv2_06e9a8457ab9,6058,1.5,1.192162991,-1,1,0.6361620426,-0.9985466003,0.9987085462,0.08000581045,0.636162019,0.636162019,0.5583190336,1.997255147,-0.9931087589,-0.9410689026,0.1432542056,0.9567603201,0.9919138801,1.985022639,-0.1840251151,1.692784318,0.1564171446,0.1259156256,0.9993243514,0.02322980052,9.058753338,3.808734723,1.152201752,-4.101753937,7,0.25,29,141.2413793,-0.9985466003,0.9987085462,0.1278096727,0.3998853296,0.549116194,0.015625,0.8603875306
rq,afmv2_06e9a8457ab9,6058,1.5,4.184250355,0,0,0.6411217451,-0.998298049,0.9999250174,0.01851361576,0.6411217447,0.6411217447,0.5677479881,1.998223066,-0.99005077,-0.9478381932,0.02610007022,0.9507793337,0.9961490601,1.98619983,-0.02834949242,1.619990752,0.1572835999,0.1255193639,0.9971081858,0.1920509402,9.027367502,3.734343305,1.119294895,-4.130075475,7,0.25,29,141.2413793,-0.998298049,0.9999250174,0.1323209344,0.40070199,0.5585350751,0.0078125,0.8378417849
rq,afmv2_06e9a8457ab9,6058,1.5,4.184250355,0,1,0.6270190477,-0.9966993928,0.9987077713,0.1486751321,0.6270190591,0.6270190591,0.5525129047,1.995407164,-0.9762240469,-0.8893299282,0.2320156544,0.966398263,0.9915358984,1.967759945,-0.268483911,1.713711941,0.1741814072,0.1348049257,0.9980298368,0.02407120839,9.164512425,4.014795954,1.291697012,-3.988200422,6,0.25,36,113.7777778,-0.9966993928,0.9987077713,0.1471851418,0.4326525051,0.5715855325,0.0390625,0.892952202
rq,afmv2_06e9a8457ab9,6058,1.5,7.176337719,1,0,0.6529442072,-0.9962792993,0.9995715618,0.04050491459,0.6529442184,0.6529442184,0.5785911631,1.995850861,-0.9753613281,-0.9276443034,0.04193039425,0.9713851392,0.994486776,1.969848104,-0.02709392566,1.599486675,0.1609649424,0.1274352685,0.9968183245,0.1887067299,9.091262686,3.827298731,1.216522195,-4.090774785,7,0.25,22,186.1818182,-0.9962792993,0.9995715618,0.1333657667,0.4056258215,0.534458748,0.0078125,0.8764261972
rq,afmv2_06e9a8457ab9,6058,1.5,7.176337719,1,1,0.6376838684,-0.9988026023,0.9995832443,0.05236691676,0.6376838739,0.6376838739,0.5650734545,1.998385847,-0.9713824111,-0.9092173576,0.0573692359,0.9641393453,0.99439789,1.965780301,-0.04528627845,1.618991635,0.1670641715,0.1281682172,0.9980173434,0.1217861749,9.082072694,3.772832567,1.19796437,-4.074051211,7,0.25,29,141.2413793,-0.9988026023,0.9995832443,0.1404821743,0.4165960688,0.5329329131,0.0078125,0.8649518715
rq,afmv2_06e9a8457ab9,6058,1.5,10.16842508,2,0,0.6415537,-0.9968996644,0.9990753531,0.0426643598,0.6415537133,0.6415537133,0.5668625848,1.995975018,-0.9723375267,-0.9081418335,0.02781238034,0.9715344042,0.9943464911,1.966684018,-0.004306604439,1.620229122,0.15824425,0.1275612157,0.9986561762,0.04303546635,9.070075829,3.941484907,1.246081184,-4.027378835,7,0.25,28,146.2857143,-0.9968996644,0.9990753531,0.130425622,0.4121343905,0.5600490435,0.01746928107,0.8716975606
rq,afmv2_06e9a8457ab9,6058,1.5,10.16842508,2,1,0.6330215335,-0.9958086014,0.999484241,0.09689407547,0.6330215078,0.6330215078,0.5551344825,1.995292842,-0.9814566642,-0.9238308698,0.1546532735,0.9708324909,0.9950260496,1.976482714,-0.1798263461,1.703378421,0.1624426925,0.1240139699,0.9976133617,0.1536985722,9.070290051,3.872267918,1.148067682,-4.090778354,7,0.25,33,124.1212121,-0.9958086014,0.999484241,0.1386892467,0.4020962455,0.5266872752,0.0078125,0.8758971618
rq,afmv2_84343ccdd8fc,6058,1.5,-1.799924374,-2,0,0.6421233416,-0.9965876937,0.9989396334,0.06220171613,0.6421233534,0.6421233534,0.5667080529,1.995527327,-0.9859965032,-0.942283535,0.1206786297,0.9525776803,0.9900903165,1.97608682,-0.1493930716,1.645857485,0.1611765917,0.1255422211,0.9977432038,0.1256118974,9.094578673,3.856838907,1.15580814,-4.110113219,7,0.25,33,124.1212121,-0.9965876937,0.9989396334,0.1354184516,0.4070187145,0.5453182956,0.0078125,0.8541118014
rq,afmv2_84343ccdd8fc,6058,1.5,-1.799924374,-2,1,0.6339932084,-0.9980326891,0.9991515875,0.05186746012,0.6339932094,0.6339932094,0.5563233281,1.997184277,-0.9827243751,-0.9315271825,0.04862222634,0.9650473326,0.99500157,1.977725945,-0.06091959359,1.675086203,0.16169985,0.1256371669,0.9992200753,0.08510522193,9.062746635,3.899155443,1.177096955,-4.070125048,7,0.25,31,132.1290323,-0.9980326891,0.9991515875,0.1368410886,0.4049821964,0.5380889495,0.0078125,0.8609917318
rq,afmv2_84343ccdd8fc,6058,1.5,1.192162991,-1,0,0.6279424429,-0.9937072992,0.9999926686,0.08805934339,0.6279424278,0.6279424278,0.5520471713,1.993699968,-0.9615399665,-0.8879184455,0.09143523499,0.978895992,0.998546192,1.960086159,-0.07338854023,1.671219819,0.1580475334,0.1221318563,0.9978045129,0.1534780425,8.973259639,3.700702492,1.127634119,-4.071210384,7,0.25,28,146.2857143,-0.9937072992,0.9999926686,0.1348775741,0.3982511622,0.5175214737,0.015625,0.8876185281
rq,afmv2_84343ccdd8fc,6058,1.5,1.192162991,-1,1,0.6141976118,-0.9979934692,0.9999701977,0.1463277004,0.6141975892,0.6141975892,0.5379070609,1.997963667,-0.9709018159,-0.8756820679,0.2247041687,0.968452093,0.9968655413,1.967767357,-0.2603106689,1.751640967,0.1609970546,0.1241839404,0.9958211386,0.2196105724,9.049524991,3.850982061,1.238722061,-4.025674398,6,0.25,35,117.0285714,-0.9979934692,0.9999701977,0.1351723957,0.3996222028,0.5435701421,0.01104854346,0.8827660455
rq,afmv2_84343ccdd8fc,6058,1.5,4.184250355,0,0,0.6298965216,-0.9996964931,0.9993808866,0.08745053299,0.6298965082,0.6298965082,0.550367436,1.99907738,-0.9860036987,-0.9239782631,0.1398154199,0.9599839747,0.9908097953,1.976813494,-0.1883077245,1.712572025,0.1658552861,0.1323075083,0.9989022472,0.09312333417,9.139162408,4.015146721,1.333589276,-3.971699143,6,0.25,27,151.7037037,-0.9996964931,0.9993808866,0.1363049194,0.426275713,0.5935975937,0.02209708691,0.860913844
rq,afmv2_84343ccdd8fc,6058,1.5,4.184250355,0,1,0.6326979399,-0.9974902272,0.9993725419,0.09508189475,0.632697965,0.632697965,0.5530592336,1.996862769,-0.9841359252,-0.927901724,0.1440283656,0.9708070248,0.9955953175,1.979731243,-0.1692514307,1.709731826,0.1544503039,0.1215785228,0.9986774567,0.04075497014,9.018305911,3.79911598,1.102711706,-4.132124484,7,0.25,34,120.4705882,-0.9974902272,0.9993725419,0.1303890465,0.3928822068,0.5089273746,0.0078125,0.877840366
rq,afmv2_84343ccdd8fc,6058,1.5,7.176337719,1,0,0.6265535355,-0.9990193844,0.9998535514,0.04498664343,0.6265535692,0.6265535692,0.5494334524,1.998872936,-0.9796273214,-0.9204634756,0.07613887265,0.9691860914,0.9965441114,1.976171433,-0.07129975853,1.692789974,0.1656518889,0.1250850616,0.9971075541,0.09182477973,9.13597024,4.021946956,1.271676348,-4.023464141,7,0.25,45,91.02222222,-0.9990193844,0.9998535514,0.142272472,0.405799443,0.5358230805,0.01746928107,0.8409776061
rq,afmv2_84343ccdd8fc,6058,1.5,7.176337719,1,1,0.6264201999,-0.9966015816,0.9989728928,0.0979542812,0.626420197,0.626420197,0.547134195,1.995574474,-0.9772041661,-0.9093075871,0.1364373565,0.9706845164,0.9922726625,1.969476829,-0.150563782,1.70964049,0.1762853342,0.1325929703,0.9985322379,0.04470839658,9.165641511,3.977877492,1.286258217,-4.002528242,6,0.25,34,120.4705882,-0.9966015816,0.9989728928,0.1531807486,0.4235120927,0.5732622919,0.03314563037,0.878784904
rq,afmv2_84343ccdd8fc,6058,1.5,10.16842508,2,0,0.6423314214,-0.9967911243,0.9983290434,0.06380932246,0.6423314138,0.6423314138,0.566484571,1.995120168,-0.9800799561,-0.9271791667,0.1115082242,0.9641666651,0.9924750012,1.972554957,-0.1309191592,1.644171685,0.159550746,0.1271185252,0.9967737529,0.1680271316,9.129260668,3.966347764,1.218788173,-4.065051028,7,0.25,31,132.1290323,-0.9967911243,0.9983290434,0.1308733985,0.4101115023,0.544359056,0.015625,0.8608035764
rq,afmv2_84343ccdd8fc,6058,1.5,10.16842508,2,1,0.6424608231,-0.9981356263,0.9991835356,0.02223208893,0.642460839,0.642460839,0.5680488992,1.997319162,-0.9854355913,-0.9427707195,0.05333105102,0.9560002416,0.9900390762,1.975474668,-0.05297201031,1.63000756,0.1588104764,0.1228233467,0.9980485998,0.07392392332,9.043033493,3.766502961,1.157369384,-4.114178229,7,0.25,26,157.5384615,-0.9981356263,0.9991835356,0.1334859803,0.4025831268,0.5227805715,0.01104854346,0.8386189736
ra,afmv2_06e9a8457ab9,6058,0.0,-1.315026283,-2,0,0.6287391782,-0.9967722297,0.9992809296,0.07841007298,0.628739158,0.628739158,0.554936443,1.996053159,-0.9819704968,-0.912321493,0.103212636,0.9524865031,0.9880291659,1.969999663,-0.1253747231,1.66237667,0.1783824328,0.1392026487,0.9986413663,0.128082294,9.247095479,4.150610781,1.32840408,-3.982512196,6,0.25,35,117.0285714,-0.9967722297,0.9992809296,0.1476899661,0.4509935615,0.6138941802,0.0234375,0.8606657662
ra,afmv2_06e9a8457ab9,6058,0.0,-1.315026283,-2,1,0.6395930648,-0.9968256354,0.999738276,0.02846670232,0.63959306,0.63959306,0.5652281809,1.996563911,-0.9808801991,-0.9246682465,0.03010149393,0.9554200172,0.9908955997,1.971775799,-0.02281230018,1.622473071,0.1571721267,0.1238922658,0.9961632727,0.1247627994,9.092639408,3.997068238,1.181532549,-4.082711647,7,0.25,27,151.7037037,-0.9968256354,0.999738276,0.1297947938,0.3965825554,0.5276352493,0.01104854346,0.848777504
ra,afmv2_06e9a8457ab9,6058,0.0,0.9887883663,-1,0,0.6248942614,-0.9985494614,0.9992925525,0.1637942755,0.6248942678,0.6248942678,0.5450215968,1.997842014,-0.9795130271,-0.8942085117,0.2504984438,0.975814721,0.9962732971,1.975786324,-0.3179791666,1.787121063,0.1613825192,0.1295765786,0.9972769708,0.1062101373,9.052510257,3.842002291,1.169006466,-4.066290533,6,0.25,35,117.0285714,-0.9985494614,0.9992925525,0.1316702567,0.4131485538,0.5592403467,0.02816836934,0.8994573241
ra,afmv2_06e9a8457ab9,6058,0.0,0.9887883663,-1,1,0.6285385489,-0.9984369874,0.9989714622,0.126258441,0.628538549,0.628538549,0.5542258906,1.99740845,-0.9816901785,-0.9058490932,0.195030272,0.9680054486,0.9924017769,1.974091955,-0.2259860664,1.697269313,0.1670901512,0.1305433872,0.9972312493,0.1483739222,9.121897234,3.940953454,1.17126278,-4.062598203,6,0.25,31,132.1290323,-0.9984369874,0.9989714622,0.138005835,0.4268518896,0.5655538245,0.015625,0.8831276176
ra,afmv2_06e9a8457ab9,6058,0.0,3.292603016,0,0,0.6446698904,-0.9966821074,0.9957296252,0.01218279841,0.6446699116,0.6446699116,0.5730061918,1.992411733,-0.9811502671,-0.9240756005,-0.008296539541,0.9485335827,0.9843789637,1.965529231,0.02577718196,1.593054624,0.1719236193,0.1336670899,0.9979240234,0.06138587338,9.202332218,4.050619562,1.308531981,-4.013712873,6,0.25,30,136.5333333,-0.9966821074,0.9957296252,0.1423305932,0.4355093919,0.5721525743,0.02470529422,0.8493440506
ra,afmv2_06e9a8457ab9,6058,0.0,3.292603016,0,1,0.626051724,-0.9949826598,0.9997502565,0.1061772078,0.6260517187,0.6260517187,0.5478171129,1.994732916,-0.9762439263,-0.9063628554,0.1193984114,0.9766983002,0.9972449833,1.97348891,-0.1332703615,1.717537678,0.1590482867,0.1238966366,0.9983319658,0.01800484886,9.062028422,3.910537627,1.14699243,-4.089232307,7,0.25,28,146.2857143,-0.9949826598,0.9997502565,0.1329721463,0.4006412548,0.5371895446,0.0078125,0.8922276507
ra,afmv2_06e9a8457ab9,6058,0.0,5.596417665,1,0,0.6322148442,-0.9947890043,0.9997675419,0.01796466414,0.6322148615,0.6322148615,0.5572671616,1.994556546,-0.9759711677,-0.9208566785,0.001858530275,0.9497224003,0.9930200255,1.968991193,0.009529525701,1.641498184,0.1735914898,0.13165773,0.9986438985,0.09647609894,9.180944241,4.005321801,1.288106724,-4.0012193,6,0.25,31,132.1290323,-0.9947890043,0.9997675419,0.1472633077,0.4289330193,0.5611799016,0.01746928107,0.8382577738
ra,afmv2_06e9a8457ab9,6058,0.0,5.596417665,1,1,0.6341125965,-0.995223105,0.999705255,0.1524972545,0.6341126032,0.6341126032,0.559973818,1.99492836,-0.9620313168,-0.8700554729,0.2122726664,0.982040745,0.9972253972,1.959256714,-0.1978754617,1.666591034,0.1397108227,0.1137198275,0.9970656407,0.1862486692,8.871558003,3.642759705,1.045626135,-4.142759087,9,0.25,15,273.0666667,-0.995223105,0.999705255,0.1146869914,0.3601058688,0.4799268481,0.0078125,0.9233995143
ra,afmv2_06e9a8457ab9,6058,0.0,7.900232315,2,0,0.6314504743,-0.9988232255,0.9997466207,0.06395255896,0.6314504488,0.6314504488,0.553920873,1.998569846,-0.988889966,-0.931784153,0.1208434813,0.9512315154,0.9928426164,1.981732582,-0.1525316978,1.683096161,0.1651893863,0.127513369,0.9953276912,0.228705387,9.140096231,3.955759825,1.274947298,-4.026998294,7,0.25,27,151.7037037,-0.9988232255,0.9997466207,0.1386902201,0.4124389017,0.5590817323,0.01104854346,0.8455265975
ra,afmv2_06e9a8457ab9,6058,0.0,7.900232315,2,1,0.6331180334,-0.997046411,0.9994778633,0.03465387698,0.6331180438,0.6331180438,0.5561725545,1.996524274,-0.9729594171,-0.9161019683,0.02461778279,0.9721411735,0.9949369091,1.967896326,-0.005713238154,1.662042919,0.1654720611,0.1284791141,0.9979898774,0.06637426852,9.133480196,3.975225607,1.255798019,-4.038776153,7,0.25,31,132.1290323,-0.997046411,0.9994778633,0.1389516716,0.4158019473,0.5531753103,0.01746928107,0.8555198207
ra,afmv2_84343ccdd8fc,6058,0.0,-1.315026283,-2,0,0.6391977072,-0.9994054437,0.9995123744,0.006178930404,0.6391977063,0.6391977063,0.560052165,1.998917818,-0.9902528113,-0.9447136372,-0.01020474313,0.9585539252,0.989832164,1.980084975,0.02047575867,1.6650091,0.1636054332,0.1262221489,0.9988430201,0.125512666,9.158314058,3.918767556,1.258929524,-4.06134722,7,0.25,27,151.7037037,-0.9994054437,0.9995123744,0.1389487165,0.4055562175,0.5479646453,0.01104854346,0.8417730095
ra,afmv2_84343ccdd8fc,6058,0.0,-1.315026283,-2,1,0.6406976581,-0.9932734966,0.9998473525,0.08482796705,0.6406976592,0.6406976592,0.5650521117,1.993120849,-0.9772167379,-0.9196470082,0.1259099096,0.9742518365,0.9950500888,1.972266827,-0.1316558874,1.652440649,0.1674141866,0.1319515706,0.9986879703,0.04119186013,9.155249752,3.94342275,1.205484757,-4.075346936,6,0.25,26,157.5384615,-0.9932734966,0.9998473525,0.1413331586,0.4197486579,0.5767571141,0.01104854346,0.8819633368
ra,afmv2_84343ccdd8fc,6058,0.0,0.9887883663,-1,0,0.6411917806,-0.9985806942,0.9995343089,0.05920863754,0.6411918115,0.6411918115,0.5673603913,1.998115003,-0.9835271865,-0.9279735178,0.08468431234,0.9557506084,0.9920006758,1.975527862,-0.1008337678,1.632909099,0.1652843535,0.1265816516,0.9982662777,0.09929371932,9.052989718,3.832510191,1.157371506,-4.088408872,7,0.25,27,151.7037037,-0.9985806942,0.9995343089,0.1383449197,0.4112421441,0.5370480837,0.0078125,0.8620095938
ra,afmv2_84343ccdd8fc,6058,0.0,0.9887883663,-1,1,0.6384763718,-0.9978188276,0.9996196628,-0.02122421824,0.6384763796,0.6384763796,0.5624883467,1.99743849,-0.9832706058,-0.9427975059,-0.04448102415,0.9554056793,0.994541716,1.977812322,0.06666941753,1.654152621,0.161667651,0.1270836319,0.9966379711,0.1481324632,9.076819308,3.857399553,1.127439737,-4.129049157,7,0.25,31,132.1290323,-0.9978188276,0.9996196628,0.1344655155,0.4069936198,0.5615510284,0.02209708691,0.8197826951
ra,afmv2_84343ccdd8fc,6058,0.0,3.292603016,0,0,0.627088666,-0.9996541142,0.9996500015,0.1212188259,0.6270886492,0.6270886492,0.5494397795,1.999304116,-0.9773061496,-0.9117832422,0.1770872623,0.967559126,0.9947624934,1.972068643,-0.2225073211,1.726028576,0.1636395019,0.1317758141,0.9985710031,0.09778145919,9.116987015,3.88971279,1.227745413,-4.033060225,6,0.25,29,141.2413793,-0.9996541142,0.9996500015,0.1327689773,0.4265788853,0.5866560268,0.015625,0.8821723559
ra,afmv2_84343ccdd8fc,6058,0.0,3.292603016,0,1,0.6468267441,-0.9960843921,0.9988574386,0.006145212754,0.6468267674,0.6468267674,0.5760648578,1.994941831,-0.9794719368,-0.9304357618,-0.02182189655,0.9535704911,0.9915850013,1.971056938,0.0436088398,1.590263201,0.1674908452,0.1332569776,0.9977655875,0.1167500252,9.177993131,3.916280637,1.253817354,-4.063910337,7,0.25,32,128,-0.9960843921,0.9988574386,0.1365062073,0.4313832689,0.5669097008,0.0078125,0.8495684748
ra,afmv2_84343ccdd8fc,6058,0.0,5.596417665,1,0,0.6379646659,-0.9987425208,0.9998577237,0.04194995159,0.6379646586,0.6379646586,0.5648416672,1.998600245,-0.9784586066,-0.9157942742,0.0407002382,0.9633251101,0.9962994456,1.974758052,-0.0331083358,1.62359925,0.1651225915,0.1268749516,0.9978634376,0.01365557071,9.092219923,3.947594415,1.137952448,-4.08306453,7,0.25,31,132.1290323,-0.9987425208,0.9998577237,0.1404850352,0.4025256862,0.5547287296,0.0234375,0.8565334334
ra,afmv2_84343ccdd8fc,6058,0.0,5.596417665,1,1,0.6324437857,-0.9985340834,0.9997512102,0.09533432744,0.6324437642,0.6324437642,0.5562531845,1.998285294,-0.98031223,-0.9173375994,0.1408254281,0.9653952718,0.9937123573,1.974024587,-0.1719265854,1.684186001,0.1666728861,0.1299278706,0.9978244284,0.1538052171,9.134023233,3.962740856,1.249072546,-4.033680772,6,0.25,32,128,-0.9985340834,0.9997512102,0.1386466973,0.4167869873,0.5620201227,0.02470529422,0.8726958148
ra,afmv2_84343ccdd8fc,6058,0.0,7.900232315,2,0,0.6483556032,-0.9955444932,0.9992130399,0.0550165097,0.6483555943,0.6483555943,0.5727474221,1.994757533,-0.9749485457,-0.9185647577,0.0474237334,0.9761266738,0.9938963288,1.968844875,-0.02888960692,1.618196091,0.1471203593,0.1193657687,0.9970119834,0.1316786959,8.934489011,3.695024439,1.084818886,-4.136934641,8,0.25,25,163.84,-0.9955444932,0.9992130399,0.121132,0.381779838,0.5195586631,0.0078125,0.887526506
ra,afmv2_84343ccdd8fc,6058,0.0,7.900232315,2,1,0.6280443668,-0.9950825572,0.9993932247,0.06706067359,0.6280443781,0.6280443781,0.5524101157,1.994475782,-0.9670589942,-0.9003616273,0.0712198168,0.9709449142,0.9955479157,1.96260691,-0.05258701545,1.666511888,0.1695467495,0.1320828004,0.9969769643,0.1142983694,9.140936656,3.981328221,1.309133531,-3.970279987,6,0.25,24,170.6666667,-0.9950825572,0.9993932247,0.1416450408,0.4278790583,0.5801386363,0.03125,0.8712707978
ra,afmv2_06e9a8457ab9,6058,1.5,-1.315026283,-2,0,0.6323029399,-0.9981850386,0.9997759461,0.07998000924,0.6323029487,0.6323029487,0.5580552747,1.997960985,-0.9803060848,-0.9199515253,0.1233272217,0.9583834618,0.9921969509,1.972503036,-0.1514796687,1.659971204,0.169313991,0.1298449547,0.9990221145,0.04942692671,9.118687688,3.967720471,1.2798894,-3.994974198,6,0.25,28,146.2857143,-0.9981850386,0.9997759461,0.1428256225,0.4265319598,0.5623958667,0.015625,0.8583647543
ra,afmv2_06e9a8457ab9,6058,1.5,-1.315026283,-2,1,0.6290454268,-0.999648571,0.9979291558,0.04391721953,0.6290454078,0.6290454078,0.551582099,1.997577727,-0.9847128093,-0.9315810889,0.07128055394,0.9554888189,0.9870809948,1.971793804,-0.08485388889,1.680490546,0.1697535223,0.1310419906,0.9975677631,0.1029834094,9.163038275,4.035227879,1.216513036,-4.045854271,6,0.25,31,132.1290323,-0.999648571,0.9979291558,0.1415052187,0.4305501755,0.5594615504,0.02816836934,0.8405090365
ra,afmv2_06e9a8457ab9,6058,1.5,0.9887883663,-1,0,0.6278514862,-0.9981878996,0.9998788238,0.0366064426,0.6278514922,0.6278514922,0.5506820963,1.998066723,-0.991232816,-0.9383102536,0.04412022978,0.9571067005,0.9886862034,1.979919019,-0.05409516728,1.684764634,0.1641303269,0.1267978764,0.9977853967,0.08133390703,9.125895154,3.972478238,1.305859491,-4.006087995,7,0.25,30,136.5333333,-0.9981878996,0.9998788238,0.1376350401,0.4048687847,0.5392966089,0.0078125,0.8393441342
ra,afmv2_06e9a8457ab9,6058,1.5,0.9887883663,-1,1,0.6527427435,-0.9991050363,0.9980137944,0.03151533465,0.6527427541,0.6527427541,0.5802212836,1.997118831,-0.9812948895,-0.9246477216,0.01285438938,0.9670911759,0.9915123117,1.972807201,-0.004127296634,1.588354341,0.1663592657,0.1321095019,0.9979999675,0.1048260301,9.135762869,3.993870379,1.216384083,-4.069903397,7,0.25,31,132.1290323,-0.9991050363,0.9980137944,0.1374706153,0.4250058607,0.5628294334,0.01746928107,0.8716544206
ra,afmv2_06e9a8457ab9,6058,1.5,3.292603016,0,0,0.6202055812,-0.9997759461,0.9991858006,0.1829049754,0.6202055861,0.6202055861,0.5433820901,1.998961747,-0.9765750593,-0.8869624972,0.2725382,0.970838502,0.9918197918,1.968394851,-0.3383215537,1.791267295,0.1613119892,0.1284256148,0.9977595341,0.1386957666,9.106283055,3.890156697,1.264098623,-4.014443561,7,0.25,28,146.2857143,-0.9997759461,0.9991858006,0.1315715191,0.413832105,0.5500565523,0.02209708691,0.9054762933
ra,afmv2_06e9a8457ab9,6058,1.5,3.292603016,0,1,0.6173152328,-0.9992040396,0.9997276664,0.1009331779,0.6173152243,0.6173152243,0.5391253665,1.998931706,-0.975391233,-0.8897046834,0.1630398482,0.963546285,0.9930086946,1.968399928,-0.1874230613,1.724344152,0.1704851843,0.1293762099,0.9976065462,0.1035002413,9.128110912,4.029872365,1.269579279,-3.984881324,6,0.25,38,107.7894737,-0.9992040396,0.9997276664,0.143353475,0.4182277814,0.564623946,0.02209708691,0.8595659768
ra,afmv2_06e9a8457ab9,6058,1.5,5.596417665,1,0,0.6104239225,-0.9949644208,0.999943316,0.1539408195,0.610423909,0.610423909,0.5324279024,1.994907737,-0.9697552472,-0.879774496,0.2460874617,0.9750228465,0.9980801994,1.967835447,-0.2890713881,1.791745187,0.1601381772,0.1239879038,0.9983112456,0.1114771268,9.063963554,3.984236853,1.218313526,-4.023450787,6,0.25,38,107.7894737,-0.9949644208,0.999943316,0.1337687322,0.3986101586,0.5469157035,0.01746928107,0.8821381101
ra,afmv2_06e9a8457ab9,6058,1.5,5.596417665,1,1,0.6395241022,-0.9986506104,0.9981253743,0.1072700125,0.6395241223,0.6395241223,0.5631409527,1.996775985,-0.9855794239,-0.9298863351,0.1652199849,0.9615638733,0.9902926964,1.97587212,-0.2126293362,1.686163397,0.1583275151,0.1278229875,0.9937983396,0.2595240796,9.055983742,3.816449895,1.076826095,-4.16411311,7,0.25,32,128,-0.9986506104,0.9981253743,0.1269919318,0.4109819215,0.5488359708,0.0078125,0.8821762322
ra,afmv2_06e9a8457ab9,6058,1.5,7.900232315,2,0,0.6319051385,-0.9954794049,0.9997798204,0.052510842,0.6319051461,0.6319051461,0.558259466,1.995259225,-0.9656006807,-0.9020709008,0.04569886066,0.9693988025,0.9968398011,1.962440482,-0.02229655063,1.636929111,0.1669302505,0.1285718818,0.9979789666,0.07965109626,9.165171353,3.996815827,1.240075,-4.04491766,7,0.25,31,132.1290323,-0.9954794049,0.9997798204,0.1398735747,0.4184444122,0.5514986877,0.02209708691,0.8646100527
ra,afmv2_06e9a8457ab9,6058,1.5,7.900232315,2,1,0.6111627221,-0.9984377623,0.9998639822,0.04309249344,0.6111627287,0.6111627287,0.5317584159,1.998301744,-0.9873791683,-0.9277595222,0.07122066244,0.9539999515,0.9937477428,1.981126911,-0.0861257517,1.752057989,0.1750831152,0.1309870486,0.9975414517,0.1920009937,9.164834524,4.031064499,1.301251245,-3.971819335,6,0.25,40,102.4,-0.9984377623,0.9998639822,0.1501817886,0.4300735552,0.5811113803,0.02470529422,0.8191608795
ra,afmv2_84343ccdd8fc,6058,1.5,-1.315026283,-2,0,0.6453765631,-0.9971945882,0.9991652369,0.0425759252,0.6453765945,0.6453765945,0.5706343082,1.996359825,-0.981661942,-0.9285569698,0.03535353392,0.9724647462,0.9940225399,1.975684482,-0.02330401309,1.619910731,0.1525001064,0.1218795781,0.9981185182,0.1024268411,9.029526741,3.747480499,1.102948315,-4.143952866,8,0.25,24,170.6666667,-0.9971945882,0.9991652369,0.1255776126,0.3909462804,0.5202411623,0.01104854346,0.8715459618
ra,afmv2_84343ccdd8fc,6058,1.5,-1.315026283,-2,1,0.6342674494,-0.9983397722,0.9999209046,0.07907271206,0.6342674341,0.6342674341,0.5602022674,1.998260677,-0.9846926594,-0.9115965396,0.1120303795,0.9638589114,0.993400954,1.978093613,-0.1270464797,1.652365436,0.1603577435,0.1284264497,0.9986488467,0.1592447711,9.128131327,4.083586971,1.282035275,-4.031973058,7,0.25,40,102.4,-0.9983397722,0.9999209046,0.131872522,0.4125236402,0.5639412522,0.01104854346,0.8674637759
ra,afmv2_84343ccdd8fc,6058,1.5,0.9887883663,-1,0,0.6341728568,-0.998832345,0.9998810887,0.06459387659,0.6341728942,0.6341728942,0.5541477248,1.998713434,-0.9901950824,-0.9392091334,0.09531451389,0.9593888819,0.9921506292,1.982345712,-0.1173656849,1.698752387,0.1565631669,0.1226670435,0.9960474786,0.2264062436,9.009028351,3.87090892,1.211104934,-4.025822857,7,0.25,33,124.1212121,-0.998832345,0.9998810887,0.1331503298,0.3902990963,0.5429622136,0.015625,0.8629458756
ra,afmv2_84343ccdd8fc,6058,1.5,0.9887883663,-1,1,0.6211055517,-0.9991408587,0.9999952316,0.05444452126,0.6211055321,0.6211055321,0.5417797818,1.99913609,-0.9870083934,-0.9280578822,0.05934939161,0.959138757,0.9950070965,1.98201549,-0.08102177988,1.716325902,0.1667174563,0.1273508261,0.9985021269,0.06984593739,9.079607228,3.864197048,1.213025138,-4.030755178,6,0.25,33,124.1212121,-0.9991408587,0.9999952316,0.1410855373,0.417366558,0.5403314258,0.0234375,0.8448880451
ra,afmv2_84343ccdd8fc,6058,1.5,3.292603016,0,0,0.6416578293,-0.9947707653,0.9993078113,0.03316629816,0.641657814,0.641657814,0.566974459,1.994078577,-0.9749425954,-0.9210763067,0.04469127022,0.9635972381,0.9953434622,1.970286058,-0.02704985562,1.627548795,0.158975035,0.1263348043,0.9981231736,0.04433218052,9.111557467,3.898548964,1.12816115,-4.12372525,7,0.25,25,163.84,-0.9947707653,0.9993078113,0.1300541861,0.4034928082,0.5543133235,0.0078125,0.8564570389
ra,afmv2_84343ccdd8fc,6058,1.5,3.292603016,0,1,0.6223199368,-0.9982153177,0.9994881153,0.1288447305,0.6223198897,0.6223198897,0.5469186525,1.997703433,-0.9768329197,-0.8858352423,0.1820464879,0.9693690449,0.9938926315,1.970725551,-0.2053345391,1.70780485,0.1653128802,0.1301850069,0.9986598736,0.04199831165,9.136206442,3.997701579,1.27956753,-4.002722998,6,0.25,31,132.1290323,-0.9982153177,0.9994881153,0.1376868185,0.4153934691,0.5764592,0.01746928107,0.8866560423
ra,afmv2_84343ccdd8fc,6058,1.5,5.596417665,1,0,0.6204760671,-0.9920050502,0.9999303818,0.1313456445,0.6204760703,0.6204760703,0.5412569647,1.991935432,-0.957133162,-0.8873259395,0.1911876947,0.97934995,0.9959695172,1.953102679,-0.2213439144,1.747199827,0.1644965076,0.126586081,0.9961515897,0.197774652,9.018907594,3.961850003,1.219602944,-3.968059975,6,0.25,38,107.7894737,-0.9920050502,0.9999303818,0.1409873133,0.411466365,0.5397182518,0.015625,0.8884786675
ra,afmv2_84343ccdd8fc,6058,1.5,5.596417665,1,1,0.6470022798,-0.995823741,0.9985859394,0.0591276395,0.6470022551,0.6470022551,0.5758910132,1.99440968,-0.981717121,-0.9179200351,0.0688416101,0.9660425752,0.9928459632,1.974563084,-0.0684155629,1.596517552,0.1623620157,0.1289235616,0.9981438655,0.1240493444,9.10937243,3.915336866,1.078800647,-4.152589665,7,0.25,26,157.5384615,-0.995823741,0.9985859394,0.1338750744,0.411435536,0.5454249463,0.015625,0.8732949766
ra,afmv2_84343ccdd8fc,6058,1.5,7.900232315,2,0,0.6267255545,-0.9966462851,0.9998826981,0.08848485472,0.6267255278,0.6267255278,0.5500868356,1.996528983,-0.9739820623,-0.9204764903,0.1362236515,0.9613209128,0.9926667768,1.966648839,-0.1696479539,1.706752513,0.1696435572,0.1310669796,0.9989104515,0.112062077,9.107094201,3.958854675,1.270103213,-3.997722247,6,0.25,34,120.4705882,-0.9966462851,0.9998826981,0.141829463,0.4205427202,0.5513472641,0.01746928107,0.8612536353
ra,afmv2_84343ccdd8fc,6058,1.5,7.900232315,2,1,0.6337177157,-0.996663034,0.9996320009,0.1027716359,0.6337177019,0.6337177019,0.55928008,1.996295035,-0.9783320093,-0.9019209057,0.145682551,0.9687278301,0.9960813957,1.974413405,-0.1627680513,1.658385939,0.1612147128,0.1276528349,0.9961801556,0.2340034836,9.08041086,3.909643659,1.233827084,-4.035859323,7,0.25,26,157.5384615,-0.996663034,0.9996320009,0.1332777782,0.4083467337,0.5491121421,0.02470529422,0.8807901607
robust_range,afmv2_06e9a8457ab9,6058,0.0,-7.600324631,-2,0,0.6381076574,-0.9985231161,0.9991696477,0.06517028599,0.6381076745,0.6381076745,0.5616131738,1.997692764,-0.9861252266,-0.9210377783,0.081842646,0.9636800885,0.9923274678,1.978452694,-0.1061621403,1.654119915,0.1611684641,0.1275581512,0.9963964381,0.1123739617,9.100177404,3.942612055,1.2600657,-4.036517749,7,0.25,29,141.2413793,-0.9985231161,0.9991696477,0.1331791962,0.4095392512,0.5425614387,0.01746928107,0.8650445522
robust_range,afmv2_06e9a8457ab9,6058,0.0,-7.600324631,-2,1,0.6300322413,-0.9985402226,0.9990804195,0.1071232919,0.6300322278,0.6300322278,0.5531956471,1.997620642,-0.9728889972,-0.9152320474,0.155301787,0.9660356134,0.99184246,1.964731457,-0.1923741673,1.700289227,0.170075363,0.1340622714,0.9962984029,0.18852036,9.157210545,3.990907974,1.301490326,-4.000841111,6,0.25,32,128,-0.9985402226,0.9990804195,0.1392264285,0.4315025804,0.5702221814,0.02816836934,0.8777136946
robust_range,afmv2_06e9a8457ab9,6058,0.0,5.900775909,-1,0,0.6289188266,-0.9980142117,0.999730587,0.08240908856,0.6289188459,0.6289188459,0.5552365929,1.997744799,-0.9811967963,-0.9228714973,0.1301575899,0.9607744783,0.9935287565,1.974725553,-0.1528927356,1.677813866,0.1654041371,0.1288901861,0.9985900006,0.08339384623,9.167114534,4.05183913,1.239662721,-4.035683095,6,0.25,33,124.1212121,-0.9980142117,0.999730587,0.1383954797,0.4117857665,0.5779480402,0.0078125,0.8578031342
robust_range,afmv2_06e9a8457ab9,6058,0.0,5.900775909,-1,1,0.6390962005,-0.9963991642,0.999453783,-0.004059969053,0.6390961873,0.6390961873,0.5628000089,1.995852947,-0.9766984421,-0.9269240946,-0.02368674893,0.9603942096,0.9942180836,1.970916526,0.05740765175,1.64176144,0.1716156255,0.135298862,0.9988520709,0.02317743251,9.165929727,3.988524835,1.272413816,-4.019095182,6,0.25,33,124.1212121,-0.9963991642,0.999453783,0.1408126416,0.4426107693,0.5863640785,0.015625,0.8374113855
robust_range,afmv2_06e9a8457ab9,6058,0.0,19.40187645,0,0,0.6229777336,-0.9946570396,0.9999672174,0.08220600579,0.622977753,0.622977753,0.5442501564,1.994624257,-0.983910653,-0.9197358489,0.1124542169,0.9705990255,0.9966519099,1.980562563,-0.1252902274,1.722042134,0.157866473,0.1242245636,0.9986815433,0.06012067913,9.038474959,3.91552033,1.197343227,-4.023338929,7,0.25,27,151.7037037,-0.9946570396,0.9999672174,0.131619329,0.4052865389,0.5420233463,0.015625,0.8653564291
robust_range,afmv2_06e9a8457ab9,6058,0.0,19.40187645,0,1,0.6314042211,-0.9960573912,0.9994877577,0.09531087988,0.6314041867,0.6314041867,0.5554361911,1.995545149,-0.9720578796,-0.9039573222,0.1230984181,0.9657201976,0.9942233473,1.966281227,-0.1356343346,1.671108331,0.1650732794,0.1296381372,0.9974383213,0.1293618315,9.130965314,3.921563949,1.241052829,-4.045445491,7,0.25,30,136.5333333,-0.9960573912,0.9994877577,0.1363045674,0.418723915,0.5635297739,0.02470529422,0.8815507902
robust_range,afmv2_06e9a8457ab9,6058,0.0,32.90297699,1,0,0.62812078,-0.9993734956,0.9998371005,0.07443309691,0.6281207746,0.6281207746,0.5496277407,1.999210596,-0.9841554368,-0.9253240556,0.1105157696,0.9732029229,0.9969474351,1.981102872,-0.1296744556,1.710758845,0.1520421812,0.1184223052,0.9958695582,0.2705853134,8.965657412,3.780453514,1.180777766,-4.066178497,8,0.25,32,128,-0.9993734956,0.9998371005,0.129984819,0.3790430202,0.5159059212,0.0078125,0.8606799502
robust_range,afmv2_06e9a8457ab9,6058,0.0,32.90297699,1,1,0.6479187012,-0.9977066517,0.998650372,0.06204959569,0.6479186807,0.6479186807,0.5734250016,1.996357024,-0.9793111819,-0.9236959934,0.09750087187,0.9633200645,0.9929818362,1.972293018,-0.1033639682,1.616250048,0.1621465674,0.1264861045,0.9980119741,0.08684579375,9.048289702,3.818316664,1.204231908,-4.069111514,7,0.25,23,178.0869565,-0.9977066517,0.998650372,0.1374998145,0.4029324512,0.5390715696,0.02816836934,0.8719723485
robust_range,afmv2_06e9a8457ab9,6058,0.0,46.40407753,2,0,0.6412192583,-0.9964138865,0.9991478324,0.07105397474,0.6412192595,0.6412192595,0.5664500078,1.995561719,-0.9753817856,-0.9248389095,0.1208546944,0.9625931591,0.9935450107,1.968926796,-0.136119177,1.637623385,0.1643052495,0.1328274464,0.9966279852,0.2031776811,9.146589762,3.939769066,1.23733728,-4.060991541,7,0.25,34,120.4705882,-0.9964138865,0.9991478324,0.1330107452,0.4220371999,0.5983588926,0.01746928107,0.8641617693
robust_range,afmv2_06e9a8457ab9,6058,0.0,46.40407753,2,1,0.6233278513,-0.9996480942,0.9989150167,0.01332160228,0.6233278851,0.6233278851,0.5412621466,1.998563111,-0.9854317045,-0.9328665584,0.03002864309,0.9533295482,0.9921771324,1.977608837,-0.02351491107,1.722714337,0.1692926337,0.1267991561,0.997530121,0.1170428091,9.132479392,3.955012825,1.232906835,-4.047602743,6,0.25,36,113.7777778,-0.9996480942,0.9989150167,0.1458322039,0.4133327572,0.553044995,0.01104854346,0.8207909575
robust_range,afmv2_84343ccdd8fc,6058,0.0,-7.600324631,-2,0,0.6229122281,-0.9999228716,0.9989908934,0.03461568425,0.6229122478,0.6229122478,0.5468744042,1.998913765,-0.9886047345,-0.9106885582,0.0381947346,0.9535630733,0.992633695,1.98123843,-0.02968279447,1.67461091,0.1690120604,0.1262574376,0.9985902039,0.06745736008,9.094223721,3.936205498,1.261816453,-3.998319383,6,0.25,34,120.4705882,-0.9999228716,0.9989908934,0.1440340758,0.4131744476,0.532806651,0.02209708691,0.8357667755
robust_range,afmv2_84343ccdd8fc,6058,0.0,-7.600324631,-2,1,0.6359919906,-0.9957587719,0.9997348785,0.08991584746,0.6359919952,0.6359919952,0.5625028604,1.99549365,-0.9789252478,-0.9089477599,0.1225534193,0.9659307599,0.9957047582,1.974630006,-0.1346523259,1.652983714,0.1637446477,0.1283314787,0.9980702524,0.1502388852,9.135859405,3.945653657,1.197690409,-4.081240305,7,0.25,28,146.2857143,-0.9957587719,0.9997348785,0.1359616102,0.4183454573,0.5597852215,0.015625,0.8790531884
robust_range,afmv2_84343ccdd8fc,6058,0.0,5.900775909,-1,0,0.6213340759,-0.9983502626,0.9990918636,-0.04211365598,0.621334042,0.621334042,0.5436492987,1.997442126,-0.9862843043,-0.9308795184,-0.09960159287,0.9536946833,0.9895853525,1.975869657,0.1582783027,1.721608448,0.1713050365,0.1314322945,0.9973553545,0.1186703014,9.187650988,4.03422803,1.271622959,-4.031330333,6,0.25,38,107.7894737,-0.9983502626,0.9990918636,0.1428020186,0.4302343687,0.5697000935,0.01746928107,0.7989665095
robust_range,afmv2_84343ccdd8fc,6058,0.0,5.900775909,-1,1,0.6362995505,-0.9950101972,0.9995616078,0.04517792795,0.6362995398,0.6362995398,0.5605248295,1.994571805,-0.9815937388,-0.9362211436,0.07548924536,0.9568187386,0.9912753266,1.972869065,-0.09516766556,1.657543238,0.163699288,0.1299395758,0.9985752329,0.04169204976,9.084968356,3.977501447,1.285665606,-4.014436073,7,0.25,34,120.4705882,-0.9950101972,0.9995616078,0.1339968131,0.4188663012,0.5647842871,0.0078125,0.845178767
robust_range,afmv2_84343ccdd8fc,6058,0.0,19.40187645,0,0,0.6278435588,-0.9999140501,0.9995309711,-0.0684995562,0.6278435245,0.6278435245,0.5516106529,1.999445021,-0.9906595021,-0.9396775782,-0.1295211613,0.9385092914,0.9912362373,1.981895739,0.1789554227,1.69450611,0.1593980493,0.1246526008,0.9980159178,0.138818228,9.028638156,3.841778024,1.110516867,-4.086232258,7,0.25,26,157.5384615,-0.9999140501,0.9995309711,0.1307879185,0.4049693202,0.5429857288,0.015625,0.7840697745
robust_range,afmv2_84343ccdd8fc,6058,0.0,19.40187645,0,1,0.6350378394,-0.9978867173,0.9997186065,0.06703946204,0.635037811,0.635037811,0.5612077088,1.997605324,-0.9859456992,-0.9189268291,0.08922622725,0.9655744493,0.994784866,1.980730565,-0.08876597958,1.647754226,0.158570087,0.1251049365,0.9990044537,0.1267592713,9.090827976,3.945223108,1.207157275,-4.04431025,7,0.25,26,157.5384615,-0.9978867173,0.9997186065,0.1322357219,0.4056092135,0.5517765872,0.015625,0.8665214629
robust_range,afmv2_84343ccdd8fc,6058,0.0,32.90297699,1,0,0.6391308904,-0.9994114041,0.9988011122,0.01131600986,0.6391308658,0.6391308658,0.5667247233,1.998212516,-0.9903035605,-0.9424927175,0.01329569425,0.9323358595,0.9828393382,1.973142899,-0.01106855043,1.609160435,0.1637297607,0.1306046659,0.9986815921,0.08564158876,9.133243965,4.007741556,1.224043241,-4.065197622,7,0.25,25,163.84,-0.9994114041,0.9988011122,0.1330846414,0.4268089941,0.5693860718,0.01104854346,0.8328739409
robust_range,afmv2_84343ccdd8fc,6058,0.0,32.90297699,1,1,0.6438006759,-0.9935331345,0.9998631477,0.1077906108,0.6438006698,0.6438006698,0.5714796589,1.993396282,-0.9725249833,-0.9145780504,0.1846216843,0.9680034131,0.9967351997,1.969260183,-0.2051343898,1.637369667,0.1587987152,0.1257521367,0.9982783001,0.08719670231,9.063015306,3.86278915,1.181458605,-4.077030849,7,0.25,34,120.4705882,-0.9935331345,0.9998631477,0.1305839057,0.4070774725,0.5360308463,0.01746928107,0.8821954084
robust_range,afmv2_84343ccdd8fc,6058,0.0,46.40407753,2,0,0.6387982965,-0.9985295534,0.9990376234,0.06359567604,0.6387982637,0.6387982637,0.5638246652,1.997567177,-0.9836905646,-0.9369246781,0.1108512245,0.9520574987,0.9927207345,1.976411299,-0.1371240917,1.65143128,0.1665036051,0.1296492444,0.9975869401,0.04922447188,9.144521307,4.012110452,1.224710266,-4.0680798,6,0.25,38,107.7894737,-0.9985295534,0.9990376234,0.1392866555,0.4117220931,0.5617862122,0.015625,0.8550207383
robust_range,afmv2_84343ccdd8fc,6058,0.0,46.40407753,2,1,0.653088212,-0.9953008294,0.9987549186,0.000901782893,0.6530882152,0.6530882152,0.5795627431,1.994055748,-0.9807387191,-0.9346595198,-0.01625205483,0.9591834724,0.9905663896,1.971305109,0.04209096513,1.592008243,0.1641159842,0.129619452,0.9986914304,0.05237115552,9.106517947,3.868656307,1.221327794,-4.075809006,7,0.25,25,163.84,-0.9953008294,0.9987549186,0.136222103,0.4184555316,0.5499780868,0.01746928107,0.8537063871
robust_range,afmv2_06e9a8457ab9,6058,1.5,-7.600324631,-2,0,0.641964972,-0.9981390238,0.9977152944,0.04122941269,0.6419649947,0.6419649947,0.567519103,1.995854318,-0.9862234062,-0.9325077444,0.05015517958,0.9654710948,0.990806824,1.97703023,-0.04697367145,1.629752942,0.1618388534,0.1283591923,0.9991461533,0.05401108329,9.088132307,3.905279806,1.190594295,-4.078260462,7,0.25,29,141.2413793,-0.9981390238,0.9977152944,0.1347681924,0.4121632666,0.5651551737,0.0078125,0.8591608923
robust_range,afmv2_06e9a8457ab9,6058,1.5,-7.600324631,-2,1,0.6292204857,-0.9952471852,0.9999882579,0.1079798713,0.629220478,0.629220478,0.5548039373,1.995235443,-0.9652108687,-0.9020855844,0.1434256658,0.9653150558,0.9952509254,1.960461794,-0.1647436126,1.673497301,0.1683835584,0.1319885691,0.9975851474,0.199947562,9.112861057,3.928913348,1.168655917,-4.062688486,6,0.25,28,146.2857143,-0.9952471852,0.9999882579,0.140797649,0.4233492768,0.5748716757,0.015625,0.8816484842
robust_range,afmv2_06e9a8457ab9,6058,1.5,5.900775909,-1,0,0.6338569522,-0.9972131252,0.9991343021,0.1135948939,0.6338569608,0.6338569608,0.5572038074,1.996347427,-0.9811018991,-0.9115823001,0.1628999785,0.9719197422,0.9945500165,1.975651916,-0.1924520986,1.692659469,0.1653344207,0.1298915459,0.9967435336,0.1561766254,9.126413276,3.959761276,1.178288468,-4.081889046,6,0.25,22,186.1818182,-0.9972131252,0.9991343021,0.1381195065,0.4166430544,0.5668521148,0.0078125,0.8874172486
robust_range,afmv2_06e9a8457ab9,6058,1.5,5.900775909,-1,1,0.6295579672,-0.9967479706,0.9992623329,0.08798483976,0.6295579943,0.6295579943,0.5543154381,1.996010303,-0.9712853688,-0.8949873239,0.1124591976,0.9720601797,0.994632895,1.965918264,-0.1077388536,1.661020898,0.1692830381,0.1308773899,0.9978837816,0.1229275666,9.155279928,3.99498391,1.230347351,-4.045225353,6,0.25,38,107.7894737,-0.9967479706,0.9992623329,0.1425376643,0.4259524614,0.5622795291,0.0078125,0.8776945344
robust_range,afmv2_06e9a8457ab9,6058,1.5,19.40187645,0,0,0.6444820762,-0.9949220419,0.9999246597,0.05724427337,0.6444821152,0.6444821152,0.5732222298,1.994846702,-0.9674740839,-0.897031489,0.02636968903,0.9738722354,0.9972476447,1.964721729,0.01243310919,1.590281216,0.1506778675,0.1208587761,0.9984433153,0.1161996015,8.968341668,3.713079982,1.145841353,-4.095640915,9,0.25,17,240.9411765,-0.9949220419,0.9999246597,0.123761511,0.3855398277,0.5205908989,0.01746928107,0.8918675475
robust_range,afmv2_06e9a8457ab9,6058,1.5,19.40187645,0,1,0.6402671933,-0.9994722009,0.9990826249,0.1041384238,0.640267207,0.640267207,0.5645394192,1.998554826,-0.9893900061,-0.9316239953,0.1878216863,0.9601628482,0.9882076699,1.977597676,-0.235724689,1.686235039,0.1583902872,0.1243526601,0.9964686783,0.1867512491,9.076562482,3.849413534,1.133419227,-4.124764124,7,0.25,33,124.1212121,-0.9994722009,0.9990826249,0.132949069,0.3968563488,0.5390138385,0.01104854346,0.8721127324
robust_range,afmv2_06e9a8457ab9,6058,1.5,32.90297699,1,0,0.6439606547,-0.9909562469,0.9994665384,0.09248792731,0.6439606311,0.6439606311,0.5718418545,1.990422785,-0.9689196587,-0.907411027,0.1263384819,0.9656949759,0.9924109793,1.961330638,-0.1342205925,1.612251039,0.1685142463,0.1344318807,0.9958765326,0.1966597782,9.17094702,3.997701596,1.242220447,-4.041820517,6,0.25,31,132.1290323,-0.9909562469,0.9994665384,0.139478554,0.4275944965,0.5849602239,0.02816836934,0.8867378976
robust_range,afmv2_06e9a8457ab9,6058,1.5,32.90297699,1,1,0.633782506,-0.9986482859,0.9991872907,0.08677128512,0.6337824931,0.6337824931,0.5590817662,1.997835577,-0.9810943574,-0.9220807612,0.1328470856,0.9611312598,0.989568339,1.970662696,-0.1557481931,1.66750849,0.1556498135,0.123512857,0.9988627226,0.1104770321,9.033054725,3.932810887,1.230333242,-4.022011803,7,0.25,37,110.7027027,-0.9986482859,0.9991872907,0.1286164026,0.390037577,0.5408644436,0.015625,0.8685280842
robust_range,afmv2_06e9a8457ab9,6058,1.5,46.40407753,2,0,0.6166740656,-0.997883141,0.9998729825,0.1618988998,0.6166740557,0.6166740557,0.5391394126,1.997756124,-0.966372261,-0.8665526181,0.2071246579,0.9805940062,0.9980045551,1.964376816,-0.2412336234,1.755869372,0.1570081255,0.1233889596,0.9984642221,0.08370472947,9.010714776,3.80973524,1.105564212,-4.096948644,7,0.25,27,151.7037037,-0.997883141,0.9998729825,0.1320432816,0.3904449534,0.5322488329,0.03314563037,0.9081603672
robust_range,afmv2_06e9a8457ab9,6058,1.5,46.40407753,2,1,0.6353346109,-0.9982520938,0.9996122718,0.05106065913,0.635334584,0.635334584,0.5611633486,1.997864366,-0.9840236413,-0.9358463526,0.08029177412,0.9561978608,0.9932994527,1.977323094,-0.08791667122,1.651294212,0.1633727838,0.1262160029,0.9980510894,0.09516310006,9.08356095,3.947660812,1.225413552,-4.041234408,7,0.25,31,132.1290323,-0.9982520938,0.9996122718,0.1392795523,0.4059473089,0.5553540227,0.02470529422,0.8510944715
robust_range,afmv2_84343ccdd8fc,6058,1.5,-7.600324631,-2,0,0.6226994395,-0.9970793724,0.9991587996,0.1334212018,0.6226994631,0.6226994631,0.546361792,1.996238172,-0.9759690851,-0.8953244448,0.2007208094,0.9712620437,0.9953985637,1.971367649,-0.2330153606,1.727052241,0.1700828858,0.1290785506,0.9984803926,0.09961148778,9.158629805,4.048233833,1.267696885,-4.028060417,6,0.25,28,146.2857143,-0.9970793724,0.9991587996,0.1456324898,0.4217397766,0.5527797298,0.04419417382,0.886392578
robust_range,afmv2_84343ccdd8fc,6058,1.5,-7.600324631,-2,1,0.629663527,-0.9985349774,0.9993760586,0.11839279,0.6296634927,0.6296634927,0.5536106196,1.997911036,-0.984034273,-0.9176470518,0.1871230975,0.9551664978,0.9887123996,1.972746673,-0.2375463039,1.711927115,0.1734892283,0.1339247341,0.9958541456,0.1997063504,9.190647269,4.076601966,1.287536423,-3.990543196,6,0.25,30,136.5333333,-0.9985349774,0.9993760586,0.1439727908,0.4344466923,0.5711176921,0.03314563037,0.8763109747
robust_range,afmv2_84343ccdd8fc,6058,1.5,5.900775909,-1,0,0.6294273734,-0.9957371354,0.9999049902,0.1180652165,0.629427388,0.629427388,0.5544974078,1.995642126,-0.9715431702,-0.8995840788,0.1787244976,0.9623690903,0.9944355839,1.965978754,-0.2145776446,1.686521935,0.1677698008,0.1293150193,0.9958321675,0.2102829623,9.101250499,3.927995918,1.235827385,-4.013294036,6,0.25,32,128,-0.9957371354,0.9999049902,0.141373981,0.4177827646,0.547002894,0.03125,0.8790857062
robust_range,afmv2_84343ccdd8fc,6058,1.5,5.900775909,-1,1,0.6276233792,-0.9988988042,0.9998673797,0.1106657026,0.627623397,0.627623397,0.5504178756,1.998766184,-0.9859633821,-0.9177577525,0.1868016273,0.9545083046,0.9919834846,1.977946867,-0.2406915598,1.718160753,0.1704577339,0.1338934206,0.9972719762,0.1626432353,9.16132497,4.017805805,1.260391305,-4.029355742,6,0.25,33,124.1212121,-0.9988988042,0.9998673797,0.1417912063,0.4311933147,0.5859212751,0.0078125,0.8652386078
robust_range,afmv2_84343ccdd8fc,6058,1.5,19.40187645,0,0,0.6311186552,-0.9945818782,0.9998081923,0.05295937277,0.6311186955,0.6311186955,0.5524936573,1.99439007,-0.9757576656,-0.9210411608,0.05656846799,0.9668489307,0.9952001399,1.970957806,-0.05504004325,1.680584725,0.1648797462,0.1270472167,0.9978826907,0.1117929697,9.129767192,3.923162744,1.240430612,-4.052377573,7,0.25,36,113.7777778,-0.9945818782,0.9998081923,0.1393844625,0.4146807378,0.5442879309,0.02209708691,0.860812469
robust_range,afmv2_84343ccdd8fc,6058,1.5,19.40187645,0,1,0.6372520924,-0.99870193,0.9992606044,0.02175542827,0.6372520683,0.6372520683,0.5626162475,1.997962534,-0.9767840117,-0.9097253561,0.01531604817,0.9632349432,0.9911199492,1.967903961,0.02506633163,1.63137778,0.1704235266,0.1334596333,0.9981931654,0.144653179,9.178935351,4.13034622,1.358519349,-3.934581283,6,0.25,28,146.2857143,-0.99870193,0.9992606044,0.1420490213,0.4344750051,0.576279573,0.015625,0.8534672589
robust_range,afmv2_84343ccdd8fc,6058,1.5,32.90297699,1,0,0.6449223161,-0.9965780377,0.9994313717,0.08647853588,0.644922295,0.644922295,0.5714588561,1.996009409,-0.9807546425,-0.9227625728,0.1245219596,0.9708526045,0.9936008471,1.97435549,-0.134194963,1.631014506,0.1603111262,0.1268410005,0.9979452643,0.109806323,9.069106411,3.87313608,1.143336014,-4.110614711,7,0.25,24,170.6666667,-0.9965780377,0.9994313717,0.1333503643,0.4083084317,0.5367796616,0.0078125,0.8849782112
robust_range,afmv2_84343ccdd8fc,6058,1.5,32.90297699,1,1,0.6337428689,-0.9981238246,0.9975436926,-0.01401802868,0.6337428781,0.6337428781,0.554788507,1.995667517,-0.9909434348,-0.9523177266,0.013561117,0.9416074365,0.9868062985,1.977749733,-0.02015902214,1.675901342,0.1585162802,0.1250922155,0.9978368686,0.1623914561,9.032857046,3.842859021,1.217613371,-4.044346257,7,0.25,34,120.4705882,-0.9981238246,0.9975436926,0.1306004539,0.4059196521,0.5403429732,0.015625,0.8021251251
robust_range,afmv2_84343ccdd8fc,6058,1.5,46.40407753,2,0,0.6299309731,-0.9995911717,0.9997720122,0.0132461734,0.6299310069,0.6299310069,0.5537994719,1.999363184,-0.9804551786,-0.9290715128,-0.01194236614,0.9569280475,0.9921174026,1.972572581,0.03463779177,1.666152332,0.168097884,0.1262351792,0.9971896418,0.1763934092,9.086472238,3.921375304,1.281284758,-4.004736571,6,0.25,31,132.1290323,-0.9995911717,0.9997720122,0.1432652168,0.4117357771,0.5472870971,0.01746928107,0.8393388766
robust_range,afmv2_84343ccdd8fc,6058,1.5,46.40407753,2,1,0.618617177,-0.999248445,0.9998274446,0.08772130125,0.6186171512,0.6186171512,0.5444963831,1.99907589,-0.9692135561,-0.8903432995,0.1312193647,0.9661319137,0.9959297907,1.965143347,-0.1314350016,1.685036226,0.1696948082,0.1278451952,0.9962668505,0.227624151,9.133389573,4.044436736,1.259949505,-4.009779338,6,0.25,39,105.025641,-0.999248445,0.9998274446,0.1416518895,0.4188254557,0.5488058354,0.01746928107,0.8575191362
psd_low_power,afmv2_06e9a8457ab9,6058,0.0,11.46747565,-2,0,0.6343370676,-0.996743381,0.9997712374,0.06056533625,0.6343370642,0.6343370642,0.5585081641,1.996514618,-0.9797183591,-0.9242237568,0.103780508,0.9523884028,0.991349811,1.97106817,-0.118485148,1.658035851,0.1710935948,0.1317276393,0.9981559586,0.1497543993,9.148379044,3.927210253,1.198820241,-4.066625618,6,0.25,30,136.5333333,-0.996743381,0.9997712374,0.1443142678,0.4245382155,0.5590771209,0.015625,0.8533584732
psd_low_power,afmv2_06e9a8457ab9,6058,0.0,11.46747565,-2,1,0.6422870159,-0.9978192449,0.998313427,0.02580661243,0.6422870424,0.6422870424,0.5695253102,1.996132672,-0.9866967881,-0.9446718365,0.01909056772,0.9483390987,0.9854050589,1.972101847,-0.03900576073,1.619211113,0.1620421842,0.1284340339,0.9988481222,0.03627016374,9.106581263,3.956844648,1.212447174,-4.06229739,7,0.25,26,157.5384615,-0.9978192449,0.998313427,0.133512271,0.4155170364,0.555422887,0.01746928107,0.8432155174
psd_low_power,afmv2_06e9a8457ab9,6058,0.0,12.54616773,-1,0,0.6350914836,-0.996486783,0.9991254807,0.1033892824,0.6350914671,0.6350914671,0.5583035347,1.995612264,-0.9836194938,-0.9167012602,0.1372373477,0.9779098034,0.9952505583,1.978870052,-0.1638105331,1.687902833,0.1559107155,0.1247290133,0.9980928971,0.1404255036,9.059525042,3.847673912,1.122251592,-4.112487943,7,0.25,26,157.5384615,-0.996486783,0.9991254807,0.1289017718,0.4043538067,0.5384181594,0.0078125,0.8868669428
psd_low_power,afmv2_06e9a8457ab9,6058,0.0,12.54616773,-1,1,0.638882637,-0.998567462,0.9989480972,0.06133157558,0.6388826807,0.6388826807,0.563743832,1.997515559,-0.9819307452,-0.9333802253,0.1257502511,0.9471179217,0.9906240255,1.972554771,-0.1511511737,1.645352105,0.1677652459,0.130944494,0.9987462087,0.04353980319,9.162528583,4.031370488,1.313058107,-4.015196124,7,0.25,29,141.2413793,-0.998567462,0.9989480972,0.1387276992,0.414310177,0.5568609381,0.0234375,0.8485915531
psd_low_power,afmv2_06e9a8457ab9,6058,0.0,13.62485981,0,0,0.6388700604,-0.9957971573,0.9995866418,0.1135685083,0.638870075,0.638870075,0.5643263976,1.995383799,-0.9667116213,-0.8949671507,0.145091556,0.9743145138,0.9948280382,1.96153966,-0.156586036,1.650698355,0.1676147611,0.1340881118,0.9978376037,0.2017566362,9.143579094,3.928876467,1.221270889,-4.048564252,6,0.25,29,141.2413793,-0.9957971573,0.9995866418,0.1401725025,0.4315841632,0.5737756739,0.015625,0.9004406956
psd_low_power,afmv2_06e9a8457ab9,6058,0.0,13.62485981,0,1,0.6312015653,-0.9990872145,0.9995136857,0.1369945459,0.631201539,0.631201539,0.5552014967,1.9986009,-0.9880052078,-0.9069284141,0.2181886435,0.9696989119,0.9928682238,1.980873432,-0.2598012974,1.719511818,0.1649761662,0.1309595527,0.9957858388,0.2023160108,9.09860393,3.930786124,1.15543222,-4.068943279,6,0.25,31,132.1290323,-0.9990872145,0.9995136857,0.1374080888,0.4181073365,0.5602193749,0.02209708691,0.8902720687
psd_low_power,afmv2_06e9a8457ab9,6058,0.0,14.70355189,1,0,0.6341770291,-0.9993215799,0.9995405078,0.04728800198,0.6341770161,0.6341770161,0.5570460275,1.998862088,-0.9858883935,-0.9339917034,0.06847020239,0.9638310969,0.9938555908,1.979743984,-0.0750053387,1.66401535,0.164477046,0.1277172334,0.9975316885,0.1637152697,9.132825772,3.933363457,1.287557015,-4.028352163,7,0.25,33,124.1212121,-0.9993215799,0.9995405078,0.138515881,0.4106587376,0.5546690094,0.01104854346,0.8514015606
psd_low_power,afmv2_06e9a8457ab9,6058,0.0,14.70355189,1,1,0.6361678839,-0.9979983568,0.9999821782,0.02363297627,0.6361678697,0.6361678697,0.5592400358,1.997980535,-0.9865278363,-0.9300689042,0.01439853385,0.962757799,0.9934639698,1.979991806,0.002708339177,1.653747717,0.1641464353,0.1279950184,0.9983278753,0.1249706666,9.14648843,4.026985462,1.285544681,-4.035458016,7,0.25,24,170.6666667,-0.9979983568,0.9999821782,0.1370219795,0.4126365567,0.5606357264,0.0078125,0.8503695761
psd_low_power,afmv2_06e9a8457ab9,6058,0.0,15.78224397,2,0,0.6272727847,-0.9997662902,0.9999451041,0.09491496278,0.6272727711,0.6272727711,0.5519839455,1.999711394,-0.9870163041,-0.91844787,0.1631621271,0.9524386257,0.9926778942,1.979694198,-0.2057419551,1.695102313,0.1635201909,0.1256304161,0.9962532603,0.2017012802,9.103004505,3.998647377,1.18527168,-4.073667284,7,0.25,35,117.0285714,-0.9997662902,0.9999451041,0.1365890173,0.4065537061,0.5451673456,0.01104854346,0.8557236463
psd_low_power,afmv2_06e9a8457ab9,6058,0.0,15.78224397,2,1,0.6369680166,-0.9968924522,0.9987954497,0.08509272851,0.6369679962,0.6369679962,0.5654610915,1.995687902,-0.9767919433,-0.9120543182,0.1298874542,0.9665820688,0.9925793433,1.969371287,-0.12082812,1.62877115,0.1625515117,0.1288275417,0.998833425,0.09411722692,9.134622444,3.954895077,1.230770076,-4.062813096,7,0.25,27,151.7037037,-0.9968924522,0.9987954497,0.13450218,0.4175402892,0.567147159,0.0078125,0.8767449944
psd_low_power,afmv2_84343ccdd8fc,6058,0.0,11.46747565,-2,0,0.6268268228,-0.9931394458,0.9999993443,0.03064286838,0.6268268204,0.6268268204,0.5500499215,1.99313879,-0.9676499575,-0.9122514814,0.009590453934,0.9706108123,0.9978773099,1.965527267,0.02741340843,1.67068811,0.1704316699,0.1326853793,0.9984862878,0.122104714,9.187027795,3.963329281,1.259705921,-4.038725138,6,0.25,29,141.2413793,-0.9931394458,0.9999993443,0.1423278919,0.429754813,0.5861868546,0.0078125,0.8519988407
psd_low_power,afmv2_84343ccdd8fc,6058,0.0,11.46747565,-2,1,0.6400960088,-0.9940914512,0.9990793467,0.1331202976,0.640096001,0.640096001,0.5665337424,1.993170798,-0.9779191267,-0.904182142,0.1784658581,0.9744771689,0.9937270427,1.971646169,-0.2062388068,1.660141335,0.1608558533,0.1292282151,0.9978985739,0.0329491055,9.060422031,3.889068849,1.162574261,-4.083897141,7,0.25,34,120.4705882,-0.9940914512,0.9990793467,0.1327722573,0.4142863775,0.5472065011,0.0078125,0.90343192
psd_low_power,afmv2_84343ccdd8fc,6058,0.0,12.54616773,-1,0,0.6341991425,-0.9988656044,0.9987143278,0.06046450971,0.6341991506,0.6341991506,0.5595078098,1.997579932,-0.9754019034,-0.911424768,0.06760256365,0.9642548114,0.9936194879,1.969021391,-0.05811620895,1.642682015,0.1657951884,0.1302834412,0.997138028,0.2074688055,9.102786536,3.946615893,1.240872185,-4.032710049,6,0.25,27,151.7037037,-0.9988656044,0.9987143278,0.1365572397,0.4263507439,0.5673008294,0.0078125,0.8672091813
psd_low_power,afmv2_84343ccdd8fc,6058,0.0,12.54616773,-1,1,0.6293697357,-0.9909963012,0.9994793534,0.09831674644,0.6293697335,0.6293697335,0.5528533261,1.990475655,-0.9614392173,-0.8953655839,0.1478738114,0.9718340516,0.99607544,1.957514657,-0.1495084068,1.680585537,0.1547822885,0.1231413636,0.9965603028,0.07473491755,9.041354668,3.890633218,1.205045943,-4.066996758,7,0.25,30,136.5333333,-0.9909963012,0.9994793534,0.1279957106,0.3953556756,0.5436952624,0.01104854346,0.8797299916
psd_low_power,afmv2_84343ccdd8fc,6058,0.0,13.62485981,0,0,0.6327729821,-0.9986813068,0.9992591739,0.02760074926,0.6327729979,0.6327729979,0.5574435387,1.997940481,-0.9820195055,-0.9225353152,0.03859983198,0.9622153789,0.9916411591,1.973660665,-0.02317648834,1.653807194,0.1686686409,0.1304266435,0.9971871008,0.1401847079,9.176201134,4.073436719,1.345228015,-4.004255791,6,0.25,34,120.4705882,-0.9986813068,0.9992591739,0.1426123292,0.4186748165,0.5771413669,0.01104854346,0.8406034463
psd_low_power,afmv2_84343ccdd8fc,6058,0.0,13.62485981,0,1,0.6356941462,-0.9986001253,0.9996883869,0.1416600365,0.6356941512,0.6356941512,0.5624635243,1.998288512,-0.9774603248,-0.9049945176,0.2205466405,0.9744241416,0.9948052871,1.972265612,-0.2387309544,1.679909429,0.166826653,0.1302619993,0.9954675153,0.2288228015,9.143410161,3.915690037,1.107040918,-4.248080242,6,0.25,28,146.2857143,-0.9986001253,0.9996883869,0.1384915305,0.4166397408,0.5552107333,0.01746928107,0.9008633556
psd_low_power,afmv2_84343ccdd8fc,6058,0.0,14.70355189,1,0,0.6146246791,-0.9977983832,0.9992288351,-0.03631862737,0.6146246677,0.6146246677,0.5323442334,1.997027218,-0.9875634462,-0.9397190154,-0.06100449152,0.9506067753,0.9912645537,1.978828,0.113529848,1.768784618,0.167324149,0.126164567,0.9980468182,0.1237481844,9.13172653,3.933993258,1.301401068,-3.989092668,6,0.25,34,120.4705882,-0.9977983832,0.9992288351,0.1416396374,0.4183041561,0.544026054,0.01746928107,0.7891471201
psd_low_power,afmv2_84343ccdd8fc,6058,0.0,14.70355189,1,1,0.6330557466,-0.9939796329,0.9994124174,0.04387289341,0.6330557293,0.6330557293,0.5579030111,1.99339205,-0.9771303886,-0.9147812217,0.02474121749,0.9664768249,0.994252736,1.971383125,-0.008554921617,1.649234343,0.1624305302,0.1287250785,0.9973474485,0.18551498,9.098052027,3.935740899,1.241048136,-4.043592368,7,0.25,30,136.5333333,-0.9939796329,0.9994124174,0.1325158454,0.4145500977,0.5577260869,0.01104854346,0.8633993674
psd_low_power,afmv2_84343ccdd8fc,6058,0.0,15.78224397,2,0,0.6272418499,-0.9990691543,0.9996768236,0.07070044505,0.6272418316,0.6272418316,0.5521425955,1.998745978,-0.9824417865,-0.8995655566,0.06392706186,0.9685966998,0.9952927989,1.977734585,-0.04487387631,1.664558237,0.166516579,0.1269426119,0.998679805,0.1153778018,9.151031871,3.907985899,1.226885623,-4.070196125,7,0.25,30,136.5333333,-0.9990691543,0.9996768236,0.1410061995,0.411750153,0.5491105546,0.01104854346,0.8753343409
psd_low_power,afmv2_84343ccdd8fc,6058,0.0,15.78224397,2,1,0.6379716396,-0.9967710972,0.9999711514,0.06908369485,0.6379716588,0.6379716588,0.5622016439,1.996742249,-0.976026051,-0.9206150085,0.1007932648,0.9641164154,0.9943411821,1.970367233,-0.1127708251,1.648134183,0.1642907869,0.1303196832,0.9965166742,0.1635287251,9.156346637,3.998953799,1.205426465,-4.083492856,7,0.25,33,124.1212121,-0.9967710972,0.9999711514,0.1358496041,0.4171894321,0.5684683835,0.01746928107,0.8663654245
psd_low_power,afmv2_06e9a8457ab9,6058,1.5,11.46747565,-2,0,0.6376427412,-0.9989313483,0.9998498559,0.09010021751,0.6376427339,0.6376427339,0.5591473541,1.998781204,-0.9864877832,-0.9327846736,0.1509033293,0.9701762736,0.9936702192,1.980158002,-0.1868029116,1.697060533,0.1513281869,0.1245992612,0.9988074224,0.0586118769,9.046415846,3.837249577,1.090892906,-4.13722067,7,0.25,28,146.2857143,-0.9989313483,0.9998498559,0.1238685872,0.3903926048,0.5697595018,0.0078125,0.8722396896
psd_low_power,afmv2_06e9a8457ab9,6058,1.5,11.46747565,-2,1,0.6322866082,-0.9998341203,0.9982923269,-0.01717841099,0.6322865985,0.6322865985,0.555978417,1.998126447,-0.9937347752,-0.9526276916,-0.02566477377,0.9349303424,0.9832161433,1.976950918,0.02642064792,1.657252686,0.1580158692,0.1231460062,0.9976564994,0.1483787979,9.039489247,3.899616107,1.186603714,-4.059606463,7,0.25,24,170.6666667,-0.9998341203,0.9982923269,0.1325646315,0.3926228441,0.5356904851,0.0078125,0.8075833049
psd_low_power,afmv2_06e9a8457ab9,6058,1.5,12.54616773,-1,0,0.6379030347,-0.9955835938,0.9995052814,0.05443867053,0.6379030674,0.6379030674,0.5648316636,1.995088875,-0.9715818626,-0.9063483536,0.06561843678,0.9734486431,0.9961228383,1.967704701,-0.04308663494,1.624055285,0.1689807256,0.1316646327,0.9993677059,0.06636577405,9.127154711,3.914311243,1.268130682,-4.029790509,6,0.25,36,113.7777778,-0.9955835938,0.9995052814,0.140852852,0.4252137165,0.5675528849,0.015625,0.8666811774
psd_low_power,afmv2_06e9a8457ab9,6058,1.5,12.54616773,-1,1,0.6272312999,-0.9974446297,0.9989624023,0.06538287557,0.6272313295,0.6272313295,0.5495506131,1.996407032,-0.9799267393,-0.921879375,0.08628685027,0.9614929408,0.9940974712,1.974024211,-0.1117686336,1.68785833,0.1731516991,0.1353592163,0.9975171066,0.1277471017,9.21267747,4.053578798,1.357859027,-3.987496406,6,0.25,35,117.0285714,-0.9974446297,0.9989624023,0.1452729154,0.4389512745,0.588663856,0.01746928107,0.8529616916
psd_low_power,afmv2_06e9a8457ab9,6058,1.5,13.62485981,0,0,0.6245967746,-0.9994649291,0.9997304082,-0.01031186209,0.6245967766,0.6245967766,0.5466081376,1.999195337,-0.9863373148,-0.9332938313,-0.02591586672,0.9410212457,0.992533856,1.978871171,0.03507719405,1.686350422,0.1734637041,0.1307427613,0.9939789346,0.1827640905,9.105639499,3.966599138,1.297101457,-3.960419302,6,0.25,40,102.4,-0.9994649291,0.9997304082,0.1476871657,0.4281945322,0.5665464399,0.02816836934,0.8087242099
psd_low_power,afmv2_06e9a8457ab9,6058,1.5,13.62485981,0,1,0.6446717978,-0.9946621656,0.9999442697,0.02830848032,0.6446718203,0.6446718203,0.5703847438,1.994606435,-0.9749471205,-0.9255862325,0.03340292349,0.9656248361,0.995546456,1.970493577,0.001131037504,1.619286476,0.1537606417,0.1199941749,0.996184655,0.1947723689,9.021507828,3.838690247,1.140394107,-4.105197843,8,0.25,32,128,-0.9946621656,0.9999442697,0.1290133557,0.3881586203,0.5227322119,0.015625,0.8631662608
psd_low_power,afmv2_06e9a8457ab9,6058,1.5,14.70355189,1,0,0.6235340238,-0.9983633757,0.9995344281,0.1160961199,0.6235340098,0.6235340098,0.5438124792,1.997897804,-0.981947633,-0.910609591,0.1697902754,0.9666401386,0.9932643485,1.975211982,-0.2056196858,1.74291215,0.1645146271,0.1258036424,0.9980953526,0.1003107098,9.088792182,3.903212962,1.26106371,-4.025194524,7,0.25,31,132.1290323,-0.9983633757,0.9995344281,0.1404624408,0.4084243553,0.5562701156,0.02209708691,0.8817771264
psd_low_power,afmv2_06e9a8457ab9,6058,1.5,14.70355189,1,1,0.6085664034,-0.9904975295,0.9991794825,0.1928663309,0.6085663951,0.6085663951,0.5337543708,1.989677012,-0.9550959682,-0.8474184781,0.2770481557,0.9726530522,0.9961809933,1.951276962,-0.3128110585,1.779669469,0.1660866685,0.1262470989,0.9981344326,0.1094331279,9.107818117,3.981630461,1.314686434,-3.978819118,6,0.25,33,124.1212121,-0.9904975295,0.9991794825,0.1424571318,0.4024304521,0.5393894829,0.0078125,0.9080025668
psd_low_power,afmv2_06e9a8457ab9,6058,1.5,15.78224397,2,0,0.6276593208,-0.9947527647,0.9990766048,0.1883554732,0.6276593362,0.6276593362,0.5499417514,1.99382937,-0.9710867,-0.9066527665,0.3124579489,0.9647222608,0.9913167495,1.962403449,-0.3939641374,1.807078446,0.1597435103,0.1283724286,0.9976705259,0.1477745163,9.077840793,3.919018003,1.189022714,-4.064484718,7,0.25,24,170.6666667,-0.9947527647,0.9990766048,0.1296650018,0.4107758629,0.5495835436,0.01104854346,0.9020052517
psd_low_power,afmv2_06e9a8457ab9,6058,1.5,15.78224397,2,1,0.6156353354,-0.9974638224,0.99985075,0.1380233621,0.6156353362,0.6156353362,0.5416511287,1.997314572,-0.9676352078,-0.8643084139,0.1769285947,0.9742707133,0.9967132103,1.964348418,-0.198704126,1.714414517,0.1659544578,0.1271866762,0.9987102786,0.09155098721,9.127603234,3.944541898,1.294964466,-4.018379347,6,0.25,35,117.0285714,-0.9974638224,0.99985075,0.1401281518,0.4131956333,0.5469918119,0.0078125,0.8885932197
psd_low_power,afmv2_84343ccdd8fc,6058,1.5,11.46747565,-2,0,0.6296538115,-0.9989513755,0.9995919466,0.02534126216,0.6296537941,0.6296537941,0.5530785758,1.998543322,-0.9842635816,-0.9183616281,0.02743959799,0.9596895128,0.9938553095,1.978118891,-0.01070714345,1.66422673,0.1651964386,0.1267216671,0.9974159024,0.1056531434,9.083892491,3.884522295,1.223313774,-4.035867714,6,0.25,35,117.0285714,-0.9989513755,0.9995919466,0.1389795563,0.4117580284,0.550633501,0.0078125,0.8395620119
psd_low_power,afmv2_84343ccdd8fc,6058,1.5,11.46747565,-2,1,0.6413170695,-0.9977903962,0.9985223413,0.08680948397,0.6413170497,0.6413170497,0.5655877676,1.996312737,-0.9872382933,-0.9290903062,0.1601163819,0.9646772206,0.9923508441,1.979589137,-0.1881207697,1.67050206,0.1586129487,0.1257380587,0.9976392864,0.1398498792,9.067485078,3.860942415,1.173615221,-4.079012292,7,0.25,32,128,-0.9977903962,0.9985223413,0.1299619383,0.4032188056,0.548500741,0.015625,0.8699077396
psd_low_power,afmv2_84343ccdd8fc,6058,1.5,12.54616773,-1,0,0.6341338754,-0.999946177,0.9995232224,0.01420406035,0.6341338877,0.6341338877,0.5587805776,1.999469399,-0.9893033737,-0.9409596652,0.0335426908,0.944033578,0.9889580512,1.978261425,-0.05103265883,1.65212955,0.1649250218,0.1289021707,0.9987733469,0.05266929708,9.161234004,4.00875771,1.206945744,-4.088453413,7,0.25,38,107.7894737,-0.999946177,0.9995232224,0.1355468821,0.4202254812,0.5658523764,0.01104854346,0.8204466438
psd_low_power,afmv2_84343ccdd8fc,6058,1.5,12.54616773,-1,1,0.6316077113,-0.9979876876,0.9996539354,0.08314400634,0.6316077251,0.6316077251,0.5570346939,1.997641623,-0.9813294464,-0.9119107902,0.103127569,0.9653668255,0.9949940616,1.976323508,-0.1130270814,1.660120667,0.1681424878,0.1289918271,0.9987145017,0.01661285409,9.129797839,3.970974551,1.261850256,-4.027162369,6,0.25,28,146.2857143,-0.9979876876,0.9996539354,0.1421355295,0.4187431666,0.5563356911,0.01746928107,0.8731784117
psd_low_power,afmv2_84343ccdd8fc,6058,1.5,13.62485981,0,0,0.6299772263,-0.9992080927,0.9996822476,0.0556562248,0.6299772257,0.6299772257,0.5556204781,1.99889034,-0.9865860498,-0.9134688824,0.0441049654,0.9633726388,0.9960810721,1.982667122,-0.04033599474,1.653756381,0.1618421623,0.1265709792,0.9970288159,0.202959673,9.128205922,3.989808206,1.195454972,-4.065144468,7,0.25,28,146.2857143,-0.9992080927,0.9996822476,0.1352187168,0.4098367478,0.5486689319,0.03125,0.8624809869
psd_low_power,afmv2_84343ccdd8fc,6058,1.5,13.62485981,0,1,0.623947978,-0.9980809093,0.999876678,0.1187542286,0.623947981,0.623947981,0.5449879749,1.997957587,-0.9827370358,-0.9145070255,0.1925927252,0.9635362566,0.9959182137,1.978655249,-0.2478662394,1.747784203,0.1595202845,0.1255367867,0.9989992447,0.1270941616,9.104532645,3.930594571,1.216722572,-4.052629036,7,0.25,30,136.5333333,-0.9980809093,0.999876678,0.1308172495,0.4030864801,0.545825854,0.0078125,0.8706188283
psd_low_power,afmv2_84343ccdd8fc,6058,1.5,14.70355189,1,0,0.6349623799,-0.9944657683,0.9987462163,0.07319712752,0.6349623594,0.6349623594,0.5589348482,1.993211985,-0.9798894125,-0.9224591911,0.1050222926,0.9647857279,0.9904392684,1.970328681,-0.1217408533,1.662947264,0.173154578,0.1342035668,0.9985365466,0.0290269284,9.19216366,4.007449297,1.295511317,-4.031183225,6,0.25,38,107.7894737,-0.9944657683,0.9987462163,0.144723404,0.4317496166,0.5664891847,0.01104854346,0.8655646116
psd_low_power,afmv2_84343ccdd8fc,6058,1.5,14.70355189,1,1,0.627958715,-0.9994507432,0.9990153909,0.04495760631,0.627958692,0.627958692,0.5523175726,1.998466134,-0.9780887669,-0.9073324442,0.04320237227,0.9670345485,0.9931333208,1.971222088,-0.02029700224,1.661245235,0.1696637299,0.1305476267,0.998153543,0.08680352378,9.156459081,3.995840299,1.321909185,-3.992327715,6,0.25,37,110.7027027,-0.9994507432,0.9990153909,0.1440069538,0.4240211344,0.5699502566,0.01746928107,0.8548564097
psd_low_power,afmv2_84343ccdd8fc,6058,1.5,15.78224397,2,0,0.6474440694,-0.9980670214,0.9984254837,0.08661704576,0.647444057,0.647444057,0.5771420905,1.996492505,-0.98410622,-0.9214627743,0.1125201471,0.9611318231,0.985545525,1.969651745,-0.1170321317,1.596731612,0.1682108047,0.1315518618,0.9981382091,0.1219700791,9.12647815,3.946832588,1.218928258,-4.051320785,6,0.25,25,163.84,-0.9980670214,0.9984254837,0.139739221,0.4223466873,0.5587937619,0.01746928107,0.8874603478
psd_low_power,afmv2_84343ccdd8fc,6058,1.5,15.78224397,2,1,0.6311899424,-0.9949059486,0.9995233417,0.1243242562,0.6311899571,0.6311899571,0.557268606,1.99442929,-0.9679103667,-0.9049180329,0.1888990924,0.96498411,0.9948426688,1.962753035,-0.2145958654,1.677730785,0.168995314,0.1330012883,0.9966584947,0.1739722156,9.16613687,4.010826834,1.233462084,-4.052616689,6,0.25,29,141.2413793,-0.9949059486,0.9995233417,0.1392179745,0.429397316,0.5575271165,0.015625,0.886188204
psd_mid_power,afmv2_06e9a8457ab9,6058,0.0,6.982060075,-2,0,0.635206759,-0.9984455705,0.998701334,0.02927936601,0.6352067222,0.6352067222,0.5580005112,1.997146904,-0.9867553329,-0.944780165,0.0412490759,0.9438200921,0.9878306121,1.974585945,-0.06130149577,1.660233138,0.1634988837,0.1271217058,0.9984295042,0.1156394543,9.117510078,3.918628549,1.265009835,-4.033005956,7,0.25,27,151.7037037,-0.9984455705,0.998701334,0.1371763194,0.4091809017,0.5630980648,0.01746928107,0.8384294028
psd_mid_power,afmv2_06e9a8457ab9,6058,0.0,6.982060075,-2,1,0.6229595542,-0.9984452724,0.9999729395,0.1017934702,0.6229595944,0.6229595944,0.5466012717,1.998418212,-0.9707297403,-0.8945847034,0.1161171384,0.9729804933,0.9961654603,1.966895201,-0.114052877,1.699528518,0.1632659427,0.1275148935,0.9991707628,0.003820153566,9.082077631,3.88071682,1.179640637,-4.07825286,7,0.25,26,157.5384615,-0.9984452724,0.9999729395,0.1370563296,0.4021117146,0.5536052843,0.01104854346,0.8870432126
psd_mid_power,afmv2_06e9a8457ab9,6058,0.0,7.961687386,-1,0,0.6305226088,-0.9992390275,0.9973134398,0.1197451704,0.630522579,0.630522579,0.5507184451,1.996552467,-0.9851283073,-0.9217029512,0.1818227991,0.9597690433,0.988263303,1.97339161,-0.2408742997,1.734314437,0.1624423537,0.1248734664,0.9979164745,0.06598530823,9.120291647,3.997525026,1.202066287,-4.059024096,7,0.25,28,146.2857143,-0.9992390275,0.9973134398,0.1358057899,0.4029199943,0.5372373942,0.0322117627,0.881406877
psd_mid_power,afmv2_06e9a8457ab9,6058,0.0,7.961687386,-1,1,0.621550262,-0.9995868206,0.9996937513,0.0867399223,0.6215502639,0.6215502639,0.5409824307,1.999280572,-0.988746165,-0.9312760264,0.1111433543,0.9693214446,0.9965812093,1.985327374,-0.1457780394,1.750239743,0.1591832865,0.1240666908,0.9992590723,0.1281445635,9.035169173,3.793208489,1.168057797,-4.069332233,7,0.25,33,124.1212121,-0.9995868206,0.9996937513,0.134371518,0.3991638369,0.5404110778,0.01746928107,0.8651687688
psd_mid_power,afmv2_06e9a8457ab9,6058,0.0,8.941314697,0,0,0.6440282464,-0.9977556467,0.9999144077,0.04387161147,0.6440282516,0.6440282516,0.5678008322,1.997670054,-0.9849873072,-0.9252400517,0.04269491695,0.9704091549,0.9943725568,1.979359864,-0.03057395812,1.634034114,0.1651889587,0.1275552982,0.9970104762,0.1655614103,9.093413179,3.804962337,1.169342442,-4.113678781,7,0.25,31,132.1290323,-0.9977556467,0.9999144077,0.1404653707,0.4087194122,0.5287135345,0.0078125,0.8709016591
psd_mid_power,afmv2_06e9a8457ab9,6058,0.0,8.941314697,0,1,0.6386868954,-0.9981503487,0.9996898174,0.08042163004,0.6386869204,0.6386869204,0.5640886343,1.997840166,-0.9784179801,-0.9164662242,0.1205531992,0.9646179885,0.9894932657,1.967911246,-0.1347954519,1.643513636,0.1667501807,0.1328637166,0.9961226445,0.1842000456,9.136462874,3.985373739,1.244319789,-4.033575305,6,0.25,28,146.2857143,-0.9981503487,0.9996898174,0.1359518502,0.428577148,0.5857475836,0.0234375,0.8709154054
psd_mid_power,afmv2_06e9a8457ab9,6058,0.0,9.920942008,1,0,0.6239331365,-0.9995279908,0.9997288585,0.1225120552,0.6239331447,0.6239331447,0.5463665215,1.999256849,-0.9894345611,-0.9265270591,0.1849598959,0.9696546763,0.99572285,1.985157411,-0.2423179619,1.759059213,0.1639115511,0.1292913206,0.9936910365,0.2082903098,9.089161183,3.866236266,1.166767413,-4.092642212,7,0.25,31,132.1290323,-0.9995279908,0.9997288585,0.1359596682,0.4098649261,0.5450928863,0.01746928107,0.8753664105
psd_mid_power,afmv2_06e9a8457ab9,6058,0.0,9.920942008,1,1,0.6252920628,-0.9996366501,0.9996877909,0.147352564,0.6252920647,0.6252920647,0.5476642882,1.999324441,-0.9849518794,-0.8858962148,0.2320173904,0.9741416961,0.995550884,1.980502763,-0.2785396141,1.743178094,0.1547656353,0.1222957563,0.9979977954,0.1386665226,9.01828405,3.907266443,1.143593819,-4.077807067,7,0.25,26,157.5384615,-0.9996366501,0.9996877909,0.1274858357,0.3979139624,0.5237962258,0.0078125,0.890983842
psd_mid_power,afmv2_06e9a8457ab9,6058,0.0,10.90056932,2,0,0.6394736767,-0.996961534,0.999763906,0.05736379757,0.6394736442,0.6394736442,0.5660441901,1.99672544,-0.9777271682,-0.934615624,0.103599485,0.9503847569,0.991913839,1.969641007,-0.1338859298,1.633517874,0.1680804055,0.1334326289,0.9968806571,0.2119517159,9.176221963,3.966959158,1.263404852,-4.059114033,7,0.25,37,110.7027027,-0.996961534,0.999763906,0.1387329885,0.432821011,0.5747655444,0.01104854346,0.8467968777
psd_mid_power,afmv2_06e9a8457ab9,6058,0.0,10.90056932,2,1,0.6195846796,-0.9961046576,0.9997178316,0.06117921239,0.6195846648,0.6195846648,0.5398711656,1.995822489,-0.976368531,-0.9181224197,0.07859196141,0.9685273975,0.9954935455,1.971862077,-0.08084959408,1.726686246,0.1639250822,0.1244849004,0.9976599992,0.1300102023,9.124051267,3.932309772,1.317648023,-4.00194106,7,0.25,28,146.2857143,-0.9961046576,0.9997178316,0.1411352888,0.4071185179,0.5490961009,0.01104854346,0.8515668985
psd_mid_power,afmv2_84343ccdd8fc,6058,0.0,6.982060075,-2,0,0.6381050944,-0.9976860881,0.9996436238,0.01854537136,0.638105092,0.638105092,0.5635468818,1.997329712,-0.9837834585,-0.9394037277,0.02973629721,0.9482774258,0.9931235182,1.976906977,-0.03409163002,1.633043242,0.1605030248,0.1279914336,0.9972802199,0.1761304205,9.115278539,3.978533028,1.213383917,-4.06298409,7,0.25,34,120.4705882,-0.9976860881,0.9996436238,0.1337294413,0.4104859422,0.5669989818,0.01746928107,0.8343133701
psd_mid_power,afmv2_84343ccdd8fc,6058,0.0,6.982060075,-2,1,0.635886848,-0.9955422878,0.9990101457,0.1053696199,0.6358868375,0.6358868375,0.5594744655,1.994552433,-0.9768121743,-0.9150700867,0.1590272784,0.9663840711,0.9933733547,1.970185529,-0.2026703158,1.682209477,0.1650743721,0.1312819866,0.9992494935,0.04707134457,9.148323087,3.999601043,1.281455194,-4.041299743,7,0.25,33,124.1212121,-0.9955422878,0.9990101457,0.1356477751,0.4253601078,0.5742862882,0.015625,0.877588176
psd_mid_power,afmv2_84343ccdd8fc,6058,0.0,7.961687386,-1,0,0.6324107647,-0.9974806309,0.9987983704,0.0145791923,0.632410792,0.632410792,0.5580308208,1.996279001,-0.9827017188,-0.9304207981,0.01682435069,0.9435533643,0.989821822,1.972523541,-0.006321936799,1.640366838,0.1779963896,0.135010399,0.995379351,0.2333589721,9.231195698,4.081423211,1.334302947,-3.99359879,6,0.25,30,136.5333333,-0.9974806309,0.9987983704,0.1500114587,0.4402097747,0.5869896653,0.01104854346,0.8311653145
psd_mid_power,afmv2_84343ccdd8fc,6058,0.0,7.961687386,-1,1,0.6280994415,-0.9990044832,0.9993809462,0.004303422075,0.6280994185,0.6280994185,0.5518852237,1.998385429,-0.9888659537,-0.9351535082,-0.01352856448,0.94648121,0.98735479,1.976220744,0.01867802243,1.675586737,0.1764171083,0.1352382833,0.9977650277,0.1297025247,9.192013349,4.02238639,1.335143395,-3.988733378,6,0.25,36,113.7777778,-0.9990044832,0.9993809462,0.1478656253,0.4385488313,0.5844135269,0.04555431168,0.82340738
psd_mid_power,afmv2_84343ccdd8fc,6058,0.0,8.941314697,0,0,0.6302204132,-0.997276783,0.9997392893,0.07099583685,0.6302204042,0.6302204042,0.5522815291,1.997016072,-0.9767868763,-0.9191162169,0.08889500797,0.9698959768,0.9952052498,1.971992126,-0.1003105007,1.686391513,0.1640488194,0.1246023935,0.9976749628,0.1386384945,9.102105451,3.925032913,1.202212546,-4.064734905,7,0.25,28,146.2857143,-0.997276783,0.9997392893,0.1404637655,0.4061650605,0.540467488,0.01104854346,0.8662542566
psd_mid_power,afmv2_84343ccdd8fc,6058,0.0,8.941314697,0,1,0.6320562959,-0.9996004701,0.9985318184,0.003458701679,0.6320562619,0.6320562619,0.553510281,1.998132288,-0.9912626171,-0.952584365,0.023571169,0.951393041,0.9913718802,1.982634497,-0.02090183368,1.688458904,0.1588565247,0.1235406713,0.9981763081,0.04833523416,9.049888452,3.844087339,1.254783384,-4.026928604,7,0.25,40,102.4,-0.9996004701,0.9985318184,0.1345708026,0.3927831186,0.5216422362,0.01104854346,0.8190258941
psd_mid_power,afmv2_84343ccdd8fc,6058,0.0,9.920942008,1,0,0.6376502514,-0.9981869459,0.9998859763,0.03948460045,0.6376502738,0.6376502738,0.5629716897,1.998072922,-0.9844285196,-0.933098191,0.05607544631,0.9544508994,0.9916492981,1.976077818,-0.06023451537,1.643247634,0.1642377932,0.1321962572,0.9987669695,0.07192190979,9.124760571,3.910064417,1.2371451,-4.047236104,6,0.25,28,146.2857143,-0.9981869459,0.9998859763,0.1350038612,0.422993614,0.5889160748,0.0078125,0.8498287335
psd_mid_power,afmv2_84343ccdd8fc,6058,0.0,9.920942008,1,1,0.6290149093,-0.9950073361,0.9985710382,0.1217850222,0.6290149281,0.6290149281,0.5527106947,1.993578374,-0.9778666013,-0.9109069884,0.1739581972,0.9733215988,0.9953656673,1.973232269,-0.211284024,1.713022557,0.1615169346,0.1260968817,0.9994181166,0.04729535602,9.094798883,3.965315302,1.20457004,-4.032236281,7,0.25,27,151.7037037,-0.9950073361,0.9985710382,0.1355521087,0.4069607685,0.5381802879,0.01746928107,0.8863931909
psd_mid_power,afmv2_84343ccdd8fc,6058,0.0,10.90056932,2,0,0.6301788092,-0.9998040199,0.9984266162,0.001341352145,0.6301788044,0.6301788044,0.557993088,1.998230636,-0.9837830061,-0.921521458,-0.01515613263,0.9501983792,0.9881578922,1.971940898,0.04562789872,1.634115585,0.1719885923,0.1297454444,0.9976236862,0.06226554841,9.174461778,4.026389818,1.375896287,-3.977077007,6,0.25,36,113.7777778,-0.9998040199,0.9984266162,0.1462016658,0.4182997115,0.5758666431,0.0078125,0.8245908169
psd_mid_power,afmv2_84343ccdd8fc,6058,0.0,10.90056932,2,1,0.6332625151,-0.9990582466,0.9987221956,0.001774001858,0.6332625377,0.6332625377,0.5575544131,1.997780442,-0.9913513118,-0.9447788805,-0.003104009898,0.9530682743,0.9919798166,1.983331128,0.003773357301,1.665706906,0.1625491166,0.126404526,0.9968743806,0.1441831356,9.065421159,3.851068807,1.185445789,-4.080491684,7,0.25,29,141.2413793,-0.9990582466,0.9987221956,0.1354137861,0.4086890217,0.5527316067,0.0078125,0.821834141
psd_mid_power,afmv2_06e9a8457ab9,6058,1.5,6.982060075,-2,0,0.6418788433,-0.99822855,0.9975684285,0.09247415572,0.6418788695,0.6418788695,0.5661772673,1.995796978,-0.9915555292,-0.9395697027,0.1610481739,0.958397454,0.9893851137,1.980940643,-0.1934088664,1.668545595,0.1635296759,0.1304105782,0.9935376532,0.2763882597,9.102057709,3.822229359,1.242053087,-4.057046574,7,0.25,31,132.1290323,-0.99822855,0.9975684285,0.1349268927,0.4172714492,0.5638295678,0.0078125,0.8737609926
psd_mid_power,afmv2_06e9a8457ab9,6058,1.5,6.982060075,-2,1,0.6175912023,-0.9914318323,0.9993513227,0.1815079886,0.6175911824,0.6175911824,0.5438721126,1.990783155,-0.9604423803,-0.8656521618,0.2801975161,0.9757530153,0.9946902847,1.955132665,-0.3159317469,1.750534508,0.1665751871,0.1316874552,0.9989653378,0.04476035438,9.118063837,3.907906182,1.187497964,-4.062225298,6,0.25,37,110.7027027,-0.9914318323,0.9993513227,0.1392783701,0.4248015713,0.5609141805,0.01104854346,0.9025577683
psd_mid_power,afmv2_06e9a8457ab9,6058,1.5,7.961687386,-1,0,0.6299250722,-0.9983174801,0.9989661574,0.1320123912,0.6299250819,0.6299250819,0.5522063995,1.997283638,-0.9776845872,-0.8995944768,0.1821362227,0.9752391905,0.9949852121,1.972669799,-0.2136853278,1.713450441,0.162453198,0.1285783429,0.9979134793,0.09742536554,9.119490192,3.936000334,1.17131281,-4.075606576,7,0.25,25,163.84,-0.9983174801,0.9989661574,0.1360030631,0.415159805,0.555162569,0.01104854346,0.8987760403
psd_mid_power,afmv2_06e9a8457ab9,6058,1.5,7.961687386,-1,1,0.6392040253,-0.9963840842,0.999587357,0.07018515872,0.6392040094,0.6392040094,0.5637050223,1.995971441,-0.9775646949,-0.9174968421,0.06836815923,0.9718247056,0.9944716561,1.972036351,-0.06650723477,1.642701292,0.155759033,0.1231189227,0.9978817832,0.07025878368,9.035471237,3.811080037,1.16165896,-4.096674864,7,0.25,20,204.8,-0.9963840842,0.999587357,0.1286596141,0.4000609744,0.5252751832,0.0078125,0.881879232
psd_mid_power,afmv2_06e9a8457ab9,6058,1.5,8.941314697,0,0,0.633133769,-0.9968825579,0.9992692471,0.109821792,0.6331337848,0.6331337848,0.5612840886,1.996151805,-0.9807134348,-0.899799332,0.1539284065,0.9643993586,0.9932393461,1.973952781,-0.1693986213,1.649477892,0.1688080324,0.1343206422,0.9987253721,0.03729685105,9.201245266,4.121476229,1.330819724,-3.980427552,6,0.25,31,132.1290323,-0.9968825579,0.9992692471,0.1396045164,0.4336147245,0.5931285029,0.01746928107,0.8837045015
psd_mid_power,afmv2_06e9a8457ab9,6058,1.5,8.941314697,0,1,0.6513184309,-0.9983458519,0.9993126988,0.01684870151,0.6513184098,0.6513184098,0.5781945694,1.997658551,-0.9736075169,-0.9333723605,0.03376920335,0.9546658874,0.9917728204,1.965380337,-0.02794317454,1.595209829,0.1590310878,0.1271715355,0.994542211,0.2515404391,9.053346586,3.839309458,1.120269143,-4.135002132,7,0.25,24,170.6666667,-0.9983458519,0.9993126988,0.1299877481,0.4101161211,0.5612806916,0.0078125,0.848983487
psd_mid_power,afmv2_06e9a8457ab9,6058,1.5,9.920942008,1,0,0.622756958,-0.9958868027,0.9997136593,0.02185137261,0.6227569747,0.6227569747,0.5479262277,1.995600462,-0.9792725325,-0.9264126152,0.03165928088,0.9421838313,0.99115179,1.970424322,-0.0304243262,1.670020493,0.1717414964,0.1291476345,0.9976380164,0.1479245976,9.1719964,4.086403826,1.237598253,-4.059664347,6,0.25,35,117.0285714,-0.9958868027,0.9997136593,0.1457952001,0.4213148729,0.5578023219,0.015625,0.8205850918
psd_mid_power,afmv2_06e9a8457ab9,6058,1.5,9.920942008,1,1,0.6299689412,-0.9978874922,0.9993730187,0.06357573364,0.6299689149,0.6299689149,0.5499634844,1.997260511,-0.9857176453,-0.9364060014,0.1009409018,0.9545384914,0.9877841693,1.973501815,-0.1406144345,1.711021088,0.1685875015,0.1299287746,0.9970515819,0.1424984711,9.139907193,3.99301403,1.283881771,-4.002515848,6,0.25,34,120.4705882,-0.9978874922,0.9993730187,0.1413585036,0.4227058913,0.5603115475,0.01746928107,0.850315332
psd_mid_power,afmv2_06e9a8457ab9,6058,1.5,10.90056932,2,0,0.6328772902,-0.9972005486,0.9989167452,0.02557219046,0.6328772875,0.6328772875,0.5602069128,1.996117294,-0.9830781627,-0.9281264365,0.0251723947,0.9539402217,0.9908146214,1.973892784,-0.02091370986,1.635954623,0.1743463574,0.1328871379,0.9980815344,0.09426264453,9.228264644,4.004041001,1.370841719,-4.013317303,6,0.25,31,132.1290323,-0.9972005486,0.9989167452,0.1467408559,0.4343427553,0.5737236826,0.0078125,0.8375710758
psd_mid_power,afmv2_06e9a8457ab9,6058,1.5,10.90056932,2,1,0.6143338084,-0.9983839989,0.9994730949,0.1229652136,0.614333793,0.614333793,0.5338806709,1.997857094,-0.9737221032,-0.9026784718,0.1775111333,0.9764894933,0.9969183868,1.97064049,-0.2176570898,1.78018269,0.1687529215,0.1328345384,0.9966663517,0.1425908998,9.143013117,3.936107256,1.244155128,-4.034353147,6,0.25,35,117.0285714,-0.9983839989,0.9994730949,0.1416356826,0.4238879574,0.6046453806,0.0390625,0.8756057621
psd_mid_power,afmv2_84343ccdd8fc,6058,1.5,6.982060075,-2,0,0.6402629614,-0.9969927073,0.9990968704,0.07272123735,0.6402629986,0.6402629986,0.5670508522,1.996089578,-0.9657365477,-0.906927526,0.0920387134,0.9757020891,0.9944040579,1.960140606,-0.08465165965,1.626874714,0.1606806718,0.1268219035,0.9981887326,0.07917592358,9.090408086,3.862312857,1.226505292,-4.064666063,7,0.25,30,136.5333333,-0.9969927073,0.9990968704,0.1320013882,0.4154719259,0.5338445765,0.0322117627,0.8793170912
psd_mid_power,afmv2_84343ccdd8fc,6058,1.5,6.982060075,-2,1,0.6143434644,-0.9956998825,0.9995216727,0.2124660803,0.6143434308,0.6143434308,0.5366934243,1.995221555,-0.9687116945,-0.8494613409,0.3205894232,0.9742810011,0.9965545481,1.965266243,-0.3862789357,1.82251616,0.1613527241,0.1283115909,0.9991246168,0.06649232293,9.063006689,3.888223277,1.211143496,-4.034443208,6,0.25,37,110.7027027,-0.9956998825,0.9995216727,0.132744897,0.4095155495,0.5482074794,0.0078125,0.9160807997
psd_mid_power,afmv2_84343ccdd8fc,6058,1.5,7.961687386,-1,0,0.6289137006,-0.9983600974,0.9992562532,0.1612230641,0.628913687,0.628913687,0.5517046116,1.997616351,-0.9675826621,-0.8894210041,0.2424806803,0.9779752403,0.9944992721,1.962081934,-0.2828500888,1.734094095,0.1618404684,0.1266356792,0.9979245313,0.1181257941,9.075147846,3.91855202,1.235309403,-4.020785297,7,0.25,31,132.1290323,-0.9983600974,0.9992562532,0.1376809272,0.4080225909,0.5561502061,0.01746928107,0.9066816589
psd_mid_power,afmv2_84343ccdd8fc,6058,1.5,7.961687386,-1,1,0.6395004392,-0.9988467097,0.9999552369,0.06410730633,0.6395004383,0.6395004383,0.5657600586,1.998801947,-0.9801327765,-0.9187132478,0.08319281787,0.9548663408,0.996495589,1.976628366,-0.0960982074,1.625425546,0.1608988678,0.1257761421,0.9985573344,0.1220830435,9.024040977,3.856191154,1.12335654,-4.090600734,7,0.25,27,151.7037037,-0.9988467097,0.9999552369,0.1343493126,0.4079923521,0.5397419077,0.02470529422,0.8652413225
psd_mid_power,afmv2_84343ccdd8fc,6058,1.5,8.941314697,0,0,0.6238964796,-0.9977263212,0.999806881,0.1408642906,0.6238964981,0.6238964981,0.5464320698,1.997533202,-0.9834160501,-0.9118841201,0.2236602008,0.9707025051,0.9950002903,1.97841634,-0.2794982014,1.76332034,0.1582197455,0.1256995843,0.9988326635,0.05413434539,9.059324309,3.798561642,1.12582264,-4.127137461,7,0.25,40,102.4,-0.9977263212,0.999806881,0.1307484785,0.4056443534,0.5431725605,0.01104854346,0.8837145561
psd_mid_power,afmv2_84343ccdd8fc,6058,1.5,8.941314697,0,1,0.622667253,-0.992644906,0.9997463226,0.1413924318,0.6226672251,0.6226672251,0.5466653828,1.992391229,-0.9641289532,-0.8744347811,0.202962786,0.9768343478,0.9965655571,1.96069451,-0.2251389258,1.713653884,0.1644657995,0.1279449309,0.9970654234,0.1393303767,9.093738714,3.981248523,1.238264703,-4.021462082,6,0.25,31,132.1290323,-0.992644906,0.9997463226,0.1383090186,0.4171594489,0.5563498336,0.02209708691,0.8946469939
psd_mid_power,afmv2_84343ccdd8fc,6058,1.5,9.920942008,1,0,0.6385470629,-0.9961751699,0.9990053177,0.08397021818,0.638547058,0.638547058,0.5625553097,1.995180488,-0.980566994,-0.9171418756,0.1059071422,0.9702430844,0.9942863935,1.974853387,-0.118373151,1.657495905,0.1603547927,0.1284422387,0.9937517992,0.2591190047,9.052928969,3.897403488,1.216056174,-4.025474436,7,0.25,26,157.5384615,-0.9961751699,0.9990053177,0.1310518815,0.4160768597,0.5503596981,0.01746928107,0.8816839161
psd_mid_power,afmv2_84343ccdd8fc,6058,1.5,9.920942008,1,1,0.6341644526,-0.9994881153,0.998290062,0.1184484497,0.6341644738,0.6341644738,0.5603744804,1.997778177,-0.9848637623,-0.9075359076,0.1858756095,0.9655210674,0.9910714626,1.975935225,-0.2161515587,1.675220183,0.1586282325,0.1253507961,0.9941743352,0.2485964912,9.043468015,3.896806049,1.190006135,-4.060626648,7,0.25,35,117.0285714,-0.9994881153,0.998290062,0.1312895419,0.4024815366,0.5372223114,0.01746928107,0.8830836537
psd_mid_power,afmv2_84343ccdd8fc,6058,1.5,10.90056932,2,0,0.6266618371,-0.9965544343,0.9998810887,0.137848632,0.626661841,0.626661841,0.5531631729,1.996435523,-0.9714556968,-0.8830368996,0.201772131,0.96995157,0.9960408801,1.967496577,-0.2223652899,1.685164636,0.1559658956,0.1226343254,0.9973794398,0.1691764491,9.034367955,3.778615044,1.193178538,-4.059938411,7,0.25,25,163.84,-0.9965544343,0.9998810887,0.1301457561,0.3894743964,0.5319437836,0.01104854346,0.8923737363
psd_mid_power,afmv2_84343ccdd8fc,6058,1.5,10.90056932,2,1,0.6347306967,-0.9975661039,0.9996703863,0.06010079162,0.6347306972,0.6347306972,0.5611023577,1.99723649,-0.9754707086,-0.9183771998,0.07776682451,0.9665592611,0.9963254344,1.971796143,-0.07613146091,1.640698613,0.1660902211,0.1286046616,0.9986776588,0.1137446151,9.131055703,4.001759175,1.23701406,-4.021573793,7,0.25,30,136.5333333,-0.9975661039,0.9996703863,0.1404002168,0.4179195295,0.5586118341,0.015625,0.8613164897
psd_high_power,afmv2_06e9a8457ab9,6058,0.0,4.205907345,-2,0,0.6427158117,-0.9982075691,0.9991224408,0.009658784878,0.6427157907,0.6427157907,0.5712959645,1.99733001,-0.9882807136,-0.9463771313,0.02158960328,0.9440103531,0.990489465,1.978770179,-0.02364430425,1.60817011,0.1639518828,0.1272814049,0.9983787819,0.1048339597,9.060087494,3.87475388,1.232070829,-4.048584854,7,0.25,32,128,-0.9982075691,0.9991224408,0.1381535505,0.4150065823,0.5390048814,0.0078125,0.8299415774
psd_high_power,afmv2_06e9a8457ab9,6058,0.0,4.205907345,-2,1,0.6305907965,-0.9982828498,0.9968944788,-0.08482149574,0.6305907863,0.6305907863,0.554732585,1.995177329,-0.9865967655,-0.9502038032,-0.1283053309,0.9157476962,0.979939298,1.966536064,0.1627500876,1.672933977,0.1651563448,0.1250867227,0.9973002391,0.1258658743,9.09791429,3.94924722,1.224675158,-4.041222263,7,0.25,32,128,-0.9982828498,0.9968944788,0.1407348906,0.4077052641,0.5483109726,0.01746928107,0.7660756199
psd_high_power,afmv2_06e9a8457ab9,6058,0.0,5.258252859,-1,0,0.6398243904,-0.9994427562,0.9989926815,0.08733213911,0.6398243787,0.6398243787,0.5657784455,1.998435438,-0.989012844,-0.9233016282,0.1352988705,0.9638851285,0.9915375495,1.980550393,-0.1569203379,1.644736607,0.1654295263,0.1284944786,0.9988249006,0.1020938511,9.128954372,3.944386035,1.232141115,-4.058287063,7,0.25,31,132.1290323,-0.9994427562,0.9989926815,0.1386470014,0.4144219104,0.5458732666,0.015625,0.8730684551
psd_high_power,afmv2_06e9a8457ab9,6058,0.0,5.258252859,-1,1,0.6259314418,-0.997951746,0.9991034269,0.05992346194,0.6259314311,0.6259314311,0.5501480673,1.997055173,-0.9808457881,-0.9033704162,0.07020452991,0.9627244562,0.9934208572,1.974266645,-0.06217667079,1.672865497,0.1633459927,0.1276155117,0.9965763379,0.1941213883,9.094348659,3.961517378,1.245301326,-4.017254497,7,0.25,32,128,-0.997951746,0.9991034269,0.1369858949,0.4141333771,0.5553870449,0.015625,0.8586016468
psd_high_power,afmv2_06e9a8457ab9,6058,0.0,6.310598373,0,0,0.6299418807,-0.9995748401,0.9980497956,-0.01060108282,0.6299418719,0.6299418719,0.5539631209,1.997624636,-0.9859022838,-0.948966679,-0.02626932319,0.9323693097,0.9866944623,1.972596746,0.02771518935,1.66104611,0.1704747846,0.1317569553,0.9975014877,0.1691987013,9.170501421,3.992735085,1.2848998,-4.023829573,6,0.25,32,128,-0.9995748401,0.9980497956,0.1432482519,0.428799507,0.5695907986,0.01104854346,0.8119621557
psd_high_power,afmv2_06e9a8457ab9,6058,0.0,6.310598373,0,1,0.6211525202,-0.9990787506,0.9998224378,0.08660269219,0.6211525112,0.6211525112,0.5422543223,1.998901188,-0.9895291424,-0.9174636275,0.128834039,0.9608478665,0.9943623739,1.983891516,-0.1632518278,1.731583743,0.1624293073,0.1253971048,0.9990191881,0.08894845284,9.085673175,3.92996177,1.24475624,-4.037775928,7,0.25,34,120.4705882,-0.9990787506,0.9998224378,0.1362045043,0.4050350889,0.5433838454,0.0078125,0.8574131719
psd_high_power,afmv2_06e9a8457ab9,6058,0.0,7.362943888,1,0,0.6325597167,-0.9987430573,0.9994994402,0.08498091614,0.6325596825,0.6325596825,0.556948637,1.998242497,-0.9872138745,-0.9252920955,0.1420416459,0.9629897475,0.9951448441,1.982358719,-0.1727871756,1.685027524,0.1686439413,0.1286576676,0.9994161247,0.03194006194,9.115492686,3.84451198,1.234146553,-4.039631328,6,0.25,31,132.1290323,-0.9987430573,0.9994994402,0.142323927,0.4196646903,0.5560402395,0.015625,0.8614029814
psd_high_power,afmv2_06e9a8457ab9,6058,0.0,7.362943888,1,1,0.6323610544,-0.9924747944,0.9992942214,0.09100800589,0.6323610372,0.6323610372,0.5574724596,1.991769016,-0.9742897791,-0.9125308514,0.1185331419,0.9709985167,0.9946044266,1.968894206,-0.1318206018,1.667716359,0.1645004965,0.1286594618,0.9978611373,0.1499421343,9.119766338,3.973482177,1.233613945,-4.042432815,6,0.25,32,128,-0.9924747944,0.9992942214,0.1370632401,0.4145961198,0.5587357839,0.015625,0.8774452691
psd_high_power,afmv2_06e9a8457ab9,6058,0.0,8.415289402,2,0,0.6384499073,-0.9988104105,0.9991069436,0.09665885237,0.6384499201,0.6384499201,0.5658941691,1.997917354,-0.9770668846,-0.8948292524,0.1372176632,0.9661859035,0.9918601489,1.968927034,-0.1457141901,1.623571201,0.16732319,0.1283555472,0.998192759,0.09873913083,9.133597603,3.947589724,1.222464019,-4.062942146,6,0.25,29,141.2413793,-0.9988104105,0.9991069436,0.1402348996,0.4134133527,0.5379192947,0.0078125,0.8818259768
psd_high_power,afmv2_06e9a8457ab9,6058,0.0,8.415289402,2,1,0.6333495378,-0.998847127,0.9993186593,0.01816276358,0.6333495123,0.6333495123,0.5546386089,1.998165786,-0.9869502747,-0.940415442,0.01082755253,0.9524974883,0.9901729232,1.977123198,-0.01049924872,1.672691205,0.1631619361,0.1258347738,0.9986451969,0.1092978629,9.106341828,3.92127724,1.245539851,-4.054909466,7,0.25,28,146.2857143,-0.998847127,0.9993186593,0.1400245164,0.4085478513,0.5604402079,0.01104854346,0.8394921131
psd_high_power,afmv2_84343ccdd8fc,6058,0.0,4.205907345,-2,0,0.6336788535,-0.995672822,0.9997865558,0.03132323259,0.6336788836,0.6336788836,0.5555603445,1.995459378,-0.9791975355,-0.9254309505,0.03735875152,0.9613073856,0.9935358649,1.9727334,-0.02411563066,1.663995991,0.1676557009,0.1338299872,0.998148717,0.07843810001,9.168923039,4.007956412,1.251461598,-4.021058661,6,0.25,28,146.2857143,-0.995672822,0.9997865558,0.1365152796,0.4327762545,0.5897839449,0.015625,0.8491635612
psd_high_power,afmv2_84343ccdd8fc,6058,0.0,4.205907345,-2,1,0.6421702504,-0.9990482926,0.9998731017,0.04724390942,0.642170248,0.642170248,0.5649662209,1.998921394,-0.9833744323,-0.930532366,0.07345672324,0.9674543828,0.994688952,1.978063384,-0.08327255957,1.64808415,0.1665296195,0.1323703831,0.9967508669,0.1613873904,9.144269921,3.941495153,1.227882642,-4.05256826,7,0.25,34,120.4705882,-0.9990482926,0.9998731017,0.1382247163,0.4250580302,0.5765585634,0.0078125,0.8585351433
psd_high_power,afmv2_84343ccdd8fc,6058,0.0,5.258252859,-1,0,0.6332063079,-0.9998148084,0.9995847344,0.02212438147,0.6332063124,0.6332063124,0.5584348033,1.999399543,-0.979608022,-0.9078869402,-0.001995463041,0.9656800985,0.9938202429,1.973428265,0.04163059672,1.6445971,0.1607396511,0.1265024389,0.9991822625,0.06074921611,9.039559012,3.824425723,1.125764522,-4.119485115,7,0.25,23,178.0869565,-0.9998148084,0.9995847344,0.1327235996,0.4099194456,0.557106139,0.01104854346,0.8530121466
psd_high_power,afmv2_84343ccdd8fc,6058,0.0,5.258252859,-1,1,0.635535121,-0.9987972975,0.9997317195,0.04326533467,0.6355351304,0.6355351304,0.5605695783,1.998529017,-0.9878819633,-0.9314286917,0.05528471991,0.9500510603,0.9896388566,1.97752082,-0.05646158503,1.640282336,0.1706353793,0.1281978178,0.9977531522,0.05546532826,9.187959601,4.078252424,1.316135028,-4.019847713,6,0.25,29,141.2413793,-0.9987972975,0.9997317195,0.145745336,0.4175613215,0.5478787603,0.0078125,0.8522238196
psd_high_power,afmv2_84343ccdd8fc,6058,0.0,6.310598373,0,0,0.6319488287,-0.9952273369,0.9998695254,0.0908510158,0.6319488383,0.6319488383,0.5590132107,1.995096862,-0.9753462309,-0.9131002396,0.1606801078,0.9616961688,0.992188527,1.967534758,-0.1762633095,1.655914173,0.170076704,0.1335394283,0.9985555143,0.1434251149,9.169196893,3.981405769,1.235580131,-4.051980385,6,0.25,38,107.7894737,-0.9952273369,0.9998695254,0.1385099053,0.4309093591,0.5809279565,0.01104854346,0.8618290714
psd_high_power,afmv2_84343ccdd8fc,6058,0.0,6.310598373,0,1,0.6416048408,-0.9951756001,0.9992500544,0.1047197442,0.6416048244,0.6416048244,0.5685896417,1.994425654,-0.9729299176,-0.9079796106,0.1467722356,0.9695390791,0.9934185892,1.966348507,-0.1602413473,1.63181321,0.1583031593,0.1229943999,0.9974039319,0.08449446316,9.046555623,3.85993368,1.153000824,-4.111463789,7,0.25,24,170.6666667,-0.9951756001,0.9992500544,0.133601107,0.4001093582,0.5310720074,0.01104854346,0.8905682394
psd_high_power,afmv2_84343ccdd8fc,6058,0.0,7.362943888,1,0,0.6196312904,-0.9951170087,0.9999218583,0.1234117339,0.6196312852,0.6196312852,0.5429134812,1.995038867,-0.9750633496,-0.8918839484,0.160633117,0.9751721352,0.9974179775,1.972481327,-0.1781668756,1.72990106,0.1615979642,0.1266320406,0.9988313431,0.09310537976,9.044403824,3.82910714,1.119874166,-4.093590197,7,0.25,29,141.2413793,-0.9951170087,0.9999218583,0.1339588439,0.4143148734,0.5514032314,0.01104854346,0.8888043825
psd_high_power,afmv2_84343ccdd8fc,6058,0.0,7.362943888,1,1,0.6298122406,-0.9991468191,0.9995269775,0.01534071599,0.6298122488,0.6298122488,0.5532610452,1.998673797,-0.9904335505,-0.9375035346,0.03089729324,0.958500284,0.994072203,1.984505754,-0.02600431901,1.676677142,0.164600145,0.1274016697,0.9986350169,0.03337528702,9.089096477,3.916306664,1.256059917,-4.031016166,7,0.25,35,117.0285714,-0.9991468191,0.9995269775,0.1377135962,0.4167545135,0.5411288987,0.0078125,0.8245476422
psd_high_power,afmv2_84343ccdd8fc,6058,0.0,8.415289402,2,0,0.6270933747,-0.9994888902,0.999966979,0.04458330263,0.627093397,0.627093397,0.552246471,1.999455869,-0.9880199534,-0.9417040944,0.07662012056,0.9298399061,0.9941844696,1.982204423,-0.1256292407,1.663709456,0.1643228434,0.1237494527,0.9988917689,0.01171122421,9.060366714,3.894587646,1.250353141,-4.014849165,7,0.25,38,107.7894737,-0.9994888902,0.999966979,0.1387958147,0.4036170889,0.5298048873,0.01746928107,0.8235980977
psd_high_power,afmv2_84343ccdd8fc,6058,0.0,8.415289402,2,1,0.628567934,-0.9989075661,0.9997084141,-0.02738062173,0.6285678844,0.6285678844,0.5509777561,1.99861598,-0.9802021587,-0.9351540536,-0.04510233924,0.9500532746,0.9941510034,1.974353162,0.07966680083,1.684372142,0.1664139675,0.1280855052,0.9972046281,0.1856146136,9.111123293,3.982158074,1.321505495,-3.988326623,6,0.25,31,132.1290323,-0.9989075661,0.9997084141,0.1385203775,0.4144791274,0.5610829893,0.03314563037,0.8044962179
psd_high_power,afmv2_06e9a8457ab9,6058,1.5,4.205907345,-2,0,0.6212977171,-0.9993122816,0.9988414049,0.04638590685,0.6212977365,0.6212977365,0.5479156901,1.998153687,-0.9890582567,-0.9228727728,0.06044167466,0.9420938224,0.9868503362,1.975908593,-0.07436363616,1.668961139,0.1771061828,0.1344664996,0.998258082,0.06120194511,9.208527668,4.110940885,1.407766927,-3.906373172,6,0.25,37,110.7027027,-0.9993122816,0.9988414049,0.1475139049,0.4383792208,0.5746325992,0.03314563037,0.8316511929
psd_high_power,afmv2_06e9a8457ab9,6058,1.5,4.205907345,-2,1,0.6313048005,-0.9983249307,0.9995348454,0.07253754357,0.6313047866,0.6313047866,0.5566839341,1.997859776,-0.9870223254,-0.921876049,0.0989956446,0.9640762746,0.9906233817,1.977645707,-0.1153003437,1.659882774,0.1687393384,0.1344865154,0.9988302368,0.1485534176,9.184944089,3.896151082,1.258144114,-4.06203223,6,0.25,35,117.0285714,-0.9983249307,0.9995348454,0.1382352912,0.4343466349,0.5884313263,0.02816836934,0.8604505447
psd_high_power,afmv2_06e9a8457ab9,6058,1.5,5.258252859,-1,0,0.6305182576,-0.9995860457,0.9989244938,0.0582845943,0.63051827,0.63051827,0.5522212554,1.99851054,-0.9863882327,-0.9283996135,0.09432037547,0.9598067492,0.9917694175,1.97815765,-0.1163104014,1.690561478,0.1691435108,0.1313957954,0.9980836837,0.1110965461,9.148874772,4.017760837,1.320473219,-3.981470554,6,0.25,33,124.1212121,-0.9995860457,0.9989244938,0.1417237295,0.4238306857,0.5678310096,0.02470529422,0.8494741796
psd_high_power,afmv2_06e9a8457ab9,6058,1.5,5.258252859,-1,1,0.6362138391,-0.9934870601,0.9994948506,0.05318434134,0.6362138207,0.6362138207,0.5599619248,1.992981911,-0.9802542603,-0.9260725617,0.07838472351,0.9611347824,0.9906128478,1.970867108,-0.07250855097,1.649103688,0.1662955419,0.1276429735,0.9982614234,0.1377395143,9.110821903,3.978975566,1.196198697,-4.072334336,7,0.25,29,141.2413793,-0.9934870601,0.9994948506,0.1409624551,0.4140265452,0.5453841594,0.02209708691,0.8606768467
psd_high_power,afmv2_06e9a8457ab9,6058,1.5,6.310598373,0,0,0.6392154098,-0.9930030704,0.9993312359,0.1106879922,0.6392153929,0.6392153929,0.5633053711,1.992334306,-0.9749399489,-0.9186060071,0.1638781279,0.9745609045,0.9952976519,1.970237601,-0.1974474703,1.678405224,0.1681563971,0.1339869453,0.9975557136,0.1124926321,9.138611449,3.924493572,1.23570984,-4.033714614,6,0.25,30,136.5333333,-0.9930030704,0.9993312359,0.1398449877,0.4254708888,0.5695322537,0.01746928107,0.8881094693
psd_high_power,afmv2_06e9a8457ab9,6058,1.5,6.310598373,0,1,0.6375198364,-0.9964740872,0.9994750023,0.09138727651,0.6375198474,0.6375198474,0.5617285783,1.99594909,-0.9831234634,-0.9254050195,0.1336387247,0.9706968367,0.9953291017,1.978452565,-0.1574996939,1.672644003,0.1595837392,0.1256949981,0.9968297394,0.2137948808,9.029046154,3.831742329,1.094158883,-4.126849708,7,0.25,27,151.7037037,-0.9964740872,0.9994750023,0.1345185031,0.4046601716,0.5425728197,0.01104854346,0.8776302014
psd_high_power,afmv2_06e9a8457ab9,6058,1.5,7.362943888,1,0,0.6342496872,-0.9948568344,0.9998104572,0.1008961751,0.6342497393,0.6342497393,0.5556267562,1.994667292,-0.9741658092,-0.9215777069,0.1392917931,0.968578732,0.9965843391,1.970750148,-0.1765379154,1.700647445,0.1527974497,0.1187419818,0.9989307063,0.1061562997,8.972949244,3.70303245,1.04848192,-4.156719216,8,0.25,26,157.5384615,-0.9948568344,0.9998104572,0.1298271242,0.3774396716,0.5082647947,0.01104854346,0.8822562433
psd_high_power,afmv2_06e9a8457ab9,6058,1.5,7.362943888,1,1,0.6298500896,-0.9991801381,0.9991791248,-0.05334088224,0.6298501224,0.6298501224,0.5533978309,1.998359263,-0.9866144025,-0.9413418144,-0.09117243066,0.9442186713,0.9918123388,1.978426741,0.1284777848,1.68202028,0.1645090239,0.1255590031,0.9992026353,0.0475073833,9.169512505,4.109853967,1.324109051,-4.011746751,7,0.25,35,117.0285714,-0.9991801381,0.9991791248,0.1382300819,0.4079485794,0.5414501885,0.0078125,0.7894774582
psd_high_power,afmv2_06e9a8457ab9,6058,1.5,8.415289402,2,0,0.6362611055,-0.9962615967,0.9995442629,0.09172922938,0.6362611124,0.6362611124,0.5625985719,1.99580586,-0.974874444,-0.8975447387,0.1133294962,0.9772595257,0.994653843,1.969528287,-0.1084386875,1.644575726,0.164140604,0.1316374377,0.9987494784,0.04766957223,9.115795144,3.893787835,1.166839547,-4.081321358,7,0.25,28,146.2857143,-0.9962615967,0.9995442629,0.1341879067,0.4192872145,0.5738504341,0.01746928107,0.8874720307
psd_high_power,afmv2_06e9a8457ab9,6058,1.5,8.415289402,2,1,0.6282475591,-0.9942814112,0.9996353388,0.1149536556,0.628247571,0.628247571,0.5534410456,1.99391675,-0.9709802723,-0.8923851907,0.1601682007,0.9716493875,0.996922667,1.967902939,-0.1738110532,1.683703186,0.1643417433,0.1250948445,0.9976214363,0.1404703205,9.071966496,3.967415799,1.249905381,-3.9971307,7,0.25,36,113.7777778,-0.9942814112,0.9996353388,0.1402166164,0.4112716004,0.5342200198,0.015625,0.8866633816
psd_high_power,afmv2_84343ccdd8fc,6058,1.5,4.205907345,-2,0,0.6394731998,-0.9945096374,0.9994130731,0.05209346458,0.6394732193,0.6394732193,0.5627402208,1.99392271,-0.9824319261,-0.9413170367,0.05808422714,0.9634860158,0.9934177548,1.975849681,-0.07191642111,1.659238716,0.1583079972,0.1272179583,0.9980485602,0.1324013453,9.052705984,3.747768771,1.157802356,-4.088295489,7,0.25,31,132.1290323,-0.9945096374,0.9994130731,0.1311647973,0.4053539343,0.5497230688,0.02209708691,0.8646103811
psd_high_power,afmv2_84343ccdd8fc,6058,1.5,4.205907345,-2,1,0.6391167045,-0.9992224574,0.9994308352,0.04155334882,0.6391166855,0.6391166855,0.5633168534,1.998653293,-0.9829010373,-0.9325987399,0.06773448735,0.9556807578,0.9915408033,1.974441841,-0.08643884646,1.645076395,0.1627628279,0.1267368787,0.9981834444,0.09900946324,9.105201232,3.916726342,1.194255741,-4.07540142,7,0.25,30,136.5333333,-0.9992224574,0.9994308352,0.1362842659,0.4082158693,0.5399377723,0.01746928107,0.8462969562
psd_high_power,afmv2_84343ccdd8fc,6058,1.5,5.258252859,-1,0,0.6430634856,-0.9986075759,0.9982901216,0.0412604925,0.6430635,0.6430635,0.5698738112,1.996897697,-0.9833303887,-0.9326729029,0.02804777306,0.9721731722,0.9929688418,1.97629923,-0.02779618902,1.62838651,0.1573033537,0.1231698316,0.9977639516,0.1945482551,9.02767724,3.792509565,1.172226223,-4.087551497,7,0.25,36,113.7777778,-0.9986075759,0.9982901216,0.1317954386,0.3947529571,0.5292607817,0.0234375,0.864133696
psd_high_power,afmv2_84343ccdd8fc,6058,1.5,5.258252859,-1,1,0.6283115745,-0.9938648343,0.9995055199,0.1103932465,0.6283115883,0.6283115883,0.5529791975,1.993370354,-0.9708062124,-0.890758571,0.1388113648,0.975034973,0.9931503123,1.963956525,-0.1358129322,1.676652113,0.1700579951,0.133896976,0.9984354464,0.104503172,9.150145353,3.921771604,1.225266885,-4.04522151,6,0.25,34,120.4705882,-0.9938648343,0.9995055199,0.14234863,0.4262814389,0.5873773565,0.03983608995,0.8937553825
psd_high_power,afmv2_84343ccdd8fc,6058,1.5,6.310598373,0,0,0.6321809292,-0.9982345104,0.9996293783,0.05808119531,0.6321809316,0.6321809316,0.553301265,1.997863889,-0.9866689557,-0.9357479781,0.09457566962,0.9640361756,0.9941917366,1.980860692,-0.1213121946,1.693300493,0.1636166492,0.1249862773,0.9983494951,0.1199934853,9.081222613,3.877529575,1.210892456,-4.061158156,7,0.25,35,117.0285714,-0.9982345104,0.9996293783,0.1393398327,0.4000582461,0.5426903697,0.015625,0.8496478654
psd_high_power,afmv2_84343ccdd8fc,6058,1.5,6.310598373,0,1,0.6299943328,-0.9993352294,0.9993249178,0.06977085238,0.6299943042,0.6299943042,0.5535215807,1.998660147,-0.9838575345,-0.9229798615,0.1241629906,0.9531734347,0.9919180351,1.97577557,-0.1534910961,1.679373885,0.1677461477,0.1269765871,0.998287893,0.115529463,9.124780378,3.952262006,1.282666181,-4.026154996,6,0.25,31,132.1290323,-0.9993352294,0.9993249178,0.1413383717,0.4135519856,0.5406586876,0.02816836934,0.8489658938
psd_high_power,afmv2_84343ccdd8fc,6058,1.5,7.362943888,1,0,0.6377862692,-0.9992142916,0.9992730618,0.0767636045,0.637786252,0.637786252,0.5595928861,1.998487353,-0.9869034296,-0.9297195017,0.122700423,0.9627363592,0.9926470357,1.979550465,-0.1498913064,1.679868327,0.1578553299,0.1200393638,0.9975671367,0.1582950434,8.992028655,3.812481224,1.186436658,-4.056116388,7,0.25,33,124.1212121,-0.9992142916,0.9992730618,0.1343452221,0.3850985316,0.5107926128,0.02470529422,0.8688580649
psd_high_power,afmv2_84343ccdd8fc,6058,1.5,7.362943888,1,1,0.6435499787,-0.9969595671,0.9990627766,0.07480928889,0.6435499664,0.6435499664,0.5691639489,1.996022344,-0.9799796402,-0.9283265769,0.09897853062,0.9676927269,0.9928416342,1.972821274,-0.1062218939,1.630378563,0.1595028754,0.124992098,0.9984438223,0.07441460132,9.017921357,3.795157305,1.160028748,-4.099225917,7,0.25,23,178.0869565,-0.9969595671,0.9990627766,0.133641857,0.4035823201,0.5294311439,0.01746928107,0.8791747209
psd_high_power,afmv2_84343ccdd8fc,6058,1.5,8.415289402,2,0,0.6433362961,-0.9978505969,0.9991059303,0.08787302024,0.6433362753,0.6433362753,0.5692673148,1.996956527,-0.982968443,-0.9254829586,0.1339648291,0.9638844311,0.9892375666,1.97220601,-0.1623759161,1.640449161,0.1623276317,0.1282047161,0.9990933595,0.0950269899,9.117956073,3.925456446,1.18801375,-4.092536165,7,0.25,30,136.5333333,-0.9978505969,0.9991059303,0.136645423,0.408585201,0.5620625358,0.01746928107,0.87664044
psd_high_power,afmv2_84343ccdd8fc,6058,1.5,8.415289402,2,1,0.6282465458,-0.9988646507,0.9991611242,0.04186460286,0.6282465239,0.6282465239,0.5529239933,1.998025775,-0.9742789161,-0.9072479397,0.04627148993,0.9611205786,0.9948634797,1.969142396,-0.02072962876,1.66010758,0.1744436867,0.1329597892,0.998089705,0.1564754148,9.183145975,4.099195384,1.249096922,-4.021964083,6,0.25,29,141.2413793,-0.9988646507,0.9991611242,0.1471032948,0.4298588691,0.5727386066,0.04207160006,0.8533502042
psd_slope,afmv2_06e9a8457ab9,6058,0.0,-4.29586035,-2,0,0.6371645331,-0.9990038276,0.9999950528,0.05726138914,0.6371645389,0.6371645389,0.5657916204,1.99899888,-0.9711111933,-0.9073045373,0.07523958385,0.9669042021,0.994142673,1.965253866,-0.05753235259,1.617934962,0.1584038071,0.1221880993,0.9966263028,0.09219658138,9.045331214,3.831271983,1.170750296,-4.08246563,7,0.25,34,120.4705882,-0.9990038276,0.9999950528,0.1341533247,0.3971758399,0.5327071319,0.0234375,0.8641060633
psd_slope,afmv2_06e9a8457ab9,6058,0.0,-4.29586035,-2,1,0.6360990405,-0.9972346425,0.9998755455,0.1271399963,0.6360990623,0.6360990623,0.5618506495,1.997110188,-0.9849580121,-0.9079803586,0.1860758588,0.9699914575,0.994411183,1.979369195,-0.208252801,1.674431325,0.1606649072,0.127011011,0.9986113096,0.02764842059,9.093084893,3.846706205,1.195082165,-4.064382,7,0.25,23,178.0869565,-0.9972346425,0.9998755455,0.1334241895,0.4036294892,0.5549881149,0.01746928107,0.8959088155
psd_slope,afmv2_06e9a8457ab9,6058,0.0,-3.909500271,-1,0,0.6453269124,-0.9945707321,0.99928689,0.06554998448,0.6453269,0.6453269,0.5707071632,1.993857622,-0.9718803436,-0.9205417961,0.07695564255,0.9670508295,0.9940020543,1.965882398,-0.08361060454,1.622691125,0.1681199613,0.1344771312,0.9973989537,0.1041329854,9.15656412,3.920741831,1.170457904,-4.07694839,6,0.25,24,170.6666667,-0.9945707321,0.99928689,0.1375672667,0.43079177,0.5771685725,0.02209708691,0.8780874482
psd_slope,afmv2_06e9a8457ab9,6058,0.0,-3.909500271,-1,1,0.6318099499,-0.9992207289,0.9987305999,0.09665972132,0.6318099769,0.6318099769,0.5571375087,1.997951329,-0.9912376136,-0.933177501,0.1680306196,0.9499759197,0.9903210878,1.981558701,-0.2165384692,1.690341597,0.1676603338,0.131015015,0.9960111693,0.2198050128,9.126698604,3.985013668,1.236638202,-4.048299098,6,0.25,28,146.2857143,-0.9992207289,0.9987305999,0.1406677238,0.4179269457,0.5760562906,0.01104854346,0.8584266003
psd_slope,afmv2_06e9a8457ab9,6058,0.0,-3.523140192,0,0,0.6437680721,-0.9986335635,0.9995385408,0.08059460707,0.643768063,0.643768063,0.5668252535,1.998172104,-0.9870066273,-0.928610006,0.1278286576,0.9670976013,0.9951222026,1.98212883,-0.1526996398,1.658477363,0.149752795,0.1222456585,0.998484631,0.06756255026,9.000812807,3.747862168,1.124131403,-4.118378126,8,0.25,29,141.2413793,-0.9986335635,0.9995385408,0.1224014576,0.3889015515,0.5311793694,0.0078125,0.8762694323
psd_slope,afmv2_06e9a8457ab9,6058,0.0,-3.523140192,0,1,0.6457659602,-0.9991908073,0.9987239242,-0.006865198699,0.6457659355,0.6457659355,0.5713662295,1.997914732,-0.9851433057,-0.9420848489,-0.01835825946,0.9634578496,0.991315223,1.976458529,0.03713098725,1.624173225,0.166197919,0.1319867803,0.9972978492,0.198111608,9.095818146,3.773201054,1.143325243,-4.116806246,6,0.25,30,136.5333333,-0.9991908073,0.9987239242,0.1367122619,0.4228234233,0.5635985451,0.04207160006,0.8345853366
psd_slope,afmv2_06e9a8457ab9,6058,0.0,-3.136780113,1,0,0.618724525,-0.9985666871,0.9986675978,-0.01841654237,0.6187245475,0.6187245475,0.539234686,1.997234285,-0.9885218257,-0.935897547,-0.02948895376,0.9475309908,0.9908200806,1.979341906,0.05687378995,1.725568645,0.1725494781,0.1307594634,0.998129099,0.1067714621,9.168095837,3.989019126,1.271100335,-4.049966213,6,0.25,37,110.7027027,-0.9985666871,0.9986675978,0.1458640664,0.4326272154,0.5661540649,0.0078125,0.7985446358
psd_slope,afmv2_06e9a8457ab9,6058,0.0,-3.136780113,1,1,0.6276321411,-0.9975631833,0.9990878105,0.09711168864,0.6276321569,0.6276321569,0.5492277127,1.996650994,-0.9857752794,-0.9362368375,0.1676354334,0.9513178796,0.9896513546,1.975426634,-0.225105118,1.729424021,0.1694935927,0.1314533891,0.9966131129,0.187273994,9.184626759,4.059136903,1.31188767,-4.006092031,6,0.25,35,117.0285714,-0.9975631833,0.9990878105,0.1424399443,0.4247655439,0.5751583713,0.0078125,0.8588295665
psd_slope,afmv2_06e9a8457ab9,6058,0.0,-2.750420034,2,0,0.6266996861,-0.9994350672,0.9994474053,-0.02446257185,0.6266997127,0.6266997127,0.5501782492,1.998882473,-0.9886005402,-0.9326333642,-0.02006666269,0.9523783326,0.9950042522,1.983604792,0.05289799506,1.685099305,0.1663454629,0.1273546691,0.9986487468,0.01670174879,9.111048165,3.947835094,1.301414805,-3.998899904,6,0.25,39,105.025641,-0.9994350672,0.9994474053,0.1404095277,0.4119712248,0.5690718156,0.01104854346,0.7968649943
psd_slope,afmv2_06e9a8457ab9,6058,0.0,-2.750420034,2,1,0.6414852142,-0.9956200123,0.9992652535,0.06862127292,0.6414852224,0.6414852224,0.5664348874,1.994885266,-0.9802616704,-0.9401396155,0.1263826489,0.9615152538,0.9927568841,1.973018554,-0.1477094826,1.653154066,0.1643003315,0.1287303131,0.9988121238,0.06956252446,9.094206935,3.887417438,1.151733567,-4.102357218,7,0.25,36,113.7777778,-0.9956200123,0.9992652535,0.1351700837,0.4160620832,0.5493944671,0.01746928107,0.8601472624
psd_slope,afmv2_84343ccdd8fc,6058,0.0,-4.29586035,-2,0,0.6101132035,-0.9994228482,0.9999074936,0.1236588035,0.6101132087,0.6101132087,0.5299571987,1.999330342,-0.9793300837,-0.8845215708,0.1602844819,0.9711561084,0.998825472,1.978155556,-0.1828597067,1.772965407,0.1624900205,0.1251243839,0.9976739534,0.08871112277,9.037450302,3.863291673,1.186723445,-4.03609998,6,0.25,31,132.1290323,-0.9994228482,0.9999074936,0.137310255,0.4055527067,0.54140797,0.02470529422,0.8814136979
psd_slope,afmv2_84343ccdd8fc,6058,0.0,-4.29586035,-2,1,0.6266168952,-0.9998039007,0.9999776483,0.1192203699,0.6266169118,0.6266169118,0.5486081113,1.999781549,-0.9892460263,-0.9176162094,0.1759758145,0.9692125797,0.9946452832,1.983891309,-0.2214597845,1.732162787,0.1585435145,0.1213354572,0.9968669799,0.2135158581,9.011783137,3.836004415,1.141308863,-4.091310208,7,0.25,29,141.2413793,-0.9998039007,0.9999776483,0.1348803735,0.3885338557,0.5257453811,0.01746928107,0.8799725319
psd_slope,afmv2_84343ccdd8fc,6058,0.0,-3.909500271,-1,0,0.6341237426,-0.996289432,0.9997907281,-0.001791590951,0.6341237537,0.6341237537,0.5570602896,1.99608016,-0.9780080432,-0.9352286816,-0.01694500446,0.9638620794,0.994614113,1.972622156,0.04005977944,1.673637471,0.1625205086,0.1256063426,0.9985280836,0.09727535226,9.062416661,3.808226629,1.157525323,-4.083039053,7,0.25,31,132.1290323,-0.996289432,0.9997907281,0.1387582813,0.4060327177,0.5476011758,0.01746928107,0.8294447398
psd_slope,afmv2_84343ccdd8fc,6058,0.0,-3.909500271,-1,1,0.6206626296,-0.9982966781,0.9998670816,0.02397583791,0.6206625943,0.6206625943,0.5385986676,1.99816376,-0.992234571,-0.9545368016,0.0502096843,0.9446444094,0.9933099604,1.985544531,-0.09380063806,1.744238367,0.1528847056,0.1191369624,0.9990643982,0.05990519023,8.996961779,3.795524768,1.160967008,-4.077809302,7,0.25,32,128,-0.9982966781,0.9998670816,0.1282351062,0.3837797188,0.5318155646,0.015625,0.811172365
psd_slope,afmv2_84343ccdd8fc,6058,0.0,-3.523140192,0,0,0.6239097118,-0.9960656762,0.9991351366,0.1497987362,0.6239097018,0.6239097018,0.5478379077,1.995200813,-0.9694611967,-0.8932290345,0.2317040414,0.9623008966,0.9924569494,1.961918146,-0.279916251,1.73673455,0.1673215803,0.1307993551,0.9979043558,0.09784278858,9.15718842,4.039797189,1.285097148,-3.991447841,6,0.25,31,132.1290323,-0.9960656762,0.9991351366,0.1398942756,0.4237369768,0.5739720671,0.01746928107,0.8902433608
psd_slope,afmv2_84343ccdd8fc,6058,0.0,-3.523140192,0,1,0.6375388503,-0.9962920547,0.998957932,0.04264012764,0.6375388606,0.6375388606,0.5634382687,1.995249987,-0.9868932885,-0.9305276364,0.05366598442,0.9576982856,0.9919516027,1.978844891,-0.06109331536,1.636275959,0.1678072391,0.13236135,0.9984256028,0.07688181103,9.133202176,3.912422466,1.252345158,-4.047486925,6,0.25,30,136.5333333,-0.9962920547,0.998957932,0.1382356328,0.4250368126,0.5754741623,0.01104854346,0.8510217016
psd_slope,afmv2_84343ccdd8fc,6058,0.0,-3.136780113,1,0,0.630100131,-0.9978328943,0.9994832873,-0.02697113832,0.6301001134,0.6301001134,0.5508897013,1.997316182,-0.9875441474,-0.9475323379,-0.06278603151,0.952042985,0.9939875621,1.981531709,0.09045157594,1.703970274,0.1573368613,0.1200995787,0.9980054825,0.1287676616,9.027881823,3.808585715,1.151010316,-4.096727456,7,0.25,30,136.5333333,-0.9978328943,0.9994832873,0.1345246784,0.3866278628,0.5186825726,0.0078125,0.8128273278
psd_slope,afmv2_84343ccdd8fc,6058,0.0,-3.136780113,1,1,0.6218703389,-0.9987946153,0.9989742637,0.04712088749,0.6218703551,0.6218703551,0.5435067497,1.997768879,-0.9876851356,-0.9218218267,0.06599691138,0.9596430361,0.9926722622,1.980357398,-0.06342978082,1.706817917,0.1670303897,0.1266026329,0.9976117919,0.1469057117,9.145563079,3.97277324,1.248674534,-4.042366203,6,0.25,32,128,-0.9987946153,0.9989742637,0.1422477902,0.4125726322,0.5478117709,0.0078125,0.843119816
psd_slope,afmv2_84343ccdd8fc,6058,0.0,-2.750420034,2,0,0.6364278793,-0.999132812,0.9997035861,0.02358692687,0.6364278625,0.6364278625,0.5611908178,1.998836398,-0.9826759154,-0.9373560458,0.03337687068,0.956549269,0.9940125155,1.976688431,-0.03658656218,1.647861322,0.1596804237,0.1269188653,0.996952397,0.1817667739,9.073195303,3.912761877,1.134029265,-4.088801737,7,0.25,30,136.5333333,-0.999132812,0.9997035861,0.1313000596,0.4067933258,0.5570149157,0.0078125,0.8365497982
psd_slope,afmv2_84343ccdd8fc,6058,0.0,-2.750420034,2,1,0.6440104246,-0.9967273474,0.9994373918,0.06716309408,0.6440104287,0.6440104287,0.5705344087,1.996164739,-0.9834817511,-0.9131984949,0.07439810783,0.9671466261,0.9903576028,1.973839354,-0.0808949771,1.616746769,0.1617233944,0.1291696499,0.994789531,0.2396812276,9.104544338,3.886643417,1.252809621,-4.041148305,7,0.25,21,195.047619,-0.9967273474,0.9994373918,0.1326844113,0.413766448,0.5725738526,0.02816836934,0.8773727264
psd_slope,afmv2_06e9a8457ab9,6058,1.5,-4.29586035,-2,0,0.6360348463,-0.9986424446,0.9986883998,0.05155897845,0.6360348451,0.6360348451,0.5587081478,1.997330844,-0.9883557636,-0.9299193442,0.05547014624,0.9639377743,0.9911800385,1.979535802,-0.0602138222,1.664052556,0.1651895688,0.1295716789,0.9986214336,0.1228942515,9.115930053,3.933783072,1.206217888,-4.05252254,6,0.25,23,178.0869565,-0.9986424446,0.9986883998,0.1377363087,0.4210082836,0.5710752183,0.04207160006,0.8636363931
psd_slope,afmv2_06e9a8457ab9,6058,1.5,-4.29586035,-2,1,0.6181672215,-0.9970415831,0.9999400377,0.08877768025,0.6181672086,0.6181672086,0.5405469219,1.996981621,-0.9782079971,-0.9068260342,0.1175272167,0.9644028395,0.9953260976,1.973534095,-0.1377851402,1.720235518,0.1679584705,0.1303797468,0.9978524112,0.1187903838,9.158407726,4.028869889,1.30743268,-4.012608601,6,0.25,32,128,-0.9970415831,0.9999400377,0.1390193017,0.4238097984,0.5565525019,0.01104854346,0.8609593618
psd_slope,afmv2_06e9a8457ab9,6058,1.5,-3.909500271,-1,0,0.6399847269,-0.9981993437,0.9996578693,0.09858062645,0.639984723,0.639984723,0.5635592075,1.997857213,-0.9877548939,-0.9417228937,0.1845982075,0.9476749837,0.9872653484,1.975020242,-0.2476100592,1.691449398,0.1661621059,0.1311486532,0.9984904006,0.02267829495,9.11777968,3.901739174,1.18069812,-4.079839056,6,0.25,32,128,-0.9981993437,0.9996578693,0.1369756441,0.4188078497,0.5751964838,0.01104854346,0.862995595
psd_slope,afmv2_06e9a8457ab9,6058,1.5,-3.909500271,-1,1,0.6260801554,-0.9964114428,0.9998041391,0.145206147,0.6260801269,0.6260801269,0.549225464,1.996215582,-0.9743052071,-0.8965010107,0.2208665684,0.9695087433,0.9936075544,1.967912762,-0.2559390916,1.731761718,0.1652668705,0.1310700334,0.9985802028,0.07238265565,9.133737386,3.969775771,1.181492149,-4.074650114,6,0.25,32,128,-0.9964114428,0.9998041391,0.1380013665,0.4198881103,0.5782639613,0.01746928107,0.8956287773
psd_slope,afmv2_06e9a8457ab9,6058,1.5,-3.523140192,0,0,0.620413661,-0.9993088245,0.9989640117,0.07421136792,0.6204136705,0.6204136705,0.5429067602,1.998272836,-0.9866016495,-0.9156779021,0.09166964144,0.9565461844,0.9912343901,1.97783604,-0.1169670801,1.706890446,0.1758631105,0.1365724723,0.998748162,0.04197744487,9.176683744,4.030623584,1.397412042,-3.919784628,6,0.25,40,102.4,-0.9993088245,0.9989640117,0.1449857025,0.4383499493,0.5797926327,0.04419417382,0.8534519213
psd_slope,afmv2_06e9a8457ab9,6058,1.5,-3.523140192,0,1,0.6289659739,-0.9984247088,0.9980897903,0.02728757613,0.6289659406,0.6289659406,0.5515264693,1.996514499,-0.9876633132,-0.9378578335,0.03652389161,0.9544979185,0.9893258929,1.976989206,-0.04194439359,1.678357729,0.1651030415,0.1292474405,0.9986092097,0.114741949,9.138517809,3.978407789,1.169503372,-4.092163302,7,0.25,29,141.2413793,-0.9984247088,0.9980897903,0.1382801669,0.4118903886,0.5685566509,0.015625,0.8328533217
psd_slope,afmv2_06e9a8457ab9,6058,1.5,-3.136780113,1,0,0.6242755055,-0.9977946877,0.9999076128,-0.02659359756,0.6242755184,0.6242755184,0.5444650487,1.997702301,-0.9864972883,-0.9447926134,-0.0440895576,0.9385902911,0.9911543369,1.977651625,0.0647074331,1.708552002,0.1639215079,0.1211092298,0.9986529427,0.08285274857,9.049806041,3.907390342,1.216795712,-4.033213594,7,0.25,33,124.1212121,-0.9977946877,0.9999076128,0.14206757,0.4000648699,0.5111197857,0.01746928107,0.8000721885
psd_slope,afmv2_06e9a8457ab9,6058,1.5,-3.136780113,1,1,0.6140907407,-0.9983178973,0.9997839332,-0.01469269812,0.6140907698,0.6140907698,0.5361665266,1.99810183,-0.9871272302,-0.9328345418,-0.02299544029,0.9467947394,0.9910926372,1.978219867,0.04696422345,1.72834602,0.1755181381,0.1349978357,0.9975323107,0.1626412013,9.188022635,4.083469985,1.40798931,-3.930142137,6,0.25,39,105.025641,-0.9983178973,0.9997839332,0.1458291026,0.4380400972,0.5999309935,0.015625,0.7924841624
psd_slope,afmv2_06e9a8457ab9,6058,1.5,-2.750420034,2,0,0.633112669,-0.9992991686,0.999628365,0.1396809105,0.6331126962,0.6331126962,0.5552467684,1.998927534,-0.9859100056,-0.9313324988,0.236606814,0.9620985687,0.9938954324,1.979805438,-0.316609245,1.763386269,0.1593469869,0.1270933414,0.996731465,0.1319950198,9.068381317,3.868166844,1.198190283,-4.060516484,7,0.25,29,141.2413793,-0.9992991686,0.999628365,0.1303821791,0.4131569427,0.551624719,0.01104854346,0.8816994471
psd_slope,afmv2_06e9a8457ab9,6058,1.5,-2.750420034,2,1,0.6149563789,-0.997967124,0.9998341799,0.0952249168,0.6149563732,0.6149563732,0.5377838915,1.997801304,-0.9824976873,-0.9092459291,0.127384007,0.965800181,0.9956296903,1.978127378,-0.1587391337,1.735905018,0.1693991925,0.1286918162,0.9976281375,0.1813006225,9.157847647,4.054947897,1.263029742,-4.007636403,6,0.25,35,117.0285714,-0.997967124,0.9998341799,0.1437827994,0.4212632255,0.5621065327,0.01746928107,0.8579349101
psd_slope,afmv2_84343ccdd8fc,6058,1.5,-4.29586035,-2,0,0.6119329333,-0.9970161319,0.999573946,0.09565523243,0.6119329564,0.6119329564,0.5348282593,1.996590078,-0.9741040534,-0.8967897713,0.1289143786,0.9669718444,0.9949556452,1.969059699,-0.1421297777,1.734141913,0.1663662764,0.1291428299,0.9984997874,0.07616025697,9.081009087,3.893217115,1.238021353,-4.016876508,6,0.25,39,105.025641,-0.9970161319,0.999573946,0.1384573277,0.4168220302,0.5646284642,0.015625,0.8600536709
psd_slope,afmv2_84343ccdd8fc,6058,1.5,-4.29586035,-2,1,0.6513036489,-0.9984102249,0.9990951419,0.08526201448,0.6513036454,0.6513036454,0.5795579216,1.997505367,-0.9820220554,-0.9359660804,0.1405440196,0.9615709752,0.9948831832,1.976905239,-0.1706688505,1.614394542,0.1562384817,0.1238761856,0.9986839332,0.04070527168,9.015715223,3.794104905,1.085568656,-4.170166026,8,0.25,29,141.2413793,-0.9984102249,0.9990951419,0.129307385,0.3967038297,0.5397945554,0.0078125,0.8760708311
psd_slope,afmv2_84343ccdd8fc,6058,1.5,-3.909500271,-1,0,0.6230185628,-0.9987028241,0.999435842,0.1828160399,0.6230185413,0.6230185413,0.5485735064,1.998138666,-0.9765495211,-0.8833340615,0.2685615867,0.9740727633,0.9943451166,1.970894638,-0.3135127006,1.760166841,0.1573682173,0.1261754587,0.9986652206,0.1094744882,9.022437054,3.879598539,1.161390894,-4.063953644,7,0.25,27,151.7037037,-0.9987028241,0.999435842,0.1295355575,0.399620288,0.5546966318,0.0078125,0.9106336426
psd_slope,afmv2_84343ccdd8fc,6058,1.5,-3.909500271,-1,1,0.6320822239,-0.9989519715,0.9999390841,0.03253111548,0.6320822303,0.6320822303,0.5586367388,1.998891056,-0.9821614712,-0.9228631139,0.03932664543,0.952811718,0.991925897,1.974087368,-0.03342497253,1.6377373,0.1640622392,0.1264262673,0.9991062226,0.03779941283,9.085076509,3.955273549,1.184736549,-4.080910365,6,0.25,29,141.2413793,-0.9989519715,0.9999390841,0.1368737895,0.4144301162,0.5399289117,0.015625,0.8408247655
psd_slope,afmv2_84343ccdd8fc,6058,1.5,-3.523140192,0,0,0.6361992955,-0.9975732565,0.9985796809,0.1446545897,0.6361992455,0.6361992455,0.5605016569,1.996152937,-0.9779346752,-0.9151373059,0.2351775765,0.9581615925,0.9874357551,1.96537043,-0.2968111094,1.716194486,0.1664438175,0.1330070979,0.9987053058,0.1000410834,9.179881289,4.060075891,1.254675363,-4.061713325,6,0.25,34,120.4705882,-0.9975732565,0.9985796809,0.1374442919,0.4301508555,0.5626274692,0.01746928107,0.8900559334
psd_slope,afmv2_84343ccdd8fc,6058,1.5,-3.523140192,0,1,0.6233305931,-0.9953702092,0.9997028708,0.141581871,0.6233305936,0.6233305936,0.5462111038,1.99507308,-0.9720831871,-0.8842131376,0.1967384368,0.9790913194,0.9960242242,1.968107411,-0.220552036,1.729035889,0.1581476309,0.1225940533,0.9988384713,0.07472411528,9.064372402,3.962209775,1.13850488,-4.083523567,7,0.25,29,141.2413793,-0.9953702092,0.9997028708,0.1347837203,0.3941997912,0.5319255842,0.0078125,0.8993330443
psd_slope,afmv2_84343ccdd8fc,6058,1.5,-3.136780113,1,0,0.6237568259,-0.9981510639,0.9998807311,-0.00803888358,0.6237568508,0.6237568508,0.5444570248,1.998031795,-0.9835057634,-0.9326078534,-0.03710017353,0.9569060475,0.9932242745,1.976730038,0.06468723744,1.709310429,0.1698231819,0.1296030048,0.9986590244,0.1476917654,9.134876511,4.035629689,1.288410705,-3.99161889,6,0.25,39,105.025641,-0.9981510639,0.9998807311,0.1444506036,0.4181769272,0.5561021569,0.01746928107,0.8186725845
psd_slope,afmv2_84343ccdd8fc,6058,1.5,-3.136780113,1,1,0.6335614324,-0.9987550974,0.9994145632,0.04901430021,0.6335614042,0.6335614042,0.5556172384,1.998169661,-0.9857332778,-0.9387656331,0.07617623359,0.9649183363,0.9920828497,1.977816128,-0.08509384257,1.683736512,0.16324241,0.1310015718,0.9981049281,0.1221377787,9.149434208,3.978012943,1.247084184,-4.048226642,7,0.25,31,132.1290323,-0.9987550974,0.9994145632,0.1358333545,0.42034936,0.5727717901,0.03314563037,0.8525295616
psd_slope,afmv2_84343ccdd8fc,6058,1.5,-2.750420034,2,0,0.6318035722,-0.9981541634,0.9986958504,-0.01477295026,0.6318035595,0.6318035595,0.5565995323,1.996850014,-0.9886558646,-0.9454660475,-0.01056991471,0.9376735926,0.9848157686,1.973471633,0.02617745764,1.651421473,0.1716707609,0.1304290854,0.9967402296,0.1959040616,9.121842991,3.93069718,1.325948213,-3.994409352,6,0.25,32,128,-0.9981541634,0.9986958504,0.1465184916,0.4294039219,0.5746564776,0.0234375,0.8086783504
psd_slope,afmv2_84343ccdd8fc,6058,1.5,-2.750420034,2,1,0.6305707693,-0.9995825291,0.9986461401,0.002977132115,0.630570745,0.630570745,0.5551362991,1.998228669,-0.9800799608,-0.9260379553,-0.01592485793,0.9505512774,0.9902515584,1.970331519,0.03731852637,1.651606424,0.1727812659,0.1361607656,0.9990103426,0.06349488311,9.224351628,4.09474113,1.352643562,-3.996115206,6,0.25,31,132.1290323,-0.9995825291,0.9986461401,0.1426486865,0.4404960321,0.5980176801,0.01746928107,0.828149494
autocorrelation_length_px,afmv2_06e9a8457ab9,6058,0.0,-14.51558018,-2,0,0.6328868866,-0.9993739128,0.9970538616,0.06720896751,0.6328868578,0.6328868578,0.5591205052,1.996427774,-0.9863976741,-0.9241727322,0.110635113,0.9477961332,0.9859596604,1.972357334,-0.14902869,1.651714159,0.1684701051,0.1331873801,0.9988678568,0.06876082429,9.178932112,4.059546762,1.371086332,-3.986963717,6,0.25,32,128,-0.9993739128,0.9970538616,0.1372870662,0.4301388694,0.5868571035,0.0078125,0.8461404483
autocorrelation_length_px,afmv2_06e9a8457ab9,6058,0.0,-14.51558018,-2,1,0.6221178174,-0.9984011054,0.9998190999,-0.01102241347,0.6221177807,0.6221177807,0.5440022389,1.998220205,-0.9845030475,-0.9378853053,-0.01251969067,0.9447952867,0.9936385906,1.978141638,0.02742194915,1.700586963,0.1733692293,0.1291366097,0.9977002366,0.01607019798,9.186149871,4.059898523,1.28987305,-4.011798823,6,0.25,43,95.25581395,-0.9984011054,0.9998190999,0.1474848072,0.4215734413,0.5520128441,0.0078125,0.8011447531
autocorrelation_length_px,afmv2_06e9a8457ab9,6058,0.0,0.1639490128,-1,0,0.6408149004,-0.9961575866,0.9998139143,0.08119642565,0.640814917,0.640814917,0.5672428406,1.995971501,-0.9758432734,-0.9128759235,0.1272803247,0.9646278948,0.9927745718,1.968617845,-0.1402787736,1.633271165,0.1695931882,0.1323130968,0.9967742275,0.1729011505,9.159681718,3.977799271,1.212649913,-4.060728187,6,0.25,30,136.5333333,-0.9961575866,0.9998139143,0.14197064,0.4280687789,0.572303667,0.01104854346,0.872213324
autocorrelation_length_px,afmv2_06e9a8457ab9,6058,0.0,0.1639490128,-1,1,0.6359015703,-0.9971603155,0.9993973374,0.08088773987,0.6359015855,0.6359015855,0.5586714491,1.996557653,-0.9799474269,-0.917585057,0.1028357521,0.968026486,0.9953261763,1.975273603,-0.1104311535,1.666728948,0.1594700598,0.125392709,0.9972939488,0.1973226759,9.086530635,3.857011379,1.207469546,-4.074138964,7,0.25,25,163.84,-0.9971603155,0.9993973374,0.1325463876,0.4021187382,0.5472668762,0.0078125,0.8793318432
autocorrelation_length_px,afmv2_06e9a8457ab9,6058,0.0,14.8434782,0,0,0.63845402,-0.9937460423,0.9989869595,0.06791311415,0.638453988,0.638453988,0.564887818,1.992733002,-0.9713443917,-0.9038674325,0.08108395338,0.9737464994,0.9939448225,1.965289214,-0.06385964259,1.624847652,0.1612344489,0.1270319886,0.9984634051,0.1339177297,9.118293317,4.02023921,1.220475006,-4.046839743,7,0.25,26,157.5384615,-0.9937460423,0.9989869595,0.1344994259,0.4044828304,0.5693321821,0.03314563037,0.8775552049
autocorrelation_length_px,afmv2_06e9a8457ab9,6058,0.0,14.8434782,0,1,0.6480942965,-0.9980117679,0.9998707175,0.08499167347,0.6480943129,0.6480943129,0.5752033496,1.997882485,-0.9777011395,-0.9213343173,0.1372354552,0.9634087712,0.9931395578,1.970840697,-0.1436809906,1.612117798,0.1601268471,0.12915815,0.9983079064,0.0699350554,9.093444601,3.900494587,1.145446636,-4.110372849,7,0.25,24,170.6666667,-0.9980117679,0.9998707175,0.1303052977,0.4095044902,0.5699065808,0.01104854346,0.8820785041
autocorrelation_length_px,afmv2_06e9a8457ab9,6058,0.0,29.52300739,1,0,0.6300282478,-0.9962866902,0.9997175336,0.0801505396,0.630028224,0.630028224,0.5532424761,1.996004224,-0.9758108407,-0.9079563767,0.08132047206,0.9696239084,0.9934096348,1.969220476,-0.08340065011,1.673404026,0.160949649,0.1319791221,0.997404332,0.2110621854,9.099182123,3.931284896,1.22175576,-4.043529645,7,0.25,29,141.2413793,-0.9962866902,0.9997175336,0.1286459948,0.4204256909,0.5751104849,0.01746928107,0.8797237833
autocorrelation_length_px,afmv2_06e9a8457ab9,6058,0.0,29.52300739,1,1,0.6386296749,-0.9982953668,0.9991508126,0.08895470168,0.6386296756,0.6386296756,0.5628063834,1.997446179,-0.9795019078,-0.9141029179,0.1226022393,0.9631247818,0.9929860264,1.972487934,-0.1374492735,1.657548087,0.168690003,0.1341356344,0.9975680273,0.1180730368,9.14231885,3.906338033,1.242147801,-4.049357767,6,0.25,28,146.2857143,-0.9982953668,0.9991508126,0.139687033,0.4340548836,0.5719616696,0.03314563037,0.8821770039
autocorrelation_length_px,afmv2_06e9a8457ab9,6058,0.0,44.20253658,2,0,0.6357135773,-0.9984003901,0.9988440871,0.005220867683,0.6357135659,0.6357135659,0.5589120584,1.997244477,-0.9844704556,-0.9456388056,0.01055729063,0.9423982352,0.9856015348,1.97007199,-0.02053296633,1.64940966,0.1607779306,0.1283859883,0.9977423423,0.1762594189,9.111410625,3.942104807,1.253650206,-4.044830529,7,0.25,33,124.1212121,-0.9984003901,0.9988440871,0.13194024,0.4098021214,0.5696369587,0.0078125,0.8222293504
autocorrelation_length_px,afmv2_06e9a8457ab9,6058,0.0,44.20253658,2,1,0.6273540258,-0.9982165098,0.9996455312,0.08129470821,0.6273540396,0.6273540396,0.5509022653,1.997862041,-0.987446472,-0.9339606017,0.1390138566,0.9589992017,0.9961032796,1.983549752,-0.1724065275,1.703383447,0.1652868502,0.1274202698,0.9983071044,0.07553860895,9.081874566,3.901458559,1.21074768,-4.033875046,6,0.25,29,141.2413793,-0.9982165098,0.9996455312,0.1383224804,0.4111853098,0.5633260096,0.01104854346,0.8535109309
autocorrelation_length_px,afmv2_84343ccdd8fc,6058,0.0,-14.51558018,-2,0,0.6266402006,-0.9994903207,0.9991111159,-0.002996077038,0.6266402276,0.6266402276,0.5495716891,1.998601437,-0.9899273163,-0.9436572194,-0.01024249848,0.9353668213,0.9836213404,1.973548657,-0.001914895413,1.681728226,0.1680910436,0.1307761078,0.9983013149,0.09463816567,9.137166431,4.038307943,1.266547508,-4.019502254,6,0.25,33,124.1212121,-0.9994903207,0.9991111159,0.1401230285,0.425852246,0.5699972152,0.0078125,0.8090797844
autocorrelation_length_px,afmv2_84343ccdd8fc,6058,0.0,-14.51558018,-2,1,0.6340512037,-0.9983605146,0.9995892048,-0.05556546757,0.6340512418,0.6340512418,0.5594435329,1.997949719,-0.9908450973,-0.9559173375,-0.08131927624,0.926480034,0.9852242529,1.97606935,0.09907145066,1.650648587,0.1571654933,0.1241972793,0.9986758183,0.08434472885,9.057681783,3.872063457,1.188704013,-4.077170943,7,0.25,33,124.1212121,-0.9983605146,0.9995892048,0.1291228668,0.3995637132,0.5340831169,0.01104854346,0.7844713567
autocorrelation_length_px,afmv2_84343ccdd8fc,6058,0.0,0.1639490128,-1,0,0.6296695471,-0.9997662902,0.9976751208,-0.02722017021,0.629669545,0.629669545,0.5522140936,1.997441411,-0.9888175714,-0.9368717641,-0.06773042306,0.9467930734,0.9875788158,1.976396387,0.09976986769,1.682791176,0.1676300494,0.1314279306,0.9981301816,0.1157238084,9.187418495,4.048522351,1.263188105,-4.036080174,6,0.25,22,186.1818182,-0.9997662902,0.9976751208,0.138077099,0.4251557021,0.5818403558,0.02816836934,0.8144976693
autocorrelation_length_px,afmv2_84343ccdd8fc,6058,0.0,0.1639490128,-1,1,0.6241387129,-0.9982865453,0.9993538857,0.03616311426,0.6241387346,0.6241387346,0.5454734329,1.997640431,-0.9832701057,-0.928312403,0.0526267495,0.960855791,0.9944476336,1.977717739,-0.05167497562,1.698854771,0.1689075096,0.1299469893,0.9972447449,0.03370706725,9.128603092,3.976360374,1.26922405,-4.0073513,6,0.25,35,117.0285714,-0.9982865453,0.9993538857,0.1419384938,0.4229711618,0.5677820716,0.02470529422,0.8357591776
autocorrelation_length_px,afmv2_84343ccdd8fc,6058,0.0,14.8434782,0,0,0.6399509907,-0.9992805123,0.9997931719,0.01824872797,0.6399510066,0.6399510066,0.565263026,1.999073684,-0.9805787802,-0.9301889926,0.009249432478,0.9679449081,0.9948842555,1.975463036,0.02155126608,1.634819663,0.1607029505,0.1263350822,0.9967392182,0.1549639377,9.078476515,3.848739528,1.187932208,-4.089446003,7,0.25,31,132.1290323,-0.9992805123,0.9997931719,0.1331396883,0.4062264901,0.5337311094,0.0078125,0.8512604977
autocorrelation_length_px,afmv2_84343ccdd8fc,6058,0.0,14.8434782,0,1,0.6278705001,-0.9987433553,0.9999336004,0.05604918764,0.6278704867,0.6278704867,0.5520709467,1.998676956,-0.9841779917,-0.9138920188,0.06017773226,0.9665922791,0.9964332289,1.980611221,-0.04990032131,1.669167878,0.1683155544,0.1302252455,0.9985415518,0.06758593051,9.143966421,3.946992517,1.226054291,-4.049918481,6,0.25,31,132.1290323,-0.9987433553,0.9999336004,0.141502515,0.4213269258,0.5756394129,0.03493856215,0.8589743122
autocorrelation_length_px,afmv2_84343ccdd8fc,6058,0.0,29.52300739,1,0,0.6094297171,-0.9987644553,0.9996654391,0.1557090522,0.6094297508,0.6094297508,0.527499561,1.998429894,-0.9803676707,-0.8890754908,0.2025966197,0.9721145213,0.9951778603,1.975545531,-0.2685168366,1.825716079,0.1638209904,0.1274162469,0.9974631058,0.1881844495,9.095642952,3.886434409,1.30396065,-3.993143511,6,0.25,31,132.1290323,-0.9987644553,0.9996654391,0.1376591265,0.4096336746,0.553585388,0.0234375,0.8929547578
autocorrelation_length_px,afmv2_84343ccdd8fc,6058,0.0,29.52300739,1,1,0.6260300279,-0.9959650636,0.9999646544,0.1119700878,0.6260299939,0.6260299939,0.5440604787,1.995929718,-0.9843196481,-0.9323063523,0.180671297,0.9628507286,0.9964598989,1.980779547,-0.2453243927,1.768776226,0.1563432957,0.1241123513,0.9988183608,0.09953458257,9.065327991,3.907952038,1.187152773,-4.064915245,7,0.25,24,170.6666667,-0.9959650636,0.9999646544,0.1286293224,0.4001068991,0.5398212333,0.015625,0.8717323842
autocorrelation_length_px,afmv2_84343ccdd8fc,6058,0.0,44.20253658,2,0,0.6377447844,-0.9962927103,0.9990059733,0.09657088764,0.6377447471,0.6377447471,0.5630912478,1.995298684,-0.9700740737,-0.9050862372,0.1313575134,0.9676506311,0.9937480617,1.963822135,-0.1420463061,1.646726594,0.1628824493,0.1290344597,0.9961155376,0.2112536974,9.112547621,3.920464262,1.214981782,-4.060603649,7,0.25,23,178.0869565,-0.9962927103,0.9990059733,0.1343989432,0.4176766008,0.5482209124,0.01746928107,0.8858558464
autocorrelation_length_px,afmv2_84343ccdd8fc,6058,0.0,44.20253658,2,1,0.6334164739,-0.9984713197,0.9995645285,0.08081115838,0.6334164884,0.6334164884,0.5571316598,1.998035848,-0.9879849917,-0.928897962,0.145149596,0.9519343793,0.991639896,1.979624888,-0.1871461806,1.68515318,0.1649545369,0.1299089253,0.9975138757,0.1415123273,9.117164258,3.923974534,1.187467264,-4.089501443,7,0.25,30,136.5333333,-0.9984713197,0.9995645285,0.1361733567,0.4210400239,0.5620281738,0.0078125,0.8550785659
autocorrelation_length_px,afmv2_06e9a8457ab9,6058,1.5,-14.51558018,-2,0,0.6225691438,-0.9987768531,0.9999305606,0.1167486973,0.6225691315,0.6225691315,0.5416713071,1.998707414,-0.9791847616,-0.9177151531,0.1709624827,0.9711573869,0.9966558021,1.975840564,-0.2231453593,1.766319794,0.1561344171,0.1214379249,0.9991490663,0.06707971483,9.022263745,3.873706938,1.173331591,-4.04283057,7,0.25,34,120.4705882,-0.9987768531,0.9999305606,0.1324729643,0.3897217762,0.5401025399,0.015625,0.8772538196
autocorrelation_length_px,afmv2_06e9a8457ab9,6058,1.5,-14.51558018,-2,1,0.628079772,-0.9995710254,0.9996415377,0.03287780154,0.6280797901,0.6280797901,0.5529307786,1.999212563,-0.9826136178,-0.9166460425,0.01857114024,0.9617344826,0.9952212781,1.977834896,-0.001868792741,1.660324704,0.1741665716,0.1308893358,0.9965361094,0.2099884918,9.189870952,4.01897912,1.294402942,-4.011601932,6,0.25,31,132.1290323,-0.9995710254,0.9996415377,0.1484107988,0.4274977672,0.5594955808,0.0322117627,0.8466738092
autocorrelation_length_px,afmv2_06e9a8457ab9,6058,1.5,0.1639490128,-1,0,0.6363111138,-0.9988006353,0.9991447926,0.1340083371,0.6363110928,0.6363110928,0.5586363469,1.997945428,-0.9748315227,-0.9028365642,0.1958830953,0.9751893133,0.9942149818,1.969046504,-0.233645954,1.697923662,0.1660279674,0.1320232876,0.9967617212,0.1569520714,9.15718764,3.905276275,1.169608916,-4.09345116,6,0.25,29,141.2413793,-0.9988006353,0.9991447926,0.1390780435,0.4179951707,0.5774257744,0.02816836934,0.8996267662
autocorrelation_length_px,afmv2_06e9a8457ab9,6058,1.5,0.1639490128,-1,1,0.6264949441,-0.9974278212,0.9999223948,0.05514308963,0.6264949646,0.6264949646,0.5486140295,1.997350216,-0.9823647225,-0.9217636019,0.08819228411,0.9610068649,0.9971406311,1.979505354,-0.1027366639,1.696492714,0.158213355,0.1181474863,0.9972290733,0.1448297949,8.939229539,3.711376715,1.157167739,-4.083887466,7,0.25,29,141.2413793,-0.9974278212,0.9999223948,0.1363368585,0.38727563,0.5144897553,0.01746928107,0.8444339322
autocorrelation_length_px,afmv2_06e9a8457ab9,6058,1.5,14.8434782,0,0,0.6349385381,-0.9987686872,0.9995331764,0.08771264455,0.6349385339,0.6349385339,0.5585041197,1.998301864,-0.9759077489,-0.9134523511,0.1195275821,0.9678248823,0.9928679961,1.968775745,-0.1379050753,1.668232314,0.1618613225,0.1264834552,0.998011341,0.1168244869,9.10791937,3.878793292,1.216061193,-4.064772142,7,0.25,25,163.84,-0.9987686872,0.9995331764,0.1355677985,0.4054039227,0.5539210858,0.0078125,0.8777214375
autocorrelation_length_px,afmv2_06e9a8457ab9,6058,1.5,14.8434782,0,1,0.656755507,-0.9966708422,0.9985012412,0.08101752449,0.6567554848,0.6567554848,0.5847205196,1.995172083,-0.9836998701,-0.9296877742,0.1232632957,0.9699779242,0.9926229674,1.976322837,-0.1346598752,1.590071398,0.1569602025,0.1260754152,0.9977355604,0.1134772869,9.056773086,3.827291874,1.060629572,-4.156962497,7,0.25,28,146.2857143,-0.9966708422,0.9985012412,0.1281260325,0.4066874356,0.5211044611,0.015625,0.8872421163
autocorrelation_length_px,afmv2_06e9a8457ab9,6058,1.5,29.52300739,1,0,0.6357277632,-0.9918324947,0.9992392063,0.08923880681,0.6357277615,0.6357277615,0.5589177548,1.991071701,-0.9713223904,-0.9146410614,0.1256300509,0.9695496947,0.993769961,1.965092351,-0.1340424998,1.664874512,0.161504053,0.1289684647,0.9984845965,0.1053322131,9.153247314,4.025126814,1.194408675,-4.071763128,7,0.25,21,195.047619,-0.9918324947,0.9992392063,0.1318739366,0.4148101517,0.5655331654,0.015625,0.8819446253
autocorrelation_length_px,afmv2_06e9a8457ab9,6058,1.5,29.52300739,1,1,0.6457032561,-0.9977245927,0.9996865392,0.050139444,0.6457032697,0.6457032697,0.5685866778,1.997411132,-0.982427724,-0.935806942,0.08377321064,0.9593188137,0.992134611,1.974562335,-0.1064181275,1.640853437,0.1575491866,0.12473312,0.9991896512,0.0516709148,9.06503949,3.854821208,1.177075122,-4.096728651,7,0.25,27,151.7037037,-0.9977245927,0.9996865392,0.1323493373,0.3945414466,0.5595329551,0.02470529422,0.8596930578
autocorrelation_length_px,afmv2_06e9a8457ab9,6058,1.5,44.20253658,2,0,0.629445672,-0.9994679689,0.9997230768,0.1229213074,0.6294456482,0.6294456482,0.5523044399,1.999191046,-0.9843509686,-0.9077592254,0.1848326996,0.9700662702,0.9927029014,1.97705387,-0.2292071444,1.713240643,0.1681971882,0.1334146172,0.998487314,0.09730991093,9.112961349,3.910268103,1.185109165,-4.046745255,6,0.25,34,120.4705882,-0.9994679689,0.9997230768,0.1406143126,0.4293542055,0.5923154793,0.01746928107,0.8820898775
autocorrelation_length_px,afmv2_06e9a8457ab9,6058,1.5,44.20253658,2,1,0.6329393983,-0.9982538819,0.9995242357,0.130872631,0.6329394055,0.6329394055,0.5593340376,1.997778118,-0.9703000957,-0.8818233997,0.188682273,0.9757048547,0.9964448208,1.966744916,-0.2028324485,1.66275695,0.1616426546,0.1282529892,0.9990647091,0.02496151243,9.098362558,3.892944733,1.098740253,-4.14002776,7,0.25,26,157.5384615,-0.9982538819,0.9995242357,0.1342252461,0.4097516702,0.5675470176,0.0078125,0.8964355997
autocorrelation_length_px,afmv2_84343ccdd8fc,6058,1.5,-14.51558018,-2,0,0.6250540018,-0.9957731366,0.9999759793,0.1223829791,0.6250540161,0.6250540161,0.5511373028,1.995749116,-0.9568815362,-0.8730124593,0.1511344314,0.973098582,0.9972646612,1.954146197,-0.1481388933,1.667346859,0.1566812394,0.1249500278,0.9979199708,0.09377655285,9.013069742,3.801879372,1.165010857,-4.077827245,7,0.25,34,120.4705882,-0.9957731366,0.9999759793,0.128850373,0.4045436823,0.5445648959,0.01104854346,0.8958307337
autocorrelation_length_px,afmv2_84343ccdd8fc,6058,1.5,-14.51558018,-2,1,0.6336892247,-0.9944424629,0.9991125464,0.04458290733,0.6336892096,0.6336892096,0.5613001857,1.993555009,-0.9770400494,-0.9215567768,0.07247053832,0.9635444582,0.99443295,1.971472999,-0.06925817285,1.638305241,0.1631479995,0.1260882112,0.9955723567,0.2159261536,9.072691814,3.881253946,1.247553848,-4.026953628,7,0.25,32,128,-0.9944424629,0.9991125464,0.1363124372,0.4057256282,0.5536981202,0.01746928107,0.8445336522
autocorrelation_length_px,afmv2_84343ccdd8fc,6058,1.5,0.1639490128,-1,0,0.6356863976,-0.9958851337,0.9998042583,0.07465566362,0.6356864212,0.6356864212,0.5604286203,1.995689392,-0.9752483457,-0.9102957785,0.1173775122,0.968930462,0.9961786675,1.971427013,-0.11212366,1.649249948,0.1676498007,0.1333779133,0.9985085987,0.0188997614,9.143625059,3.984463809,1.209928016,-4.055013077,6,0.25,28,146.2857143,-0.9958851337,0.9998042583,0.1372788853,0.4258388294,0.5854513203,0.015625,0.8706546898
autocorrelation_length_px,afmv2_84343ccdd8fc,6058,1.5,0.1639490128,-1,1,0.6297956109,-0.9984933734,0.9999155402,0.03931817333,0.6297956331,0.6297956331,0.5521710851,1.998408914,-0.9827717507,-0.9204439521,0.03111706674,0.974530375,0.9949778301,1.977749581,-0.002814233319,1.68292817,0.1590669279,0.1238359235,0.9978073156,0.107626353,9.026958139,3.7988908,1.187840511,-4.062557836,7,0.25,25,163.84,-0.9984933734,0.9999155402,0.1343753742,0.3979127264,0.5359041309,0.02209708691,0.8584422676
autocorrelation_length_px,afmv2_84343ccdd8fc,6058,1.5,14.8434782,0,0,0.6123837233,-0.9985415339,0.9999321103,0.1651184569,0.6123837295,0.6123837295,0.5371690505,1.998473644,-0.9707314378,-0.8576613307,0.2063633278,0.97556144,0.9950197041,1.965751142,-0.2310468734,1.751364609,0.1631990705,0.1272087651,0.9975815675,0.1494840533,9.10125931,3.879120777,1.252761786,-4.021060522,6,0.25,28,146.2857143,-0.9985415339,0.9999321103,0.1367614871,0.4102767289,0.5613541059,0.01746928107,0.9066877736
autocorrelation_length_px,afmv2_84343ccdd8fc,6058,1.5,14.8434782,0,1,0.6268321872,-0.9977211356,0.9993163347,0.09641392807,0.6268322173,0.6268322173,0.5533476709,1.99703747,-0.9789156759,-0.8847775817,0.1149040088,0.9730835199,0.9946820039,1.97359768,-0.1008937721,1.663829388,0.1660257309,0.132673769,0.9989810245,0.060083977,9.103909082,3.966906861,1.288817497,-3.954604317,6,0.25,29,141.2413793,-0.9977211356,0.9993163347,0.1347667056,0.4264394103,0.5670566504,0.0390625,0.8859775976
autocorrelation_length_px,afmv2_84343ccdd8fc,6058,1.5,29.52300739,1,0,0.6232892275,-0.9964911342,0.9996455312,0.1671419778,0.6232892126,0.6232892126,0.5487982083,1.996136665,-0.9687395895,-0.869764933,0.2553453892,0.9757106155,0.9970676404,1.96580723,-0.2955551116,1.734772656,0.1606264401,0.1270359569,0.9976469033,0.08049930805,9.024928303,3.776481413,1.115271938,-4.110552182,7,0.25,34,120.4705882,-0.9964911342,0.9996455312,0.1327804418,0.4075992679,0.5492719638,0.02209708691,0.8992670556
autocorrelation_length_px,afmv2_84343ccdd8fc,6058,1.5,29.52300739,1,1,0.6301908493,-0.9998663664,0.9996916056,0.05827690501,0.630190858,0.630190858,0.5546673664,1.999557972,-0.9806568909,-0.9193522006,0.09523201361,0.960469982,0.9956105936,1.976267484,-0.09993473408,1.665407252,0.1687694524,0.129003709,0.9971801802,0.137174616,9.100669141,3.925519185,1.241443999,-4.018945567,6,0.25,30,136.5333333,-0.9998663664,0.9996916056,0.1427717867,0.4223747153,0.5562066139,0.03314563037,0.8509869442
autocorrelation_length_px,afmv2_84343ccdd8fc,6058,1.5,44.20253658,2,0,0.6417336464,-0.9981927276,0.9989079833,0.0001446403559,0.6417336397,0.6417336397,0.5676298738,1.997100711,-0.9825861752,-0.9340364933,-0.008881674614,0.9487478197,0.9884015518,1.970987727,0.01358187617,1.616970019,0.1667714205,0.129634323,0.9975415791,0.1438641467,9.137657775,3.950507541,1.232127364,-4.053899029,7,0.25,24,170.6666667,-0.9981927276,0.9989079833,0.1409073036,0.4242868708,0.5648955982,0.01746928107,0.8311388305
autocorrelation_length_px,afmv2_84343ccdd8fc,6058,1.5,44.20253658,2,1,0.6295636296,-0.9995310307,0.9999429584,0.03871497597,0.6295636484,0.6295636484,0.5517262338,1.999473989,-0.9857076383,-0.9289972544,0.03756063804,0.9622314006,0.9948222274,1.980529866,-0.03709191719,1.685571144,0.1642168065,0.1271722899,0.9965058151,0.08348485618,9.097271827,3.894279416,1.141167297,-4.098481342,7,0.25,32,128,-0.9995310307,0.9999429584,0.137714512,0.4140231048,0.5513549648,0.01746928107,0.8495421777
gradient_anisotropy,afmv2_06e9a8457ab9,6058,0.0,-0.03772445023,-2,0,0.6348454952,-0.9974164367,0.999484241,0.07330372702,0.6348455103,0.6348455103,0.555273512,1.996900678,-0.9760424125,-0.9236842096,0.0991679728,0.966900152,0.9937065405,1.969748953,-0.1234576077,1.68663288,0.1694944187,0.1298206534,0.9985432184,0.05639427144,9.127218975,4.00901717,1.268924782,-4.005864263,6,0.25,33,124.1212121,-0.9974164367,0.999484241,0.1456017202,0.4179429078,0.5559716706,0.02209708691,0.8694101248
gradient_anisotropy,afmv2_06e9a8457ab9,6058,0.0,-0.03772445023,-2,1,0.6298910379,-0.9995898604,0.9982852936,-0.01493866168,0.6298910216,0.6298910216,0.5515856924,1.997875154,-0.9900916851,-0.9458974838,-0.02425095905,0.9357333988,0.9892490882,1.979340773,0.02912251352,1.673486986,0.1643303928,0.1260566746,0.9988845144,0.1136728621,9.110650056,3.931949334,1.30087681,-4.018257475,7,0.25,32,128,-0.9995898604,0.9982852936,0.1384746066,0.4061007432,0.5487736912,0.01746928107,0.8085949506
gradient_anisotropy,afmv2_06e9a8457ab9,6058,0.0,0.07084967196,-1,0,0.6239305139,-0.9996474981,0.9995926023,0.07225450954,0.623930536,0.623930536,0.5464417599,1.9992401,-0.9856952137,-0.9201850355,0.1062623113,0.9615182161,0.9939955562,1.97969077,-0.1301322696,1.704103576,0.1686994825,0.1275247467,0.9977782942,0.09544480004,9.189261353,4.169145167,1.405520832,-3.930619381,6,0.25,32,128,-0.9996474981,0.9995926023,0.1453386254,0.4094902346,0.556091388,0.01746928107,0.8517826645
gradient_anisotropy,afmv2_06e9a8457ab9,6058,0.0,0.07084967196,-1,1,0.6249663234,-0.9977594614,0.9998125434,0.07641615338,0.6249662925,0.6249662925,0.5458537559,1.997572005,-0.9890296686,-0.9323088795,0.1157962568,0.9545584053,0.9942950451,1.983324714,-0.1528515428,1.724293577,0.1743084731,0.1340713739,0.9988609996,0.0550407179,9.158337608,3.978831874,1.277579321,-4.022003841,6,0.25,34,120.4705882,-0.9977594614,0.9998125434,0.1473403614,0.4314045845,0.5790431228,0.02816836934,0.854697797
gradient_anisotropy,afmv2_06e9a8457ab9,6058,0.0,0.1794237942,0,0,0.6241340637,-0.9924163818,0.9997045994,0.1606659568,0.6241340482,0.6241340482,0.5507516834,1.992120981,-0.9637571859,-0.8805269539,0.2461486757,0.9746273488,0.9950551516,1.958812338,-0.2620105507,1.715192794,0.161948256,0.1266790334,0.9992257423,0.04191573303,9.08010187,3.889896722,1.247817388,-4.034033225,6,0.25,30,136.5333333,-0.9924163818,0.9997045994,0.1356739143,0.41028076,0.5465966926,0.0078125,0.9039615169
gradient_anisotropy,afmv2_06e9a8457ab9,6058,0.0,0.1794237942,0,1,0.6325070262,-0.9973115325,0.9974956512,-0.01337681504,0.632507025,0.632507025,0.5579024285,1.994807184,-0.9796782386,-0.934556517,-0.03932981752,0.9384885043,0.9832408279,1.962919067,0.048903784,1.63841073,0.177802854,0.1355142785,0.9990518062,0.08920911717,9.157199373,4.036317699,1.333744509,-3.937252757,6,0.25,41,99.90243902,-0.9973115325,0.9974956512,0.1479106878,0.4459310925,0.5861564984,0.02816836934,0.8147147618
gradient_anisotropy,afmv2_06e9a8457ab9,6058,0.0,0.2879979163,1,0,0.6435427666,-0.9963359833,0.9993215203,0.008188590865,0.6435427876,0.6435427876,0.5710107618,1.995657504,-0.985957129,-0.9460828871,0.009892818052,0.9506673604,0.9900383621,1.975995491,-0.00890934734,1.612401913,0.1672107586,0.1303910907,0.9979654773,0.07995182862,9.142245958,3.889641155,1.157570834,-4.099715549,6,0.25,33,124.1212121,-0.9963359833,0.9993215203,0.1388578339,0.4244686009,0.5621608649,0.02209708691,0.8337631113
gradient_anisotropy,afmv2_06e9a8457ab9,6058,0.0,0.2879979163,1,1,0.6319451928,-0.9985356331,0.9993889332,0.03685063315,0.6319452083,0.6319452083,0.5565703763,1.997924566,-0.9855988729,-0.9296628654,0.03059219196,0.9571326256,0.9927994555,1.978398328,-0.028871843,1.654952498,0.174200563,0.1341354324,0.9985643155,0.05343735575,9.179927082,3.968417525,1.271901458,-4.034291698,6,0.25,30,136.5333333,-0.9985356331,0.9993889332,0.1469986304,0.4364067904,0.5809145398,0.015625,0.8485665833
gradient_anisotropy,afmv2_06e9a8457ab9,6058,0.0,0.3965720385,2,0,0.6236460209,-0.9962115884,0.9994786382,0.07796026467,0.6236460067,0.6236460067,0.5477729042,1.995690227,-0.964904421,-0.8961122572,0.08904158324,0.9688544005,0.9953428864,1.960247307,-0.07921458522,1.676023133,0.1658489505,0.126074921,0.9984505199,0.0305048612,9.095795722,4.023237025,1.246970357,-4.015791495,6,0.25,30,136.5333333,-0.9962115884,0.9994786382,0.141274698,0.4119197465,0.557750105,0.02470529422,0.8694940665
gradient_anisotropy,afmv2_06e9a8457ab9,6058,0.0,0.3965720385,2,1,0.6409868002,-0.9968887568,0.9990998507,0.01338875227,0.6409868087,0.6409868087,0.5673778685,1.995988607,-0.982208842,-0.9246786296,-0.004203385906,0.9598425299,0.9918711001,1.974079942,0.01866873684,1.619287713,0.1680622963,0.1332705327,0.9983761123,0.02648598456,9.164493278,3.994433169,1.218832917,-4.05907439,6,0.25,27,151.7037037,-0.9968887568,0.9990998507,0.1386088982,0.4270110627,0.5823600793,0.02470529422,0.8451843034
gradient_anisotropy,afmv2_84343ccdd8fc,6058,0.0,-0.03772445023,-2,0,0.6345133185,-0.9989910126,0.9994089007,0.01474211908,0.6345133073,0.6345133073,0.5600528502,1.998399913,-0.9764666075,-0.9245964229,0.01231640717,0.954923588,0.9912636185,1.967730226,-0.0006697391755,1.6372427,0.1691661928,0.1332372283,0.9991731166,0.05509170618,9.216806648,4.085641426,1.343042297,-3.989334796,6,0.25,31,132.1290323,-0.9989910126,0.9994089007,0.1397486478,0.430186558,0.5871111549,0.02470529422,0.8349888135
gradient_anisotropy,afmv2_84343ccdd8fc,6058,0.0,-0.03772445023,-2,1,0.6407624483,-0.9992344975,0.9971139431,-0.008801443025,0.6407624605,0.6407624605,0.5662258357,1.996348441,-0.989594717,-0.9479785591,-0.02922762837,0.9497260362,0.9882383204,1.977833037,0.03063662582,1.634825469,0.1619992175,0.1257480397,0.9982736438,0.07644285849,9.10646809,4.001170245,1.156020975,-4.094929177,7,0.25,27,151.7037037,-0.9992344975,0.9971139431,0.1350174654,0.4012918017,0.538371051,0.015625,0.8266000724
gradient_anisotropy,afmv2_84343ccdd8fc,6058,0.0,0.07084967196,-1,0,0.6414316297,-0.9962353706,0.9997633696,0.08149386326,0.6414316091,0.6414316091,0.5654410516,1.99599874,-0.9754524243,-0.914982149,0.09842376411,0.9699769914,0.9926385242,1.968090948,-0.1061239288,1.644808066,0.1481498423,0.1167199215,0.9985221748,0.04257993331,9.005531601,3.880736232,1.098914008,-4.132635845,8,0.25,19,215.5789474,-0.9962353706,0.9997633696,0.1234501854,0.374212118,0.5064268827,0.015625,0.8865187604
gradient_anisotropy,afmv2_84343ccdd8fc,6058,0.0,0.07084967196,-1,1,0.6306735873,-0.9989353418,0.9997497201,0.0263606034,0.6306736137,0.6306736137,0.5543628367,1.998685062,-0.9843253887,-0.925572446,0.02615042124,0.9581880659,0.9958288014,1.98015419,-0.01257707561,1.662197263,0.1683233292,0.1295559446,0.9981962675,0.03689097882,9.126440955,3.964846839,1.305985075,-4.010083117,6,0.25,29,141.2413793,-0.9989353418,0.9997497201,0.1427843896,0.4191577427,0.560675508,0.0078125,0.8413028734
gradient_anisotropy,afmv2_84343ccdd8fc,6058,0.0,0.1794237942,0,0,0.635886848,-0.9933971763,0.9999244213,0.01933796229,0.6358868257,0.6358868257,0.5572999701,1.993321598,-0.9776949602,-0.9188854188,0.0007144667179,0.9695209533,0.997336753,1.975031713,0.04151873665,1.666189631,0.1594524605,0.1224158467,0.9974920659,0.158327651,8.997340747,3.77580529,1.124108346,-4.070663267,7,0.25,31,132.1290323,-0.9933971763,0.9999244213,0.1372014061,0.3947126031,0.5325113042,0.01746928107,0.8582590739
gradient_anisotropy,afmv2_84343ccdd8fc,6058,0.0,0.1794237942,0,1,0.6337516904,-0.9969378114,0.9988678694,0.09947299174,0.6337516836,0.6337516836,0.5590864789,1.995805681,-0.9760793191,-0.9133963615,0.1332309991,0.9637358844,0.990075205,1.966154524,-0.158821712,1.672128527,0.1670018917,0.1336769411,0.9977212449,0.1550434398,9.204383394,4.047299667,1.258776215,-4.041321318,6,0.25,31,132.1290323,-0.9969378114,0.9988678694,0.135746456,0.4301409087,0.5848521016,0.02209708691,0.8803555773
gradient_anisotropy,afmv2_84343ccdd8fc,6058,0.0,0.2879979163,1,0,0.6347173452,-0.9981784225,0.9997558594,0.09941018061,0.6347173452,0.6347173452,0.5603180251,1.997934282,-0.9610490799,-0.8952683121,0.1304183975,0.9741755068,0.9967367631,1.957785843,-0.1342162411,1.647870402,0.1606035464,0.1277743435,0.9976828652,0.1481476331,9.12681494,3.939441397,1.273161093,-4.031106535,7,0.25,26,157.5384615,-0.9981784225,0.9997558594,0.1327161475,0.4085789788,0.5520571922,0.0078125,0.886772778
gradient_anisotropy,afmv2_84343ccdd8fc,6058,0.0,0.2879979163,1,1,0.6313965321,-0.9971431494,0.9988465905,0.06405055807,0.6313965185,0.6313965185,0.5564624029,1.99598974,-0.9824248457,-0.9135539293,0.07337871939,0.963120538,0.992104615,1.974529461,-0.07551222552,1.661982562,0.1720964467,0.1320208157,0.9980880054,0.1493208187,9.144522186,3.941367865,1.33843566,-3.990752931,6,0.25,33,124.1212121,-0.9971431494,0.9988465905,0.1454501017,0.4317668036,0.5687164527,0.0078125,0.8647405276
gradient_anisotropy,afmv2_84343ccdd8fc,6058,0.0,0.3965720385,2,0,0.6192755699,-0.997174859,0.9997547269,0.113813017,0.6192755554,0.6192755554,0.541467856,1.996929586,-0.9793801266,-0.9010160267,0.1559281051,0.9737314433,0.9946289974,1.974009124,-0.1758866528,1.740151682,0.1639352758,0.1258324277,0.9974842526,0.1877007241,9.123831418,4.017768109,1.224936429,-4.047809036,6,0.25,33,124.1212121,-0.997174859,0.9997547269,0.139868245,0.4114548419,0.5524851353,0.01104854346,0.8804127952
gradient_anisotropy,afmv2_84343ccdd8fc,6058,0.0,0.3965720385,2,1,0.6407192945,-0.9989014268,0.9997096062,0.02725284623,0.6407192529,0.6407192529,0.5679423511,1.998611033,-0.9895655906,-0.943132183,0.0689128302,0.9444661081,0.9911023957,1.980667986,-0.07759845636,1.622063773,0.161323386,0.1243749075,0.9987984237,0.05751811483,9.07535518,3.777002116,1.156547784,-4.1030205,7,0.25,30,136.5333333,-0.9989014268,0.9997096062,0.1348523702,0.4021314046,0.5262945887,0.015625,0.8332909279
gradient_anisotropy,afmv2_06e9a8457ab9,6058,1.5,-0.03772445023,-2,0,0.633821249,-0.9992207885,0.9984565377,0.1318253062,0.633821287,0.633821287,0.5566526712,1.997677326,-0.9826795167,-0.9228866875,0.2195200697,0.9627920091,0.9907458323,1.973425349,-0.2754025295,1.724096741,0.1596940052,0.1277842899,0.9982771173,0.02479776846,9.111621063,3.911324762,1.144779865,-4.112694934,7,0.25,24,170.6666667,-0.9992207885,0.9984565377,0.1310715248,0.4100600722,0.5541351303,0.0078125,0.8848059983
gradient_anisotropy,afmv2_06e9a8457ab9,6058,1.5,-0.03772445023,-2,1,0.6202585101,-0.9993626475,0.9998321533,0.03085364316,0.6202585059,0.6202585059,0.5467173415,1.999194801,-0.9735188389,-0.900696674,0.03003974818,0.9585098267,0.9945909876,1.968109826,-0.005839448497,1.666515655,0.1652870528,0.1220499929,0.9974736991,0.1453104822,9.085931205,4.011062194,1.311066701,-3.987473509,7,0.25,37,110.7027027,-0.9993626475,0.9998321533,0.1421721328,0.3962161128,0.534638386,0.0078125,0.8320492497
gradient_anisotropy,afmv2_06e9a8457ab9,6058,1.5,0.07084967196,-1,0,0.633594811,-0.9969787002,0.9984710813,0.02320640985,0.6335948242,0.6335948242,0.5581854336,1.995449781,-0.9873364705,-0.9448915154,0.05732558109,0.9357794046,0.9854465735,1.972783044,-0.07791226559,1.648953546,0.1698312246,0.1301785791,0.9978751772,0.1585115512,9.137692202,3.946302329,1.322646263,-3.997911339,6,0.25,34,120.4705882,-0.9969787002,0.9984710813,0.1429050071,0.42242343,0.5739160322,0.01746928107,0.8231385589
gradient_anisotropy,afmv2_06e9a8457ab9,6058,1.5,0.07084967196,-1,1,0.6193060875,-0.9825452566,0.99985677,0.1303648124,0.6193060676,0.6193060676,0.5448058701,1.982402027,-0.947916438,-0.8627596349,0.1744646728,0.9758435398,0.9976454449,1.945561883,-0.1788862915,1.690750346,0.1634893654,0.1256610311,0.9990138272,0.1041275294,9.069430551,3.941418539,1.240792121,-4.016781409,6,0.25,35,117.0285714,-0.9825452566,0.99985677,0.1367869947,0.4053190033,0.5349657959,0.02209708691,0.8905374659
gradient_anisotropy,afmv2_06e9a8457ab9,6058,1.5,0.1794237942,0,0,0.6292383671,-0.9984233379,0.9988276362,0.0816332622,0.6292383804,0.6292383804,0.551395819,1.997250974,-0.9842277217,-0.9162574619,0.1134499535,0.9657808572,0.9917034346,1.975931156,-0.1377966128,1.694714594,0.1620483521,0.126392657,0.9983078855,0.07001739356,9.11118237,3.976141284,1.262239959,-4.021353537,7,0.25,34,120.4705882,-0.9984233379,0.9988276362,0.1368670695,0.4087366793,0.5483821411,0.01746928107,0.8669813902
gradient_anisotropy,afmv2_06e9a8457ab9,6058,1.5,0.1794237942,0,1,0.6247666478,-0.9976143241,0.9984491467,0.02036215625,0.6247666481,0.6247666481,0.5460875732,1.996063471,-0.9881673878,-0.9415696502,0.02537365258,0.954393664,0.9893593079,1.977526696,-0.03484946134,1.708708018,0.1696773409,0.1277794149,0.9977296174,0.0990958573,9.16734329,4.033271935,1.287919128,-4.009272615,6,0.25,35,117.0285714,-0.9976143241,0.9984491467,0.1464022098,0.4118575643,0.5452826977,0.01746928107,0.824205012
gradient_anisotropy,afmv2_06e9a8457ab9,6058,1.5,0.2879979163,1,0,0.6262485385,-0.9962028861,0.9996637702,0.03457928785,0.6262485643,0.6262485643,0.549543235,1.995866656,-0.9791383827,-0.9291570574,0.05527133495,0.9583100796,0.9947145873,1.97385297,-0.06171631274,1.683133872,0.1714208402,0.1351369362,0.99883178,0.1011370738,9.189349842,4.048190713,1.355818459,-3.96720288,6,0.25,40,102.4,-0.9962028861,0.9996637702,0.1410450178,0.4426428835,0.5881617238,0.015625,0.8310231469
gradient_anisotropy,afmv2_06e9a8457ab9,6058,1.5,0.2879979163,1,1,0.6325718164,-0.9945119619,0.9991593957,0.05637104942,0.6325717865,0.6325717865,0.5577557157,1.993671358,-0.9786203527,-0.9267689556,0.0845489651,0.9599630654,0.9921140581,1.970734411,-0.08959786452,1.660625816,0.1645638944,0.1297343357,0.9980054593,0.103027795,9.136577305,3.998294296,1.272622858,-4.026721702,7,0.25,32,128,-0.9945119619,0.9991593957,0.1346106157,0.4223023877,0.5578346287,0.0078125,0.8538963184
gradient_anisotropy,afmv2_06e9a8457ab9,6058,1.5,0.3965720385,2,0,0.6491738558,-0.9960876703,0.9982386827,0.05748640813,0.6491738649,0.6491738649,0.575808056,1.994326353,-0.9782114691,-0.9220709443,0.07062567025,0.9639937103,0.9927151155,1.970926585,-0.0761638297,1.601935645,0.1650738564,0.1298831807,0.9971257148,0.09524431032,9.145077703,3.904763038,1.282235347,-4.05433611,7,0.25,33,124.1212121,-0.9960876703,0.9982386827,0.1367167058,0.4121505634,0.5539339901,0.01104854346,0.874046996
gradient_anisotropy,afmv2_06e9a8457ab9,6058,1.5,0.3965720385,2,1,0.6177190542,-0.9908032417,0.9995244145,0.1634057961,0.6177190853,0.6177190853,0.5461599555,1.990327656,-0.9495205003,-0.8399339616,0.2318586186,0.9804460555,0.9971217871,1.946642287,-0.2231069978,1.690754363,0.1607131974,0.1268572658,0.9971152429,0.1166388467,9.066272913,3.840114522,1.141829901,-4.093821147,7,0.25,30,136.5333333,-0.9908032417,0.9995244145,0.134739143,0.4046433917,0.5434979596,0.0078125,0.9082386815
gradient_anisotropy,afmv2_84343ccdd8fc,6058,1.5,-0.03772445023,-2,0,0.6321157217,-0.9990869164,0.999719739,0.03378680987,0.6321157217,0.6321157217,0.5554046676,1.998806655,-0.9807349902,-0.9301398754,0.03363559209,0.9568781227,0.9931818604,1.973916851,-0.03780574041,1.663888661,0.162123108,0.126300147,0.9964109896,0.1483523268,9.109626275,3.944563399,1.216450045,-4.05559751,7,0.25,29,141.2413793,-0.9990869164,0.999719739,0.1370632162,0.4058781769,0.5541109537,0.02209708691,0.8450324689
gradient_anisotropy,afmv2_84343ccdd8fc,6058,1.5,-0.03772445023,-2,1,0.6258131862,-0.9944452047,0.9997993112,0.1333899746,0.6258131802,0.6258131802,0.5515133162,1.994244516,-0.9712870324,-0.8918451786,0.1884455532,0.9732579559,0.9967918396,1.968078872,-0.2161860519,1.700413943,0.1753770625,0.1337737841,0.9990476651,0.01817199648,9.225006325,3.999046366,1.27081207,-4.03482742,6,0.25,34,120.4705882,-0.9944452047,0.9997993112,0.1474007289,0.4350983979,0.5705443117,0.01746928107,0.890234682
gradient_anisotropy,afmv2_84343ccdd8fc,6058,1.5,0.07084967196,-1,0,0.6356594563,-0.9903837442,0.9994930029,0.05930277802,0.6356594313,0.6356594313,0.5599251005,1.989876747,-0.9750427914,-0.9205381125,0.06512204185,0.9717440546,0.9961896199,1.971232411,-0.07198897842,1.659267922,0.1579527615,0.1256383518,0.9988742182,0.06238256554,9.089421472,3.897732632,1.21434076,-4.059041873,7,0.25,33,124.1212121,-0.9903837442,0.9994930029,0.130844257,0.4017733025,0.5590570758,0.0078125,0.8649766092
gradient_anisotropy,afmv2_84343ccdd8fc,6058,1.5,0.07084967196,-1,1,0.6315677166,-0.9951270819,0.9988132119,0.04093936145,0.6315677404,0.6315677404,0.5587486032,1.993940294,-0.9770442408,-0.9193103015,0.04393208958,0.9605756372,0.9914975172,1.968541758,-0.04189917226,1.638546612,0.1748578277,0.1343448168,0.9959723283,0.1414244071,9.191437427,4.102184079,1.289773008,-3.990010712,6,0.25,38,107.7894737,-0.9951270819,0.9988132119,0.1461694886,0.4389418036,0.5921394439,0.0390625,0.8456707557
gradient_anisotropy,afmv2_84343ccdd8fc,6058,1.5,0.1794237942,0,0,0.6241104007,-0.9941369295,0.9999553561,0.08124919514,0.6241104207,0.6241104207,0.5480914398,1.994092286,-0.9781374359,-0.9130888611,0.1169788539,0.9750498146,0.9977368516,1.975874287,-0.1154272446,1.70037527,0.1570681067,0.1190946324,0.9966749927,0.1703028854,9.037214179,3.808274247,1.175484327,-4.080985365,7,0.25,31,132.1290323,-0.9941369295,0.9999553561,0.1349022828,0.3833584943,0.5079415492,0.01104854346,0.86417492
gradient_anisotropy,afmv2_84343ccdd8fc,6058,1.5,0.1794237942,0,1,0.6345597506,-0.9992494583,0.9998218417,0.07716512365,0.6345597775,0.6345597775,0.558945293,1.9990713,-0.9863801885,-0.920822075,0.1162981801,0.9677263647,0.9955049205,1.981885109,-0.1274043182,1.669249444,0.1607364124,0.1275447787,0.9978881109,0.1268883119,9.065237279,3.801715302,1.182799418,-4.084162005,7,0.25,29,141.2413793,-0.9992494583,0.9998218417,0.131504039,0.4103872525,0.546104898,0.0078125,0.8686278508
gradient_anisotropy,afmv2_84343ccdd8fc,6058,1.5,0.2879979163,1,0,0.6342135668,-0.997698307,0.9992601275,0.05016487966,0.6342135676,0.6342135676,0.557899863,1.996958435,-0.9864108622,-0.9273281634,0.09780732915,0.9493386835,0.9906224823,1.977033345,-0.1174319603,1.659284781,0.1678187625,0.1246740291,0.9985222311,0.03590590097,9.069037589,3.922276375,1.266081358,-4.011289184,7,0.25,39,105.025641,-0.997698307,0.9992601275,0.1450239539,0.4062717012,0.5278497863,0.01746928107,0.8420092007
gradient_anisotropy,afmv2_84343ccdd8fc,6058,1.5,0.2879979163,1,1,0.6367091537,-0.9966488481,0.9998276234,0.09742705295,0.6367091684,0.6367091684,0.564243057,1.996476471,-0.9658543748,-0.8935372323,0.1228878312,0.9730746269,0.9935156167,1.959369991,-0.1216246537,1.627790396,0.1631325544,0.1275992267,0.9977851228,0.095478329,9.097937388,3.923559126,1.24939745,-4.035170786,7,0.25,26,157.5384615,-0.9966488481,0.9998276234,0.1340358683,0.4134588983,0.5466453496,0.015625,0.8875020284
gradient_anisotropy,afmv2_84343ccdd8fc,6058,1.5,0.3965720385,2,0,0.6226897836,-0.9988198876,0.999810338,0.1155591749,0.6226897873,0.6226897873,0.5468686065,1.998630226,-0.9817561263,-0.90308038,0.1647624597,0.9685375303,0.9947608531,1.976516979,-0.1989205681,1.71591023,0.162060726,0.1247968364,0.9993332731,0.06128828533,9.068266686,3.865327499,1.20416795,-4.057368303,7,0.25,32,128,-0.9988198876,0.999810338,0.1372841987,0.4036142008,0.5389599808,0.03314563037,0.8754690957
gradient_anisotropy,afmv2_84343ccdd8fc,6058,1.5,0.3965720385,2,1,0.6277312636,-0.9988163114,0.9994236231,0.08174142048,0.6277312934,0.6277312934,0.5500724353,1.998239934,-0.9854974365,-0.9199583501,0.1199909151,0.9588328004,0.9937647587,1.979262195,-0.150465396,1.696502231,0.1664379824,0.1329281099,0.9982343253,0.1365027051,9.172040906,4.006758571,1.418945937,-3.955154739,6,0.25,37,110.7027027,-0.9988163114,0.9994236231,0.1359841301,0.4262001108,0.5734764338,0.0078125,0.8605475353
island_count,afmv2_06e9a8457ab9,6058,0.0,-111.4570465,-2,0,0.6233221292,-0.9987200499,0.9995686412,-0.003120499735,0.6233221439,0.6233221439,0.544724054,1.998288691,-0.9900667101,-0.9443565905,0.002134102862,0.9364032865,0.9858317381,1.975898448,-0.009877247323,1.701128474,0.1664964833,0.1245856816,0.9981708625,0.1383921327,9.085997139,3.993561552,1.325683967,-3.96174825,6,0.25,40,102.4,-0.9987200499,0.9995686412,0.1435321745,0.40305021,0.5307159107,0.02209708691,0.8038215562
island_count,afmv2_06e9a8457ab9,6058,0.0,-111.4570465,-2,1,0.6312468052,-0.9976252913,0.9997761846,0.07536714224,0.6312468372,0.6312468372,0.5532416945,1.997401476,-0.9802418846,-0.922224614,0.1114730872,0.9621408343,0.9954234558,1.97566534,-0.1238375654,1.68366417,0.1750719718,0.1353114179,0.9982341666,0.1001222319,9.185404613,4.039625812,1.236634991,-4.049989773,6,0.25,29,141.2413793,-0.9976252913,0.9997761846,0.1488585481,0.4371787974,0.574440184,0.01104854346,0.8668535128
island_count,afmv2_06e9a8457ab9,6058,0.0,-0.3763504028,-1,0,0.6230399609,-0.9954202175,0.9989172816,0.1106204748,0.6230399794,0.6230399794,0.5442012426,1.994337499,-0.9823879117,-0.9320723087,0.1693301499,0.9604348034,0.9909974629,1.973385375,-0.2411961365,1.761617156,0.165311844,0.1305871097,0.9983653211,0.09915836922,9.15710794,4.054281953,1.33160412,-3.969896835,6,0.25,30,136.5333333,-0.9954202175,0.9989172816,0.1360436681,0.4222359145,0.5716651177,0.02470529422,0.8630479833
island_count,afmv2_06e9a8457ab9,6058,0.0,-0.3763504028,-1,1,0.6250585914,-0.9997178316,0.9991649389,0.002072408963,0.6250585731,0.6250585731,0.546452867,1.998882771,-0.9888781369,-0.9380649358,-0.003987339558,0.9520981133,0.9904932225,1.979371359,0.02856473981,1.696167845,0.1649026085,0.1248895693,0.9985526953,0.09686275422,9.153837206,3.990873063,1.248498418,-4.039996853,7,0.25,32,128,-0.9997178316,0.9991649389,0.1405310831,0.4017757446,0.5442579897,0.01104854346,0.8218668926
island_count,afmv2_06e9a8457ab9,6058,0.0,110.7043457,0,0,0.6375603676,-0.998840034,0.9996635914,-0.01008917554,0.6375603693,0.6375603693,0.5621064492,1.998503625,-0.9843842351,-0.9382807761,-0.02843524236,0.9447830528,0.9880258822,1.972410117,0.04615841765,1.639046898,0.1638493625,0.1250263812,0.9974516674,0.1005980776,9.074406206,3.831508175,1.279744977,-4.043238137,7,0.25,26,157.5384615,-0.998840034,0.9996635914,0.1372249814,0.4089642104,0.5291719543,0.01104854346,0.8259078444
island_count,afmv2_06e9a8457ab9,6058,0.0,110.7043457,0,1,0.6293281317,-0.9996378422,0.9993075132,0.02996924183,0.6293281517,0.6293281517,0.5531373844,1.998945355,-0.9891389996,-0.9355618984,0.04573295638,0.9487719715,0.9899227124,1.979061712,-0.04744720918,1.663649688,0.1665521434,0.1331175786,0.9984273936,0.09403011273,9.199423315,4.040351726,1.323614313,-3.998281125,6,0.25,33,124.1212121,-0.9996378422,0.9993075132,0.1379287599,0.4311492442,0.5878147443,0.01746928107,0.8341004882
island_count,afmv2_06e9a8457ab9,6058,0.0,221.7850418,1,0,0.6385886669,-0.9988472462,0.9994827509,-0.002366005804,0.6385886857,0.6385886857,0.5662561262,1.998329997,-0.9893374079,-0.9525959074,0.004472067347,0.9331946373,0.9876445931,1.976982001,-0.0141927438,1.623453119,0.1563257433,0.1219120246,0.9985641457,0.0822093986,9.045596945,3.902442182,1.248180716,-4.048113791,7,0.25,34,120.4705882,-0.9988472462,0.9994827509,0.129583745,0.3963690937,0.5319674643,0.02470529422,0.816546246
island_count,afmv2_06e9a8457ab9,6058,0.0,221.7850418,1,1,0.6419101357,-0.9985454679,0.9996694922,0.01413614002,0.6419101423,0.6419101423,0.570305111,1.99821496,-0.9808482409,-0.919990617,0.006404281594,0.9553683877,0.9943598336,1.975208074,0.01329158953,1.598885692,0.1655591781,0.1294561977,0.9984746197,0.07745296046,9.151250422,3.938063703,1.2356711,-4.056975368,7,0.25,30,136.5333333,-0.9985454679,0.9996694922,0.1368797195,0.4184831731,0.569708436,0.01746928107,0.8429812707
island_count,afmv2_06e9a8457ab9,6058,0.0,332.8657379,2,0,0.6391237378,-0.9990628958,0.9979515672,-0.08085104273,0.6391237752,0.6391237752,0.5644316595,1.997014463,-0.9881728816,-0.9483713388,-0.1442535445,0.9382074714,0.9869313121,1.975104194,0.1906458757,1.660225424,0.1549932242,0.1263236602,0.9986967265,0.09868902262,9.016684667,3.831181545,1.121035966,-4.088671403,7,0.25,29,141.2413793,-0.9990628958,0.9979515672,0.1254115642,0.3997719529,0.5559975001,0.015625,0.7875958275
island_count,afmv2_06e9a8457ab9,6058,0.0,332.8657379,2,1,0.6454597712,-0.9974581003,0.9996315241,-0.01481827264,0.6454597536,0.6454597536,0.5680653221,1.997089624,-0.9739589548,-0.9266117811,-0.04090463743,0.9737136871,0.995994513,1.969953468,0.1101083386,1.644618117,0.1597378033,0.1287509885,0.9957573616,0.2262060456,9.064554921,3.769898066,1.135030918,-4.127303907,7,0.25,29,141.2413793,-0.9974581003,0.9996315241,0.1308360728,0.4102910046,0.5524347223,0.0078125,0.849381782
island_count,afmv2_84343ccdd8fc,6058,0.0,-111.4570465,-2,0,0.6326527596,-0.9976060987,0.999745369,0.04953996647,0.63265274,0.63265274,0.5565553529,1.997351468,-0.9822332275,-0.9222388446,0.07133506238,0.9668008387,0.995202527,1.977435755,-0.07864555286,1.668799712,0.1658819104,0.126440108,0.9989435756,0.09800441242,9.100765639,3.960997077,1.197891305,-4.057358949,7,0.25,32,128,-0.9976060987,0.999745369,0.1420569476,0.4085940152,0.5588591997,0.02209708691,0.8500562258
island_count,afmv2_84343ccdd8fc,6058,0.0,-111.4570465,-2,1,0.6318031549,-0.9932955503,0.999466598,0.1662841561,0.6318031431,0.6318031431,0.5534504198,1.992762148,-0.973499465,-0.8997962147,0.2430292144,0.971842885,0.9926217204,1.966121185,-0.3103013555,1.750697592,0.162689879,0.1324932024,0.9993341621,0.04195144207,9.089912008,3.792220173,1.158782902,-4.087529572,7,0.25,30,136.5333333,-0.9932955503,0.999466598,0.1322494167,0.4207124291,0.5752363694,0.015625,0.9067971996
island_count,afmv2_84343ccdd8fc,6058,0.0,-0.3763504028,-1,0,0.6217929125,-0.99751091,0.9999274015,0.09563957429,0.6217928839,0.6217928839,0.5456288374,1.997438312,-0.9804331726,-0.9005120277,0.1412788928,0.9778814375,0.9979434443,1.978376617,-0.1466705791,1.708727467,0.14911861,0.1190386237,0.9973385241,0.2114438379,8.9785507,3.802327599,1.187925426,-4.074850505,8,0.25,29,141.2413793,-0.99751091,0.9999274015,0.1248728721,0.3742180855,0.5467958013,0.01104854346,0.868544374
island_count,afmv2_84343ccdd8fc,6058,0.0,-0.3763504028,-1,1,0.6340380907,-0.9945032597,0.9994711876,0.05939923838,0.6340381332,0.6340381332,0.5580437255,1.993974447,-0.9757562131,-0.9274411947,0.08345257863,0.9629760981,0.9953474849,1.971103698,-0.1062551944,1.669174762,0.1721606171,0.1347547862,0.997105657,0.1465860459,9.165242659,3.959930039,1.287085501,-4.017686205,6,0.25,32,128,-0.9945032597,0.9994711876,0.1435385452,0.4335447584,0.5958868937,0.02816836934,0.8541048119
island_count,afmv2_84343ccdd8fc,6058,0.0,110.7043457,0,0,0.621512711,-0.9975595474,0.9995452166,0.0924353287,0.6215127072,0.6215127072,0.5429134129,1.997104764,-0.9705741864,-0.8901971549,0.1001797803,0.980600208,0.996459986,1.967034172,-0.08995744826,1.710923798,0.1599121691,0.1209869115,0.9986348045,0.02752979822,9.056775467,3.854668134,1.18266569,-4.080488449,7,0.25,30,136.5333333,-0.9975595474,0.9995452166,0.1378243432,0.3890483191,0.5259546217,0.0078125,0.8831834161
island_count,afmv2_84343ccdd8fc,6058,0.0,110.7043457,0,1,0.6301417947,-0.9974531531,0.9978198409,0.07935075596,0.6301418112,0.6301418112,0.5525860337,1.995272994,-0.978391512,-0.9132494181,0.1065322421,0.9653679341,0.991574387,1.969965899,-0.1270691181,1.68827581,0.1717944596,0.1347204753,0.9978385058,0.1856704077,9.141035279,3.934424588,1.194173023,-4.061435244,6,0.25,24,170.6666667,-0.9974531531,0.9978198409,0.1428450117,0.4385950718,0.5848159578,0.01104854346,0.8684183447
island_count,afmv2_84343ccdd8fc,6058,0.0,221.7850418,1,0,0.6221458316,-0.9977484941,0.9997433424,0.07451337723,0.6221458308,0.6221458308,0.5441842792,1.997491837,-0.9832669616,-0.9226807415,0.1208917908,0.9609504312,0.9917985272,1.975065489,-0.1427770582,1.715346324,0.1676881074,0.1308053969,0.9990115286,0.02587237301,9.131166145,3.946637405,1.335898839,-3.979978677,6,0.25,35,117.0285714,-0.9977484941,0.9997433424,0.1394839827,0.4207684788,0.5685538992,0.0322117627,0.8498346406
island_count,afmv2_84343ccdd8fc,6058,0.0,221.7850418,1,1,0.6332345009,-0.9973498583,0.9980845451,0.001692751705,0.6332344912,0.6332344912,0.5577381112,1.995434403,-0.9872407204,-0.9484033138,0.01700650435,0.9426935315,0.9846856171,1.971926337,-0.02853867695,1.655741362,0.1677154701,0.1314261882,0.9986463856,0.05947047647,9.157267424,3.969487806,1.221745511,-4.053140941,6,0.25,34,120.4705882,-0.9973498583,0.9980845451,0.139705974,0.4245225696,0.5628806555,0.0078125,0.8123430638
island_count,afmv2_84343ccdd8fc,6058,0.0,332.8657379,2,0,0.6207398176,-0.999343276,0.9999426007,-0.01772447414,0.6207398219,0.6207398219,0.5428383809,1.999285877,-0.9870277542,-0.9430843979,-0.03537575342,0.9403809845,0.9944078159,1.98143557,0.06004306114,1.701884854,0.1639911048,0.1280878483,0.9980449019,0.02930115141,9.096569795,3.865151719,1.184924119,-4.063717626,6,0.25,35,117.0285714,-0.999343276,0.9999426007,0.1358965903,0.4083879591,0.5646962819,0.01104854346,0.8006411724
island_count,afmv2_84343ccdd8fc,6058,0.0,332.8657379,2,1,0.6289491057,-0.9953619242,0.9994992018,0.03356517939,0.6289491265,0.6289491265,0.5516381793,1.994861126,-0.9778214204,-0.9247374266,0.0362447165,0.9613576204,0.99518062,1.97300204,-0.0189863901,1.678520964,0.1609158171,0.1247260895,0.9988829873,0.06419640429,9.070349344,3.917673468,1.255581556,-4.015739999,7,0.25,35,117.0285714,-0.9953619242,0.9994992018,0.1336872738,0.4067735842,0.5376748838,0.02470529422,0.8469185166
island_count,afmv2_06e9a8457ab9,6058,1.5,-111.4570465,-2,0,0.6399241686,-0.9977634549,0.9987513423,0.08676370997,0.639924168,0.639924168,0.5645655938,1.996514797,-0.9756453961,-0.9184993148,0.1405821964,0.9711971104,0.9937254918,1.969370888,-0.1595354677,1.652762452,0.1707682294,0.1338204142,0.9978060313,0.1429282637,9.151558558,4.019408474,1.266621822,-4.012947301,6,0.25,45,91.02222222,-0.9977634549,0.9987513423,0.1439637787,0.4349937501,0.5777466082,0.0322117627,0.8735950816
island_count,afmv2_06e9a8457ab9,6058,1.5,-111.4570465,-2,1,0.6324352026,-0.9979642034,0.9995500445,0.09763603826,0.6324352155,0.6324352155,0.5556771252,1.997514248,-0.9704649818,-0.9103909522,0.1505071074,0.9677817076,0.9914984679,1.96196345,-0.1598661714,1.681283842,0.1695585503,0.1294524897,0.9963768146,0.1589933485,9.144414921,3.966557543,1.222377906,-4.052935594,6,0.25,32,128,-0.9979642034,0.9995500445,0.1441522978,0.4153544475,0.5521218303,0.0078125,0.8797901844
island_count,afmv2_06e9a8457ab9,6058,1.5,-0.3763504028,-1,0,0.6401284337,-0.9952108264,0.9982709289,0.03410136289,0.6401284346,0.6401284346,0.5651487124,1.993481755,-0.9796148372,-0.9289993078,0.02831140999,0.9543172717,0.9884931695,1.968108007,-0.0216097647,1.627907663,0.1684944005,0.1306664868,0.9973581204,0.1126745505,9.163133138,3.998010759,1.272987993,-4.031394691,7,0.25,29,141.2413793,-0.9952108264,0.9982709289,0.1412667262,0.4205034027,0.5634030731,0.0078125,0.8572219659
island_count,afmv2_06e9a8457ab9,6058,1.5,-0.3763504028,-1,1,0.6410671473,-0.9970582128,0.9993745685,0.0442918966,0.6410671796,0.6410671796,0.5658141295,1.996432781,-0.9807764065,-0.931119597,0.03660112247,0.9671862215,0.9936043888,1.974380795,-0.03103581734,1.639459503,0.1640238839,0.1282238643,0.9968168491,0.1884185617,9.084582115,3.836549133,1.212791038,-4.075287231,7,0.25,26,157.5384615,-0.9970582128,0.9993745685,0.1369832076,0.4126994885,0.5467670387,0.0078125,0.8673714802
island_count,afmv2_06e9a8457ab9,6058,1.5,110.7043457,0,0,0.625526011,-0.9988149405,0.9995191693,0.09520385839,0.6255260239,0.6255260239,0.5504270458,1.99833411,-0.9742864615,-0.8823608369,0.1192422099,0.969679752,0.9944468135,1.968733275,-0.1111170112,1.67098305,0.1727265617,0.1311572215,0.9989296273,0.02144259949,9.149315783,4.064562802,1.24608935,-4.012873187,6,0.25,29,141.2413793,-0.9988149405,0.9995191693,0.146285264,0.4274680043,0.5660731914,0.0078125,0.8812416035
island_count,afmv2_06e9a8457ab9,6058,1.5,110.7043457,0,1,0.6347465515,-0.9986371994,0.9995680451,0.07339375299,0.6347465614,0.6347465614,0.5586933938,1.998205245,-0.9739109439,-0.90901483,0.0889079608,0.976747334,0.9945103699,1.968421314,-0.08011621551,1.658594822,0.1595364353,0.1254936152,0.9984699988,0.07005180653,9.077316146,3.862126804,1.199291064,-4.083959725,7,0.25,32,128,-0.9986371994,0.9995680451,0.1326151164,0.4054667528,0.5389938526,0.01104854346,0.8767968423
island_count,afmv2_06e9a8457ab9,6058,1.5,221.7850418,1,0,0.617094934,-0.9976711869,0.9994940758,0.1057122771,0.6170949164,0.6170949164,0.5376181616,1.997165263,-0.9782790387,-0.9193328202,0.1569518968,0.9640278101,0.9953844279,1.973663467,-0.2117226342,1.759638494,0.1695392852,0.1312168126,0.9975062367,0.1823855484,9.133886117,3.966535708,1.228125164,-4.010498733,6,0.25,40,102.4,-0.9976711869,0.9994940758,0.1416349995,0.421869452,0.5662085825,0.01746928107,0.8598187569
island_count,afmv2_06e9a8457ab9,6058,1.5,221.7850418,1,1,0.6292077303,-0.9988257289,0.998837769,0.02200967845,0.6292076767,0.6292076767,0.5529086345,1.997663498,-0.9848224568,-0.9300933629,0.03393934108,0.9610908777,0.9908025414,1.975624998,-0.02016311647,1.668461544,0.1657190136,0.1294227144,0.9965641465,0.1889875735,9.165833139,4.075188459,1.328585105,-3.976795092,6,0.25,34,120.4705882,-0.9988257289,0.998837769,0.1387348714,0.4149457913,0.5814735668,0.01746928107,0.8319969725
island_count,afmv2_06e9a8457ab9,6058,1.5,332.8657379,2,0,0.6234330535,-0.9891768694,0.9999040365,0.1757041194,0.6234330799,0.6234330799,0.5450582771,1.989080906,-0.9668381238,-0.8919571936,0.2513951361,0.977840969,0.9968639266,1.96370205,-0.3084357962,1.778095687,0.1605052683,0.1280503051,0.9987530124,0.07058722708,9.056902531,3.823325883,1.15679395,-4.062118533,7,0.25,23,178.0869565,-0.9891768694,0.9999040365,0.1338449611,0.4080501738,0.5473066254,0.0234375,0.9107799903
island_count,afmv2_06e9a8457ab9,6058,1.5,332.8657379,2,1,0.6269336343,-0.9983571768,0.9987636805,0.08727660186,0.6269336388,0.6269336388,0.5489464881,1.997120857,-0.9754266298,-0.9001444876,0.1079212092,0.9694875121,0.9949170732,1.970343703,-0.1066165436,1.68999448,0.1719584787,0.1328023759,0.9991825019,0.035337791,9.177663513,4.044779627,1.368637564,-3.968334186,6,0.25,30,136.5333333,-0.9983571768,0.9987636805,0.1442992346,0.4292159033,0.5681429062,0.02470529422,0.879541456
island_count,afmv2_84343ccdd8fc,6058,1.5,-111.4570465,-2,0,0.6222170591,-0.9989123344,0.9994961619,0.1712101728,0.6222170866,0.6222170866,0.5442821391,1.998408496,-0.9830838019,-0.8914501935,0.2633833736,0.9711022973,0.9907111949,1.973794997,-0.325784472,1.783816613,0.1699218881,0.1340194869,0.9989806648,0.0977340512,9.175707986,3.994128532,1.324769809,-3.983457346,6,0.25,35,117.0285714,-0.9989123344,0.9994961619,0.1422955491,0.4296960441,0.5675353526,0.015625,0.8994547985
island_count,afmv2_84343ccdd8fc,6058,1.5,-111.4570465,-2,1,0.6156092882,-0.9994767904,0.9996181726,0.006395983846,0.6156092883,0.6156092883,0.5395977559,1.999094963,-0.9851575917,-0.9158278614,-0.0221144259,0.9477152586,0.9940652663,1.979222858,0.043161524,1.694169831,0.1768579831,0.1322128074,0.9982700072,0.1065997085,9.203693531,4.115236666,1.338926611,-3.963716201,6,0.25,40,102.4,-0.9994767904,0.9996181726,0.1499114985,0.431027763,0.5761924903,0.0078125,0.8142999492
island_count,afmv2_84343ccdd8fc,6058,1.5,-0.3763504028,-1,0,0.6431059837,-0.993550241,0.9991726279,0.09805866675,0.6431059565,0.6431059565,0.5693929708,1.992722869,-0.9692030817,-0.9019350678,0.1603695601,0.9774493605,0.9956816512,1.964884733,-0.1549389827,1.629649706,0.1596681415,0.1278405053,0.9957724315,0.2101559406,9.053706159,3.836087495,1.149240578,-4.111879785,7,0.25,34,120.4705882,-0.993550241,0.9991726279,0.1315201958,0.407041844,0.5507028464,0.01104854346,0.8885745004
island_count,afmv2_84343ccdd8fc,6058,1.5,-0.3763504028,-1,1,0.6238831878,-0.9991905093,0.9999890327,0.04689382422,0.6238832049,0.6238832049,0.5460754616,1.999179542,-0.985599364,-0.9301089853,0.06928160787,0.9497328728,0.9936315399,1.979230904,-0.09021354995,1.70059291,0.1687606256,0.1285730188,0.9974638775,0.08107071753,9.139979981,3.975906373,1.308051958,-4.009486887,6,0.25,39,105.025641,-0.9991905093,0.9999890327,0.1425531229,0.4167537089,0.5602577735,0.01104854346,0.8371432216
island_count,afmv2_84343ccdd8fc,6058,1.5,110.7043457,0,0,0.6446124911,-0.995018661,0.9994668961,0.07788343464,0.6446124833,0.6446124833,0.571712264,1.994485557,-0.9739045179,-0.9087666363,0.09601005539,0.976190874,0.9951983982,1.969102916,-0.09153263481,1.616715248,0.1578891585,0.1262116554,0.9975531818,0.1082649038,9.080689607,3.858323932,1.186630267,-4.085711468,7,0.25,25,163.84,-0.995018661,0.9994668961,0.1318103536,0.4094879197,0.5461403411,0.0078125,0.8855707497
island_count,afmv2_84343ccdd8fc,6058,1.5,110.7043457,0,1,0.6395816803,-0.9987410307,0.9997586012,0.09265398902,0.6395816649,0.6395816649,0.5678893985,1.998499632,-0.9803776455,-0.8985936105,0.1099228896,0.970395714,0.9961404967,1.976518142,-0.1051449238,1.618203673,0.1650960779,0.129591289,0.9967400843,0.1587029802,9.09931427,3.813182959,1.166408556,-4.093545735,7,0.25,27,151.7037037,-0.9987410307,0.9997586012,0.138649192,0.4218451124,0.5492560674,0.0078125,0.8900279383
island_count,afmv2_84343ccdd8fc,6058,1.5,221.7850418,1,0,0.6386761069,-0.9986772537,0.9996609092,0.06918164294,0.6386761073,0.6386761073,0.5662088978,1.998338163,-0.9795990568,-0.9251839876,0.1024239548,0.9538799107,0.9889635438,1.968562601,-0.1208531295,1.626922206,0.1724241129,0.1331381765,0.9972965941,0.1497678592,9.194975982,4.022724564,1.306574291,-4.022388069,6,0.25,33,124.1212121,-0.9986772537,0.9996609092,0.1441093813,0.4306796007,0.5616529431,0.01104854346,0.8613883549
island_count,afmv2_84343ccdd8fc,6058,1.5,221.7850418,1,1,0.6435559392,-0.9992446899,0.9998509884,0.105807384,0.6435559553,0.6435559553,0.5704420455,1.999095678,-0.9849302471,-0.9147549778,0.1687279195,0.9650067985,0.9930682993,1.977998546,-0.186541278,1.640920168,0.1553196081,0.1255379694,0.9983878249,0.1309138531,9.080023809,3.9035352,1.170813161,-4.078370133,7,0.25,24,170.6666667,-0.9992446899,0.9998509884,0.1263373512,0.399212505,0.5559720447,0.01746928107,0.8874440673
island_count,afmv2_84343ccdd8fc,6058,1.5,332.8657379,2,0,0.6340853572,-0.9988306761,0.9981401563,0.06131518523,0.6340853189,0.6340853189,0.5574978088,1.996970832,-0.9838096046,-0.9198321104,0.1034382991,0.962683782,0.9940132111,1.977822816,-0.1081374233,1.665159886,0.1630917309,0.1268347131,0.9968184255,0.1676818219,9.089542397,3.904297192,1.214144548,-4.053715593,7,0.25,30,136.5333333,-0.9988306761,0.9981401563,0.1357948656,0.4101313198,0.5637317916,0.02470529422,0.8582265678
island_count,afmv2_84343ccdd8fc,6058,1.5,332.8657379,2,1,0.6358454823,-0.997518599,0.9984331727,0.09729969564,0.6358454781,0.6358454781,0.562854,1.995951772,-0.9708402175,-0.89109734,0.1177350171,0.980954057,0.9952350968,1.966075314,-0.1039263895,1.635946003,0.1604276675,0.1264711062,0.9979257705,0.1192313657,9.073460724,3.840934321,1.171882227,-4.090580305,7,0.25,29,141.2413793,-0.997518599,0.9984331727,0.1326900278,0.4079130314,0.5474423218,0.0078125,0.8929825255
prototype_id,afmv2_06e9a8457ab9,6058,1.5,0,0,0,0.6202158928,,,0.1998523955,0.6202159287,0.6202159287,0.5466229002,1.995104492,-0.9513781816,-0.8444043547,0.3007059395,0.9763338357,0.9964052916,1.947783473,-0.3315353595,1.742291283,0.1604661401,0.1255869767,0.9986445068,0.09781794374,9.066049523,3.804654916,1.186003416,-4.070500907,7,0.25,31,132.1290323,-0.9953630567,0.9997414351,0.1335097386,0.4046520119,0.5289094467,0.015625,0.91668661
prototype_id,afmv2_06e9a8457ab9,6058,1.5,1,1,0,0.6318851113,,,-0.01497191907,0.631885137,0.631885137,0.5561909517,1.994297743,-0.9790063775,-0.9378041863,-0.03274219297,0.9479571015,0.9903376722,1.96934405,0.05917783568,1.658755379,0.1623461449,0.1271664168,0.9981706218,0.1018213388,9.121342909,3.960271747,1.22131084,-4.054205565,7,0.25,31,132.1290323,-0.994974494,0.9993232489,0.1347055936,0.4160689213,0.5629390972,0.0078125,0.816157593
prototype_id,afmv2_06e9a8457ab9,6058,1.5,2,2,0,0.6389454603,,,0.04360489374,0.6389454322,0.6389454322,0.5666596854,1.997889221,-0.9758531243,-0.9284189701,0.03421514295,0.9615228474,0.9885706836,1.964423808,-0.02416726314,1.621016152,0.1740534427,0.1348044823,0.9988969166,0.08714776008,9.191508738,4.062291172,1.308747725,-3.991224796,6,0.25,35,117.0285714,-0.9984207749,0.9994684458,0.1457155873,0.4415000811,0.5817139561,0.015625,0.8625375055
prototype_id,afmv2_06e9a8457ab9,6058,1.5,3,3,0,0.6205146313,,,0.1409817403,0.6205146834,0.6205146834,0.5402283012,1.998758316,-0.9847444487,-0.9156320989,0.2112213001,0.9624528021,0.993298384,1.978042833,-0.2899779065,1.786542195,0.1672586112,0.1301073144,0.9981488179,0.1558786563,9.110807071,3.967020045,1.257619723,-4.010511939,6,0.25,36,113.7777778,-0.9990835786,0.9996747375,0.139555662,0.4203004488,0.5658219224,0.02816836934,0.8795488102
