pair_id,row_id,sample_id,group_id,split,fold_key,fold_id,repeat,descriptor,model,feature_set,true,prediction,train_mean_prediction,train_std,feature_count
pair_00002,afmv2_452bfe1ab79e,6023,6023,test,r0_foriginal_mvp9,original_mvp9,0,rq,mean,stable36,10.28980446,3.9306732558519997,3.9306732558519997,2.7018052422393133,180
pair_00003,afmv2_2ebd99306a7c,6028,6028,test,r0_foriginal_mvp9,original_mvp9,0,rq,mean,stable36,2.319947004,3.9306732558519997,3.9306732558519997,2.7018052422393133,180
pair_00009,afmv2_e66b501502c9,6048,6048,test,r0_foriginal_mvp9,original_mvp9,0,rq,mean,stable36,1.868148208,3.9306732558519997,3.9306732558519997,2.7018052422393133,180
pair_00012,afmv2_89d4826511a7,6058,6058,val,r0_foriginal_mvp9,original_mvp9,0,rq,mean,stable36,7.461155891,3.9306732558519997,3.9306732558519997,2.7018052422393133,180
pair_00013,afmv2_f797828167ab,6062,6062,val,r0_foriginal_mvp9,original_mvp9,0,rq,mean,stable36,2.571070194,3.9306732558519997,3.9306732558519997,2.7018052422393133,180
pair_00014,afmv2_812289c14cda,6063,6063,test,r0_foriginal_mvp9,original_mvp9,0,rq,mean,stable36,5.709474564,3.9306732558519997,3.9306732558519997,2.7018052422393133,180
pair_00015,afmv2_02a0adb35817,6065,6065,test,r0_foriginal_mvp9,original_mvp9,0,rq,mean,stable36,5.606737137,3.9306732558519997,3.9306732558519997,2.7018052422393133,180
pair_00018,afmv2_70d4ace1949e,6068,6068,val,r0_foriginal_mvp9,original_mvp9,0,rq,mean,stable36,10.2050066,3.9306732558519997,3.9306732558519997,2.7018052422393133,180
pair_00022,afmv2_21a48cb18e99,6078,6078,val,r0_foriginal_mvp9,original_mvp9,0,rq,mean,stable36,2.606983185,3.9306732558519997,3.9306732558519997,2.7018052422393133,180
pair_00032,afmv2_3eebc33de042,6094,6094,val,r0_foriginal_mvp9,original_mvp9,0,rq,mean,stable36,4.153931141,3.9306732558519997,3.9306732558519997,2.7018052422393133,180
pair_00035,afmv2_38a79c48d19d,6099,6099,test,r0_foriginal_mvp9,original_mvp9,0,rq,mean,stable36,10.46141243,3.9306732558519997,3.9306732558519997,2.7018052422393133,180
pair_00002,afmv2_452bfe1ab79e,6023,6023,test,r0_foriginal_mvp9,original_mvp9,0,rq,ridge,stable36,10.28980446,6.77108832470851,3.9306732558519997,2.7018052422393133,180
pair_00003,afmv2_2ebd99306a7c,6028,6028,test,r0_foriginal_mvp9,original_mvp9,0,rq,ridge,stable36,2.319947004,6.824726286790129,3.9306732558519997,2.7018052422393133,180
pair_00009,afmv2_e66b501502c9,6048,6048,test,r0_foriginal_mvp9,original_mvp9,0,rq,ridge,stable36,1.868148208,1.8248845028295575,3.9306732558519997,2.7018052422393133,180
pair_00012,afmv2_89d4826511a7,6058,6058,val,r0_foriginal_mvp9,original_mvp9,0,rq,ridge,stable36,7.461155891,22.98026235300585,3.9306732558519997,2.7018052422393133,180
pair_00013,afmv2_f797828167ab,6062,6062,val,r0_foriginal_mvp9,original_mvp9,0,rq,ridge,stable36,2.571070194,5.290020338882816,3.9306732558519997,2.7018052422393133,180
pair_00014,afmv2_812289c14cda,6063,6063,test,r0_foriginal_mvp9,original_mvp9,0,rq,ridge,stable36,5.709474564,4.695635669421953,3.9306732558519997,2.7018052422393133,180
pair_00015,afmv2_02a0adb35817,6065,6065,test,r0_foriginal_mvp9,original_mvp9,0,rq,ridge,stable36,5.606737137,3.8332859009407416,3.9306732558519997,2.7018052422393133,180
pair_00018,afmv2_70d4ace1949e,6068,6068,val,r0_foriginal_mvp9,original_mvp9,0,rq,ridge,stable36,10.2050066,3.832534487639495,3.9306732558519997,2.7018052422393133,180
pair_00022,afmv2_21a48cb18e99,6078,6078,val,r0_foriginal_mvp9,original_mvp9,0,rq,ridge,stable36,2.606983185,4.095890034033419,3.9306732558519997,2.7018052422393133,180
pair_00032,afmv2_3eebc33de042,6094,6094,val,r0_foriginal_mvp9,original_mvp9,0,rq,ridge,stable36,4.153931141,3.256077833385356,3.9306732558519997,2.7018052422393133,180
pair_00035,afmv2_38a79c48d19d,6099,6099,test,r0_foriginal_mvp9,original_mvp9,0,rq,ridge,stable36,10.46141243,-2.367082339957866,3.9306732558519997,2.7018052422393133,180
pair_00002,afmv2_452bfe1ab79e,6023,6023,test,r0_foriginal_mvp9,original_mvp9,0,rq,stable_features_mlp,stable36,10.28980446,5.03555380571126,3.9306732558519997,2.7018052422393133,180
pair_00003,afmv2_2ebd99306a7c,6028,6028,test,r0_foriginal_mvp9,original_mvp9,0,rq,stable_features_mlp,stable36,2.319947004,3.372010269066359,3.9306732558519997,2.7018052422393133,180
pair_00009,afmv2_e66b501502c9,6048,6048,test,r0_foriginal_mvp9,original_mvp9,0,rq,stable_features_mlp,stable36,1.868148208,10.856149796698784,3.9306732558519997,2.7018052422393133,180
pair_00012,afmv2_89d4826511a7,6058,6058,val,r0_foriginal_mvp9,original_mvp9,0,rq,stable_features_mlp,stable36,7.461155891,6.755645863439082,3.9306732558519997,2.7018052422393133,180
pair_00013,afmv2_f797828167ab,6062,6062,val,r0_foriginal_mvp9,original_mvp9,0,rq,stable_features_mlp,stable36,2.571070194,3.827301347324311,3.9306732558519997,2.7018052422393133,180
pair_00014,afmv2_812289c14cda,6063,6063,test,r0_foriginal_mvp9,original_mvp9,0,rq,stable_features_mlp,stable36,5.709474564,4.545863747982069,3.9306732558519997,2.7018052422393133,180
pair_00015,afmv2_02a0adb35817,6065,6065,test,r0_foriginal_mvp9,original_mvp9,0,rq,stable_features_mlp,stable36,5.606737137,2.4844161901800543,3.9306732558519997,2.7018052422393133,180
pair_00018,afmv2_70d4ace1949e,6068,6068,val,r0_foriginal_mvp9,original_mvp9,0,rq,stable_features_mlp,stable36,10.2050066,5.128707797767142,3.9306732558519997,2.7018052422393133,180
pair_00022,afmv2_21a48cb18e99,6078,6078,val,r0_foriginal_mvp9,original_mvp9,0,rq,stable_features_mlp,stable36,2.606983185,5.112547258505803,3.9306732558519997,2.7018052422393133,180
pair_00032,afmv2_3eebc33de042,6094,6094,val,r0_foriginal_mvp9,original_mvp9,0,rq,stable_features_mlp,stable36,4.153931141,5.64849199041929,3.9306732558519997,2.7018052422393133,180
pair_00035,afmv2_38a79c48d19d,6099,6099,test,r0_foriginal_mvp9,original_mvp9,0,rq,stable_features_mlp,stable36,10.46141243,6.387787021001844,3.9306732558519997,2.7018052422393133,180
pair_00002,afmv2_452bfe1ab79e,6023,6023,test,r0_foriginal_mvp9,original_mvp9,0,ra,mean,stable36,7.278920174,3.10435380464,3.10435380464,2.162795796858372,180
pair_00003,afmv2_2ebd99306a7c,6028,6028,test,r0_foriginal_mvp9,original_mvp9,0,ra,mean,stable36,1.810980201,3.10435380464,3.10435380464,2.162795796858372,180
pair_00009,afmv2_e66b501502c9,6048,6048,test,r0_foriginal_mvp9,original_mvp9,0,ra,mean,stable36,1.467842937,3.10435380464,3.10435380464,2.162795796858372,180
pair_00012,afmv2_89d4826511a7,6058,6058,val,r0_foriginal_mvp9,original_mvp9,0,ra,mean,stable36,5.68375206,3.10435380464,3.10435380464,2.162795796858372,180
pair_00013,afmv2_f797828167ab,6062,6062,val,r0_foriginal_mvp9,original_mvp9,0,ra,mean,stable36,1.920552611,3.10435380464,3.10435380464,2.162795796858372,180
pair_00014,afmv2_812289c14cda,6063,6063,test,r0_foriginal_mvp9,original_mvp9,0,ra,mean,stable36,4.306452751,3.10435380464,3.10435380464,2.162795796858372,180
pair_00015,afmv2_02a0adb35817,6065,6065,test,r0_foriginal_mvp9,original_mvp9,0,ra,mean,stable36,4.452381134,3.10435380464,3.10435380464,2.162795796858372,180
pair_00018,afmv2_70d4ace1949e,6068,6068,val,r0_foriginal_mvp9,original_mvp9,0,ra,mean,stable36,8.86954689,3.10435380464,3.10435380464,2.162795796858372,180
pair_00022,afmv2_21a48cb18e99,6078,6078,val,r0_foriginal_mvp9,original_mvp9,0,ra,mean,stable36,1.965578437,3.10435380464,3.10435380464,2.162795796858372,180
pair_00032,afmv2_3eebc33de042,6094,6094,val,r0_foriginal_mvp9,original_mvp9,0,ra,mean,stable36,3.155041218,3.10435380464,3.10435380464,2.162795796858372,180
pair_00035,afmv2_38a79c48d19d,6099,6099,test,r0_foriginal_mvp9,original_mvp9,0,ra,mean,stable36,9.136377335,3.10435380464,3.10435380464,2.162795796858372,180
pair_00002,afmv2_452bfe1ab79e,6023,6023,test,r0_foriginal_mvp9,original_mvp9,0,ra,ridge,stable36,7.278920174,5.5054751049848125,3.10435380464,2.162795796858372,180
pair_00003,afmv2_2ebd99306a7c,6028,6028,test,r0_foriginal_mvp9,original_mvp9,0,ra,ridge,stable36,1.810980201,5.3852003525053735,3.10435380464,2.162795796858372,180
pair_00009,afmv2_e66b501502c9,6048,6048,test,r0_foriginal_mvp9,original_mvp9,0,ra,ridge,stable36,1.467842937,1.4969251568304327,3.10435380464,2.162795796858372,180
pair_00012,afmv2_89d4826511a7,6058,6058,val,r0_foriginal_mvp9,original_mvp9,0,ra,ridge,stable36,5.68375206,18.329273855339284,3.10435380464,2.162795796858372,180
pair_00013,afmv2_f797828167ab,6062,6062,val,r0_foriginal_mvp9,original_mvp9,0,ra,ridge,stable36,1.920552611,4.229225182350024,3.10435380464,2.162795796858372,180
pair_00014,afmv2_812289c14cda,6063,6063,test,r0_foriginal_mvp9,original_mvp9,0,ra,ridge,stable36,4.306452751,3.6833052053337587,3.10435380464,2.162795796858372,180
pair_00015,afmv2_02a0adb35817,6065,6065,test,r0_foriginal_mvp9,original_mvp9,0,ra,ridge,stable36,4.452381134,3.087570832654451,3.10435380464,2.162795796858372,180
pair_00018,afmv2_70d4ace1949e,6068,6068,val,r0_foriginal_mvp9,original_mvp9,0,ra,ridge,stable36,8.86954689,3.102217117082097,3.10435380464,2.162795796858372,180
pair_00022,afmv2_21a48cb18e99,6078,6078,val,r0_foriginal_mvp9,original_mvp9,0,ra,ridge,stable36,1.965578437,3.2347504983791517,3.10435380464,2.162795796858372,180
pair_00032,afmv2_3eebc33de042,6094,6094,val,r0_foriginal_mvp9,original_mvp9,0,ra,ridge,stable36,3.155041218,2.56411903774061,3.10435380464,2.162795796858372,180
pair_00035,afmv2_38a79c48d19d,6099,6099,test,r0_foriginal_mvp9,original_mvp9,0,ra,ridge,stable36,9.136377335,-1.7680219322111692,3.10435380464,2.162795796858372,180
pair_00002,afmv2_452bfe1ab79e,6023,6023,test,r0_foriginal_mvp9,original_mvp9,0,ra,stable_features_mlp,stable36,7.278920174,4.089599154828283,3.10435380464,2.162795796858372,180
pair_00003,afmv2_2ebd99306a7c,6028,6028,test,r0_foriginal_mvp9,original_mvp9,0,ra,stable_features_mlp,stable36,1.810980201,2.672707888441931,3.10435380464,2.162795796858372,180
pair_00009,afmv2_e66b501502c9,6048,6048,test,r0_foriginal_mvp9,original_mvp9,0,ra,stable_features_mlp,stable36,1.467842937,8.586852091503042,3.10435380464,2.162795796858372,180
pair_00012,afmv2_89d4826511a7,6058,6058,val,r0_foriginal_mvp9,original_mvp9,0,ra,stable_features_mlp,stable36,5.68375206,4.878133688947351,3.10435380464,2.162795796858372,180
pair_00013,afmv2_f797828167ab,6062,6062,val,r0_foriginal_mvp9,original_mvp9,0,ra,stable_features_mlp,stable36,1.920552611,3.056546474588171,3.10435380464,2.162795796858372,180
pair_00014,afmv2_812289c14cda,6063,6063,test,r0_foriginal_mvp9,original_mvp9,0,ra,stable_features_mlp,stable36,4.306452751,3.5868068488416496,3.10435380464,2.162795796858372,180
pair_00015,afmv2_02a0adb35817,6065,6065,test,r0_foriginal_mvp9,original_mvp9,0,ra,stable_features_mlp,stable36,4.452381134,1.9525089965978488,3.10435380464,2.162795796858372,180
pair_00018,afmv2_70d4ace1949e,6068,6068,val,r0_foriginal_mvp9,original_mvp9,0,ra,stable_features_mlp,stable36,8.86954689,4.134509623699503,3.10435380464,2.162795796858372,180
pair_00022,afmv2_21a48cb18e99,6078,6078,val,r0_foriginal_mvp9,original_mvp9,0,ra,stable_features_mlp,stable36,1.965578437,4.123906427252166,3.10435380464,2.162795796858372,180
pair_00032,afmv2_3eebc33de042,6094,6094,val,r0_foriginal_mvp9,original_mvp9,0,ra,stable_features_mlp,stable36,3.155041218,4.431853734773997,3.10435380464,2.162795796858372,180
pair_00035,afmv2_38a79c48d19d,6099,6099,test,r0_foriginal_mvp9,original_mvp9,0,ra,stable_features_mlp,stable36,9.136377335,4.9939936979521145,3.10435380464,2.162795796858372,180
pair_00002,afmv2_452bfe1ab79e,6023,6023,test,r0_foriginal_mvp9,original_mvp9,0,robust_range,mean,stable36,55.20772552,18.2413524918,18.2413524918,12.025364514543712,180
pair_00003,afmv2_2ebd99306a7c,6028,6028,test,r0_foriginal_mvp9,original_mvp9,0,robust_range,mean,stable36,11.30189705,18.2413524918,18.2413524918,12.025364514543712,180
pair_00009,afmv2_e66b501502c9,6048,6048,test,r0_foriginal_mvp9,original_mvp9,0,robust_range,mean,stable36,8.940859795,18.2413524918,18.2413524918,12.025364514543712,180
pair_00012,afmv2_89d4826511a7,6058,6058,val,r0_foriginal_mvp9,original_mvp9,0,robust_range,mean,stable36,38.45360184,18.2413524918,18.2413524918,12.025364514543712,180
pair_00013,afmv2_f797828167ab,6062,6062,val,r0_foriginal_mvp9,original_mvp9,0,robust_range,mean,stable36,12.98373032,18.2413524918,18.2413524918,12.025364514543712,180
pair_00014,afmv2_812289c14cda,6063,6063,test,r0_foriginal_mvp9,original_mvp9,0,robust_range,mean,stable36,27.02133751,18.2413524918,18.2413524918,12.025364514543712,180
pair_00015,afmv2_02a0adb35817,6065,6065,test,r0_foriginal_mvp9,original_mvp9,0,robust_range,mean,stable36,25.44371986,18.2413524918,18.2413524918,12.025364514543712,180
pair_00018,afmv2_70d4ace1949e,6068,6068,val,r0_foriginal_mvp9,original_mvp9,0,robust_range,mean,stable36,39.04310989,18.2413524918,18.2413524918,12.025364514543712,180
pair_00022,afmv2_21a48cb18e99,6078,6078,val,r0_foriginal_mvp9,original_mvp9,0,robust_range,mean,stable36,13.57195187,18.2413524918,18.2413524918,12.025364514543712,180
pair_00032,afmv2_3eebc33de042,6094,6094,val,r0_foriginal_mvp9,original_mvp9,0,robust_range,mean,stable36,20.60526085,18.2413524918,18.2413524918,12.025364514543712,180
pair_00035,afmv2_38a79c48d19d,6099,6099,test,r0_foriginal_mvp9,original_mvp9,0,robust_range,mean,stable36,37.75395203,18.2413524918,18.2413524918,12.025364514543712,180
pair_00002,afmv2_452bfe1ab79e,6023,6023,test,r0_foriginal_mvp9,original_mvp9,0,robust_range,ridge,stable36,55.20772552,28.182418525180637,18.2413524918,12.025364514543712,180
pair_00003,afmv2_2ebd99306a7c,6028,6028,test,r0_foriginal_mvp9,original_mvp9,0,robust_range,ridge,stable36,11.30189705,31.407094226416405,18.2413524918,12.025364514543712,180
pair_00009,afmv2_e66b501502c9,6048,6048,test,r0_foriginal_mvp9,original_mvp9,0,robust_range,ridge,stable36,8.940859795,8.971788732379553,18.2413524918,12.025364514543712,180
pair_00012,afmv2_89d4826511a7,6058,6058,val,r0_foriginal_mvp9,original_mvp9,0,robust_range,ridge,stable36,38.45360184,96.10226650921099,18.2413524918,12.025364514543712,180
pair_00013,afmv2_f797828167ab,6062,6062,val,r0_foriginal_mvp9,original_mvp9,0,robust_range,ridge,stable36,12.98373032,23.915389304602982,18.2413524918,12.025364514543712,180
pair_00014,afmv2_812289c14cda,6063,6063,test,r0_foriginal_mvp9,original_mvp9,0,robust_range,ridge,stable36,27.02133751,22.21449876167506,18.2413524918,12.025364514543712,180
pair_00015,afmv2_02a0adb35817,6065,6065,test,r0_foriginal_mvp9,original_mvp9,0,robust_range,ridge,stable36,25.44371986,17.137995421284337,18.2413524918,12.025364514543712,180
pair_00018,afmv2_70d4ace1949e,6068,6068,val,r0_foriginal_mvp9,original_mvp9,0,robust_range,ridge,stable36,39.04310989,17.01565681393096,18.2413524918,12.025364514543712,180
pair_00022,afmv2_21a48cb18e99,6078,6078,val,r0_foriginal_mvp9,original_mvp9,0,robust_range,ridge,stable36,13.57195187,19.02641601651853,18.2413524918,12.025364514543712,180
pair_00032,afmv2_3eebc33de042,6094,6094,val,r0_foriginal_mvp9,original_mvp9,0,robust_range,ridge,stable36,20.60526085,16.001428896051696,18.2413524918,12.025364514543712,180
pair_00035,afmv2_38a79c48d19d,6099,6099,test,r0_foriginal_mvp9,original_mvp9,0,robust_range,ridge,stable36,37.75395203,-9.692636927153302,18.2413524918,12.025364514543712,180
pair_00002,afmv2_452bfe1ab79e,6023,6023,test,r0_foriginal_mvp9,original_mvp9,0,robust_range,stable_features_mlp,stable36,55.20772552,21.00953289818441,18.2413524918,12.025364514543712,180
pair_00003,afmv2_2ebd99306a7c,6028,6028,test,r0_foriginal_mvp9,original_mvp9,0,robust_range,stable_features_mlp,stable36,11.30189705,15.400617107919572,18.2413524918,12.025364514543712,180
pair_00009,afmv2_e66b501502c9,6048,6048,test,r0_foriginal_mvp9,original_mvp9,0,robust_range,stable_features_mlp,stable36,8.940859795,48.7882005744308,18.2413524918,12.025364514543712,180
pair_00012,afmv2_89d4826511a7,6058,6058,val,r0_foriginal_mvp9,original_mvp9,0,robust_range,stable_features_mlp,stable36,38.45360184,37.55888816918552,18.2413524918,12.025364514543712,180
pair_00013,afmv2_f797828167ab,6062,6062,val,r0_foriginal_mvp9,original_mvp9,0,robust_range,stable_features_mlp,stable36,12.98373032,17.942740308603348,18.2413524918,12.025364514543712,180
pair_00014,afmv2_812289c14cda,6063,6063,test,r0_foriginal_mvp9,original_mvp9,0,robust_range,stable_features_mlp,stable36,27.02133751,21.024931216109504,18.2413524918,12.025364514543712,180
pair_00015,afmv2_02a0adb35817,6065,6065,test,r0_foriginal_mvp9,original_mvp9,0,robust_range,stable_features_mlp,stable36,25.44371986,11.464044083015295,18.2413524918,12.025364514543712,180
pair_00018,afmv2_70d4ace1949e,6068,6068,val,r0_foriginal_mvp9,original_mvp9,0,robust_range,stable_features_mlp,stable36,39.04310989,23.524354242547087,18.2413524918,12.025364514543712,180
pair_00022,afmv2_21a48cb18e99,6078,6078,val,r0_foriginal_mvp9,original_mvp9,0,robust_range,stable_features_mlp,stable36,13.57195187,23.370602579224567,18.2413524918,12.025364514543712,180
pair_00032,afmv2_3eebc33de042,6094,6094,val,r0_foriginal_mvp9,original_mvp9,0,robust_range,stable_features_mlp,stable36,20.60526085,26.48527918538361,18.2413524918,12.025364514543712,180
pair_00035,afmv2_38a79c48d19d,6099,6099,test,r0_foriginal_mvp9,original_mvp9,0,robust_range,stable_features_mlp,stable36,37.75395203,30.096891830035567,18.2413524918,12.025364514543712,180
pair_00002,afmv2_452bfe1ab79e,6023,6023,test,r0_foriginal_mvp9,original_mvp9,0,mean_abs_gradient,mean,stable36,0.7733402252,0.7025812428976,0.7025812428976,0.5948414269237153,180
pair_00003,afmv2_2ebd99306a7c,6028,6028,test,r0_foriginal_mvp9,original_mvp9,0,mean_abs_gradient,mean,stable36,0.5004560351,0.7025812428976,0.7025812428976,0.5948414269237153,180
pair_00009,afmv2_e66b501502c9,6048,6048,test,r0_foriginal_mvp9,original_mvp9,0,mean_abs_gradient,mean,stable36,0.4010003507,0.7025812428976,0.7025812428976,0.5948414269237153,180
pair_00012,afmv2_89d4826511a7,6058,6058,val,r0_foriginal_mvp9,original_mvp9,0,mean_abs_gradient,mean,stable36,0.5738551617,0.7025812428976,0.7025812428976,0.5948414269237153,180
pair_00013,afmv2_f797828167ab,6062,6062,val,r0_foriginal_mvp9,original_mvp9,0,mean_abs_gradient,mean,stable36,0.3661493361,0.7025812428976,0.7025812428976,0.5948414269237153,180
pair_00014,afmv2_812289c14cda,6063,6063,test,r0_foriginal_mvp9,original_mvp9,0,mean_abs_gradient,mean,stable36,0.5278919935,0.7025812428976,0.7025812428976,0.5948414269237153,180
pair_00015,afmv2_02a0adb35817,6065,6065,test,r0_foriginal_mvp9,original_mvp9,0,mean_abs_gradient,mean,stable36,1.343295932,0.7025812428976,0.7025812428976,0.5948414269237153,180
pair_00018,afmv2_70d4ace1949e,6068,6068,val,r0_foriginal_mvp9,original_mvp9,0,mean_abs_gradient,mean,stable36,2.516185999,0.7025812428976,0.7025812428976,0.5948414269237153,180
pair_00022,afmv2_21a48cb18e99,6078,6078,val,r0_foriginal_mvp9,original_mvp9,0,mean_abs_gradient,mean,stable36,0.2079638988,0.7025812428976,0.7025812428976,0.5948414269237153,180
pair_00032,afmv2_3eebc33de042,6094,6094,val,r0_foriginal_mvp9,original_mvp9,0,mean_abs_gradient,mean,stable36,0.4946226776,0.7025812428976,0.7025812428976,0.5948414269237153,180
pair_00035,afmv2_38a79c48d19d,6099,6099,test,r0_foriginal_mvp9,original_mvp9,0,mean_abs_gradient,mean,stable36,0.9602304101,0.7025812428976,0.7025812428976,0.5948414269237153,180
pair_00002,afmv2_452bfe1ab79e,6023,6023,test,r0_foriginal_mvp9,original_mvp9,0,mean_abs_gradient,ridge,stable36,0.7733402252,1.023880328940566,0.7025812428976,0.5948414269237153,180
pair_00003,afmv2_2ebd99306a7c,6028,6028,test,r0_foriginal_mvp9,original_mvp9,0,mean_abs_gradient,ridge,stable36,0.5004560351,1.1070274673760774,0.7025812428976,0.5948414269237153,180
pair_00009,afmv2_e66b501502c9,6048,6048,test,r0_foriginal_mvp9,original_mvp9,0,mean_abs_gradient,ridge,stable36,0.4010003507,-0.1057430701406763,0.7025812428976,0.5948414269237153,180
pair_00012,afmv2_89d4826511a7,6058,6058,val,r0_foriginal_mvp9,original_mvp9,0,mean_abs_gradient,ridge,stable36,0.5738551617,6.548125186402053,0.7025812428976,0.5948414269237153,180
pair_00013,afmv2_f797828167ab,6062,6062,val,r0_foriginal_mvp9,original_mvp9,0,mean_abs_gradient,ridge,stable36,0.3661493361,0.7072686805545579,0.7025812428976,0.5948414269237153,180
pair_00014,afmv2_812289c14cda,6063,6063,test,r0_foriginal_mvp9,original_mvp9,0,mean_abs_gradient,ridge,stable36,0.5278919935,0.8742637876191764,0.7025812428976,0.5948414269237153,180
pair_00015,afmv2_02a0adb35817,6065,6065,test,r0_foriginal_mvp9,original_mvp9,0,mean_abs_gradient,ridge,stable36,1.343295932,0.422091451368007,0.7025812428976,0.5948414269237153,180
pair_00018,afmv2_70d4ace1949e,6068,6068,val,r0_foriginal_mvp9,original_mvp9,0,mean_abs_gradient,ridge,stable36,2.516185999,0.37951697869391765,0.7025812428976,0.5948414269237153,180
pair_00022,afmv2_21a48cb18e99,6078,6078,val,r0_foriginal_mvp9,original_mvp9,0,mean_abs_gradient,ridge,stable36,0.2079638988,0.5966444670088409,0.7025812428976,0.5948414269237153,180
pair_00032,afmv2_3eebc33de042,6094,6094,val,r0_foriginal_mvp9,original_mvp9,0,mean_abs_gradient,ridge,stable36,0.4946226776,2.260386531407831,0.7025812428976,0.5948414269237153,180
pair_00035,afmv2_38a79c48d19d,6099,6099,test,r0_foriginal_mvp9,original_mvp9,0,mean_abs_gradient,ridge,stable36,0.9602304101,-0.8510710940133651,0.7025812428976,0.5948414269237153,180
pair_00002,afmv2_452bfe1ab79e,6023,6023,test,r0_foriginal_mvp9,original_mvp9,0,mean_abs_gradient,stable_features_mlp,stable36,0.7733402252,0.9188415208737231,0.7025812428976,0.5948414269237153,180
pair_00003,afmv2_2ebd99306a7c,6028,6028,test,r0_foriginal_mvp9,original_mvp9,0,mean_abs_gradient,stable_features_mlp,stable36,0.5004560351,0.7711344785603405,0.7025812428976,0.5948414269237153,180
pair_00009,afmv2_e66b501502c9,6048,6048,test,r0_foriginal_mvp9,original_mvp9,0,mean_abs_gradient,stable_features_mlp,stable36,0.4010003507,2.355508453267094,0.7025812428976,0.5948414269237153,180
pair_00012,afmv2_89d4826511a7,6058,6058,val,r0_foriginal_mvp9,original_mvp9,0,mean_abs_gradient,stable_features_mlp,stable36,0.5738551617,4.737798515091548,0.7025812428976,0.5948414269237153,180
pair_00013,afmv2_f797828167ab,6062,6062,val,r0_foriginal_mvp9,original_mvp9,0,mean_abs_gradient,stable_features_mlp,stable36,0.3661493361,0.3072740859931551,0.7025812428976,0.5948414269237153,180
pair_00014,afmv2_812289c14cda,6063,6063,test,r0_foriginal_mvp9,original_mvp9,0,mean_abs_gradient,stable_features_mlp,stable36,0.5278919935,0.7054536727228427,0.7025812428976,0.5948414269237153,180
pair_00015,afmv2_02a0adb35817,6065,6065,test,r0_foriginal_mvp9,original_mvp9,0,mean_abs_gradient,stable_features_mlp,stable36,1.343295932,0.5328005388366495,0.7025812428976,0.5948414269237153,180
pair_00018,afmv2_70d4ace1949e,6068,6068,val,r0_foriginal_mvp9,original_mvp9,0,mean_abs_gradient,stable_features_mlp,stable36,2.516185999,0.501181473912452,0.7025812428976,0.5948414269237153,180
pair_00022,afmv2_21a48cb18e99,6078,6078,val,r0_foriginal_mvp9,original_mvp9,0,mean_abs_gradient,stable_features_mlp,stable36,0.2079638988,0.7956025084344804,0.7025812428976,0.5948414269237153,180
pair_00032,afmv2_3eebc33de042,6094,6094,val,r0_foriginal_mvp9,original_mvp9,0,mean_abs_gradient,stable_features_mlp,stable36,0.4946226776,1.8859730480139638,0.7025812428976,0.5948414269237153,180
pair_00035,afmv2_38a79c48d19d,6099,6099,test,r0_foriginal_mvp9,original_mvp9,0,mean_abs_gradient,stable_features_mlp,stable36,0.9602304101,0.9962937561932861,0.7025812428976,0.5948414269237153,180
pair_00002,afmv2_452bfe1ab79e,6023,6023,test,r0_foriginal_mvp9,original_mvp9,0,gradient_std,mean,stable36,0.9016093612,0.5679264835955999,0.5679264835955999,0.4510461100471965,180
pair_00003,afmv2_2ebd99306a7c,6028,6028,test,r0_foriginal_mvp9,original_mvp9,0,gradient_std,mean,stable36,0.4254820943,0.5679264835955999,0.5679264835955999,0.4510461100471965,180
pair_00009,afmv2_e66b501502c9,6048,6048,test,r0_foriginal_mvp9,original_mvp9,0,gradient_std,mean,stable36,0.3362239599,0.5679264835955999,0.5679264835955999,0.4510461100471965,180
pair_00012,afmv2_89d4826511a7,6058,6058,val,r0_foriginal_mvp9,original_mvp9,0,gradient_std,mean,stable36,0.5797569752,0.5679264835955999,0.5679264835955999,0.4510461100471965,180
pair_00013,afmv2_f797828167ab,6062,6062,val,r0_foriginal_mvp9,original_mvp9,0,gradient_std,mean,stable36,0.3454746902,0.5679264835955999,0.5679264835955999,0.4510461100471965,180
pair_00014,afmv2_812289c14cda,6063,6063,test,r0_foriginal_mvp9,original_mvp9,0,gradient_std,mean,stable36,0.5681092143,0.5679264835955999,0.5679264835955999,0.4510461100471965,180
pair_00015,afmv2_02a0adb35817,6065,6065,test,r0_foriginal_mvp9,original_mvp9,0,gradient_std,mean,stable36,0.7534538507,0.5679264835955999,0.5679264835955999,0.4510461100471965,180
pair_00018,afmv2_70d4ace1949e,6068,6068,val,r0_foriginal_mvp9,original_mvp9,0,gradient_std,mean,stable36,1.662748933,0.5679264835955999,0.5679264835955999,0.4510461100471965,180
pair_00022,afmv2_21a48cb18e99,6078,6078,val,r0_foriginal_mvp9,original_mvp9,0,gradient_std,mean,stable36,0.1989093274,0.5679264835955999,0.5679264835955999,0.4510461100471965,180
pair_00032,afmv2_3eebc33de042,6094,6094,val,r0_foriginal_mvp9,original_mvp9,0,gradient_std,mean,stable36,0.4560732841,0.5679264835955999,0.5679264835955999,0.4510461100471965,180
pair_00035,afmv2_38a79c48d19d,6099,6099,test,r0_foriginal_mvp9,original_mvp9,0,gradient_std,mean,stable36,0.8538547754,0.5679264835955999,0.5679264835955999,0.4510461100471965,180
pair_00002,afmv2_452bfe1ab79e,6023,6023,test,r0_foriginal_mvp9,original_mvp9,0,gradient_std,ridge,stable36,0.9016093612,0.8161493106692159,0.5679264835955999,0.4510461100471965,180
pair_00003,afmv2_2ebd99306a7c,6028,6028,test,r0_foriginal_mvp9,original_mvp9,0,gradient_std,ridge,stable36,0.4254820943,1.0001001715753175,0.5679264835955999,0.4510461100471965,180
pair_00009,afmv2_e66b501502c9,6048,6048,test,r0_foriginal_mvp9,original_mvp9,0,gradient_std,ridge,stable36,0.3362239599,-0.26731493388940075,0.5679264835955999,0.4510461100471965,180
pair_00012,afmv2_89d4826511a7,6058,6058,val,r0_foriginal_mvp9,original_mvp9,0,gradient_std,ridge,stable36,0.5797569752,5.121253000554709,0.5679264835955999,0.4510461100471965,180
pair_00013,afmv2_f797828167ab,6062,6062,val,r0_foriginal_mvp9,original_mvp9,0,gradient_std,ridge,stable36,0.3454746902,0.5682024791578775,0.5679264835955999,0.4510461100471965,180
pair_00014,afmv2_812289c14cda,6063,6063,test,r0_foriginal_mvp9,original_mvp9,0,gradient_std,ridge,stable36,0.5681092143,0.7628130353530629,0.5679264835955999,0.4510461100471965,180
pair_00015,afmv2_02a0adb35817,6065,6065,test,r0_foriginal_mvp9,original_mvp9,0,gradient_std,ridge,stable36,0.7534538507,0.34627140094816533,0.5679264835955999,0.4510461100471965,180
pair_00018,afmv2_70d4ace1949e,6068,6068,val,r0_foriginal_mvp9,original_mvp9,0,gradient_std,ridge,stable36,1.662748933,0.2469472020510523,0.5679264835955999,0.4510461100471965,180
pair_00022,afmv2_21a48cb18e99,6078,6078,val,r0_foriginal_mvp9,original_mvp9,0,gradient_std,ridge,stable36,0.1989093274,0.5109998715478656,0.5679264835955999,0.4510461100471965,180
pair_00032,afmv2_3eebc33de042,6094,6094,val,r0_foriginal_mvp9,original_mvp9,0,gradient_std,ridge,stable36,0.4560732841,1.2930908389878812,0.5679264835955999,0.4510461100471965,180
pair_00035,afmv2_38a79c48d19d,6099,6099,test,r0_foriginal_mvp9,original_mvp9,0,gradient_std,ridge,stable36,0.8538547754,-0.985340286705428,0.5679264835955999,0.4510461100471965,180
pair_00002,afmv2_452bfe1ab79e,6023,6023,test,r0_foriginal_mvp9,original_mvp9,0,gradient_std,stable_features_mlp,stable36,0.9016093612,0.6914443827228386,0.5679264835955999,0.4510461100471965,180
pair_00003,afmv2_2ebd99306a7c,6028,6028,test,r0_foriginal_mvp9,original_mvp9,0,gradient_std,stable_features_mlp,stable36,0.4254820943,0.5425339993235611,0.5679264835955999,0.4510461100471965,180
pair_00009,afmv2_e66b501502c9,6048,6048,test,r0_foriginal_mvp9,original_mvp9,0,gradient_std,stable_features_mlp,stable36,0.3362239599,1.8542311634025375,0.5679264835955999,0.4510461100471965,180
pair_00012,afmv2_89d4826511a7,6058,6058,val,r0_foriginal_mvp9,original_mvp9,0,gradient_std,stable_features_mlp,stable36,0.5797569752,3.3274943474259633,0.5679264835955999,0.4510461100471965,180
pair_00013,afmv2_f797828167ab,6062,6062,val,r0_foriginal_mvp9,original_mvp9,0,gradient_std,stable_features_mlp,stable36,0.3454746902,0.2692982828731981,0.5679264835955999,0.4510461100471965,180
pair_00014,afmv2_812289c14cda,6063,6063,test,r0_foriginal_mvp9,original_mvp9,0,gradient_std,stable_features_mlp,stable36,0.5681092143,0.5943030796308661,0.5679264835955999,0.4510461100471965,180
pair_00015,afmv2_02a0adb35817,6065,6065,test,r0_foriginal_mvp9,original_mvp9,0,gradient_std,stable_features_mlp,stable36,0.7534538507,0.4070402569599527,0.5679264835955999,0.4510461100471965,180
pair_00018,afmv2_70d4ace1949e,6068,6068,val,r0_foriginal_mvp9,original_mvp9,0,gradient_std,stable_features_mlp,stable36,1.662748933,0.3709707169009268,0.5679264835955999,0.4510461100471965,180
pair_00022,afmv2_21a48cb18e99,6078,6078,val,r0_foriginal_mvp9,original_mvp9,0,gradient_std,stable_features_mlp,stable36,0.1989093274,0.5271959069714364,0.5679264835955999,0.4510461100471965,180
pair_00032,afmv2_3eebc33de042,6094,6094,val,r0_foriginal_mvp9,original_mvp9,0,gradient_std,stable_features_mlp,stable36,0.4560732841,1.2446186181094392,0.5679264835955999,0.4510461100471965,180
pair_00035,afmv2_38a79c48d19d,6099,6099,test,r0_foriginal_mvp9,original_mvp9,0,gradient_std,stable_features_mlp,stable36,0.8538547754,0.7005018591634674,0.5679264835955999,0.4510461100471965,180
pair_00002,afmv2_452bfe1ab79e,6023,6023,test,r0_foriginal_mvp9,original_mvp9,0,gradient_anisotropy,mean,stable36,0.08106280118,0.18748824579872,0.18748824579872,0.13023803224195987,180
pair_00003,afmv2_2ebd99306a7c,6028,6028,test,r0_foriginal_mvp9,original_mvp9,0,gradient_anisotropy,mean,stable36,0.1476109177,0.18748824579872,0.18748824579872,0.13023803224195987,180
pair_00009,afmv2_e66b501502c9,6048,6048,test,r0_foriginal_mvp9,original_mvp9,0,gradient_anisotropy,mean,stable36,0.1851127148,0.18748824579872,0.18748824579872,0.13023803224195987,180
pair_00012,afmv2_89d4826511a7,6058,6058,val,r0_foriginal_mvp9,original_mvp9,0,gradient_anisotropy,mean,stable36,0.1581800729,0.18748824579872,0.18748824579872,0.13023803224195987,180
pair_00013,afmv2_f797828167ab,6062,6062,val,r0_foriginal_mvp9,original_mvp9,0,gradient_anisotropy,mean,stable36,0.04239833727,0.18748824579872,0.18748824579872,0.13023803224195987,180
pair_00014,afmv2_812289c14cda,6063,6063,test,r0_foriginal_mvp9,original_mvp9,0,gradient_anisotropy,mean,stable36,0.2305995822,0.18748824579872,0.18748824579872,0.13023803224195987,180
pair_00015,afmv2_02a0adb35817,6065,6065,test,r0_foriginal_mvp9,original_mvp9,0,gradient_anisotropy,mean,stable36,0.1742949933,0.18748824579872,0.18748824579872,0.13023803224195987,180
pair_00018,afmv2_70d4ace1949e,6068,6068,val,r0_foriginal_mvp9,original_mvp9,0,gradient_anisotropy,mean,stable36,0.05659873411,0.18748824579872,0.18748824579872,0.13023803224195987,180
pair_00022,afmv2_21a48cb18e99,6078,6078,val,r0_foriginal_mvp9,original_mvp9,0,gradient_anisotropy,mean,stable36,0.3067095876,0.18748824579872,0.18748824579872,0.13023803224195987,180
pair_00032,afmv2_3eebc33de042,6094,6094,val,r0_foriginal_mvp9,original_mvp9,0,gradient_anisotropy,mean,stable36,0.16781573,0.18748824579872,0.18748824579872,0.13023803224195987,180
pair_00035,afmv2_38a79c48d19d,6099,6099,test,r0_foriginal_mvp9,original_mvp9,0,gradient_anisotropy,mean,stable36,0.07259961218,0.18748824579872,0.18748824579872,0.13023803224195987,180
pair_00002,afmv2_452bfe1ab79e,6023,6023,test,r0_foriginal_mvp9,original_mvp9,0,gradient_anisotropy,ridge,stable36,0.08106280118,0.24792997811918027,0.18748824579872,0.13023803224195987,180
pair_00003,afmv2_2ebd99306a7c,6028,6028,test,r0_foriginal_mvp9,original_mvp9,0,gradient_anisotropy,ridge,stable36,0.1476109177,0.1471327407489277,0.18748824579872,0.13023803224195987,180
pair_00009,afmv2_e66b501502c9,6048,6048,test,r0_foriginal_mvp9,original_mvp9,0,gradient_anisotropy,ridge,stable36,0.1851127148,0.27423366198589905,0.18748824579872,0.13023803224195987,180
pair_00012,afmv2_89d4826511a7,6058,6058,val,r0_foriginal_mvp9,original_mvp9,0,gradient_anisotropy,ridge,stable36,0.1581800729,2.3508133343071558,0.18748824579872,0.13023803224195987,180
pair_00013,afmv2_f797828167ab,6062,6062,val,r0_foriginal_mvp9,original_mvp9,0,gradient_anisotropy,ridge,stable36,0.04239833727,0.26830487644146767,0.18748824579872,0.13023803224195987,180
pair_00014,afmv2_812289c14cda,6063,6063,test,r0_foriginal_mvp9,original_mvp9,0,gradient_anisotropy,ridge,stable36,0.2305995822,0.17174871899449562,0.18748824579872,0.13023803224195987,180
pair_00015,afmv2_02a0adb35817,6065,6065,test,r0_foriginal_mvp9,original_mvp9,0,gradient_anisotropy,ridge,stable36,0.1742949933,0.2535635136460706,0.18748824579872,0.13023803224195987,180
pair_00018,afmv2_70d4ace1949e,6068,6068,val,r0_foriginal_mvp9,original_mvp9,0,gradient_anisotropy,ridge,stable36,0.05659873411,0.3193192028868552,0.18748824579872,0.13023803224195987,180
pair_00022,afmv2_21a48cb18e99,6078,6078,val,r0_foriginal_mvp9,original_mvp9,0,gradient_anisotropy,ridge,stable36,0.3067095876,0.32012789946958015,0.18748824579872,0.13023803224195987,180
pair_00032,afmv2_3eebc33de042,6094,6094,val,r0_foriginal_mvp9,original_mvp9,0,gradient_anisotropy,ridge,stable36,0.16781573,0.013130558006609894,0.18748824579872,0.13023803224195987,180
pair_00035,afmv2_38a79c48d19d,6099,6099,test,r0_foriginal_mvp9,original_mvp9,0,gradient_anisotropy,ridge,stable36,0.07259961218,0.15206404249914995,0.18748824579872,0.13023803224195987,180
pair_00002,afmv2_452bfe1ab79e,6023,6023,test,r0_foriginal_mvp9,original_mvp9,0,gradient_anisotropy,stable_features_mlp,stable36,0.08106280118,0.20549100965618214,0.18748824579872,0.13023803224195987,180
pair_00003,afmv2_2ebd99306a7c,6028,6028,test,r0_foriginal_mvp9,original_mvp9,0,gradient_anisotropy,stable_features_mlp,stable36,0.1476109177,0.15270653771269063,0.18748824579872,0.13023803224195987,180
pair_00009,afmv2_e66b501502c9,6048,6048,test,r0_foriginal_mvp9,original_mvp9,0,gradient_anisotropy,stable_features_mlp,stable36,0.1851127148,0.46557255742436165,0.18748824579872,0.13023803224195987,180
pair_00012,afmv2_89d4826511a7,6058,6058,val,r0_foriginal_mvp9,original_mvp9,0,gradient_anisotropy,stable_features_mlp,stable36,0.1581800729,1.0241843485654454,0.18748824579872,0.13023803224195987,180
pair_00013,afmv2_f797828167ab,6062,6062,val,r0_foriginal_mvp9,original_mvp9,0,gradient_anisotropy,stable_features_mlp,stable36,0.04239833727,0.18243654315003685,0.18748824579872,0.13023803224195987,180
pair_00014,afmv2_812289c14cda,6063,6063,test,r0_foriginal_mvp9,original_mvp9,0,gradient_anisotropy,stable_features_mlp,stable36,0.2305995822,0.1254773000791733,0.18748824579872,0.13023803224195987,180
pair_00015,afmv2_02a0adb35817,6065,6065,test,r0_foriginal_mvp9,original_mvp9,0,gradient_anisotropy,stable_features_mlp,stable36,0.1742949933,0.3681520218605223,0.18748824579872,0.13023803224195987,180
pair_00018,afmv2_70d4ace1949e,6068,6068,val,r0_foriginal_mvp9,original_mvp9,0,gradient_anisotropy,stable_features_mlp,stable36,0.05659873411,0.2551034962532064,0.18748824579872,0.13023803224195987,180
pair_00022,afmv2_21a48cb18e99,6078,6078,val,r0_foriginal_mvp9,original_mvp9,0,gradient_anisotropy,stable_features_mlp,stable36,0.3067095876,0.34540078552173226,0.18748824579872,0.13023803224195987,180
pair_00032,afmv2_3eebc33de042,6094,6094,val,r0_foriginal_mvp9,original_mvp9,0,gradient_anisotropy,stable_features_mlp,stable36,0.16781573,0.1947686536923436,0.18748824579872,0.13023803224195987,180
pair_00035,afmv2_38a79c48d19d,6099,6099,test,r0_foriginal_mvp9,original_mvp9,0,gradient_anisotropy,stable_features_mlp,stable36,0.07259961218,0.29639560152231237,0.18748824579872,0.13023803224195987,180
pair_00002,afmv2_452bfe1ab79e,6023,6023,test,r0_foriginal_mvp9,original_mvp9,0,psd_low_power,mean,stable36,14.33349228,13.44763607072,13.44763607072,1.191063464274655,180
pair_00003,afmv2_2ebd99306a7c,6028,6028,test,r0_foriginal_mvp9,original_mvp9,0,psd_low_power,mean,stable36,13.11231613,13.44763607072,13.44763607072,1.191063464274655,180
pair_00009,afmv2_e66b501502c9,6048,6048,test,r0_foriginal_mvp9,original_mvp9,0,psd_low_power,mean,stable36,12.66497803,13.44763607072,13.44763607072,1.191063464274655,180
pair_00012,afmv2_89d4826511a7,6058,6058,val,r0_foriginal_mvp9,original_mvp9,0,psd_low_power,mean,stable36,15.35902119,13.44763607072,13.44763607072,1.191063464274655,180
pair_00013,afmv2_f797828167ab,6062,6062,val,r0_foriginal_mvp9,original_mvp9,0,psd_low_power,mean,stable36,13.79552174,13.44763607072,13.44763607072,1.191063464274655,180
pair_00014,afmv2_812289c14cda,6063,6063,test,r0_foriginal_mvp9,original_mvp9,0,psd_low_power,mean,stable36,14.87893677,13.44763607072,13.44763607072,1.191063464274655,180
pair_00015,afmv2_02a0adb35817,6065,6065,test,r0_foriginal_mvp9,original_mvp9,0,psd_low_power,mean,stable36,14.93620968,13.44763607072,13.44763607072,1.191063464274655,180
pair_00018,afmv2_70d4ace1949e,6068,6068,val,r0_foriginal_mvp9,original_mvp9,0,psd_low_power,mean,stable36,15.57760048,13.44763607072,13.44763607072,1.191063464274655,180
pair_00022,afmv2_21a48cb18e99,6078,6078,val,r0_foriginal_mvp9,original_mvp9,0,psd_low_power,mean,stable36,13.58019161,13.44763607072,13.44763607072,1.191063464274655,180
pair_00032,afmv2_3eebc33de042,6094,6094,val,r0_foriginal_mvp9,original_mvp9,0,psd_low_power,mean,stable36,14.30185699,13.44763607072,13.44763607072,1.191063464274655,180
pair_00035,afmv2_38a79c48d19d,6099,6099,test,r0_foriginal_mvp9,original_mvp9,0,psd_low_power,mean,stable36,15.83734322,13.44763607072,13.44763607072,1.191063464274655,180
pair_00002,afmv2_452bfe1ab79e,6023,6023,test,r0_foriginal_mvp9,original_mvp9,0,psd_low_power,ridge,stable36,14.33349228,13.12994423282341,13.44763607072,1.191063464274655,180
pair_00003,afmv2_2ebd99306a7c,6028,6028,test,r0_foriginal_mvp9,original_mvp9,0,psd_low_power,ridge,stable36,13.11231613,13.721179136547171,13.44763607072,1.191063464274655,180
pair_00009,afmv2_e66b501502c9,6048,6048,test,r0_foriginal_mvp9,original_mvp9,0,psd_low_power,ridge,stable36,12.66497803,11.789569286784879,13.44763607072,1.191063464274655,180
pair_00012,afmv2_89d4826511a7,6058,6058,val,r0_foriginal_mvp9,original_mvp9,0,psd_low_power,ridge,stable36,15.35902119,20.52591250138792,13.44763607072,1.191063464274655,180
pair_00013,afmv2_f797828167ab,6062,6062,val,r0_foriginal_mvp9,original_mvp9,0,psd_low_power,ridge,stable36,13.79552174,13.271315210323557,13.44763607072,1.191063464274655,180
pair_00014,afmv2_812289c14cda,6063,6063,test,r0_foriginal_mvp9,original_mvp9,0,psd_low_power,ridge,stable36,14.87893677,14.319268832142031,13.44763607072,1.191063464274655,180
pair_00015,afmv2_02a0adb35817,6065,6065,test,r0_foriginal_mvp9,original_mvp9,0,psd_low_power,ridge,stable36,14.93620968,14.187493558711683,13.44763607072,1.191063464274655,180
pair_00018,afmv2_70d4ace1949e,6068,6068,val,r0_foriginal_mvp9,original_mvp9,0,psd_low_power,ridge,stable36,15.57760048,12.898352708355908,13.44763607072,1.191063464274655,180
pair_00022,afmv2_21a48cb18e99,6078,6078,val,r0_foriginal_mvp9,original_mvp9,0,psd_low_power,ridge,stable36,13.58019161,13.149684984136902,13.44763607072,1.191063464274655,180
pair_00032,afmv2_3eebc33de042,6094,6094,val,r0_foriginal_mvp9,original_mvp9,0,psd_low_power,ridge,stable36,14.30185699,13.986218245094921,13.44763607072,1.191063464274655,180
pair_00035,afmv2_38a79c48d19d,6099,6099,test,r0_foriginal_mvp9,original_mvp9,0,psd_low_power,ridge,stable36,15.83734322,9.691021284203636,13.44763607072,1.191063464274655,180
pair_00002,afmv2_452bfe1ab79e,6023,6023,test,r0_foriginal_mvp9,original_mvp9,0,psd_low_power,stable_features_mlp,stable36,14.33349228,13.189058151576063,13.44763607072,1.191063464274655,180
pair_00003,afmv2_2ebd99306a7c,6028,6028,test,r0_foriginal_mvp9,original_mvp9,0,psd_low_power,stable_features_mlp,stable36,13.11231613,12.581891532635524,13.44763607072,1.191063464274655,180
pair_00009,afmv2_e66b501502c9,6048,6048,test,r0_foriginal_mvp9,original_mvp9,0,psd_low_power,stable_features_mlp,stable36,12.66497803,17.051065753571635,13.44763607072,1.191063464274655,180
pair_00012,afmv2_89d4826511a7,6058,6058,val,r0_foriginal_mvp9,original_mvp9,0,psd_low_power,stable_features_mlp,stable36,15.35902119,12.125969213057836,13.44763607072,1.191063464274655,180
pair_00013,afmv2_f797828167ab,6062,6062,val,r0_foriginal_mvp9,original_mvp9,0,psd_low_power,stable_features_mlp,stable36,13.79552174,11.548783753907141,13.44763607072,1.191063464274655,180
pair_00014,afmv2_812289c14cda,6063,6063,test,r0_foriginal_mvp9,original_mvp9,0,psd_low_power,stable_features_mlp,stable36,14.87893677,13.615728231115517,13.44763607072,1.191063464274655,180
pair_00015,afmv2_02a0adb35817,6065,6065,test,r0_foriginal_mvp9,original_mvp9,0,psd_low_power,stable_features_mlp,stable36,14.93620968,13.936400387067376,13.44763607072,1.191063464274655,180
pair_00018,afmv2_70d4ace1949e,6068,6068,val,r0_foriginal_mvp9,original_mvp9,0,psd_low_power,stable_features_mlp,stable36,15.57760048,12.963949309617298,13.44763607072,1.191063464274655,180
pair_00022,afmv2_21a48cb18e99,6078,6078,val,r0_foriginal_mvp9,original_mvp9,0,psd_low_power,stable_features_mlp,stable36,13.58019161,13.510839287848343,13.44763607072,1.191063464274655,180
pair_00032,afmv2_3eebc33de042,6094,6094,val,r0_foriginal_mvp9,original_mvp9,0,psd_low_power,stable_features_mlp,stable36,14.30185699,14.301934279182689,13.44763607072,1.191063464274655,180
pair_00035,afmv2_38a79c48d19d,6099,6099,test,r0_foriginal_mvp9,original_mvp9,0,psd_low_power,stable_features_mlp,stable36,15.83734322,13.923704014203674,13.44763607072,1.191063464274655,180
pair_00002,afmv2_452bfe1ab79e,6023,6023,test,r0_foriginal_mvp9,original_mvp9,0,psd_mid_power,mean,stable36,10.00636673,8.844555015640001,8.844555015640001,1.0808069312731627,180
pair_00003,afmv2_2ebd99306a7c,6028,6028,test,r0_foriginal_mvp9,original_mvp9,0,psd_mid_power,mean,stable36,8.009672165,8.844555015640001,8.844555015640001,1.0808069312731627,180
pair_00009,afmv2_e66b501502c9,6048,6048,test,r0_foriginal_mvp9,original_mvp9,0,psd_mid_power,mean,stable36,7.645261765,8.844555015640001,8.844555015640001,1.0808069312731627,180
pair_00012,afmv2_89d4826511a7,6058,6058,val,r0_foriginal_mvp9,original_mvp9,0,psd_mid_power,mean,stable36,11.07345772,8.844555015640001,8.844555015640001,1.0808069312731627,180
pair_00013,afmv2_f797828167ab,6062,6062,val,r0_foriginal_mvp9,original_mvp9,0,psd_mid_power,mean,stable36,9.039554596,8.844555015640001,8.844555015640001,1.0808069312731627,180
pair_00014,afmv2_812289c14cda,6063,6063,test,r0_foriginal_mvp9,original_mvp9,0,psd_mid_power,mean,stable36,10.33701038,8.844555015640001,8.844555015640001,1.0808069312731627,180
pair_00015,afmv2_02a0adb35817,6065,6065,test,r0_foriginal_mvp9,original_mvp9,0,psd_mid_power,mean,stable36,10.0511322,8.844555015640001,8.844555015640001,1.0808069312731627,180
pair_00018,afmv2_70d4ace1949e,6068,6068,val,r0_foriginal_mvp9,original_mvp9,0,psd_mid_power,mean,stable36,10.99765778,8.844555015640001,8.844555015640001,1.0808069312731627,180
pair_00022,afmv2_21a48cb18e99,6078,6078,val,r0_foriginal_mvp9,original_mvp9,0,psd_mid_power,mean,stable36,9.362760544,8.844555015640001,8.844555015640001,1.0808069312731627,180
pair_00032,afmv2_3eebc33de042,6094,6094,val,r0_foriginal_mvp9,original_mvp9,0,psd_mid_power,mean,stable36,9.639235497,8.844555015640001,8.844555015640001,1.0808069312731627,180
pair_00035,afmv2_38a79c48d19d,6099,6099,test,r0_foriginal_mvp9,original_mvp9,0,psd_mid_power,mean,stable36,11.37425232,8.844555015640001,8.844555015640001,1.0808069312731627,180
pair_00002,afmv2_452bfe1ab79e,6023,6023,test,r0_foriginal_mvp9,original_mvp9,0,psd_mid_power,ridge,stable36,10.00636673,9.026411904647276,8.844555015640001,1.0808069312731627,180
pair_00003,afmv2_2ebd99306a7c,6028,6028,test,r0_foriginal_mvp9,original_mvp9,0,psd_mid_power,ridge,stable36,8.009672165,9.107639117344247,8.844555015640001,1.0808069312731627,180
pair_00009,afmv2_e66b501502c9,6048,6048,test,r0_foriginal_mvp9,original_mvp9,0,psd_mid_power,ridge,stable36,7.645261765,7.729477855930652,8.844555015640001,1.0808069312731627,180
pair_00012,afmv2_89d4826511a7,6058,6058,val,r0_foriginal_mvp9,original_mvp9,0,psd_mid_power,ridge,stable36,11.07345772,12.717404430908203,8.844555015640001,1.0808069312731627,180
pair_00013,afmv2_f797828167ab,6062,6062,val,r0_foriginal_mvp9,original_mvp9,0,psd_mid_power,ridge,stable36,9.039554596,8.52200497612283,8.844555015640001,1.0808069312731627,180
pair_00014,afmv2_812289c14cda,6063,6063,test,r0_foriginal_mvp9,original_mvp9,0,psd_mid_power,ridge,stable36,10.33701038,9.269600656801027,8.844555015640001,1.0808069312731627,180
pair_00015,afmv2_02a0adb35817,6065,6065,test,r0_foriginal_mvp9,original_mvp9,0,psd_mid_power,ridge,stable36,10.0511322,9.80800877508762,8.844555015640001,1.0808069312731627,180
pair_00018,afmv2_70d4ace1949e,6068,6068,val,r0_foriginal_mvp9,original_mvp9,0,psd_mid_power,ridge,stable36,10.99765778,8.527607454864746,8.844555015640001,1.0808069312731627,180
pair_00022,afmv2_21a48cb18e99,6078,6078,val,r0_foriginal_mvp9,original_mvp9,0,psd_mid_power,ridge,stable36,9.362760544,8.975422086225834,8.844555015640001,1.0808069312731627,180
pair_00032,afmv2_3eebc33de042,6094,6094,val,r0_foriginal_mvp9,original_mvp9,0,psd_mid_power,ridge,stable36,9.639235497,8.627841037960481,8.844555015640001,1.0808069312731627,180
pair_00035,afmv2_38a79c48d19d,6099,6099,test,r0_foriginal_mvp9,original_mvp9,0,psd_mid_power,ridge,stable36,11.37425232,4.81685992044845,8.844555015640001,1.0808069312731627,180
pair_00002,afmv2_452bfe1ab79e,6023,6023,test,r0_foriginal_mvp9,original_mvp9,0,psd_mid_power,stable_features_mlp,stable36,10.00636673,8.699827041967577,8.844555015640001,1.0808069312731627,180
pair_00003,afmv2_2ebd99306a7c,6028,6028,test,r0_foriginal_mvp9,original_mvp9,0,psd_mid_power,stable_features_mlp,stable36,8.009672165,7.876715402383979,8.844555015640001,1.0808069312731627,180
pair_00009,afmv2_e66b501502c9,6048,6048,test,r0_foriginal_mvp9,original_mvp9,0,psd_mid_power,stable_features_mlp,stable36,7.645261765,12.63391389513557,8.844555015640001,1.0808069312731627,180
pair_00012,afmv2_89d4826511a7,6058,6058,val,r0_foriginal_mvp9,original_mvp9,0,psd_mid_power,stable_features_mlp,stable36,11.07345772,7.315966589615858,8.844555015640001,1.0808069312731627,180
pair_00013,afmv2_f797828167ab,6062,6062,val,r0_foriginal_mvp9,original_mvp9,0,psd_mid_power,stable_features_mlp,stable36,9.039554596,7.324650555676474,8.844555015640001,1.0808069312731627,180
pair_00014,afmv2_812289c14cda,6063,6063,test,r0_foriginal_mvp9,original_mvp9,0,psd_mid_power,stable_features_mlp,stable36,10.33701038,8.735376657606823,8.844555015640001,1.0808069312731627,180
pair_00015,afmv2_02a0adb35817,6065,6065,test,r0_foriginal_mvp9,original_mvp9,0,psd_mid_power,stable_features_mlp,stable36,10.0511322,9.566548972875458,8.844555015640001,1.0808069312731627,180
pair_00018,afmv2_70d4ace1949e,6068,6068,val,r0_foriginal_mvp9,original_mvp9,0,psd_mid_power,stable_features_mlp,stable36,10.99765778,8.424675529021126,8.844555015640001,1.0808069312731627,180
pair_00022,afmv2_21a48cb18e99,6078,6078,val,r0_foriginal_mvp9,original_mvp9,0,psd_mid_power,stable_features_mlp,stable36,9.362760544,9.28141033527456,8.844555015640001,1.0808069312731627,180
pair_00032,afmv2_3eebc33de042,6094,6094,val,r0_foriginal_mvp9,original_mvp9,0,psd_mid_power,stable_features_mlp,stable36,9.639235497,9.46025864555801,8.844555015640001,1.0808069312731627,180
pair_00035,afmv2_38a79c48d19d,6099,6099,test,r0_foriginal_mvp9,original_mvp9,0,psd_mid_power,stable_features_mlp,stable36,11.37425232,8.447139396671112,8.844555015640001,1.0808069312731627,180
pair_00002,afmv2_452bfe1ab79e,6023,6023,test,r0_foriginal_mvp9,original_mvp9,0,psd_high_power,mean,stable36,6.562877655,6.02599416728,6.02599416728,1.129877479263592,180
pair_00003,afmv2_2ebd99306a7c,6028,6028,test,r0_foriginal_mvp9,original_mvp9,0,psd_high_power,mean,stable36,5.430478096,6.02599416728,6.02599416728,1.129877479263592,180
pair_00009,afmv2_e66b501502c9,6048,6048,test,r0_foriginal_mvp9,original_mvp9,0,psd_high_power,mean,stable36,4.874828339,6.02599416728,6.02599416728,1.129877479263592,180
pair_00012,afmv2_89d4826511a7,6058,6058,val,r0_foriginal_mvp9,original_mvp9,0,psd_high_power,mean,stable36,6.144528389,6.02599416728,6.02599416728,1.129877479263592,180
pair_00013,afmv2_f797828167ab,6062,6062,val,r0_foriginal_mvp9,original_mvp9,0,psd_high_power,mean,stable36,5.844088554,6.02599416728,6.02599416728,1.129877479263592,180
pair_00014,afmv2_812289c14cda,6063,6063,test,r0_foriginal_mvp9,original_mvp9,0,psd_high_power,mean,stable36,6.195608139,6.02599416728,6.02599416728,1.129877479263592,180
pair_00015,afmv2_02a0adb35817,6065,6065,test,r0_foriginal_mvp9,original_mvp9,0,psd_high_power,mean,stable36,6.227412224,6.02599416728,6.02599416728,1.129877479263592,180
pair_00018,afmv2_70d4ace1949e,6068,6068,val,r0_foriginal_mvp9,original_mvp9,0,psd_high_power,mean,stable36,7.585945129,6.02599416728,6.02599416728,1.129877479263592,180
pair_00022,afmv2_21a48cb18e99,6078,6078,val,r0_foriginal_mvp9,original_mvp9,0,psd_high_power,mean,stable36,5.886808395,6.02599416728,6.02599416728,1.129877479263592,180
pair_00032,afmv2_3eebc33de042,6094,6094,val,r0_foriginal_mvp9,original_mvp9,0,psd_high_power,mean,stable36,7.553659916,6.02599416728,6.02599416728,1.129877479263592,180
pair_00035,afmv2_38a79c48d19d,6099,6099,test,r0_foriginal_mvp9,original_mvp9,0,psd_high_power,mean,stable36,8.296926498,6.02599416728,6.02599416728,1.129877479263592,180
pair_00002,afmv2_452bfe1ab79e,6023,6023,test,r0_foriginal_mvp9,original_mvp9,0,psd_high_power,ridge,stable36,6.562877655,4.802748942230918,6.02599416728,1.129877479263592,180
pair_00003,afmv2_2ebd99306a7c,6028,6028,test,r0_foriginal_mvp9,original_mvp9,0,psd_high_power,ridge,stable36,5.430478096,5.956601641333009,6.02599416728,1.129877479263592,180
pair_00009,afmv2_e66b501502c9,6048,6048,test,r0_foriginal_mvp9,original_mvp9,0,psd_high_power,ridge,stable36,4.874828339,5.030566134194,6.02599416728,1.129877479263592,180
pair_00012,afmv2_89d4826511a7,6058,6058,val,r0_foriginal_mvp9,original_mvp9,0,psd_high_power,ridge,stable36,6.144528389,-3.0998394398617144,6.02599416728,1.129877479263592,180
pair_00013,afmv2_f797828167ab,6062,6062,val,r0_foriginal_mvp9,original_mvp9,0,psd_high_power,ridge,stable36,5.844088554,4.9467825246459505,6.02599416728,1.129877479263592,180
pair_00014,afmv2_812289c14cda,6063,6063,test,r0_foriginal_mvp9,original_mvp9,0,psd_high_power,ridge,stable36,6.195608139,6.693969914210206,6.02599416728,1.129877479263592,180
pair_00015,afmv2_02a0adb35817,6065,6065,test,r0_foriginal_mvp9,original_mvp9,0,psd_high_power,ridge,stable36,6.227412224,5.866170772270164,6.02599416728,1.129877479263592,180
pair_00018,afmv2_70d4ace1949e,6068,6068,val,r0_foriginal_mvp9,original_mvp9,0,psd_high_power,ridge,stable36,7.585945129,5.291764017647958,6.02599416728,1.129877479263592,180
pair_00022,afmv2_21a48cb18e99,6078,6078,val,r0_foriginal_mvp9,original_mvp9,0,psd_high_power,ridge,stable36,5.886808395,6.10896237737114,6.02599416728,1.129877479263592,180
pair_00032,afmv2_3eebc33de042,6094,6094,val,r0_foriginal_mvp9,original_mvp9,0,psd_high_power,ridge,stable36,7.553659916,6.024326659564322,6.02599416728,1.129877479263592,180
pair_00035,afmv2_38a79c48d19d,6099,6099,test,r0_foriginal_mvp9,original_mvp9,0,psd_high_power,ridge,stable36,8.296926498,0.5418796483769244,6.02599416728,1.129877479263592,180
pair_00002,afmv2_452bfe1ab79e,6023,6023,test,r0_foriginal_mvp9,original_mvp9,0,psd_high_power,stable_features_mlp,stable36,6.562877655,5.007102537296556,6.02599416728,1.129877479263592,180
pair_00003,afmv2_2ebd99306a7c,6028,6028,test,r0_foriginal_mvp9,original_mvp9,0,psd_high_power,stable_features_mlp,stable36,5.430478096,5.0948520149003595,6.02599416728,1.129877479263592,180
pair_00009,afmv2_e66b501502c9,6048,6048,test,r0_foriginal_mvp9,original_mvp9,0,psd_high_power,stable_features_mlp,stable36,4.874828339,10.803015585407607,6.02599416728,1.129877479263592,180
pair_00012,afmv2_89d4826511a7,6058,6058,val,r0_foriginal_mvp9,original_mvp9,0,psd_high_power,stable_features_mlp,stable36,6.144528389,2.002719349799057,6.02599416728,1.129877479263592,180
pair_00013,afmv2_f797828167ab,6062,6062,val,r0_foriginal_mvp9,original_mvp9,0,psd_high_power,stable_features_mlp,stable36,5.844088554,4.236296939197194,6.02599416728,1.129877479263592,180
pair_00014,afmv2_812289c14cda,6063,6063,test,r0_foriginal_mvp9,original_mvp9,0,psd_high_power,stable_features_mlp,stable36,6.195608139,5.8590414125933,6.02599416728,1.129877479263592,180
pair_00015,afmv2_02a0adb35817,6065,6065,test,r0_foriginal_mvp9,original_mvp9,0,psd_high_power,stable_features_mlp,stable36,6.227412224,6.798916583147472,6.02599416728,1.129877479263592,180
pair_00018,afmv2_70d4ace1949e,6068,6068,val,r0_foriginal_mvp9,original_mvp9,0,psd_high_power,stable_features_mlp,stable36,7.585945129,5.225827016388636,6.02599416728,1.129877479263592,180
pair_00022,afmv2_21a48cb18e99,6078,6078,val,r0_foriginal_mvp9,original_mvp9,0,psd_high_power,stable_features_mlp,stable36,5.886808395,5.5453747741950234,6.02599416728,1.129877479263592,180
pair_00032,afmv2_3eebc33de042,6094,6094,val,r0_foriginal_mvp9,original_mvp9,0,psd_high_power,stable_features_mlp,stable36,7.553659916,7.048154096012692,6.02599416728,1.129877479263592,180
pair_00035,afmv2_38a79c48d19d,6099,6099,test,r0_foriginal_mvp9,original_mvp9,0,psd_high_power,stable_features_mlp,stable36,8.296926498,5.252085672074253,6.02599416728,1.129877479263592,180
pair_00002,afmv2_452bfe1ab79e,6023,6023,test,r0_foriginal_mvp9,original_mvp9,0,psd_slope,mean,stable36,-3.852440596,-3.5668580818,-3.5668580818,0.437125166846405,180
pair_00003,afmv2_2ebd99306a7c,6028,6028,test,r0_foriginal_mvp9,original_mvp9,0,psd_slope,mean,stable36,-3.625305414,-3.5668580818,-3.5668580818,0.437125166846405,180
pair_00009,afmv2_e66b501502c9,6048,6048,test,r0_foriginal_mvp9,original_mvp9,0,psd_slope,mean,stable36,-3.638755798,-3.5668580818,-3.5668580818,0.437125166846405,180
pair_00012,afmv2_89d4826511a7,6058,6058,val,r0_foriginal_mvp9,original_mvp9,0,psd_slope,mean,stable36,-4.185360432,-3.5668580818,-3.5668580818,0.437125166846405,180
pair_00013,afmv2_f797828167ab,6062,6062,val,r0_foriginal_mvp9,original_mvp9,0,psd_slope,mean,stable36,-3.730400085,-3.5668580818,-3.5668580818,0.437125166846405,180
pair_00014,afmv2_812289c14cda,6063,6063,test,r0_foriginal_mvp9,original_mvp9,0,psd_slope,mean,stable36,-4.038947582,-3.5668580818,-3.5668580818,0.437125166846405,180
pair_00015,afmv2_02a0adb35817,6065,6065,test,r0_foriginal_mvp9,original_mvp9,0,psd_slope,mean,stable36,-3.970103025,-3.5668580818,-3.5668580818,0.437125166846405,180
pair_00018,afmv2_70d4ace1949e,6068,6068,val,r0_foriginal_mvp9,original_mvp9,0,psd_slope,mean,stable36,-3.598114252,-3.5668580818,-3.5668580818,0.437125166846405,180
pair_00022,afmv2_21a48cb18e99,6078,6078,val,r0_foriginal_mvp9,original_mvp9,0,psd_slope,mean,stable36,-3.67270565,-3.5668580818,-3.5668580818,0.437125166846405,180
pair_00032,afmv2_3eebc33de042,6094,6094,val,r0_foriginal_mvp9,original_mvp9,0,psd_slope,mean,stable36,-3.463168859,-3.5668580818,-3.5668580818,0.437125166846405,180
pair_00035,afmv2_38a79c48d19d,6099,6099,test,r0_foriginal_mvp9,original_mvp9,0,psd_slope,mean,stable36,-3.714233637,-3.5668580818,-3.5668580818,0.437125166846405,180
pair_00002,afmv2_452bfe1ab79e,6023,6023,test,r0_foriginal_mvp9,original_mvp9,0,psd_slope,ridge,stable36,-3.852440596,-3.875961990668642,-3.5668580818,0.437125166846405,180
pair_00003,afmv2_2ebd99306a7c,6028,6028,test,r0_foriginal_mvp9,original_mvp9,0,psd_slope,ridge,stable36,-3.625305414,-3.758180017538216,-3.5668580818,0.437125166846405,180
pair_00009,afmv2_e66b501502c9,6048,6048,test,r0_foriginal_mvp9,original_mvp9,0,psd_slope,ridge,stable36,-3.638755798,-3.6109337754639914,-3.5668580818,0.437125166846405,180
pair_00012,afmv2_89d4826511a7,6058,6058,val,r0_foriginal_mvp9,original_mvp9,0,psd_slope,ridge,stable36,-4.185360432,-7.702031744963731,-3.5668580818,0.437125166846405,180
pair_00013,afmv2_f797828167ab,6062,6062,val,r0_foriginal_mvp9,original_mvp9,0,psd_slope,ridge,stable36,-3.730400085,-3.9193328105119756,-3.5668580818,0.437125166846405,180
pair_00014,afmv2_812289c14cda,6063,6063,test,r0_foriginal_mvp9,original_mvp9,0,psd_slope,ridge,stable36,-4.038947582,-3.6223553537632296,-3.5668580818,0.437125166846405,180
pair_00015,afmv2_02a0adb35817,6065,6065,test,r0_foriginal_mvp9,original_mvp9,0,psd_slope,ridge,stable36,-3.970103025,-3.819923588842732,-3.5668580818,0.437125166846405,180
pair_00018,afmv2_70d4ace1949e,6068,6068,val,r0_foriginal_mvp9,original_mvp9,0,psd_slope,ridge,stable36,-3.598114252,-3.6490557965270414,-3.5668580818,0.437125166846405,180
pair_00022,afmv2_21a48cb18e99,6078,6078,val,r0_foriginal_mvp9,original_mvp9,0,psd_slope,ridge,stable36,-3.67270565,-3.3419165024978525,-3.5668580818,0.437125166846405,180
pair_00032,afmv2_3eebc33de042,6094,6094,val,r0_foriginal_mvp9,original_mvp9,0,psd_slope,ridge,stable36,-3.463168859,-3.4587242321351974,-3.5668580818,0.437125166846405,180
pair_00035,afmv2_38a79c48d19d,6099,6099,test,r0_foriginal_mvp9,original_mvp9,0,psd_slope,ridge,stable36,-3.714233637,-4.451307367679575,-3.5668580818,0.437125166846405,180
pair_00002,afmv2_452bfe1ab79e,6023,6023,test,r0_foriginal_mvp9,original_mvp9,0,psd_slope,stable_features_mlp,stable36,-3.852440596,-3.668307633238685,-3.5668580818,0.437125166846405,180
pair_00003,afmv2_2ebd99306a7c,6028,6028,test,r0_foriginal_mvp9,original_mvp9,0,psd_slope,stable_features_mlp,stable36,-3.625305414,-3.744011763558876,-3.5668580818,0.437125166846405,180
pair_00009,afmv2_e66b501502c9,6048,6048,test,r0_foriginal_mvp9,original_mvp9,0,psd_slope,stable_features_mlp,stable36,-3.638755798,-1.8693329990961485,-3.5668580818,0.437125166846405,180
pair_00012,afmv2_89d4826511a7,6058,6058,val,r0_foriginal_mvp9,original_mvp9,0,psd_slope,stable_features_mlp,stable36,-4.185360432,-5.262816860742242,-3.5668580818,0.437125166846405,180
pair_00013,afmv2_f797828167ab,6062,6062,val,r0_foriginal_mvp9,original_mvp9,0,psd_slope,stable_features_mlp,stable36,-3.730400085,-4.0145988674403235,-3.5668580818,0.437125166846405,180
pair_00014,afmv2_812289c14cda,6063,6063,test,r0_foriginal_mvp9,original_mvp9,0,psd_slope,stable_features_mlp,stable36,-4.038947582,-3.869586590336957,-3.5668580818,0.437125166846405,180
pair_00015,afmv2_02a0adb35817,6065,6065,test,r0_foriginal_mvp9,original_mvp9,0,psd_slope,stable_features_mlp,stable36,-3.970103025,-3.094545326182565,-3.5668580818,0.437125166846405,180
pair_00018,afmv2_70d4ace1949e,6068,6068,val,r0_foriginal_mvp9,original_mvp9,0,psd_slope,stable_features_mlp,stable36,-3.598114252,-3.7716574965411818,-3.5668580818,0.437125166846405,180
pair_00022,afmv2_21a48cb18e99,6078,6078,val,r0_foriginal_mvp9,original_mvp9,0,psd_slope,stable_features_mlp,stable36,-3.67270565,-3.64501949509838,-3.5668580818,0.437125166846405,180
pair_00032,afmv2_3eebc33de042,6094,6094,val,r0_foriginal_mvp9,original_mvp9,0,psd_slope,stable_features_mlp,stable36,-3.463168859,-3.1481615276707644,-3.5668580818,0.437125166846405,180
pair_00035,afmv2_38a79c48d19d,6099,6099,test,r0_foriginal_mvp9,original_mvp9,0,psd_slope,stable_features_mlp,stable36,-3.714233637,-3.6836479965428577,-3.5668580818,0.437125166846405,180
pair_00002,afmv2_452bfe1ab79e,6023,6023,test,r0_foriginal_mvp9,original_mvp9,0,autocorrelation_length_px,mean,stable36,19.0,15.6,15.6,13.824615727028364,180
pair_00003,afmv2_2ebd99306a7c,6028,6028,test,r0_foriginal_mvp9,original_mvp9,0,autocorrelation_length_px,mean,stable36,8.0,15.6,15.6,13.824615727028364,180
pair_00009,afmv2_e66b501502c9,6048,6048,test,r0_foriginal_mvp9,original_mvp9,0,autocorrelation_length_px,mean,stable36,8.0,15.6,15.6,13.824615727028364,180
pair_00012,afmv2_89d4826511a7,6058,6058,val,r0_foriginal_mvp9,original_mvp9,0,autocorrelation_length_px,mean,stable36,23.0,15.6,15.6,13.824615727028364,180
pair_00013,afmv2_f797828167ab,6062,6062,val,r0_foriginal_mvp9,original_mvp9,0,autocorrelation_length_px,mean,stable36,12.0,15.6,15.6,13.824615727028364,180
pair_00014,afmv2_812289c14cda,6063,6063,test,r0_foriginal_mvp9,original_mvp9,0,autocorrelation_length_px,mean,stable36,17.0,15.6,15.6,13.824615727028364,180
pair_00015,afmv2_02a0adb35817,6065,6065,test,r0_foriginal_mvp9,original_mvp9,0,autocorrelation_length_px,mean,stable36,28.0,15.6,15.6,13.824615727028364,180
pair_00018,afmv2_70d4ace1949e,6068,6068,val,r0_foriginal_mvp9,original_mvp9,0,autocorrelation_length_px,mean,stable36,7.0,15.6,15.6,13.824615727028364,180
pair_00022,afmv2_21a48cb18e99,6078,6078,val,r0_foriginal_mvp9,original_mvp9,0,autocorrelation_length_px,mean,stable36,45.0,15.6,15.6,13.824615727028364,180
pair_00032,afmv2_3eebc33de042,6094,6094,val,r0_foriginal_mvp9,original_mvp9,0,autocorrelation_length_px,mean,stable36,14.0,15.6,15.6,13.824615727028364,180
pair_00035,afmv2_38a79c48d19d,6099,6099,test,r0_foriginal_mvp9,original_mvp9,0,autocorrelation_length_px,mean,stable36,17.0,15.6,15.6,13.824615727028364,180
pair_00002,afmv2_452bfe1ab79e,6023,6023,test,r0_foriginal_mvp9,original_mvp9,0,autocorrelation_length_px,ridge,stable36,19.0,31.99911875811552,15.6,13.824615727028364,180
pair_00003,afmv2_2ebd99306a7c,6028,6028,test,r0_foriginal_mvp9,original_mvp9,0,autocorrelation_length_px,ridge,stable36,8.0,9.07607709507436,15.6,13.824615727028364,180
pair_00009,afmv2_e66b501502c9,6048,6048,test,r0_foriginal_mvp9,original_mvp9,0,autocorrelation_length_px,ridge,stable36,8.0,55.96731205787632,15.6,13.824615727028364,180
pair_00012,afmv2_89d4826511a7,6058,6058,val,r0_foriginal_mvp9,original_mvp9,0,autocorrelation_length_px,ridge,stable36,23.0,-29.146569603242355,15.6,13.824615727028364,180
pair_00013,afmv2_f797828167ab,6062,6062,val,r0_foriginal_mvp9,original_mvp9,0,autocorrelation_length_px,ridge,stable36,12.0,32.64767169151286,15.6,13.824615727028364,180
pair_00014,afmv2_812289c14cda,6063,6063,test,r0_foriginal_mvp9,original_mvp9,0,autocorrelation_length_px,ridge,stable36,17.0,11.650102199601971,15.6,13.824615727028364,180
pair_00015,afmv2_02a0adb35817,6065,6065,test,r0_foriginal_mvp9,original_mvp9,0,autocorrelation_length_px,ridge,stable36,28.0,38.75217160385254,15.6,13.824615727028364,180
pair_00018,afmv2_70d4ace1949e,6068,6068,val,r0_foriginal_mvp9,original_mvp9,0,autocorrelation_length_px,ridge,stable36,7.0,36.6208152629594,15.6,13.824615727028364,180
pair_00022,afmv2_21a48cb18e99,6078,6078,val,r0_foriginal_mvp9,original_mvp9,0,autocorrelation_length_px,ridge,stable36,45.0,29.897280150353645,15.6,13.824615727028364,180
pair_00032,afmv2_3eebc33de042,6094,6094,val,r0_foriginal_mvp9,original_mvp9,0,autocorrelation_length_px,ridge,stable36,14.0,-2.358772756386676,15.6,13.824615727028364,180
pair_00035,afmv2_38a79c48d19d,6099,6099,test,r0_foriginal_mvp9,original_mvp9,0,autocorrelation_length_px,ridge,stable36,17.0,35.338027416679736,15.6,13.824615727028364,180
pair_00002,afmv2_452bfe1ab79e,6023,6023,test,r0_foriginal_mvp9,original_mvp9,0,autocorrelation_length_px,stable_features_mlp,stable36,19.0,24.2383322172206,15.6,13.824615727028364,180
pair_00003,afmv2_2ebd99306a7c,6028,6028,test,r0_foriginal_mvp9,original_mvp9,0,autocorrelation_length_px,stable_features_mlp,stable36,8.0,10.976089788772978,15.6,13.824615727028364,180
pair_00009,afmv2_e66b501502c9,6048,6048,test,r0_foriginal_mvp9,original_mvp9,0,autocorrelation_length_px,stable_features_mlp,stable36,8.0,50.28812393494641,15.6,13.824615727028364,180
pair_00012,afmv2_89d4826511a7,6058,6058,val,r0_foriginal_mvp9,original_mvp9,0,autocorrelation_length_px,stable_features_mlp,stable36,23.0,5.609759395819431,15.6,13.824615727028364,180
pair_00013,afmv2_f797828167ab,6062,6062,val,r0_foriginal_mvp9,original_mvp9,0,autocorrelation_length_px,stable_features_mlp,stable36,12.0,29.130422265219323,15.6,13.824615727028364,180
pair_00014,afmv2_812289c14cda,6063,6063,test,r0_foriginal_mvp9,original_mvp9,0,autocorrelation_length_px,stable_features_mlp,stable36,17.0,11.949243025313645,15.6,13.824615727028364,180
pair_00015,afmv2_02a0adb35817,6065,6065,test,r0_foriginal_mvp9,original_mvp9,0,autocorrelation_length_px,stable_features_mlp,stable36,28.0,32.2136006618824,15.6,13.824615727028364,180
pair_00018,afmv2_70d4ace1949e,6068,6068,val,r0_foriginal_mvp9,original_mvp9,0,autocorrelation_length_px,stable_features_mlp,stable36,7.0,29.619898167282365,15.6,13.824615727028364,180
pair_00022,afmv2_21a48cb18e99,6078,6078,val,r0_foriginal_mvp9,original_mvp9,0,autocorrelation_length_px,stable_features_mlp,stable36,45.0,40.17686243775253,15.6,13.824615727028364,180
pair_00032,afmv2_3eebc33de042,6094,6094,val,r0_foriginal_mvp9,original_mvp9,0,autocorrelation_length_px,stable_features_mlp,stable36,14.0,11.251534109249814,15.6,13.824615727028364,180
pair_00035,afmv2_38a79c48d19d,6099,6099,test,r0_foriginal_mvp9,original_mvp9,0,autocorrelation_length_px,stable_features_mlp,stable36,17.0,33.45021421041924,15.6,13.824615727028364,180
pair_00002,afmv2_452bfe1ab79e,6023,6023,test,r0_foriginal_mvp9,original_mvp9,0,island_count,mean,stable36,17.0,149.44,149.44,193.8023900781412,180
pair_00003,afmv2_2ebd99306a7c,6028,6028,test,r0_foriginal_mvp9,original_mvp9,0,island_count,mean,stable36,99.0,149.44,149.44,193.8023900781412,180
pair_00009,afmv2_e66b501502c9,6048,6048,test,r0_foriginal_mvp9,original_mvp9,0,island_count,mean,stable36,76.0,149.44,149.44,193.8023900781412,180
pair_00012,afmv2_89d4826511a7,6058,6058,val,r0_foriginal_mvp9,original_mvp9,0,island_count,mean,stable36,56.0,149.44,149.44,193.8023900781412,180
pair_00013,afmv2_f797828167ab,6062,6062,val,r0_foriginal_mvp9,original_mvp9,0,island_count,mean,stable36,192.0,149.44,149.44,193.8023900781412,180
pair_00014,afmv2_812289c14cda,6063,6063,test,r0_foriginal_mvp9,original_mvp9,0,island_count,mean,stable36,85.0,149.44,149.44,193.8023900781412,180
pair_00015,afmv2_02a0adb35817,6065,6065,test,r0_foriginal_mvp9,original_mvp9,0,island_count,mean,stable36,134.0,149.44,149.44,193.8023900781412,180
pair_00018,afmv2_70d4ace1949e,6068,6068,val,r0_foriginal_mvp9,original_mvp9,0,island_count,mean,stable36,109.0,149.44,149.44,193.8023900781412,180
pair_00022,afmv2_21a48cb18e99,6078,6078,val,r0_foriginal_mvp9,original_mvp9,0,island_count,mean,stable36,124.0,149.44,149.44,193.8023900781412,180
pair_00032,afmv2_3eebc33de042,6094,6094,val,r0_foriginal_mvp9,original_mvp9,0,island_count,mean,stable36,126.0,149.44,149.44,193.8023900781412,180
pair_00035,afmv2_38a79c48d19d,6099,6099,test,r0_foriginal_mvp9,original_mvp9,0,island_count,mean,stable36,80.0,149.44,149.44,193.8023900781412,180
pair_00002,afmv2_452bfe1ab79e,6023,6023,test,r0_foriginal_mvp9,original_mvp9,0,island_count,ridge,stable36,17.0,54.27286177861477,149.44,193.8023900781412,180
pair_00003,afmv2_2ebd99306a7c,6028,6028,test,r0_foriginal_mvp9,original_mvp9,0,island_count,ridge,stable36,99.0,117.26704864005214,149.44,193.8023900781412,180
pair_00009,afmv2_e66b501502c9,6048,6048,test,r0_foriginal_mvp9,original_mvp9,0,island_count,ridge,stable36,76.0,-209.0361834881342,149.44,193.8023900781412,180
pair_00012,afmv2_89d4826511a7,6058,6058,val,r0_foriginal_mvp9,original_mvp9,0,island_count,ridge,stable36,56.0,-4147.177485254528,149.44,193.8023900781412,180
pair_00013,afmv2_f797828167ab,6062,6062,val,r0_foriginal_mvp9,original_mvp9,0,island_count,ridge,stable36,192.0,-112.7181324138266,149.44,193.8023900781412,180
pair_00014,afmv2_812289c14cda,6063,6063,test,r0_foriginal_mvp9,original_mvp9,0,island_count,ridge,stable36,85.0,206.94612488724678,149.44,193.8023900781412,180
pair_00015,afmv2_02a0adb35817,6065,6065,test,r0_foriginal_mvp9,original_mvp9,0,island_count,ridge,stable36,134.0,123.64092757462234,149.44,193.8023900781412,180
pair_00018,afmv2_70d4ace1949e,6068,6068,val,r0_foriginal_mvp9,original_mvp9,0,island_count,ridge,stable36,109.0,207.8383991487694,149.44,193.8023900781412,180
pair_00022,afmv2_21a48cb18e99,6078,6078,val,r0_foriginal_mvp9,original_mvp9,0,island_count,ridge,stable36,124.0,163.70268230277694,149.44,193.8023900781412,180
pair_00032,afmv2_3eebc33de042,6094,6094,val,r0_foriginal_mvp9,original_mvp9,0,island_count,ridge,stable36,126.0,-126.09846898877038,149.44,193.8023900781412,180
pair_00035,afmv2_38a79c48d19d,6099,6099,test,r0_foriginal_mvp9,original_mvp9,0,island_count,ridge,stable36,80.0,98.93943462224334,149.44,193.8023900781412,180
pair_00002,afmv2_452bfe1ab79e,6023,6023,test,r0_foriginal_mvp9,original_mvp9,0,island_count,stable_features_mlp,stable36,17.0,130.7217452539637,149.44,193.8023900781412,180
pair_00003,afmv2_2ebd99306a7c,6028,6028,test,r0_foriginal_mvp9,original_mvp9,0,island_count,stable_features_mlp,stable36,99.0,127.38924649411922,149.44,193.8023900781412,180
pair_00009,afmv2_e66b501502c9,6048,6048,test,r0_foriginal_mvp9,original_mvp9,0,island_count,stable_features_mlp,stable36,76.0,742.2046272716834,149.44,193.8023900781412,180
pair_00012,afmv2_89d4826511a7,6058,6058,val,r0_foriginal_mvp9,original_mvp9,0,island_count,stable_features_mlp,stable36,56.0,-1889.3264853577064,149.44,193.8023900781412,180
pair_00013,afmv2_f797828167ab,6062,6062,val,r0_foriginal_mvp9,original_mvp9,0,island_count,stable_features_mlp,stable36,192.0,-180.40631225746228,149.44,193.8023900781412,180
pair_00014,afmv2_812289c14cda,6063,6063,test,r0_foriginal_mvp9,original_mvp9,0,island_count,stable_features_mlp,stable36,85.0,20.936357312120606,149.44,193.8023900781412,180
pair_00015,afmv2_02a0adb35817,6065,6065,test,r0_foriginal_mvp9,original_mvp9,0,island_count,stable_features_mlp,stable36,134.0,412.4519747596017,149.44,193.8023900781412,180
pair_00018,afmv2_70d4ace1949e,6068,6068,val,r0_foriginal_mvp9,original_mvp9,0,island_count,stable_features_mlp,stable36,109.0,121.72409679032586,149.44,193.8023900781412,180
pair_00022,afmv2_21a48cb18e99,6078,6078,val,r0_foriginal_mvp9,original_mvp9,0,island_count,stable_features_mlp,stable36,124.0,197.516495683815,149.44,193.8023900781412,180
pair_00032,afmv2_3eebc33de042,6094,6094,val,r0_foriginal_mvp9,original_mvp9,0,island_count,stable_features_mlp,stable36,126.0,92.38893579473635,149.44,193.8023900781412,180
pair_00035,afmv2_38a79c48d19d,6099,6099,test,r0_foriginal_mvp9,original_mvp9,0,island_count,stable_features_mlp,stable36,80.0,164.42886299634773,149.44,193.8023900781412,180
pair_00002,afmv2_452bfe1ab79e,6023,6023,test,r0_foriginal_mvp9,original_mvp9,0,island_mean_area_px,mean,stable36,963.7647095,436.64636932760004,436.64636932760004,771.9916159347626,180
pair_00003,afmv2_2ebd99306a7c,6028,6028,test,r0_foriginal_mvp9,original_mvp9,0,island_mean_area_px,mean,stable36,165.4949493,436.64636932760004,436.64636932760004,771.9916159347626,180
pair_00009,afmv2_e66b501502c9,6048,6048,test,r0_foriginal_mvp9,original_mvp9,0,island_mean_area_px,mean,stable36,215.578949,436.64636932760004,436.64636932760004,771.9916159347626,180
pair_00012,afmv2_89d4826511a7,6058,6058,val,r0_foriginal_mvp9,original_mvp9,0,island_mean_area_px,mean,stable36,1170.285767,436.64636932760004,436.64636932760004,771.9916159347626,180
pair_00013,afmv2_f797828167ab,6062,6062,val,r0_foriginal_mvp9,original_mvp9,0,island_mean_area_px,mean,stable36,341.3333435,436.64636932760004,436.64636932760004,771.9916159347626,180
pair_00014,afmv2_812289c14cda,6063,6063,test,r0_foriginal_mvp9,original_mvp9,0,island_mean_area_px,mean,stable36,771.0117798,436.64636932760004,436.64636932760004,771.9916159347626,180
pair_00015,afmv2_02a0adb35817,6065,6065,test,r0_foriginal_mvp9,original_mvp9,0,island_mean_area_px,mean,stable36,122.2686539,436.64636932760004,436.64636932760004,771.9916159347626,180
pair_00018,afmv2_70d4ace1949e,6068,6068,val,r0_foriginal_mvp9,original_mvp9,0,island_mean_area_px,mean,stable36,150.3119202,436.64636932760004,436.64636932760004,771.9916159347626,180
pair_00022,afmv2_21a48cb18e99,6078,6078,val,r0_foriginal_mvp9,original_mvp9,0,island_mean_area_px,mean,stable36,528.5161133,436.64636932760004,436.64636932760004,771.9916159347626,180
pair_00032,afmv2_3eebc33de042,6094,6094,val,r0_foriginal_mvp9,original_mvp9,0,island_mean_area_px,mean,stable36,520.1190186,436.64636932760004,436.64636932760004,771.9916159347626,180
pair_00035,afmv2_38a79c48d19d,6099,6099,test,r0_foriginal_mvp9,original_mvp9,0,island_mean_area_px,mean,stable36,819.2000122,436.64636932760004,436.64636932760004,771.9916159347626,180
pair_00002,afmv2_452bfe1ab79e,6023,6023,test,r0_foriginal_mvp9,original_mvp9,0,island_mean_area_px,ridge,stable36,963.7647095,1620.0476674653282,436.64636932760004,771.9916159347626,180
pair_00003,afmv2_2ebd99306a7c,6028,6028,test,r0_foriginal_mvp9,original_mvp9,0,island_mean_area_px,ridge,stable36,165.4949493,519.4924397646541,436.64636932760004,771.9916159347626,180
pair_00009,afmv2_e66b501502c9,6048,6048,test,r0_foriginal_mvp9,original_mvp9,0,island_mean_area_px,ridge,stable36,215.578949,1496.4306561402186,436.64636932760004,771.9916159347626,180
pair_00012,afmv2_89d4826511a7,6058,6058,val,r0_foriginal_mvp9,original_mvp9,0,island_mean_area_px,ridge,stable36,1170.285767,7595.784584166341,436.64636932760004,771.9916159347626,180
pair_00013,afmv2_f797828167ab,6062,6062,val,r0_foriginal_mvp9,original_mvp9,0,island_mean_area_px,ridge,stable36,341.3333435,975.9275897569768,436.64636932760004,771.9916159347626,180
pair_00014,afmv2_812289c14cda,6063,6063,test,r0_foriginal_mvp9,original_mvp9,0,island_mean_area_px,ridge,stable36,771.0117798,500.39937544845094,436.64636932760004,771.9916159347626,180
pair_00015,afmv2_02a0adb35817,6065,6065,test,r0_foriginal_mvp9,original_mvp9,0,island_mean_area_px,ridge,stable36,122.2686539,1756.7128578534835,436.64636932760004,771.9916159347626,180
pair_00018,afmv2_70d4ace1949e,6068,6068,val,r0_foriginal_mvp9,original_mvp9,0,island_mean_area_px,ridge,stable36,150.3119202,1573.9639918846126,436.64636932760004,771.9916159347626,180
pair_00022,afmv2_21a48cb18e99,6078,6078,val,r0_foriginal_mvp9,original_mvp9,0,island_mean_area_px,ridge,stable36,528.5161133,1710.8381791599495,436.64636932760004,771.9916159347626,180
pair_00032,afmv2_3eebc33de042,6094,6094,val,r0_foriginal_mvp9,original_mvp9,0,island_mean_area_px,ridge,stable36,520.1190186,-1258.4503546886708,436.64636932760004,771.9916159347626,180
pair_00035,afmv2_38a79c48d19d,6099,6099,test,r0_foriginal_mvp9,original_mvp9,0,island_mean_area_px,ridge,stable36,819.2000122,422.16481361966896,436.64636932760004,771.9916159347626,180
pair_00002,afmv2_452bfe1ab79e,6023,6023,test,r0_foriginal_mvp9,original_mvp9,0,island_mean_area_px,stable_features_mlp,stable36,963.7647095,653.6526871941496,436.64636932760004,771.9916159347626,180
pair_00003,afmv2_2ebd99306a7c,6028,6028,test,r0_foriginal_mvp9,original_mvp9,0,island_mean_area_px,stable_features_mlp,stable36,165.4949493,43.3350261088533,436.64636932760004,771.9916159347626,180
pair_00009,afmv2_e66b501502c9,6048,6048,test,r0_foriginal_mvp9,original_mvp9,0,island_mean_area_px,stable_features_mlp,stable36,215.578949,1918.3229448739298,436.64636932760004,771.9916159347626,180
pair_00012,afmv2_89d4826511a7,6058,6058,val,r0_foriginal_mvp9,original_mvp9,0,island_mean_area_px,stable_features_mlp,stable36,1170.285767,2840.0542504315063,436.64636932760004,771.9916159347626,180
pair_00013,afmv2_f797828167ab,6062,6062,val,r0_foriginal_mvp9,original_mvp9,0,island_mean_area_px,stable_features_mlp,stable36,341.3333435,515.6828997682629,436.64636932760004,771.9916159347626,180
pair_00014,afmv2_812289c14cda,6063,6063,test,r0_foriginal_mvp9,original_mvp9,0,island_mean_area_px,stable_features_mlp,stable36,771.0117798,262.413873432812,436.64636932760004,771.9916159347626,180
pair_00015,afmv2_02a0adb35817,6065,6065,test,r0_foriginal_mvp9,original_mvp9,0,island_mean_area_px,stable_features_mlp,stable36,122.2686539,1495.576446934221,436.64636932760004,771.9916159347626,180
pair_00018,afmv2_70d4ace1949e,6068,6068,val,r0_foriginal_mvp9,original_mvp9,0,island_mean_area_px,stable_features_mlp,stable36,150.3119202,1416.7720125523306,436.64636932760004,771.9916159347626,180
pair_00022,afmv2_21a48cb18e99,6078,6078,val,r0_foriginal_mvp9,original_mvp9,0,island_mean_area_px,stable_features_mlp,stable36,528.5161133,2159.7376327975753,436.64636932760004,771.9916159347626,180
pair_00032,afmv2_3eebc33de042,6094,6094,val,r0_foriginal_mvp9,original_mvp9,0,island_mean_area_px,stable_features_mlp,stable36,520.1190186,137.1497807389946,436.64636932760004,771.9916159347626,180
pair_00035,afmv2_38a79c48d19d,6099,6099,test,r0_foriginal_mvp9,original_mvp9,0,island_mean_area_px,stable_features_mlp,stable36,819.2000122,1106.915307462411,436.64636932760004,771.9916159347626,180
pair_00002,afmv2_452bfe1ab79e,6023,6023,test,r0_foriginal_mvp9,original_mvp9,0,rq,mean,brightness_only_diagnostic,10.28980446,3.9306732558519997,3.9306732558519997,2.7018052422393133,20
pair_00003,afmv2_2ebd99306a7c,6028,6028,test,r0_foriginal_mvp9,original_mvp9,0,rq,mean,brightness_only_diagnostic,2.319947004,3.9306732558519997,3.9306732558519997,2.7018052422393133,20
pair_00009,afmv2_e66b501502c9,6048,6048,test,r0_foriginal_mvp9,original_mvp9,0,rq,mean,brightness_only_diagnostic,1.868148208,3.9306732558519997,3.9306732558519997,2.7018052422393133,20
pair_00012,afmv2_89d4826511a7,6058,6058,val,r0_foriginal_mvp9,original_mvp9,0,rq,mean,brightness_only_diagnostic,7.461155891,3.9306732558519997,3.9306732558519997,2.7018052422393133,20
pair_00013,afmv2_f797828167ab,6062,6062,val,r0_foriginal_mvp9,original_mvp9,0,rq,mean,brightness_only_diagnostic,2.571070194,3.9306732558519997,3.9306732558519997,2.7018052422393133,20
pair_00014,afmv2_812289c14cda,6063,6063,test,r0_foriginal_mvp9,original_mvp9,0,rq,mean,brightness_only_diagnostic,5.709474564,3.9306732558519997,3.9306732558519997,2.7018052422393133,20
pair_00015,afmv2_02a0adb35817,6065,6065,test,r0_foriginal_mvp9,original_mvp9,0,rq,mean,brightness_only_diagnostic,5.606737137,3.9306732558519997,3.9306732558519997,2.7018052422393133,20
pair_00018,afmv2_70d4ace1949e,6068,6068,val,r0_foriginal_mvp9,original_mvp9,0,rq,mean,brightness_only_diagnostic,10.2050066,3.9306732558519997,3.9306732558519997,2.7018052422393133,20
pair_00022,afmv2_21a48cb18e99,6078,6078,val,r0_foriginal_mvp9,original_mvp9,0,rq,mean,brightness_only_diagnostic,2.606983185,3.9306732558519997,3.9306732558519997,2.7018052422393133,20
pair_00032,afmv2_3eebc33de042,6094,6094,val,r0_foriginal_mvp9,original_mvp9,0,rq,mean,brightness_only_diagnostic,4.153931141,3.9306732558519997,3.9306732558519997,2.7018052422393133,20
pair_00035,afmv2_38a79c48d19d,6099,6099,test,r0_foriginal_mvp9,original_mvp9,0,rq,mean,brightness_only_diagnostic,10.46141243,3.9306732558519997,3.9306732558519997,2.7018052422393133,20
pair_00002,afmv2_452bfe1ab79e,6023,6023,test,r0_foriginal_mvp9,original_mvp9,0,rq,ridge,brightness_only_diagnostic,10.28980446,4.92776907522027,3.9306732558519997,2.7018052422393133,20
pair_00003,afmv2_2ebd99306a7c,6028,6028,test,r0_foriginal_mvp9,original_mvp9,0,rq,ridge,brightness_only_diagnostic,2.319947004,5.002495163339523,3.9306732558519997,2.7018052422393133,20
pair_00009,afmv2_e66b501502c9,6048,6048,test,r0_foriginal_mvp9,original_mvp9,0,rq,ridge,brightness_only_diagnostic,1.868148208,6.985290715927462,3.9306732558519997,2.7018052422393133,20
pair_00012,afmv2_89d4826511a7,6058,6058,val,r0_foriginal_mvp9,original_mvp9,0,rq,ridge,brightness_only_diagnostic,7.461155891,-5.848861030496902,3.9306732558519997,2.7018052422393133,20
pair_00013,afmv2_f797828167ab,6062,6062,val,r0_foriginal_mvp9,original_mvp9,0,rq,ridge,brightness_only_diagnostic,2.571070194,5.151299394567836,3.9306732558519997,2.7018052422393133,20
pair_00014,afmv2_812289c14cda,6063,6063,test,r0_foriginal_mvp9,original_mvp9,0,rq,ridge,brightness_only_diagnostic,5.709474564,5.309540336540492,3.9306732558519997,2.7018052422393133,20
pair_00015,afmv2_02a0adb35817,6065,6065,test,r0_foriginal_mvp9,original_mvp9,0,rq,ridge,brightness_only_diagnostic,5.606737137,3.9984995287743885,3.9306732558519997,2.7018052422393133,20
pair_00018,afmv2_70d4ace1949e,6068,6068,val,r0_foriginal_mvp9,original_mvp9,0,rq,ridge,brightness_only_diagnostic,10.2050066,2.833367551138634,3.9306732558519997,2.7018052422393133,20
pair_00022,afmv2_21a48cb18e99,6078,6078,val,r0_foriginal_mvp9,original_mvp9,0,rq,ridge,brightness_only_diagnostic,2.606983185,4.174078626109689,3.9306732558519997,2.7018052422393133,20
pair_00032,afmv2_3eebc33de042,6094,6094,val,r0_foriginal_mvp9,original_mvp9,0,rq,ridge,brightness_only_diagnostic,4.153931141,4.611717490533623,3.9306732558519997,2.7018052422393133,20
pair_00035,afmv2_38a79c48d19d,6099,6099,test,r0_foriginal_mvp9,original_mvp9,0,rq,ridge,brightness_only_diagnostic,10.46141243,7.5581984279285175,3.9306732558519997,2.7018052422393133,20
pair_00002,afmv2_452bfe1ab79e,6023,6023,test,r0_foriginal_mvp9,original_mvp9,0,ra,mean,brightness_only_diagnostic,7.278920174,3.10435380464,3.10435380464,2.162795796858372,20
pair_00003,afmv2_2ebd99306a7c,6028,6028,test,r0_foriginal_mvp9,original_mvp9,0,ra,mean,brightness_only_diagnostic,1.810980201,3.10435380464,3.10435380464,2.162795796858372,20
pair_00009,afmv2_e66b501502c9,6048,6048,test,r0_foriginal_mvp9,original_mvp9,0,ra,mean,brightness_only_diagnostic,1.467842937,3.10435380464,3.10435380464,2.162795796858372,20
pair_00012,afmv2_89d4826511a7,6058,6058,val,r0_foriginal_mvp9,original_mvp9,0,ra,mean,brightness_only_diagnostic,5.68375206,3.10435380464,3.10435380464,2.162795796858372,20
pair_00013,afmv2_f797828167ab,6062,6062,val,r0_foriginal_mvp9,original_mvp9,0,ra,mean,brightness_only_diagnostic,1.920552611,3.10435380464,3.10435380464,2.162795796858372,20
pair_00014,afmv2_812289c14cda,6063,6063,test,r0_foriginal_mvp9,original_mvp9,0,ra,mean,brightness_only_diagnostic,4.306452751,3.10435380464,3.10435380464,2.162795796858372,20
pair_00015,afmv2_02a0adb35817,6065,6065,test,r0_foriginal_mvp9,original_mvp9,0,ra,mean,brightness_only_diagnostic,4.452381134,3.10435380464,3.10435380464,2.162795796858372,20
pair_00018,afmv2_70d4ace1949e,6068,6068,val,r0_foriginal_mvp9,original_mvp9,0,ra,mean,brightness_only_diagnostic,8.86954689,3.10435380464,3.10435380464,2.162795796858372,20
pair_00022,afmv2_21a48cb18e99,6078,6078,val,r0_foriginal_mvp9,original_mvp9,0,ra,mean,brightness_only_diagnostic,1.965578437,3.10435380464,3.10435380464,2.162795796858372,20
pair_00032,afmv2_3eebc33de042,6094,6094,val,r0_foriginal_mvp9,original_mvp9,0,ra,mean,brightness_only_diagnostic,3.155041218,3.10435380464,3.10435380464,2.162795796858372,20
pair_00035,afmv2_38a79c48d19d,6099,6099,test,r0_foriginal_mvp9,original_mvp9,0,ra,mean,brightness_only_diagnostic,9.136377335,3.10435380464,3.10435380464,2.162795796858372,20
pair_00002,afmv2_452bfe1ab79e,6023,6023,test,r0_foriginal_mvp9,original_mvp9,0,ra,ridge,brightness_only_diagnostic,7.278920174,3.9365125814135435,3.10435380464,2.162795796858372,20
pair_00003,afmv2_2ebd99306a7c,6028,6028,test,r0_foriginal_mvp9,original_mvp9,0,ra,ridge,brightness_only_diagnostic,1.810980201,4.007068680062398,3.10435380464,2.162795796858372,20
pair_00009,afmv2_e66b501502c9,6048,6048,test,r0_foriginal_mvp9,original_mvp9,0,ra,ridge,brightness_only_diagnostic,1.467842937,5.493350094406818,3.10435380464,2.162795796858372,20
pair_00012,afmv2_89d4826511a7,6058,6058,val,r0_foriginal_mvp9,original_mvp9,0,ra,ridge,brightness_only_diagnostic,5.68375206,-5.190963880319163,3.10435380464,2.162795796858372,20
pair_00013,afmv2_f797828167ab,6062,6062,val,r0_foriginal_mvp9,original_mvp9,0,ra,ridge,brightness_only_diagnostic,1.920552611,4.122288766547501,3.10435380464,2.162795796858372,20
pair_00014,afmv2_812289c14cda,6063,6063,test,r0_foriginal_mvp9,original_mvp9,0,ra,ridge,brightness_only_diagnostic,4.306452751,4.162402974881811,3.10435380464,2.162795796858372,20
pair_00015,afmv2_02a0adb35817,6065,6065,test,r0_foriginal_mvp9,original_mvp9,0,ra,ridge,brightness_only_diagnostic,4.452381134,3.2088142913745887,3.10435380464,2.162795796858372,20
pair_00018,afmv2_70d4ace1949e,6068,6068,val,r0_foriginal_mvp9,original_mvp9,0,ra,ridge,brightness_only_diagnostic,8.86954689,2.2850810099661185,3.10435380464,2.162795796858372,20
pair_00022,afmv2_21a48cb18e99,6078,6078,val,r0_foriginal_mvp9,original_mvp9,0,ra,ridge,brightness_only_diagnostic,1.965578437,3.2876165471175423,3.10435380464,2.162795796858372,20
pair_00032,afmv2_3eebc33de042,6094,6094,val,r0_foriginal_mvp9,original_mvp9,0,ra,ridge,brightness_only_diagnostic,3.155041218,3.6403166633088295,3.10435380464,2.162795796858372,20
pair_00035,afmv2_38a79c48d19d,6099,6099,test,r0_foriginal_mvp9,original_mvp9,0,ra,ridge,brightness_only_diagnostic,9.136377335,5.853195904640415,3.10435380464,2.162795796858372,20
pair_00002,afmv2_452bfe1ab79e,6023,6023,test,r0_foriginal_mvp9,original_mvp9,0,robust_range,mean,brightness_only_diagnostic,55.20772552,18.2413524918,18.2413524918,12.025364514543712,20
pair_00003,afmv2_2ebd99306a7c,6028,6028,test,r0_foriginal_mvp9,original_mvp9,0,robust_range,mean,brightness_only_diagnostic,11.30189705,18.2413524918,18.2413524918,12.025364514543712,20
pair_00009,afmv2_e66b501502c9,6048,6048,test,r0_foriginal_mvp9,original_mvp9,0,robust_range,mean,brightness_only_diagnostic,8.940859795,18.2413524918,18.2413524918,12.025364514543712,20
pair_00012,afmv2_89d4826511a7,6058,6058,val,r0_foriginal_mvp9,original_mvp9,0,robust_range,mean,brightness_only_diagnostic,38.45360184,18.2413524918,18.2413524918,12.025364514543712,20
pair_00013,afmv2_f797828167ab,6062,6062,val,r0_foriginal_mvp9,original_mvp9,0,robust_range,mean,brightness_only_diagnostic,12.98373032,18.2413524918,18.2413524918,12.025364514543712,20
pair_00014,afmv2_812289c14cda,6063,6063,test,r0_foriginal_mvp9,original_mvp9,0,robust_range,mean,brightness_only_diagnostic,27.02133751,18.2413524918,18.2413524918,12.025364514543712,20
pair_00015,afmv2_02a0adb35817,6065,6065,test,r0_foriginal_mvp9,original_mvp9,0,robust_range,mean,brightness_only_diagnostic,25.44371986,18.2413524918,18.2413524918,12.025364514543712,20
pair_00018,afmv2_70d4ace1949e,6068,6068,val,r0_foriginal_mvp9,original_mvp9,0,robust_range,mean,brightness_only_diagnostic,39.04310989,18.2413524918,18.2413524918,12.025364514543712,20
pair_00022,afmv2_21a48cb18e99,6078,6078,val,r0_foriginal_mvp9,original_mvp9,0,robust_range,mean,brightness_only_diagnostic,13.57195187,18.2413524918,18.2413524918,12.025364514543712,20
pair_00032,afmv2_3eebc33de042,6094,6094,val,r0_foriginal_mvp9,original_mvp9,0,robust_range,mean,brightness_only_diagnostic,20.60526085,18.2413524918,18.2413524918,12.025364514543712,20
pair_00035,afmv2_38a79c48d19d,6099,6099,test,r0_foriginal_mvp9,original_mvp9,0,robust_range,mean,brightness_only_diagnostic,37.75395203,18.2413524918,18.2413524918,12.025364514543712,20
pair_00002,afmv2_452bfe1ab79e,6023,6023,test,r0_foriginal_mvp9,original_mvp9,0,robust_range,ridge,brightness_only_diagnostic,55.20772552,21.84409657118234,18.2413524918,12.025364514543712,20
pair_00003,afmv2_2ebd99306a7c,6028,6028,test,r0_foriginal_mvp9,original_mvp9,0,robust_range,ridge,brightness_only_diagnostic,11.30189705,22.317190769655596,18.2413524918,12.025364514543712,20
pair_00009,afmv2_e66b501502c9,6048,6048,test,r0_foriginal_mvp9,original_mvp9,0,robust_range,ridge,brightness_only_diagnostic,8.940859795,31.466124337250033,18.2413524918,12.025364514543712,20
pair_00012,afmv2_89d4826511a7,6058,6058,val,r0_foriginal_mvp9,original_mvp9,0,robust_range,ridge,brightness_only_diagnostic,38.45360184,-13.96202001246428,18.2413524918,12.025364514543712,20
pair_00013,afmv2_f797828167ab,6062,6062,val,r0_foriginal_mvp9,original_mvp9,0,robust_range,ridge,brightness_only_diagnostic,12.98373032,22.849677404974265,18.2413524918,12.025364514543712,20
pair_00014,afmv2_812289c14cda,6063,6063,test,r0_foriginal_mvp9,original_mvp9,0,robust_range,ridge,brightness_only_diagnostic,27.02133751,24.824430504938874,18.2413524918,12.025364514543712,20
pair_00015,afmv2_02a0adb35817,6065,6065,test,r0_foriginal_mvp9,original_mvp9,0,robust_range,ridge,brightness_only_diagnostic,25.44371986,17.773136075901792,18.2413524918,12.025364514543712,20
pair_00018,afmv2_70d4ace1949e,6068,6068,val,r0_foriginal_mvp9,original_mvp9,0,robust_range,ridge,brightness_only_diagnostic,39.04310989,12.069347136804852,18.2413524918,12.025364514543712,20
pair_00022,afmv2_21a48cb18e99,6078,6078,val,r0_foriginal_mvp9,original_mvp9,0,robust_range,ridge,brightness_only_diagnostic,13.57195187,19.58521805677607,18.2413524918,12.025364514543712,20
pair_00032,afmv2_3eebc33de042,6094,6094,val,r0_foriginal_mvp9,original_mvp9,0,robust_range,ridge,brightness_only_diagnostic,20.60526085,21.403149398680338,18.2413524918,12.025364514543712,20
pair_00035,afmv2_38a79c48d19d,6099,6099,test,r0_foriginal_mvp9,original_mvp9,0,robust_range,ridge,brightness_only_diagnostic,37.75395203,39.51930484239509,18.2413524918,12.025364514543712,20
pair_00002,afmv2_452bfe1ab79e,6023,6023,test,r0_foriginal_mvp9,original_mvp9,0,mean_abs_gradient,mean,brightness_only_diagnostic,0.7733402252,0.7025812428976,0.7025812428976,0.5948414269237153,20
pair_00003,afmv2_2ebd99306a7c,6028,6028,test,r0_foriginal_mvp9,original_mvp9,0,mean_abs_gradient,mean,brightness_only_diagnostic,0.5004560351,0.7025812428976,0.7025812428976,0.5948414269237153,20
pair_00009,afmv2_e66b501502c9,6048,6048,test,r0_foriginal_mvp9,original_mvp9,0,mean_abs_gradient,mean,brightness_only_diagnostic,0.4010003507,0.7025812428976,0.7025812428976,0.5948414269237153,20
pair_00012,afmv2_89d4826511a7,6058,6058,val,r0_foriginal_mvp9,original_mvp9,0,mean_abs_gradient,mean,brightness_only_diagnostic,0.5738551617,0.7025812428976,0.7025812428976,0.5948414269237153,20
pair_00013,afmv2_f797828167ab,6062,6062,val,r0_foriginal_mvp9,original_mvp9,0,mean_abs_gradient,mean,brightness_only_diagnostic,0.3661493361,0.7025812428976,0.7025812428976,0.5948414269237153,20
pair_00014,afmv2_812289c14cda,6063,6063,test,r0_foriginal_mvp9,original_mvp9,0,mean_abs_gradient,mean,brightness_only_diagnostic,0.5278919935,0.7025812428976,0.7025812428976,0.5948414269237153,20
pair_00015,afmv2_02a0adb35817,6065,6065,test,r0_foriginal_mvp9,original_mvp9,0,mean_abs_gradient,mean,brightness_only_diagnostic,1.343295932,0.7025812428976,0.7025812428976,0.5948414269237153,20
pair_00018,afmv2_70d4ace1949e,6068,6068,val,r0_foriginal_mvp9,original_mvp9,0,mean_abs_gradient,mean,brightness_only_diagnostic,2.516185999,0.7025812428976,0.7025812428976,0.5948414269237153,20
pair_00022,afmv2_21a48cb18e99,6078,6078,val,r0_foriginal_mvp9,original_mvp9,0,mean_abs_gradient,mean,brightness_only_diagnostic,0.2079638988,0.7025812428976,0.7025812428976,0.5948414269237153,20
pair_00032,afmv2_3eebc33de042,6094,6094,val,r0_foriginal_mvp9,original_mvp9,0,mean_abs_gradient,mean,brightness_only_diagnostic,0.4946226776,0.7025812428976,0.7025812428976,0.5948414269237153,20
pair_00035,afmv2_38a79c48d19d,6099,6099,test,r0_foriginal_mvp9,original_mvp9,0,mean_abs_gradient,mean,brightness_only_diagnostic,0.9602304101,0.7025812428976,0.7025812428976,0.5948414269237153,20
pair_00002,afmv2_452bfe1ab79e,6023,6023,test,r0_foriginal_mvp9,original_mvp9,0,mean_abs_gradient,ridge,brightness_only_diagnostic,0.7733402252,0.6463754703063399,0.7025812428976,0.5948414269237153,20
pair_00003,afmv2_2ebd99306a7c,6028,6028,test,r0_foriginal_mvp9,original_mvp9,0,mean_abs_gradient,ridge,brightness_only_diagnostic,0.5004560351,0.7549886790558851,0.7025812428976,0.5948414269237153,20
pair_00009,afmv2_e66b501502c9,6048,6048,test,r0_foriginal_mvp9,original_mvp9,0,mean_abs_gradient,ridge,brightness_only_diagnostic,0.4010003507,0.6178572826461036,0.7025812428976,0.5948414269237153,20
pair_00012,afmv2_89d4826511a7,6058,6058,val,r0_foriginal_mvp9,original_mvp9,0,mean_abs_gradient,ridge,brightness_only_diagnostic,0.5738551617,2.097071138936179,0.7025812428976,0.5948414269237153,20
pair_00013,afmv2_f797828167ab,6062,6062,val,r0_foriginal_mvp9,original_mvp9,0,mean_abs_gradient,ridge,brightness_only_diagnostic,0.3661493361,0.6093777547849554,0.7025812428976,0.5948414269237153,20
pair_00014,afmv2_812289c14cda,6063,6063,test,r0_foriginal_mvp9,original_mvp9,0,mean_abs_gradient,ridge,brightness_only_diagnostic,0.5278919935,0.8141585245899492,0.7025812428976,0.5948414269237153,20
pair_00015,afmv2_02a0adb35817,6065,6065,test,r0_foriginal_mvp9,original_mvp9,0,mean_abs_gradient,ridge,brightness_only_diagnostic,1.343295932,0.6587503580616131,0.7025812428976,0.5948414269237153,20
pair_00018,afmv2_70d4ace1949e,6068,6068,val,r0_foriginal_mvp9,original_mvp9,0,mean_abs_gradient,ridge,brightness_only_diagnostic,2.516185999,0.4455285294089361,0.7025812428976,0.5948414269237153,20
pair_00022,afmv2_21a48cb18e99,6078,6078,val,r0_foriginal_mvp9,original_mvp9,0,mean_abs_gradient,ridge,brightness_only_diagnostic,0.2079638988,0.789142674690878,0.7025812428976,0.5948414269237153,20
pair_00032,afmv2_3eebc33de042,6094,6094,val,r0_foriginal_mvp9,original_mvp9,0,mean_abs_gradient,ridge,brightness_only_diagnostic,0.4946226776,0.7947309814114504,0.7025812428976,0.5948414269237153,20
pair_00035,afmv2_38a79c48d19d,6099,6099,test,r0_foriginal_mvp9,original_mvp9,0,mean_abs_gradient,ridge,brightness_only_diagnostic,0.9602304101,2.6637814704316947,0.7025812428976,0.5948414269237153,20
pair_00002,afmv2_452bfe1ab79e,6023,6023,test,r0_foriginal_mvp9,original_mvp9,0,gradient_std,mean,brightness_only_diagnostic,0.9016093612,0.5679264835955999,0.5679264835955999,0.4510461100471965,20
pair_00003,afmv2_2ebd99306a7c,6028,6028,test,r0_foriginal_mvp9,original_mvp9,0,gradient_std,mean,brightness_only_diagnostic,0.4254820943,0.5679264835955999,0.5679264835955999,0.4510461100471965,20
pair_00009,afmv2_e66b501502c9,6048,6048,test,r0_foriginal_mvp9,original_mvp9,0,gradient_std,mean,brightness_only_diagnostic,0.3362239599,0.5679264835955999,0.5679264835955999,0.4510461100471965,20
pair_00012,afmv2_89d4826511a7,6058,6058,val,r0_foriginal_mvp9,original_mvp9,0,gradient_std,mean,brightness_only_diagnostic,0.5797569752,0.5679264835955999,0.5679264835955999,0.4510461100471965,20
pair_00013,afmv2_f797828167ab,6062,6062,val,r0_foriginal_mvp9,original_mvp9,0,gradient_std,mean,brightness_only_diagnostic,0.3454746902,0.5679264835955999,0.5679264835955999,0.4510461100471965,20
pair_00014,afmv2_812289c14cda,6063,6063,test,r0_foriginal_mvp9,original_mvp9,0,gradient_std,mean,brightness_only_diagnostic,0.5681092143,0.5679264835955999,0.5679264835955999,0.4510461100471965,20
pair_00015,afmv2_02a0adb35817,6065,6065,test,r0_foriginal_mvp9,original_mvp9,0,gradient_std,mean,brightness_only_diagnostic,0.7534538507,0.5679264835955999,0.5679264835955999,0.4510461100471965,20
pair_00018,afmv2_70d4ace1949e,6068,6068,val,r0_foriginal_mvp9,original_mvp9,0,gradient_std,mean,brightness_only_diagnostic,1.662748933,0.5679264835955999,0.5679264835955999,0.4510461100471965,20
pair_00022,afmv2_21a48cb18e99,6078,6078,val,r0_foriginal_mvp9,original_mvp9,0,gradient_std,mean,brightness_only_diagnostic,0.1989093274,0.5679264835955999,0.5679264835955999,0.4510461100471965,20
pair_00032,afmv2_3eebc33de042,6094,6094,val,r0_foriginal_mvp9,original_mvp9,0,gradient_std,mean,brightness_only_diagnostic,0.4560732841,0.5679264835955999,0.5679264835955999,0.4510461100471965,20
pair_00035,afmv2_38a79c48d19d,6099,6099,test,r0_foriginal_mvp9,original_mvp9,0,gradient_std,mean,brightness_only_diagnostic,0.8538547754,0.5679264835955999,0.5679264835955999,0.4510461100471965,20
pair_00002,afmv2_452bfe1ab79e,6023,6023,test,r0_foriginal_mvp9,original_mvp9,0,gradient_std,ridge,brightness_only_diagnostic,0.9016093612,0.5657407075844504,0.5679264835955999,0.4510461100471965,20
pair_00003,afmv2_2ebd99306a7c,6028,6028,test,r0_foriginal_mvp9,original_mvp9,0,gradient_std,ridge,brightness_only_diagnostic,0.4254820943,0.5979371203853703,0.5679264835955999,0.4510461100471965,20
pair_00009,afmv2_e66b501502c9,6048,6048,test,r0_foriginal_mvp9,original_mvp9,0,gradient_std,ridge,brightness_only_diagnostic,0.3362239599,0.8113577232480609,0.5679264835955999,0.4510461100471965,20
pair_00012,afmv2_89d4826511a7,6058,6058,val,r0_foriginal_mvp9,original_mvp9,0,gradient_std,ridge,brightness_only_diagnostic,0.5797569752,1.106557915506722,0.5679264835955999,0.4510461100471965,20
pair_00013,afmv2_f797828167ab,6062,6062,val,r0_foriginal_mvp9,original_mvp9,0,gradient_std,ridge,brightness_only_diagnostic,0.3454746902,0.5636947411795032,0.5679264835955999,0.4510461100471965,20
pair_00014,afmv2_812289c14cda,6063,6063,test,r0_foriginal_mvp9,original_mvp9,0,gradient_std,ridge,brightness_only_diagnostic,0.5681092143,0.7409532139609019,0.5679264835955999,0.4510461100471965,20
pair_00015,afmv2_02a0adb35817,6065,6065,test,r0_foriginal_mvp9,original_mvp9,0,gradient_std,ridge,brightness_only_diagnostic,0.7534538507,0.49898483751446976,0.5679264835955999,0.4510461100471965,20
pair_00018,afmv2_70d4ace1949e,6068,6068,val,r0_foriginal_mvp9,original_mvp9,0,gradient_std,ridge,brightness_only_diagnostic,1.662748933,0.4476885806302479,0.5679264835955999,0.4510461100471965,20
pair_00022,afmv2_21a48cb18e99,6078,6078,val,r0_foriginal_mvp9,original_mvp9,0,gradient_std,ridge,brightness_only_diagnostic,0.1989093274,0.5906721104239938,0.5679264835955999,0.4510461100471965,20
pair_00032,afmv2_3eebc33de042,6094,6094,val,r0_foriginal_mvp9,original_mvp9,0,gradient_std,ridge,brightness_only_diagnostic,0.4560732841,0.6113996397233036,0.5679264835955999,0.4510461100471965,20
pair_00035,afmv2_38a79c48d19d,6099,6099,test,r0_foriginal_mvp9,original_mvp9,0,gradient_std,ridge,brightness_only_diagnostic,0.8538547754,1.8549290835471446,0.5679264835955999,0.4510461100471965,20
pair_00002,afmv2_452bfe1ab79e,6023,6023,test,r0_foriginal_mvp9,original_mvp9,0,gradient_anisotropy,mean,brightness_only_diagnostic,0.08106280118,0.18748824579872,0.18748824579872,0.13023803224195987,20
pair_00003,afmv2_2ebd99306a7c,6028,6028,test,r0_foriginal_mvp9,original_mvp9,0,gradient_anisotropy,mean,brightness_only_diagnostic,0.1476109177,0.18748824579872,0.18748824579872,0.13023803224195987,20
pair_00009,afmv2_e66b501502c9,6048,6048,test,r0_foriginal_mvp9,original_mvp9,0,gradient_anisotropy,mean,brightness_only_diagnostic,0.1851127148,0.18748824579872,0.18748824579872,0.13023803224195987,20
pair_00012,afmv2_89d4826511a7,6058,6058,val,r0_foriginal_mvp9,original_mvp9,0,gradient_anisotropy,mean,brightness_only_diagnostic,0.1581800729,0.18748824579872,0.18748824579872,0.13023803224195987,20
pair_00013,afmv2_f797828167ab,6062,6062,val,r0_foriginal_mvp9,original_mvp9,0,gradient_anisotropy,mean,brightness_only_diagnostic,0.04239833727,0.18748824579872,0.18748824579872,0.13023803224195987,20
pair_00014,afmv2_812289c14cda,6063,6063,test,r0_foriginal_mvp9,original_mvp9,0,gradient_anisotropy,mean,brightness_only_diagnostic,0.2305995822,0.18748824579872,0.18748824579872,0.13023803224195987,20
pair_00015,afmv2_02a0adb35817,6065,6065,test,r0_foriginal_mvp9,original_mvp9,0,gradient_anisotropy,mean,brightness_only_diagnostic,0.1742949933,0.18748824579872,0.18748824579872,0.13023803224195987,20
pair_00018,afmv2_70d4ace1949e,6068,6068,val,r0_foriginal_mvp9,original_mvp9,0,gradient_anisotropy,mean,brightness_only_diagnostic,0.05659873411,0.18748824579872,0.18748824579872,0.13023803224195987,20
pair_00022,afmv2_21a48cb18e99,6078,6078,val,r0_foriginal_mvp9,original_mvp9,0,gradient_anisotropy,mean,brightness_only_diagnostic,0.3067095876,0.18748824579872,0.18748824579872,0.13023803224195987,20
pair_00032,afmv2_3eebc33de042,6094,6094,val,r0_foriginal_mvp9,original_mvp9,0,gradient_anisotropy,mean,brightness_only_diagnostic,0.16781573,0.18748824579872,0.18748824579872,0.13023803224195987,20
pair_00035,afmv2_38a79c48d19d,6099,6099,test,r0_foriginal_mvp9,original_mvp9,0,gradient_anisotropy,mean,brightness_only_diagnostic,0.07259961218,0.18748824579872,0.18748824579872,0.13023803224195987,20
pair_00002,afmv2_452bfe1ab79e,6023,6023,test,r0_foriginal_mvp9,original_mvp9,0,gradient_anisotropy,ridge,brightness_only_diagnostic,0.08106280118,0.16548967421253946,0.18748824579872,0.13023803224195987,20
pair_00003,afmv2_2ebd99306a7c,6028,6028,test,r0_foriginal_mvp9,original_mvp9,0,gradient_anisotropy,ridge,brightness_only_diagnostic,0.1476109177,0.1853769995967931,0.18748824579872,0.13023803224195987,20
pair_00009,afmv2_e66b501502c9,6048,6048,test,r0_foriginal_mvp9,original_mvp9,0,gradient_anisotropy,ridge,brightness_only_diagnostic,0.1851127148,-0.36030997657666086,0.18748824579872,0.13023803224195987,20
pair_00012,afmv2_89d4826511a7,6058,6058,val,r0_foriginal_mvp9,original_mvp9,0,gradient_anisotropy,ridge,brightness_only_diagnostic,0.1581800729,0.06152110745171388,0.18748824579872,0.13023803224195987,20
pair_00013,afmv2_f797828167ab,6062,6062,val,r0_foriginal_mvp9,original_mvp9,0,gradient_anisotropy,ridge,brightness_only_diagnostic,0.04239833727,0.2747153587332425,0.18748824579872,0.13023803224195987,20
pair_00014,afmv2_812289c14cda,6063,6063,test,r0_foriginal_mvp9,original_mvp9,0,gradient_anisotropy,ridge,brightness_only_diagnostic,0.2305995822,0.10165326534160495,0.18748824579872,0.13023803224195987,20
pair_00015,afmv2_02a0adb35817,6065,6065,test,r0_foriginal_mvp9,original_mvp9,0,gradient_anisotropy,ridge,brightness_only_diagnostic,0.1742949933,0.16696323061154306,0.18748824579872,0.13023803224195987,20
pair_00018,afmv2_70d4ace1949e,6068,6068,val,r0_foriginal_mvp9,original_mvp9,0,gradient_anisotropy,ridge,brightness_only_diagnostic,0.05659873411,0.14532034625727935,0.18748824579872,0.13023803224195987,20
pair_00022,afmv2_21a48cb18e99,6078,6078,val,r0_foriginal_mvp9,original_mvp9,0,gradient_anisotropy,ridge,brightness_only_diagnostic,0.3067095876,0.15344611827997737,0.18748824579872,0.13023803224195987,20
pair_00032,afmv2_3eebc33de042,6094,6094,val,r0_foriginal_mvp9,original_mvp9,0,gradient_anisotropy,ridge,brightness_only_diagnostic,0.16781573,0.17755836218306206,0.18748824579872,0.13023803224195987,20
pair_00035,afmv2_38a79c48d19d,6099,6099,test,r0_foriginal_mvp9,original_mvp9,0,gradient_anisotropy,ridge,brightness_only_diagnostic,0.07259961218,-0.2570397893664501,0.18748824579872,0.13023803224195987,20
pair_00002,afmv2_452bfe1ab79e,6023,6023,test,r0_foriginal_mvp9,original_mvp9,0,psd_low_power,mean,brightness_only_diagnostic,14.33349228,13.44763607072,13.44763607072,1.191063464274655,20
pair_00003,afmv2_2ebd99306a7c,6028,6028,test,r0_foriginal_mvp9,original_mvp9,0,psd_low_power,mean,brightness_only_diagnostic,13.11231613,13.44763607072,13.44763607072,1.191063464274655,20
pair_00009,afmv2_e66b501502c9,6048,6048,test,r0_foriginal_mvp9,original_mvp9,0,psd_low_power,mean,brightness_only_diagnostic,12.66497803,13.44763607072,13.44763607072,1.191063464274655,20
pair_00012,afmv2_89d4826511a7,6058,6058,val,r0_foriginal_mvp9,original_mvp9,0,psd_low_power,mean,brightness_only_diagnostic,15.35902119,13.44763607072,13.44763607072,1.191063464274655,20
pair_00013,afmv2_f797828167ab,6062,6062,val,r0_foriginal_mvp9,original_mvp9,0,psd_low_power,mean,brightness_only_diagnostic,13.79552174,13.44763607072,13.44763607072,1.191063464274655,20
pair_00014,afmv2_812289c14cda,6063,6063,test,r0_foriginal_mvp9,original_mvp9,0,psd_low_power,mean,brightness_only_diagnostic,14.87893677,13.44763607072,13.44763607072,1.191063464274655,20
pair_00015,afmv2_02a0adb35817,6065,6065,test,r0_foriginal_mvp9,original_mvp9,0,psd_low_power,mean,brightness_only_diagnostic,14.93620968,13.44763607072,13.44763607072,1.191063464274655,20
pair_00018,afmv2_70d4ace1949e,6068,6068,val,r0_foriginal_mvp9,original_mvp9,0,psd_low_power,mean,brightness_only_diagnostic,15.57760048,13.44763607072,13.44763607072,1.191063464274655,20
pair_00022,afmv2_21a48cb18e99,6078,6078,val,r0_foriginal_mvp9,original_mvp9,0,psd_low_power,mean,brightness_only_diagnostic,13.58019161,13.44763607072,13.44763607072,1.191063464274655,20
pair_00032,afmv2_3eebc33de042,6094,6094,val,r0_foriginal_mvp9,original_mvp9,0,psd_low_power,mean,brightness_only_diagnostic,14.30185699,13.44763607072,13.44763607072,1.191063464274655,20
pair_00035,afmv2_38a79c48d19d,6099,6099,test,r0_foriginal_mvp9,original_mvp9,0,psd_low_power,mean,brightness_only_diagnostic,15.83734322,13.44763607072,13.44763607072,1.191063464274655,20
pair_00002,afmv2_452bfe1ab79e,6023,6023,test,r0_foriginal_mvp9,original_mvp9,0,psd_low_power,ridge,brightness_only_diagnostic,14.33349228,13.286315232276134,13.44763607072,1.191063464274655,20
pair_00003,afmv2_2ebd99306a7c,6028,6028,test,r0_foriginal_mvp9,original_mvp9,0,psd_low_power,ridge,brightness_only_diagnostic,13.11231613,13.443922671785442,13.44763607072,1.191063464274655,20
pair_00009,afmv2_e66b501502c9,6048,6048,test,r0_foriginal_mvp9,original_mvp9,0,psd_low_power,ridge,brightness_only_diagnostic,12.66497803,14.02006273281299,13.44763607072,1.191063464274655,20
pair_00012,afmv2_89d4826511a7,6058,6058,val,r0_foriginal_mvp9,original_mvp9,0,psd_low_power,ridge,brightness_only_diagnostic,15.35902119,21.00720811463439,13.44763607072,1.191063464274655,20
pair_00013,afmv2_f797828167ab,6062,6062,val,r0_foriginal_mvp9,original_mvp9,0,psd_low_power,ridge,brightness_only_diagnostic,13.79552174,13.107984349485987,13.44763607072,1.191063464274655,20
pair_00014,afmv2_812289c14cda,6063,6063,test,r0_foriginal_mvp9,original_mvp9,0,psd_low_power,ridge,brightness_only_diagnostic,14.87893677,13.634979397541056,13.44763607072,1.191063464274655,20
pair_00015,afmv2_02a0adb35817,6065,6065,test,r0_foriginal_mvp9,original_mvp9,0,psd_low_power,ridge,brightness_only_diagnostic,14.93620968,13.327234146195135,13.44763607072,1.191063464274655,20
pair_00018,afmv2_70d4ace1949e,6068,6068,val,r0_foriginal_mvp9,original_mvp9,0,psd_low_power,ridge,brightness_only_diagnostic,15.57760048,12.741377044500515,13.44763607072,1.191063464274655,20
pair_00022,afmv2_21a48cb18e99,6078,6078,val,r0_foriginal_mvp9,original_mvp9,0,psd_low_power,ridge,brightness_only_diagnostic,13.58019161,13.774150127132579,13.44763607072,1.191063464274655,20
pair_00032,afmv2_3eebc33de042,6094,6094,val,r0_foriginal_mvp9,original_mvp9,0,psd_low_power,ridge,brightness_only_diagnostic,14.30185699,13.556501167405072,13.44763607072,1.191063464274655,20
pair_00035,afmv2_38a79c48d19d,6099,6099,test,r0_foriginal_mvp9,original_mvp9,0,psd_low_power,ridge,brightness_only_diagnostic,15.83734322,18.993216365084116,13.44763607072,1.191063464274655,20
pair_00002,afmv2_452bfe1ab79e,6023,6023,test,r0_foriginal_mvp9,original_mvp9,0,psd_mid_power,mean,brightness_only_diagnostic,10.00636673,8.844555015640001,8.844555015640001,1.0808069312731627,20
pair_00003,afmv2_2ebd99306a7c,6028,6028,test,r0_foriginal_mvp9,original_mvp9,0,psd_mid_power,mean,brightness_only_diagnostic,8.009672165,8.844555015640001,8.844555015640001,1.0808069312731627,20
pair_00009,afmv2_e66b501502c9,6048,6048,test,r0_foriginal_mvp9,original_mvp9,0,psd_mid_power,mean,brightness_only_diagnostic,7.645261765,8.844555015640001,8.844555015640001,1.0808069312731627,20
pair_00012,afmv2_89d4826511a7,6058,6058,val,r0_foriginal_mvp9,original_mvp9,0,psd_mid_power,mean,brightness_only_diagnostic,11.07345772,8.844555015640001,8.844555015640001,1.0808069312731627,20
pair_00013,afmv2_f797828167ab,6062,6062,val,r0_foriginal_mvp9,original_mvp9,0,psd_mid_power,mean,brightness_only_diagnostic,9.039554596,8.844555015640001,8.844555015640001,1.0808069312731627,20
pair_00014,afmv2_812289c14cda,6063,6063,test,r0_foriginal_mvp9,original_mvp9,0,psd_mid_power,mean,brightness_only_diagnostic,10.33701038,8.844555015640001,8.844555015640001,1.0808069312731627,20
pair_00015,afmv2_02a0adb35817,6065,6065,test,r0_foriginal_mvp9,original_mvp9,0,psd_mid_power,mean,brightness_only_diagnostic,10.0511322,8.844555015640001,8.844555015640001,1.0808069312731627,20
pair_00018,afmv2_70d4ace1949e,6068,6068,val,r0_foriginal_mvp9,original_mvp9,0,psd_mid_power,mean,brightness_only_diagnostic,10.99765778,8.844555015640001,8.844555015640001,1.0808069312731627,20
pair_00022,afmv2_21a48cb18e99,6078,6078,val,r0_foriginal_mvp9,original_mvp9,0,psd_mid_power,mean,brightness_only_diagnostic,9.362760544,8.844555015640001,8.844555015640001,1.0808069312731627,20
pair_00032,afmv2_3eebc33de042,6094,6094,val,r0_foriginal_mvp9,original_mvp9,0,psd_mid_power,mean,brightness_only_diagnostic,9.639235497,8.844555015640001,8.844555015640001,1.0808069312731627,20
pair_00035,afmv2_38a79c48d19d,6099,6099,test,r0_foriginal_mvp9,original_mvp9,0,psd_mid_power,mean,brightness_only_diagnostic,11.37425232,8.844555015640001,8.844555015640001,1.0808069312731627,20
pair_00002,afmv2_452bfe1ab79e,6023,6023,test,r0_foriginal_mvp9,original_mvp9,0,psd_mid_power,ridge,brightness_only_diagnostic,10.00636673,8.795096112631825,8.844555015640001,1.0808069312731627,20
pair_00003,afmv2_2ebd99306a7c,6028,6028,test,r0_foriginal_mvp9,original_mvp9,0,psd_mid_power,ridge,brightness_only_diagnostic,8.009672165,8.842337243827568,8.844555015640001,1.0808069312731627,20
pair_00009,afmv2_e66b501502c9,6048,6048,test,r0_foriginal_mvp9,original_mvp9,0,psd_mid_power,ridge,brightness_only_diagnostic,7.645261765,10.021856915124909,8.844555015640001,1.0808069312731627,20
pair_00012,afmv2_89d4826511a7,6058,6058,val,r0_foriginal_mvp9,original_mvp9,0,psd_mid_power,ridge,brightness_only_diagnostic,11.07345772,13.10914380896055,8.844555015640001,1.0808069312731627,20
pair_00013,afmv2_f797828167ab,6062,6062,val,r0_foriginal_mvp9,original_mvp9,0,psd_mid_power,ridge,brightness_only_diagnostic,9.039554596,8.69931102885077,8.844555015640001,1.0808069312731627,20
pair_00014,afmv2_812289c14cda,6063,6063,test,r0_foriginal_mvp9,original_mvp9,0,psd_mid_power,ridge,brightness_only_diagnostic,10.33701038,8.966201556713298,8.844555015640001,1.0808069312731627,20
pair_00015,afmv2_02a0adb35817,6065,6065,test,r0_foriginal_mvp9,original_mvp9,0,psd_mid_power,ridge,brightness_only_diagnostic,10.0511322,8.721464394787725,8.844555015640001,1.0808069312731627,20
pair_00018,afmv2_70d4ace1949e,6068,6068,val,r0_foriginal_mvp9,original_mvp9,0,psd_mid_power,ridge,brightness_only_diagnostic,10.99765778,8.116381141014374,8.844555015640001,1.0808069312731627,20
pair_00022,afmv2_21a48cb18e99,6078,6078,val,r0_foriginal_mvp9,original_mvp9,0,psd_mid_power,ridge,brightness_only_diagnostic,9.362760544,9.178502760611732,8.844555015640001,1.0808069312731627,20
pair_00032,afmv2_3eebc33de042,6094,6094,val,r0_foriginal_mvp9,original_mvp9,0,psd_mid_power,ridge,brightness_only_diagnostic,9.639235497,9.053341862602165,8.844555015640001,1.0808069312731627,20
pair_00035,afmv2_38a79c48d19d,6099,6099,test,r0_foriginal_mvp9,original_mvp9,0,psd_mid_power,ridge,brightness_only_diagnostic,11.37425232,12.150359485061683,8.844555015640001,1.0808069312731627,20
pair_00002,afmv2_452bfe1ab79e,6023,6023,test,r0_foriginal_mvp9,original_mvp9,0,psd_high_power,mean,brightness_only_diagnostic,6.562877655,6.02599416728,6.02599416728,1.129877479263592,20
pair_00003,afmv2_2ebd99306a7c,6028,6028,test,r0_foriginal_mvp9,original_mvp9,0,psd_high_power,mean,brightness_only_diagnostic,5.430478096,6.02599416728,6.02599416728,1.129877479263592,20
pair_00009,afmv2_e66b501502c9,6048,6048,test,r0_foriginal_mvp9,original_mvp9,0,psd_high_power,mean,brightness_only_diagnostic,4.874828339,6.02599416728,6.02599416728,1.129877479263592,20
pair_00012,afmv2_89d4826511a7,6058,6058,val,r0_foriginal_mvp9,original_mvp9,0,psd_high_power,mean,brightness_only_diagnostic,6.144528389,6.02599416728,6.02599416728,1.129877479263592,20
pair_00013,afmv2_f797828167ab,6062,6062,val,r0_foriginal_mvp9,original_mvp9,0,psd_high_power,mean,brightness_only_diagnostic,5.844088554,6.02599416728,6.02599416728,1.129877479263592,20
pair_00014,afmv2_812289c14cda,6063,6063,test,r0_foriginal_mvp9,original_mvp9,0,psd_high_power,mean,brightness_only_diagnostic,6.195608139,6.02599416728,6.02599416728,1.129877479263592,20
pair_00015,afmv2_02a0adb35817,6065,6065,test,r0_foriginal_mvp9,original_mvp9,0,psd_high_power,mean,brightness_only_diagnostic,6.227412224,6.02599416728,6.02599416728,1.129877479263592,20
pair_00018,afmv2_70d4ace1949e,6068,6068,val,r0_foriginal_mvp9,original_mvp9,0,psd_high_power,mean,brightness_only_diagnostic,7.585945129,6.02599416728,6.02599416728,1.129877479263592,20
pair_00022,afmv2_21a48cb18e99,6078,6078,val,r0_foriginal_mvp9,original_mvp9,0,psd_high_power,mean,brightness_only_diagnostic,5.886808395,6.02599416728,6.02599416728,1.129877479263592,20
pair_00032,afmv2_3eebc33de042,6094,6094,val,r0_foriginal_mvp9,original_mvp9,0,psd_high_power,mean,brightness_only_diagnostic,7.553659916,6.02599416728,6.02599416728,1.129877479263592,20
pair_00035,afmv2_38a79c48d19d,6099,6099,test,r0_foriginal_mvp9,original_mvp9,0,psd_high_power,mean,brightness_only_diagnostic,8.296926498,6.02599416728,6.02599416728,1.129877479263592,20
pair_00002,afmv2_452bfe1ab79e,6023,6023,test,r0_foriginal_mvp9,original_mvp9,0,psd_high_power,ridge,brightness_only_diagnostic,6.562877655,5.620174131517768,6.02599416728,1.129877479263592,20
pair_00003,afmv2_2ebd99306a7c,6028,6028,test,r0_foriginal_mvp9,original_mvp9,0,psd_high_power,ridge,brightness_only_diagnostic,5.430478096,5.382937228443895,6.02599416728,1.129877479263592,20
pair_00009,afmv2_e66b501502c9,6048,6048,test,r0_foriginal_mvp9,original_mvp9,0,psd_high_power,ridge,brightness_only_diagnostic,4.874828339,7.658556063269767,6.02599416728,1.129877479263592,20
pair_00012,afmv2_89d4826511a7,6058,6058,val,r0_foriginal_mvp9,original_mvp9,0,psd_high_power,ridge,brightness_only_diagnostic,6.144528389,14.157579642305977,6.02599416728,1.129877479263592,20
pair_00013,afmv2_f797828167ab,6062,6062,val,r0_foriginal_mvp9,original_mvp9,0,psd_high_power,ridge,brightness_only_diagnostic,5.844088554,5.647704177641005,6.02599416728,1.129877479263592,20
pair_00014,afmv2_812289c14cda,6063,6063,test,r0_foriginal_mvp9,original_mvp9,0,psd_high_power,ridge,brightness_only_diagnostic,6.195608139,6.157772445954945,6.02599416728,1.129877479263592,20
pair_00015,afmv2_02a0adb35817,6065,6065,test,r0_foriginal_mvp9,original_mvp9,0,psd_high_power,ridge,brightness_only_diagnostic,6.227412224,5.516901514428008,6.02599416728,1.129877479263592,20
pair_00018,afmv2_70d4ace1949e,6068,6068,val,r0_foriginal_mvp9,original_mvp9,0,psd_high_power,ridge,brightness_only_diagnostic,7.585945129,5.8143640784824315,6.02599416728,1.129877479263592,20
pair_00022,afmv2_21a48cb18e99,6078,6078,val,r0_foriginal_mvp9,original_mvp9,0,psd_high_power,ridge,brightness_only_diagnostic,5.886808395,6.234439045388941,6.02599416728,1.129877479263592,20
pair_00032,afmv2_3eebc33de042,6094,6094,val,r0_foriginal_mvp9,original_mvp9,0,psd_high_power,ridge,brightness_only_diagnostic,7.553659916,5.996626782750005,6.02599416728,1.129877479263592,20
pair_00035,afmv2_38a79c48d19d,6099,6099,test,r0_foriginal_mvp9,original_mvp9,0,psd_high_power,ridge,brightness_only_diagnostic,8.296926498,7.574665912435476,6.02599416728,1.129877479263592,20
pair_00002,afmv2_452bfe1ab79e,6023,6023,test,r0_foriginal_mvp9,original_mvp9,0,psd_slope,mean,brightness_only_diagnostic,-3.852440596,-3.5668580818,-3.5668580818,0.437125166846405,20
pair_00003,afmv2_2ebd99306a7c,6028,6028,test,r0_foriginal_mvp9,original_mvp9,0,psd_slope,mean,brightness_only_diagnostic,-3.625305414,-3.5668580818,-3.5668580818,0.437125166846405,20
pair_00009,afmv2_e66b501502c9,6048,6048,test,r0_foriginal_mvp9,original_mvp9,0,psd_slope,mean,brightness_only_diagnostic,-3.638755798,-3.5668580818,-3.5668580818,0.437125166846405,20
pair_00012,afmv2_89d4826511a7,6058,6058,val,r0_foriginal_mvp9,original_mvp9,0,psd_slope,mean,brightness_only_diagnostic,-4.185360432,-3.5668580818,-3.5668580818,0.437125166846405,20
pair_00013,afmv2_f797828167ab,6062,6062,val,r0_foriginal_mvp9,original_mvp9,0,psd_slope,mean,brightness_only_diagnostic,-3.730400085,-3.5668580818,-3.5668580818,0.437125166846405,20
pair_00014,afmv2_812289c14cda,6063,6063,test,r0_foriginal_mvp9,original_mvp9,0,psd_slope,mean,brightness_only_diagnostic,-4.038947582,-3.5668580818,-3.5668580818,0.437125166846405,20
pair_00015,afmv2_02a0adb35817,6065,6065,test,r0_foriginal_mvp9,original_mvp9,0,psd_slope,mean,brightness_only_diagnostic,-3.970103025,-3.5668580818,-3.5668580818,0.437125166846405,20
pair_00018,afmv2_70d4ace1949e,6068,6068,val,r0_foriginal_mvp9,original_mvp9,0,psd_slope,mean,brightness_only_diagnostic,-3.598114252,-3.5668580818,-3.5668580818,0.437125166846405,20
pair_00022,afmv2_21a48cb18e99,6078,6078,val,r0_foriginal_mvp9,original_mvp9,0,psd_slope,mean,brightness_only_diagnostic,-3.67270565,-3.5668580818,-3.5668580818,0.437125166846405,20
pair_00032,afmv2_3eebc33de042,6094,6094,val,r0_foriginal_mvp9,original_mvp9,0,psd_slope,mean,brightness_only_diagnostic,-3.463168859,-3.5668580818,-3.5668580818,0.437125166846405,20
pair_00035,afmv2_38a79c48d19d,6099,6099,test,r0_foriginal_mvp9,original_mvp9,0,psd_slope,mean,brightness_only_diagnostic,-3.714233637,-3.5668580818,-3.5668580818,0.437125166846405,20
pair_00002,afmv2_452bfe1ab79e,6023,6023,test,r0_foriginal_mvp9,original_mvp9,0,psd_slope,ridge,brightness_only_diagnostic,-3.852440596,-3.7435196816506715,-3.5668580818,0.437125166846405,20
pair_00003,afmv2_2ebd99306a7c,6028,6028,test,r0_foriginal_mvp9,original_mvp9,0,psd_slope,ridge,brightness_only_diagnostic,-3.625305414,-3.871608095592663,-3.5668580818,0.437125166846405,20
pair_00009,afmv2_e66b501502c9,6048,6048,test,r0_foriginal_mvp9,original_mvp9,0,psd_slope,ridge,brightness_only_diagnostic,-3.638755798,-3.290872654527518,-3.5668580818,0.437125166846405,20
pair_00012,afmv2_89d4826511a7,6058,6058,val,r0_foriginal_mvp9,original_mvp9,0,psd_slope,ridge,brightness_only_diagnostic,-4.185360432,-1.5166839123967373,-3.5668580818,0.437125166846405,20
pair_00013,afmv2_f797828167ab,6062,6062,val,r0_foriginal_mvp9,original_mvp9,0,psd_slope,ridge,brightness_only_diagnostic,-3.730400085,-3.7223192276794146,-3.5668580818,0.437125166846405,20
pair_00014,afmv2_812289c14cda,6063,6063,test,r0_foriginal_mvp9,original_mvp9,0,psd_slope,ridge,brightness_only_diagnostic,-4.038947582,-3.697475937184945,-3.5668580818,0.437125166846405,20
pair_00015,afmv2_02a0adb35817,6065,6065,test,r0_foriginal_mvp9,original_mvp9,0,psd_slope,ridge,brightness_only_diagnostic,-3.970103025,-3.708105130472506,-3.5668580818,0.437125166846405,20
pair_00018,afmv2_70d4ace1949e,6068,6068,val,r0_foriginal_mvp9,original_mvp9,0,psd_slope,ridge,brightness_only_diagnostic,-3.598114252,-3.369368649131286,-3.5668580818,0.437125166846405,20
pair_00022,afmv2_21a48cb18e99,6078,6078,val,r0_foriginal_mvp9,original_mvp9,0,psd_slope,ridge,brightness_only_diagnostic,-3.67270565,-3.5715200845805075,-3.5668580818,0.437125166846405,20
pair_00032,afmv2_3eebc33de042,6094,6094,val,r0_foriginal_mvp9,original_mvp9,0,psd_slope,ridge,brightness_only_diagnostic,-3.463168859,-3.6300828622476313,-3.5668580818,0.437125166846405,20
pair_00035,afmv2_38a79c48d19d,6099,6099,test,r0_foriginal_mvp9,original_mvp9,0,psd_slope,ridge,brightness_only_diagnostic,-3.714233637,-4.224869180912349,-3.5668580818,0.437125166846405,20
pair_00002,afmv2_452bfe1ab79e,6023,6023,test,r0_foriginal_mvp9,original_mvp9,0,autocorrelation_length_px,mean,brightness_only_diagnostic,19.0,15.6,15.6,13.824615727028364,20
pair_00003,afmv2_2ebd99306a7c,6028,6028,test,r0_foriginal_mvp9,original_mvp9,0,autocorrelation_length_px,mean,brightness_only_diagnostic,8.0,15.6,15.6,13.824615727028364,20
pair_00009,afmv2_e66b501502c9,6048,6048,test,r0_foriginal_mvp9,original_mvp9,0,autocorrelation_length_px,mean,brightness_only_diagnostic,8.0,15.6,15.6,13.824615727028364,20
pair_00012,afmv2_89d4826511a7,6058,6058,val,r0_foriginal_mvp9,original_mvp9,0,autocorrelation_length_px,mean,brightness_only_diagnostic,23.0,15.6,15.6,13.824615727028364,20
pair_00013,afmv2_f797828167ab,6062,6062,val,r0_foriginal_mvp9,original_mvp9,0,autocorrelation_length_px,mean,brightness_only_diagnostic,12.0,15.6,15.6,13.824615727028364,20
pair_00014,afmv2_812289c14cda,6063,6063,test,r0_foriginal_mvp9,original_mvp9,0,autocorrelation_length_px,mean,brightness_only_diagnostic,17.0,15.6,15.6,13.824615727028364,20
pair_00015,afmv2_02a0adb35817,6065,6065,test,r0_foriginal_mvp9,original_mvp9,0,autocorrelation_length_px,mean,brightness_only_diagnostic,28.0,15.6,15.6,13.824615727028364,20
pair_00018,afmv2_70d4ace1949e,6068,6068,val,r0_foriginal_mvp9,original_mvp9,0,autocorrelation_length_px,mean,brightness_only_diagnostic,7.0,15.6,15.6,13.824615727028364,20
pair_00022,afmv2_21a48cb18e99,6078,6078,val,r0_foriginal_mvp9,original_mvp9,0,autocorrelation_length_px,mean,brightness_only_diagnostic,45.0,15.6,15.6,13.824615727028364,20
pair_00032,afmv2_3eebc33de042,6094,6094,val,r0_foriginal_mvp9,original_mvp9,0,autocorrelation_length_px,mean,brightness_only_diagnostic,14.0,15.6,15.6,13.824615727028364,20
pair_00035,afmv2_38a79c48d19d,6099,6099,test,r0_foriginal_mvp9,original_mvp9,0,autocorrelation_length_px,mean,brightness_only_diagnostic,17.0,15.6,15.6,13.824615727028364,20
pair_00002,afmv2_452bfe1ab79e,6023,6023,test,r0_foriginal_mvp9,original_mvp9,0,autocorrelation_length_px,ridge,brightness_only_diagnostic,19.0,25.526837053966027,15.6,13.824615727028364,20
pair_00003,afmv2_2ebd99306a7c,6028,6028,test,r0_foriginal_mvp9,original_mvp9,0,autocorrelation_length_px,ridge,brightness_only_diagnostic,8.0,20.861678072599105,15.6,13.824615727028364,20
pair_00009,afmv2_e66b501502c9,6048,6048,test,r0_foriginal_mvp9,original_mvp9,0,autocorrelation_length_px,ridge,brightness_only_diagnostic,8.0,25.24250453549856,15.6,13.824615727028364,20
pair_00012,afmv2_89d4826511a7,6058,6058,val,r0_foriginal_mvp9,original_mvp9,0,autocorrelation_length_px,ridge,brightness_only_diagnostic,23.0,-80.3753263505865,15.6,13.824615727028364,20
pair_00013,afmv2_f797828167ab,6062,6062,val,r0_foriginal_mvp9,original_mvp9,0,autocorrelation_length_px,ridge,brightness_only_diagnostic,12.0,31.10902503756778,15.6,13.824615727028364,20
pair_00014,afmv2_812289c14cda,6063,6063,test,r0_foriginal_mvp9,original_mvp9,0,autocorrelation_length_px,ridge,brightness_only_diagnostic,17.0,22.85974234405689,15.6,13.824615727028364,20
pair_00015,afmv2_02a0adb35817,6065,6065,test,r0_foriginal_mvp9,original_mvp9,0,autocorrelation_length_px,ridge,brightness_only_diagnostic,28.0,18.921328377274623,15.6,13.824615727028364,20
pair_00018,afmv2_70d4ace1949e,6068,6068,val,r0_foriginal_mvp9,original_mvp9,0,autocorrelation_length_px,ridge,brightness_only_diagnostic,7.0,17.649626779153863,15.6,13.824615727028364,20
pair_00022,afmv2_21a48cb18e99,6078,6078,val,r0_foriginal_mvp9,original_mvp9,0,autocorrelation_length_px,ridge,brightness_only_diagnostic,45.0,19.66475632483275,15.6,13.824615727028364,20
pair_00032,afmv2_3eebc33de042,6094,6094,val,r0_foriginal_mvp9,original_mvp9,0,autocorrelation_length_px,ridge,brightness_only_diagnostic,14.0,21.346877355965503,15.6,13.824615727028364,20
pair_00035,afmv2_38a79c48d19d,6099,6099,test,r0_foriginal_mvp9,original_mvp9,0,autocorrelation_length_px,ridge,brightness_only_diagnostic,17.0,-22.67134041063855,15.6,13.824615727028364,20
pair_00002,afmv2_452bfe1ab79e,6023,6023,test,r0_foriginal_mvp9,original_mvp9,0,island_count,mean,brightness_only_diagnostic,17.0,149.44,149.44,193.8023900781412,20
pair_00003,afmv2_2ebd99306a7c,6028,6028,test,r0_foriginal_mvp9,original_mvp9,0,island_count,mean,brightness_only_diagnostic,99.0,149.44,149.44,193.8023900781412,20
pair_00009,afmv2_e66b501502c9,6048,6048,test,r0_foriginal_mvp9,original_mvp9,0,island_count,mean,brightness_only_diagnostic,76.0,149.44,149.44,193.8023900781412,20
pair_00012,afmv2_89d4826511a7,6058,6058,val,r0_foriginal_mvp9,original_mvp9,0,island_count,mean,brightness_only_diagnostic,56.0,149.44,149.44,193.8023900781412,20
pair_00013,afmv2_f797828167ab,6062,6062,val,r0_foriginal_mvp9,original_mvp9,0,island_count,mean,brightness_only_diagnostic,192.0,149.44,149.44,193.8023900781412,20
pair_00014,afmv2_812289c14cda,6063,6063,test,r0_foriginal_mvp9,original_mvp9,0,island_count,mean,brightness_only_diagnostic,85.0,149.44,149.44,193.8023900781412,20
pair_00015,afmv2_02a0adb35817,6065,6065,test,r0_foriginal_mvp9,original_mvp9,0,island_count,mean,brightness_only_diagnostic,134.0,149.44,149.44,193.8023900781412,20
pair_00018,afmv2_70d4ace1949e,6068,6068,val,r0_foriginal_mvp9,original_mvp9,0,island_count,mean,brightness_only_diagnostic,109.0,149.44,149.44,193.8023900781412,20
pair_00022,afmv2_21a48cb18e99,6078,6078,val,r0_foriginal_mvp9,original_mvp9,0,island_count,mean,brightness_only_diagnostic,124.0,149.44,149.44,193.8023900781412,20
pair_00032,afmv2_3eebc33de042,6094,6094,val,r0_foriginal_mvp9,original_mvp9,0,island_count,mean,brightness_only_diagnostic,126.0,149.44,149.44,193.8023900781412,20
pair_00035,afmv2_38a79c48d19d,6099,6099,test,r0_foriginal_mvp9,original_mvp9,0,island_count,mean,brightness_only_diagnostic,80.0,149.44,149.44,193.8023900781412,20
pair_00002,afmv2_452bfe1ab79e,6023,6023,test,r0_foriginal_mvp9,original_mvp9,0,island_count,ridge,brightness_only_diagnostic,17.0,144.97541014939756,149.44,193.8023900781412,20
pair_00003,afmv2_2ebd99306a7c,6028,6028,test,r0_foriginal_mvp9,original_mvp9,0,island_count,ridge,brightness_only_diagnostic,99.0,146.60454466764318,149.44,193.8023900781412,20
pair_00009,afmv2_e66b501502c9,6048,6048,test,r0_foriginal_mvp9,original_mvp9,0,island_count,ridge,brightness_only_diagnostic,76.0,-6.657273030650174,149.44,193.8023900781412,20
pair_00012,afmv2_89d4826511a7,6058,6058,val,r0_foriginal_mvp9,original_mvp9,0,island_count,ridge,brightness_only_diagnostic,56.0,969.6259218897421,149.44,193.8023900781412,20
pair_00013,afmv2_f797828167ab,6062,6062,val,r0_foriginal_mvp9,original_mvp9,0,island_count,ridge,brightness_only_diagnostic,192.0,48.50594893632493,149.44,193.8023900781412,20
pair_00014,afmv2_812289c14cda,6063,6063,test,r0_foriginal_mvp9,original_mvp9,0,island_count,ridge,brightness_only_diagnostic,85.0,89.7286547905563,149.44,193.8023900781412,20
pair_00015,afmv2_02a0adb35817,6065,6065,test,r0_foriginal_mvp9,original_mvp9,0,island_count,ridge,brightness_only_diagnostic,134.0,211.34842170819547,149.44,193.8023900781412,20
pair_00018,afmv2_70d4ace1949e,6068,6068,val,r0_foriginal_mvp9,original_mvp9,0,island_count,ridge,brightness_only_diagnostic,109.0,95.48123219327817,149.44,193.8023900781412,20
pair_00022,afmv2_21a48cb18e99,6078,6078,val,r0_foriginal_mvp9,original_mvp9,0,island_count,ridge,brightness_only_diagnostic,124.0,271.9003827700176,149.44,193.8023900781412,20
pair_00032,afmv2_3eebc33de042,6094,6094,val,r0_foriginal_mvp9,original_mvp9,0,island_count,ridge,brightness_only_diagnostic,126.0,206.99379802108808,149.44,193.8023900781412,20
pair_00035,afmv2_38a79c48d19d,6099,6099,test,r0_foriginal_mvp9,original_mvp9,0,island_count,ridge,brightness_only_diagnostic,80.0,-202.1435285607049,149.44,193.8023900781412,20
pair_00002,afmv2_452bfe1ab79e,6023,6023,test,r0_foriginal_mvp9,original_mvp9,0,island_mean_area_px,mean,brightness_only_diagnostic,963.7647095,436.64636932760004,436.64636932760004,771.9916159347626,20
pair_00003,afmv2_2ebd99306a7c,6028,6028,test,r0_foriginal_mvp9,original_mvp9,0,island_mean_area_px,mean,brightness_only_diagnostic,165.4949493,436.64636932760004,436.64636932760004,771.9916159347626,20
pair_00009,afmv2_e66b501502c9,6048,6048,test,r0_foriginal_mvp9,original_mvp9,0,island_mean_area_px,mean,brightness_only_diagnostic,215.578949,436.64636932760004,436.64636932760004,771.9916159347626,20
pair_00012,afmv2_89d4826511a7,6058,6058,val,r0_foriginal_mvp9,original_mvp9,0,island_mean_area_px,mean,brightness_only_diagnostic,1170.285767,436.64636932760004,436.64636932760004,771.9916159347626,20
pair_00013,afmv2_f797828167ab,6062,6062,val,r0_foriginal_mvp9,original_mvp9,0,island_mean_area_px,mean,brightness_only_diagnostic,341.3333435,436.64636932760004,436.64636932760004,771.9916159347626,20
pair_00014,afmv2_812289c14cda,6063,6063,test,r0_foriginal_mvp9,original_mvp9,0,island_mean_area_px,mean,brightness_only_diagnostic,771.0117798,436.64636932760004,436.64636932760004,771.9916159347626,20
pair_00015,afmv2_02a0adb35817,6065,6065,test,r0_foriginal_mvp9,original_mvp9,0,island_mean_area_px,mean,brightness_only_diagnostic,122.2686539,436.64636932760004,436.64636932760004,771.9916159347626,20
pair_00018,afmv2_70d4ace1949e,6068,6068,val,r0_foriginal_mvp9,original_mvp9,0,island_mean_area_px,mean,brightness_only_diagnostic,150.3119202,436.64636932760004,436.64636932760004,771.9916159347626,20
pair_00022,afmv2_21a48cb18e99,6078,6078,val,r0_foriginal_mvp9,original_mvp9,0,island_mean_area_px,mean,brightness_only_diagnostic,528.5161133,436.64636932760004,436.64636932760004,771.9916159347626,20
pair_00032,afmv2_3eebc33de042,6094,6094,val,r0_foriginal_mvp9,original_mvp9,0,island_mean_area_px,mean,brightness_only_diagnostic,520.1190186,436.64636932760004,436.64636932760004,771.9916159347626,20
pair_00035,afmv2_38a79c48d19d,6099,6099,test,r0_foriginal_mvp9,original_mvp9,0,island_mean_area_px,mean,brightness_only_diagnostic,819.2000122,436.64636932760004,436.64636932760004,771.9916159347626,20
pair_00002,afmv2_452bfe1ab79e,6023,6023,test,r0_foriginal_mvp9,original_mvp9,0,island_mean_area_px,ridge,brightness_only_diagnostic,963.7647095,772.3941167993115,436.64636932760004,771.9916159347626,20
pair_00003,afmv2_2ebd99306a7c,6028,6028,test,r0_foriginal_mvp9,original_mvp9,0,island_mean_area_px,ridge,brightness_only_diagnostic,165.4949493,720.7079258078297,436.64636932760004,771.9916159347626,20
pair_00009,afmv2_e66b501502c9,6048,6048,test,r0_foriginal_mvp9,original_mvp9,0,island_mean_area_px,ridge,brightness_only_diagnostic,215.578949,111.52322847334551,436.64636932760004,771.9916159347626,20
pair_00012,afmv2_89d4826511a7,6058,6058,val,r0_foriginal_mvp9,original_mvp9,0,island_mean_area_px,ridge,brightness_only_diagnostic,1170.285767,-2997.4034787843043,436.64636932760004,771.9916159347626,20
pair_00013,afmv2_f797828167ab,6062,6062,val,r0_foriginal_mvp9,original_mvp9,0,island_mean_area_px,ridge,brightness_only_diagnostic,341.3333435,813.0889212993325,436.64636932760004,771.9916159347626,20
pair_00014,afmv2_812289c14cda,6063,6063,test,r0_foriginal_mvp9,original_mvp9,0,island_mean_area_px,ridge,brightness_only_diagnostic,771.0117798,471.48239335434124,436.64636932760004,771.9916159347626,20
pair_00015,afmv2_02a0adb35817,6065,6065,test,r0_foriginal_mvp9,original_mvp9,0,island_mean_area_px,ridge,brightness_only_diagnostic,122.2686539,678.0701680798807,436.64636932760004,771.9916159347626,20
pair_00018,afmv2_70d4ace1949e,6068,6068,val,r0_foriginal_mvp9,original_mvp9,0,island_mean_area_px,ridge,brightness_only_diagnostic,150.3119202,54.808573296556744,436.64636932760004,771.9916159347626,20
pair_00022,afmv2_21a48cb18e99,6078,6078,val,r0_foriginal_mvp9,original_mvp9,0,island_mean_area_px,ridge,brightness_only_diagnostic,528.5161133,755.5537163667823,436.64636932760004,771.9916159347626,20
pair_00032,afmv2_3eebc33de042,6094,6094,val,r0_foriginal_mvp9,original_mvp9,0,island_mean_area_px,ridge,brightness_only_diagnostic,520.1190186,829.3511522278022,436.64636932760004,771.9916159347626,20
pair_00035,afmv2_38a79c48d19d,6099,6099,test,r0_foriginal_mvp9,original_mvp9,0,island_mean_area_px,ridge,brightness_only_diagnostic,819.2000122,-2014.7816525706185,436.64636932760004,771.9916159347626,20
