target,growth_run_id,method,true_target,raw_predicted_target,predicted_target,range_calibration_log_scale,absolute_error,predicted_absolute_error,confidence,interval_lower,interval_upper,interval_radius,interval_covered,outer_target_used_for_training,outer_fit_growth_count,inner_selection_score,selected_by_inner_cv,uncertainty_risk_score,nearest_training_rheed_distance,knn_training_rheed_distance,maximum_absolute_robust_z,ledoit_wolf_mahalanobis,density_ood_z,support_confidence,core_head_disagreement_log_std,core_head_log_range,r3d_knn_training_distance,r3d_density_ood_z,r3d_support_confidence,training_target_q25_nm,training_target_median_nm,training_target_q75_nm,training_target_iqr_nm
Rq_nm,6022,M12a_frozen_alpha1,1.6493401527404783,2.38269261066498,1.4106550709502692,0.8333333333333334,0.23868508179020909,8.100759521835435,0.017956789832699032,0.0,19.95199974586509,18.54134467491482,True,False,22,3036962810.5717545,False,4.126559609285359,6.653849258724051,13.021531691324775,63.24242424242664,9.152836380809694,62.54606117867695,6.864213219542261e-28,0.0963833523067389,0.27959188376135524,12.093930434554943,4.126559609285359,0.016138305499596314,2.4763765272560625,3.1083622213092537,4.597837944228443,2.1214614169723807
Rq_nm,6022,M14a_regularized_alpha10,1.6493401527404783,2.0519779467188113,1.7806899492341963,0.8333333333333334,0.13134979649371803,5.576899244040965,0.010414899584546009,0.0,18.391937634601888,16.61124768536769,True,False,22,1295.9155359145752,False,4.126559609285359,6.653849258724051,13.021531691324775,63.24242424242664,9.152836380809694,62.54606117867695,6.864213219542261e-28,0.0963833523067389,0.27959188376135524,12.093930434554943,4.126559609285359,0.016138305499596314,2.4763765272560625,3.1083622213092537,4.597837944228443,2.1214614169723807
Rq_nm,6022,M14b_rheed_density_weighted,1.6493401527404783,2.1572295466524927,2.0355212066899773,0.8333333333333334,0.386181053949499,6.224317810442039,0.010414899584546009,0.0,17.478593522095313,15.443072315405335,True,False,22,48.336921201688824,False,4.126559609285359,6.653849258724051,13.021531691324775,63.24242424242664,9.152836380809694,62.54606117867695,6.864213219542261e-28,0.0963833523067389,0.27959188376135524,12.093930434554943,4.126559609285359,0.016138305499596314,2.4763765272560625,3.1083622213092537,4.597837944228443,2.1214614169723807
Rq_nm,6022,M14c_residual_self_paced,1.6493401527404783,2.822997386299365,2.6838193650835103,0.8333333333333334,1.034479212343032,6.4757327232876305,0.010414899584546009,0.0,18.608099001972047,15.924279636888537,True,False,22,13.072095259784426,False,4.126559609285359,6.653849258724051,13.021531691324775,63.24242424242664,9.152836380809694,62.54606117867695,6.864213219542261e-28,0.0963833523067389,0.27959188376135524,12.093930434554943,4.126559609285359,0.016138305499596314,2.4763765272560625,3.1083622213092537,4.597837944228443,2.1214614169723807
Rq_nm,6022,M14d_r3d_causal_temporal,1.6493401527404783,2.7139253725027177,2.648130141143079,1.2,0.9987899884026008,3.8623146291402257,0.04392627114279186,0.0,8.618616346673399,5.97048620553032,True,False,22,1.539981275554921,True,4.126559609285359,6.653849258724051,13.021531691324775,63.24242424242664,9.152836380809694,62.54606117867695,6.864213219542261e-28,0.0963833523067389,0.27959188376135524,12.093930434554943,4.126559609285359,0.016138305499596314,2.4763765272560625,3.1083622213092537,4.597837944228443,2.1214614169723807
Rq_nm,6022,M14e_multiview_curated20_r3d80,1.6493401527404783,2.566332115400577,2.339510892040149,1.2,0.6901707392996708,3.5371647575909013,0.06313282178632261,0.0,12.337418944216958,9.99790805217681,True,False,22,2.1060742871031986,False,4.126559609285359,6.653849258724051,13.021531691324775,63.24242424242664,9.152836380809694,62.54606117867695,6.864213219542261e-28,0.0963833523067389,0.27959188376135524,12.093930434554943,4.126559609285359,0.016138305499596314,2.4763765272560625,3.1083622213092537,4.597837944228443,2.1214614169723807
Rq_nm,6022,M14f_multiview_curated40_r3d60,1.6493401527404783,2.4267655232033483,2.3348912452671797,0.8333333333333334,0.6855510925267014,4.335062351535382,0.029120491766837047,0.0,14.577391020694284,12.242499775427104,True,False,22,5.928666397536255,False,4.126559609285359,6.653849258724051,13.021531691324775,63.24242424242664,9.152836380809694,62.54606117867695,6.864213219542261e-28,0.0963833523067389,0.27959188376135524,12.093930434554943,4.126559609285359,0.016138305499596314,2.4763765272560625,3.1083622213092537,4.597837944228443,2.1214614169723807
Rq_nm,6022,M14g_multiview_curated60_r3d40,1.6493401527404783,2.29478907631142,2.1332440369306807,0.8333333333333334,0.48390388419020236,4.872308899338941,0.016645121916315335,0.0,16.151163403815733,14.017919366885051,True,False,22,30.567550403921526,False,4.126559609285359,6.653849258724051,13.021531691324775,63.24242424242664,9.152836380809694,62.54606117867695,6.864213219542261e-28,0.0963833523067389,0.27959188376135524,12.093930434554943,4.126559609285359,0.016138305499596314,2.4763765272560625,3.1083622213092537,4.597837944228443,2.1214614169723807
Rq_nm,6028,M12a_frozen_alpha1,6.072564601898193,3.0640277323923804,3.089083255751921,1.2,2.9834813461462724,1.2346921968942486,0.996963991359031,1.5895979839094236,4.588568527594418,1.4994852718424974,False,False,22,1.754570488987498,False,0.004808873492225334,1.1196508373815859,1.1808604378665049,2.7311294604074776,1.411124869025453,1.1904159733900164,0.30409474243281603,0.040520319242771156,0.11105422524463116,3.8271023204082497,-0.836398731377099,1.0,2.1587060538598677,3.078905899152862,4.275076263122577,2.1163702092627097
Rq_nm,6028,M14a_regularized_alpha10,6.072564601898193,3.2748644555924376,3.318745489795832,1.2,2.753819112102361,1.1814215906766827,0.9161680559619411,1.0097426269969358,5.627748352594729,2.3090028627988963,False,False,22,1.8214092391226806,False,0.11332591509428026,1.1196508373815859,1.1808604378665049,2.7311294604074776,1.411124869025453,1.1904159733900164,0.30409474243281603,0.040520319242771156,0.11105422524463116,3.8271023204082497,-0.836398731377099,1.0,2.1587060538598677,3.078905899152862,4.275076263122577,2.1163702092627097
Rq_nm,6028,M14b_rheed_density_weighted,6.072564601898193,3.297442678520108,3.3526838080529955,1.2,2.719880793845198,1.213686943682487,0.8880064222871239,1.112219527778668,5.5931480883273235,2.2404642802743275,False,False,22,1.8411560871859016,False,0.12936201223296875,1.1196508373815859,1.1808604378665049,2.7311294604074776,1.411124869025453,1.1904159733900164,0.30409474243281603,0.040520319242771156,0.11105422524463116,3.8271023204082497,-0.836398731377099,1.0,2.1587060538598677,3.078905899152862,4.275076263122577,2.1163702092627097
Rq_nm,6028,M14c_residual_self_paced,6.072564601898193,3.1417002515964265,3.168103520633591,1.2,2.9044610812646026,1.227570949005737,0.9523100306316764,0.20763671942786033,6.128570321839321,2.9604668012057305,True,False,22,1.9789450280714838,False,0.04214651155565209,1.1196508373815859,1.1808604378665049,2.7311294604074776,1.411124869025453,1.1904159733900164,0.30409474243281603,0.040520319242771156,0.11105422524463116,3.8271023204082497,-0.836398731377099,1.0,2.1587060538598677,3.078905899152862,4.275076263122577,2.1163702092627097
Rq_nm,6028,M14d_r3d_causal_temporal,6.072564601898193,3.659515296049767,3.8505077535448904,1.2,2.222056848353303,1.226214999711631,0.7941151739989706,2.277012844407852,5.424002662681929,1.5734949091370385,False,False,22,1.5239669157324511,True,0.36458737276444414,1.1196508373815859,1.1808604378665049,2.7311294604074776,1.411124869025453,1.1904159733900164,0.30409474243281603,0.040520319242771156,0.11105422524463116,3.8271023204082497,-0.836398731377099,1.0,2.1587060538598677,3.078905899152862,4.275076263122577,2.1163702092627097
Rq_nm,6028,M14e_multiview_curated20_r3d80,6.072564601898193,3.57913038189889,3.7377408881289025,1.2,2.334823713769291,1.2765656135557228,0.8213252331540296,2.2115344234578354,5.26394735279997,1.5262064646710671,False,False,22,1.5653883376449567,False,0.311304225552089,1.1196508373815859,1.1808604378665049,2.7311294604074776,1.411124869025453,1.1904159733900164,0.30409474243281603,0.040520319242771156,0.11105422524463116,3.8271023204082497,-0.836398731377099,1.0,2.1587060538598677,3.078905899152862,4.275076263122577,2.1163702092627097
Rq_nm,6028,M14f_multiview_curated40_r3d60,6.072564601898193,3.5005112027976844,3.6282765393547884,1.2,2.444288062543405,1.2715654243489514,0.848629901606606,1.8571940017101964,5.399359076999381,1.771082537644592,False,False,22,1.6184172527444447,False,0.2595815409787465,1.1196508373815859,1.1808604378665049,2.7311294604074776,1.411124869025453,1.1904159733900164,0.30409474243281603,0.040520319242771156,0.11105422524463116,3.8271023204082497,-0.836398731377099,1.0,2.1587060538598677,3.078905899152862,4.275076263122577,2.1163702092627097
Rq_nm,6028,M14g_multiview_curated60_r3d40,6.072564601898193,3.42361897260949,3.5220179889522516,1.2,2.5505466129459418,1.2022751805382217,0.870696445788144,1.5803507639057734,5.46368521399873,1.9416672250464782,False,False,22,1.6598350835334172,False,0.2093736189727215,1.1196508373815859,1.1808604378665049,2.7311294604074776,1.411124869025453,1.1904159733900164,0.30409474243281603,0.040520319242771156,0.11105422524463116,3.8271023204082497,-0.836398731377099,1.0,2.1587060538598677,3.078905899152862,4.275076263122577,2.1163702092627097
Rq_nm,6029,M12a_frozen_alpha1,2.561024904251098,2.2787530728899794,1.5548551324662714,0.8333333333333334,1.0061697717848268,1.3461194193971062,1.0,0.0,5.591402544705656,4.0365474122393845,True,False,22,3948660.058307836,False,0.0,6.778687763394796,17.108367513598957,87.12121212121538,17.582682931962506,70.76183569213006,1.8557746142185313e-31,0.0604647370747811,0.16112704087670138,4.102096060545123,-0.5283989080857896,1.0,2.1587060538598677,3.1083622213092537,4.597837944228443,2.4391318903685755
Rq_nm,6029,M14a_regularized_alpha10,2.561024904251098,2.551126638742169,2.26473926999466,0.8333333333333334,0.29628563425643817,1.0514325662220358,1.0,0.0,5.724462655371122,3.4597233853764617,True,False,22,66.60054729416905,False,0.0,6.778687763394796,17.108367513598957,87.12121212121538,17.582682931962506,70.76183569213006,1.8557746142185313e-31,0.0604647370747811,0.16112704087670138,4.102096060545123,-0.5283989080857896,1.0,2.1587060538598677,3.1083622213092537,4.597837944228443,2.4391318903685755
Rq_nm,6029,M14b_rheed_density_weighted,2.561024904251098,2.5473964148276487,2.426468010997758,0.8333333333333334,0.13455689325334008,1.2517690662800949,1.0,0.0,5.496828545567305,3.070360534569547,True,False,22,7.9917308111320935,False,0.0,6.778687763394796,17.108367513598957,87.12121212121538,17.582682931962506,70.76183569213006,1.8557746142185313e-31,0.0604647370747811,0.16112704087670138,4.102096060545123,-0.5283989080857896,1.0,2.1587060538598677,3.1083622213092537,4.597837944228443,2.4391318903685755
Rq_nm,6029,M14c_residual_self_paced,2.561024904251098,2.9028601787488943,2.734416825044788,0.937029411630194,0.1733919207936898,1.1788182967188847,1.0,0.0,6.405227276506759,3.6708104514619704,True,False,22,5.3513955504023585,False,0.0,6.778687763394796,17.108367513598957,87.12121212121538,17.582682931962506,70.76183569213006,1.8557746142185313e-31,0.0604647370747811,0.16112704087670138,4.102096060545123,-0.5283989080857896,1.0,2.1587060538598677,3.1083622213092537,4.597837944228443,2.4391318903685755
Rq_nm,6029,M14d_r3d_causal_temporal,2.561024904251098,2.1714779959592008,2.1009254802611124,1.2,0.4600994239899858,0.9569321915871846,1.0,0.8910306302498663,3.3108203302723584,1.209894850011246,True,False,22,1.5438842234667558,True,0.0,6.778687763394796,17.108367513598957,87.12121212121538,17.582682931962506,70.76183569213006,1.8557746142185313e-31,0.0604647370747811,0.16112704087670138,4.102096060545123,-0.5283989080857896,1.0,2.1587060538598677,3.1083622213092537,4.597837944228443,2.4391318903685755
Rq_nm,6029,M14e_multiview_curated20_r3d80,2.561024904251098,2.2425944853761908,2.076208420689185,1.2,0.4848164835619131,1.0211569401134315,1.0,0.598079961321331,3.554336880057039,1.478128459367854,True,False,22,1.9378836985956078,False,0.0,6.778687763394796,17.108367513598957,87.12121212121538,17.582682931962506,70.76183569213006,1.8557746142185313e-31,0.0604647370747811,0.16112704087670138,4.102096060545123,-0.5283989080857896,1.0,2.1587060538598677,3.1083622213092537,4.597837944228443,2.4391318903685755
Rq_nm,6029,M14f_multiview_curated40_r3d60,2.561024904251098,2.31604005898211,2.0923835528354715,1.138072795311505,0.4686413514156267,0.9524031597300857,1.0,0.0,4.278125003090609,2.1857414502551373,True,False,22,3.1032138876346074,False,0.0,6.778687763394796,17.108367513598957,87.12121212121538,17.582682931962506,70.76183569213006,1.8557746142185313e-31,0.0604647370747811,0.16112704087670138,4.102096060545123,-0.5283989080857896,1.0,2.1587060538598677,3.1083622213092537,4.597837944228443,2.4391318903685755
Rq_nm,6029,M14g_multiview_curated60_r3d40,2.561024904251098,2.391890994911659,2.2909652920888375,0.8333333333333334,0.2700596121622607,1.061687566056852,1.0,0.0,5.149219470222367,2.8582541781335298,True,False,22,6.938906597654265,False,0.0,6.778687763394796,17.108367513598957,87.12121212121538,17.582682931962506,70.76183569213006,1.8557746142185313e-31,0.0604647370747811,0.16112704087670138,4.102096060545123,-0.5283989080857896,1.0,2.1587060538598677,3.1083622213092537,4.597837944228443,2.4391318903685755
Rq_nm,6033,M12a_frozen_alpha1,2.5392112094198453,4.237406396107019,4.377157133063944,1.2,1.837945923644099,2.122553356877317,0.6273380584353663,2.037094411040135,6.7172198550877535,2.3400627220238093,True,False,22,1.9837627404787734,False,0.5201829867276935,1.201091562967915,1.2672887559337525,3.629408731056335,1.4683507437940062,2.0115159206876023,0.13378571234123324,0.06806506094264783,0.20727069126396014,3.505250508371155,-0.894732633347827,1.0,2.1587060538598677,3.1083622213092537,4.597837944228443,2.4391318903685755
Rq_nm,6033,M14a_regularized_alpha10,2.5392112094198453,4.129113615688966,4.330149541271975,1.2,1.79093833185213,1.9741298418089668,0.5886796177318124,1.1416233631944221,7.518675719349528,3.188526178077553,True,False,22,1.9060198753162854,False,0.5009107235189723,1.201091562967915,1.2672887559337525,3.629408731056335,1.4683507437940062,2.0115159206876023,0.13378571234123324,0.06806506094264783,0.20727069126396014,3.505250508371155,-0.894732633347827,1.0,2.1587060538598677,3.1083622213092537,4.597837944228443,2.4391318903685755
Rq_nm,6033,M14b_rheed_density_weighted,2.5392112094198453,3.8777463706660185,4.119288123473048,1.2,1.5800769140532025,1.7412056506914233,0.6203713416106447,0.7143826886892444,7.524193558256851,3.4049054347838035,True,False,22,1.9032741651579734,False,0.4144613524818594,1.201091562967915,1.2672887559337525,3.629408731056335,1.4683507437940062,2.0115159206876023,0.13378571234123324,0.06806506094264783,0.20727069126396014,3.505250508371155,-0.894732633347827,1.0,2.1587060538598677,3.1083622213092537,4.597837944228443,2.4391318903685755
Rq_nm,6033,M14c_residual_self_paced,2.5392112094198453,3.826371944847851,3.9775704380122754,1.2,1.43835922859243,1.9628881056420113,0.5655258490549311,0.0,8.444960699344966,4.467390261332691,True,False,22,2.097901793732141,False,0.35635966227790833,1.201091562967915,1.2672887559337525,3.629408731056335,1.4683507437940062,2.0115159206876023,0.13378571234123324,0.06806506094264783,0.20727069126396014,3.505250508371155,-0.894732633347827,1.0,2.1587060538598677,3.1083622213092537,4.597837944228443,2.4391318903685755
Rq_nm,6033,M14d_r3d_causal_temporal,2.5392112094198453,3.3561419053223114,3.4526657731807577,1.2,0.9134545637609124,1.282857688258114,0.8777277272115609,2.0208028738459616,4.884528672515554,1.431862899334796,True,False,22,1.609072467183093,False,0.14115823471090636,1.201091562967915,1.2672887559337525,3.629408731056335,1.4683507437940062,2.0115159206876023,0.13378571234123324,0.06806506094264783,0.20727069126396014,3.505250508371155,-0.894732633347827,1.0,2.1587060538598677,3.1083622213092537,4.597837944228443,2.4391318903685755
Rq_nm,6033,M14e_multiview_curated20_r3d80,2.5392112094198453,3.4981918126055227,3.6126360439105016,1.2,1.0734248344906563,1.233864068021927,0.8080087826858905,1.9753060483914515,5.249966039429552,1.6373299955190501,True,False,22,1.5898847755543275,True,0.2067431550513849,1.201091562967915,1.2672887559337525,3.629408731056335,1.4683507437940062,2.0115159206876023,0.13378571234123324,0.06806506094264783,0.20727069126396014,3.505250508371155,-0.894732633347827,1.0,2.1587060538598677,3.1083622213092537,4.597837944228443,2.4391318903685755
Rq_nm,6033,M14f_multiview_curated40_r3d60,2.5392112094198453,3.6462540330531943,3.7800181202416234,1.2,1.240806910821778,1.3920889799282867,0.7514456554114254,1.5670878376032475,5.99294840288,2.212930282638376,True,False,22,1.635399978010021,False,0.27536678175729,1.201091562967915,1.2672887559337525,3.629408731056335,1.4683507437940062,2.0115159206876023,0.13378571234123324,0.06806506094264783,0.20727069126396014,3.505250508371155,-0.894732633347827,1.0,2.1587060538598677,3.1083622213092537,4.597837944228443,2.4391318903685755
Rq_nm,6033,M14g_multiview_curated60_r3d40,2.5392112094198453,3.800583039971778,3.9551554088710157,1.2,1.4159441994511703,1.5362784569481216,0.6958829367366162,1.0591020832520406,6.85120873448999,2.896053325618975,True,False,22,1.7080527375887533,False,0.3471699053689974,1.201091562967915,1.2672887559337525,3.629408731056335,1.4683507437940062,2.0115159206876023,0.13378571234123324,0.06806506094264783,0.20727069126396014,3.505250508371155,-0.894732633347827,1.0,2.1587060538598677,3.1083622213092537,4.597837944228443,2.4391318903685755
Rq_nm,6047,M12a_frozen_alpha1,3.066597064069266,1.8575389358894734,1.734296525053506,1.2,1.33230053901576,1.1707510502034435,1.0,0.4081421164832335,3.0604509336237786,1.3261544085702726,False,False,22,1.748181707907497,False,0.0,0.5849433653835722,0.6870589512885444,1.4044239022779763,0.7454209746042366,-0.9861203146306646,1.0,0.16127344344962077,0.44983053125942885,3.738477467430234,-0.8285591755933692,1.0,2.1587060538598677,3.1083622213092537,4.597837944228443,2.4391318903685755
Rq_nm,6047,M14a_regularized_alpha10,3.066597064069266,2.350548740401605,2.2662218179645994,1.2,0.8003752461046667,1.27205565873287,1.0,0.0,4.589153206119114,2.3229313881545144,True,False,22,1.940180095070421,False,0.0,0.5849433653835722,0.6870589512885444,1.4044239022779763,0.7454209746042366,-0.9861203146306646,1.0,0.16127344344962077,0.44983053125942885,3.738477467430234,-0.8285591755933692,1.0,2.1587060538598677,3.1083622213092537,4.597837944228443,2.4391318903685755
Rq_nm,6047,M14b_rheed_density_weighted,3.066597064069266,2.2267602762487124,2.1652043795477733,1.2,0.9013926845214928,1.3109071626880802,1.0,0.0,4.48679148912694,2.3215871095791667,True,False,22,1.9405394608879771,False,0.0,0.5849433653835722,0.6870589512885444,1.4044239022779763,0.7454209746042366,-0.9861203146306646,1.0,0.16127344344962077,0.44983053125942885,3.738477467430234,-0.8285591755933692,1.0,2.1587060538598677,3.1083622213092537,4.597837944228443,2.4391318903685755
Rq_nm,6047,M14c_residual_self_paced,3.066597064069266,2.5515719036458764,2.5228196629365343,1.2,0.5437774011327319,1.2308115286148582,1.0,0.0,5.330060770517248,2.8072411075807135,True,False,22,2.0664034460354874,False,0.0,0.5849433653835722,0.6870589512885444,1.4044239022779763,0.7454209746042366,-0.9861203146306646,1.0,0.16127344344962077,0.44983053125942885,3.738477467430234,-0.8285591755933692,1.0,2.1587060538598677,3.1083622213092537,4.597837944228443,2.4391318903685755
Rq_nm,6047,M14d_r3d_causal_temporal,3.066597064069266,3.4916634974483833,3.6142957008871974,1.2,0.5476986368179313,1.2130871838428732,0.8671878901108412,2.1382950511539147,5.090296350620481,1.4760006497332827,True,False,22,1.5526332388184074,True,0.2074235844218709,0.5849433653835722,0.6870589512885444,1.4044239022779763,0.7454209746042366,-0.9861203146306646,1.0,0.16127344344962077,0.44983053125942885,3.738477467430234,-0.8285591755933692,1.0,2.1587060538598677,3.1083622213092537,4.597837944228443,2.4391318903685755
Rq_nm,6047,M14e_multiview_curated20_r3d80,3.066597064069266,3.225965796120887,3.2921485861016615,1.2,0.22555152203239537,1.0424000493332952,0.9495522870591278,2.0470266701328335,4.5372705020704895,1.2451219159688278,True,False,22,1.5880768266621548,False,0.07534908854995784,0.5849433653835722,0.6870589512885444,1.4044239022779763,0.7454209746042366,-0.9861203146306646,1.0,0.16127344344962077,0.44983053125942885,3.738477467430234,-0.8285591755933692,1.0,2.1587060538598677,3.1083622213092537,4.597837944228443,2.4391318903685755
Rq_nm,6047,M14f_multiview_curated40_r3d60,3.066597064069266,2.980486328464048,2.9987148838737023,1.2,0.0678821801955638,1.0454620432198187,1.0,1.5717483294618633,4.425681438285541,1.426966554411839,True,False,22,1.6645554513258236,False,0.0,0.5849433653835722,0.6870589512885444,1.4044239022779763,0.7454209746042366,-0.9861203146306646,1.0,0.16127344344962077,0.44983053125942885,3.738477467430234,-0.8285591755933692,1.0,2.1587060538598677,3.1083622213092537,4.597837944228443,2.4391318903685755
Rq_nm,6047,M14g_multiview_curated60_r3d40,3.066597064069266,2.7536865904911205,2.7314353285049413,1.2,0.3351617355643248,1.0839493995406708,1.0,1.0204846953033007,4.442385961706582,1.7109506332016406,True,False,22,1.737244121033413,False,0.0,0.5849433653835722,0.6870589512885444,1.4044239022779763,0.7454209746042366,-0.9861203146306646,1.0,0.16127344344962077,0.44983053125942885,3.738477467430234,-0.8285591755933692,1.0,2.1587060538598677,3.1083622213092537,4.597837944228443,2.4391318903685755
Rq_nm,6048,M12a_frozen_alpha1,2.455431633201468,3.8326176499236078,4.017402741007719,1.2,1.5619711078062508,4.103952319710109,0.15825105965192196,0.0,9.093502757378545,5.076100016370825,True,False,22,1.8923953786488112,False,1.9394245605189655,0.922045126329366,0.991967245830668,2.5377445917259642,0.9385179509621401,0.554780700964385,0.5741981684948597,0.12535853697542634,0.3540557975842141,7.848047865870079,1.5635063535795903,0.209400550087426,2.179650947914462,3.1083622213092537,4.597837944228443,2.418186996313981
Rq_nm,6048,M14a_regularized_alpha10,2.455431633201468,3.32641629618725,3.3942198841361044,1.2,0.9387882509346364,3.4907121917045685,0.20217886683538794,0.0,9.340232074231228,5.946012190095123,True,False,22,2.0078068333380004,False,1.6817179159040014,0.922045126329366,0.991967245830668,2.5377445917259642,0.9385179509621401,0.554780700964385,0.5741981684948597,0.12535853697542634,0.3540557975842141,7.848047865870079,1.5635063535795903,0.209400550087426,2.179650947914462,3.1083622213092537,4.597837944228443,2.418186996313981
Rq_nm,6048,M14b_rheed_density_weighted,2.455431633201468,3.1862538085309255,3.261043722336807,1.2,0.8056120891353391,3.5635146527619415,0.2029832317790377,0.0,9.131464509809241,5.870420787472435,True,False,22,2.0123078459772494,False,1.6266451849686783,0.922045126329366,0.991967245830668,2.5377445917259642,0.9385179509621401,0.554780700964385,0.5741981684948597,0.12535853697542634,0.3540557975842141,7.848047865870079,1.5635063535795903,0.209400550087426,2.179650947914462,3.1083622213092537,4.597837944228443,2.418186996313981
Rq_nm,6048,M14c_residual_self_paced,2.455431633201468,3.181711195094162,3.232953486986105,1.2,0.7775218537846369,3.073265994903291,0.20530793980080556,0.0,10.410440367639271,7.177486880653166,True,False,22,2.118795692291825,False,1.6150289471038979,0.922045126329366,0.991967245830668,2.5377445917259642,0.9385179509621401,0.554780700964385,0.5741981684948597,0.12535853697542634,0.3540557975842141,7.848047865870079,1.5635063535795903,0.209400550087426,2.179650947914462,3.1083622213092537,4.597837944228443,2.418186996313981
Rq_nm,6048,M14d_r3d_causal_temporal,2.455431633201468,2.3345980607306753,2.1997781565504644,1.2,0.2556534766510037,1.8976022584583785,0.3565405393241068,0.0,5.232865061339938,3.033086904789474,True,False,22,1.6745036986552029,True,1.5635063535795903,0.922045126329366,0.991967245830668,2.5377445917259642,0.9385179509621401,0.554780700964385,0.5741981684948597,0.12535853697542634,0.3540557975842141,7.848047865870079,1.5635063535795903,0.209400550087426,2.179650947914462,3.1083622213092537,4.597837944228443,2.418186996313981
Rq_nm,6048,M14e_multiview_curated20_r3d80,2.455431633201468,2.50590738650346,2.3991152032026095,1.2,0.05631642999885855,2.1548205861298517,0.3236323043067953,0.0,5.537303553675539,3.1381883504729298,True,False,22,1.6858352439329778,False,1.5635063535795903,0.922045126329366,0.991967245830668,2.5377445917259642,0.9385179509621401,0.554780700964385,0.5741981684948597,0.12535853697542634,0.3540557975842141,7.848047865870079,1.5635063535795903,0.209400550087426,2.179650947914462,3.1083622213092537,4.597837944228443,2.418186996313981
Rq_nm,6048,M14f_multiview_curated40_r3d60,2.455431633201468,2.6897871352498433,2.6165155523062684,1.2,0.16108391910480035,2.3443180700963526,0.2908601266064668,0.0,6.396467193005941,3.7799516406996725,True,False,22,1.723894954639623,False,1.5635063535795903,0.922045126329366,0.991967245830668,2.5377445917259642,0.9385179509621401,0.554780700964385,0.5741981684948597,0.12535853697542634,0.3540557975842141,7.848047865870079,1.5635063535795903,0.209400550087426,2.179650947914462,3.1083622213092537,4.597837944228443,2.418186996313981
Rq_nm,6048,M14g_multiview_curated60_r3d40,2.455431633201468,2.8871597058703053,2.8536160440822314,1.2,0.3981844108807633,2.6783277139279438,0.25851844204957214,0.0,7.322296444090712,4.4686804000084805,True,False,22,1.7927554164364317,False,1.5635063535795903,0.922045126329366,0.991967245830668,2.5377445917259642,0.9385179509621401,0.554780700964385,0.5741981684948597,0.12535853697542634,0.3540557975842141,7.848047865870079,1.5635063535795903,0.209400550087426,2.179650947914462,3.1083622213092537,4.597837944228443,2.418186996313981
Rq_nm,6056,M12a_frozen_alpha1,3.2253758907318115,2.364662132626419,2.3017218341971533,1.2,0.9236540565346583,1.3727069734516724,1.0,0.0,5.159184431915367,2.8574625977182135,True,False,22,1.9301172969174605,False,0.0,0.7463233901344413,0.7897528873183344,1.5050505050504863,0.7372677817877616,-0.49225580397392377,1.0,0.035022162097498095,0.09659272337139124,3.5260856151043782,-1.0069969852649652,1.0,2.1587060538598677,3.078905899152862,4.597837944228443,2.4391318903685755
Rq_nm,6056,M14a_regularized_alpha10,3.2253758907318115,2.8643918990844592,2.8567343230242033,1.2,0.36864156770760825,1.3057806609818752,1.0,0.0340256771487466,5.67944296889966,2.8227086458754567,True,False,22,1.9840719170456018,False,0.0,0.7463233901344413,0.7897528873183344,1.5050505050504863,0.7372677817877616,-0.49225580397392377,1.0,0.035022162097498095,0.09659272337139124,3.5260856151043782,-1.0069969852649652,1.0,2.1587060538598677,3.078905899152862,4.597837944228443,2.4391318903685755
Rq_nm,6056,M14b_rheed_density_weighted,3.2253758907318115,2.8898704223474883,2.9331515278899793,1.2,0.2922243628418322,1.2157190495298762,1.0,0.3622620863702535,5.504040969409705,2.570889441519726,True,False,22,1.9676788503050149,False,0.0,0.7463233901344413,0.7897528873183344,1.5050505050504863,0.7372677817877616,-0.49225580397392377,1.0,0.035022162097498095,0.09659272337139124,3.5260856151043782,-1.0069969852649652,1.0,2.1587060538598677,3.078905899152862,4.597837944228443,2.4391318903685755
Rq_nm,6056,M14c_residual_self_paced,3.2253758907318115,2.930410494198352,2.9817560715566787,1.2,0.24361981917513287,0.9991962691027095,1.0,0.0,6.3641012386191305,3.382345167062452,True,False,22,2.01944886702576,False,0.0,0.7463233901344413,0.7897528873183344,1.5050505050504863,0.7372677817877616,-0.49225580397392377,1.0,0.035022162097498095,0.09659272337139124,3.5260856151043782,-1.0069969852649652,1.0,2.1587060538598677,3.078905899152862,4.597837944228443,2.4391318903685755
Rq_nm,6056,M14d_r3d_causal_temporal,3.2253758907318115,2.6237876485561817,2.607919002054414,1.2,0.6174568886773977,0.9907246650412285,1.0,1.420150649180899,3.795687354927929,1.1877683528735148,True,False,22,1.5462244484771475,True,0.0,0.7463233901344413,0.7897528873183344,1.5050505050504863,0.7372677817877616,-0.49225580397392377,1.0,0.035022162097498095,0.09659272337139124,3.5260856151043782,-1.0069969852649652,1.0,2.1587060538598677,3.078905899152862,4.597837944228443,2.4391318903685755
Rq_nm,6056,M14e_multiview_curated20_r3d80,3.2253758907318115,2.6702346919441755,2.6558848986854193,1.2,0.5694909920463922,0.9654927104167406,1.0,1.3435344645835348,3.968235332787304,1.3123504341018846,True,False,22,1.5797862629371193,False,0.0,0.7463233901344413,0.7897528873183344,1.5050505050504863,0.7372677817877616,-0.49225580397392377,1.0,0.035022162097498095,0.09659272337139124,3.5260856151043782,-1.0069969852649652,1.0,2.1587060538598677,3.078905899152862,4.597837944228443,2.4391318903685755
Rq_nm,6056,M14f_multiview_curated40_r3d60,3.2253758907318115,2.7175039542494166,2.7047330034056323,1.2,0.5206428873261792,1.0754415950489649,1.0,1.0359140107703084,4.373551996040956,1.6688189926353239,True,False,22,1.661532088581807,False,0.0,0.7463233901344413,0.7897528873183344,1.5050505050504863,0.7372677817877616,-0.49225580397392377,1.0,0.035022162097498095,0.09659272337139124,3.5260856151043782,-1.0069969852649652,1.0,2.1587060538598677,3.078905899152862,4.597837944228443,2.4391318903685755
Rq_nm,6056,M14g_multiview_curated60_r3d40,3.2253758907318115,2.7656099906275977,2.7544795421415453,1.2,0.4708963485902662,1.103751962562078,1.0,0.7010292477877513,4.807929836495339,2.053450294353794,True,False,22,1.742343306092738,False,0.0,0.7463233901344413,0.7897528873183344,1.5050505050504863,0.7372677817877616,-0.49225580397392377,1.0,0.035022162097498095,0.09659272337139124,3.5260856151043782,-1.0069969852649652,1.0,2.1587060538598677,3.078905899152862,4.597837944228443,2.4391318903685755
Rq_nm,6057,M12a_frozen_alpha1,5.337333679199219,4.623984499200027,5.175360915118401,1.1377625806602987,0.16197276408081773,2.4436729795265233,0.4394677593210139,1.2616682792104799,9.089053551026321,3.913692635907921,True,False,22,2.0579800979108347,False,0.9905899292997,0.7848979266810878,0.8360719038291641,1.4187680859859442,0.9442605434295904,-0.2721488916877431,1.0,0.3118150576532429,0.8425467808413974,5.129005842115786,-0.06647114850914923,1.0,2.1587060538598677,3.078905899152862,4.275076263122577,2.1163702092627097
Rq_nm,6057,M14a_regularized_alpha10,5.337333679199219,3.556292203309736,3.8910161007743995,1.2,1.4463175784248192,1.6462758623756757,0.727242993313423,1.1725882167219175,6.609443984826882,2.718427884052482,True,False,22,1.9722103732944634,False,0.3837278553946647,0.7848979266810878,0.8360719038291641,1.4187680859859442,0.9442605434295904,-0.2721488916877431,1.0,0.3118150576532429,0.8425467808413974,5.129005842115786,-0.06647114850914923,1.0,2.1587060538598677,3.078905899152862,4.275076263122577,2.1163702092627097
Rq_nm,6057,M14b_rheed_density_weighted,5.337333679199219,3.45327029409693,3.7843465516695574,1.2,1.5529871275296614,1.518846702361816,0.7563891006028584,0.6967995441842816,6.871893559154833,3.0875470074852758,True,False,22,1.938564979181274,False,0.3333257335740201,0.7848979266810878,0.8360719038291641,1.4187680859859442,0.9442605434295904,-0.2721488916877431,1.0,0.3118150576532429,0.8425467808413974,5.129005842115786,-0.06647114850914923,1.0,2.1587060538598677,3.078905899152862,4.275076263122577,2.1163702092627097
Rq_nm,6057,M14c_residual_self_paced,5.337333679199219,3.192041534667939,3.5311856942170707,1.2,1.806147984982148,1.2869469417718102,0.8361031154917034,0.0,7.213087778987427,3.681902084770357,True,False,22,2.0015931347440423,False,0.21370542501719086,0.7848979266810878,0.8360719038291641,1.4187680859859442,0.9442605434295904,-0.2721488916877431,1.0,0.3118150576532429,0.8425467808413974,5.129005842115786,-0.06647114850914923,1.0,2.1587060538598677,3.078905899152862,4.275076263122577,2.1163702092627097
Rq_nm,6057,M14d_r3d_causal_temporal,5.337333679199219,1.5313836993243,1.4220079151951956,1.2,3.915325764004023,0.7645244807468605,1.0,0.4272135220722828,2.4168023083181085,0.9947943931229128,False,False,22,1.2202106170314824,True,0.0,0.7848979266810878,0.8360719038291641,1.4187680859859442,0.9442605434295904,-0.2721488916877431,1.0,0.3118150576532429,0.8425467808413974,5.129005842115786,-0.06647114850914923,1.0,2.1587060538598677,3.078905899152862,4.275076263122577,2.1163702092627097
Rq_nm,6057,M14e_multiview_curated20_r3d80,5.337333679199219,1.8124527918143987,1.7391386892197127,1.2,3.598194989979506,0.698889239572589,1.0,0.6888529379287456,2.78942444051068,1.0502857512909671,False,False,22,1.2241292407948705,False,0.0,0.7848979266810878,0.8360719038291641,1.4187680859859442,0.9442605434295904,-0.2721488916877431,1.0,0.3118150576532429,0.8425467808413974,5.129005842115786,-0.06647114850914923,1.0,2.1587060538598677,3.078905899152862,4.275076263122577,2.1163702092627097
Rq_nm,6057,M14f_multiview_curated40_r3d60,5.337333679199219,2.1451091088440206,2.1269947572167207,1.2,3.210338921982498,0.9066291334833749,1.0,1.0033641931015125,3.250625321331929,1.1236305641152082,False,False,22,1.3866793670749624,False,0.0,0.7848979266810878,0.8360719038291641,1.4187680859859442,0.9442605434295904,-0.2721488916877431,1.0,0.3118150576532429,0.8425467808413974,5.129005842115786,-0.06647114850914923,1.0,2.1587060538598677,3.078905899152862,4.275076263122577,2.1163702092627097
Rq_nm,6057,M14g_multiview_curated60_r3d40,5.337333679199219,2.5388209335036827,2.6013490041195144,1.2,2.7359846750797043,0.9209015224387744,1.0,1.2224654415439162,3.9802325666951126,1.3788835625755982,False,False,22,1.5330175116283666,False,0.0,0.7848979266810878,0.8360719038291641,1.4187680859859442,0.9442605434295904,-0.2721488916877431,1.0,0.3118150576532429,0.8425467808413974,5.129005842115786,-0.06647114850914923,1.0,2.1587060538598677,3.078905899152862,4.275076263122577,2.1163702092627097
Rq_nm,6062,M12a_frozen_alpha1,3.0912147342364586,3.2150152183970655,3.270398206439891,1.2,0.17918347220343245,1.3838197423040197,0.9538671613548945,1.3076920997293284,5.233104313150454,1.9627061067105627,True,False,22,1.9611328874227767,False,0.0714782258813765,0.8979435764339434,0.908980588032004,1.866261024284291,1.1474655930590243,0.12904938621143072,0.8789305574233688,0.10071011445675922,0.27567142185654436,3.804745265622191,-0.7957715230947807,1.0,2.1587060538598677,3.096053386225657,4.597837944228443,2.4391318903685755
Rq_nm,6062,M14a_regularized_alpha10,3.0912147342364586,3.6258096658783816,3.7649130573562055,1.2,0.6736983231197469,1.6267994856222805,0.7996162762942679,1.2588662850170391,6.2709598296953715,2.5060467723391664,True,False,22,2.0047343253798227,False,0.27422037888630835,0.8979435764339434,0.908980588032004,1.866261024284291,1.1474655930590243,0.12904938621143072,0.8789305574233688,0.10071011445675922,0.27567142185654436,3.804745265622191,-0.7957715230947807,1.0,2.1587060538598677,3.096053386225657,4.597837944228443,2.4391318903685755
Rq_nm,6062,M14b_rheed_density_weighted,3.0912147342364586,3.685734346979194,3.9075107210144964,1.2,0.8162959867780377,1.8328728357859572,0.7334335554655129,0.9842762722611349,6.830745169767858,2.9232344487533615,True,False,22,2.0160566575368697,False,0.33268284425005834,0.8979435764339434,0.908980588032004,1.866261024284291,1.1474655930590243,0.12904938621143072,0.8789305574233688,0.10071011445675922,0.27567142185654436,3.804745265622191,-0.7957715230947807,1.0,2.1587060538598677,3.096053386225657,4.597837944228443,2.4391318903685755
Rq_nm,6062,M14c_residual_self_paced,3.0912147342364586,3.790804603451848,4.004717766534264,1.2,0.9135030322978053,1.9367676906513167,0.6246317294944184,0.34071666041284665,7.668718872655681,3.6640011061214173,True,False,22,2.113914780378938,False,0.3725359763843271,0.8979435764339434,0.908980588032004,1.866261024284291,1.1474655930590243,0.12904938621143072,0.8789305574233688,0.10071011445675922,0.27567142185654436,3.804745265622191,-0.7957715230947807,1.0,2.1587060538598677,3.096053386225657,4.597837944228443,2.4391318903685755
Rq_nm,6062,M14d_r3d_causal_temporal,3.0912147342364586,4.776695747843826,5.174880638024586,1.2,2.0836659037881273,1.4607068536248216,0.5694043701135375,2.9249130409932795,7.424848235055892,2.2499675970313064,True,False,22,1.393063479616615,True,0.8522816088820842,0.8979435764339434,0.908980588032004,1.866261024284291,1.1474655930590243,0.12904938621143072,0.8789305574233688,0.10071011445675922,0.27567142185654436,3.804745265622191,-0.7957715230947807,1.0,2.1587060538598677,3.096053386225657,4.597837944228443,2.4391318903685755
Rq_nm,6062,M14e_multiview_curated20_r3d80,3.0912147342364586,4.520464513132578,4.855917055315282,1.2,1.7647023210788233,1.4569088763005378,0.6207942074861191,2.8185384353957206,6.893295675234843,2.0373786199195614,True,False,22,1.4649793032865914,False,0.7215123036350827,0.8979435764339434,0.908980588032004,1.866261024284291,1.1474655930590243,0.12904938621143072,0.8789305574233688,0.10071011445675922,0.27567142185654436,3.804745265622191,-0.7957715230947807,1.0,2.1587060538598677,3.096053386225657,4.597837944228443,2.4391318903685755
Rq_nm,6062,M14f_multiview_curated40_r3d60,3.0912147342364586,4.277978019369356,4.5566133979668075,1.2,1.4653986637303489,1.469101647053188,0.6732269248862734,2.655071347091358,6.458155448842257,1.9015420508754495,True,False,22,1.557937889631635,False,0.5988032125316709,0.8979435764339434,0.908980588032004,1.866261024284291,1.1474655930590243,0.12904938621143072,0.8789305574233688,0.10071011445675922,0.27567142185654436,3.804745265622191,-0.7957715230947807,1.0,2.1587060538598677,3.096053386225657,4.597837944228443,2.4391318903685755
Rq_nm,6062,M14g_multiview_curated60_r3d40,3.0912147342364586,4.04849897196187,4.275757889192885,1.2,1.1845431549564265,1.4447444165781547,0.7264484925078819,2.248896870167577,6.302618908218193,2.0268610190253082,True,False,22,1.6855664195914661,False,0.4836575289862508,0.8979435764339434,0.908980588032004,1.866261024284291,1.1474655930590243,0.12904938621143072,0.8789305574233688,0.10071011445675922,0.27567142185654436,3.804745265622191,-0.7957715230947807,1.0,2.1587060538598677,3.096053386225657,4.597837944228443,2.4391318903685755
Rq_nm,6063,M12a_frozen_alpha1,5.865590098313159,3.2351936260559926,3.231807277496541,1.2,2.6337828208166174,1.5431998767652153,0.9390665540810084,1.5492356716366542,4.914378883356428,1.682571605859887,False,False,22,1.9271184111955335,False,0.1062999574079336,1.3410565693059766,1.8288425191232554,6.824375128164103,2.2397991289594046,5.111680563073314,0.006025947424588856,0.18885828770153762,0.5305381716954727,5.08549313892366,0.03405296693600383,0.9665203096623098,2.1587060538598677,3.078905899152862,4.275076263122577,2.1163702092627097
Rq_nm,6063,M14a_regularized_alpha10,5.865590098313159,3.076619245528647,3.0904586804305967,1.2,2.775131417882562,1.1870252472328395,0.9769025212565056,1.2181940267011384,4.962723334160055,1.8722646537294583,False,False,22,1.9038916111956894,False,0.03951173838684523,1.3410565693059766,1.8288425191232554,6.824375128164103,2.2397991289594046,5.111680563073314,0.006025947424588856,0.18885828770153762,0.5305381716954727,5.08549313892366,0.03405296693600383,0.9665203096623098,2.1587060538598677,3.078905899152862,4.275076263122577,2.1163702092627097
Rq_nm,6063,M14b_rheed_density_weighted,5.865590098313159,3.262529380734472,3.33943115343956,1.2,2.5261589448735986,1.2403794528494436,0.9089304784667549,1.133190717394854,5.545671589484266,2.206240436044706,False,False,22,1.8816256514800949,False,0.15715300545783611,1.3410565693059766,1.8288425191232554,6.824375128164103,2.2397991289594046,5.111680563073314,0.006025947424588856,0.18885828770153762,0.5305381716954727,5.08549313892366,0.03405296693600383,0.9665203096623098,2.1587060538598677,3.078905899152862,4.275076263122577,2.1163702092627097
Rq_nm,6063,M14c_residual_self_paced,5.865590098313159,2.5331115651302443,2.477203568529419,1.2,3.3883865297837397,0.9837743778491839,0.9761034511995772,0.22360766637025176,4.730799470688586,2.253595902159167,False,False,22,1.8758322967143473,False,0.03405296693600383,1.3410565693059766,1.8288425191232554,6.824375128164103,2.2397991289594046,5.111680563073314,0.006025947424588856,0.18885828770153762,0.5305381716954727,5.08549313892366,0.03405296693600383,0.9665203096623098,2.1587060538598677,3.078905899152862,4.275076263122577,2.1163702092627097
Rq_nm,6063,M14d_r3d_causal_temporal,5.865590098313159,5.229781600765511,5.792674544030628,1.2,0.07291555428253016,1.8862627059587884,0.46897535788863826,3.0391319816795423,8.546217106381715,2.753542562351086,True,False,22,1.6390320886085357,True,1.3163279833770902,1.3410565693059766,1.8288425191232554,6.824375128164103,2.2397991289594046,5.111680563073314,0.006025947424588856,0.18885828770153762,0.5305381716954727,5.08549313892366,0.03405296693600383,0.9665203096623098,2.1587060538598677,3.078905899152862,4.275076263122577,2.1163702092627097
Rq_nm,6063,M14e_multiview_curated20_r3d80,5.865590098313159,4.703288213218933,5.10867048723154,1.2,0.756919611081619,1.6618125183424428,0.555788735238528,2.807267230626843,7.410073743836236,2.3014032566046967,True,False,22,1.6471061769722197,False,0.9931311939848511,1.3410565693059766,1.8288425191232554,6.824375128164103,2.2397991289594046,5.111680563073314,0.006025947424588856,0.18885828770153762,0.5305381716954727,5.08549313892366,0.03405296693600383,0.9665203096623098,2.1587060538598677,3.078905899152862,4.275076263122577,2.1163702092627097
Rq_nm,6063,M14f_multiview_curated40_r3d60,5.865590098313159,4.229798049954166,4.505434225370932,1.2,1.3601558729422267,1.5028089537674687,0.6578424157663665,2.0925320819199196,6.918336368821944,2.4129021434510123,True,False,22,1.6907235226840132,False,0.7080977630565447,1.3410565693059766,1.8288425191232554,6.824375128164103,2.2397991289594046,5.111680563073314,0.006025947424588856,0.18885828770153762,0.5305381716954727,5.08549313892366,0.03405296693600383,0.9665203096623098,2.1587060538598677,3.078905899152862,4.275076263122577,2.1163702092627097
Rq_nm,6063,M14g_multiview_curated60_r3d40,5.865590098313159,3.803975162124144,3.973428626856701,1.2,1.8921614714564576,1.3791844382970646,0.7632890843297487,1.4919018053506399,6.454955448362762,2.481526821506061,True,False,22,1.7483773875706132,False,0.4567213279764232,1.3410565693059766,1.8288425191232554,6.824375128164103,2.2397991289594046,5.111680563073314,0.006025947424588856,0.18885828770153762,0.5305381716954727,5.08549313892366,0.03405296693600383,0.9665203096623098,2.1587060538598677,3.078905899152862,4.275076263122577,2.1163702092627097
Rq_nm,6070,M12a_frozen_alpha1,3.047229528427124,3.9178351919484298,4.0416904065090575,1.2,0.9944608780819335,1.8670592540720221,0.7923761145419971,1.367210309994491,6.7161705030236245,2.6744800965145665,True,False,22,2.04181888614651,False,0.3826476907153919,0.7446806214564654,0.7694574894134661,1.2525357035999767,0.7124648858099791,-0.6220053559824682,1.0,0.17045042578913278,0.477441244654772,5.0127146571234285,-0.02646928093907159,1.0,2.1587060538598677,3.1083622213092537,4.597837944228443,2.4391318903685755
Rq_nm,6070,M14a_regularized_alpha10,3.047229528427124,3.763585728224402,3.907487543460707,1.2,0.8602580150335828,1.5671119045488404,0.7955062662064613,0.9888669978416362,6.826108089079778,2.9186205456190706,True,False,22,1.9411441337532493,False,0.3276269419078842,0.7446806214564654,0.7694574894134661,1.2525357035999767,0.7124648858099791,-0.6220053559824682,1.0,0.17045042578913278,0.477441244654772,5.0127146571234285,-0.02646928093907159,1.0,2.1587060538598677,3.1083622213092537,4.597837944228443,2.4391318903685755
Rq_nm,6070,M14b_rheed_density_weighted,3.047229528427124,3.580032393410541,3.753694354796533,1.2,0.7064648263694089,1.5346857635046227,0.8091414359126996,1.0640944889670538,6.4432942206260115,2.689599865829479,True,False,22,1.96569228524767,False,0.26457451359457385,0.7446806214564654,0.7694574894134661,1.2525357035999767,0.7124648858099791,-0.6220053559824682,1.0,0.17045042578913278,0.477441244654772,5.0127146571234285,-0.02646928093907159,1.0,2.1587060538598677,3.1083622213092537,4.597837944228443,2.4391318903685755
Rq_nm,6070,M14c_residual_self_paced,3.047229528427124,3.715561133698729,3.8655493901241114,1.2,0.8183198616969873,1.3853870888716369,0.7652768466839006,0.28791092449267186,7.443187855755551,3.5776384656314395,True,False,22,1.996848181039351,False,0.3104330568612424,0.7446806214564654,0.7694574894134661,1.2525357035999767,0.7124648858099791,-0.6220053559824682,1.0,0.17045042578913278,0.477441244654772,5.0127146571234285,-0.02646928093907159,1.0,2.1587060538598677,3.1083622213092537,4.597837944228443,2.4391318903685755
Rq_nm,6070,M14d_r3d_causal_temporal,3.047229528427124,2.334810915417951,2.280365976351667,1.2,0.7668635520754572,0.9148024941490153,1.0,1.0959893323619352,3.4647426203413985,1.1843766439897316,True,False,22,1.4863302168388262,True,0.0,0.7446806214564654,0.7694574894134661,1.2525357035999767,0.7124648858099791,-0.6220053559824682,1.0,0.17045042578913278,0.477441244654772,5.0127146571234285,-0.02646928093907159,1.0,2.1587060538598677,3.1083622213092537,4.597837944228443,2.4391318903685755
Rq_nm,6070,M14e_multiview_curated20_r3d80,3.047229528427124,2.5687493811952615,2.5397043482119983,1.2,0.5075251802151257,0.9296489526467087,1.0,1.320473122184838,3.7589355742391586,1.2192312260271603,True,False,22,1.541348771856766,False,0.0,0.7446806214564654,0.7694574894134661,1.2525357035999767,0.7124648858099791,-0.6220053559824682,1.0,0.17045042578913278,0.477441244654772,5.0127146571234285,-0.02646928093907159,1.0,2.1587060538598677,3.1083622213092537,4.597837944228443,2.4391318903685755
Rq_nm,6070,M14f_multiview_curated40_r3d60,3.047229528427124,2.826127520570486,2.828536403023505,1.2,0.21869312540361907,1.0864800066572156,1.0,1.3140047179524694,4.34306808809454,1.5145316850710355,True,False,22,1.6472480155364275,False,0.0,0.7446806214564654,0.7694574894134661,1.2525357035999767,0.7124648858099791,-0.6220053559824682,1.0,0.17045042578913278,0.477441244654772,5.0127146571234285,-0.02646928093907159,1.0,2.1587060538598677,3.1083622213092537,4.597837944228443,2.4391318903685755
Rq_nm,6070,M14g_multiview_curated60_r3d40,3.047229528427124,3.109293892582647,3.1502163583968916,1.2,0.1029868299697676,1.1113875785053335,0.9899144012432274,1.2920767373465016,5.008355979447281,1.85813962105039,True,False,22,1.7334622789209262,False,0.01715943990274073,0.7446806214564654,0.7694574894134661,1.2525357035999767,0.7124648858099791,-0.6220053559824682,1.0,0.17045042578913278,0.477441244654772,5.0127146571234285,-0.02646928093907159,1.0,2.1587060538598677,3.1083622213092537,4.597837944228443,2.4391318903685755
Rq_nm,6072,M12a_frozen_alpha1,1.470114827156067,2.554930667582278,2.523556115489381,1.2,1.053441288333314,1.9237582960435966,0.6401233259909934,0.0,5.2088463427594816,2.6852902272701007,True,False,22,1.9288986866505218,False,0.7965311722913969,0.7419866245262523,0.8632561731949231,1.897036869486547,1.0214023953742117,-0.026046844742444286,1.0,0.07267578246544938,0.20690169241864154,6.511100679624296,0.7965311722913969,0.45089031534181057,2.4763765272560625,3.1083622213092537,4.597837944228443,2.1214614169723807
Rq_nm,6072,M14a_regularized_alpha10,1.470114827156067,2.801833675704216,2.785198370378113,1.2,1.315083543222046,1.8432782637813065,0.6194712092203796,0.0,5.898111696436727,3.1129133260586146,True,False,22,1.974126813580834,False,0.7965311722913969,0.7419866245262523,0.8632561731949231,1.897036869486547,1.0214023953742117,-0.026046844742444286,1.0,0.07267578246544938,0.20690169241864154,6.511100679624296,0.7965311722913969,0.45089031534181057,2.4763765272560625,3.1083622213092537,4.597837944228443,2.1214614169723807
Rq_nm,6072,M14b_rheed_density_weighted,1.470114827156067,2.9060625553044774,2.9304997791108525,1.2,1.4603849519547856,2.1440876541970657,0.576235577339324,0.0,6.623016777716331,3.6925169986054787,True,False,22,2.0160916438275907,False,0.7965311722913969,0.7419866245262523,0.8632561731949231,1.897036869486547,1.0214023953742117,-0.026046844742444286,1.0,0.07267578246544938,0.20690169241864154,6.511100679624296,0.7965311722913969,0.45089031534181057,2.4763765272560625,3.1083622213092537,4.597837944228443,2.1214614169723807
Rq_nm,6072,M14c_residual_self_paced,1.470114827156067,2.8859173505524,2.9122708954168175,1.2,1.4421560682607506,2.1200804694074087,0.5129189242469859,0.0,7.501551902125013,4.5892810067081955,True,False,22,2.0988830482528416,False,0.7965311722913969,0.7419866245262523,0.8632561731949231,1.897036869486547,1.0214023953742117,-0.026046844742444286,1.0,0.07267578246544938,0.20690169241864154,6.511100679624296,0.7965311722913969,0.45089031534181057,2.4763765272560625,3.1083622213092537,4.597837944228443,2.1214614169723807
Rq_nm,6072,M14d_r3d_causal_temporal,1.470114827156067,2.362918242915345,2.3319672410311707,1.2,0.8618524138751038,1.5156379913934392,0.6427585058963936,0.020403339368142426,4.643531142694199,2.3115639016630283,True,False,22,1.6816727975904844,False,0.7965311722913969,0.7419866245262523,0.8632561731949231,1.897036869486547,1.0214023953742117,-0.026046844742444286,1.0,0.07267578246544938,0.20690169241864154,6.511100679624296,0.7965311722913969,0.45089031534181057,2.4763765272560625,3.1083622213092537,4.597837944228443,2.1214614169723807
Rq_nm,6072,M14e_multiview_curated20_r3d80,1.470114827156067,2.4448230213666986,2.416290701832839,1.2,0.9461758746767721,1.4706523265433316,0.6401233259909934,0.05429278740447652,4.778288616261202,2.3619979144283625,True,False,22,1.653499434103555,True,0.7965311722913969,0.7419866245262523,0.8632561731949231,1.897036869486547,1.0214023953742117,-0.026046844742444286,1.0,0.07267578246544938,0.20690169241864154,6.511100679624296,0.7965311722913969,0.45089031534181057,2.4763765272560625,3.1083622213092537,4.597837944228443,2.1214614169723807
Rq_nm,6072,M14f_multiview_curated40_r3d60,1.470114827156067,2.529566828528961,2.5036632818144273,1.2,1.0335484546583604,1.8072899351535352,0.6401233259909934,0.0,5.02195945490342,2.5182961730889923,True,False,22,1.7366033852283627,False,0.7965311722913969,0.7419866245262523,0.8632561731949231,1.897036869486547,1.0214023953742117,-0.026046844742444286,1.0,0.07267578246544938,0.20690169241864154,6.511100679624296,0.7965311722913969,0.45089031534181057,2.4763765272560625,3.1083622213092537,4.597837944228443,2.1214614169723807
Rq_nm,6072,M14g_multiview_curated60_r3d40,1.470114827156067,2.6172480723848364,2.5941952365048793,1.2,1.1240804093488124,1.6820703329940303,0.6401233259909934,0.0,5.270398797158117,2.676203560653238,True,False,22,1.7827042172444885,False,0.7965311722913969,0.7419866245262523,0.8632561731949231,1.897036869486547,1.0214023953742117,-0.026046844742444286,1.0,0.07267578246544938,0.20690169241864154,6.511100679624296,0.7965311722913969,0.45089031534181057,2.4763765272560625,3.1083622213092537,4.597837944228443,2.1214614169723807
Rq_nm,6078,M12a_frozen_alpha1,2.0597975274126674,3.8564169233627523,3.950378442664084,1.2,1.8905809152514168,1.503111507850593,0.7401833627913605,1.5864439676652915,6.3143129176628765,2.3639344749987927,True,False,22,1.7643101954342177,False,0.39690385816985746,0.5459538328175542,0.6381213015366785,1.3753714097061744,0.697374479613019,-1.3127709164284695,1.0,0.0457212720406335,0.13870016644186256,4.586670225403833,-0.34793006835609075,1.0,2.4763765272560625,3.1083622213092537,4.597837944228443,2.1214614169723807
Rq_nm,6078,M14a_regularized_alpha10,2.0597975274126674,3.5629437553921406,3.620539971078053,1.2,1.5607424436653856,1.4200272821625821,0.8168463983274306,0.9221086054669572,6.318971336689149,2.698431365611096,True,False,22,1.8854517502682988,False,0.2414268511655272,0.5459538328175542,0.6381213015366785,1.3753714097061744,0.697374479613019,-1.3127709164284695,1.0,0.0457212720406335,0.13870016644186256,4.586670225403833,-0.34793006835609075,1.0,2.4763765272560625,3.1083622213092537,4.597837944228443,2.1214614169723807
Rq_nm,6078,M14b_rheed_density_weighted,2.0597975274126674,3.4216599131944765,3.493636206617321,1.2,1.4338386792046536,1.2856966010614563,0.8588347855072254,1.035412690639523,5.951859722595119,2.458223515977798,True,False,22,1.8886764885471916,False,0.18160782101703585,0.5459538328175542,0.6381213015366785,1.3753714097061744,0.697374479613019,-1.3127709164284695,1.0,0.0457212720406335,0.13870016644186256,4.586670225403833,-0.34793006835609075,1.0,2.4763765272560625,3.1083622213092537,4.597837944228443,2.1214614169723807
Rq_nm,6078,M14c_residual_self_paced,2.0597975274126674,3.418651676975693,3.4897526904428924,1.2,1.429955163030225,1.4299778490678359,0.8145120702423843,0.036066613254115865,6.943438767631669,3.4536860771887765,True,False,22,2.0063110919145597,False,0.1797772356746114,0.5459538328175542,0.6381213015366785,1.3753714097061744,0.697374479613019,-1.3127709164284695,1.0,0.0457212720406335,0.13870016644186256,4.586670225403833,-0.34793006835609075,1.0,2.4763765272560625,3.1083622213092537,4.597837944228443,2.1214614169723807
Rq_nm,6078,M14d_r3d_causal_temporal,2.0597975274126674,3.101503315138201,3.157510515260652,1.2,1.0977129878479848,1.1370291195530366,0.9825923214730263,1.887797314249489,4.427223716271815,1.2697132010111631,True,False,22,1.5782324765894475,True,0.023167187278635475,0.5459538328175542,0.6381213015366785,1.3753714097061744,0.697374479613019,-1.3127709164284695,1.0,0.0457212720406335,0.13870016644186256,4.586670225403833,-0.34793006835609075,1.0,2.4763765272560625,3.1083622213092537,4.597837944228443,2.1214614169723807
Rq_nm,6078,M14e_multiview_curated20_r3d80,2.0597975274126674,3.1887435495707908,3.2451181520545065,1.2,1.185320624641839,1.1487931847562942,0.9478701662266792,1.961040296031381,4.529196008077632,1.2840778560231254,True,False,22,1.5937967569754612,False,0.0644630770332003,0.5459538328175542,0.6381213015366785,1.3753714097061744,0.697374479613019,-1.3127709164284695,1.0,0.0457212720406335,0.13870016644186256,4.586670225403833,-0.34793006835609075,1.0,2.4763765272560625,3.1083622213092537,4.597837944228443,2.1214614169723807
Rq_nm,6078,M14f_multiview_curated40_r3d60,2.0597975274126674,3.2784377096421844,3.3351565323051173,1.2,1.27535900489245,1.2375425114069811,0.9143141158609437,1.8111742320597182,4.859138832550516,1.5239823002453992,True,False,22,1.6417677911946353,False,0.10690475404428074,0.5459538328175542,0.6381213015366785,1.3753714097061744,0.697374479613019,-1.3127709164284695,1.0,0.0457212720406335,0.13870016644186256,4.586670225403833,-0.34793006835609075,1.0,2.4763765272560625,3.1083622213092537,4.597837944228443,2.1214614169723807
Rq_nm,6078,M14g_multiview_curated60_r3d40,2.0597975274126674,3.37065482028199,3.427693098920072,1.2,1.3678955715074044,1.246181305763923,0.8814985215983011,1.4865592870523454,5.368826910787798,1.9411338118677264,True,False,22,1.7014873123572687,False,0.15052400908923788,0.5459538328175542,0.6381213015366785,1.3753714097061744,0.697374479613019,-1.3127709164284695,1.0,0.0457212720406335,0.13870016644186256,4.586670225403833,-0.34793006835609075,1.0,2.4763765272560625,3.1083622213092537,4.597837944228443,2.1214614169723807
Rq_nm,6080,M12a_frozen_alpha1,4.336027222470414,1.977406557581156,1.8447349712673762,1.2,2.491292251203038,2.007401261793549,0.31732850581956396,0.0,6.161958147813957,4.317223176546581,True,False,22,1.627529230138653,False,1.5562490468212695,1.0066565113286743,1.1454652248415849,3.1942881226616673,1.1851211636191115,1.3516281296946493,0.2588185272909456,0.025297254681852368,0.07302138360721877,8.126628753221661,1.5562490468212695,0.2109257618855042,2.1587060538598677,3.078905899152862,4.536886984880606,2.3781809310207387
Rq_nm,6080,M14a_regularized_alpha10,4.336027222470414,2.244803456025215,2.1226327728539958,1.2,2.2133944496164184,2.667963222795669,0.2837951437485522,0.0,6.7962706600055895,4.673637887151593,True,False,22,1.9068620884472893,False,1.5562490468212695,1.0066565113286743,1.1454652248415849,3.1942881226616673,1.1851211636191115,1.3516281296946493,0.2588185272909456,0.025297254681852368,0.07302138360721877,8.126628753221661,1.5562490468212695,0.2109257618855042,2.1587060538598677,3.078905899152862,4.536886984880606,2.3781809310207387
Rq_nm,6080,M14b_rheed_density_weighted,4.336027222470414,2.209192427478536,2.1118917306019203,1.2,2.224135491868494,2.863279258590024,0.2837951437485522,0.0,7.616591616893938,5.504699886292018,True,False,22,1.8918992206427292,False,1.5562490468212695,1.0066565113286743,1.1454652248415849,3.1942881226616673,1.1851211636191115,1.3516281296946493,0.2588185272909456,0.025297254681852368,0.07302138360721877,8.126628753221661,1.5562490468212695,0.2109257618855042,2.1587060538598677,3.078905899152862,4.536886984880606,2.3781809310207387
Rq_nm,6080,M14c_residual_self_paced,4.336027222470414,2.197109705348739,2.0685743873714926,1.2,2.2674528350989216,2.705904445815762,0.18406292277478423,0.0,9.27222451295118,7.203650125579688,True,False,22,1.8853859276348826,False,1.5562490468212695,1.0066565113286743,1.1454652248415849,3.1942881226616673,1.1851211636191115,1.3516281296946493,0.2588185272909456,0.025297254681852368,0.07302138360721877,8.126628753221661,1.5562490468212695,0.2109257618855042,2.1587060538598677,3.078905899152862,4.536886984880606,2.3781809310207387
Rq_nm,6080,M14d_r3d_causal_temporal,4.336027222470414,2.37654657475453,2.2835033245357916,1.2,2.0525238979346225,1.9335217991903695,0.3174549497469988,0.0,5.362047632663277,3.0785443081274857,True,False,22,1.5629758785478884,False,1.5562490468212695,1.0066565113286743,1.1454652248415849,3.1942881226616673,1.1851211636191115,1.3516281296946493,0.2588185272909456,0.025297254681852368,0.07302138360721877,8.126628753221661,1.5562490468212695,0.2109257618855042,2.1587060538598677,3.078905899152862,4.536886984880606,2.3781809310207387
Rq_nm,6080,M14e_multiview_curated20_r3d80,4.336027222470414,2.3495934799270213,2.250382239626624,1.2,2.08564498284379,2.057347356843972,0.2890391356781278,0.0,5.685916178114237,3.4355339384876133,True,False,22,1.5398337244426126,True,1.5562490468212695,1.0066565113286743,1.1454652248415849,3.1942881226616673,1.1851211636191115,1.3516281296946493,0.2588185272909456,0.025297254681852368,0.07302138360721877,8.126628753221661,1.5562490468212695,0.2109257618855042,2.1587060538598677,3.078905899152862,4.536886984880606,2.3781809310207387
Rq_nm,6080,M14f_multiview_curated40_r3d60,4.336027222470414,2.3229460678614227,2.2177415596521777,1.2,2.1182856628182365,2.117405455958985,0.2837951437485522,0.0,6.30370174760724,4.085960187955063,True,False,22,1.5605713827644854,False,1.5562490468212695,1.0066565113286743,1.1454652248415849,3.1942881226616673,1.1851211636191115,1.3516281296946493,0.2588185272909456,0.025297254681852368,0.07302138360721877,8.126628753221661,1.5562490468212695,0.2109257618855042,2.1587060538598677,3.078905899152862,4.536886984880606,2.3781809310207387
Rq_nm,6080,M14g_multiview_curated60_r3d40,4.336027222470414,2.296600871722052,2.185574316576777,1.2,2.150452905893637,2.1902315125297274,0.2837951437485522,0.0,6.953936697271357,4.76836238069458,True,False,22,1.629493192113129,False,1.5562490468212695,1.0066565113286743,1.1454652248415849,3.1942881226616673,1.1851211636191115,1.3516281296946493,0.2588185272909456,0.025297254681852368,0.07302138360721877,8.126628753221661,1.5562490468212695,0.2109257618855042,2.1587060538598677,3.078905899152862,4.536886984880606,2.3781809310207387
Rq_nm,6081,M12a_frozen_alpha1,3.181477069854736,4.4177895618905225,4.707430515813528,1.2,1.5259534459587925,1.754802728592795,0.5918043930570808,1.1102767748540034,8.304584256773053,3.597153740959525,True,False,22,1.8177831357768637,False,0.6676656654325408,0.6960410720425847,0.7717868705023179,2.507923384318589,0.9179258485219248,-0.42484625715595603,1.0,0.04621228876054884,0.12873800817251357,4.156463911085187,-0.5345734880638678,1.0,2.1587060538598677,3.078905899152862,4.597837944228443,2.4391318903685755
Rq_nm,6081,M14a_regularized_alpha10,3.181477069854736,4.314625364571876,4.574267937679185,1.2,1.392790867824449,1.7489122885872037,0.5868467365091746,0.674466134008139,8.474069741350231,3.899801803671046,True,False,22,1.894438138138189,False,0.6130714146418542,0.6960410720425847,0.7717868705023179,2.507923384318589,0.9179258485219248,-0.42484625715595603,1.0,0.04621228876054884,0.12873800817251357,4.156463911085187,-0.5345734880638678,1.0,2.1587060538598677,3.078905899152862,4.597837944228443,2.4391318903685755
Rq_nm,6081,M14b_rheed_density_weighted,3.181477069854736,4.262845004420745,4.559931992296022,1.2,1.378454922441286,1.824361820297646,0.5331219644383962,0.6268131543392892,8.493050830252756,3.933118837956733,True,False,22,1.8906142201221603,False,0.6071939360849253,0.6960410720425847,0.7717868705023179,2.507923384318589,0.9179258485219248,-0.42484625715595603,1.0,0.04621228876054884,0.12873800817251357,4.156463911085187,-0.5345734880638678,1.0,2.1587060538598677,3.078905899152862,4.597837944228443,2.4391318903685755
Rq_nm,6081,M14c_residual_self_paced,3.181477069854736,3.876899179960444,4.0371514748099075,1.2,0.8556744049551717,1.6554330912676956,0.620031241300016,0.0,8.152743862615779,4.115592387805871,True,False,22,2.027357814877805,False,0.3928633705462502,0.6960410720425847,0.7717868705023179,2.507923384318589,0.9179258485219248,-0.42484625715595603,1.0,0.04621228876054884,0.12873800817251357,4.156463911085187,-0.5345734880638678,1.0,2.1587060538598677,3.078905899152862,4.597837944228443,2.4391318903685755
Rq_nm,6081,M14d_r3d_causal_temporal,3.181477069854736,3.7934370858770268,3.9735303300296043,1.2,0.7920532601748684,1.4077168340186874,0.7545700341653346,2.3046055363806053,5.642455123678603,1.668924793648999,True,False,22,1.6069005971890093,False,0.36677985081879116,0.6960410720425847,0.7717868705023179,2.507923384318589,0.9179258485219248,-0.42484625715595603,1.0,0.04621228876054884,0.12873800817251357,4.156463911085187,-0.5345734880638678,1.0,2.1587060538598677,3.078905899152862,4.597837944228443,2.4391318903685755
Rq_nm,6081,M14e_multiview_curated20_r3d80,3.181477069854736,3.8923772630420155,4.087008546067504,1.2,0.9055314762127682,1.4098834964296405,0.7227229965038294,2.360377848706637,5.813639243428371,1.7266306973608667,True,False,22,1.5910498660753727,True,0.4133038688458574,0.6960410720425847,0.7717868705023179,2.507923384318589,0.9179258485219248,-0.42484625715595603,1.0,0.04621228876054884,0.12873800817251357,4.156463911085187,-0.5345734880638678,1.0,2.1587060538598677,3.078905899152862,4.597837944228443,2.4391318903685755
Rq_nm,6081,M14f_multiview_curated40_r3d60,3.181477069854736,3.9938979914157975,4.203727534024981,1.2,1.0222504641702455,1.4963959472759014,0.6960549344762313,2.0172360600182513,6.390219008031711,2.18649147400673,True,False,22,1.6388255369771731,False,0.46115654479928436,0.6960410720425847,0.7717868705023179,2.507923384318589,0.9179258485219248,-0.42484625715595603,1.0,0.04621228876054884,0.12873800817251357,4.156463911085187,-0.5345734880638678,1.0,2.1587060538598677,3.078905899152862,4.597837944228443,2.4391318903685755
Rq_nm,6081,M14g_multiview_curated60_r3d40,3.181477069854736,4.0980665767656745,4.323779845609325,1.2,1.142302775754589,1.4329232684892794,0.6696514990598877,1.6243470442292898,7.02321264698936,2.699432801380035,True,False,22,1.6865178011498072,False,0.5103758232066535,0.6960410720425847,0.7717868705023179,2.507923384318589,0.9179258485219248,-0.42484625715595603,1.0,0.04621228876054884,0.12873800817251357,4.156463911085187,-0.5345734880638678,1.0,2.1587060538598677,3.078905899152862,4.597837944228443,2.4391318903685755
Rq_nm,6082,M12a_frozen_alpha1,1.863613247871399,2.831967707129176,2.813376916877634,1.2,0.9497636690062352,3.4090794516464062,0.23370625225996206,0.0,8.279903742598636,5.466526825721002,True,False,22,1.999131370240717,False,1.4506395880615062,1.1029890323381706,1.1138993127945545,2.730629269396075,1.2509028590929467,1.0635519934160438,0.3452273845445181,0.03660525248460071,0.10963433055027283,7.678178809992343,1.4506395880615062,0.2344203077058943,2.4763765272560625,3.1083622213092537,4.597837944228443,2.1214614169723807
Rq_nm,6082,M14a_regularized_alpha10,1.863613247871399,2.7860476110247268,2.765667265484549,1.2,0.9020540176131502,3.7047137326546067,0.15468118264248307,0.0,8.666521941777292,5.900854676292743,True,False,22,2.010211436581379,False,1.4506395880615062,1.1029890323381706,1.1138993127945545,2.730629269396075,1.2509028590929467,1.0635519934160438,0.3452273845445181,0.03660525248460071,0.10963433055027283,7.678178809992343,1.4506395880615062,0.2344203077058943,2.4763765272560625,3.1083622213092537,4.597837944228443,2.1214614169723807
Rq_nm,6082,M14b_rheed_density_weighted,1.863613247871399,2.6732669543220577,2.6656783785663416,1.2,0.8020651306949427,3.795325556745025,0.15666391100987975,0.0,7.755088804045163,5.089410425478821,True,False,22,1.9947696005108138,False,1.4506395880615062,1.1029890323381706,1.1138993127945545,2.730629269396075,1.2509028590929467,1.0635519934160438,0.3452273845445181,0.03660525248460071,0.10963433055027283,7.678178809992343,1.4506395880615062,0.2344203077058943,2.4763765272560625,3.1083622213092537,4.597837944228443,2.1214614169723807
Rq_nm,6082,M14c_residual_self_paced,1.863613247871399,2.8258701723040613,2.8140393713989926,1.2,0.9504261235275937,3.66816185166439,0.1619228520435908,0.0,10.097199339907219,7.283159968508226,True,False,22,2.1250084225556565,False,1.4506395880615062,1.1029890323381706,1.1138993127945545,2.730629269396075,1.2509028590929467,1.0635519934160438,0.3452273845445181,0.03660525248460071,0.10963433055027283,7.678178809992343,1.4506395880615062,0.2344203077058943,2.4763765272560625,3.1083622213092537,4.597837944228443,2.1214614169723807
Rq_nm,6082,M14d_r3d_causal_temporal,1.863613247871399,2.9830182794791242,2.9565462895577985,1.2,1.0929330416863996,1.834411057241437,0.344767837671513,0.0,6.192387961577591,3.235841672019793,True,False,22,1.4645490591375099,True,1.4506395880615062,1.1029890323381706,1.1138993127945545,2.730629269396075,1.2509028590929467,1.0635519934160438,0.3452273845445181,0.03660525248460071,0.10963433055027283,7.678178809992343,1.4506395880615062,0.2344203077058943,2.4763765272560625,3.1083622213092537,4.597837944228443,2.1214614169723807
Rq_nm,6082,M14e_multiview_curated20_r3d80,1.863613247871399,2.9425404287137193,2.917344605119448,1.2,1.053731357248049,2.0629440743465044,0.2542093239204683,0.0,6.037323414311041,3.1199788091915934,True,False,22,1.4841875452097253,False,1.4506395880615062,1.1029890323381706,1.1138993127945545,2.730629269396075,1.2509028590929467,1.0635519934160438,0.3452273845445181,0.03660525248460071,0.10963433055027283,7.678178809992343,1.4506395880615062,0.2344203077058943,2.4763765272560625,3.1083622213092537,4.597837944228443,2.1214614169723807
Rq_nm,6082,M14f_multiview_curated40_r3d60,1.863613247871399,2.902611839216291,2.878662706915537,1.2,1.0150494590441381,2.291458468136012,0.2207723414382415,0.0,6.556572155801799,3.677909448886262,True,False,22,1.5856190384263265,False,1.4506395880615062,1.1029890323381706,1.1138993127945545,2.730629269396075,1.2509028590929467,1.0635519934160438,0.3452273845445181,0.03660525248460071,0.10963433055027283,7.678178809992343,1.4506395880615062,0.2344203077058943,2.4763765272560625,3.1083622213092537,4.597837944228443,2.1214614169723807
Rq_nm,6082,M14g_multiview_curated60_r3d40,1.863613247871399,2.8632250578257956,2.8404937029532027,1.2,0.9768804550818038,3.0558806217582695,0.1877496481489551,0.0,7.2339406010517555,4.393446898098553,True,False,22,1.7455805858649918,False,1.4506395880615062,1.1029890323381706,1.1138993127945545,2.730629269396075,1.2509028590929467,1.0635519934160438,0.3452273845445181,0.03660525248460071,0.10963433055027283,7.678178809992343,1.4506395880615062,0.2344203077058943,2.4763765272560625,3.1083622213092537,4.597837944228443,2.1214614169723807
Rq_nm,6084,M12a_frozen_alpha1,1.9596685775258929,2.4219775579363043,2.3487873430834094,1.2,0.38911876555751657,1.3050713204225985,1.0,0.16394838255850797,4.533626303608311,2.1848389605249015,True,False,22,1.9558027800206388,False,0.0,0.527129790446032,0.5871084976900397,0.7810107197549772,0.6756928099391779,-1.593040191156956,1.0,0.04308412918373104,0.1142631344254581,4.5988378369776415,-0.28325490591633756,1.0,2.4763765272560625,3.1083622213092537,4.597837944228443,2.1214614169723807
Rq_nm,6084,M14a_regularized_alpha10,1.9596685775258929,2.7740888665639627,2.7548939001779646,1.2,0.7952253226520718,1.377506924434846,1.0,0.34765462066453434,5.162133179691395,2.4072392795134303,True,False,22,2.0273909718498087,False,0.0,0.527129790446032,0.5871084976900397,0.7810107197549772,0.6756928099391779,-1.593040191156956,1.0,0.04308412918373104,0.1142631344254581,4.5988378369776415,-0.28325490591633756,1.0,2.4763765272560625,3.1083622213092537,4.597837944228443,2.1214614169723807
Rq_nm,6084,M14b_rheed_density_weighted,1.9596685775258929,2.7739719973995323,2.79313011238497,1.2,0.833461534859077,1.3971706179158223,1.0,0.4045739446974008,5.1816862800725385,2.388556167687569,True,False,22,2.0450847583371683,False,0.0,0.527129790446032,0.5871084976900397,0.7810107197549772,0.6756928099391779,-1.593040191156956,1.0,0.04308412918373104,0.1142631344254581,4.5988378369776415,-0.28325490591633756,1.0,2.4763765272560625,3.1083622213092537,4.597837944228443,2.1214614169723807
Rq_nm,6084,M14c_residual_self_paced,1.9596685775258929,2.890330517239208,2.8929794061051095,1.2,0.9333108285792167,1.4125684820989202,1.0,0.0,5.885587970121782,2.9926085640166726,True,False,22,2.1686834499806857,False,0.0,0.527129790446032,0.5871084976900397,0.7810107197549772,0.6756928099391779,-1.593040191156956,1.0,0.04308412918373104,0.1142631344254581,4.5988378369776415,-0.28325490591633756,1.0,2.4763765272560625,3.1083622213092537,4.597837944228443,2.1214614169723807
Rq_nm,6084,M14d_r3d_causal_temporal,1.9596685775258929,3.1097531859227714,3.1345133496617246,1.2,1.1748447721358317,1.0273103950865916,0.9914460861568304,1.9844659394560578,4.284560759867391,1.1500474102056668,False,False,22,1.538638963118487,True,0.012326940355008762,0.527129790446032,0.5871084976900397,0.7810107197549772,0.6756928099391779,-1.593040191156956,1.0,0.04308412918373104,0.1142631344254581,4.5988378369776415,-0.28325490591633756,1.0,2.4763765272560625,3.1083622213092537,4.597837944228443,2.1214614169723807
Rq_nm,6084,M14e_multiview_curated20_r3d80,1.9596685775258929,3.0395186396611753,3.0546191811335546,1.2,1.0949506036076617,1.034081900790912,1.0,1.8786871241636693,4.230551238103439,1.1759320569698852,True,False,22,1.593186594518926,False,0.0,0.527129790446032,0.5871084976900397,0.7810107197549772,0.6756928099391779,-1.593040191156956,1.0,0.04308412918373104,0.1142631344254581,4.5988378369776415,-0.28325490591633756,1.0,2.4763765272560625,3.1083622213092537,4.597837944228443,2.1214614169723807
Rq_nm,6084,M14f_multiview_curated40_r3d60,1.9596685775258929,2.9708703580301306,2.9767613983063717,1.2,1.0170928207804788,1.1896633553002887,1.0,1.5743604126166344,4.379162383996109,1.4024009856897373,True,False,22,1.6908032855536352,False,0.0,0.527129790446032,0.5871084976900397,0.7810107197549772,0.6756928099391779,-1.593040191156956,1.0,0.04308412918373104,0.1142631344254581,4.5988378369776415,-0.28325490591633756,1.0,2.4763765272560625,3.1083622213092537,4.597837944228443,2.1214614169723807
Rq_nm,6084,M14g_multiview_curated60_r3d40,1.9596685775258929,2.9037725148498996,2.900888096682021,1.2,0.9412195191561283,1.2747293157912836,1.0,1.162781016718046,4.638995176645997,1.7381070799639753,True,False,22,1.8023227052532673,False,0.0,0.527129790446032,0.5871084976900397,0.7810107197549772,0.6756928099391779,-1.593040191156956,1.0,0.04308412918373104,0.1142631344254581,4.5988378369776415,-0.28325490591633756,1.0,2.4763765272560625,3.1083622213092537,4.597837944228443,2.1214614169723807
Rq_nm,6085,M12a_frozen_alpha1,3.1255097083820487,3.9487796207167385,4.107868351695947,1.2,0.9823586433138982,1.5280442489079342,0.8318854613374973,1.5443992660736492,6.671337437318245,2.5634690856222977,True,False,22,1.9140451748851652,False,0.4218560122173627,0.7532493350380025,0.8016115842725707,1.8666666666667258,0.8928352059811459,-0.5307926332203955,1.0,0.08731205931185784,0.25540037821114914,3.0770133207448396,-1.5953080735848788,1.0,2.1587060538598677,3.078905899152862,4.597837944228443,2.4391318903685755
Rq_nm,6085,M14a_regularized_alpha10,3.1255097083820487,3.292902771266196,3.348762146222361,1.2,0.22325243784031246,1.442020499686172,0.9205922932308743,1.1494296378791642,5.548094654565558,2.199332508343197,True,False,22,2.006791775274988,False,0.11063618500298529,0.7532493350380025,0.8016115842725707,1.8666666666667258,0.8928352059811459,-0.5307926332203955,1.0,0.08731205931185784,0.25540037821114914,3.0770133207448396,-1.5953080735848788,1.0,2.1587060538598677,3.078905899152862,4.597837944228443,2.4391318903685755
Rq_nm,6085,M14b_rheed_density_weighted,3.1255097083820487,3.0772439811839085,3.122740007929463,1.2,0.0027697004525855107,1.2680072114865575,0.9850798319736687,1.003720051197222,5.241759964661704,2.119019956732241,True,False,22,2.018261060712917,False,0.017971192517177596,0.7532493350380025,0.8016115842725707,1.8666666666667258,0.8928352059811459,-0.5307926332203955,1.0,0.08731205931185784,0.25540037821114914,3.0770133207448396,-1.5953080735848788,1.0,2.1587060538598677,3.078905899152862,4.597837944228443,2.4391318903685755
Rq_nm,6085,M14c_residual_self_paced,3.1255097083820487,3.0772589104813366,3.0984009253293183,1.2,0.027108783052730345,1.19834616684098,0.9934734841505367,0.2119554697897681,5.984846380868868,2.8864454555395502,True,False,22,2.0642587715613105,False,0.0079926084577207,0.7532493350380025,0.8016115842725707,1.8666666666667258,0.8928352059811459,-0.5307926332203955,1.0,0.08731205931185784,0.25540037821114914,3.0770133207448396,-1.5953080735848788,1.0,2.1587060538598677,3.078905899152862,4.597837944228443,2.4391318903685755
Rq_nm,6085,M14d_r3d_causal_temporal,3.1255097083820487,3.9726555021121444,4.19913476344616,1.2,1.0736250550641118,1.1809077007506485,0.8055115862770434,2.449012363874866,5.949257163017455,1.7501223995712947,True,False,22,1.5018798806661051,True,0.45927359185321515,0.7532493350380025,0.8016115842725707,1.8666666666667258,0.8928352059811459,-0.5307926332203955,1.0,0.08731205931185784,0.25540037821114914,3.0770133207448396,-1.5953080735848788,1.0,2.1587060538598677,3.078905899152862,4.597837944228443,2.4391318903685755
Rq_nm,6085,M14e_multiview_curated20_r3d80,3.1255097083820487,3.8263131136938737,4.01332851280274,1.2,0.8878188044206916,1.2494468140898862,0.8215029270263088,2.4167676361730273,5.609889389432453,1.5965608766297128,True,False,22,1.564937337792476,False,0.38309638660362816,0.7532493350380025,0.8016115842725707,1.8666666666667258,0.8928352059811459,-0.5307926332203955,1.0,0.08731205931185784,0.25540037821114914,3.0770133207448396,-1.5953080735848788,1.0,2.1587060538598677,3.078905899152862,4.597837944228443,2.4391318903685755
Rq_nm,6085,M14f_multiview_curated40_r3d60,3.1255097083820487,3.685361601639429,3.8357439470356196,1.2,0.7102342386535709,1.2870852661018484,0.8402503925436803,2.3056040698728784,5.365883824198361,1.5301398771627412,True,False,22,1.6444282532536025,False,0.31028992358768764,0.7532493350380025,0.8016115842725707,1.8666666666667258,0.8928352059811459,-0.5307926332203955,1.0,0.08731205931185784,0.25540037821114914,3.0770133207448396,-1.5953080735848788,1.0,2.1587060538598677,3.078905899152862,4.597837944228443,2.4391318903685755
Rq_nm,6085,M14g_multiview_curated60_r3d40,3.1255097083820487,3.549602379959583,3.666017267284579,1.2,0.5405075589025303,1.292430641632825,0.8623944332940023,1.8877267293912998,5.444307805177858,1.7782905378932792,True,False,22,1.748270895031368,False,0.2407050518465399,0.7532493350380025,0.8016115842725707,1.8666666666667258,0.8928352059811459,-0.5307926332203955,1.0,0.08731205931185784,0.25540037821114914,3.0770133207448396,-1.5953080735848788,1.0,2.1587060538598677,3.078905899152862,4.597837944228443,2.4391318903685755
Rq_nm,6090,M12a_frozen_alpha1,4.685108184814453,3.2981328884587877,3.3759419820112218,1.2,1.3091662028032314,1.5667355623483854,0.8924972239812624,0.6749749986741489,6.076908965348295,2.700966983337073,True,False,22,2.0908922993249845,False,0.14035166510959324,1.3233286382052762,1.418965340489842,3.7000000000024844,1.919360850350475,2.075090360049439,0.12554508272076637,0.035070790228081676,0.10293669359883939,4.269820008817905,-0.46477144056093694,1.0,2.1587060538598677,3.078905899152862,4.275076263122577,2.1163702092627097
Rq_nm,6090,M14a_regularized_alpha10,4.685108184814453,3.666384741829015,3.8029409946528463,1.2,0.8821671901616068,1.7541192817302764,0.7578838483357659,0.2363718077921102,7.369510181513583,3.566569186860736,True,False,22,2.040784544358981,False,0.3421117403425461,1.3233286382052762,1.418965340489842,3.7000000000024844,1.919360850350475,2.075090360049439,0.12554508272076637,0.035070790228081676,0.10293669359883939,4.269820008817905,-0.46477144056093694,1.0,2.1587060538598677,3.078905899152862,4.275076263122577,2.1163702092627097
Rq_nm,6090,M14b_rheed_density_weighted,4.685108184814453,3.3945848157138108,3.5109650982506495,1.2,1.1741430865638036,1.4334932171038,0.8475285491854851,0.66000098664699,6.361929209854309,2.8509641116036595,True,False,22,1.9640719692952642,False,0.20415104938011103,1.3233286382052762,1.418965340489842,3.7000000000024844,1.919360850350475,2.075090360049439,0.12554508272076637,0.035070790228081676,0.10293669359883939,4.269820008817905,-0.46477144056093694,1.0,2.1587060538598677,3.078905899152862,4.275076263122577,2.1163702092627097
Rq_nm,6090,M14c_residual_self_paced,4.685108184814453,3.7908867486609488,3.9957082885569033,1.2,0.6893998962575498,1.5121476033090828,0.6588488144497583,0.0,8.536185332536624,4.54047704397972,True,False,22,2.0050104282932795,False,0.4331956599046214,1.3233286382052762,1.418965340489842,3.7000000000024844,1.919360850350475,2.075090360049439,0.12554508272076637,0.035070790228081676,0.10293669359883939,4.269820008817905,-0.46477144056093694,1.0,2.1587060538598677,3.078905899152862,4.275076263122577,2.1163702092627097
Rq_nm,6090,M14d_r3d_causal_temporal,4.685108184814453,3.762629899500878,3.963566566801082,1.2,0.7215416180133709,1.2792490919457593,0.7401873334053234,2.3975314791197233,5.529601654482441,1.566035087681359,True,False,22,1.5435293893218784,True,0.4180084674110082,1.3233286382052762,1.418965340489842,3.7000000000024844,1.919360850350475,2.075090360049439,0.12554508272076637,0.035070790228081676,0.10293669359883939,4.269820008817905,-0.46477144056093694,1.0,2.1587060538598677,3.078905899152862,4.275076263122577,2.1163702092627097
Rq_nm,6090,M14e_multiview_curated20_r3d80,4.685108184814453,3.74318083994531,3.9309076647140246,1.2,0.7542005201004285,1.3524603707662048,0.7279398671213745,2.088762669864694,5.773052659563355,1.8421449948493307,True,False,22,1.604419463250182,False,0.4025769035267126,1.3233286382052762,1.418965340489842,3.7000000000024844,1.919360850350475,2.075090360049439,0.12554508272076637,0.035070790228081676,0.10293669359883939,4.269820008817905,-0.46477144056093694,1.0,2.1587060538598677,3.078905899152862,4.275076263122577,2.1163702092627097
Rq_nm,6090,M14f_multiview_curated40_r3d60,4.685108184814453,3.723832312710938,3.8985178646762355,1.2,0.7865903201382176,1.403559039382969,0.730650182460913,1.6587489505605149,6.138286778791956,2.2397689141157207,True,False,22,1.6772129532430404,False,0.38727249227766514,1.3233286382052762,1.418965340489842,3.7000000000024844,1.919360850350475,2.075090360049439,0.12554508272076637,0.035070790228081676,0.10293669359883939,4.269820008817905,-0.46477144056093694,1.0,2.1587060538598677,3.078905899152862,4.275076263122577,2.1163702092627097
Rq_nm,6090,M14g_multiview_curated60_r3d40,4.685108184814453,3.7045837981455083,3.866394949347007,1.2,0.8187132354674462,1.4406439428669,0.7396923174395775,1.2068606116112677,6.5259292870827466,2.659534337735739,True,False,22,1.773504693175102,False,0.372094185954586,1.3233286382052762,1.418965340489842,3.7000000000024844,1.919360850350475,2.075090360049439,0.12554508272076637,0.035070790228081676,0.10293669359883939,4.269820008817905,-0.46477144056093694,1.0,2.1587060538598677,3.078905899152862,4.275076263122577,2.1163702092627097
Rq_nm,6094,M12a_frozen_alpha1,4.092223385079066,2.5065204521193944,2.4937382004317046,1.2,1.5984851846473616,2.0825155290960686,0.5843271833437462,0.0,5.924224675537037,3.430486475105332,True,False,22,1.8811729773935837,False,0.8472897193946242,0.9570218322533564,1.089588445132035,2.650000000001643,1.2692326698401069,0.9382289179133595,0.39132028232947913,0.10230655878864098,0.2928425813951958,6.836321231576753,0.8472897193946242,0.4285749175824503,2.1587060538598677,3.078905899152862,4.597837944228443,2.4391318903685755
Rq_nm,6094,M14a_regularized_alpha10,4.092223385079066,2.8707506697266902,2.8897858170225637,1.2,1.2024375680565025,2.250999528192603,0.47079040310122533,0.0,7.0886745031209575,4.198888686098394,True,False,22,1.9778815254606188,False,0.8472897193946242,0.9570218322533564,1.089588445132035,2.650000000001643,1.2692326698401069,0.9382289179133595,0.39132028232947913,0.10230655878864098,0.2928425813951958,6.836321231576753,0.8472897193946242,0.4285749175824503,2.1587060538598677,3.078905899152862,4.597837944228443,2.4391318903685755
Rq_nm,6094,M14b_rheed_density_weighted,4.092223385079066,2.999383014885625,3.0580157339043015,1.2,1.0342076511747647,2.682063804486519,0.41713537907643583,0.0,7.3012133150827765,4.2431975811784755,True,False,22,2.0157034499786515,False,0.8472897193946242,0.9570218322533564,1.089588445132035,2.650000000001643,1.2692326698401069,0.9382289179133595,0.39132028232947913,0.10230655878864098,0.2928425813951958,6.836321231576753,0.8472897193946242,0.4285749175824503,2.1587060538598677,3.078905899152862,4.597837944228443,2.4391318903685755
Rq_nm,6094,M14c_residual_self_paced,4.092223385079066,3.0978741416652427,3.1782420277635177,1.2,0.9139813573155484,2.3158681234891607,0.35616234900313454,0.0,8.97947097682453,5.801228949061013,True,False,22,2.036100998798109,False,0.8880157371236798,0.9570218322533564,1.089588445132035,2.650000000001643,1.2692326698401069,0.9382289179133595,0.39132028232947913,0.10230655878864098,0.2928425813951958,6.836321231576753,0.8472897193946242,0.4285749175824503,2.1587060538598677,3.078905899152862,4.597837944228443,2.4391318903685755
Rq_nm,6094,M14d_r3d_causal_temporal,4.092223385079066,3.847471327119865,4.07401235900724,1.2,0.018211026071826453,1.975763120553606,0.45112764079940926,1.2706318280152664,6.8773928899992125,2.8033805309919733,True,False,22,1.645041527090231,True,1.2552653863865422,0.9570218322533564,1.089588445132035,2.650000000001643,1.2692326698401069,0.9382289179133595,0.39132028232947913,0.10230655878864098,0.2928425813951958,6.836321231576753,0.8472897193946242,0.4285749175824503,2.1587060538598677,3.078905899152862,4.597837944228443,2.4391318903685755
Rq_nm,6094,M14e_multiview_curated20_r3d80,4.092223385079066,3.628602609434778,3.803566421909572,1.2,0.28865696316949396,1.9102242463229566,0.4839887490180329,1.0042931771135866,6.602839666705558,2.7992732447959856,True,False,22,1.673622658590868,False,1.1443874391276916,0.9570218322533564,1.089588445132035,2.650000000001643,1.2692326698401069,0.9382289179133595,0.39132028232947913,0.10230655878864098,0.2928425813951958,6.836321231576753,0.8472897193946242,0.4285749175824503,2.1587060538598677,3.078905899152862,4.597837944228443,2.4391318903685755
Rq_nm,6094,M14f_multiview_curated40_r3d60,4.092223385079066,3.4221845408925327,3.5510735488793057,1.2,0.5411498361997604,1.981604643039583,0.49279896242426074,0.513392447276829,6.588754650481782,3.0376811016024767,True,False,22,1.7230358749696886,False,1.0408699237250651,0.9570218322533564,1.089588445132035,2.650000000001643,1.2692326698401069,0.9382289179133595,0.39132028232947913,0.10230655878864098,0.2928425813951958,6.836321231576753,0.8472897193946242,0.4285749175824503,2.1587060538598677,3.078905899152862,4.597837944228443,2.4391318903685755
Rq_nm,6094,M14g_multiview_curated60_r3d40,4.092223385079066,3.2275088491291397,3.315341958250693,1.2,0.776881426828373,1.8758115477608657,0.4969247762426372,0.04572232503664386,6.584961591464742,3.2696196332140492,True,False,22,1.7760513487333358,False,0.9442242312311707,0.9570218322533564,1.089588445132035,2.650000000001643,1.2692326698401069,0.9382289179133595,0.39132028232947913,0.10230655878864098,0.2928425813951958,6.836321231576753,0.8472897193946242,0.4285749175824503,2.1587060538598677,3.078905899152862,4.597837944228443,2.4391318903685755
Rq_nm,6095,M12a_frozen_alpha1,9.867135047912596,9.175955905300984,10.938475565131082,1.2,1.071340517218486,5.311194963008562,0.028575454240507166,3.682062424539163,18.194888705723002,7.256413140591919,True,False,22,1.8363401018199528,False,3.9155964271877357,0.8394407677234017,0.9612647684267515,1.9669643838405642,1.0902860456578458,0.32511513889376004,0.7224441674309385,0.10042793995582126,0.29231220606485153,5.42606394132343,0.20189377177363596,0.817181731097594,2.1587060538598677,3.078905899152862,4.275076263122577,2.1163702092627097
Rq_nm,6095,M14a_regularized_alpha10,9.867135047912596,5.111801630624658,5.639068339931606,1.2,4.2280667079809895,3.1310060211992266,0.26046769988713275,0.8772517673713516,10.400884912491861,4.761816572560255,True,False,22,1.8960884650143734,False,1.4115887625525132,0.8394407677234017,0.9612647684267515,1.9669643838405642,1.0902860456578458,0.32511513889376004,0.7224441674309385,0.10042793995582126,0.29231220606485153,5.42606394132343,0.20189377177363596,0.817181731097594,2.1587060538598677,3.078905899152862,4.275076263122577,2.1163702092627097
Rq_nm,6095,M14b_rheed_density_weighted,9.867135047912596,4.755514675470787,5.309522454079368,1.2,4.557612593833228,2.7640786665462787,0.3021358361492172,0.9658127961263423,9.653232112032395,4.343709657953026,False,False,22,1.8697021584462519,False,1.2558759839422702,0.8394407677234017,0.9612647684267515,1.9669643838405642,1.0902860456578458,0.32511513889376004,0.7224441674309385,0.10042793995582126,0.29231220606485153,5.42606394132343,0.20189377177363596,0.817181731097594,2.1587060538598677,3.078905899152862,4.275076263122577,2.1163702092627097
Rq_nm,6095,M14c_residual_self_paced,9.867135047912596,4.2362317632112605,4.612225312803973,1.2,5.2549097351086225,2.1607110815893478,0.40309485423006713,0.08062207128288978,9.143828554325058,4.531603241521084,False,False,22,1.8790054152558153,False,0.9263981174406832,0.8394407677234017,0.9612647684267515,1.9669643838405642,1.0902860456578458,0.32511513889376004,0.7224441674309385,0.10042793995582126,0.29231220606485153,5.42606394132343,0.20189377177363596,0.817181731097594,2.1587060538598677,3.078905899152862,4.275076263122577,2.1163702092627097
Rq_nm,6095,M14d_r3d_causal_temporal,9.867135047912596,6.370112529692939,7.2513889490084935,1.2,2.6157460989041024,2.3077206981644576,0.23914886072109479,2.298991159812661,12.203786738204325,4.952397789195833,True,False,22,1.572908051586549,True,2.1734217358292347,0.8394407677234017,0.9612647684267515,1.9669643838405642,1.0902860456578458,0.32511513889376004,0.7224441674309385,0.10042793995582126,0.29231220606485153,5.42606394132343,0.20189377177363596,0.817181731097594,2.1587060538598677,3.078905899152862,4.275076263122577,2.1163702092627097
Rq_nm,6095,M14e_multiview_curated20_r3d80,9.867135047912596,6.095824876321974,6.895701155719953,1.2,2.9714338921926426,2.641905772696538,0.1995602399907926,1.4022441739226688,12.389158137517239,5.4934569817972845,True,False,22,1.6063894681849282,False,2.0053567197314823,0.8394407677234017,0.9612647684267515,1.9669643838405642,1.0902860456578458,0.32511513889376004,0.7224441674309385,0.10042793995582126,0.29231220606485153,5.42606394132343,0.20189377177363596,0.817181731097594,2.1587060538598677,3.078905899152862,4.275076263122577,2.1163702092627097
Rq_nm,6095,M14f_multiview_curated40_r3d60,9.867135047912596,5.833347644892703,6.557460200159199,1.2,3.3096748477533966,2.8051820178183413,0.19488742180671068,0.5514228904777498,12.563497509840648,6.006037309681449,True,False,22,1.6567272509733835,False,1.8455354587439785,0.8394407677234017,0.9612647684267515,1.9669643838405642,1.0902860456578458,0.32511513889376004,0.7224441674309385,0.10042793995582126,0.29231220606485153,5.42606394132343,0.20189377177363596,0.817181731097594,2.1587060538598677,3.078905899152862,4.275076263122577,2.1163702092627097
Rq_nm,6095,M14g_multiview_curated60_r3d40,9.867135047912596,5.582172296049721,6.235810297695892,1.2,3.631324750216704,2.915752777456434,0.19909058540067967,0.0,12.725205595993096,6.489395298297203,True,False,22,1.7133019866625407,False,1.6935535885326405,0.8394407677234017,0.9612647684267515,1.9669643838405642,1.0902860456578458,0.32511513889376004,0.7224441674309385,0.10042793995582126,0.29231220606485153,5.42606394132343,0.20189377177363596,0.817181731097594,2.1587060538598677,3.078905899152862,4.275076263122577,2.1163702092627097
Rq_nm,6099,M12a_frozen_alpha1,10.321437835693361,4.260471913707456,4.5098168295311085,1.2,5.811621006162253,2.643492050254987,0.30978250581358513,1.0479847505811124,7.971648908481105,3.461832078949996,False,False,22,1.6417972512107624,False,1.8002940573732464,0.7445063884425213,0.7721460214134686,2.679895273529006,1.0482070850492402,-0.4037708555065523,1.0,0.17107877791770343,0.46543955159365225,6.901320957144146,1.1241784495672096,0.32491929532472225,2.1587060538598677,3.078905899152862,4.275076263122577,2.1163702092627097
Rq_nm,6099,M14a_regularized_alpha10,10.321437835693361,3.9843245547775576,4.150795265556478,1.2,6.170642570136883,2.546765458405846,0.31219977711117974,0.0,10.855824208071404,6.705028942514927,True,False,22,1.726594599571184,False,1.6306538108779487,0.7445063884425213,0.7721460214134686,2.679895273529006,1.0482070850492402,-0.4037708555065523,1.0,0.17107877791770343,0.46543955159365225,6.901320957144146,1.1241784495672096,0.32491929532472225,2.1587060538598677,3.078905899152862,4.275076263122577,2.1163702092627097
Rq_nm,6099,M14b_rheed_density_weighted,10.321437835693361,3.8771649267036787,4.089483284183647,1.2,6.231954551509714,2.5199681402659784,0.31872383806304944,0.0,10.081553279193448,5.9920699950098015,False,False,22,1.7330167036633688,False,1.6016834629187462,0.7445063884425213,0.7721460214134686,2.679895273529006,1.0482070850492402,-0.4037708555065523,1.0,0.17107877791770343,0.46543955159365225,6.901320957144146,1.1241784495672096,0.32491929532472225,2.1587060538598677,3.078905899152862,4.275076263122577,2.1163702092627097
Rq_nm,6099,M14c_residual_self_paced,10.321437835693361,3.4727123111138725,3.5984435789985767,1.2,6.7229942566947845,2.347550883892733,0.37614031325475833,0.0,10.628086816071022,7.029643237072444,True,False,22,1.8500660736355767,False,1.3696637042602948,0.7445063884425213,0.7721460214134686,2.679895273529006,1.0482070850492402,-0.4037708555065523,1.0,0.17107877791770343,0.46543955159365225,6.901320957144146,1.1241784495672096,0.32491929532472225,2.1587060538598677,3.078905899152862,4.275076263122577,2.1163702092627097
Rq_nm,6099,M14d_r3d_causal_temporal,10.321437835693361,6.175215305240532,6.956101661896614,1.2,3.365336173796747,2.6082305644772434,0.14597807846697136,0.5617452352546337,13.350458088538595,6.394356426641981,True,False,22,1.438518092877913,False,2.956181066961106,0.7445063884425213,0.7721460214134686,2.679895273529006,1.0482070850492402,-0.4037708555065523,1.0,0.17107877791770343,0.46543955159365225,6.901320957144146,1.1241784495672096,0.32491929532472225,2.1587060538598677,3.078905899152862,4.275076263122577,2.1163702092627097
Rq_nm,6099,M14e_multiview_curated20_r3d80,10.321437835693361,5.65708396833211,6.273631404308393,1.2,4.047806431384968,2.3996814134283264,0.1800737837890635,0.0,13.031253914952387,6.757622510643995,True,False,22,1.4299159463150575,True,2.6337090086221364,0.7445063884425213,0.7721460214134686,2.679895273529006,1.0482070850492402,-0.4037708555065523,1.0,0.17107877791770343,0.46543955159365225,6.901320957144146,1.1241784495672096,0.32491929532472225,2.1587060538598677,3.078905899152862,4.275076263122577,2.1163702092627097
Rq_nm,6099,M14f_multiview_curated40_r3d60,10.321437835693361,5.182426432581467,5.658119002589912,1.2,4.663318833103449,2.437344654885293,0.21378424457392053,0.0,12.750300900968856,7.092181898378943,True,False,22,1.4711773000308463,False,2.342875014160974,0.7445063884425213,0.7721460214134686,2.679895273529006,1.0482070850492402,-0.4037708555065523,1.0,0.17107877791770343,0.46543955159365225,6.901320957144146,1.1241784495672096,0.32491929532472225,2.1587060538598677,3.078905899152862,4.275076263122577,2.1163702092627097
Rq_nm,6099,M14g_multiview_curated60_r3d40,10.321437835693361,4.747595029429542,5.102995152932219,1.2,5.218442682761142,2.406862390656302,0.22688294156616964,0.0,12.507601504630422,7.404606351698202,True,False,22,1.5147127523793564,False,2.0805750407309542,0.7445063884425213,0.7721460214134686,2.679895273529006,1.0482070850492402,-0.4037708555065523,1.0,0.17107877791770343,0.46543955159365225,6.901320957144146,1.1241784495672096,0.32491929532472225,2.1587060538598677,3.078905899152862,4.275076263122577,2.1163702092627097
Rq_nm,6101,M12a_frozen_alpha1,1.2270276091477796,2.324803609573143,2.296440339470371,1.0577849243182549,1.0694127303225913,1.5733810393574885,0.8555484083005819,0.0,4.711007929943457,2.414567590473086,True,False,22,2.2872529045945322,False,0.25538679760417393,0.7734197739223097,0.8939430006793166,2.052822713766918,1.1167302680730689,-0.011742963797141378,1.0,0.25932819306496735,0.7022166021961216,5.56461793151509,0.25538679760417393,0.7746168200773148,2.4763765272560625,3.1083622213092537,4.597837944228443,2.1214614169723807
Rq_nm,6101,M14a_regularized_alpha10,1.2270276091477796,2.9958089004726487,2.9312554966693685,1.2,1.7042278875215888,1.4743404908151865,0.8495550528902647,0.0,6.09505514719506,3.163799650525691,True,False,22,2.11924439771643,False,0.25538679760417393,0.7734197739223097,0.8939430006793166,2.052822713766918,1.1167302680730689,-0.011742963797141378,1.0,0.25932819306496735,0.7022166021961216,5.56461793151509,0.25538679760417393,0.7746168200773148,2.4763765272560625,3.1083622213092537,4.597837944228443,2.1214614169723807
Rq_nm,6101,M14b_rheed_density_weighted,1.2270276091477796,3.0974427538305647,3.080940533895997,1.2,1.8539129247482176,1.3843356853963824,0.8375958438948502,0.0,6.230338482361285,3.149397948465288,True,False,22,2.0762720599178284,False,0.25538679760417393,0.7734197739223097,0.8939430006793166,2.052822713766918,1.1167302680730689,-0.011742963797141378,1.0,0.25932819306496735,0.7022166021961216,5.56461793151509,0.25538679760417393,0.7746168200773148,2.4763765272560625,3.1083622213092537,4.597837944228443,2.1214614169723807
Rq_nm,6101,M14c_residual_self_paced,1.2270276091477796,3.1559245913300686,3.244567153233844,1.2,2.0175395440860644,1.5039156572922414,0.7648028995704919,0.0,7.115333784557398,3.870766631323555,True,False,22,2.0607024878189857,False,0.3195901485748333,0.7734197739223097,0.8939430006793166,2.052822713766918,1.1167302680730689,-0.011742963797141378,1.0,0.25932819306496735,0.7022166021961216,5.56461793151509,0.25538679760417393,0.7746168200773148,2.4763765272560625,3.1083622213092537,4.597837944228443,2.1214614169723807
Rq_nm,6101,M14d_r3d_causal_temporal,1.2270276091477796,1.5347388722098532,1.3742455717914541,1.2,0.14721796264367448,1.1678545415073582,0.8434584162691571,0.0,2.8408234116869355,1.4665778398954816,True,False,22,1.720365307596792,True,0.25538679760417393,0.7734197739223097,0.8939430006793166,2.052822713766918,1.1167302680730689,-0.011742963797141378,1.0,0.25932819306496735,0.7022166021961216,5.56461793151509,0.25538679760417393,0.7746168200773148,2.4763765272560625,3.1083622213092537,4.597837944228443,2.1214614169723807
Rq_nm,6101,M14e_multiview_curated20_r3d80,1.2270276091477796,1.7544072601076444,1.599050619087421,1.2,0.3720230099396413,1.1967933541112177,0.8434584162691571,0.17224673682848568,3.0258545013463563,1.4268038822589353,True,False,22,1.760692062165111,False,0.25538679760417393,0.7734197739223097,0.8939430006793166,2.052822713766918,1.1167302680730689,-0.011742963797141378,1.0,0.25932819306496735,0.7022166021961216,5.56461793151509,0.25538679760417393,0.7746168200773148,2.4763765272560625,3.1083622213092537,4.597837944228443,2.1214614169723807
Rq_nm,6101,M14f_multiview_curated40_r3d60,1.2270276091477796,2.005516957999841,1.8606302504367034,1.2,0.6336026412889237,1.284748762707198,0.8434584162691571,0.06955072508074855,3.651709775792658,1.7910795253559548,True,False,22,1.8076202274803013,False,0.25538679760417393,0.7734197739223097,0.8939430006793166,2.052822713766918,1.1167302680730689,-0.011742963797141378,1.0,0.25932819306496735,0.7022166021961216,5.56461793151509,0.25538679760417393,0.7746168200773148,2.4763765272560625,3.1083622213092537,4.597837944228443,2.1214614169723807
Rq_nm,6101,M14g_multiview_curated60_r3d40,1.2270276091477796,2.292568185438399,2.165000211698041,1.2,0.9379726025502613,1.3120153604573708,0.8434584162691571,0.0,4.379539564443065,2.214539352745024,True,False,22,1.8952289010350503,False,0.25538679760417393,0.7734197739223097,0.8939430006793166,2.052822713766918,1.1167302680730689,-0.011742963797141378,1.0,0.25932819306496735,0.7022166021961216,5.56461793151509,0.25538679760417393,0.7746168200773148,2.4763765272560625,3.1083622213092537,4.597837944228443,2.1214614169723807
FSMI_nm,6022,M12a_frozen_alpha1,1.283204177965711,1.5731145547178884,0.9025354055558269,0.8333333333333334,0.38066877240988417,7.812945621670811,0.017956789832699032,0.0,17.430190960822706,16.52765555526688,True,False,22,30955598669.806896,False,4.126559609285359,6.653849258724051,13.021531691324775,63.24242424242664,9.152836380809694,62.54606117867695,6.864213219542261e-28,0.08721739623565632,0.23987946299102336,12.093930434554943,4.126559609285359,0.016138305499596314,1.990415236413225,2.641689230973894,3.765173656241361,1.774758419828136
FSMI_nm,6022,M14a_regularized_alpha10,1.283204177965711,1.5198553839245836,1.2780552253277913,0.8333333333333334,0.0051489526379198125,5.200933660637387,0.010414899584546009,0.0,16.64185987551247,15.363804650184678,True,False,22,7951.049413219238,False,4.126559609285359,6.653849258724051,13.021531691324775,63.24242424242664,9.152836380809694,62.54606117867695,6.864213219542261e-28,0.08721739623565632,0.23987946299102336,12.093930434554943,4.126559609285359,0.016138305499596314,1.990415236413225,2.641689230973894,3.765173656241361,1.774758419828136
FSMI_nm,6022,M14b_rheed_density_weighted,1.283204177965711,1.5450948253904035,1.4190320114609645,0.8333333333333334,0.1358278334952534,5.865488907207711,0.010414899584546009,0.0,15.72547307690536,14.306441065444394,True,False,22,264.26154373123495,False,4.126559609285359,6.653849258724051,13.021531691324775,63.24242424242664,9.152836380809694,62.54606117867695,6.864213219542261e-28,0.08721739623565632,0.23987946299102336,12.093930434554943,4.126559609285359,0.016138305499596314,1.990415236413225,2.641689230973894,3.765173656241361,1.774758419828136
FSMI_nm,6022,M14c_residual_self_paced,1.283204177965711,1.9589501635953652,1.8474843523017215,0.8333333333333334,0.5642801743360104,5.110701226783186,0.010414899584546009,0.0,15.994439409956364,14.146955057654642,True,False,22,43.05637426598442,False,4.126559609285359,6.653849258724051,13.021531691324775,63.24242424242664,9.152836380809694,62.54606117867695,6.864213219542261e-28,0.08721739623565632,0.23987946299102336,12.093930434554943,4.126559609285359,0.016138305499596314,1.990415236413225,2.641689230973894,3.765173656241361,1.774758419828136
FSMI_nm,6022,M14d_r3d_causal_temporal,1.283204177965711,1.931881988114111,1.8475606452850921,1.2,0.564356467319381,2.8480800087751548,0.07205641336308584,0.0,6.528377460797067,4.680816815511975,True,False,22,1.2840528151153252,True,4.126559609285359,6.653849258724051,13.021531691324775,63.24242424242664,9.152836380809694,62.54606117867695,6.864213219542261e-28,0.08721739623565632,0.23987946299102336,12.093930434554943,4.126559609285359,0.016138305499596314,1.990415236413225,2.641689230973894,3.765173656241361,1.774758419828136
FSMI_nm,6022,M14e_multiview_curated20_r3d80,1.283204177965711,1.8413863860244177,1.624886696548122,1.2,0.34168251858241083,2.9883078144640507,0.0459517058116149,0.0,10.06591081783773,8.441024121289608,True,False,22,2.061157795499757,False,4.126559609285359,6.653849258724051,13.021531691324775,63.24242424242664,9.152836380809694,62.54606117867695,6.864213219542261e-28,0.08721739623565632,0.23987946299102336,12.093930434554943,4.126559609285359,0.016138305499596314,1.990415236413225,2.641689230973894,3.765173656241361,1.774758419828136
FSMI_nm,6022,M14f_multiview_curated40_r3d60,1.283204177965711,1.7551298906958839,1.6885878818328468,0.8333333333333334,0.40538370386713574,4.212967554189701,0.020819377571434025,0.0,12.729387618367372,11.040799736534526,True,False,22,9.351864451047684,False,4.126559609285359,6.653849258724051,13.021531691324775,63.24242424242664,9.152836380809694,62.54606117867695,6.864213219542261e-28,0.08721739623565632,0.23987946299102336,12.093930434554943,4.126559609285359,0.016138305499596314,1.990415236413225,2.641689230973894,3.765173656241361,1.774758419828136
FSMI_nm,6022,M14g_multiview_curated60_r3d40,1.283204177965711,1.6729139286540247,1.5388595553689692,0.8333333333333334,0.25565537740325817,4.380472808153246,0.012095716667620071,0.0,14.589379236744314,13.050519681375345,True,False,22,80.84935497954032,False,4.126559609285359,6.653849258724051,13.021531691324775,63.24242424242664,9.152836380809694,62.54606117867695,6.864213219542261e-28,0.08721739623565632,0.23987946299102336,12.093930434554943,4.126559609285359,0.016138305499596314,1.990415236413225,2.641689230973894,3.765173656241361,1.774758419828136
FSMI_nm,6028,M12a_frozen_alpha1,4.936413231860014,2.229489845661749,2.207558605924344,1.2,2.7288546259356696,1.1404928310854123,1.0,0.579970017445369,3.8351471944033193,1.6275885884789751,False,False,22,1.682264476309922,False,0.0,1.1196508373815859,1.1808604378665049,2.7311294604074776,1.411124869025453,1.1904159733900164,0.30409474243281603,0.0928653351777652,0.2535800250175978,3.8271023204082497,-0.836398731377099,1.0,1.7757665743078896,2.5374283639233175,3.5062119166881787,1.730445342380289
FSMI_nm,6028,M14a_regularized_alpha10,4.936413231860014,2.4966604359838973,2.506239488560008,1.2,2.430173743300006,1.0980352748838298,1.0,1.0058833576571304,4.006595619462885,1.5003561309028774,False,False,22,1.6390220219042397,False,0.0,1.1196508373815859,1.1808604378665049,2.7311294604074776,1.411124869025453,1.1904159733900164,0.30409474243281603,0.0928653351777652,0.2535800250175978,3.8271023204082497,-0.836398731377099,1.0,1.7757665743078896,2.5374283639233175,3.5062119166881787,1.730445342380289
FSMI_nm,6028,M14b_rheed_density_weighted,4.936413231860014,2.531596305383861,2.5428396853079147,1.2,2.393573546552099,1.14476978463147,0.9977329251180485,0.9355742631259583,4.150105107489871,1.6072654221819564,False,False,22,1.6512135325693595,False,0.0031271264408465785,1.1196508373815859,1.1808604378665049,2.7311294604074776,1.411124869025453,1.1904159733900164,0.30409474243281603,0.0928653351777652,0.2535800250175978,3.8271023204082497,-0.836398731377099,1.0,1.7757665743078896,2.5374283639233175,3.5062119166881787,1.730445342380289
FSMI_nm,6028,M14c_residual_self_paced,4.936413231860014,2.4323903776885514,2.4311155375398927,1.2,2.505297694320121,0.9535509911541795,1.0,0.0,4.910924113365432,2.479808575825539,False,False,22,1.6952901851411446,False,0.0,1.1196508373815859,1.1808604378665049,2.7311294604074776,1.411124869025453,1.1904159733900164,0.30409474243281603,0.0928653351777652,0.2535800250175978,3.8271023204082497,-0.836398731377099,1.0,1.7757665743078896,2.5374283639233175,3.5062119166881787,1.730445342380289
FSMI_nm,6028,M14d_r3d_causal_temporal,4.936413231860014,3.217272781052419,3.427457771635787,1.2,1.508955460224227,1.0485374635234164,0.7335965969279336,1.8570771793095544,4.997838363962019,1.5703805923262324,True,False,22,1.2691604583140315,True,0.5143354637761642,1.1196508373815859,1.1808604378665049,2.7311294604074776,1.411124869025453,1.1904159733900164,0.30409474243281603,0.0928653351777652,0.2535800250175978,3.8271023204082497,-0.836398731377099,1.0,1.7757665743078896,2.5374283639233175,3.5062119166881787,1.730445342380289
FSMI_nm,6028,M14e_multiview_curated20_r3d80,4.936413231860014,3.058174083942838,3.2194538492367313,1.2,1.7169593826232825,0.9122928084106684,0.7794176208233008,1.7931066441501327,4.64580105432333,1.4263472050865986,False,False,22,1.2930951248124214,False,0.3941329255596502,1.1196508373815859,1.1808604378665049,2.7311294604074776,1.411124869025453,1.1904159733900164,0.30409474243281603,0.0928653351777652,0.2535800250175978,3.8271023204082497,-0.836398731377099,1.0,1.7757665743078896,2.5374283639233175,3.5062119166881787,1.730445342380289
FSMI_nm,6028,M14f_multiview_curated40_r3d60,4.936413231860014,2.9069430428091616,3.024073169665476,1.2,1.912340062194538,0.8734177819216975,0.8370953667506595,1.6885501519628494,4.359596187368102,1.3355230177026265,False,False,22,1.3563598682742033,False,0.28122518164761057,1.1196508373815859,1.1808604378665049,2.7311294604074776,1.411124869025453,1.1904159733900164,0.30409474243281603,0.0928653351777652,0.2535800250175978,3.8271023204082497,-0.836398731377099,1.0,1.7757665743078896,2.5374283639233175,3.5062119166881787,1.730445342380289
FSMI_nm,6028,M14g_multiview_curated60_r3d40,4.936413231860014,2.763190590916845,2.840549659582387,1.2,2.0958635722776267,0.9326778533436763,0.8951546186540422,1.4752835870564907,4.205815732108284,1.3652660725258965,False,False,22,1.4340624056587963,False,0.1751695290428044,1.1196508373815859,1.1808604378665049,2.7311294604074776,1.411124869025453,1.1904159733900164,0.30409474243281603,0.0928653351777652,0.2535800250175978,3.8271023204082497,-0.836398731377099,1.0,1.7757665743078896,2.5374283639233175,3.5062119166881787,1.730445342380289
FSMI_nm,6029,M12a_frozen_alpha1,2.2241852747386375,2.178742659126588,1.404047017472339,0.8333333333333334,0.8201382572662985,1.3136459397780105,1.0,0.0,4.786448786369903,3.382401768897564,True,False,22,15078443.39587897,False,0.0,6.778687763394796,17.108367513598957,87.12121212121538,17.582682931962506,70.76183569213006,1.8557746142185313e-31,0.06970528032206527,0.2059416301736381,4.102096060545123,-0.5283989080857896,1.0,1.7757665743078896,2.641689230973894,3.765173656241361,1.9894070819334715
FSMI_nm,6029,M14a_regularized_alpha10,2.2241852747386375,2.0659010536629707,1.7814873692640536,0.8333333333333334,0.4426979054745839,0.9753407300742649,1.0,0.0,4.659729828783817,2.8782424595197638,True,False,22,195.96930429830445,False,0.0,6.778687763394796,17.108367513598957,87.12121212121538,17.582682931962506,70.76183569213006,1.8557746142185313e-31,0.06970528032206527,0.2059416301736381,4.102096060545123,-0.5283989080857896,1.0,1.7757665743078896,2.641689230973894,3.765173656241361,1.9894070819334715
FSMI_nm,6029,M14b_rheed_density_weighted,2.2241852747386375,2.2000720527029016,2.0216396526652103,0.8333333333333334,0.2025456220734272,1.0781220668983345,1.0,0.0,4.718780855257526,2.6971412025923156,True,False,22,18.023108097437415,False,0.0,6.778687763394796,17.108367513598957,87.12121212121538,17.582682931962506,70.76183569213006,1.8557746142185313e-31,0.06970528032206527,0.2059416301736381,4.102096060545123,-0.5283989080857896,1.0,1.7757665743078896,2.641689230973894,3.765173656241361,1.9894070819334715
FSMI_nm,6029,M14c_residual_self_paced,2.2241852747386375,2.944665405456361,2.6989898217070523,0.8333333333333334,0.4748045469684148,0.9949314665874569,0.9647723715595756,0.0,5.625827874434732,2.9268380527276796,True,False,22,8.110844552021293,False,0.028802848473560568,6.778687763394796,17.108367513598957,87.12121212121538,17.582682931962506,70.76183569213006,1.8557746142185313e-31,0.06970528032206527,0.2059416301736381,4.102096060545123,-0.5283989080857896,1.0,1.7757665743078896,2.641689230973894,3.765173656241361,1.9894070819334715
FSMI_nm,6029,M14d_r3d_causal_temporal,2.2241852747386375,1.7905959204179882,1.737965666901547,1.2,0.4862196078370904,0.8690642581389345,1.0,0.5525888501932146,2.9233424836098796,1.1853768167083325,True,False,22,1.3055297486334627,True,0.0,6.778687763394796,17.108367513598957,87.12121212121538,17.582682931962506,70.76183569213006,1.8557746142185313e-31,0.06970528032206527,0.2059416301736381,4.102096060545123,-0.5283989080857896,1.0,1.7757665743078896,2.641689230973894,3.765173656241361,1.9894070819334715
FSMI_nm,6029,M14e_multiview_curated20_r3d80,2.2241852747386375,1.8425529449857734,1.6939480283958919,1.2,0.5302372463427456,0.7865828331534228,1.0,0.007615831972318299,3.380280224819465,1.6863321964235736,True,False,22,1.6775783098337336,False,0.0,6.778687763394796,17.108367513598957,87.12121212121538,17.582682931962506,70.76183569213006,1.8557746142185313e-31,0.06970528032206527,0.2059416301736381,4.102096060545123,-0.5283989080857896,1.0,1.7757665743078896,2.641689230973894,3.765173656241361,1.9894070819334715
FSMI_nm,6029,M14f_multiview_curated40_r3d60,2.2241852747386375,1.8960175863034658,1.740697450602591,1.0422808451470085,0.4834878241360465,0.7629660087028793,1.0,0.0,4.014385746501601,2.27368829589901,True,False,22,3.2554740142326897,False,0.0,6.778687763394796,17.108367513598957,87.12121212121538,17.582682931962506,70.76183569213006,1.8557746142185313e-31,0.06970528032206527,0.2059416301736381,4.102096060545123,-0.5283989080857896,1.0,1.7757665743078896,2.641689230973894,3.765173656241361,1.9894070819334715
FSMI_nm,6029,M14g_multiview_curated60_r3d40,2.2241852747386375,1.951033590299234,1.8380556176366927,0.8333333333333334,0.3861296571019448,0.8496692230084733,1.0,0.0,4.339941628118819,2.5018860104821257,True,False,22,10.198302021422426,False,0.0,6.778687763394796,17.108367513598957,87.12121212121538,17.582682931962506,70.76183569213006,1.8557746142185313e-31,0.06970528032206527,0.2059416301736381,4.102096060545123,-0.5283989080857896,1.0,1.7757665743078896,2.641689230973894,3.765173656241361,1.9894070819334715
FSMI_nm,6033,M12a_frozen_alpha1,2.1349665471520227,3.4954175825181175,3.611643997308714,1.2,1.4766774501566915,1.6260628561549955,0.6459535889347922,1.2056368363786043,6.017651158238824,2.40600716093011,True,False,22,1.8136210474436334,False,0.4875597232679685,1.201091562967915,1.2672887559337525,3.629408731056335,1.4683507437940062,2.0115159206876023,0.13378571234123324,0.09036556553941712,0.26099804914396696,3.505250508371155,-0.894732633347827,1.0,1.7757665743078896,2.641689230973894,3.765173656241361,1.9894070819334715
FSMI_nm,6033,M14a_regularized_alpha10,2.1349665471520227,3.4803635605775787,3.6800528167514237,1.2,1.545086269599401,1.8639940320635289,0.5458794376086772,0.7714706348719065,6.5886349986309405,2.9085821818795172,True,False,22,1.6942460106567947,False,0.5219462598717409,1.201091562967915,1.2672887559337525,3.629408731056335,1.4683507437940062,2.0115159206876023,0.13378571234123324,0.09036556553941712,0.26099804914396696,3.505250508371155,-0.894732633347827,1.0,1.7757665743078896,2.641689230973894,3.765173656241361,1.9894070819334715
FSMI_nm,6033,M14b_rheed_density_weighted,2.1349665471520227,3.329990727231404,3.5687822068622967,1.2,1.433815659710274,1.8587071797549557,0.5578302083387517,0.25127285964363555,6.886291554080958,3.317509347218661,True,False,22,1.7103226596536554,False,0.4660147157953094,1.201091562967915,1.2672887559337525,3.629408731056335,1.4683507437940062,2.0115159206876023,0.13378571234123324,0.09036556553941712,0.26099804914396696,3.505250508371155,-0.894732633347827,1.0,1.7757665743078896,2.641689230973894,3.765173656241361,1.9894070819334715
FSMI_nm,6033,M14c_residual_self_paced,2.1349665471520227,3.1151193544556732,3.259921138083792,1.2,1.124954590931769,1.6641963813203717,0.6034018027594525,0.0,6.566395407043346,3.306474268959554,True,False,22,1.794719164326804,False,0.31076189118068703,1.201091562967915,1.2672887559337525,3.629408731056335,1.4683507437940062,2.0115159206876023,0.13378571234123324,0.09036556553941712,0.26099804914396696,3.505250508371155,-0.894732633347827,1.0,1.7757665743078896,2.641689230973894,3.765173656241361,1.9894070819334715
FSMI_nm,6033,M14d_r3d_causal_temporal,2.1349665471520227,2.6808628740089184,2.7526072088663196,1.2,0.6176406617142969,0.9094381601551136,0.9497918036302303,1.52375172872715,3.981462689005489,1.2288554801391696,True,False,22,1.350560864536967,False,0.05575428925518154,1.201091562967915,1.2672887559337525,3.629408731056335,1.4683507437940062,2.0115159206876023,0.13378571234123324,0.09036556553941712,0.26099804914396696,3.505250508371155,-0.894732633347827,1.0,1.7757665743078896,2.641689230973894,3.765173656241361,1.9894070819334715
FSMI_nm,6033,M14e_multiview_curated20_r3d80,2.1349665471520227,2.8245196661061778,2.9171999987019217,1.2,0.782233451549899,0.9082453849581924,0.8798951075371051,1.3264987587415795,4.507901238662264,1.5907012399603422,True,False,22,1.3380431816830776,True,0.13848888456768899,1.201091562967915,1.2672887559337525,3.629408731056335,1.4683507437940062,2.0115159206876023,0.13378571234123324,0.09036556553941712,0.26099804914396696,3.505250508371155,-0.894732633347827,1.0,1.7757665743078896,2.641689230973894,3.765173656241361,1.9894070819334715
FSMI_nm,6033,M14f_multiview_curated40_r3d60,2.1349665471520227,2.975874455037125,3.091634652781213,1.2,0.9566681056291904,0.9596083492680252,0.7977904178948406,1.0652772668375121,5.117992038724914,2.026357385943701,True,False,22,1.382593378266754,False,0.2261706142968107,1.201091562967915,1.2672887559337525,3.629408731056335,1.4683507437940062,2.0115159206876023,0.13378571234123324,0.09036556553941712,0.26099804914396696,3.505250508371155,-0.894732633347827,1.0,1.7757665743078896,2.641689230973894,3.765173656241361,1.9894070819334715
FSMI_nm,6033,M14g_multiview_curated60_r3d40,2.1349665471520227,3.135339745872956,3.2764996676713176,1.2,1.141533120519295,1.1935336818391609,0.7204977231292646,0.7267569186781642,5.826242416664471,2.5497427489931535,True,False,22,1.4648977825636498,False,0.31909529349843363,1.201091562967915,1.2672887559337525,3.629408731056335,1.4683507437940062,2.0115159206876023,0.13378571234123324,0.09036556553941712,0.26099804914396696,3.505250508371155,-0.894732633347827,1.0,1.7757665743078896,2.641689230973894,3.765173656241361,1.9894070819334715
FSMI_nm,6047,M12a_frozen_alpha1,2.946047980770432,1.4707457593327713,1.3709271171503938,1.2,1.5751208636200382,0.8799614834938361,1.0,0.05108408161298006,2.690770152687808,1.3198430355374138,False,False,22,1.5686477543236086,False,0.0,0.5849433653835722,0.6870589512885444,1.4044239022779763,0.7454209746042366,-0.9861203146306646,1.0,0.16668091630430842,0.46481397502075494,3.738477467430234,-0.8285591755933692,1.0,1.7757665743078896,2.5374283639233175,3.765173656241361,1.9894070819334715
FSMI_nm,6047,M14a_regularized_alpha10,2.946047980770432,1.9186327870191904,1.8596058604039387,1.2,1.0864421203664933,1.0688882974439664,1.0,0.0,4.116595143212841,2.256989282808902,True,False,22,1.6906931187935716,False,0.0,0.5849433653835722,0.6870589512885444,1.4044239022779763,0.7454209746042366,-0.9861203146306646,1.0,0.16668091630430842,0.46481397502075494,3.738477467430234,-0.8285591755933692,1.0,1.7757665743078896,2.5374283639233175,3.765173656241361,1.9894070819334715
FSMI_nm,6047,M14b_rheed_density_weighted,2.946047980770432,1.814787235256488,1.7695469159232244,1.2,1.1765010648472076,0.9949874568984777,1.0,0.0,3.9604570828316965,2.190910166908472,True,False,22,1.644055174305438,False,0.0,0.5849433653835722,0.6870589512885444,1.4044239022779763,0.7454209746042366,-0.9861203146306646,1.0,0.16668091630430842,0.46481397502075494,3.738477467430234,-0.8285591755933692,1.0,1.7757665743078896,2.5374283639233175,3.765173656241361,1.9894070819334715
FSMI_nm,6047,M14c_residual_self_paced,2.946047980770432,2.0843469904171217,2.0908835381524735,1.2,0.8551644426179585,1.0976727464056382,1.0,0.0,4.861170409865048,2.770286871712575,True,False,22,1.7585283982308844,False,0.0,0.5849433653835722,0.6870589512885444,1.4044239022779763,0.7454209746042366,-0.9861203146306646,1.0,0.16668091630430842,0.46481397502075494,3.738477467430234,-0.8285591755933692,1.0,1.7757665743078896,2.5374283639233175,3.765173656241361,1.9894070819334715
FSMI_nm,6047,M14d_r3d_causal_temporal,2.946047980770432,2.8886296210901765,3.00124572198074,1.2,0.05519774121030796,0.975428247326812,0.8540414385864216,1.6567303781481824,4.3457610658132975,1.3445153438325577,True,False,22,1.324678947533151,True,0.23314351410001324,0.5849433653835722,0.6870589512885444,1.4044239022779763,0.7454209746042366,-0.9861203146306646,1.0,0.16668091630430842,0.46481397502075494,3.738477467430234,-0.8285591755933692,1.0,1.7757665743078896,2.5374283639233175,3.765173656241361,1.9894070819334715
FSMI_nm,6047,M14e_multiview_curated20_r3d80,2.946047980770432,2.6616556036015053,2.7272529767090696,1.2,0.21879500406136243,0.8924779472619411,0.9365505617730135,1.3016184609012071,4.152887492516932,1.4256345158078625,True,False,22,1.3474272533574623,False,0.09541768223789812,0.5849433653835722,0.6870589512885444,1.4044239022779763,0.7454209746042366,-0.9861203146306646,1.0,0.16668091630430842,0.46481397502075494,3.738477467430234,-0.8285591755933692,1.0,1.7757665743078896,2.5374283639233175,3.765173656241361,1.9894070819334715
FSMI_nm,6047,M14f_multiview_curated40_r3d60,2.946047980770432,2.452516065216287,2.478273852918537,1.2,0.4677741278518952,0.8325815817973887,1.0,0.9479805010780658,4.008567204759008,1.530293351840471,True,False,22,1.4105557399146842,False,0.0,0.5849433653835722,0.6870589512885444,1.4044239022779763,0.7454209746042366,-0.9861203146306646,1.0,0.16668091630430842,0.46481397502075494,3.738477467430234,-0.8285591755933692,1.0,1.7757665743078896,2.5374283639233175,3.765173656241361,1.9894070819334715
FSMI_nm,6047,M14g_multiview_curated60_r3d40,2.946047980770432,2.2598096620784682,2.2520247819001176,1.2,0.6940231988703145,0.9474864775914682,1.0,0.4732792043345102,4.030770359465725,1.7787455775656074,True,False,22,1.498277111942402,False,0.0,0.5849433653835722,0.6870589512885444,1.4044239022779763,0.7454209746042366,-0.9861203146306646,1.0,0.16668091630430842,0.46481397502075494,3.738477467430234,-0.8285591755933692,1.0,1.7757665743078896,2.5374283639233175,3.765173656241361,1.9894070819334715
FSMI_nm,6048,M12a_frozen_alpha1,1.9658126479353135,3.3002125070238075,3.499335255470917,1.2,1.5335226075356037,3.090410857348864,0.14939455190780337,0.0,8.517093631773527,5.017758376302609,True,False,22,1.6357335643695734,False,2.000010864513732,0.922045126329366,0.991967245830668,2.5377445917259642,0.9385179509621401,0.554780700964385,0.5741981684948597,0.12818964236878108,0.36129735334033963,7.848047865870079,1.5635063535795903,0.209400550087426,1.800369162785801,2.641689230973894,3.765173656241361,1.9648044934555602
FSMI_nm,6048,M14a_regularized_alpha10,1.9658126479353135,2.7581883185945526,2.8338181892002994,1.2,0.8680055412649859,2.9168980133112057,0.20614288406303644,0.0,8.47752825959613,5.643710070395831,True,False,22,1.7533044151238402,False,1.6612916339300552,0.922045126329366,0.991967245830668,2.5377445917259642,0.9385179509621401,0.554780700964385,0.5741981684948597,0.12818964236878108,0.36129735334033963,7.848047865870079,1.5635063535795903,0.209400550087426,1.800369162785801,2.641689230973894,3.765173656241361,1.9648044934555602
FSMI_nm,6048,M14b_rheed_density_weighted,1.9658126479353135,2.643731201500582,2.714734148940922,1.2,0.7489215010056083,3.1321277789189006,0.20821570183037658,0.0,8.536913332041404,5.822179183100483,True,False,22,1.7775323843953765,False,1.6006830386952484,0.922045126329366,0.991967245830668,2.5377445917259642,0.9385179509621401,0.554780700964385,0.5741981684948597,0.12818964236878108,0.36129735334033963,7.848047865870079,1.5635063535795903,0.209400550087426,1.800369162785801,2.641689230973894,3.765173656241361,1.9648044934555602
FSMI_nm,6048,M14c_residual_self_paced,1.9658126479353135,2.6477897524897975,2.6983255527526375,1.2,0.732512904817324,3.1498983477102755,0.20992734075970407,0.0,9.067337658507757,6.36901210575512,True,False,22,1.899294354044126,False,1.592331777161117,0.922045126329366,0.991967245830668,2.5377445917259642,0.9385179509621401,0.554780700964385,0.5741981684948597,0.12818964236878108,0.36129735334033963,7.848047865870079,1.5635063535795903,0.209400550087426,1.800369162785801,2.641689230973894,3.765173656241361,1.9648044934555602
FSMI_nm,6048,M14d_r3d_causal_temporal,1.9658126479353135,1.9218277849941574,1.8132456040600704,1.2,0.1525670438752431,1.8564645392592347,0.3558598626266917,0.0,4.378992296377644,2.5657466923175742,True,False,22,1.3925066529122503,True,1.5635063535795903,0.922045126329366,0.991967245830668,2.5377445917259642,0.9385179509621401,0.554780700964385,0.5741981684948597,0.12818964236878108,0.36129735334033963,7.848047865870079,1.5635063535795903,0.209400550087426,1.800369162785801,2.641689230973894,3.765173656241361,1.9648044934555602
FSMI_nm,6048,M14e_multiview_curated20_r3d80,1.9658126479353135,2.0658384544628916,1.9826210063001157,1.2,0.01680835836480221,1.8828677740402713,0.31773385182890174,0.0,5.080176917686152,3.0975559113860363,True,False,22,1.4292691172493688,False,1.5635063535795903,0.922045126329366,0.991967245830668,2.5377445917259642,0.9385179509621401,0.554780700964385,0.5741981684948597,0.12818964236878108,0.36129735334033963,7.848047865870079,1.5635063535795903,0.209400550087426,1.800369162785801,2.641689230973894,3.765173656241361,1.9648044934555602
FSMI_nm,6048,M14f_multiview_curated40_r3d60,1.9658126479353135,2.220640451376658,2.1678177770407885,1.2,0.20200512910547497,2.050923802409674,0.27970034296683216,0.0,5.844127846032051,3.6763100689912624,True,False,22,1.4877143014565086,False,1.5635063535795903,0.922045126329366,0.991967245830668,2.5377445917259642,0.9385179509621401,0.554780700964385,0.5741981684948597,0.12818964236878108,0.36129735334033963,7.848047865870079,1.5635063535795903,0.209400550087426,1.800369162785801,2.641689230973894,3.765173656241361,1.9648044934555602
FSMI_nm,6048,M14g_multiview_curated60_r3d40,1.9658126479353135,2.3870424154595518,2.370313791451222,1.2,0.40450114351590827,2.202375068326477,0.2422234238462414,0.0,6.6778483582360675,4.307534566784846,True,False,22,1.5395876500221353,False,1.5635063535795903,0.922045126329366,0.991967245830668,2.5377445917259642,0.9385179509621401,0.554780700964385,0.5741981684948597,0.12818964236878108,0.36129735334033963,7.848047865870079,1.5635063535795903,0.209400550087426,1.800369162785801,2.641689230973894,3.765173656241361,1.9648044934555602
FSMI_nm,6056,M12a_frozen_alpha1,2.6635524818908394,2.151847431561764,2.1357157678627545,1.2,0.5278367140280849,1.3472991473710973,1.0,0.0,4.457043898764795,2.3213281309020397,True,False,22,1.8575692219776376,False,0.0,0.7463233901344413,0.7897528873183344,1.5050505050504863,0.7372677817877616,-0.49225580397392377,1.0,0.04807846831719657,0.1342326603042986,3.5260856151043782,-1.0069969852649652,1.0,1.7757665743078896,2.5374283639233175,3.765173656241361,1.9894070819334715
FSMI_nm,6056,M14a_regularized_alpha10,2.6635524818908394,2.513142182441115,2.5508624391734775,1.2,0.11269004271736183,1.1597907596245123,0.9941168517779574,0.6146590938547052,4.48706578449225,1.9362033453187724,True,False,22,1.7695261879845436,False,0.006752803572561778,0.7463233901344413,0.7897528873183344,1.5050505050504863,0.7372677817877616,-0.49225580397392377,1.0,0.04807846831719657,0.1342326603042986,3.5260856151043782,-1.0069969852649652,1.0,1.7757665743078896,2.5374283639233175,3.765173656241361,1.9894070819334715
FSMI_nm,6056,M14b_rheed_density_weighted,2.6635524818908394,2.5549128613018297,2.6333775255868974,1.2,0.030174956303941958,1.2635978771626448,0.9538560898674402,0.412702358055165,4.85405269311863,2.2206751675317324,True,False,22,1.7883522368851614,False,0.04823002920565083,0.7463233901344413,0.7897528873183344,1.5050505050504863,0.7372677817877616,-0.49225580397392377,1.0,0.04807846831719657,0.1342326603042986,3.5260856151043782,-1.0069969852649652,1.0,1.7757665743078896,2.5374283639233175,3.765173656241361,1.9894070819334715
FSMI_nm,6056,M14c_residual_self_paced,2.6635524818908394,2.464966511398478,2.530025434226355,1.2,0.1335270476644843,1.0811994083192706,1.0,0.0,5.2150445147010736,2.6850190804747185,True,False,22,1.8592736045508782,False,0.0,0.7463233901344413,0.7897528873183344,1.5050505050504863,0.7372677817877616,-0.49225580397392377,1.0,0.04807846831719657,0.1342326603042986,3.5260856151043782,-1.0069969852649652,1.0,1.7757665743078896,2.5374283639233175,3.765173656241361,1.9894070819334715
FSMI_nm,6056,M14d_r3d_causal_temporal,2.6635524818908394,2.2339815851181513,2.233042831577785,1.2,0.4305096503130543,0.8619172821096919,1.0,0.9907115141905731,3.475374148964997,1.242331317387212,True,False,22,1.3232330818174411,True,0.0,0.7463233901344413,0.7897528873183344,1.5050505050504863,0.7372677817877616,-0.49225580397392377,1.0,0.04807846831719657,0.1342326603042986,3.5260856151043782,-1.0069969852649652,1.0,1.7757665743078896,2.5374283639233175,3.765173656241361,1.9894070819334715
FSMI_nm,6056,M14e_multiview_curated20_r3d80,2.6635524818908394,2.2872154871477393,2.2932692642126895,1.2,0.37028321767814987,0.8722922811028286,1.0,0.829304942643944,3.757233585781435,1.4639643215687455,True,False,22,1.3585922059833406,False,0.0,0.7463233901344413,0.7897528873183344,1.5050505050504863,0.7372677817877616,-0.49225580397392377,1.0,0.04807846831719657,0.1342326603042986,3.5260856151043782,-1.0069969852649652,1.0,1.7757665743078896,2.5374283639233175,3.765173656241361,1.9894070819334715
FSMI_nm,6056,M14f_multiview_curated40_r3d60,2.6635524818908394,2.3417179082842763,2.355120037920068,1.2,0.3084324439707715,0.8452166826606751,1.0,0.6508345902531001,4.059405485587035,1.7042854476669678,True,False,22,1.4295688138191702,False,0.0,0.7463233901344413,0.7897528873183344,1.5050505050504863,0.7372677817877616,-0.49225580397392377,1.0,0.04807846831719657,0.1342326603042986,3.5260856151043782,-1.0069969852649652,1.0,1.7757665743078896,2.5374283639233175,3.765173656241361,1.9894070819334715
FSMI_nm,6056,M14g_multiview_curated60_r3d40,2.6635524818908394,2.3975190762710494,2.418638962100616,1.2,0.24491351979022324,0.9544580078315028,1.0,0.4533045186192264,4.383973405582006,1.9653344434813897,True,False,22,1.5310673531919954,False,0.0,0.7463233901344413,0.7897528873183344,1.5050505050504863,0.7372677817877616,-0.49225580397392377,1.0,0.04807846831719657,0.1342326603042986,3.5260856151043782,-1.0069969852649652,1.0,1.7757665743078896,2.5374283639233175,3.765173656241361,1.9894070819334715
FSMI_nm,6057,M12a_frozen_alpha1,4.20513929744002,3.9250324673235455,4.269626518398702,1.030507744368389,0.0644872209586822,2.408041297386586,0.45521580140732515,1.240739424604648,7.298513612192757,3.0288870937940544,True,False,22,1.906369472612799,False,1.0010129254314872,0.7848979266810878,0.8360719038291641,1.4187680859859442,0.9442605434295904,-0.2721488916877431,1.0,0.3438982723306502,0.9333448424763312,5.129005842115786,-0.06647114850914923,1.0,1.7757665743078896,2.5374283639233175,3.5062119166881787,1.730445342380289
FSMI_nm,6057,M14a_regularized_alpha10,4.20513929744002,2.9848791561955,3.31204310196848,1.2,0.8930961954715402,1.4586034756338015,0.6896707920304818,1.060253067047833,5.5638331368891265,2.251790034920647,True,False,22,1.7719289598530252,False,0.44763895112668073,0.7848979266810878,0.8360719038291641,1.4187680859859442,0.9442605434295904,-0.2721488916877431,1.0,0.3438982723306502,0.9333448424763312,5.129005842115786,-0.06647114850914923,1.0,1.7757665743078896,2.5374283639233175,3.5062119166881787,1.730445342380289
FSMI_nm,6057,M14b_rheed_density_weighted,4.20513929744002,2.8669175672427603,3.171864562395944,1.2,1.0332747350440763,1.4006193213750473,0.7376359831453226,0.7597950460525373,5.58393407873935,2.4120695163434065,True,False,22,1.7465216327001167,False,0.36663174671552284,0.7848979266810878,0.8360719038291641,1.4187680859859442,0.9442605434295904,-0.2721488916877431,1.0,0.3438982723306502,0.9333448424763312,5.129005842115786,-0.06647114850914923,1.0,1.7757665743078896,2.5374283639233175,3.5062119166881787,1.730445342380289
FSMI_nm,6057,M14c_residual_self_paced,4.20513929744002,2.6593698885109194,2.9920894005610967,1.2,1.2130498968789234,1.2258826348247078,0.8024566987909934,0.0,6.172270438007317,3.1801810374462205,True,False,22,1.8255672406060102,False,0.26274221178946733,0.7848979266810878,0.8360719038291641,1.4187680859859442,0.9442605434295904,-0.2721488916877431,1.0,0.3438982723306502,0.9333448424763312,5.129005842115786,-0.06647114850914923,1.0,1.7757665743078896,2.5374283639233175,3.5062119166881787,1.730445342380289
FSMI_nm,6057,M14d_r3d_causal_temporal,4.20513929744002,1.1737625220095216,1.0807654931178747,1.2,3.124373804322145,0.6281438387272855,1.0,0.14985490510034893,2.0116760811354006,0.9309105880175258,False,False,22,1.0639836169292187,True,0.0,0.7848979266810878,0.8360719038291641,1.4187680859859442,0.9442605434295904,-0.2721488916877431,1.0,0.3438982723306502,0.9333448424763312,5.129005842115786,-0.06647114850914923,1.0,1.7757665743078896,2.5374283639233175,3.5062119166881787,1.730445342380289
FSMI_nm,6057,M14e_multiview_curated20_r3d80,4.20513929744002,1.414651750887285,1.3520861744029085,1.2,2.8530531230371117,0.6154811786188925,1.0,0.5106462685117763,2.1935260802940406,0.8414399058911322,False,False,22,1.1027337548544058,False,0.0,0.7848979266810878,0.8360719038291641,1.4187680859859442,0.9442605434295904,-0.2721488916877431,1.0,0.3438982723306502,0.9333448424763312,5.129005842115786,-0.06647114850914923,1.0,1.7757665743078896,2.5374283639233175,3.5062119166881787,1.730445342380289
FSMI_nm,6057,M14f_multiview_curated40_r3d60,4.20513929744002,1.7049782547684948,1.6915205330413952,1.2,2.513618764398625,0.7426460672435582,1.0,0.785607696679449,2.5974333694033414,0.9059128363619462,False,False,22,1.225749207144049,False,0.0,0.7848979266810878,0.8360719038291641,1.4187680859859442,0.9442605434295904,-0.2721488916877431,1.0,0.3438982723306502,0.9333448424763312,5.129005842115786,-0.06647114850914923,1.0,1.7757665743078896,2.5374283639233175,3.5062119166881787,1.730445342380289
FSMI_nm,6057,M14g_multiview_curated60_r3d40,4.20513929744002,2.054887959110892,2.1161681613704775,1.2,2.0889711360695427,0.9029890483276273,1.0,1.1002195841618945,3.1321167385790605,1.015948577208583,False,False,22,1.3918964306112784,False,0.0,0.7848979266810878,0.8360719038291641,1.4187680859859442,0.9442605434295904,-0.2721488916877431,1.0,0.3438982723306502,0.9333448424763312,5.129005842115786,-0.06647114850914923,1.0,1.7757665743078896,2.5374283639233175,3.5062119166881787,1.730445342380289
FSMI_nm,6062,M12a_frozen_alpha1,2.919662839275907,2.622083177298251,2.6755408510848593,1.2,0.2441219881910479,1.3447788597423895,0.9563928856860862,0.693924617087768,4.65715708508195,1.9816162339970913,True,False,22,1.8370637389728623,False,0.06942394465958801,0.8979435764339434,0.908980588032004,1.866261024284291,1.1474655930590243,0.12904938621143072,0.8789305574233688,0.10655956964323979,0.2887093361535913,3.804745265622191,-0.7957715230947807,1.0,1.7757665743078896,2.5374283639233175,3.765173656241361,1.9894070819334715
FSMI_nm,6062,M14a_regularized_alpha10,2.919662839275907,2.9752556000913897,3.1156994069095245,1.2,0.19603656763361732,1.4105476777931802,0.7955633498637921,0.7645387208027872,5.466860093016262,2.3511606861067373,True,False,22,1.7731100629794503,False,0.2906750700938468,0.8979435764339434,0.908980588032004,1.866261024284291,1.1474655930590243,0.12904938621143072,0.8789305574233688,0.10655956964323979,0.2887093361535913,3.804745265622191,-0.7957715230947807,1.0,1.7757665743078896,2.5374283639233175,3.765173656241361,1.9894070819334715
FSMI_nm,6062,M14b_rheed_density_weighted,2.919662839275907,3.009785258582715,3.2067136045387628,1.2,0.28705076526285556,1.5939085623644187,0.7415058699072715,0.5155640357354034,5.897863173342122,2.6911495688033593,True,False,22,1.7934578494614415,False,0.33642447877735415,0.8979435764339434,0.908980588032004,1.866261024284291,1.1474655930590243,0.12904938621143072,0.8789305574233688,0.10655956964323979,0.2887093361535913,3.804745265622191,-0.7957715230947807,1.0,1.7757665743078896,2.5374283639233175,3.765173656241361,1.9894070819334715
FSMI_nm,6062,M14c_residual_self_paced,2.919662839275907,3.1423421367461395,3.349208217627438,1.2,0.4295453783515306,1.7967072600636171,0.5974827783065435,0.0,6.88743209531099,3.5382238776835524,True,False,22,1.8931366722298852,False,0.4080511530677598,0.8979435764339434,0.908980588032004,1.866261024284291,1.1474655930590243,0.12904938621143072,0.8789305574233688,0.10655956964323979,0.2887093361535913,3.804745265622191,-0.7957715230947807,1.0,1.7757665743078896,2.5374283639233175,3.765173656241361,1.9894070819334715
FSMI_nm,6062,M14d_r3d_causal_temporal,2.919662839275907,3.9710847234142785,4.32777120306829,1.2,1.4081083637923832,1.1875007943544191,0.5705067199454295,2.40913820841431,6.246404197722271,1.9186329946539806,True,False,22,1.2220092753669332,True,0.8999379038125112,0.8979435764339434,0.908980588032004,1.866261024284291,1.1474655930590243,0.12904938621143072,0.8789305574233688,0.10655956964323979,0.2887093361535913,3.804745265622191,-0.7957715230947807,1.0,1.7757665743078896,2.5374283639233175,3.765173656241361,1.9894070819334715
FSMI_nm,6062,M14e_multiview_curated20_r3d80,2.919662839275907,3.748281319886124,4.0524955307152135,1.2,1.1328326914393063,1.126154314246736,0.6079203031751148,2.1275743537739107,5.977416707656516,1.9249211769413026,True,False,22,1.2510672477631923,False,0.7615671928338706,0.8979435764339434,0.908980588032004,1.866261024284291,1.1474655930590243,0.12904938621143072,0.8789305574233688,0.10655956964323979,0.2887093361535913,3.804745265622191,-0.7957715230947807,1.0,1.7757665743078896,2.5374283639233175,3.765173656241361,1.9894070819334715
FSMI_nm,6062,M14f_multiview_curated40_r3d60,2.919662839275907,3.537978620845847,3.7947292626799354,1.2,0.8750664234040282,1.1447331985535119,0.6586210817989883,1.6595182595648836,5.929940265794987,2.1352110031150517,True,False,22,1.3665213076702976,False,0.6319977998342442,0.8979435764339434,0.908980588032004,1.866261024284291,1.1474655930590243,0.12904938621143072,0.8789305574233688,0.10655956964323979,0.2887093361535913,3.804745265622191,-0.7957715230947807,1.0,1.7757665743078896,2.5374283639233175,3.765173656241361,1.9894070819334715
FSMI_nm,6062,M14g_multiview_curated60_r3d40,2.919662839275907,3.3394752563403034,3.5533586818041454,1.2,0.6336958425282382,1.3180866497856392,0.7135971189989214,1.2424214651171286,5.864295898491163,2.310937216687017,True,False,22,1.5065037842567155,False,0.5106699011513833,0.8979435764339434,0.908980588032004,1.866261024284291,1.1474655930590243,0.12904938621143072,0.8789305574233688,0.10655956964323979,0.2887093361535913,3.804745265622191,-0.7957715230947807,1.0,1.7757665743078896,2.5374283639233175,3.765173656241361,1.9894070819334715
FSMI_nm,6063,M12a_frozen_alpha1,4.880341349767348,2.7016141322434626,2.7136762142499635,1.2,2.1666651355173845,1.2207262607939946,0.9219838047563387,0.7620488331147075,4.66530359538522,1.951627381135256,False,False,22,1.7096922328449025,False,0.13590411820334802,1.3410565693059766,1.8288425191232554,6.824375128164103,2.2397991289594046,5.111680563073314,0.006025947424588856,0.19128994491413667,0.5468392262465802,5.08549313892366,0.03405296693600383,0.9665203096623098,1.7757665743078896,2.5374283639233175,3.5062119166881787,1.730445342380289
FSMI_nm,6063,M14a_regularized_alpha10,4.880341349767348,2.735509753961166,2.79755954819808,1.2,2.082781801569268,1.1313965446136554,0.8965637612489874,1.0684915868189975,4.526627509577162,1.7290679613790825,False,False,22,1.7040538429479803,False,0.18437911587806907,1.3410565693059766,1.8288425191232554,6.824375128164103,2.2397991289594046,5.111680563073314,0.006025947424588856,0.19128994491413667,0.5468392262465802,5.08549313892366,0.03405296693600383,0.9665203096623098,1.7757665743078896,2.5374283639233175,3.5062119166881787,1.730445342380289
FSMI_nm,6063,M14b_rheed_density_weighted,4.880341349767348,2.9643379055975863,3.0946964244499333,1.2,1.7856449253174147,1.3810004988600555,0.8029731805749015,1.0138934098983938,5.175499439001473,2.0808030145515395,True,False,22,1.7045462667575852,False,0.35609033320154204,1.3410565693059766,1.8288425191232554,6.824375128164103,2.2397991289594046,5.111680563073314,0.006025947424588856,0.19128994491413667,0.5468392262465802,5.08549313892366,0.03405296693600383,0.9665203096623098,1.7757665743078896,2.5374283639233175,3.5062119166881787,1.730445342380289
FSMI_nm,6063,M14c_residual_self_paced,4.880341349767348,2.2588754225876047,2.252251619986847,1.2,2.628089729780501,1.0622890586415226,0.9759251826206305,0.1751787461781511,4.329324493795543,2.077072873808696,False,False,22,1.7005354445586174,False,0.03405296693600383,1.3410565693059766,1.8288425191232554,6.824375128164103,2.2397991289594046,5.111680563073314,0.006025947424588856,0.19128994491413667,0.5468392262465802,5.08549313892366,0.03405296693600383,0.9665203096623098,1.7757665743078896,2.5374283639233175,3.5062119166881787,1.730445342380289
FSMI_nm,6063,M14d_r3d_causal_temporal,4.880341349767348,4.726367922518659,5.341869838971131,1.2,0.46152848920378275,1.6617526129639297,0.39950473574931694,2.540630045793522,8.14310963214874,2.8012397931776087,True,False,22,1.3792336438347002,True,1.6547002109513533,1.3410565693059766,1.8288425191232554,6.824375128164103,2.2397991289594046,5.111680563073314,0.006025947424588856,0.19128994491413667,0.5468392262465802,5.08549313892366,0.03405296693600383,0.9665203096623098,1.7757665743078896,2.5374283639233175,3.5062119166881787,1.730445342380289
FSMI_nm,6063,M14e_multiview_curated20_r3d80,4.880341349767348,4.236719136732639,4.693647921166006,1.2,0.18669342860134197,1.4801076220360618,0.4717726497889469,2.1355353957591308,7.251760446572881,2.5581125254068753,True,False,22,1.419147924689677,False,1.2801018911260809,1.3410565693059766,1.8288425191232554,6.824375128164103,2.2397991289594046,5.111680563073314,0.006025947424588856,0.19128994491413667,0.5468392262465802,5.08549313892366,0.03405296693600383,0.9665203096623098,1.7757665743078896,2.5374283639233175,3.5062119166881787,1.730445342380289
FSMI_nm,6063,M14f_multiview_curated40_r3d60,4.880341349767348,3.7977976615056233,4.124086035782015,1.2,0.7562553139853332,1.3368288467240506,0.5698251037031458,1.5701632146739395,6.67800885689009,2.5539228211080753,True,False,22,1.4738789595307467,False,0.9509600965632207,1.3410565693059766,1.8288425191232554,6.824375128164103,2.2397991289594046,5.111680563073314,0.006025947424588856,0.19128994491413667,0.5468392262465802,5.08549313892366,0.03405296693600383,0.9665203096623098,1.7757665743078896,2.5374283639233175,3.5062119166881787,1.730445342380289
FSMI_nm,6063,M14g_multiview_curated60_r3d40,4.880341349767348,3.4043481789214898,3.6236389938483153,1.2,1.2567023559190327,1.28996646860489,0.676120721278954,1.1068329309833684,6.140445056713262,2.516806062864947,True,False,22,1.5461250993584572,False,0.6617587969455645,1.3410565693059766,1.8288425191232554,6.824375128164103,2.2397991289594046,5.111680563073314,0.006025947424588856,0.19128994491413667,0.5468392262465802,5.08549313892366,0.03405296693600383,0.9665203096623098,1.7757665743078896,2.5374283639233175,3.5062119166881787,1.730445342380289
FSMI_nm,6070,M12a_frozen_alpha1,2.619825980056949,3.2191351694949457,3.3299168514073063,1.2,0.7100908713503573,1.8351814195946783,0.7733910803091313,1.055263570253902,5.604570132560711,2.2746532811534044,True,False,22,1.9684533382557758,False,0.3873642773092402,0.7446806214564654,0.7694574894134661,1.2525357035999767,0.7124648858099791,-0.6220053559824682,1.0,0.19636532773456108,0.5452834612115909,5.0127146571234285,-0.02646928093907159,1.0,1.7757665743078896,2.5592916148402627,3.765173656241361,1.9894070819334715
FSMI_nm,6070,M14a_regularized_alpha10,2.619825980056949,3.160278260711941,3.3150322848286926,1.2,0.6952063047717436,1.4081738995935638,0.7725658727232045,1.169186748436604,5.460877821220781,2.1458455363920885,True,False,22,1.7173241470070375,False,0.3798823663852338,0.7446806214564654,0.7694574894134661,1.2525357035999767,0.7124648858099791,-0.6220053559824682,1.0,0.19636532773456108,0.5452834612115909,5.0127146571234285,-0.02646928093907159,1.0,1.7757665743078896,2.5592916148402627,3.765173656241361,1.9894070819334715
FSMI_nm,6070,M14b_rheed_density_weighted,2.619825980056949,3.0131485134711573,3.1859177984349265,1.2,0.5660918183779775,1.4807311598370847,0.7893261605398227,0.8077939157965766,5.5640416810732765,2.37812388263835,True,False,22,1.7630769676369906,False,0.3149813777608836,0.7446806214564654,0.7694574894134661,1.2525357035999767,0.7124648858099791,-0.6220053559824682,1.0,0.19636532773456108,0.5452834612115909,5.0127146571234285,-0.02646928093907159,1.0,1.7757665743078896,2.5592916148402627,3.765173656241361,1.9894070819334715
FSMI_nm,6070,M14c_residual_self_paced,2.619825980056949,3.2083786151415183,3.4012011316559616,1.2,0.7813751515990126,1.5127386009711805,0.6949761658832263,0.0,6.8316243546682145,3.4304232230122524,True,False,22,1.8413538736260529,False,0.4231961997428204,0.7446806214564654,0.7694574894134661,1.2525357035999767,0.7124648858099791,-0.6220053559824682,1.0,0.19636532773456108,0.5452834612115909,5.0127146571234285,-0.02646928093907159,1.0,1.7757665743078896,2.5592916148402627,3.765173656241361,1.9894070819334715
FSMI_nm,6070,M14d_r3d_causal_temporal,2.619825980056949,1.8319420244300884,1.7809209741564045,1.2,0.8389050059005445,0.6898418125245573,1.0,0.5778122261067062,2.9840297222061025,1.2031087480496983,True,False,22,1.2352299619415161,True,0.0,0.7446806214564654,0.7694574894134661,1.2525357035999767,0.7124648858099791,-0.6220053559824682,1.0,0.19636532773456108,0.5452834612115909,5.0127146571234285,-0.02646928093907159,1.0,1.7757665743078896,2.5592916148402627,3.765173656241361,1.9894070819334715
FSMI_nm,6070,M14e_multiview_curated20_r3d80,2.619825980056949,2.0430285942417594,2.016569857926439,1.2,0.6032561221305102,0.8325856001388885,1.0,0.6358308499405689,3.3973088659123087,1.38073900798587,True,False,22,1.3036064381870498,False,0.0,0.7446806214564654,0.7694574894134661,1.2525357035999767,0.7124648858099791,-0.6220053559824682,1.0,0.19636532773456108,0.5452834612115909,5.0127146571234285,-0.02646928093907159,1.0,1.7757665743078896,2.5592916148402627,3.765173656241361,1.9894070819334715
FSMI_nm,6070,M14f_multiview_curated40_r3d60,2.619825980056949,2.278437735052215,2.283399460677206,1.2,0.3364265193797431,0.7987920600695926,1.0,0.7129446288984369,3.853854292455975,1.570454831778769,True,False,22,1.3869923159024897,False,0.0,0.7446806214564654,0.7694574894134661,1.2525357035999767,0.7124648858099791,-0.6220053559824682,1.0,0.19636532773456108,0.5452834612115909,5.0127146571234285,-0.02646928093907159,1.0,1.7757665743078896,2.5592916148402627,3.765173656241361,1.9894070819334715
FSMI_nm,6070,M14g_multiview_curated60_r3d40,2.619825980056949,2.5409720290461895,2.585535569981306,1.2,0.03429041007564315,0.9711412267675923,0.99223730720032,0.7888306396437608,4.382240500318851,1.796704930337545,True,False,22,1.51678266566407,False,0.013191847651179115,0.7446806214564654,0.7694574894134661,1.2525357035999767,0.7124648858099791,-0.6220053559824682,1.0,0.19636532773456108,0.5452834612115909,5.0127146571234285,-0.02646928093907159,1.0,1.7757665743078896,2.5592916148402627,3.765173656241361,1.9894070819334715
FSMI_nm,6072,M12a_frozen_alpha1,1.4268805447108657,2.1019609382303317,2.0782844441681325,1.2,0.6514038994572668,2.1118145288851293,0.6401233259909934,0.0,5.096457959634968,3.018173515466835,True,False,22,1.9059688737154943,False,0.7965311722913969,0.7419866245262523,0.8632561731949231,1.897036869486547,1.0214023953742117,-0.026046844742444286,1.0,0.09040212044328404,0.25154449249659183,6.511100679624296,0.7965311722913969,0.45089031534181057,1.990415236413225,2.641689230973894,3.765173656241361,1.774758419828136
FSMI_nm,6072,M14a_regularized_alpha10,1.4268805447108657,2.3382875692273073,2.344727108791933,1.2,0.9178465640810674,1.5444456214521451,0.6117319031558232,0.0,5.456330538048645,3.111603429256712,True,False,22,1.7513540664008636,False,0.7965311722913969,0.7419866245262523,0.8632561731949231,1.897036869486547,1.0214023953742117,-0.026046844742444286,1.0,0.09040212044328404,0.25154449249659183,6.511100679624296,0.7965311722913969,0.45089031534181057,1.990415236413225,2.641689230973894,3.765173656241361,1.774758419828136
FSMI_nm,6072,M14b_rheed_density_weighted,1.4268805447108657,2.4063155793294926,2.438199649888792,1.2,1.0113191051779264,1.7558956073764884,0.5730261074514997,0.0,5.611136719034937,3.172937069146144,True,False,22,1.7730074029521692,False,0.7965311722913969,0.7419866245262523,0.8632561731949231,1.897036869486547,1.0214023953742117,-0.026046844742444286,1.0,0.09040212044328404,0.25154449249659183,6.511100679624296,0.7965311722913969,0.45089031534181057,1.990415236413225,2.641689230973894,3.765173656241361,1.774758419828136
FSMI_nm,6072,M14c_residual_self_paced,1.4268805447108657,2.315715682432499,2.3213745125495593,1.2,0.8944939678386936,1.7847143085724015,0.49089226080334264,0.0,6.369091809457327,4.047717296907767,True,False,22,1.8377332725185085,False,0.7965311722913969,0.7419866245262523,0.8632561731949231,1.897036869486547,1.0214023953742117,-0.026046844742444286,1.0,0.09040212044328404,0.25154449249659183,6.511100679624296,0.7965311722913969,0.45089031534181057,1.990415236413225,2.641689230973894,3.765173656241361,1.774758419828136
FSMI_nm,6072,M14d_r3d_causal_temporal,1.4268805447108657,1.8711482501450283,1.844528210112613,1.2,0.41764766540174736,1.2573609225333624,0.6475360853404093,0.0,3.9253355683284092,2.080807358215796,True,False,22,1.4108897130837175,True,0.7965311722913969,0.7419866245262523,0.8632561731949231,1.897036869486547,1.0214023953742117,-0.026046844742444286,1.0,0.09040212044328404,0.25154449249659183,6.511100679624296,0.7965311722913969,0.45089031534181057,1.990415236413225,2.641689230973894,3.765173656241361,1.774758419828136
FSMI_nm,6072,M14e_multiview_curated20_r3d80,1.4268805447108657,1.9564382381188712,1.9352037738396022,1.2,0.5083232291287365,1.4312790994239737,0.6401233259909934,0.0,4.440128958062905,2.504925184223303,True,False,22,1.416402329158158,False,0.7965311722913969,0.7419866245262523,0.8632561731949231,1.897036869486547,1.0214023953742117,-0.026046844742444286,1.0,0.09040212044328404,0.25154449249659183,6.511100679624296,0.7965311722913969,0.45089031534181057,1.990415236413225,2.641689230973894,3.765173656241361,1.774758419828136
FSMI_nm,6072,M14f_multiview_curated40_r3d60,1.4268805447108657,2.045615882801911,2.0303368773386206,1.2,0.6034563326277549,1.2006737913635113,0.6401233259909934,0.0,4.685341410515592,2.6550045331769723,True,False,22,1.4483955226439542,False,0.7965311722913969,0.7419866245262523,0.8632561731949231,1.897036869486547,1.0214023953742117,-0.026046844742444286,1.0,0.09040212044328404,0.25154449249659183,6.511100679624296,0.7965311722913969,0.45089031534181057,1.990415236413225,2.641689230973894,3.765173656241361,1.774758419828136
FSMI_nm,6072,M14g_multiview_curated60_r3d40,1.4268805447108657,2.1388583899254137,2.1301466497774677,1.2,0.703266105066602,1.5391998562808595,0.6401233259909934,0.0,4.936389822157313,2.8062431723798453,True,False,22,1.5754034270526533,False,0.7965311722913969,0.7419866245262523,0.8632561731949231,1.897036869486547,1.0214023953742117,-0.026046844742444286,1.0,0.09040212044328404,0.25154449249659183,6.511100679624296,0.7965311722913969,0.45089031534181057,1.990415236413225,2.641689230973894,3.765173656241361,1.774758419828136
FSMI_nm,6078,M12a_frozen_alpha1,1.7124178830987482,3.2262561197099675,3.3243242245688016,1.2,1.6119063414700534,1.5191069767658092,0.7589684184590249,0.4162713805732885,6.232377068564315,2.908052843995513,True,False,22,1.7368734204106584,False,0.3846354444460178,0.5459538328175542,0.6381213015366785,1.3753714097061744,0.697374479613019,-1.3127709164284695,1.0,0.06067665373253129,0.18033451118542865,4.586670225403833,-0.34793006835609075,1.0,1.990415236413225,2.641689230973894,3.765173656241361,1.774758419828136
FSMI_nm,6078,M14a_regularized_alpha10,1.7124178830987482,2.9248249437150347,2.9886957596340302,1.2,1.276277876535282,1.2250593299613972,0.8488785330891101,0.5879468941373793,5.389444625130681,2.400748865496651,True,False,22,1.686670797579466,False,0.19552324687308115,0.5459538328175542,0.6381213015366785,1.3753714097061744,0.697374479613019,-1.3127709164284695,1.0,0.06067665373253129,0.18033451118542865,4.586670225403833,-0.34793006835609075,1.0,1.990415236413225,2.641689230973894,3.765173656241361,1.774758419828136
FSMI_nm,6078,M14b_rheed_density_weighted,1.7124178830987482,2.8027541735477146,2.8659781798451394,1.2,1.1535602967463912,1.287369384809433,0.8992750002078218,0.7430259992307855,4.988930360459493,2.122952180614354,True,False,22,1.723830874791451,False,0.12637717131831658,0.5459538328175542,0.6381213015366785,1.3753714097061744,0.697374479613019,-1.3127709164284695,1.0,0.06067665373253129,0.18033451118542865,4.586670225403833,-0.34793006835609075,1.0,1.990415236413225,2.641689230973894,3.765173656241361,1.774758419828136
FSMI_nm,6078,M14c_residual_self_paced,1.7124178830987482,2.8058693214849475,2.839650151232446,1.2,1.1272322681336977,1.1939982068216857,0.8804739889624315,0.013855889255471876,5.6654444132094195,2.825794261976974,True,False,22,1.7814034362267477,False,0.11154246011562624,0.5459538328175542,0.6381213015366785,1.3753714097061744,0.697374479613019,-1.3127709164284695,1.0,0.06067665373253129,0.18033451118542865,4.586670225403833,-0.34793006835609075,1.0,1.990415236413225,2.641689230973894,3.765173656241361,1.774758419828136
FSMI_nm,6078,M14d_r3d_causal_temporal,1.7124178830987482,2.4422020685151486,2.4753152006606762,1.2,0.762897317561928,0.8201228640170295,1.0,1.2547223295061776,3.695908071815175,1.2205928711544987,True,False,22,1.3246511294616297,True,0.0,0.5459538328175542,0.6381213015366785,1.3753714097061744,0.697374479613019,-1.3127709164284695,1.0,0.06067665373253129,0.18033451118542865,4.586670225403833,-0.34793006835609075,1.0,1.990415236413225,2.641689230973894,3.765173656241361,1.774758419828136
FSMI_nm,6078,M14e_multiview_curated20_r3d80,1.7124178830987482,2.531892436240368,2.5704002129355765,1.2,0.8579823298368283,0.7797478111510777,1.0,1.140089036990323,4.0007113888808306,1.4303111759452536,True,False,22,1.3289893172621623,False,0.0,0.5459538328175542,0.6381213015366785,1.3753714097061744,0.697374479613019,-1.3127709164284695,1.0,0.06067665373253129,0.18033451118542865,4.586670225403833,-0.34793006835609075,1.0,1.990415236413225,2.641689230973894,3.765173656241361,1.774758419828136
FSMI_nm,6078,M14f_multiview_curated40_r3d60,1.7124178830987482,2.62487670096387,2.669137753808412,1.2,0.9567198707096636,0.8410661676106107,0.9871237936033274,1.0163345719363148,4.321940935680509,1.652803181872097,True,False,22,1.4082077596988225,False,0.015466061480736999,0.5459538328175542,0.6381213015366785,1.3753714097061744,0.697374479613019,-1.3127709164284695,1.0,0.06067665373253129,0.18033451118542865,4.586670225403833,-0.34793006835609075,1.0,1.990415236413225,2.641689230973894,3.765173656241361,1.774758419828136
FSMI_nm,6078,M14g_multiview_curated60_r3d40,1.7124178830987482,2.721275831722917,2.771668128936609,1.2,1.0592502458378608,1.037079731835863,0.9404756208849735,1.214295454756768,4.32904080311645,1.557372674179841,True,False,22,1.5033414932597782,False,0.0732375158841628,0.5459538328175542,0.6381213015366785,1.3753714097061744,0.697374479613019,-1.3127709164284695,1.0,0.06067665373253129,0.18033451118542865,4.586670225403833,-0.34793006835609075,1.0,1.990415236413225,2.641689230973894,3.765173656241361,1.774758419828136
FSMI_nm,6080,M12a_frozen_alpha1,3.8146875917994394,1.5936265772406326,1.4861146237753666,1.2,2.3285729680240728,1.9385025888029697,0.3470802662313631,0.0,6.3276964417615975,4.84158181798623,True,False,22,1.605075098864563,False,1.5562490468212695,1.0066565113286743,1.1454652248415849,3.1942881226616673,1.1851211636191115,1.3516281296946493,0.2588185272909456,0.06999236198434296,0.18889918817437146,8.126628753221661,1.5562490468212695,0.2109257618855042,1.7757665743078896,2.5374283639233175,3.5062119166881787,1.730445342380289
FSMI_nm,6080,M14a_regularized_alpha10,3.8146875917994394,1.7769421982021378,1.6790148013755681,1.2,2.1356727904238713,2.397146155926385,0.2837951437485522,0.0,6.083120331814216,4.404105530438648,True,False,22,1.694763105077878,False,1.5562490468212695,1.0066565113286743,1.1454652248415849,3.1942881226616673,1.1851211636191115,1.3516281296946493,0.2588185272909456,0.06999236198434296,0.18889918817437146,8.126628753221661,1.5562490468212695,0.2109257618855042,1.7757665743078896,2.5374283639233175,3.5062119166881787,1.730445342380289
FSMI_nm,6080,M14b_rheed_density_weighted,3.8146875917994394,1.763631140256041,1.6818582983985613,1.2,2.132829293400878,2.4902650453899167,0.2837951437485522,0.0,6.172934388660163,4.491076090261602,True,False,22,1.6784659280928897,False,1.5562490468212695,1.0066565113286743,1.1454652248415849,3.1942881226616673,1.1851211636191115,1.3516281296946493,0.2588185272909456,0.06999236198434296,0.18889918817437146,8.126628753221661,1.5562490468212695,0.2109257618855042,1.7757665743078896,2.5374283639233175,3.5062119166881787,1.730445342380289
FSMI_nm,6080,M14c_residual_self_paced,3.8146875917994394,1.6810702138178206,1.5877239403378165,1.2,2.226963651461623,2.3697077056843474,0.22468836701089476,0.0,7.946180325809674,6.358456385471858,True,False,22,1.6900728231955646,False,1.5562490468212695,1.0066565113286743,1.1454652248415849,3.1942881226616673,1.1851211636191115,1.3516281296946493,0.2588185272909456,0.06999236198434296,0.18889918817437146,8.126628753221661,1.5562490468212695,0.2109257618855042,1.7757665743078896,2.5374283639233175,3.5062119166881787,1.730445342380289
FSMI_nm,6080,M14d_r3d_causal_temporal,3.8146875917994394,2.130323869839285,2.075660342086264,1.2,1.7390272497131756,1.698715289542592,0.3659971172357837,0.0,5.15339059142769,3.077730249341426,True,False,22,1.3415421715596232,False,1.5562490468212695,1.0066565113286743,1.1454652248415849,3.1942881226616673,1.1851211636191115,1.3516281296946493,0.2588185272909456,0.06999236198434296,0.18889918817437146,8.126628753221661,1.5562490468212695,0.2109257618855042,1.7757665743078896,2.5374283639233175,3.5062119166881787,1.730445342380289
FSMI_nm,6080,M14e_multiview_curated20_r3d80,3.8146875917994394,2.0544291427973946,1.989463313976612,1.2,1.8252242778228274,1.564105465628221,0.33969181029967005,0.0,5.308122226601018,3.318658912624406,True,False,22,1.3053582083652238,True,1.5562490468212695,1.0066565113286743,1.1454652248415849,3.1942881226616673,1.1851211636191115,1.3516281296946493,0.2588185272909456,0.06999236198434296,0.18889918817437146,8.126628753221661,1.5562490468212695,0.2109257618855042,1.7757665743078896,2.5374283639233175,3.5062119166881787,1.730445342380289
FSMI_nm,6080,M14f_multiview_curated40_r3d60,3.8146875917994394,1.9812382344913844,1.9068458347480022,1.2,1.9078417570514372,1.8092589855421437,0.2936433152704661,0.0,5.47782138572111,3.570975550973108,True,False,22,1.3564358879162848,False,1.5562490468212695,1.0066565113286743,1.1454652248415849,3.1942881226616673,1.1851211636191115,1.3516281296946493,0.2588185272909456,0.06999236198434296,0.18889918817437146,8.126628753221661,1.5562490468212695,0.2109257618855042,1.7757665743078896,2.5374283639233175,3.5062119166881787,1.730445342380289
FSMI_nm,6080,M14g_multiview_curated60_r3d40,3.8146875917994394,1.9106548189175712,1.8276592546096828,1.2,1.9870283371897566,2.055805376492175,0.2837951437485522,0.0,5.663090431742348,3.8354311771326652,True,False,22,1.4441312908389805,False,1.5562490468212695,1.0066565113286743,1.1454652248415849,3.1942881226616673,1.1851211636191115,1.3516281296946493,0.2588185272909456,0.06999236198434296,0.18889918817437146,8.126628753221661,1.5562490468212695,0.2109257618855042,1.7757665743078896,2.5374283639233175,3.5062119166881787,1.730445342380289
FSMI_nm,6081,M12a_frozen_alpha1,2.064223001846959,3.9076119091439723,4.229762389176236,1.2,2.165539387329277,1.7364854782348078,0.5594008474151182,0.1432267619423424,8.31629801641013,4.086535627233894,True,False,22,1.7809529385645952,False,0.7982645546123824,0.6960410720425847,0.7717868705023179,2.507923384318589,0.9179258485219248,-0.42484625715595603,1.0,0.061855646553316795,0.16975433339520185,4.156463911085187,-0.5345734880638678,1.0,1.7757665743078896,2.641689230973894,3.765173656241361,1.9894070819334715
FSMI_nm,6081,M14a_regularized_alpha10,2.064223001846959,3.7321713719305754,4.009634332553934,1.2,1.9454113307069747,1.6328183252552133,0.5562689705619998,0.11623342182806029,7.903035243279808,3.8934009107258736,True,False,22,1.6380771629968784,False,0.6876144726752238,0.6960410720425847,0.7717868705023179,2.507923384318589,0.9179258485219248,-0.42484625715595603,1.0,0.061855646553316795,0.16975433339520185,4.156463911085187,-0.5345734880638678,1.0,1.7757665743078896,2.641689230973894,3.765173656241361,1.9894070819334715
FSMI_nm,6081,M14b_rheed_density_weighted,2.064223001846959,3.691568838938641,3.9808930027297826,1.2,1.9166700008828235,1.8237632972976108,0.5066879238239661,0.45325150540965753,7.508534500049908,3.527641497320125,True,False,22,1.6506123965501027,False,0.6731672888458499,0.6960410720425847,0.7717868705023179,2.507923384318589,0.9179258485219248,-0.42484625715595603,1.0,0.061855646553316795,0.16975433339520185,4.156463911085187,-0.5345734880638678,1.0,1.7757665743078896,2.641689230973894,3.765173656241361,1.9894070819334715
FSMI_nm,6081,M14c_residual_self_paced,2.064223001846959,3.2005411320500285,3.3782291219404246,1.2,1.3140061200934654,1.5648547208241148,0.6116909704148152,0.0,7.128216779075065,3.7499876571346404,True,False,22,1.7709810150893501,False,0.3702308580558081,0.6960410720425847,0.7717868705023179,2.507923384318589,0.9179258485219248,-0.42484625715595603,1.0,0.061855646553316795,0.16975433339520185,4.156463911085187,-0.5345734880638678,1.0,1.7757665743078896,2.641689230973894,3.765173656241361,1.9894070819334715
FSMI_nm,6081,M14d_r3d_causal_temporal,2.064223001846959,3.149475301879479,3.3110026521726423,1.2,1.2467796503256832,1.0920223936545006,0.7812783477118467,1.778590021024725,4.84341528332056,1.5324126311479174,True,False,22,1.319432782775525,False,0.3364386440950304,0.6960410720425847,0.7717868705023179,2.507923384318589,0.9179258485219248,-0.42484625715595603,1.0,0.061855646553316795,0.16975433339520185,4.156463911085187,-0.5345734880638678,1.0,1.7757665743078896,2.641689230973894,3.765173656241361,1.9894070819334715
FSMI_nm,6081,M14e_multiview_curated20_r3d80,2.064223001846959,3.2582385745803597,3.440238695899653,1.2,1.3760156940526937,1.0522954171754293,0.7295137431640523,1.5278530155040762,5.35262437629523,1.9123856803955768,True,False,22,1.2950669231115357,True,0.40140073501179147,0.6960410720425847,0.7717868705023179,2.507923384318589,0.9179258485219248,-0.42484625715595603,1.0,0.061855646553316795,0.16975433339520185,4.156463911085187,-0.5345734880638678,1.0,1.7757665743078896,2.641689230973894,3.765173656241361,1.9894070819334715
FSMI_nm,6081,M14f_multiview_curated40_r3d60,2.064223001846959,3.370757853712389,3.5745191194574226,1.2,1.5102961176104635,1.1765922789210546,0.6918338611790539,1.2321783183919393,5.916859920522906,2.3423408010654834,True,False,22,1.3657729869761734,False,0.46889844564991023,0.6960410720425847,0.7717868705023179,2.507923384318589,0.9179258485219248,-0.42484625715595603,1.0,0.061855646553316795,0.16975433339520185,4.156463911085187,-0.5345734880638678,1.0,1.7757665743078896,2.641689230973894,3.765173656241361,1.9894070819334715
FSMI_nm,6081,M14g_multiview_curated60_r3d40,2.064223001846959,3.487162848358061,3.7140408165850607,1.2,1.6498178147381015,1.201504146882128,0.6547434644157093,0.8871591813670752,6.540922451803047,2.8268816352179855,True,False,22,1.4201082405018939,False,0.5390307470751365,0.6960410720425847,0.7717868705023179,2.507923384318589,0.9179258485219248,-0.42484625715595603,1.0,0.061855646553316795,0.16975433339520185,4.156463911085187,-0.5345734880638678,1.0,1.7757665743078896,2.641689230973894,3.765173656241361,1.9894070819334715
FSMI_nm,6082,M12a_frozen_alpha1,1.569797187543049,2.6059726707309037,2.645619823420004,1.2,1.0758226358769551,3.807120336307875,0.2331881450676303,0.0,7.659526349998191,5.013906526578187,True,False,22,1.9378633135312344,False,1.4528543077676905,1.1029890323381706,1.1138993127945545,2.730629269396075,1.2509028590929467,1.0635519934160438,0.3452273845445181,0.04473278517426977,0.13288539442859415,7.678178809992343,1.4506395880615062,0.2344203077058943,1.990415236413225,2.641689230973894,3.765173656241361,1.774758419828136
FSMI_nm,6082,M14a_regularized_alpha10,1.569797187543049,2.3708054151687583,2.3779910875123083,1.2,0.8081938999692593,3.2655294943036997,0.1647741113161369,0.0,6.9265736928827275,4.548582605370419,True,False,22,1.7890558590476071,False,1.4506395880615062,1.1029890323381706,1.1138993127945545,2.730629269396075,1.2509028590929467,1.0635519934160438,0.3452273845445181,0.04473278517426977,0.13288539442859415,7.678178809992343,1.4506395880615062,0.2344203077058943,1.990415236413225,2.641689230973894,3.765173656241361,1.774758419828136
FSMI_nm,6082,M14b_rheed_density_weighted,1.569797187543049,2.2687961154973526,2.2770908760092308,1.2,0.7072936884661818,3.499189545036358,0.15607163458027315,0.0,6.749171594930205,4.472080718920974,True,False,22,1.7677099907100757,False,1.4506395880615062,1.1029890323381706,1.1138993127945545,2.730629269396075,1.2509028590929467,1.0635519934160438,0.3452273845445181,0.04473278517426977,0.13288539442859415,7.678178809992343,1.4506395880615062,0.2344203077058943,1.990415236413225,2.641689230973894,3.765173656241361,1.774758419828136
FSMI_nm,6082,M14c_residual_self_paced,1.569797187543049,2.230103457149277,2.2071525038287048,1.2,0.6373553162856558,3.4176545244745413,0.15468118264248307,0.0,8.529647430008222,6.322494926179518,True,False,22,1.9038293676555655,False,1.4506395880615062,1.1029890323381706,1.1138993127945545,2.730629269396075,1.2509028590929467,1.0635519934160438,0.3452273845445181,0.04473278517426977,0.13288539442859415,7.678178809992343,1.4506395880615062,0.2344203077058943,1.990415236413225,2.641689230973894,3.765173656241361,1.774758419828136
FSMI_nm,6082,M14d_r3d_causal_temporal,1.569797187543049,2.591235372111664,2.5917051889270106,1.2,1.0219080013839617,1.3297847210569187,0.42182617139063683,0.0,5.431570201854331,2.83986501292732,True,False,22,1.2407354883871982,True,1.4506395880615062,1.1029890323381706,1.1138993127945545,2.730629269396075,1.2509028590929467,1.0635519934160438,0.3452273845445181,0.04473278517426977,0.13288539442859415,7.678178809992343,1.4506395880615062,0.2344203077058943,1.990415236413225,2.641689230973894,3.765173656241361,1.774758419828136
FSMI_nm,6082,M14e_multiview_curated20_r3d80,1.569797187543049,2.5455678241271467,2.5474784750004833,1.2,0.9776812874574343,1.4811947063154889,0.3274599719258672,0.0,5.76547367097341,3.2179951959729265,True,False,22,1.2472687893925345,False,1.4506395880615062,1.1029890323381706,1.1138993127945545,2.730629269396075,1.2509028590929467,1.0635519934160438,0.3452273845445181,0.04473278517426977,0.13288539442859415,7.678178809992343,1.4506395880615062,0.2344203077058943,1.990415236413225,2.641689230973894,3.765173656241361,1.774758419828136
FSMI_nm,6082,M14f_multiview_curated40_r3d60,1.569797187543049,2.5007051142369847,2.504006477402454,1.2,0.934209289859405,2.0559910492992013,0.2228794031769577,0.0,6.36796678044616,3.8639603030437066,True,False,22,1.3764604082914262,False,1.4506395880615062,1.1029890323381706,1.1138993127945545,2.730629269396075,1.2509028590929467,1.0635519934160438,0.3452273845445181,0.04473278517426977,0.13288539442859415,7.678178809992343,1.4506395880615062,0.2344203077058943,1.990415236413225,2.641689230973894,3.765173656241361,1.774758419828136
FSMI_nm,6082,M14g_multiview_curated60_r3d40,1.569797187543049,2.4566330580939417,2.46127631711285,1.2,0.891479129569801,2.7564049122009266,0.16651264833127655,0.0,7.049464707574135,4.588188390461284,True,False,22,1.514613450111094,False,1.4506395880615062,1.1029890323381706,1.1138993127945545,2.730629269396075,1.2509028590929467,1.0635519934160438,0.3452273845445181,0.04473278517426977,0.13288539442859415,7.678178809992343,1.4506395880615062,0.2344203077058943,1.990415236413225,2.641689230973894,3.765173656241361,1.774758419828136
FSMI_nm,6084,M12a_frozen_alpha1,1.6004098868850862,2.1199807935805803,2.0821540407928483,1.2,0.48174415390776204,1.4523198796471275,1.0,0.0,4.193655526771249,2.111501485978401,True,False,22,1.8832808167127202,False,0.0,0.527129790446032,0.5871084976900397,0.7810107197549772,0.6756928099391779,-1.593040191156956,1.0,0.03059733556314866,0.08187869356330268,4.5988378369776415,-0.28325490591633756,1.0,1.990415236413225,2.641689230973894,3.765173656241361,1.774758419828136
FSMI_nm,6084,M14a_regularized_alpha10,1.6004098868850862,2.3762831261851085,2.390043329075405,1.2,0.7896334421903188,1.0702780337950752,1.0,0.46136843729863797,4.318718220852173,1.928674891776767,True,False,22,1.7620094030756437,False,0.0,0.527129790446032,0.5871084976900397,0.7810107197549772,0.6756928099391779,-1.593040191156956,1.0,0.03059733556314866,0.08187869356330268,4.5988378369776415,-0.28325490591633756,1.0,1.990415236413225,2.641689230973894,3.765173656241361,1.774758419828136
FSMI_nm,6084,M14b_rheed_density_weighted,1.6004098868850862,2.3723170632655295,2.4097186757169147,1.2,0.8093087888318284,1.2024428708155592,1.0,0.39014463100585317,4.429292720427976,2.0195740447110615,True,False,22,1.7974877535697105,False,0.0,0.527129790446032,0.5871084976900397,0.7810107197549772,0.6756928099391779,-1.593040191156956,1.0,0.03059733556314866,0.08187869356330268,4.5988378369776415,-0.28325490591633756,1.0,1.990415236413225,2.641689230973894,3.765173656241361,1.774758419828136
FSMI_nm,6084,M14c_residual_self_paced,1.6004098868850862,2.436123085150601,2.4658914724695866,1.2,0.8654815855845004,1.1166598986984428,1.0,0.0,5.08876331725102,2.622871844781434,True,False,22,1.841878349927983,False,0.0,0.527129790446032,0.5871084976900397,0.7810107197549772,0.6756928099391779,-1.593040191156956,1.0,0.03059733556314866,0.08187869356330268,4.5988378369776415,-0.28325490591633756,1.0,1.990415236413225,2.641689230973894,3.765173656241361,1.774758419828136
FSMI_nm,6084,M14d_r3d_causal_temporal,1.6004098868850862,2.574732988450379,2.6038595545328396,1.2,1.0034496676477533,0.8075080973201768,1.0,1.5617245745964152,3.645994534469264,1.0421349799364243,True,False,22,1.298419841824091,True,0.0,0.527129790446032,0.5871084976900397,0.7810107197549772,0.6756928099391779,-1.593040191156956,1.0,0.03059733556314866,0.08187869356330268,4.5988378369776415,-0.28325490591633756,1.0,1.990415236413225,2.641689230973894,3.765173656241361,1.774758419828136
FSMI_nm,6084,M14e_multiview_curated20_r3d80,1.6004098868850862,2.533759527458641,2.5596182588211804,1.2,0.9592083719360942,0.7662758854970276,1.0,1.2878982487487372,3.8313382688936235,1.2717200100724433,True,False,22,1.319466316215058,False,0.0,0.527129790446032,0.5871084976900397,0.7810107197549772,0.6756928099391779,-1.593040191156956,1.0,0.03059733556314866,0.08187869356330268,4.5988378369776415,-0.28325490591633756,1.0,1.990415236413225,2.641689230973894,3.765173656241361,1.774758419828136
FSMI_nm,6084,M14f_multiview_curated40_r3d60,1.6004098868850862,2.493438104761037,2.516128651979544,1.2,0.9157187650944576,0.8495275451861526,1.0,0.9886689881049651,4.043588315854123,1.5274596638745788,True,False,22,1.4231175517420827,False,0.0,0.527129790446032,0.5871084976900397,0.7810107197549772,0.6756928099391779,-1.593040191156956,1.0,0.03059733556314866,0.08187869356330268,4.5988378369776415,-0.28325490591633756,1.0,1.990415236413225,2.641689230973894,3.765173656241361,1.774758419828136
FSMI_nm,6084,M14g_multiview_curated60_r3d40,1.6004098868850862,2.453758344032827,2.4733779623169534,1.2,0.8729680754318672,1.058653160470156,1.0,0.6597919301796473,4.2869639944542595,1.813586032137306,True,False,22,1.556839732935618,False,0.0,0.527129790446032,0.5871084976900397,0.7810107197549772,0.6756928099391779,-1.593040191156956,1.0,0.03059733556314866,0.08187869356330268,4.5988378369776415,-0.28325490591633756,1.0,1.990415236413225,2.641689230973894,3.765173656241361,1.774758419828136
FSMI_nm,6085,M12a_frozen_alpha1,2.455030747789686,3.2197753781762892,3.345615436557017,1.2,0.8905846887673312,1.828160348649633,0.8470452408644515,1.2184189078557552,5.472811965258279,2.127196528701262,True,False,22,1.919281125771357,False,0.3538371869567233,0.7532493350380025,0.8016115842725707,1.8666666666667258,0.8928352059811459,-0.5307926332203955,1.0,0.10735429325346904,0.30859107946937714,3.0770133207448396,-1.5953080735848788,1.0,1.7757665743078896,2.641689230973894,3.765173656241361,1.9894070819334715
FSMI_nm,6085,M14a_regularized_alpha10,2.455030747789686,2.6621438179934,2.7115094307670597,1.2,0.25647868297737375,1.1148090637595083,0.9741197740407416,1.0010406071589617,4.421978254375158,1.710468823608098,True,False,22,1.7552673194308157,False,0.03509598433987099,0.7532493350380025,0.8016115842725707,1.8666666666667258,0.8928352059811459,-0.5307926332203955,1.0,0.10735429325346904,0.30859107946937714,3.0770133207448396,-1.5953080735848788,1.0,1.7757665743078896,2.641689230973894,3.765173656241361,1.9894070819334715
FSMI_nm,6085,M14b_rheed_density_weighted,2.455030747789686,2.4984282446263033,2.530121764247318,1.2,0.07509101645763216,1.1939903195034303,1.0,0.6832673628976571,4.376976165596979,1.846854401349661,True,False,22,1.7998797390637837,False,0.0,0.7532493350380025,0.8016115842725707,1.8666666666667258,0.8928352059811459,-0.5307926332203955,1.0,0.10735429325346904,0.30859107946937714,3.0770133207448396,-1.5953080735848788,1.0,1.7757665743078896,2.641689230973894,3.765173656241361,1.9894070819334715
FSMI_nm,6085,M14c_residual_self_paced,2.455030747789686,2.516211024190455,2.536297766426879,1.2,0.0812670186371931,1.0395627619938903,1.0,0.19742328920585983,4.875172243647898,2.3388744772210193,True,False,22,1.8420542770052355,False,0.0,0.7532493350380025,0.8016115842725707,1.8666666666667258,0.8928352059811459,-0.5307926332203955,1.0,0.10735429325346904,0.30859107946937714,3.0770133207448396,-1.5953080735848788,1.0,1.7757665743078896,2.641689230973894,3.765173656241361,1.9894070819334715
FSMI_nm,6085,M14d_r3d_causal_temporal,2.455030747789686,3.4016238191495654,3.625079702036381,1.2,1.170048954246695,0.9229641597748857,0.8046294951641316,2.0295649166615135,5.220594487411248,1.5955147853748677,True,False,22,1.2558759514569404,True,0.49431334591749115,0.7532493350380025,0.8016115842725707,1.8666666666667258,0.8928352059811459,-0.5307926332203955,1.0,0.10735429325346904,0.30859107946937714,3.0770133207448396,-1.5953080735848788,1.0,1.7757665743078896,2.641689230973894,3.765173656241361,1.9894070819334715
FSMI_nm,6085,M14e_multiview_curated20_r3d80,2.455030747789686,3.238883521029414,3.4205525862103534,1.2,0.9655218384206674,0.8719409751731336,0.8315040248042741,1.869353166665941,4.971752005754766,1.5511994195444123,True,False,22,1.2674721050403601,False,0.39150526923805606,0.7532493350380025,0.8016115842725707,1.8666666666667258,0.8928352059811459,-0.5307926332203955,1.0,0.10735429325346904,0.30859107946937714,3.0770133207448396,-1.5953080735848788,1.0,1.7757665743078896,2.641689230973894,3.765173656241361,1.9894070819334715
FSMI_nm,6085,M14f_multiview_curated40_r3d60,2.455030747789686,3.083929035227232,3.2275648969753106,1.2,0.7725341491856246,0.9746022861959718,0.8567983987038371,1.5003380376442252,4.9547917563063955,1.7272268593310853,True,False,22,1.3850818328733623,False,0.29449762762079523,0.7532493350380025,0.8016115842725707,1.8666666666667258,0.8928352059811459,-0.5307926332203955,1.0,0.10735429325346904,0.30859107946937714,3.0770133207448396,-1.5953080735848788,1.0,1.7757665743078896,2.641689230973894,3.765173656241361,1.9894070819334715
FSMI_nm,6085,M14g_multiview_curated60_r3d40,2.455030747789686,2.936387873341863,3.0454655795040644,1.2,0.5904348317143784,1.0783235227995582,0.8876767594247487,1.170064917314569,4.92086624169356,1.8754006621894954,True,False,22,1.5078737392971522,False,0.20296316032902964,0.7532493350380025,0.8016115842725707,1.8666666666667258,0.8928352059811459,-0.5307926332203955,1.0,0.10735429325346904,0.30859107946937714,3.0770133207448396,-1.5953080735848788,1.0,1.7757665743078896,2.641689230973894,3.765173656241361,1.9894070819334715
FSMI_nm,6090,M12a_frozen_alpha1,3.1749521180513365,2.3687024286727048,2.3776041416901403,1.2,0.7973479763611961,1.4783160918840694,1.0,0.4349776751759107,4.32023060820437,1.9426264665142297,True,False,22,2.0550646557402996,False,0.0,1.3233286382052762,1.418965340489842,3.7000000000024844,1.919360850350475,2.075090360049439,0.12554508272076637,0.06760253681667147,0.20381621965982322,4.269820008817905,-0.46477144056093694,1.0,1.7757665743078896,2.5374283639233175,3.765173656241361,1.9894070819334715
FSMI_nm,6090,M14a_regularized_alpha10,3.1749521180513365,2.7917182466336428,2.87216505346686,1.2,0.30278706458447635,1.2292562086832088,0.8725401639882984,0.6863995106461815,5.057930596287539,2.1857655428206786,True,False,22,1.7947070440997006,False,0.16825952444997713,1.3233286382052762,1.418965340489842,3.7000000000024844,1.919360850350475,2.075090360049439,0.12554508272076637,0.06760253681667147,0.20381621965982322,4.269820008817905,-0.46477144056093694,1.0,1.7757665743078896,2.5374283639233175,3.765173656241361,1.9894070819334715
FSMI_nm,6090,M14b_rheed_density_weighted,3.1749521180513365,2.5574373584256045,2.616401538131457,1.2,0.5585505799198796,1.2281261555854603,0.9681303863004336,0.7155291465943887,4.517273929668525,1.9008723915370682,True,False,22,1.7695069371551437,False,0.039696839789766264,1.3233286382052762,1.418965340489842,3.7000000000024844,1.919360850350475,2.075090360049439,0.12554508272076637,0.06760253681667147,0.20381621965982322,4.269820008817905,-0.46477144056093694,1.0,1.7757665743078896,2.5374283639233175,3.765173656241361,1.9894070819334715
FSMI_nm,6090,M14c_residual_self_paced,3.1749521180513365,3.1436128814086817,3.3234445744397774,1.2,0.14849245638844089,1.3971970671501848,0.6849541408253982,0.0,6.812529659166364,3.4890850847265864,True,False,22,1.816493514004259,False,0.3951007401424066,1.3233286382052762,1.418965340489842,3.7000000000024844,1.919360850350475,2.075090360049439,0.12554508272076637,0.06760253681667147,0.20381621965982322,4.269820008817905,-0.46477144056093694,1.0,1.7757665743078896,2.5374283639233175,3.765173656241361,1.9894070819334715
FSMI_nm,6090,M14d_r3d_causal_temporal,3.1749521180513365,3.13560439481881,3.3098573733261394,1.2,0.1349052552748029,1.052315526446151,0.7591494362428358,1.8331749523830658,4.786539794269213,1.4766824209430736,True,False,22,1.3357131882873474,True,0.3882709659664582,1.3233286382052762,1.418965340489842,3.7000000000024844,1.919360850350475,2.075090360049439,0.12554508272076637,0.06760253681667147,0.20381621965982322,4.269820008817905,-0.46477144056093694,1.0,1.7757665743078896,2.5374283639233175,3.765173656241361,1.9894070819334715
FSMI_nm,6090,M14e_multiview_curated20_r3d80,3.1749521180513365,3.0635948345842183,3.2172832844061814,1.2,0.04233116635484491,1.0943759935775657,0.7709839349106034,1.2596643474270328,5.17490222138533,1.9576189369791486,True,False,22,1.3798483125905634,False,0.34173745869152344,1.3233286382052762,1.418965340489842,3.7000000000024844,1.919360850350475,2.075090360049439,0.12554508272076637,0.06760253681667147,0.20381621965982322,4.269820008817905,-0.46477144056093694,1.0,1.7757665743078896,2.5374283639233175,3.765173656241361,1.9894070819334715
FSMI_nm,6090,M14f_multiview_curated40_r3d60,3.1749521180513365,2.993238983208355,3.127298419423309,1.2,0.047653698628027374,1.063414150604633,0.7864164685473012,0.760292627649469,5.494304211197149,2.36700579177384,True,False,22,1.4628343509646093,False,0.2965054567548371,1.3233286382052762,1.418965340489842,3.7000000000024844,1.919360850350475,2.075090360049439,0.12554508272076637,0.06760253681667147,0.20381621965982322,4.269820008817905,-0.46477144056093694,1.0,1.7757665743078896,2.5374283639233175,3.765173656241361,1.9894070819334715
FSMI_nm,6090,M14g_multiview_curated60_r3d40,3.1749521180513365,2.924498863053521,3.0398303598349874,1.2,0.13512175821634909,1.192188153670385,0.8149399503832401,0.401374464020515,5.67828625564946,2.6384558958144724,True,False,22,1.5729483165623215,False,0.2525385580830414,1.3233286382052762,1.418965340489842,3.7000000000024844,1.919360850350475,2.075090360049439,0.12554508272076637,0.06760253681667147,0.20381621965982322,4.269820008817905,-0.46477144056093694,1.0,1.7757665743078896,2.5374283639233175,3.765173656241361,1.9894070819334715
FSMI_nm,6094,M12a_frozen_alpha1,3.616631849567126,1.9672016484730857,1.9522380321934918,1.2,1.6643938173736341,1.6900928457857431,0.5843271833437462,0.0,4.811683019571836,2.8594449873783443,True,False,22,1.7033872807306774,False,0.8472897193946242,0.9570218322533564,1.089588445132035,2.650000000001643,1.2692326698401069,0.9382289179133595,0.39132028232947913,0.12111261509540276,0.34225023794257114,6.836321231576753,0.8472897193946242,0.4285749175824503,1.7757665743078896,2.5374283639233175,3.654753723362414,1.8789871490545242
FSMI_nm,6094,M14a_regularized_alpha10,3.616631849567126,2.2829917958398025,2.2973728477076127,1.2,1.3192590018595132,1.5254510881492285,0.5714442538701497,0.0,5.370390405272191,3.073017557564578,True,False,22,1.7042927532363499,False,0.8472897193946242,0.9570218322533564,1.089588445132035,2.650000000001643,1.2692326698401069,0.9382289179133595,0.39132028232947913,0.12111261509540276,0.34225023794257114,6.836321231576753,0.8472897193946242,0.4285749175824503,1.7757665743078896,2.5374283639233175,3.654753723362414,1.8789871490545242
FSMI_nm,6094,M14b_rheed_density_weighted,3.616631849567126,2.3809156232486983,2.4161478442139264,1.2,1.2004840053531995,1.7987644551058113,0.5271893405407457,0.0,5.851690652453426,3.4355428082395,True,False,22,1.7207383098066205,False,0.8472897193946242,0.9570218322533564,1.089588445132035,2.650000000001643,1.2692326698401069,0.9382289179133595,0.39132028232947913,0.12111261509540276,0.34225023794257114,6.836321231576753,0.8472897193946242,0.4285749175824503,1.7757665743078896,2.5374283639233175,3.654753723362414,1.8789871490545242
FSMI_nm,6094,M14c_residual_self_paced,3.616631849567126,2.4724532943035338,2.513495644383724,1.2,1.103136205183402,1.934664103719975,0.4105292457223652,0.0,7.118216467805996,4.604720823422272,True,False,22,1.7385547004172586,False,0.8472897193946242,0.9570218322533564,1.089588445132035,2.650000000001643,1.2692326698401069,0.9382289179133595,0.39132028232947913,0.12111261509540276,0.34225023794257114,6.836321231576753,0.8472897193946242,0.4285749175824503,1.7757665743078896,2.5374283639233175,3.654753723362414,1.8789871490545242
FSMI_nm,6094,M14d_r3d_causal_temporal,3.616631849567126,3.214709551395202,3.4210274847509523,1.2,0.1956043648161736,1.4490500661292773,0.4336589050599157,0.8917333187191145,5.95032165078279,2.5292941660318378,True,False,22,1.3443957081269144,True,1.3175426007260624,0.9570218322533564,1.089588445132035,2.650000000001643,1.2692326698401069,0.9382289179133595,0.39132028232947913,0.12111261509540276,0.34225023794257114,6.836321231576753,0.8472897193946242,0.4285749175824503,1.7757665743078896,2.5374283639233175,3.654753723362414,1.8789871490545242
FSMI_nm,6094,M14e_multiview_curated20_r3d80,3.616631849567126,3.002024709853438,3.159159458478232,1.2,0.4574723910888938,1.5873579953051071,0.4737288999689676,0.7172510410175241,5.60106787593894,2.441908417460708,True,False,22,1.4140075667639194,False,1.17817601357059,0.9570218322533564,1.089588445132035,2.650000000001643,1.2692326698401069,0.9382289179133595,0.39132028232947913,0.12111261509540276,0.34225023794257114,6.836321231576753,0.8472897193946242,0.4285749175824503,1.7757665743078896,2.5374283639233175,3.654753723362414,1.8789871490545242
FSMI_nm,6094,M14f_multiview_curated40_r3d60,3.616631849567126,2.803411074776348,2.9173365395569255,1.2,0.6992953100102004,1.545210201486081,0.5140122967885432,0.26785311875624984,5.566819960357601,2.6494834208006757,True,False,22,1.4807916061572146,False,1.0494774649706233,0.9570218322533564,1.089588445132035,2.650000000001643,1.2692326698401069,0.9382289179133595,0.39132028232947913,0.12111261509540276,0.34225023794257114,6.836321231576753,0.8472897193946242,0.4285749175824503,1.7757665743078896,2.5374283639233175,3.654753723362414,1.8789871490545242
FSMI_nm,6094,M14g_multiview_curated60_r3d40,3.616631849567126,2.6179376966428674,2.694024343150331,1.2,0.9226075064167949,1.430578951892538,0.554247890049404,0.0,5.745244069063434,3.051219725913103,True,False,22,1.5298689453247556,False,0.9306303528341929,0.9570218322533564,1.089588445132035,2.650000000001643,1.2692326698401069,0.9382289179133595,0.39132028232947913,0.12111261509540276,0.34225023794257114,6.836321231576753,0.8472897193946242,0.4285749175824503,1.7757665743078896,2.5374283639233175,3.654753723362414,1.8789871490545242
FSMI_nm,6095,M12a_frozen_alpha1,8.567125493610352,8.647760239952133,10.552128208744808,1.2,1.9850027151344563,4.727383601779579,0.0418643614609928,1.3419634391817468,19.76229297830787,9.210164769563061,True,False,22,1.6899165396196434,False,4.833475971184214,0.8394407677234017,0.9612647684267515,1.9669643838405642,1.0902860456578458,0.32511513889376004,0.7224441674309385,0.11452295550575395,0.32881429790414374,5.42606394132343,0.20189377177363596,0.817181731097594,1.7757665743078896,2.5374283639233175,3.5062119166881787,1.730445342380289
FSMI_nm,6095,M14a_regularized_alpha10,8.567125493610352,4.290766190102004,4.772882878532579,1.2,3.7942426150777724,2.8599978923369846,0.24085497448601106,0.9531125382182073,8.592653218846952,3.819770340314372,True,False,22,1.6735905318113553,False,1.4937314622575866,0.8394407677234017,0.9612647684267515,1.9669643838405642,1.0902860456578458,0.32511513889376004,0.7224441674309385,0.11452295550575395,0.32881429790414374,5.42606394132343,0.20189377177363596,0.817181731097594,1.7757665743078896,2.5374283639233175,3.5062119166881787,1.730445342380289
FSMI_nm,6095,M14b_rheed_density_weighted,8.567125493610352,4.014971969877082,4.515367772913996,1.2,4.051757720696355,2.5925061421772186,0.2775548230175791,1.2551503747688493,7.775585171059143,3.260217398145147,False,False,22,1.6409103699657814,False,1.3449171083385187,0.8394407677234017,0.9612647684267515,1.9669643838405642,1.0902860456578458,0.32511513889376004,0.7224441674309385,0.11452295550575395,0.32881429790414374,5.42606394132343,0.20189377177363596,0.817181731097594,1.7757665743078896,2.5374283639233175,3.5062119166881787,1.730445342380289
FSMI_nm,6095,M14c_residual_self_paced,8.567125493610352,3.520105907280868,3.8963692463040833,1.2,4.670756247306269,1.9879754911843535,0.3786232336987957,0.3715019592914959,7.421236533316671,3.5248672870125874,False,False,22,1.6260504610305544,False,0.9872065748417146,0.8394407677234017,0.9612647684267515,1.9669643838405642,1.0902860456578458,0.32511513889376004,0.7224441674309385,0.11452295550575395,0.32881429790414374,5.42606394132343,0.20189377177363596,0.817181731097594,1.7757665743078896,2.5374283639233175,3.5062119166881787,1.730445342380289
FSMI_nm,6095,M14d_r3d_causal_temporal,8.567125493610352,5.578080182778614,6.437724967659061,1.2,2.129400525951291,1.9810586663960033,0.2328817516404576,2.428480949241469,10.446968986076651,4.009244018417592,True,False,22,1.3018589152899553,True,2.4558202658463966,0.8394407677234017,0.9612647684267515,1.9669643838405642,1.0902860456578458,0.32511513889376004,0.7224441674309385,0.11452295550575395,0.32881429790414374,5.42606394132343,0.20189377177363596,0.817181731097594,1.7757665743078896,2.5374283639233175,3.5062119166881787,1.730445342380289
FSMI_nm,6095,M14e_multiview_curated20_r3d80,8.567125493610352,5.292913203362744,6.063761210367294,1.2,2.503364283243058,2.0515461544785745,0.2568801346202187,1.4454607936754291,10.68206162705916,4.618300416691865,True,False,22,1.3737933546830527,False,2.2397118756343333,0.8394407677234017,0.9612647684267515,1.9669643838405642,1.0902860456578458,0.32511513889376004,0.7224441674309385,0.11452295550575395,0.32881429790414374,5.42606394132343,0.20189377177363596,0.817181731097594,1.7757665743078896,2.5374283639233175,3.5062119166881787,1.730445342380289
FSMI_nm,6095,M14f_multiview_curated40_r3d60,8.567125493610352,5.0223247533843365,5.711520793614357,1.2,2.855604699995995,2.201288784516946,0.21638657302535586,0.4652665121232591,10.957775075105454,5.2462542814910975,True,False,22,1.4258843971377029,False,2.036157098071456,0.8394407677234017,0.9612647684267515,1.9669643838405642,1.0902860456578458,0.32511513889376004,0.7224441674309385,0.11452295550575395,0.32881429790414374,5.42606394132343,0.20189377177363596,0.817181731097594,1.7757665743078896,2.5374283639233175,3.5062119166881787,1.730445342380289
FSMI_nm,6095,M14g_multiview_curated60_r3d40,8.567125493610352,4.7655695378551926,5.379741820986584,1.2,3.187383672623768,2.6820409170431634,0.17250861859568867,0.0,11.281531191501141,5.901789370514558,True,False,22,1.499788057633722,False,1.844426700986854,0.8394407677234017,0.9612647684267515,1.9669643838405642,1.0902860456578458,0.32511513889376004,0.7224441674309385,0.11452295550575395,0.32881429790414374,5.42606394132343,0.20189377177363596,0.817181731097594,1.7757665743078896,2.5374283639233175,3.5062119166881787,1.730445342380289
FSMI_nm,6099,M12a_frozen_alpha1,9.324230493376989,3.2161220701197317,3.36738843955945,1.2,5.956842053817539,2.2342415343107622,0.3520509825870485,0.13179274756605208,6.602984131552848,3.235595691993398,False,False,22,1.5392698049936144,False,1.60380069206722,0.7445063884425213,0.7721460214134686,2.679895273529006,1.0482070850492402,-0.4037708555065523,1.0,0.15727201992377923,0.4307555016327407,6.901320957144146,1.1241784495672096,0.32491929532472225,1.7757665743078896,2.5374283639233175,3.5062119166881787,1.730445342380289
FSMI_nm,6099,M14a_regularized_alpha10,9.324230493376989,3.1421502577142153,3.2664774427428456,1.2,6.057753050634144,2.162748956632451,0.33177075420288316,0.0,7.300497231810915,4.034019789068069,False,False,22,1.5121972501560115,False,1.5454856477574137,0.7445063884425213,0.7721460214134686,2.679895273529006,1.0482070850492402,-0.4037708555065523,1.0,0.15727201992377923,0.4307555016327407,6.901320957144146,1.1241784495672096,0.32491929532472225,1.7757665743078896,2.5374283639233175,3.5062119166881787,1.730445342380289
FSMI_nm,6099,M14b_rheed_density_weighted,9.324230493376989,3.0427553571382977,3.1900771438773576,1.2,6.134153349499631,2.0151848902683214,0.34239432378417306,0.0,7.46086119330771,4.270784049430352,False,False,22,1.5001620244452585,False,1.5013349907014697,0.7445063884425213,0.7721460214134686,2.679895273529006,1.0482070850492402,-0.4037708555065523,1.0,0.15727201992377923,0.4307555016327407,6.901320957144146,1.1241784495672096,0.32491929532472225,1.7757665743078896,2.5374283639233175,3.5062119166881787,1.730445342380289
FSMI_nm,6099,M14c_residual_self_paced,9.324230493376989,2.6742692063390305,2.7725764918505758,1.2,6.551654001526414,1.74419066204912,0.40675147428042796,0.0,8.03128251313324,5.258706021282665,False,False,22,1.5445313799787617,False,1.2600672419885892,0.7445063884425213,0.7721460214134686,2.679895273529006,1.0482070850492402,-0.4037708555065523,1.0,0.15727201992377923,0.4307555016327407,6.901320957144146,1.1241784495672096,0.32491929532472225,1.7757665743078896,2.5374283639233175,3.5062119166881787,1.730445342380289
FSMI_nm,6099,M14d_r3d_causal_temporal,9.324230493376989,4.681033758134655,5.224972280165766,1.2,4.099258213211223,2.0051047559263164,0.2462774245921919,1.1835544178471658,9.266390142484367,4.041417862318601,False,False,22,1.1585079968814607,True,2.6772722401781497,0.7445063884425213,0.7721460214134686,2.679895273529006,1.0482070850492402,-0.4037708555065523,1.0,0.15727201992377923,0.4307555016327407,6.901320957144146,1.1241784495672096,0.32491929532472225,1.7757665743078896,2.5374283639233175,3.5062119166881787,1.730445342380289
FSMI_nm,6099,M14e_multiview_curated20_r3d80,9.324230493376989,4.32233882928941,4.756452075402029,1.2,4.56777841797496,1.9093465745514127,0.2388522421298293,0.019235629062416493,9.493668521741641,4.7372164463396125,True,False,22,1.1593232262666617,False,2.406521010255296,0.7445063884425213,0.7721460214134686,2.679895273529006,1.0482070850492402,-0.4037708555065523,1.0,0.15727201992377923,0.4307555016327407,6.901320957144146,1.1241784495672096,0.32491929532472225,1.7757665743078896,2.5374283639233175,3.5062119166881787,1.730445342380289
FSMI_nm,6099,M14f_multiview_curated40_r3d60,9.324230493376989,3.9911297205914145,4.329943803047032,1.2,4.994286690329957,1.901993229978826,0.24510630623134289,0.0,9.68475057464951,5.354806771602477,True,False,22,1.2131868935571997,False,2.1600478845752207,0.7445063884425213,0.7721460214134686,2.679895273529006,1.0482070850492402,-0.4037708555065523,1.0,0.15727201992377923,0.4307555016327407,6.901320957144146,1.1241784495672096,0.32491929532472225,1.7757665743078896,2.5374283639233175,3.5062119166881787,1.730445342380289
FSMI_nm,6099,M14g_multiview_curated60_r3d40,9.324230493376989,3.6853002681436795,3.9416802777227016,1.2,5.3825502156542875,2.147156969704227,0.2538423263247992,0.0,9.696471210290035,5.7547909325673325,True,False,22,1.299651716703005,False,1.9356758597470571,0.7445063884425213,0.7721460214134686,2.679895273529006,1.0482070850492402,-0.4037708555065523,1.0,0.15727201992377923,0.4307555016327407,6.901320957144146,1.1241784495672096,0.32491929532472225,1.7757665743078896,2.5374283639233175,3.5062119166881787,1.730445342380289
FSMI_nm,6101,M12a_frozen_alpha1,0.8380821497217993,1.8556508540898344,1.850404988195533,1.0203151386821203,1.0123228384737337,1.6884464194731545,0.8327447455287602,0.0,4.019407036800099,2.169002048604566,True,False,22,2.11262028376966,False,0.25538679760417393,0.7734197739223097,0.8939430006793166,2.052822713766918,1.1167302680730689,-0.011742963797141378,1.0,0.267765343448931,0.7308301530393901,5.56461793151509,0.25538679760417393,0.7746168200773148,1.990415236413225,2.641689230973894,3.765173656241361,1.774758419828136
FSMI_nm,6101,M14a_regularized_alpha10,0.8380821497217993,2.451022623795586,2.3972174180277923,1.2,1.559135268305993,1.3553773238082003,0.8323461586997684,0.0,4.8356860610931705,2.4384686430653786,True,False,22,1.9478096307237704,False,0.25538679760417393,0.7734197739223097,0.8939430006793166,2.052822713766918,1.1167302680730689,-0.011742963797141378,1.0,0.267765343448931,0.7308301530393901,5.56461793151509,0.25538679760417393,0.7746168200773148,1.990415236413225,2.641689230973894,3.765173656241361,1.774758419828136
FSMI_nm,6101,M14b_rheed_density_weighted,0.8380821497217993,2.572552847954879,2.5551651002179914,1.2,1.717082950496192,1.2443256576982886,0.8319449557024988,0.0,5.147743753615124,2.5925786533971324,True,False,22,1.8927350752422614,False,0.25538679760417393,0.7734197739223097,0.8939430006793166,2.052822713766918,1.1167302680730689,-0.011742963797141378,1.0,0.267765343448931,0.7308301530393901,5.56461793151509,0.25538679760417393,0.7746168200773148,1.990415236413225,2.641689230973894,3.765173656241361,1.774758419828136
FSMI_nm,6101,M14c_residual_self_paced,0.8380821497217993,2.5310868148850476,2.6127170721277713,1.2,1.7746349224059719,1.3929592662445553,0.7983033645213917,0.0,5.412386561499648,2.7996694893718774,True,False,22,1.8836267070517299,False,0.25538679760417393,0.7734197739223097,0.8939430006793166,2.052822713766918,1.1167302680730689,-0.011742963797141378,1.0,0.267765343448931,0.7308301530393901,5.56461793151509,0.25538679760417393,0.7746168200773148,1.990415236413225,2.641689230973894,3.765173656241361,1.774758419828136
FSMI_nm,6101,M14d_r3d_causal_temporal,0.8380821497217993,1.2387076010833273,1.1061481920425886,1.2,0.26806604232078934,1.1536612462838862,0.8520052325457114,0.0,2.635160136937562,1.5290119448949735,True,False,22,1.4831449902918152,True,0.25538679760417393,0.7734197739223097,0.8939430006793166,2.052822713766918,1.1167302680730689,-0.011742963797141378,1.0,0.267765343448931,0.7308301530393901,5.56461793151509,0.25538679760417393,0.7746168200773148,1.990415236413225,2.641689230973894,3.765173656241361,1.774758419828136
FSMI_nm,6101,M14e_multiview_curated20_r3d80,0.8380821497217993,1.4198566702943431,1.2911958929958658,1.2,0.4531137432740665,1.1239923500204498,0.8434584162691571,0.0,3.135053162801313,1.8438572698054472,True,False,22,1.550685567647634,False,0.25538679760417393,0.7734197739223097,0.8939430006793166,2.052822713766918,1.1167302680730689,-0.011742963797141378,1.0,0.267765343448931,0.7308301530393901,5.56461793151509,0.25538679760417393,0.7746168200773148,1.990415236413225,2.641689230973894,3.765173656241361,1.774758419828136
FSMI_nm,6101,M14f_multiview_curated40_r3d60,0.8380821497217993,1.6274970480654412,1.5072002522652974,1.2,0.6691181025434981,1.128626362703606,0.8434584162691571,0.0,3.687223171747811,2.180022919482514,True,False,22,1.6309359350707062,False,0.25538679760417393,0.7734197739223097,0.8939430006793166,2.052822713766918,1.1167302680730689,-0.011742963797141378,1.0,0.267765343448931,0.7308301530393901,5.56461793151509,0.25538679760417393,0.7746168200773148,1.990415236413225,2.641689230973894,3.765173656241361,1.774758419828136
FSMI_nm,6101,M14g_multiview_curated60_r3d40,0.8380821497217993,1.8655028334040409,1.7593400139755928,1.2,0.9212578642537935,1.1263603481218223,0.8434584162691571,0.0,4.297213111070098,2.5378730970945056,True,False,22,1.7195103537509278,False,0.25538679760417393,0.7734197739223097,0.8939430006793166,2.052822713766918,1.1167302680730689,-0.011742963797141378,1.0,0.267765343448931,0.7308301530393901,5.56461793151509,0.25538679760417393,0.7746168200773148,1.990415236413225,2.641689230973894,3.765173656241361,1.774758419828136
