target,outer_held_growth_group,inner_held_growth_group,true_target,predicted_target,absolute_error,base_to_tta_median_nm,tta_frame_std_nm,tta_roi_std_nm,tta_all_std_nm,tta_all_range_nm,tta_uncertainty_risk_score,rotation_period_risk_score,angular_tta_risk_score,predicted_amplitude_risk_score,range_aware_risk_score,estimated_period_frames,core_head_disagreement_log_std,core_head_log_range,r3d_density_ood_z,density_ood_z,r3d_support_confidence,physics_support_confidence,head_disagreement_risk_score,extreme_head_disagreement_veto,uncertainty_risk_score,confidence,outer_target_used_for_calibration
Rq_nm,6022,6028,5.214306831359862,3.6785256954128167,1.5357811359470457,0.17658780950413933,0.2451856749216499,1.0927832701303277,0.8874950213259081,3.411930195335173,0.8703703703703703,0.42592592592592593,0.6088623045471702,0.8703703703703703,0.8049933539145704,30.0,0.16117299835888513,0.4325988785331767,-0.8133155090615913,0.21063921559544038,1.0,0.8100662734444397,0.5740740740740741,False,0.8049933539145704,0.1950066460854296,False
Rq_nm,6022,6029,2.2897632122039795,1.4470764985383013,0.8426867136656782,0.02012235904172277,0.29100017429154645,0.08152682523666827,0.20969494996535845,0.8177248250897837,0.35185185185185186,0.6481481481481481,0.4775480354899121,0.12962962962962962,0.21660923109470023,33.5,0.565396978983156,1.7998684004141243,-0.6228132759727066,89.72738566820695,1.0,1.0761963844988823e-39,0.9814814814814815,True,0.9814814814814815,0.01851851851851849,False
Rq_nm,6022,6033,2.0502288341522217,2.0359990417438385,0.01422979240838318,0.023691362891367085,0.17650295475534872,0.20792085355370815,0.22545897685206884,0.916235458691133,0.3888888888888889,0.9814814814814815,0.6178084191708251,0.46296296296296297,0.5016743270149284,40.25,0.10686012417746064,0.2869291737469293,-0.6986656202330698,1.2219335952963308,1.0,0.2946598628082801,0.3888888888888889,False,0.5016743270149284,0.4983256729850716,False
Rq_nm,6022,6047,3.348536252975464,2.2858786366067503,1.0626576163687136,0.014220377014896979,0.14597242027298227,0.11281395903477408,0.14855702457429037,0.6317913443615732,0.3148148148148148,0.5740740740740741,0.4251200104907036,0.5370370370370371,0.5090577804004537,31.5,0.029553531268064624,0.08810121216317368,-0.6597256016971612,-1.8307767745154764,1.0,1.0,0.12962962962962962,False,0.5090577804004537,0.4909422195995463,False
Rq_nm,6022,6048,1.8154829144477844,3.3194502657499436,1.5039673513021592,0.3926762229830505,0.38246378413708465,0.6585485804988266,0.5770301174147962,1.8053566209404868,0.9814814814814815,0.2777777777777778,0.5221434140693216,0.7222222222222222,0.6722025201839971,27.25,0.017641651805364464,0.05048924056426762,-0.1868803928067935,-0.1731162329588355,1.0,1.0,0.05555555555555555,False,0.6722025201839971,0.32779747981600293,False
Rq_nm,6022,6056,2.529426336288452,1.6962835492442212,0.833142787044231,0.0,0.15088520515328704,0.39914502686832404,0.3605564484902569,1.2469176937049171,0.2037037037037037,0.6851851851851852,0.37359705558948175,0.24074074074074073,0.273954819452926,34.5,0.1515628268748138,0.43036731438968134,-0.7008132254825244,-0.35220374999408255,1.0,1.0,0.5,False,0.273954819452926,0.726045180547074,False
Rq_nm,6022,6057,3.9545385837554927,0.9420541969143867,3.012484386841106,0.0,0.049895621673206,0.035513998573354286,0.04404211357493352,0.13654571845966357,0.2037037037037037,0.8333333333333334,0.41201102706087017,0.05555555555555555,0.14466942343188421,39.0,0.1737285060222707,0.46174869652404626,-0.5473673574261705,-0.10253826252220255,1.0,1.0,0.6111111111111112,False,0.14466942343188416,0.8553305765681158,False
Rq_nm,6022,6062,3.0923656225204468,5.169860339551149,2.077494717030702,0.0,0.9199511818148847,0.4335289135692081,0.724124025379943,2.4309136204972406,0.2037037037037037,0.7592592592592593,0.3932733441036167,0.9814814814814815,0.8344294471370153,37.5,0.47344408711721064,1.3160916228605095,-0.8626001484991189,0.34411240335753035,1.0,0.7088492465360663,0.9444444444444444,True,0.9444444444444444,0.05555555555555558,False
Rq_nm,6022,6063,5.24570107460022,3.407986872235763,1.8377142023644568,0.0,0.5672501971780878,0.6778749608300706,0.6644014168946579,2.1654093024338716,0.2037037037037037,0.24074074074074073,0.22144927302039624,0.7592592592592593,0.6248067626995435,27.0,0.024842082720497156,0.0754701331914307,-0.024933935893868886,2.6166311456173714,1.0,0.07304853866164354,0.09259259259259259,False,0.6248067626995435,0.3751932373004565,False
Rq_nm,6022,6070,2.544952154159546,1.8418396326747213,0.7031125214848246,0.1240407013887379,0.6431354204555094,0.09025918687851811,0.4662984032935573,1.7482045427485757,0.7962962962962963,0.3148148148148148,0.500685401281325,0.3888888888888889,0.41683801698699796,27.5,0.0696423432904179,0.19920093513253945,-0.1716720999840185,-0.31830298210437497,1.0,1.0,0.2777777777777778,False,0.41683801698699796,0.583161983013002,False
Rq_nm,6022,6072,1.470114827156067,0.8332830444602907,0.6368317826957762,0.0005492811699903122,0.027655690804465467,0.055662200481273585,0.059380393979286225,0.20227221994552325,0.24074074074074073,0.7592592592592593,0.4275331992820443,0.018518518518518517,0.12077218870939996,37.5,0.3328901894427086,0.9002576634132056,1.1112212399766632,-0.02694915098976217,0.329156736153824,1.0,0.8703703703703703,False,0.12077218870939999,0.8792278112906,False
Rq_nm,6022,6078,1.5030123591423035,1.8283151877497081,0.32530282860740467,0.0,0.0422270535270595,0.056705309717551666,0.058780365923298696,0.18881856308861988,0.2037037037037037,0.9074074074074074,0.4299328431942185,0.3148148148148148,0.3435943219096657,39.25,0.20150301329951661,0.5415790199337575,-0.802562174768458,0.6451496405303012,1.0,0.5245840371994673,0.6481481481481481,False,0.34359432190966577,0.6564056780903342,False
Rq_nm,6022,6080,3.9266197681427,2.923567375448588,1.0030523926941122,0.09078223672188201,0.1616166419665189,0.24448174511221804,0.23989656548067556,0.7243027819384755,0.6851851851851852,0.9444444444444444,0.804437282554573,0.6481481481481481,0.6872204317497543,39.5,0.2299499325940858,0.6401195894631058,1.3050644017375244,1.1133208665192469,0.2711550716255174,0.32846635495889076,0.7222222222222222,False,0.6872204317497543,0.31277956825024567,False
Rq_nm,6022,6081,0.9417254328727722,3.5173621949924474,2.575636762119675,0.0,0.11761230608218637,0.1807626993304094,0.1935928612230268,0.7108305265893842,0.2037037037037037,0.7962962962962963,0.40275116983206566,0.7962962962962963,0.6979100146802386,37.75,0.04897525217776471,0.1368947491322441,-0.7609100668236446,-1.2658597366315516,1.0,1.0,0.24074074074074073,False,0.6979100146802386,0.3020899853197614,False
Rq_nm,6022,6082,1.863613247871399,2.4603782934584486,0.5967650455870497,0.14406805783190624,0.09957994724036554,0.38001209162097327,0.307774291569911,1.2252077592600679,0.8333333333333334,0.6111111111111112,0.7136240321480628,0.5740740740740741,0.6089615635925713,32.0,0.09915009552423466,0.27090978901383334,1.1179339509835242,-0.13504845352707398,0.3269546015238455,1.0,0.35185185185185186,False,0.6089615635925713,0.39103843640742875,False
Rq_nm,6022,6084,1.391980767250061,2.477058069851909,1.085077302601848,0.11134435585659253,0.2409559587836687,0.2561705242686842,0.2925299652508051,1.0311417796674913,0.7592592592592593,0.5,0.6161409170227454,0.6111111111111112,0.6123685625890197,31.0,0.004415456069444126,0.014224319530882878,-0.17669567596922078,-1.4374809037435743,1.0,1.0,0.018518518518518517,False,0.6123685625890197,0.3876314374109803,False
Rq_nm,6022,6085,2.2395859956741333,3.667568088915023,1.4279820932408898,0.20873523944637817,0.26160209477223534,0.8138822923427932,0.6822438412157369,2.692617022549628,0.9444444444444444,0.5370370370370371,0.7121809082603485,0.8333333333333334,0.8030452270650872,31.25,0.07914495246001316,0.2326021833001195,-1.2048464628237667,-0.8299114426100365,1.0,1.0,0.3148148148148148,False,0.8030452270650872,0.19695477293491281,False
Rq_nm,6022,6090,2.4095938205718994,3.3151326804074785,0.9055388598355791,0.08033759428687626,0.36744195266905355,0.1379506075785155,0.2839821163712515,1.0609561786068706,0.6481481481481481,0.16666666666666666,0.32867109906108977,0.6851851851851852,0.5960566636541614,25.25,0.11134075523125943,0.33954325311696276,-0.5304116321306246,1.424811828852089,1.0,0.2405537242202211,0.46296296296296297,False,0.5960566636541614,0.40394333634583857,False
Rq_nm,6022,6094,4.058265686035156,2.1441745556693297,1.9140911303658266,0.042614341585411,0.17006858212863132,0.16659662911292977,0.18170208175578753,0.6477584539376371,0.5,0.42592592592592593,0.46147910349544863,0.5,0.49036977587386216,30.0,0.03527766464126649,0.09852200470517358,0.6673627213877064,-1.0856228965313042,0.5130598769674632,1.0,0.16666666666666666,False,0.4903697758738621,0.5096302241261379,False
Rq_nm,6022,6095,9.07418346405029,4.826458165483515,4.247725298566775,0.09923726598330518,0.6955192786134743,0.25887507047933134,0.5180021496203558,1.7899654875461741,0.7222222222222222,0.35185185185185186,0.5040984292154148,0.9074074074074074,0.8065801628594093,28.75,0.3513862683331006,0.93623113409054,0.2822230851425548,-0.08104600612729422,0.7541054360482159,1.0,0.9074074074074074,True,0.9074074074074074,0.09259259259259256,False
Rq_nm,6022,6099,9.394835472106934,5.10821545827279,4.286620013834144,0.18360744100385773,0.16457198747773827,0.46894076087787995,0.39127089610935434,1.2588203976401058,0.9074074074074074,0.5,0.6735753140545634,0.9444444444444444,0.8767271618469741,31.0,0.2634642824178099,0.7014106725004694,0.03784726550879513,-1.7399944957101767,0.962859991591974,1.0,0.7592592592592593,False,0.8767271618469741,0.12327283815302592,False
Rq_nm,6022,6101,0.481030598282814,1.5186467671206156,1.0376161688378016,0.03313708298624718,0.046275027656641626,0.0821282323085385,0.07301101881315643,0.2779741701058176,0.46296296296296297,0.9074074074074074,0.6481481481481481,0.2037037037037037,0.31481481481481477,39.25,0.27459475185989635,0.7297434657299569,-0.2125472959308577,0.5870669120077892,1.0,0.555955562210333,0.7962962962962963,False,0.31481481481481477,0.6851851851851852,False
Rq_nm,6022,N6342,0.8041046559810638,1.7977777007806663,0.9936730447996025,0.0053205124441968454,0.19936764764933249,0.0820709413963198,0.15354210104013546,0.5314485536357707,0.2777777777777778,0.05555555555555555,0.12422599874998831,0.2777777777777778,0.23938983302083042,21.0,0.1609606255531268,0.4521017530459729,2.351230897724976,-0.12619900226560524,0.09525184474845971,1.0,0.5370370370370371,False,0.2393898330208304,0.7606101669791696,False
Rq_nm,6022,N6358,0.9793977737426758,1.9618461474489997,0.9824483737063239,0.03223874552320827,0.12493360215314148,0.06754670098163197,0.13269892236093567,0.4930483831947974,0.42592592592592593,0.24074074074074073,0.3202151197368626,0.42592592592592593,0.39949822437866006,27.0,0.29967749915572806,0.8497502520236093,1.2059287794741633,2.4286391006440744,0.2994137809573695,0.08815672341230464,0.8333333333333334,False,0.39949822437866,0.60050177562134,False
Rq_nm,6022,N6382,1.1125519275665283,1.4730218586579062,0.3604699310913779,0.055019787505043105,0.0564867475155629,0.05411808048936107,0.06242091803828362,0.25241964273155104,0.5740740740740741,0.018518518518518517,0.10310674745981521,0.16666666666666666,0.1507766868649538,19.5,0.04648141937382733,0.14245656400776435,1.512549482247708,0.716768939045806,0.22034748922442615,0.4883275256943831,0.2037037037037037,False,0.15077668686495382,0.8492233131350462,False
Rq_nm,6022,N6389,2.0189785957336426,1.8377682026312137,0.18121039310242892,0.05250441110721216,0.12076856426619283,0.1725692537309782,0.22499093396070172,0.7578482388264687,0.5370370370370371,0.09259259259259259,0.2229924921998573,0.35185185185185186,0.31963701193885324,23.5,0.10756606127868222,0.28942059539662524,4.391339076551377,1.5408912704508573,0.012384134807798415,0.214190115008972,0.42592592592592593,False,0.3196370119388532,0.6803629880611468,False
Rq_nm,6022,N6390,1.9620892405509949,1.1127378364811709,0.849351404069824,0.05837675110499552,0.27970580436385983,0.16487661097107195,0.23759704222913944,0.8185412597411301,0.6111111111111112,0.12962962962962962,0.2814571139550123,0.09259259259259259,0.13980872293319752,25.0,0.20374931132307195,0.5695533379388982,6.267981646224251,0.6840950803222944,0.0018960516267447736,0.5045465971997865,0.6851851851851852,False,0.13980872293319746,0.8601912770668025,False
Rq_nm,6028,6022,1.649340271949768,0.9603394085151762,0.6890008634345919,1.237758006483841,0.5138475301678,0.9977758381229301,0.8106222915848004,2.331474541066138,0.9814814814814815,0.2777777777777778,0.5221434140693216,0.018518518518518517,0.1444247424062193,27.0,0.30590557237956223,0.917335494034381,3.3812437119604914,47.81270374471328,0.03400513582964073,1.718725810016832e-21,0.8703703703703703,False,0.14442474240621928,0.8555752575937807,False
Rq_nm,6028,6029,2.2897632122039795,1.4273972637171093,0.8623659484868702,0.021252964884600045,0.26597105524542636,0.07048125076065906,0.1901286912208901,0.7405490874336993,0.2777777777777778,0.6481481481481481,0.424312564347763,0.24074074074074073,0.28663369664249627,33.5,0.13222754518884766,0.3993958566678568,-1.026586884575228,64.35066748941483,1.0,1.1294322969669736e-28,0.46296296296296297,False,0.28663369664249627,0.7133663033575037,False
Rq_nm,6028,6033,2.0502288341522217,2.2417868850808254,0.19155805092860367,0.00634168956991088,0.19264327315380167,0.22970239054406819,0.25221968884761903,1.0275204631709198,0.12962962962962962,0.9814814814814815,0.356691857115893,0.5370370370370371,0.49195074205675104,40.25,0.0496691980561191,0.14399143524904323,-0.8795595918915602,1.0740543600222343,1.0,0.34162065275103454,0.2037037037037037,False,0.49195074205675104,0.508049257943249,False
Rq_nm,6028,6047,3.348536252975464,2.29121511591594,1.0573211370595237,0.018803400684129112,0.12543527050178657,0.09975088742458131,0.13190154541361754,0.5592525298522815,0.24074074074074073,0.5740740740740741,0.3717566648126802,0.5740740740740741,0.5234947217587256,31.5,0.02608187359786925,0.07561536715596295,-0.9202743631700803,-1.6207182579534314,1.0,1.0,0.05555555555555555,False,0.5234947217587256,0.4765052782412744,False
Rq_nm,6028,6048,1.8154829144477844,2.7035120648325486,0.8880291503847642,0.2825586139806284,0.3950116757187162,0.48948236128090356,0.46769848765272826,1.422998688446076,0.9444444444444444,0.3148148148148148,0.5452752542346465,0.6481481481481481,0.6224299246697728,27.25,0.039909760091867585,0.1234976293238419,0.14316463520097483,-0.07685023063011064,0.8666113824110919,1.0,0.12962962962962962,False,0.6224299246697728,0.37757007533022724,False
Rq_nm,6028,6056,2.529426336288452,1.6547845467612385,0.8746417895272136,0.0,0.1525064905266771,0.3835710092002747,0.34920526717311606,1.189878748319957,0.09259259259259259,0.6851851851851852,0.2518790834951008,0.2777777777777778,0.27130310420710857,34.5,0.14333459438902577,0.3954121748423727,-0.882873406546789,-0.32194467356229023,1.0,1.0,0.5740740740740741,False,0.27130310420710857,0.7286968957928914,False
Rq_nm,6028,6057,3.9545385837554927,0.9869630438815603,2.9675755398739323,0.01278151854703835,0.05706981422688401,0.034433735641360756,0.04726820161410983,0.14831883136934043,0.2037037037037037,0.8333333333333334,0.41201102706087017,0.09259259259259259,0.172447201209662,39.0,0.13971988742438113,0.3780795585313124,-0.6191972389449821,0.05475161743328951,1.0,0.9467202675624831,0.5370370370370371,False,0.17244720120966206,0.8275527987903379,False
Rq_nm,6028,6062,3.0923656225204468,4.535714025294599,1.443348402774152,0.008799640901901107,0.8049998536222507,0.3211410624966534,0.6106536525707849,2.121580563818851,0.16666666666666666,0.7592592592592593,0.35572912430182496,0.9444444444444444,0.7972656144087895,37.5,0.44673177763082805,1.2224887483767102,-0.4715650498883613,0.2521178065026673,1.0,0.7771531789778717,0.9814814814814815,True,0.9814814814814815,0.01851851851851849,False
Rq_nm,6028,6063,5.24570107460022,3.3171037119428854,1.9285973626573343,0.02518001741575082,0.44176458268422764,0.6391401813077272,0.5891480408593307,2.065583612373766,0.35185185185185186,0.2777777777777778,0.3126285743728543,0.7592592592592593,0.647601588037658,27.0,0.08365585942599908,0.25419023329075374,-0.2644300348301046,2.4283373601087828,1.0,0.08818332788283836,0.2777777777777778,False,0.647601588037658,0.352398411962342,False
Rq_nm,6028,6070,2.544952154159546,1.745692667442257,0.7992594867172889,0.11953334563613738,0.10873355667251676,0.07146500859829634,0.08986980595009818,0.27323049173403313,0.7592592592592593,0.35185185185185186,0.5168624347019579,0.3148148148148148,0.3653267197866006,27.5,0.09700476655691284,0.26874306967341643,-0.5519564460788244,-0.4170482654610355,1.0,1.0,0.35185185185185186,False,0.3653267197866006,0.6346732802133994,False
Rq_nm,6028,6072,1.470114827156067,0.9701626364196271,0.4999521907364398,0.0,0.03537315717456648,0.06569736234086064,0.07205253183307544,0.24383766300740928,0.09259259259259259,0.7592592592592593,0.26514483450511767,0.05555555555555555,0.10795287529294609,37.5,0.3326975069551556,0.9020979641053032,0.8066514621229876,-0.05220806776370338,0.4463501871250362,1.0,0.9444444444444444,True,0.9444444444444444,0.05555555555555558,False
Rq_nm,6028,6078,1.5030123591423035,1.9783515379950178,0.4753391788527144,0.0,0.043680070292792604,0.06635617161736203,0.06481892848017644,0.22051771533904496,0.09259259259259259,0.9074074074074074,0.2898606637499727,0.3888888888888889,0.3641318326041599,39.25,0.1549122704426298,0.4173864604069477,-1.0819110774037897,0.33591375835954757,1.0,0.7146847387426323,0.6111111111111112,False,0.3641318326041598,0.6358681673958402,False
Rq_nm,6028,6080,3.9266197681427,2.9237393368572975,1.0028804312854027,0.06540217063928155,0.1461742124022836,0.23461965571029314,0.22423707180660793,0.6220962759844659,0.6111111111111112,0.9444444444444444,0.759710796176519,0.7222222222222222,0.7315943657107964,39.5,0.17229629231042545,0.4737353590090152,0.49966026430574034,0.8992107296631044,0.606736754834353,0.40689067978204735,0.6851851851851852,False,0.7315943657107964,0.2684056342892036,False
Rq_nm,6028,6081,0.9417254328727722,3.85674865325996,2.9150232203871878,0.028613665893222784,0.14515793376784988,0.1808521823622991,0.21375857444766944,0.7911513836997344,0.3888888888888889,0.7962962962962963,0.5564807111598785,0.8703703703703703,0.7918979555677474,37.75,0.09376207876250046,0.25865167058677774,-0.9990424232828298,-1.2312991614190787,1.0,1.0,0.3148148148148148,False,0.7918979555677474,0.20810204443225255,False
Rq_nm,6028,6082,1.863613247871399,2.7103590616570505,0.8467458137856516,0.18937168191012654,0.10883934673432406,0.4139160413036406,0.33469273262338056,1.34753222259723,0.9074074074074074,0.6111111111111112,0.7446655282549297,0.6851851851851852,0.7000552709526213,32.0,0.10344659898690763,0.27675360779570146,0.7736235245143338,-0.14090105188349464,0.4613383651042021,1.0,0.3888888888888889,False,0.7000552709526213,0.2999447290473787,False
Rq_nm,6028,6084,1.391980767250061,2.5959667716959878,1.2039860044459267,0.12191748982801753,0.2572322507939617,0.2527116009836927,0.3004827539752386,1.0627393780988657,0.7962962962962963,0.5,0.6309898162000304,0.6111111111111112,0.6160807873833409,31.0,0.03723590867478696,0.11553761997771705,-0.6254830066836308,-1.3335303048157536,1.0,1.0,0.09259259259259259,False,0.6160807873833409,0.38391921261665907,False
Rq_nm,6028,6085,2.2395859956741333,3.4651890121279334,1.2256030164538,0.15351125298508794,0.26120217588380384,0.7434479886622921,0.6273111455019925,2.462180282029723,0.8333333333333334,0.5370370370370371,0.668977476599572,0.7962962962962963,0.7644665913721151,31.25,0.06296102666898605,0.18695450569279526,-1.032565547987329,-0.7864772663282767,1.0,1.0,0.24074074074074073,False,0.7644665913721151,0.23553340862788485,False
Rq_nm,6028,6090,2.4095938205718994,3.490992134943139,1.0813983143712398,0.07768767168402801,0.39307357596424947,0.14999007241912243,0.3051994393393365,1.1440534598348093,0.6851851851851852,0.16666666666666666,0.33793125168323446,0.8333333333333334,0.7094828129208086,25.25,0.16130031024267544,0.4402805676104282,-0.7707222603451778,1.2363310955557352,1.0,0.2904478910466806,0.6481481481481481,False,0.7094828129208086,0.2905171870791914,False
Rq_nm,6028,6094,4.058265686035156,2.132049372560057,1.9262163134750994,0.04384003694166294,0.17371436575467272,0.17320751324138223,0.18851440930868438,0.6780957717982681,0.5,0.42592592592592593,0.46147910349544863,0.5,0.49036977587386216,30.0,0.018397934749703835,0.05424221180837374,0.41839071469953704,-1.0285188252910593,0.6581050468701403,1.0,0.018518518518518517,False,0.4903697758738621,0.5096302241261379,False
Rq_nm,6028,6095,9.07418346405029,4.449024776794315,4.625158687255975,0.07455174132226006,0.553039255560627,0.21403022517105805,0.4169196323993019,1.481809520626857,0.6481481481481481,0.3888888888888889,0.502053396730591,0.9074074074074074,0.8060689047382034,28.75,0.28943064687219144,0.7758188606205103,-0.08748439028419594,-0.12208453845456999,1.0,1.0,0.8333333333333334,False,0.8060689047382034,0.19393109526179664,False
Rq_nm,6028,6099,9.394835472106934,4.668164222329013,4.726671249777921,0.15715638696180623,0.1354067143480946,0.3822231029069809,0.32219729377692813,1.0331632077855786,0.8703703703703703,0.5,0.6596856715021066,0.9814814814814815,0.9010325289866378,31.0,0.2691474839262057,0.7153148241096174,0.21357524346652818,-1.3981420911791447,0.8076913843644565,1.0,0.7592592592592593,False,0.9010325289866378,0.09896747101336223,False
Rq_nm,6028,6101,0.481030598282814,1.3150711085305316,0.8340405102477175,0.036358448150771716,0.05688294450188054,0.06583107432643967,0.06485351213741457,0.22191472143907576,0.42592592592592593,0.9074074074074074,0.6216818641331303,0.16666666666666666,0.2804204660332826,39.25,0.3318053346192527,0.8802421367692813,-0.38210539716723524,0.5086016387306318,1.0,0.6013358759546658,0.9074074074074074,True,0.9074074074074074,0.09259259259259256,False
Rq_nm,6028,N6342,0.8041046559810638,1.7812985443146938,0.97719388833363,0.022936139584667448,0.24056935340074984,0.07440410361897398,0.1730350504154465,0.5544407602536785,0.3148148148148148,0.05555555555555555,0.13224867460264536,0.35185185185185186,0.29695105753955026,21.0,0.1364893377763849,0.3960599668955781,1.6721616935803987,-0.07730344786220326,0.18784057268032833,1.0,0.5,False,0.2969510575395502,0.7030489424604498,False
Rq_nm,6028,N6358,0.9793977737426758,1.9932920801532095,1.0138943064105337,0.046862367707155794,0.12865911889240136,0.072763336226824,0.13663777619504558,0.5121202485316272,0.5370370370370371,0.2777777777777778,0.38623432619655945,0.42592592592592593,0.4160030259935843,27.0,0.2708069952884685,0.7565314180524918,0.7911359166351988,1.474312661373843,0.4533295581182303,0.22893602955501619,0.7962962962962963,False,0.4160030259935843,0.5839969740064157,False
Rq_nm,6028,N6382,1.1125519275665283,1.42399636941613,0.3114444418496016,0.0437402116683383,0.038441260800298735,0.051040683474491,0.05195516823233405,0.19485892443920405,0.46296296296296297,0.018518518518518517,0.09259259259259259,0.2037037037037037,0.1759259259259259,19.5,0.04116414071955546,0.11957929784043897,1.142836797106027,1.1438137256514174,0.31891304578342106,0.31860164265956487,0.16666666666666666,False,0.17592592592592593,0.8240740740740741,False
Rq_nm,6028,N6389,2.0189785957336426,2.0135893261806603,0.005389269552982245,0.05158603912970894,0.12483746188832961,0.19364604094648433,0.24481076581679134,0.840877404197252,0.5740740740740741,0.09259259259259259,0.2305536962590506,0.46296296296296297,0.40486064628698487,23.5,0.11424044674244178,0.3139790993393391,3.359810000768958,1.3635717102418674,0.03474185924423416,0.25574569420585397,0.42592592592592593,False,0.4048606462869848,0.5951393537130152,False
Rq_nm,6028,N6390,1.9620892405509949,1.1484421965538603,0.8136470439971346,0.08583436425587854,0.29122194642963567,0.18114268326727015,0.2542046807961072,0.8985130066054088,0.7222222222222222,0.12962962962962962,0.30597614151589453,0.12962962962962962,0.17371625760119586,25.0,0.19628274292797857,0.5240118173141359,4.544249124939831,0.5047227762522616,0.010628150133726692,0.6036729046971935,0.7222222222222222,False,0.1737162576011959,0.8262837423988041,False
Rq_nm,6029,6022,1.649340271949768,0.7471844353375106,0.9021558366122575,1.3787345658555712,0.5654437156414438,1.0647813867212228,0.8694572450718686,2.4567788040283776,0.9814814814814815,0.2777777777777778,0.5221434140693216,0.018518518518518517,0.1444247424062193,27.0,0.7055492300291536,2.242275245031446,3.3606408347594128,67.91326632526318,0.034713006514256566,3.203636159528155e-30,0.9814814814814815,True,0.9814814814814815,0.01851851851851849,False
Rq_nm,6029,6028,5.214306831359862,3.8065491951063377,1.4077576362535247,0.23770290633886537,0.26801616618502183,1.1157658183924097,0.90647137927774,3.4114451971749484,0.9074074074074074,0.46296296296296297,0.6481481481481481,0.8333333333333334,0.787037037037037,30.0,0.17097048399776643,0.4555607260402672,-0.9803545756377672,0.2465556542674244,1.0,0.7814878671919433,0.5370370370370371,False,0.787037037037037,0.21296296296296302,False
Rq_nm,6029,6033,2.0502288341522217,2.1585997194188957,0.10837088526667404,0.013367617958720768,0.2046123182627944,0.23861679819121048,0.26209381758946776,1.0663873220878481,0.3148148148148148,0.9814814814814815,0.5558641118445791,0.5,0.5139660279611448,40.25,0.08117527234107584,0.22086298329542553,-0.9233847833341842,1.507904570621953,1.0,0.22137336454447584,0.3148148148148148,False,0.5139660279611448,0.48603397203885523,False
Rq_nm,6029,6047,3.348536252975464,2.405250161544955,0.943286091430509,0.005877118107454393,0.1639248721655978,0.09863619748979331,0.15727339388075123,0.6537750856592806,0.24074074074074073,0.6111111111111112,0.3835613921705181,0.5370370370370371,0.4986681258204073,31.5,0.032692988695865476,0.09927465389794932,-0.6318163589223561,-1.8363942409435476,1.0,1.0,0.09259259259259259,False,0.4986681258204073,0.5013318741795927,False
Rq_nm,6029,6048,1.8154829144477844,2.609783677443192,0.7943007629954075,0.33730597356459313,0.30201857943705435,0.4719034373841299,0.42359378403218606,1.3167163171554472,0.9444444444444444,0.3148148148148148,0.5452752542346465,0.6111111111111112,0.594652146891995,27.25,0.07877482307966063,0.23424398686190218,-0.03456785986316818,-0.16726277549318092,1.0,1.0,0.24074074074074073,False,0.594652146891995,0.40534785310800503,False
Rq_nm,6029,6056,2.529426336288452,1.7623657790516218,0.7670605572368303,0.0,0.1641929605313381,0.4417791489097999,0.3984018616689286,1.3586258346358109,0.2037037037037037,0.6851851851851852,0.37359705558948175,0.3148148148148148,0.32951037500848157,34.5,0.14570250795302056,0.4047025444809488,-0.6766562558451347,-0.41791450856851814,1.0,1.0,0.5,False,0.32951037500848157,0.6704896249915184,False
Rq_nm,6029,6057,3.9545385837554927,0.8835736913203065,3.070964892435186,0.008527455064347711,0.054732783357123255,0.03185754675982166,0.04523877190569023,0.1497042877398448,0.2777777777777778,0.8333333333333334,0.4811252243246882,0.05555555555555555,0.1619479727478387,39.0,0.2169625326739991,0.585878970343616,-0.661627634045905,-0.10322693321950525,1.0,1.0,0.6851851851851852,False,0.16194797274783868,0.8380520272521613,False
Rq_nm,6029,6062,3.0923656225204468,4.948869833215101,1.8565042106946539,0.0,0.9390428783750179,0.3532532976857219,0.7038443094180113,2.512293425468419,0.2037037037037037,0.7592592592592593,0.3932733441036167,0.9444444444444444,0.8066516693592374,37.5,0.44354058521129097,1.231237327517661,-1.1151594985909095,0.1658104966086876,1.0,0.8472067675337032,0.9444444444444444,True,0.9444444444444444,0.05555555555555558,False
Rq_nm,6029,6063,5.24570107460022,3.6369169731042716,1.608784101495948,0.021021056642697378,0.49266007863700334,0.7504287553750555,0.6812245936462905,2.397861581550249,0.3888888888888889,0.2777777777777778,0.32867109906108977,0.7962962962962963,0.6793899969874947,27.0,0.032977547704348104,0.10543973177711585,-0.39214386888135605,2.8694019270241826,1.0,0.056732846817969966,0.12962962962962962,False,0.6793899969874947,0.3206100030125053,False
Rq_nm,6029,6070,2.544952154159546,1.6763151486042547,0.8686370055552912,0.11937447364769938,0.11798626192585768,0.06214956759335293,0.09067683616719392,0.30725915899542455,0.7222222222222222,0.35185185185185186,0.5040984292154148,0.24074074074074073,0.30658016285940926,27.5,0.11279850189568986,0.30920664872597914,-0.38090849204984323,-0.20272928195926226,1.0,1.0,0.35185185185185186,False,0.30658016285940926,0.6934198371405907,False
Rq_nm,6029,6072,1.470114827156067,0.8897179696277541,0.5803968575283128,0.0,0.028475700149346226,0.0609890123438064,0.06410696063889133,0.20922354111741248,0.2037037037037037,0.7592592592592593,0.3932733441036167,0.09259259259259259,0.16776278047034862,37.5,0.3229780822919921,0.8759542221836757,0.766221075426006,-0.0712674143050382,0.4647660699174628,1.0,0.8333333333333334,False,0.16776278047034865,0.8322372195296514,False
Rq_nm,6029,6078,1.5030123591423035,1.876292218443277,0.3732798593009736,0.0,0.06803143548838178,0.05997404681453388,0.06957326215168372,0.23345135964864383,0.2037037037037037,0.9074074074074074,0.4299328431942185,0.35185185185185186,0.3713720996874435,39.25,0.20072704610231956,0.5433782376292893,-1.1341350764390048,0.6194235065276542,1.0,0.5382546484601106,0.6481481481481481,False,0.37137209968744345,0.6286279003125566,False
Rq_nm,6029,6080,3.9266197681427,2.936612531298312,0.9900072368443884,0.058432128577144304,0.14837629781180373,0.24206821068147732,0.23421932441554816,0.6626779210987004,0.5740740740740741,0.9444444444444444,0.7363294574841127,0.6851851851851852,0.6979712532599172,39.5,0.22460774086502586,0.6415491472387445,0.502092502475339,1.4206067199683,0.6052628197475585,0.24156740865593804,0.7222222222222222,False,0.6979712532599172,0.30202874674008284,False
Rq_nm,6029,6081,0.9417254328727722,3.478222664282812,2.53649723141004,0.0,0.12758365085033144,0.1450713181530925,0.1823473172663375,0.648655645094455,0.2037037037037037,0.7962962962962963,0.40275116983206566,0.7222222222222222,0.642354459124683,37.75,0.033642533270176044,0.10136722096237749,-1.0558629157613704,-1.106230457169459,1.0,1.0,0.16666666666666666,False,0.642354459124683,0.35764554087531697,False
Rq_nm,6029,6082,1.863613247871399,2.6646685136000148,0.8010552657286159,0.17279360844983271,0.10111238733094977,0.43042226684342183,0.3467611822347793,1.3677264684614328,0.8333333333333334,0.6481481481481481,0.7349309197401641,0.6481481481481481,0.6698438410461521,32.0,0.12025999440606674,0.319041720501842,0.6482519317758412,-0.05426644654365571,0.5229591464786332,1.0,0.42592592592592593,False,0.6698438410461521,0.33015615895384787,False
Rq_nm,6029,6084,1.391980767250061,2.5707664294730828,1.1787856622230217,0.11848246915062344,0.2710653558820872,0.2575927889869621,0.3112788848095997,1.1186046677084112,0.6851851851851852,0.5370370370370371,0.6066051612651556,0.5740740740740741,0.5822068458718445,31.0,0.009980941162576577,0.029037087402650208,-0.6100289398514868,-1.4375283330334592,1.0,1.0,0.018518518518518517,False,0.5822068458718445,0.41779315412815554,False
Rq_nm,6029,6085,2.2395859956741333,3.84514127410107,1.605555278426937,0.21493363449068914,0.2941211255777397,0.8730909428448723,0.7317227966889908,2.8676573095172544,0.8703703703703703,0.5740740740740741,0.7068642475552709,0.8703703703703703,0.8294938396665955,31.25,0.07998515607557315,0.23868835689788392,-1.4258576980203919,-0.6883719891409565,1.0,1.0,0.2777777777777778,False,0.8294938396665955,0.1705061603334045,False
Rq_nm,6029,6090,2.4095938205718994,3.545203562433618,1.1356097418617184,0.05789194927348351,0.47735269899663163,0.17182779214744356,0.3671523763520016,1.3972901146241723,0.5370370370370371,0.16666666666666666,0.29917582261858355,0.7592592592592593,0.6442384000990903,25.25,0.1254102696382477,0.37114899950297175,-0.824988171983652,1.1730657308579298,1.0,0.30941689679079626,0.46296296296296297,False,0.6442384000990903,0.3557615999009097,False
Rq_nm,6029,6094,4.058265686035156,2.1459088743349564,1.9123568117001999,0.03179857332426783,0.1782723141359109,0.17142572605355674,0.18780006272038044,0.6702937166742469,0.46296296296296297,0.46296296296296297,0.46296296296296297,0.46296296296296297,0.46296296296296297,30.0,0.023075089985037087,0.06876910492797095,0.316293933912995,-0.9989062623159342,0.7288451863618721,1.0,0.05555555555555555,False,0.462962962962963,0.537037037037037,False
Rq_nm,6029,6095,9.07418346405029,5.152063444334972,3.922120019715317,0.12859517763324746,0.7500769280924146,0.25831069330938183,0.5526072136784465,1.933386810781868,0.7592592592592593,0.3888888888888889,0.5433852130044893,0.9814814814814815,0.8719574143622335,28.75,0.35638356248669784,0.9479848426135059,-0.09785165012656685,-0.06415517064280556,1.0,1.0,0.8703703703703703,False,0.8719574143622335,0.1280425856377665,False
Rq_nm,6029,6099,9.394835472106934,4.69740239522769,4.697433076879244,0.1319778147045545,0.16720538008702612,0.43823783984983283,0.36346043954281715,1.193653775184368,0.7962962962962963,0.5370370370370371,0.6539423549262806,0.9074074074074074,0.8440411442871257,31.0,0.22982924308331237,0.6100235913755246,-0.0730029624402348,-1.2686592227189055,1.0,1.0,0.7592592592592593,False,0.8440411442871257,0.15595885571287427,False
Rq_nm,6029,6101,0.481030598282814,1.2395755362386207,0.7585449379558067,0.01841405172447219,0.06396859583456121,0.06605105383197604,0.0679694423034731,0.22622423258237134,0.35185185185185186,0.9074074074074074,0.5650424556441614,0.16666666666666666,0.2662606139110404,39.25,0.35846143693524357,0.9550023579818604,0.04390313748850791,0.5754165890565994,0.9570466549261314,0.5624705009374498,0.9074074074074074,True,0.9074074074074074,0.09259259259259256,False
Rq_nm,6029,N6342,0.8041046559810638,1.687486529188058,0.8833818732069942,0.0,0.24439842806259912,0.07065737968685441,0.17444071087477545,0.5668275108659278,0.2037037037037037,0.05555555555555555,0.10638078975070422,0.2777777777777778,0.2349285307710094,21.0,0.1901256650073888,0.5349391719634893,1.6978650472911274,-0.11708864136407436,0.18307396137158133,1.0,0.6111111111111112,False,0.2349285307710094,0.7650714692289906,False
Rq_nm,6029,N6358,0.9793977737426758,2.041906394297759,1.062508620555083,0.026729415253459177,0.13000034795888984,0.07632837086662232,0.142515148165802,0.5435300886444023,0.42592592592592593,0.2777777777777778,0.343966215203828,0.42592592592592593,0.40543599824540144,27.0,0.2883877324435219,0.7985014013883859,0.737914881080122,1.8232275944270357,0.47810979267355436,0.16150364055665337,0.7962962962962963,False,0.40543599824540144,0.5945640017545986,False
Rq_nm,6029,N6382,1.1125519275665283,1.4353321911385175,0.3227802635719892,0.05086648268309513,0.044484864793598373,0.055273210786553395,0.05864666809026481,0.22581850077786902,0.5,0.018518518518518517,0.09622504486493763,0.2037037037037037,0.17683403899401218,19.5,0.06652571353743558,0.18822676807160216,1.1906614488235148,0.7890327913752878,0.30402010380544225,0.4542839702352977,0.2037037037037037,False,0.17683403899401218,0.8231659610059878,False
Rq_nm,6029,N6389,2.0189785957336426,2.008689509768235,0.010289085965407452,0.06501388467863323,0.13699136220381428,0.19532295358189944,0.2550154081816469,0.8810612878634656,0.6111111111111112,0.09259259259259259,0.23787467738268758,0.3888888888888889,0.3511353360123386,23.5,0.11908273361545502,0.31854121925254764,3.392616232741004,1.4062766705304925,0.03362060241732062,0.24505400343809855,0.3888888888888889,False,0.3511353360123386,0.6488646639876614,False
Rq_nm,6029,N6390,1.9620892405509949,1.225523832554174,0.7365654079968209,0.09663949446547382,0.3204896832492811,0.19986042124227069,0.283383599291152,1.0166733824534484,0.6481481481481481,0.12962962962962962,0.2898606637499727,0.12962962962962962,0.1696873881597154,25.0,0.1738040966546319,0.49699954996162976,4.37358377547775,0.8032972191357085,0.012605982508096327,0.4478498678507812,0.5740740740740741,False,0.1696873881597154,0.8303126118402846,False
Rq_nm,6033,6022,1.649340271949768,0.9626185346778876,0.6867217372718805,1.336082065096336,0.5544468184578384,1.0738633144372742,0.8729821260301343,2.5019134459305405,0.9814814814814815,0.2777777777777778,0.5221434140693216,0.09259259259259259,0.19998029796177486,27.0,0.373682904138763,1.1488148986300444,3.149759649248958,49.51332614508509,0.042862427645766775,3.137875255912038e-22,0.9444444444444444,True,0.9444444444444444,0.05555555555555558,False
Rq_nm,6033,6028,5.214306831359862,3.680982648225526,1.5333241831343365,0.22514837109412245,0.26287269256859036,1.0639109986534272,0.8664306863671147,3.2939451592885374,0.9074074074074074,0.46296296296296297,0.6481481481481481,0.7962962962962963,0.7592592592592593,30.0,0.14889010328341393,0.4001105092451194,-0.9385380127482895,0.1973677362877822,1.0,0.8208887072355918,0.46296296296296297,False,0.7592592592592593,0.2407407407407407,False
Rq_nm,6033,6029,2.2897632122039795,1.478656035267664,0.8111071769363154,0.018978607915721035,0.28715131316517706,0.0730889574934475,0.20512589163994954,0.7939079576593604,0.2777777777777778,0.6851851851851852,0.43626736997739807,0.24074074074074073,0.2896223980499051,33.5,0.17186201405401835,0.5506626240729253,-1.0189435993298914,65.52513379308866,1.0,3.489763272688912e-29,0.5740740740740741,False,0.2896223980499051,0.7103776019500949,False
Rq_nm,6033,6047,3.348536252975464,2.365390632057703,0.9831456209177607,0.028589969553062478,0.14157091793425167,0.10432103997224221,0.14177145047343398,0.5970444552876875,0.35185185185185186,0.6111111111111112,0.4637031120573672,0.5370370370370371,0.5187035557921196,31.5,0.024798200372028567,0.07463009993518366,-1.070174162947379,-1.5959963396068864,1.0,1.0,0.09259259259259259,False,0.5187035557921196,0.4812964442078804,False
Rq_nm,6033,6048,1.8154829144477844,2.802229427897124,0.9867465134493396,0.369479933932618,0.3282213434247564,0.48856809108976984,0.4427063241387071,1.3728580702738333,0.9444444444444444,0.3148148148148148,0.5452752542346465,0.6111111111111112,0.594652146891995,27.25,0.0717224525265272,0.21733653383461093,-0.13570272973598646,-0.13651950265228147,1.0,1.0,0.2037037037037037,False,0.594652146891995,0.40534785310800503,False
Rq_nm,6033,6056,2.529426336288452,1.7421725456863728,0.7872537906020793,0.0,0.1625626297648072,0.42011106793344566,0.38047556252147885,1.29823002934222,0.12962962962962962,0.7222222222222222,0.30597614151589453,0.2777777777777778,0.28482736871230696,34.5,0.15553027652799586,0.4466532981669824,-1.0024653713052563,-0.21625143261292518,1.0,1.0,0.5370370370370371,False,0.28482736871230696,0.715172631287693,False
Rq_nm,6033,6057,3.9545385837554927,0.9267484594748241,3.027790124280669,0.010410588216686278,0.05460136696318742,0.03240377593844478,0.045044892474634425,0.1421106386883808,0.2037037037037037,0.8703703703703703,0.4210672963297064,0.018518518518518517,0.1191557129713155,39.0,0.19418129446870053,0.5306369560744524,-0.3926848662901605,0.1088898620864936,1.0,0.8968291869544275,0.6481481481481481,False,0.11915571297131544,0.8808442870286846,False
Rq_nm,6033,6062,3.0923656225204468,4.882164246295712,1.7897986237752654,0.0,0.8911155603163957,0.35015323506846197,0.6723935459445252,2.36694099322874,0.12962962962962962,0.7962962962962963,0.3212842883869902,0.9444444444444444,0.7886544054300808,37.5,0.4090954074843605,1.154199566447212,-0.9726529252633036,0.4799672466504509,1.0,0.6188036593667813,0.9814814814814815,True,0.9814814814814815,0.01851851851851849,False
Rq_nm,6033,6063,5.24570107460022,3.528549117441955,1.7171519571582645,0.016782376071849736,0.4933844573279025,0.6959313332019316,0.645229829664928,2.2381001775984384,0.24074074074074073,0.2777777777777778,0.258597037847573,0.7222222222222222,0.6063159261285599,27.0,0.05335324560432416,0.1579755323749794,-0.1843981066007393,3.3215167799328364,1.0,0.036098037430297096,0.16666666666666666,False,0.6063159261285599,0.3936840738714401,False
Rq_nm,6033,6070,2.544952154159546,1.7798044733728298,0.7651476807867161,0.12346553177918551,0.12031408514708543,0.07280148538176859,0.09710789571633834,0.30190672966142373,0.7222222222222222,0.35185185185185186,0.5040984292154148,0.3148148148148148,0.36213571841496484,27.5,0.10226494539255623,0.2773759827730662,-0.5573520181106865,-0.184180619608745,1.0,1.0,0.3148148148148148,False,0.36213571841496484,0.6378642815850352,False
Rq_nm,6033,6072,1.470114827156067,0.9276278453546634,0.5424869818014035,0.0,0.028457709121225222,0.06571404936443422,0.06975943868749541,0.22536603186144744,0.12962962962962962,0.7962962962962963,0.3212842883869902,0.05555555555555555,0.1219877387634142,37.5,0.3063114492480167,0.839210521055301,0.9567146683641753,-0.07874771182733702,0.38415288471008474,1.0,0.8703703703703703,False,0.12198773876341418,0.8780122612365858,False
Rq_nm,6033,6078,1.5030123591423035,1.9135973694483395,0.410585010306036,0.0,0.04860805916711161,0.06260919974554469,0.06363999445118525,0.21565800367792298,0.12962962962962962,0.9444444444444444,0.3498971042165034,0.3888888888888889,0.3791409427207925,39.25,0.17993069895468275,0.4972678361553152,-0.9026522297321101,0.7342172639064724,1.0,0.4798809321337038,0.6111111111111112,False,0.3791409427207926,0.6208590572792074,False
Rq_nm,6033,6080,3.9266197681427,3.1437520837182746,0.7828676844244256,0.09044159396458085,0.15528346283894337,0.2492457971644369,0.23876110938958714,0.675269091943981,0.6481481481481481,0.9814814814814815,0.7975872395317789,0.6851851851851852,0.7132856987718337,39.5,0.2362563921824998,0.6572068295189928,0.4386044920668192,1.2173215159928634,0.6449358064217493,0.2960219961821465,0.7592592592592593,False,0.7132856987718337,0.2867143012281663,False
Rq_nm,6033,6081,0.9417254328727722,3.725377306414343,2.783651873541571,0.009073296108077056,0.14195797535686488,0.17130948200057483,0.20312000835939922,0.7405758403083285,0.16666666666666666,0.8333333333333334,0.37267799624996495,0.8703703703703703,0.7459472768402691,37.75,0.048729004696733226,0.13473590649577072,-0.9584877590619593,-1.1962503649620664,1.0,1.0,0.12962962962962962,False,0.7459472768402691,0.25405272315973093,False
Rq_nm,6033,6082,1.863613247871399,2.8556822790806304,0.9920690312092315,0.1667518392342613,0.12493315018760451,0.4486340088614169,0.3639517527609378,1.4521640643958085,0.8703703703703703,0.6481481481481481,0.7510851774323425,0.6481481481481481,0.6738824054691968,32.0,0.1292622701885893,0.344312357267477,0.6199282088972855,-0.11168417388446929,0.5379830586053544,1.0,0.42592592592592593,False,0.6738824054691968,0.32611759453080325,False
Rq_nm,6033,6084,1.391980767250061,2.647715145325889,1.2557343780758279,0.1266143764689267,0.27733525128141967,0.2612635781546204,0.31493290068295043,1.1178247246178596,0.7592592592592593,0.5370370370370371,0.6385533203543211,0.5740740740740741,0.5901938856441359,31.0,0.02203653155371533,0.06850249360594929,-0.12351772556731692,-1.215189547853859,1.0,1.0,0.05555555555555555,False,0.5901938856441359,0.4098061143558641,False
Rq_nm,6033,6085,2.2395859956741333,3.7000626316394274,1.460476635965294,0.16174758019966795,0.28445270057115907,0.8060425816222329,0.6786173580049373,2.6540789366928084,0.8333333333333334,0.5740740740740741,0.6916610887771518,0.8333333333333334,0.7979152721942879,31.25,0.07272683721839752,0.2146426019431693,-1.2796739418472995,-0.5399321697057914,1.0,1.0,0.24074074074074073,False,0.7979152721942879,0.20208472780571207,False
Rq_nm,6033,6090,2.4095938205718994,3.5352455547573958,1.1256517341854964,0.0732742957858199,0.4219503686005858,0.1577841016512211,0.32581265162613504,1.2224502738177625,0.5740740740740741,0.16666666666666666,0.30932024237944566,0.7592592592592593,0.6467745050393059,25.25,0.10856167350779351,0.31999293013951713,-0.4643332101965375,1.3864178213535612,1.0,0.2499691368468076,0.35185185185185186,False,0.6467745050393059,0.3532254949606941,False
Rq_nm,6033,6094,4.058265686035156,2.1216872565459743,1.936578429489182,0.04038454324433882,0.17724355032757133,0.17373340753949665,0.18987884403561822,0.682501784193966,0.42592592592592593,0.46296296296296297,0.44405847438080737,0.5,0.48601461859520184,30.0,0.019489941307267868,0.06157516519383788,0.3233072487305813,-1.014723933990981,0.7237514484888983,1.0,0.018518518518518517,False,0.4860146185952019,0.5139853814047981,False
Rq_nm,6033,6095,9.07418346405029,4.774829332910961,4.299354131139329,0.10012020234973118,0.665226625097748,0.23584790658033458,0.49322478140423837,1.762839275507071,0.6851851851851852,0.3888888888888889,0.516198513509865,0.9074074074074074,0.8096051839330218,28.75,0.2949354793444771,0.7898121754408949,0.020185453366587742,0.016279352918914334,0.9800169090177864,0.983852439611959,0.8333333333333334,False,0.8096051839330218,0.19039481606697817,False
Rq_nm,6033,6099,9.394835472106934,4.90178592435552,4.493049547751413,0.14485481020195223,0.1491300467110545,0.43885410459158586,0.36449476658687396,1.1827496978646543,0.7962962962962963,0.5370370370370371,0.6539423549262806,0.9814814814814815,0.8995966998426813,31.0,0.23586300742068453,0.638685393474788,-0.03725193208723244,-1.5427269719137517,1.0,1.0,0.7222222222222222,False,0.8995966998426813,0.10040330015731869,False
Rq_nm,6033,6101,0.481030598282814,1.3159047211054717,0.8348741228226577,0.0330074933737281,0.060499984209397874,0.06646437560979028,0.06668918884721736,0.22296641028729525,0.3888888888888889,0.9444444444444444,0.6060395619242064,0.16666666666666666,0.27650989048105157,39.25,0.31850054124995814,0.8510522264858311,-0.3315831835510782,0.6630865337943429,1.0,0.5152585147915806,0.9074074074074074,True,0.9074074074074074,0.09259259259259256,False
Rq_nm,6033,N6342,0.8041046559810638,1.7995594485640796,0.9954547925830157,0.018983906311465404,0.23700482153240526,0.07446716598312542,0.17115399948312357,0.5505859569784681,0.3148148148148148,0.05555555555555555,0.13224867460264536,0.35185185185185186,0.29695105753955026,21.0,0.1533884928520326,0.44550944365664447,1.5652416542838155,-0.06715017246223047,0.2090374922637481,1.0,0.5,False,0.2969510575395502,0.7030489424604498,False
Rq_nm,6033,N6358,0.9793977737426758,1.9948604980093518,1.015462724266676,0.042244672335427946,0.12379637487026669,0.07292799942227356,0.1351246572444858,0.4978748037441423,0.5,0.2777777777777778,0.37267799624996495,0.42592592592592593,0.41261394350693564,27.0,0.28191913581227696,0.7910777398585509,0.7378337568389256,2.890582884467038,0.47814858054099046,0.05554382753970959,0.7962962962962963,False,0.4126139435069356,0.5873860564930644,False
Rq_nm,6033,N6382,1.1125519275665283,1.356100577070296,0.24354864950376776,0.04154626226751579,0.03807792543182489,0.05122500191326794,0.0518447134897979,0.19360027004113323,0.46296296296296297,0.018518518518518517,0.09259259259259259,0.2037037037037037,0.1759259259259259,19.5,0.07691261102666654,0.21310359147788438,1.1753080989427982,0.7222819673124347,0.3087238475426712,0.4856427696098687,0.2777777777777778,False,0.17592592592592593,0.8240740740740741,False
Rq_nm,6033,N6389,2.0189785957336426,2.0185292698248953,0.00044932590874724454,0.05410940439680112,0.1286954187642528,0.18687484837447244,0.24265410642284907,0.8340283550367613,0.5370370370370371,0.09259259259259259,0.2229924921998573,0.46296296296296297,0.40297034527218656,23.5,0.12145286518048655,0.3284373364568308,3.4195136923346694,1.5960087404771732,0.03272834711567543,0.20270394965750832,0.3888888888888889,False,0.40297034527218656,0.5970296547278134,False
Rq_nm,6033,N6390,1.9620892405509949,1.1566935229198092,0.8053957176311857,0.08679954524730515,0.2976655865013488,0.18074995558799384,0.25794191202901573,0.9100737831857184,0.6111111111111112,0.12962962962962962,0.2814571139550123,0.12962962962962962,0.16758650071097528,25.0,0.20421437652046065,0.5594423662698389,4.371778990588071,0.7886473662918209,0.012628754137611851,0.45445909641928744,0.6851851851851852,False,0.16758650071097525,0.8324134992890247,False
Rq_nm,6047,6022,1.649340271949768,0.8951855133076397,0.7541547586421283,1.3000563263052984,0.5384606212067896,1.0343075928565975,0.8412183229345369,2.407919149770221,0.9814814814814815,0.2777777777777778,0.5221434140693216,0.018518518518518517,0.1444247424062193,27.0,0.36390915001660845,1.109903566396518,3.295676772092228,58.09679462473574,0.03704296691584501,5.873306675916815e-26,0.9444444444444444,True,0.9444444444444444,0.05555555555555558,False
Rq_nm,6047,6028,5.214306831359862,3.599475770129944,1.6148310612299186,0.22558831926769018,0.2576950836647542,1.0418648777026602,0.8484537262127743,3.2199504784419064,0.9074074074074074,0.46296296296296297,0.6481481481481481,0.7962962962962963,0.7592592592592593,30.0,0.1510092869606751,0.40683752588583333,-0.92182136305995,0.15564192991990558,1.0,0.8558655953727982,0.5740740740740741,False,0.7592592592592593,0.2407407407407407,False
Rq_nm,6047,6029,2.2897632122039795,1.4512038195144454,0.8385593926895341,0.02039261389582503,0.28934286708647955,0.06986853707800117,0.20570476661647183,0.801860093404063,0.3148148148148148,0.6481481481481481,0.45171521917223956,0.24074074074074073,0.29348436034861547,33.5,0.08740127503735406,0.2499236042115468,-0.5384532376718898,72.93564289744957,1.0,2.1108275583847386e-32,0.3148148148148148,False,0.29348436034861547,0.7065156396513845,False
Rq_nm,6047,6033,2.0502288341522217,2.1789112606279324,0.1286824264757107,0.009951951527642944,0.20468295821355592,0.23080649316819377,0.2584992504325035,1.0583083094392611,0.24074074074074073,0.9814814814814815,0.4860890647558032,0.5370370370370371,0.5243000439667286,40.25,0.08329363272650998,0.2217813594474387,-0.9930424416814475,1.0383212302837446,1.0,0.3540485493187178,0.2777777777777778,False,0.5243000439667286,0.4756999560332714,False
Rq_nm,6047,6048,1.8154829144477844,2.689143827659875,0.8736609132120905,0.36589827854008394,0.3142824168687647,0.4679463733772266,0.42425038651325025,1.3120311228320807,0.9444444444444444,0.3148148148148148,0.5452752542346465,0.6111111111111112,0.594652146891995,27.25,0.05975390657240512,0.18464304712851543,-0.06970893598686986,-0.3691442695821011,1.0,1.0,0.12962962962962962,False,0.594652146891995,0.40534785310800503,False
Rq_nm,6047,6056,2.529426336288452,1.7189840893823318,0.8104422469061203,0.0,0.16136193312687158,0.4118587953944893,0.3739518811764605,1.271375167869294,0.12962962962962962,0.6851851851851852,0.2980273507302052,0.2777777777777778,0.28284017101588466,34.5,0.14699973111114897,0.4058968621385207,-0.8255642737327656,-0.5149760331197073,1.0,1.0,0.5370370370370371,False,0.28284017101588466,0.7171598289841153,False
Rq_nm,6047,6057,3.9545385837554927,0.9028518133971437,3.051686770358349,0.009739059124381555,0.053789407198763774,0.03142666345946501,0.04417413249898512,0.14023238455266307,0.2037037037037037,0.8333333333333334,0.41201102706087017,0.05555555555555555,0.14466942343188421,39.0,0.19918949832727414,0.5412212310633107,-0.6123526696079384,-0.13517890265867788,1.0,1.0,0.6851851851851852,False,0.14466942343188416,0.8553305765681158,False
Rq_nm,6047,6062,3.0923656225204468,4.803696506570154,1.7113308840497075,0.0,0.8765594044910591,0.3464067516697146,0.6627997479840437,2.325869132812178,0.12962962962962962,0.7592592592592593,0.313723599001804,0.9074074074074074,0.7589864553060066,37.5,0.4669720587577984,1.2969780818557535,-1.0017482945234912,0.6973627416038654,1.0,0.49789665598046373,0.9814814814814815,True,0.9814814814814815,0.01851851851851849,False
Rq_nm,6047,6063,5.24570107460022,3.531158805473507,1.7145422691267127,0.0119459488302045,0.4904848502504114,0.7054965381977895,0.650605701354964,2.258451384279016,0.2777777777777778,0.2777777777777778,0.2777777777777778,0.7592592592592593,0.6388888888888888,27.0,0.03455274790483513,0.10433818686731833,-0.11896659711946138,2.3490880766433686,1.0,0.09545617124883143,0.09259259259259259,False,0.6388888888888888,0.36111111111111116,False
Rq_nm,6047,6070,2.544952154159546,1.739401648718118,0.8055505054414278,0.12167666053499704,0.1188613221746125,0.0715498133755291,0.0954175356477413,0.29720284598659696,0.7222222222222222,0.35185185185185186,0.5040984292154148,0.3148148148148148,0.36213571841496484,27.5,0.11420800667536708,0.3060538720901842,-0.49862618954080895,-0.7085119861095502,1.0,1.0,0.3888888888888889,False,0.36213571841496484,0.6378642815850352,False
Rq_nm,6047,6072,1.470114827156067,0.9141171057499455,0.5559977214061214,0.0,0.02838038726983521,0.06288254919950584,0.06704857110580466,0.2167368954222263,0.12962962962962962,0.7592592592592593,0.313723599001804,0.09259259259259259,0.14787534419489545,37.5,0.30244326362178453,0.8197988796231002,0.783133638407629,-0.2750249715485985,0.45697178097517455,1.0,0.8333333333333334,False,0.14787534419489545,0.8521246558051045,False
Rq_nm,6047,6078,1.5030123591423035,1.8574982369968014,0.3544858778544979,0.0,0.04999909798881373,0.06315978826676423,0.06482909988787025,0.2240773015048556,0.12962962962962962,0.9074074074074074,0.3429677625454099,0.3888888888888889,0.3774086073030192,39.25,0.17295260234845522,0.47887238096194884,-1.0657087817229505,0.46796556602851846,1.0,0.626275088424808,0.6111111111111112,False,0.3774086073030192,0.6225913926969808,False
Rq_nm,6047,6080,3.9266197681427,3.0514910636395283,0.8751287045031719,0.08541294413972667,0.15170878545147923,0.24484490174054477,0.23273928241441078,0.646991983372839,0.6481481481481481,0.9444444444444444,0.78239371015843,0.6851851851851852,0.7094873164284965,39.5,0.2395854727811291,0.6531558314282991,0.4846979751923648,0.8956006150755634,0.6158831806761632,0.4083622564426018,0.7592592592592593,False,0.7094873164284965,0.2905126835715035,False
Rq_nm,6047,6081,0.9417254328727722,3.649346408712669,2.707620975839897,0.02357828812358731,0.13867549936595025,0.16923993340088267,0.20448795259188468,0.7560733007670044,0.35185185185185186,0.7962962962962963,0.5293187380724612,0.8703703703703703,0.7851074622958931,37.75,0.06525660359751968,0.18076709211999398,-1.0230452518621669,-1.3767128134494135,1.0,1.0,0.16666666666666666,False,0.7851074622958931,0.21489253770410688,False
Rq_nm,6047,6082,1.863613247871399,2.692311428163295,0.8286981802918962,0.16862962087136824,0.11357624174948333,0.4214165220221355,0.34134267857947737,1.3522094665440274,0.8333333333333334,0.6111111111111112,0.7136240321480628,0.6481481481481481,0.6645171191481268,32.0,0.12387862981546746,0.3316179904200709,0.6433741807086721,-0.5397888951841845,0.5255162423821274,1.0,0.46296296296296297,False,0.6645171191481268,0.33548288085187317,False
Rq_nm,6047,6084,1.391980767250061,2.5692249133945104,1.1772441461444494,0.12184277437751057,0.26252911615425456,0.25168139870736655,0.3031170060732396,1.0760965689463515,0.7592592592592593,0.5370370370370371,0.6385533203543211,0.5740740740740741,0.5901938856441359,31.0,0.025738706076043387,0.08088806305784657,-0.31465633362858686,-0.883686211479977,1.0,1.0,0.05555555555555555,False,0.5901938856441359,0.4098061143558641,False
Rq_nm,6047,6085,2.2395859956741333,3.6342585958216005,1.3946726001474672,0.18198320026952075,0.2801730609893876,0.8006757693276846,0.67440510006527,2.635620384682646,0.8703703703703703,0.5740740740740741,0.7068642475552709,0.8333333333333334,0.8017160618888177,31.25,0.07603784458918492,0.22655963591531503,-1.1255379883315875,-1.1654120913996644,1.0,1.0,0.2037037037037037,False,0.8017160618888177,0.19828393811118228,False
Rq_nm,6047,6090,2.4095938205718994,3.435104911307409,1.0255110907355096,0.07640975622535207,0.428706648914235,0.15519521825370217,0.33084107512816335,1.2488087409155586,0.5740740740740741,0.16666666666666666,0.30932024237944566,0.7222222222222222,0.618996727261528,25.25,0.09279662575023993,0.27772038864597626,-0.8266836715289096,1.3572595007248278,1.0,0.2573651203121729,0.35185185185185186,False,0.618996727261528,0.381003272738472,False
Rq_nm,6047,6094,4.058265686035156,2.103077831902045,1.9551878541331114,0.04304548924804763,0.17675639965578396,0.16939405409707445,0.18697515250537192,0.6743413603141293,0.42592592592592593,0.46296296296296297,0.44405847438080737,0.5,0.48601461859520184,30.0,0.019902354677987625,0.06202657203345174,0.313546136683651,-1.3841432070888053,0.7308506592000905,1.0,0.018518518518518517,False,0.4860146185952019,0.5139853814047981,False
Rq_nm,6047,6095,9.07418346405029,4.931314554148875,4.142868909901415,0.08069743204813129,0.7000984522892026,0.24252486252674194,0.5157067550053297,1.8400776495190159,0.6111111111111112,0.3888888888888889,0.48749802152178456,0.9814814814814815,0.8579856164915574,28.75,0.32374087951997327,0.8800797399727388,-0.002802319953789309,0.01882764651286559,1.0,0.981348486501552,0.9074074074074074,True,0.9074074074074074,0.09259259259259256,False
Rq_nm,6047,6099,9.394835472106934,4.853378416078264,4.54145705602867,0.14674506567467827,0.14847153971909735,0.4340540886972537,0.36119312891133604,1.1639265791756253,0.7962962962962963,0.5370370370370371,0.6539423549262806,0.9444444444444444,0.8718189220649034,31.0,0.24676425811328395,0.6656619447931846,0.03374095072996272,-1.7330818775543726,0.9668219267146496,1.0,0.7962962962962963,False,0.8718189220649034,0.1281810779350966,False
Rq_nm,6047,6101,0.481030598282814,1.2624937272182062,0.7814631289353922,0.030818609166451294,0.05897321042669232,0.0657724068021906,0.06566377753760115,0.2196958039774155,0.3888888888888889,0.9074074074074074,0.5940375900868682,0.16666666666666666,0.27350939752171705,39.25,0.3154969723576715,0.8548710123510955,-0.2756538750553807,0.9297738926948145,1.0,0.39464293193424765,0.8703703703703703,False,0.2735093975217171,0.7264906024782829,False
Rq_nm,6047,N6342,0.8041046559810638,1.826479365242424,1.0223747092613602,0.009131769156197844,0.2395540587244285,0.07411733971789983,0.1728210386711168,0.5631533034657958,0.16666666666666666,0.05555555555555555,0.09622504486493763,0.35185185185185186,0.2879451501051233,21.0,0.14245077268292677,0.40904602826357395,1.6443848619533032,-0.28952978981030175,0.19313132868959215,1.0,0.5,False,0.28794515010512334,0.7120548498948767,False
Rq_nm,6047,N6358,0.9793977737426758,2.0142549771281475,1.0348572033854717,0.04308444218042484,0.12487658166159088,0.07225588897728681,0.13609313376942464,0.501553201440031,0.46296296296296297,0.2777777777777778,0.35860956909327935,0.46296296296296297,0.43687461449554205,27.0,0.21915498695045532,0.608898388560901,0.7366316911481506,1.5314017628096246,0.478723692136459,0.21623234831092358,0.7222222222222222,False,0.436874614495542,0.563125385504458,False
Rq_nm,6047,N6382,1.1125519275665283,1.4068207290499877,0.29426880148345935,0.046785841471750356,0.0416003955351078,0.05186129380798521,0.05382018234548889,0.2033603639908128,0.5,0.018518518518518517,0.09622504486493763,0.2037037037037037,0.17683403899401218,19.5,0.0794719065075796,0.2162526999612897,1.1039569403602856,0.7593370015690194,0.33155653518245914,0.4679765919253037,0.24074074074074073,False,0.17683403899401218,0.8231659610059878,False
Rq_nm,6047,N6389,2.0189785957336426,1.9928294886354974,0.02614910709814522,0.05667542375553469,0.13071620423794814,0.18904366600413253,0.2454925766351565,0.8467859834227425,0.5370370370370371,0.09259259259259259,0.2229924921998573,0.42592592592592593,0.37519256749440877,23.5,0.1151294578887029,0.3134820944397846,3.3212750052265205,1.7378021492329108,0.03610676607783597,0.17590659250474125,0.42592592592592593,False,0.37519256749440877,0.6248074325055912,False
Rq_nm,6047,N6390,1.9620892405509949,1.1784969428026828,0.7835922977483121,0.08576643149857621,0.30558448347864225,0.1841973781777617,0.2649554247039523,0.9379992982614043,0.6851851851851852,0.12962962962962962,0.2980273507302052,0.12962962962962962,0.1717290599047735,25.0,0.18200638550004516,0.5000320196268075,4.319168082036509,0.6249907233846423,0.01331095255809316,0.5352663939564096,0.6481481481481481,False,0.1717290599047735,0.8282709400952265,False
Rq_nm,6048,6022,1.649340271949768,1.2506586341160595,0.3986816378337086,1.5500818373617624,0.6485146333899885,1.2256935853305906,0.9963403759079114,2.8399102351532113,0.9814814814814815,0.2777777777777778,0.5221434140693216,0.12962962962962962,0.22775807573955262,27.0,0.2422586363488864,0.7599776433017993,4.382465970790272,50.54104027047439,0.01249450950471987,1.1228069724850458e-22,0.7592592592592593,False,0.22775807573955265,0.7722419242604474,False
Rq_nm,6048,6028,5.214306831359862,4.006008578279303,1.2082982530805593,0.2569606599077572,0.30739329392307374,1.2737422644866647,1.0418783287836493,4.029172530694997,0.9444444444444444,0.42592592592592593,0.6342423625756929,0.8703703703703703,0.811338368421701,30.0,0.15738833328945612,0.4207086651350431,-0.5475644517317646,0.15302825417168842,1.0,0.8581054764094213,0.5740740740740741,False,0.811338368421701,0.18866163157829896,False
Rq_nm,6048,6029,2.2897632122039795,1.487869137013112,0.8018940751908674,0.010017053458045488,0.29033520823522535,0.07684131570149456,0.20886855783563293,0.8002739862344372,0.24074074074074073,0.6481481481481481,0.39501350014262115,0.24074074074074073,0.27930893059121087,33.5,0.15049212647924762,0.43435783740386724,-0.840962369788872,60.118683537726376,1.0,7.776559160807152e-27,0.5,False,0.27930893059121087,0.7206910694087891,False
Rq_nm,6048,6033,2.0502288341522217,2.1583469008766056,0.10811806672438395,0.01657968038975044,0.20289920650888804,0.2226816931196485,0.25089852680360025,1.0293342535250944,0.2777777777777778,0.9814814814814815,0.5221434140693216,0.5370370370370371,0.5333136312951082,40.25,0.140064558278816,0.3944128753765016,-0.7271480775742374,1.5556504146646966,1.0,0.21105206663048756,0.46296296296296297,False,0.5333136312951082,0.4666863687048918,False
Rq_nm,6048,6047,3.348536252975464,2.3364255088847,1.012110744090764,0.04040374153594417,0.145004602768001,0.10556724009240713,0.14089707098345217,0.5907575575926329,0.46296296296296297,0.5740740740740741,0.5155337372990761,0.5740740740740741,0.5594389898803246,31.5,0.021934227680710492,0.06551182562007585,-0.7709703423866306,-1.642862156943185,1.0,1.0,0.09259259259259259,False,0.5594389898803246,0.4405610101196754,False
Rq_nm,6048,6056,2.529426336288452,1.7645769057841605,0.7648494305042917,0.0,0.162742215033479,0.41591228703782396,0.37745930664696536,1.286423519285806,0.09259259259259259,0.6851851851851852,0.2518790834951008,0.2777777777777778,0.27130310420710857,34.5,0.15329498121739316,0.4282205360138347,-0.6448534327984125,-0.25580001648642764,1.0,1.0,0.5370370370370371,False,0.27130310420710857,0.7286968957928914,False
Rq_nm,6048,6057,3.9545385837554927,0.9143232726286605,3.040215311126832,0.004769528040079463,0.05079547862289262,0.03175602436517031,0.04268277975755841,0.13285299667576478,0.16666666666666666,0.8333333333333334,0.37267799624996495,0.05555555555555555,0.1348361657291579,39.0,0.18886573434888768,0.5012320637368389,-0.4901044115294286,0.03782591638903495,1.0,0.9628805480246769,0.6851851851851852,False,0.1348361657291579,0.8651638342708421,False
Rq_nm,6048,6062,3.0923656225204468,5.0905542052217685,1.9981885827013217,0.0,0.9754513250624707,0.40522115816336923,0.7389423353316726,2.6089572961713827,0.09259259259259259,0.7592592592592593,0.26514483450511767,0.9444444444444444,0.7746195419596127,37.5,0.4145159545505561,1.1452889083905113,-0.776200377226582,0.32668067576924004,1.0,0.7213140393057967,0.9814814814814815,True,0.9814814814814815,0.01851851851851849,False
Rq_nm,6048,6063,5.24570107460022,3.5361461369135077,1.709554937686712,0.00789209411692493,0.5160888285721734,0.6924549030262805,0.6510777777633453,2.233412657794899,0.2037037037037037,0.2777777777777778,0.23787467738268758,0.7592592592592593,0.6289131137901163,27.0,0.07992103672803297,0.23995911628224142,0.004226458999901799,2.8307336138329724,0.9957824599083794,0.0589695768998321,0.24074074074074073,False,0.6289131137901163,0.3710868862098837,False
Rq_nm,6048,6070,2.544952154159546,1.8508565734765365,0.6940955806830094,0.13396654550852816,0.12851105043478256,0.08306670617875006,0.10638295533328006,0.3390017259826412,0.7592592592592593,0.3148148148148148,0.4889029178682995,0.35185185185185186,0.3861146183559638,27.5,0.10166150288450544,0.2787391901067249,-0.394883567779699,-0.3440932459189431,1.0,1.0,0.35185185185185186,False,0.38611461835596383,0.6138853816440362,False
Rq_nm,6048,6072,1.470114827156067,0.8919986985085285,0.5781161286475384,0.0010905691679297114,0.026601975771942815,0.062453647229257635,0.06709536252749139,0.22031291211247095,0.12962962962962962,0.7592592592592593,0.313723599001804,0.018518518518518517,0.0923197886393399,37.5,0.3148194556899057,0.85697041064559,1.3308085786944135,-0.15413600288391147,0.2642634970554335,1.0,0.9444444444444444,True,0.9444444444444444,0.05555555555555558,False
Rq_nm,6048,6078,1.5030123591423035,1.8245395388091046,0.3215271796668011,0.0,0.040518916030792176,0.0623900127430013,0.06125456685052998,0.2052416713219063,0.09259259259259259,0.9074074074074074,0.2898606637499727,0.3148148148148148,0.3085762770486043,39.25,0.1828616000061645,0.49712908605365547,-0.9222252298012653,0.31595222798874556,1.0,0.7290942796358126,0.6481481481481481,False,0.30857627704860424,0.6914237229513958,False
Rq_nm,6048,6080,3.9266197681427,3.289605737145685,0.6370140309970154,0.15823282582186282,0.17859714991603654,0.2642772579012667,0.256822863987007,0.7802649343203298,0.8703703703703703,0.9444444444444444,0.9066512344365665,0.6851851851851852,0.7405516974980306,39.5,0.2430630917240533,0.6781639930811132,1.0533633779557374,1.1955442524070006,0.3487627532851039,0.30253925165041085,0.7962962962962963,False,0.7405516974980306,0.2594483025019694,False
Rq_nm,6048,6081,0.9417254328727722,3.625319368779723,2.6835939359069507,0.01957666863454266,0.13639211619406846,0.1850230310116907,0.20778218210724164,0.7745929147750905,0.35185185185185186,0.7962962962962963,0.5293187380724612,0.7962962962962963,0.7295519067403375,37.75,0.04363303711341234,0.12258402831562387,-0.8132875885682613,-1.1977818516691938,1.0,1.0,0.12962962962962962,False,0.7295519067403375,0.27044809325966246,False
Rq_nm,6048,6082,1.863613247871399,2.9060556782339617,1.0424424303625628,0.14820517762345808,0.15887124947970338,0.46734572969682864,0.38410235879556853,1.5312893003369614,0.8333333333333334,0.6111111111111112,0.7136240321480628,0.6481481481481481,0.6645171191481268,32.0,0.1238157732017915,0.33147260653520305,1.2832326385730382,-0.23082972808187624,0.27713995752511944,1.0,0.3888888888888889,False,0.6645171191481268,0.33548288085187317,False
Rq_nm,6048,6084,1.391980767250061,2.6140067257987716,1.2220259585487105,0.13743868502056733,0.2715351473592598,0.26664473621986273,0.3137743066206872,1.1034143577066695,0.7962962962962963,0.5,0.6309898162000304,0.6111111111111112,0.6160807873833409,31.0,0.019309696122166164,0.060441146133530466,-0.39274909529188157,-1.3888860269824264,1.0,1.0,0.05555555555555555,False,0.6160807873833409,0.38391921261665907,False
Rq_nm,6048,6085,2.2395859956741333,3.7771481225475885,1.5375621268734552,0.1260410694625338,0.29046117368976526,0.8230665420715247,0.6922806516517312,2.709977965065258,0.7222222222222222,0.5370370370370371,0.6227841378074163,0.8333333333333334,0.7806960344518541,31.25,0.05824037676073025,0.17406216920043116,-1.1162579805695214,-0.5655966211203275,1.0,1.0,0.16666666666666666,False,0.7806960344518541,0.2193039655481459,False
Rq_nm,6048,6090,2.4095938205718994,3.414694989585285,1.0051011690133858,0.08842160531982035,0.4216028853817359,0.1433162634356035,0.3214357640052208,1.2063482147139286,0.6481481481481481,0.16666666666666666,0.32867109906108977,0.7222222222222222,0.6238344414319391,25.25,0.07653522469052927,0.22790500285405102,-0.5370149425113288,1.386084045394324,1.0,0.25005258446086737,0.2037037037037037,False,0.6238344414319391,0.3761655585680609,False
Rq_nm,6048,6094,4.058265686035156,2.036435666238543,2.0218300197966133,0.039379531904151444,0.16895046262168686,0.16339778056683676,0.17930347234612615,0.6505097901885897,0.42592592592592593,0.42592592592592593,0.42592592592592593,0.5,0.4814814814814815,30.0,0.013928025761343641,0.044099128651772124,0.8658569905234137,-1.0792565681211246,0.42069087000971833,1.0,0.018518518518518517,False,0.4814814814814815,0.5185185185185185,False
Rq_nm,6048,6095,9.07418346405029,4.7255457202723665,4.348637743777923,0.11486058028362756,0.7009382225227982,0.24551580383040025,0.5189198252586962,1.8626556244216808,0.6851851851851852,0.35185185185185186,0.4910027253171427,0.9074074074074074,0.8033062368848413,28.75,0.2933635895521908,0.7908056501839981,0.20352552052525727,0.003010166703640813,0.8158493831522023,0.9969943593056646,0.9074074074074074,True,0.9074074074074074,0.09259259259259256,False
Rq_nm,6048,6099,9.394835472106934,5.092299636074114,4.30253583603282,0.1751143998540794,0.14521972885157622,0.469595263874085,0.38828708798906064,1.2543305831366114,0.9074074074074074,0.5,0.6735753140545634,0.9814814814814815,0.904504939624752,31.0,0.2528334771781006,0.6767889105624428,0.3882755693917981,-1.3386488088789446,0.6782254193437209,1.0,0.8333333333333334,False,0.904504939624752,0.09549506037524802,False
Rq_nm,6048,6101,0.481030598282814,1.4536174882817632,0.9725868899989492,0.04404656979179822,0.05972269897031705,0.06665325582013708,0.06648954856012702,0.22239169757235522,0.5740740740740741,0.9074074074074074,0.7217472322187065,0.2037037037037037,0.3332145858324544,39.25,0.28399702000994453,0.7543447673190431,-0.20776807249123633,0.5173339014614157,1.0,0.5961077131635558,0.8703703703703703,False,0.33321458583245445,0.6667854141675456,False
Rq_nm,6048,N6342,0.8041046559810638,1.8703974490613426,1.0662927930802788,0.01715116244794923,0.2202178733815214,0.07466293047936264,0.16250543342199966,0.5660250303511531,0.3148148148148148,0.05555555555555555,0.13224867460264536,0.3888888888888889,0.32472883531732805,21.0,0.13427078874618653,0.38578681907679646,1.896143960745397,-0.130060952903011,0.1501464750910571,1.0,0.42592592592592593,False,0.3247288353173281,0.6752711646826719,False
Rq_nm,6048,N6358,0.9793977737426758,1.969317923348939,0.9899201496062633,0.037020258818408536,0.12060211488027857,0.07263630398498477,0.1334578624629154,0.4898156244472709,0.3888888888888889,0.2777777777777778,0.32867109906108977,0.46296296296296297,0.42938999698749464,27.0,0.24157647233242155,0.7047771382441059,1.3866625090722475,2.8277072878440155,0.2499079799514463,0.05914830837640661,0.7222222222222222,False,0.4293899969874946,0.5706100030125054,False
Rq_nm,6048,N6382,1.1125519275665283,1.3690208757613282,0.25646894819479993,0.0411145159201971,0.039556380355357086,0.04816007740291786,0.05043032882559752,0.19083457385293623,0.5,0.018518518518518517,0.09622504486493763,0.16666666666666666,0.14905626121623441,19.5,0.08707617728190498,0.24183181235937157,1.768709242371685,0.6731518293237844,0.17055298938324423,0.5100982986813407,0.2777777777777778,False,0.1490562612162344,0.8509437387837656,False
Rq_nm,6048,N6389,2.0189785957336426,1.9559123595642416,0.06306623616940099,0.04365589096027733,0.12351549022835857,0.1735732237544545,0.22847201442044918,0.7823691678558036,0.5370370370370371,0.09259259259259259,0.2229924921998573,0.42592592592592593,0.37519256749440877,23.5,0.0908294476460836,0.24924164254829578,4.744567026530993,1.3533793404206906,0.008698827552087328,0.25836567814272915,0.3148148148148148,False,0.37519256749440877,0.6248074325055912,False
Rq_nm,6048,N6390,1.9620892405509949,1.147516575306047,0.8145726652449479,0.08369599280142137,0.29373214434331696,0.1725878406248746,0.25210746928045447,0.8890266470649998,0.6111111111111112,0.12962962962962962,0.2814571139550123,0.09259259259259259,0.13980872293319752,25.0,0.18205375184253597,0.4830656546518376,6.450017009633145,0.5497649070421199,0.0015804952848625928,0.5770854631628396,0.6111111111111112,False,0.13980872293319746,0.8601912770668025,False
Rq_nm,6056,6022,1.649340271949768,0.7259325170875236,0.9234077548622445,1.3443045072280864,0.548661965806635,1.0742059003846538,0.8744120302136454,2.484853453462258,0.9814814814814815,0.2777777777777778,0.5221434140693216,0.018518518518518517,0.1444247424062193,27.0,0.42856478216655947,1.3233283295982368,3.6261551007105397,46.86317346890349,0.026618332716624737,4.442038905423972e-21,0.9444444444444444,True,0.9444444444444444,0.05555555555555558,False
Rq_nm,6056,6028,5.214306831359862,3.6626977344902816,1.5516090968695808,0.25586572469703217,0.2700274725471377,1.0222807529596325,0.8333198292115972,3.0954598714463692,0.9074074074074074,0.46296296296296297,0.6481481481481481,0.7962962962962963,0.7592592592592593,30.0,0.151805865609989,0.40780257185135194,-0.9420109874623471,0.08687380906792996,1.0,0.9167927792692169,0.5370370370370371,False,0.7592592592592593,0.2407407407407407,False
Rq_nm,6056,6029,2.2897632122039795,1.500712916912186,0.7890502952917935,0.02391736402477762,0.31500337257808136,0.06117635230003467,0.22039137533297407,0.8698017138099874,0.42592592592592593,0.6851851851851852,0.5402204498449934,0.24074074074074073,0.31561066801680393,33.5,0.10007074331020607,0.30152427889448175,-0.6677447171583667,58.85142633041313,1.0,2.7615333510383404e-26,0.42592592592592593,False,0.31561066801680393,0.6843893319831961,False
Rq_nm,6056,6033,2.0502288341522217,2.2132151118692795,0.16298627771705787,0.0,0.2095761291347325,0.24018493503636412,0.2677486543527027,1.0953870872428915,0.2037037037037037,0.9814814814814815,0.4471369062092458,0.5,0.48678422655231146,40.25,0.07856487564901637,0.21220321462733682,-1.079277275276585,0.8905281788930021,1.0,0.41043891032229024,0.24074074074074073,False,0.48678422655231146,0.5132157734476885,False
Rq_nm,6056,6047,3.348536252975464,2.477608317196717,0.8709279357787469,0.0,0.1382225771667934,0.09688068290276049,0.14430204253264575,0.610126463833355,0.2037037037037037,0.6111111111111112,0.3528251645047713,0.5370370370370371,0.4909840689039706,31.5,0.03859888176523925,0.10857112987539608,-0.8778812795922559,-1.8299330550983812,1.0,1.0,0.12962962962962962,False,0.4909840689039706,0.5090159310960294,False
Rq_nm,6056,6048,1.8154829144477844,2.5144192855771528,0.6989363711293684,0.326173029868984,0.29381813431355874,0.4244225960212114,0.38949526872887213,1.1698927146856306,0.9444444444444444,0.3148148148148148,0.5452752542346465,0.5740740740740741,0.5668743691142172,27.25,0.09438667451988161,0.27918176769845426,0.21112276113447256,-0.2404804490061526,0.8096746641996773,1.0,0.35185185185185186,False,0.5668743691142172,0.4331256308857828,False
Rq_nm,6056,6057,3.9545385837554927,0.8963066942684873,3.0582318894870055,0.013712107982288724,0.0552603276565476,0.03177378084687671,0.04519681797389659,0.1460165682505551,0.3148148148148148,0.8333333333333334,0.5121969142940493,0.05555555555555555,0.169715895240179,39.0,0.2141829327106788,0.5751515554576042,-0.6793603487027889,-0.03280974162646484,1.0,1.0,0.6851851851851852,False,0.16971589524017894,0.8302841047598211,False
Rq_nm,6056,6062,3.0923656225204468,4.9273090076760315,1.8349433851555847,0.0,0.8794296451696926,0.3229149514117924,0.6617680747023127,2.328020276049511,0.2037037037037037,0.7592592592592593,0.3932733441036167,0.9444444444444444,0.8066516693592374,37.5,0.4366948964744915,1.199238338963888,-1.073451120661196,0.20575883177154594,1.0,0.8140293706332141,0.9814814814814815,True,0.9814814814814815,0.01851851851851849,False
Rq_nm,6056,6063,5.24570107460022,3.7081315504128183,1.5375695241874014,0.016082350392219613,0.5086098720925861,0.7498333486830195,0.6865549338306969,2.3724862757762932,0.35185185185185186,0.2777777777777778,0.3126285743728543,0.8333333333333334,0.7031571435932136,27.0,0.04972757009483105,0.14437523192277335,-0.41622381655572166,2.0973237797772204,1.0,0.12278458754008151,0.16666666666666666,False,0.7031571435932136,0.2968428564067864,False
Rq_nm,6056,6070,2.544952154159546,1.7727966561227164,0.7721554980368295,0.1298618404613645,0.1260891861466619,0.06430511583628189,0.09597368051187719,0.3139674917637856,0.7592592592592593,0.35185185185185186,0.5168624347019579,0.3148148148148148,0.3653267197866006,27.5,0.0992266537179436,0.2721846038332211,-0.3963327874777801,-0.44264075292516436,1.0,1.0,0.3888888888888889,False,0.3653267197866006,0.6346732802133994,False
Rq_nm,6056,6072,1.470114827156067,0.9458691546348903,0.5242456725211766,0.0,0.02894572612908404,0.06452858926424716,0.06742152709115076,0.21617031126448938,0.2037037037037037,0.7592592592592593,0.3932733441036167,0.09259259259259259,0.16776278047034862,37.5,0.31140522476780785,0.8578952577630043,0.6720464587890516,0.08984321553547371,0.5106624580556521,0.9140744867161514,0.8333333333333334,False,0.16776278047034865,0.8322372195296514,False
Rq_nm,6056,6078,1.5030123591423035,1.8905315752762493,0.3875192161339458,0.0,0.06203415295636926,0.060861183291428554,0.06716490468432541,0.22279452588105308,0.2037037037037037,0.9074074074074074,0.4299328431942185,0.35185185185185186,0.3713720996874435,39.25,0.19873165952077948,0.544352167414111,-1.0407479579101686,0.3459975728048496,1.0,0.7075142043794633,0.6481481481481481,False,0.37137209968744345,0.6286279003125566,False
Rq_nm,6056,6080,3.9266197681427,2.8357329727888465,1.0908867953538537,0.034437107453258786,0.1342125522801066,0.22333245793818196,0.2112850237155651,0.5534623953383191,0.5,0.9444444444444444,0.6871842709362768,0.6851851851851852,0.6856849566229581,39.5,0.21573396303538822,0.6171976175487907,0.5259525951246381,1.3585906782754906,0.5909921199253126,0.25702274957037013,0.7222222222222222,False,0.6856849566229581,0.31431504337704186,False
Rq_nm,6056,6081,0.9417254328727722,3.545880828591605,2.604155395718833,0.0,0.1340512653141122,0.14397687020779149,0.18783438486979906,0.6560116557797273,0.2037037037037037,0.7962962962962963,0.40275116983206566,0.7592592592592593,0.6701322369024608,37.75,0.037050460623291384,0.10703175281976085,-1.0662665356521148,-1.245551123001837,1.0,1.0,0.09259259259259259,False,0.6701322369024608,0.3298677630975392,False
Rq_nm,6056,6082,1.863613247871399,2.53345513948569,0.6698418916142912,0.17260191972285943,0.09618748193080208,0.3944363344670154,0.3181134629533056,1.251518469520839,0.8333333333333334,0.6481481481481481,0.7349309197401641,0.6111111111111112,0.6420660632683743,32.0,0.09433168310007399,0.2530874528465501,0.6415429166205933,-0.41736852429443344,0.5264794831093921,1.0,0.3148148148148148,False,0.6420660632683743,0.35793393673162566,False
Rq_nm,6056,6084,1.391980767250061,2.570582942105211,1.17860217485515,0.10222475190236713,0.25812367859493696,0.24054809724283976,0.2975745898588378,1.0751438313697474,0.7222222222222222,0.5370370370370371,0.6227841378074163,0.6481481481481481,0.6418071455629651,31.0,0.015070047363866931,0.043105281993328526,-0.6290796993417129,-1.4375670918826893,1.0,1.0,0.018518518518518517,False,0.6418071455629651,0.35819285443703486,False
Rq_nm,6056,6085,2.2395859956741333,3.7937814445422853,1.554195448868152,0.24576703859493332,0.2866359475816549,0.8415113777940462,0.7078882068634539,2.7599362728730212,0.8703703703703703,0.5740740740740741,0.7068642475552709,0.8703703703703703,0.8294938396665955,31.25,0.08076357922063143,0.2427244407466359,-1.3453080006989475,-1.0749191620017848,1.0,1.0,0.2777777777777778,False,0.8294938396665955,0.1705061603334045,False
Rq_nm,6056,6090,2.4095938205718994,3.5383767843818967,1.1287829638099973,0.06109634280511189,0.4572484255107345,0.17146246804239712,0.35472890377599703,1.3770735629461353,0.6111111111111112,0.16666666666666666,0.3191423692521127,0.7222222222222222,0.6214522589796948,25.25,0.11011340732038177,0.3053267649583137,-0.8447478797301959,1.4533454960545478,1.0,0.23378684535347732,0.46296296296296297,False,0.6214522589796948,0.3785477410203052,False
Rq_nm,6056,6094,4.058265686035156,2.111817716725537,1.9464479693096193,0.0413523227774113,0.17449658890978137,0.17228377641566617,0.18729219139035994,0.6695196753805692,0.5370370370370371,0.46296296296296297,0.4986263710309726,0.46296296296296297,0.47187881497996537,30.0,0.018487048757935876,0.05580369314452793,0.19473343658653075,-1.3467538180901693,0.82305402490748,1.0,0.05555555555555555,False,0.4718788149799653,0.5281211850200347,False
Rq_nm,6056,6095,9.07418346405029,5.264742774916191,3.8094406891340986,0.0008337895876984192,0.7262727136443256,0.2408020916303441,0.5294769993067755,1.9019230288753697,0.24074074074074073,0.3888888888888889,0.30597614151589453,0.9814814814814815,0.8126051464900848,28.75,0.3257972987744861,0.8798660081975435,-0.19485399465327347,-0.08382983006044459,1.0,1.0,0.8703703703703703,False,0.8126051464900848,0.18739485350991525,False
Rq_nm,6056,6099,9.394835472106934,4.679766038541674,4.71506943356526,0.1356346337413541,0.1658968347738547,0.42606924025269655,0.35513181815426026,1.1578134892786909,0.7962962962962963,0.5370370370370371,0.6539423549262806,0.9074074074074074,0.8440411442871257,31.0,0.2274984282366966,0.6116495871545149,-0.10471634967476379,-1.548904994650876,1.0,1.0,0.7592592592592593,False,0.8440411442871257,0.15595885571287427,False
Rq_nm,6056,6101,0.481030598282814,1.2650530853866768,0.7840224871038628,0.020937085400133837,0.06232668734501798,0.06842615777170716,0.06878872146488214,0.22664805904617769,0.3888888888888889,0.9074074074074074,0.5940375900868682,0.16666666666666666,0.27350939752171705,39.25,0.3437315157572272,0.9182737674454811,-0.12582099963620882,0.5046039198371558,1.0,0.6037446593587087,0.9074074074074074,True,0.9074074074074074,0.09259259259259256,False
Rq_nm,6056,N6342,0.8041046559810638,1.7375100314741259,0.933405375493062,0.0028482958378630574,0.25521113703568366,0.06660855518739443,0.17996789717936948,0.61935368881998,0.2777777777777778,0.05555555555555555,0.12422599874998831,0.2777777777777778,0.23938983302083042,21.0,0.17173752466014225,0.4896671738937872,1.5678637531687944,-0.21800970726004965,0.20849009326914356,1.0,0.5740740740740741,False,0.2393898330208304,0.7606101669791696,False
Rq_nm,6056,N6358,0.9793977737426758,2.10052989930974,1.121132125567064,0.0317831562352473,0.12831758704533772,0.07300207788505787,0.13899505978812496,0.518943605718859,0.46296296296296297,0.2777777777777778,0.35860956909327935,0.42592592592592593,0.40909683671776426,27.0,0.24646444367492684,0.7009450166929614,0.5878954818593362,1.6201989047252359,0.5554951049795185,0.19785934001173136,0.7962962962962963,False,0.4090968367177643,0.5909031632822357,False
Rq_nm,6056,N6382,1.1125519275665283,1.3773442711295996,0.26479234356307124,0.06104373209416791,0.04054574481218913,0.058140750769267655,0.05628519609515145,0.20307142042297266,0.5740740740740741,0.018518518518518517,0.10310674745981521,0.2037037037037037,0.17855446464273156,19.5,0.07808050627573025,0.21802455685794958,1.1149621224439834,0.6141871822743712,0.3279276997641683,0.5410805164539495,0.2037037037037037,False,0.1785544646427315,0.8214455353572685,False
Rq_nm,6056,N6389,2.0189785957336426,2.0621595942914306,0.04318099855778801,0.06801213155486452,0.13855268062235673,0.20426294924067084,0.26223959725181645,0.91672758333608,0.6481481481481481,0.09259259259259259,0.24497697324672135,0.3888888888888889,0.352910909978347,23.5,0.13081616209317826,0.3608066146155857,3.4034665489412332,1.5733351276603251,0.03325778017782425,0.20735248088075195,0.5,False,0.35291090997834695,0.647089090021653,False
Rq_nm,6056,N6390,1.9620892405509949,1.187609570359114,0.7744796701918808,0.09604907601436219,0.30089568026319125,0.19392141189903508,0.26467631706811406,0.9325233262579808,0.6851851851851852,0.12962962962962962,0.2980273507302052,0.12962962962962962,0.1717290599047735,25.0,0.18435864893639167,0.5031491907161545,4.411092535502192,0.6780818584528107,0.012141905617828843,0.5075896880529296,0.6111111111111112,False,0.1717290599047735,0.8282709400952265,False
Rq_nm,6057,6022,1.649340271949768,0.8831229954212914,0.7662172765284767,1.3623349655337176,0.5682564469297671,1.0789700807584142,0.8782822287403192,2.4794654466941326,0.9814814814814815,0.2777777777777778,0.5221434140693216,0.05555555555555555,0.17220252018399707,27.0,0.3717333533184877,1.1010190920781908,3.7620426748426863,53.23948517595681,0.02323622780707366,7.557625517731556e-24,0.9444444444444444,True,0.9444444444444444,0.05555555555555558,False
Rq_nm,6057,6028,5.214306831359862,4.2095245395651,1.0047822917947622,0.34052533876811975,0.3847168328638501,1.3547562179936883,1.1155312461187656,4.171264434444158,0.9074074074074074,0.46296296296296297,0.6481481481481481,0.8703703703703703,0.8148148148148149,30.0,0.23202134439374036,0.6177168023077125,-0.8048733606596714,0.2704405497111221,1.0,0.7630432617901604,0.6481481481481481,False,0.8148148148148149,0.18518518518518512,False
Rq_nm,6057,6029,2.2897632122039795,1.3315618641456821,0.9582013480582974,0.003690916219675433,0.30959120208089747,0.0731455124311242,0.22270727637590038,0.8445784473880942,0.16666666666666666,0.6851851851851852,0.33793125168323446,0.2037037037037037,0.23726059069858638,33.5,0.11815782024913077,0.3566716376878482,-0.9287874330036852,73.52527557056784,1.0,1.1705191931885696e-32,0.46296296296296297,False,0.2372605906985864,0.7627394093014136,False
Rq_nm,6057,6033,2.0502288341522217,1.8814718682365963,0.1687569659156254,0.023438258113512633,0.23392963394787203,0.21182880704207602,0.2598282503247629,1.0806658518421624,0.3148148148148148,0.9814814814814815,0.5558641118445791,0.46296296296296297,0.486188250183367,40.25,0.16016567478794186,0.4263456462610693,-0.7537583215748288,0.9297043691246267,1.0,0.39467036987360576,0.5740740740740741,False,0.486188250183367,0.513811749816633,False
Rq_nm,6057,6047,3.348536252975464,2.1813187816234403,1.1672174713520236,0.03257536004885386,0.1583365388130564,0.10482014036047846,0.1479857668288928,0.6118245596868814,0.35185185185185186,0.6111111111111112,0.4637031120573672,0.5370370370370371,0.5187035557921196,31.5,0.02303745216729124,0.06978126209782909,-0.8422105518804711,-1.8817895901279715,1.0,1.0,0.12962962962962962,False,0.5187035557921196,0.4812964442078804,False
Rq_nm,6057,6048,1.8154829144477844,3.116585180854963,1.3011022664071787,0.4469797858101341,0.4434440861640132,0.6123018157112428,0.5638108111585741,1.7150931586074347,0.9444444444444444,0.3148148148148148,0.5452752542346465,0.7222222222222222,0.6779854802253282,27.25,0.030442404671525817,0.09632550836365517,-0.0013238673245098424,-0.26635832819789557,1.0,1.0,0.2037037037037037,False,0.6779854802253282,0.32201451977467177,False
Rq_nm,6057,6056,2.529426336288452,1.6980674524474753,0.8313588838409769,0.0,0.181080950603077,0.4479255910075936,0.407787190711083,1.3751159347345916,0.12962962962962962,0.7222222222222222,0.30597614151589453,0.3148148148148148,0.31260514649008475,34.5,0.11402225575057169,0.31979847532974137,-0.7999792047932743,-0.35254506853723616,1.0,1.0,0.42592592592592593,False,0.31260514649008475,0.6873948535099152,False
Rq_nm,6057,6062,3.0923656225204468,5.23386506273368,2.1414994402132335,0.0,1.070976668289784,0.43211968303066334,0.8062209871082768,2.8615859190532884,0.12962962962962962,0.7962962962962963,0.3212842883869902,0.9814814814814815,0.8164321832078587,37.5,0.44486657759070863,1.217343968767064,-0.8720836665149603,0.2877474805198749,1.0,0.7499509455532253,0.9814814814814815,True,0.9814814814814815,0.01851851851851849,False
Rq_nm,6057,6063,5.24570107460022,3.602240827869155,1.6434602467310646,0.0,0.5857688812750883,0.7507104596086814,0.7154285361131664,2.411876539060012,0.12962962962962962,0.2777777777777778,0.18975834751777035,0.7592592592592593,0.616884031323887,27.0,0.021247232294711225,0.06309628173499449,-0.18638568684701115,2.130896926131033,1.0,0.11873075336482826,0.09259259259259259,False,0.616884031323887,0.383115968676113,False
Rq_nm,6057,6070,2.544952154159546,1.598196553983945,0.946755600175601,0.13518248858388437,0.1409145584824679,0.0779084102347044,0.11170071519075177,0.37430141213388257,0.6851851851851852,0.35185185185185186,0.4910027253171427,0.2777777777777778,0.331084014662619,27.5,0.13692166136908523,0.3730578400959943,-0.4994266907849311,-0.4183524142903664,1.0,1.0,0.5,False,0.33108401466261905,0.668915985337381,False
Rq_nm,6057,6072,1.470114827156067,0.6802985128515874,0.7898163143044795,0.005505050035878201,0.017493486198003224,0.050962074874277605,0.05351536518933728,0.17855770857581343,0.2037037037037037,0.7962962962962963,0.40275116983206566,0.018518518518518517,0.1145766813469053,37.5,0.37014567392747805,1.0009634667779348,0.8673741239158237,-0.25371046591810126,0.4200531097489659,1.0,0.9074074074074074,True,0.9074074074074074,0.09259259259259256,False
Rq_nm,6057,6078,1.5030123591423035,1.4349292789589834,0.0680830801833201,0.0,0.04693523773216526,0.05820935282817816,0.06075981131579238,0.21461117345289615,0.12962962962962962,0.9074074074074074,0.3429677625454099,0.24074074074074073,0.266297496191908,39.25,0.2361558847108037,0.6430186487593845,-0.40659316018763114,0.4361688577696577,1.0,0.6465085487263865,0.6851851851851852,False,0.266297496191908,0.733702503808092,False
Rq_nm,6057,6080,3.9266197681427,3.662349848871056,0.2642699192716442,0.2327233313933137,0.1841144496117822,0.2945341018073543,0.2739586520371553,0.7952880096442572,0.8703703703703703,0.9444444444444444,0.9066512344365665,0.7962962962962963,0.8238850308313639,39.5,0.2792678510894648,0.7645180858433964,0.5412452818615446,1.0354719284315543,0.5820230181996628,0.35505877904731115,0.7592592592592593,False,0.8238850308313639,0.17611496916863612,False
Rq_nm,6057,6081,0.9417254328727722,2.8995675924263735,1.9578421595536013,0.03787589124314872,0.11589263533683228,0.14641885611627511,0.18647039884230662,0.7072005001016421,0.46296296296296297,0.8333333333333334,0.6211299937499416,0.6111111111111112,0.6136158317708188,37.75,0.009256017358277472,0.026423331219367463,-0.9083070564323877,-1.4184457413947515,1.0,1.0,0.018518518518518517,False,0.6136158317708188,0.3863841682291812,False
Rq_nm,6057,6082,1.863613247871399,3.051932734367641,1.1883194864962419,0.18303425169685816,0.24263453830006693,0.5162531856360892,0.43875520108008403,1.6337369124502796,0.7962962962962963,0.6481481481481481,0.7184135089359563,0.6851851851851852,0.6934922661228781,32.0,0.1499516999666429,0.40092949767448427,0.8061522333142331,-0.2917213803700804,0.44657307362829457,1.0,0.5370370370370371,False,0.6934922661228781,0.30650773387712194,False
Rq_nm,6057,6084,1.391980767250061,2.437014497640535,1.045033730390474,0.13007081532268217,0.29620030542420145,0.2614635180365023,0.32413740074320346,1.1333089320813692,0.6481481481481481,0.5370370370370371,0.589982678595333,0.5740740740740741,0.5780512252043888,31.0,0.015386822623750636,0.045802982804160286,-0.527348511104344,-1.5044436557285232,1.0,1.0,0.05555555555555555,False,0.5780512252043888,0.4219487747956112,False
Rq_nm,6057,6085,2.2395859956741333,3.7606852685872423,1.521099272913109,0.15383048491630014,0.3294833203240965,0.8913400478568043,0.7531349070852089,2.916330791762252,0.7592592592592593,0.5740740740740741,0.6602053137028107,0.8333333333333334,0.7900513284257027,31.25,0.07004825282143524,0.20610647795693837,-1.1809263186197287,-0.8704985540410171,1.0,1.0,0.2777777777777778,False,0.7900513284257027,0.2099486715742973,False
Rq_nm,6057,6090,2.4095938205718994,3.0142822168712096,0.6046883962993101,0.0966913775622058,0.484004211896147,0.14444094538512756,0.36622685227311946,1.366381292463048,0.6111111111111112,0.16666666666666666,0.3191423692521127,0.6481481481481481,0.5658967034241393,25.25,0.07235634465092006,0.20773478842135862,-0.646988622145545,1.505972832731208,1.0,0.22180141316653,0.3148148148148148,False,0.5658967034241393,0.43410329657586066,False
Rq_nm,6057,6094,4.058265686035156,1.7724912131996025,2.285774472835554,0.03603952715061198,0.17142943912109015,0.13756411051605358,0.16479334025731218,0.6006198195324179,0.3888888888888889,0.46296296296296297,0.424312564347763,0.35185185185185186,0.36996702997582964,30.0,0.027259000081991957,0.07967035029275782,0.32385369754849824,-1.2084633611657092,0.7233560634041007,1.0,0.16666666666666666,False,0.36996702997582964,0.6300329700241704,False
Rq_nm,6057,6095,9.07418346405029,4.785809777015652,4.288373687034637,0.1472635133373128,0.8787054757267093,0.27080429849874266,0.6358168428403921,2.3196858615182467,0.7222222222222222,0.3888888888888889,0.5299662230094143,0.9074074074074074,0.8130471113079092,28.75,0.30634153864716385,0.8240715542285815,-0.008922634876255536,-0.16007662137961387,1.0,1.0,0.8333333333333334,False,0.8130471113079092,0.1869528886920908,False
Rq_nm,6057,6099,9.394835472106934,5.111867368267861,4.282968103839073,0.19030608694308615,0.1705829623638436,0.5091630895542989,0.42035831647663685,1.327954495823759,0.8333333333333334,0.5370370370370371,0.668977476599572,0.9444444444444444,0.8755777024832263,31.0,0.2861236201427847,0.7606736311609741,0.07994229699473052,-1.3652131730206136,0.9231696145108863,1.0,0.7962962962962963,False,0.8755777024832263,0.1244222975167737,False
Rq_nm,6057,6101,0.481030598282814,1.1456694684414352,0.6646388701586212,0.0370338410865092,0.057538930470899065,0.05177708319362752,0.0563820862539682,0.19096969192138236,0.42592592592592593,0.9074074074074074,0.6216818641331303,0.09259259259259259,0.22486491047772703,39.25,0.34602994122680736,0.9184144512290865,-0.3577968271339602,0.5783824376463051,1.0,0.560804769969431,0.8703703703703703,False,0.22486491047772705,0.775135089522273,False
Rq_nm,6057,N6342,0.8041046559810638,1.9227126946760629,1.118608038694999,0.014748799456535622,0.21966540553378303,0.08394769851165898,0.16964665261144024,0.6391667113129142,0.2777777777777778,0.05555555555555555,0.12422599874998831,0.5,0.4060564996874971,21.0,0.11153961069570303,0.3256615722714219,1.6912597325599328,-0.07830450624889863,0.18428722508863882,1.0,0.3888888888888889,False,0.40605649968749713,0.5939435003125029,False
Rq_nm,6057,N6358,0.9793977737426758,1.7931769594494014,0.8137791857067256,0.012023061887170616,0.09462370304344815,0.06924479475735226,0.11959919051615368,0.41211944872955275,0.24074074074074073,0.2777777777777778,0.258597037847573,0.3888888888888889,0.35631592612855995,27.0,0.271668381492862,0.7535704983116922,0.776852308407132,1.6063997335900113,0.4598512053724931,0.20060855975739725,0.7222222222222222,False,0.35631592612856,0.64368407387144,False
Rq_nm,6057,N6382,1.1125519275665283,1.2373964750132598,0.12484454744673146,0.05176927632254835,0.04383707851795767,0.04792217789847517,0.050869594085386,0.1823085779949556,0.5370370370370371,0.018518518518518517,0.09972527420619452,0.16666666666666666,0.14993131855154862,19.5,0.10165150375380236,0.2763830749236478,1.1285331523000834,0.6959844718061298,0.32350744470740656,0.49858336503025913,0.35185185185185186,False,0.14993131855154862,0.8500686814484514,False
Rq_nm,6057,N6389,2.0189785957336426,1.8612732451401768,0.1577053505934658,0.04904745221434181,0.13703807287488426,0.15364154149778236,0.22255169817057682,0.7562691808424824,0.5,0.09259259259259259,0.2151657414559676,0.42592592592592593,0.3732358798084363,23.5,0.060709184040734776,0.16609570337700452,3.2998639509141503,1.3911332577349218,0.036888185663805466,0.2487931979960716,0.24074074074074073,False,0.3732358798084363,0.6267641201915637,False
Rq_nm,6057,N6390,1.9620892405509949,1.2366008606056818,0.7254883799453131,0.0887105351937354,0.3460100322515845,0.18473598620344536,0.29367636411421677,1.0403040813776854,0.5740740740740741,0.12962962962962962,0.2727948122714118,0.12962962962962962,0.16542092529007515,25.0,0.17760782974412212,0.47758471578908046,4.324864685044445,0.6757764448601278,0.013235340914943603,0.5087612421587584,0.6111111111111112,False,0.16542092529007513,0.8345790747099249,False
Rq_nm,6062,6022,1.649340271949768,1.0930197767352907,0.5563204952144774,1.4182621152337314,0.595114059377161,1.1939968594113108,0.9697396205431037,2.8254213644920525,0.9814814814814815,0.2777777777777778,0.5221434140693216,0.09259259259259259,0.19998029796177486,27.0,0.3459704638800429,1.0747067708461842,3.764212202661064,42.77516249788822,0.023185870809657328,2.6483962523315187e-19,0.9814814814814815,True,0.9814814814814815,0.01851851851851849,False
Rq_nm,6062,6028,5.214306831359862,3.7031835253078134,1.511123306052049,0.20620070139505042,0.2603598070247999,1.0856997584636516,0.8836689366491417,3.4017186076137547,0.9074074074074074,0.46296296296296297,0.6481481481481481,0.8703703703703703,0.8148148148148149,30.0,0.1856495239760623,0.5052930329076403,-0.4343817146364489,0.23772004940197672,1.0,0.7884233797980317,0.6481481481481481,False,0.8148148148148149,0.18518518518518512,False
Rq_nm,6062,6029,2.2897632122039795,1.4763204809394854,0.8134427312644941,0.026293635358498157,0.2875514283967495,0.07768148037798797,0.2065454369990254,0.7953800619812839,0.24074074074074073,0.6851851851851852,0.4061428185085427,0.24074074074074073,0.28209126018269126,33.5,0.08495869751757801,0.2730276329062206,-1.018992704962562,55.68914525809607,1.0,6.523963348246854e-25,0.3888888888888889,False,0.28209126018269126,0.7179087398173087,False
Rq_nm,6062,6033,2.0502288341522217,2.220486302907355,0.17025746875513326,0.02168510622787334,0.21934601231644937,0.23891878208174136,0.2691378905423407,1.104828376634565,0.2037037037037037,0.9814814814814815,0.4471369062092458,0.5370370370370371,0.5145620043300893,40.25,0.07861427445091164,0.2237155447783451,-0.8016190582521973,1.0485067237869732,1.0,0.3504606931807382,0.3148148148148148,False,0.5145620043300893,0.48543799566991075,False
Rq_nm,6062,6047,3.348536252975464,2.363801402434871,0.9847348505405931,0.04239857423286786,0.15166248704868202,0.10806171139651928,0.1484775965773731,0.6214395358914881,0.42592592592592593,0.6111111111111112,0.51018434496133,0.5740740740740741,0.5581016417958881,31.5,0.058087615937813634,0.16960174156116625,-0.9122288443433482,-1.4267816153472257,1.0,1.0,0.16666666666666666,False,0.5581016417958881,0.44189835820411194,False
Rq_nm,6062,6048,1.8154829144477844,2.9237474161742805,1.108264501726496,0.37001151603382665,0.3474609608988757,0.5193935249466094,0.4692243941153824,1.472027574311836,0.9444444444444444,0.3148148148148148,0.5452752542346465,0.6481481481481481,0.6224299246697728,27.25,0.022918622218656332,0.06948763293639193,0.05657215673179729,-0.1885744646583313,0.944998294046524,1.0,0.05555555555555555,False,0.6224299246697728,0.37757007533022724,False
Rq_nm,6062,6056,2.529426336288452,1.7542628371354632,0.775163499152989,0.0,0.16853641368902708,0.4220423287196042,0.3835437536866152,1.3118433093157529,0.09259259259259259,0.7222222222222222,0.258597037847573,0.2777777777777778,0.2729825927952266,34.5,0.15119339247497168,0.416098783645929,-0.8639335416978061,-0.3311566270397818,1.0,1.0,0.5740740740740741,False,0.2729825927952265,0.7270174072047735,False
Rq_nm,6062,6057,3.9545385837554927,0.9304596895849231,3.02407889417057,0.008286878279207044,0.054119000046221846,0.03328457095895132,0.045168721718058504,0.1409501817582589,0.12962962962962962,0.8333333333333334,0.32867109906108977,0.05555555555555555,0.12383444143193911,39.0,0.22717421532093135,0.6068090372176161,-0.6053525084747999,-0.07865415818803399,1.0,1.0,0.7592592592592593,False,0.12383444143193911,0.8761655585680609,False
Rq_nm,6062,6063,5.24570107460022,3.5695457346781256,1.676155339922094,0.04152598626852555,0.5240434222342883,0.7069364983399202,0.6638778388077001,2.2952354398299666,0.35185185185185186,0.2777777777777778,0.3126285743728543,0.7592592592592593,0.647601588037658,27.0,0.05856098824557076,0.16652247729327474,-0.197051609805627,2.367000085425677,1.0,0.09376158153149292,0.2037037037037037,False,0.647601588037658,0.352398411962342,False
Rq_nm,6062,6070,2.544952154159546,1.8291628035481655,0.7157893506113804,0.12523234390796967,0.12300201363687016,0.07757528945635538,0.10025838750102221,0.3172199380671388,0.7222222222222222,0.35185185185185186,0.5040984292154148,0.35185185185185186,0.3899134961927426,27.5,0.08597092224510482,0.23450985620840925,-0.5190091734606,-0.36794397655514627,1.0,1.0,0.42592592592592593,False,0.3899134961927426,0.6100865038072574,False
Rq_nm,6062,6072,1.470114827156067,0.930085730456508,0.5400290966995589,0.0,0.029049944922679483,0.0646836982144421,0.07012067251959223,0.23052529706949088,0.09259259259259259,0.7592592592592593,0.26514483450511767,0.018518518518518517,0.0801750975151683,37.5,0.31018475960844066,0.8427143832565346,0.7732940574529653,-0.06012086612882399,0.4614903859412036,1.0,0.9444444444444444,True,0.9444444444444444,0.05555555555555558,False
Rq_nm,6062,6078,1.5030123591423035,1.8706120988069224,0.3675997396646189,0.0,0.050018098024129105,0.0644487516790411,0.06593839154992685,0.2258461973559418,0.09259259259259259,0.9074074074074074,0.2898606637499727,0.3888888888888889,0.3641318326041599,39.25,0.18010048986275318,0.501047484750531,-0.9570547288070489,0.39096675666685654,1.0,0.6764026415438925,0.6111111111111112,False,0.3641318326041598,0.6358681673958402,False
Rq_nm,6062,6080,3.9266197681427,3.3317483750812795,0.5948713930614207,0.10477867953396869,0.161590187992951,0.27253840201303253,0.25865111111771494,0.725274375732682,0.6481481481481481,0.9444444444444444,0.78239371015843,0.7222222222222222,0.7372650942062742,39.5,0.26196325560413414,0.7252001651940996,0.4895776534810826,1.4367671731567353,0.612885189456191,0.23769494452162607,0.8333333333333334,False,0.7372650942062742,0.2627349057937258,False
Rq_nm,6062,6081,0.9417254328727722,3.6866110341495335,2.7448856012767613,0.020636210996009208,0.13861247403474095,0.17999294406422606,0.209531384377852,0.7890913191095486,0.16666666666666666,0.7962962962962963,0.364302140239,0.8333333333333334,0.71607553505975,37.75,0.07073352241309647,0.1968790100513661,-0.9327828249378913,-1.0730994967319338,1.0,1.0,0.2777777777777778,False,0.71607553505975,0.28392446494025003,False
Rq_nm,6062,6082,1.863613247871399,2.9795471759580745,1.1159339280866756,0.17487393331878298,0.1495155072394845,0.47708306662679434,0.3894678597763288,1.5449799750382764,0.8703703703703703,0.6481481481481481,0.7510851774323425,0.6851851851851852,0.7016601832469745,32.0,0.13583366170541994,0.364334316738099,0.7635717023013893,-0.14858304035653352,0.4659990412316638,1.0,0.5,False,0.7016601832469745,0.29833981675302546,False
Rq_nm,6062,6084,1.391980767250061,2.6529679753510407,1.2609872081009796,0.14574466315335588,0.2853083999027928,0.2800523859706405,0.33240205100571363,1.1701344218513392,0.7962962962962963,0.5370370370370371,0.6539423549262806,0.6111111111111112,0.6218189220649035,31.0,0.05470033963641733,0.17040887827195283,-0.5444280865944388,-1.1989013357189522,1.0,1.0,0.12962962962962962,False,0.6218189220649035,0.3781810779350965,False
Rq_nm,6062,6085,2.2395859956741333,3.745772203047998,1.5061862073738648,0.13891426842244048,0.29853977837855605,0.8302274593138248,0.7009727110978994,2.7497189877082904,0.7592592592592593,0.5740740740740741,0.6602053137028107,0.9074074074074074,0.8456068839812583,31.25,0.07941947593204594,0.23546418136865577,-0.8796735791009826,-0.6311528704637286,1.0,1.0,0.35185185185185186,False,0.8456068839812583,0.15439311601874173,False
Rq_nm,6062,6090,2.4095938205718994,3.5778982962007304,1.168304475628831,0.0983593997807537,0.4521383876711463,0.1575353448938656,0.3459169084476397,1.3050017685872586,0.6111111111111112,0.16666666666666666,0.3191423692521127,0.7962962962962963,0.6770078145352504,25.25,0.052781675597576246,0.14192842119854854,-0.6900857979937334,1.1643826392496097,1.0,0.3121152902957894,0.09259259259259259,False,0.6770078145352504,0.3229921854647496,False
Rq_nm,6062,6094,4.058265686035156,2.1240848685623823,1.934180817472774,0.04362668146752746,0.18110247903833832,0.177186856903895,0.1938036259115807,0.7003390023242542,0.46296296296296297,0.46296296296296297,0.46296296296296297,0.5,0.49074074074074076,30.0,0.014650753950876247,0.04494311012590213,0.4218679089180506,-0.9653934526218814,0.6558206617330696,1.0,0.018518518518518517,False,0.4907407407407407,0.5092592592592593,False
Rq_nm,6062,6095,9.07418346405029,4.711184515635901,4.362998948414388,0.11789481610018981,0.6567537610948994,0.24484703878804198,0.4942785930808144,1.748776059908228,0.6851851851851852,0.3888888888888889,0.516198513509865,0.9444444444444444,0.8373829617107995,28.75,0.3056869494668208,0.8317455938749594,-0.03725106045390472,-0.04222484266206556,1.0,1.0,0.9074074074074074,True,0.9074074074074074,0.09259259259259256,False
Rq_nm,6062,6099,9.394835472106934,4.86774115486584,4.527094317241094,0.16123350492257682,0.1459325539734477,0.42269108590854726,0.35299105791928015,1.133381706665464,0.8333333333333334,0.5370370370370371,0.668977476599572,0.9814814814814815,0.9033554802610042,31.0,0.25762897056078926,0.6946040824641427,0.4995642851238347,-1.3183888974663707,0.606794991726434,1.0,0.7962962962962963,False,0.9033554802610042,0.0966445197389958,False
Rq_nm,6062,6101,0.481030598282814,1.3462257663568349,0.8651951680740209,0.037470643869338405,0.05901311713320229,0.0660503527676273,0.06582249480527168,0.22210009298898492,0.3148148148148148,0.9074074074074074,0.5344766551726597,0.2037037037037037,0.2863969415709427,39.25,0.27043390507957626,0.7219988077242115,-0.3633901626604467,0.6522993056544967,1.0,0.5208468128750487,0.8703703703703703,False,0.28639694157094264,0.7136030584290574,False
Rq_nm,6062,N6342,0.8041046559810638,1.8104274186228764,1.0063227626418125,0.027356010602517467,0.23374344724396526,0.07731051077388085,0.17069694257370702,0.5595016652618585,0.2777777777777778,0.05555555555555555,0.12422599874998831,0.3148148148148148,0.2671676107986082,21.0,0.14404883184911674,0.4127166000941066,1.6230141781611007,-0.07769116482212889,0.19730309522573225,1.0,0.5370370370370371,False,0.2671676107986082,0.7328323892013918,False
Rq_nm,6062,N6358,0.9793977737426758,2.0192536250398847,1.039855851297209,0.04723055408311594,0.1269418631432241,0.07601021942864615,0.14056100357875032,0.5134202000351935,0.5,0.2777777777777778,0.37267799624996495,0.42592592592592593,0.41261394350693564,27.0,0.18862420622021694,0.549392697362943,0.7799076473856696,2.0105820754195993,0.45844834825372616,0.13391070584884376,0.6851851851851852,False,0.4126139435069356,0.5873860564930644,False
Rq_nm,6062,N6382,1.1125519275665283,1.3312142000622942,0.21866227249576586,0.04224780212270618,0.03800291721288128,0.04797417546073772,0.049080029542923835,0.18493377997994065,0.3888888888888889,0.018518518518518517,0.08486251286955258,0.16666666666666666,0.14621562821738815,19.5,0.0603930498183581,0.16081912018786843,1.142778461209247,0.7261329825055997,0.318931650404595,0.48377614842580174,0.24074074074074073,False,0.1462156282173881,0.8537843717826119,False
Rq_nm,6062,N6389,2.0189785957336426,2.0543686275419413,0.035390031808298694,0.052795484912336654,0.13105863473767745,0.18890592887973434,0.24577422506577137,0.8405699127894748,0.5370370370370371,0.09259259259259259,0.2229924921998573,0.46296296296296297,0.40297034527218656,23.5,0.12830624570781873,0.3428407976345972,3.3391217752445983,1.2938773843809284,0.03546809300501303,0.2742055190086368,0.46296296296296297,False,0.40297034527218656,0.5970296547278134,False
Rq_nm,6062,N6390,1.9620892405509949,1.1692394533256072,0.7928497872253877,0.09065920243720127,0.3051106062498974,0.18156903468068755,0.264568778063551,0.9466626696708524,0.5740740740740741,0.12962962962962962,0.2727948122714118,0.12962962962962962,0.16542092529007515,25.0,0.2176267213630168,0.5945616347264977,4.52354783075916,0.6069338556241916,0.010850459705104497,0.5450194179845289,0.7222222222222222,False,0.16542092529007513,0.8345790747099249,False
Rq_nm,6063,6022,1.649340271949768,1.025052181162391,0.6242880907873771,1.298431446397431,0.5442628980431182,1.0450033504773901,0.8479246834372943,2.4462260563356146,0.9814814814814815,0.24074074074074073,0.4860890647558032,0.09259259259259259,0.19096671063339526,27.0,0.2975139490549605,0.9241314593534492,3.6284785222270317,45.4263645862222,0.02655655890075366,1.868876173853389e-20,0.8703703703703703,False,0.1909667106333952,0.8090332893666048,False
Rq_nm,6063,6028,5.214306831359862,3.4259241732165795,1.788382658143283,0.18195501995911467,0.23816608903479955,0.9843824242106624,0.8029501160729678,3.095346892813125,0.9074074074074074,0.42592592592592593,0.6216818641331303,0.7962962962962963,0.7526426882555048,30.0,0.13456241599013022,0.3634512587756469,-0.7973608234595657,0.23537672574823537,1.0,0.7902730773266444,0.42592592592592593,False,0.7526426882555048,0.24735731174449516,False
Rq_nm,6063,6029,2.2897632122039795,1.4559775754440611,0.8337856367599183,0.011706893582409394,0.2640726540446185,0.07782541448686987,0.19163938273483966,0.7306023083521573,0.24074074074074073,0.6481481481481481,0.39501350014262115,0.24074074074074073,0.27930893059121087,33.5,0.1691857947248505,0.5193851504527863,-0.9434863778555111,62.59506626088026,1.0,6.53594108080937e-28,0.5740740740740741,False,0.27930893059121087,0.7206910694087891,False
Rq_nm,6063,6033,2.0502288341522217,2.2072506437887016,0.15702180963647994,0.0,0.18471682917969126,0.22569034292494267,0.24626733283908703,1.0014865287309298,0.09259259259259259,0.9814814814814815,0.30145964066851305,0.5370370370370371,0.47814268794490605,40.25,0.040084589612819285,0.11603967763645229,-0.6092099972938433,1.6665603958375088,1.0,0.18889567587105313,0.12962962962962962,False,0.478142687944906,0.521857312055094,False
Rq_nm,6063,6047,3.348536252975464,2.223592580496439,1.124943672479025,0.032072728413408136,0.12662951452710297,0.10705001908657943,0.13012046225139476,0.5401521539868028,0.35185185185185186,0.5740740740740741,0.4494318925745036,0.5740740740740741,0.5429135286991815,31.5,0.013654828726690112,0.043367943251559016,-0.7115962851474349,-1.569707549295773,1.0,1.0,0.05555555555555555,False,0.5429135286991815,0.4570864713008185,False
Rq_nm,6063,6048,1.8154829144477844,2.8248616159091027,1.0093787014613183,0.30240947314913713,0.3546233441411569,0.4901888936589756,0.45164324868758754,1.3928975662203058,0.9444444444444444,0.2777777777777778,0.5121969142940493,0.6481481481481481,0.6141603396846235,27.25,0.049329869732763855,0.15249672097181854,0.11983121556960771,-0.21291796823075548,0.8870701477119591,1.0,0.16666666666666666,False,0.6141603396846235,0.38583966031537653,False
Rq_nm,6063,6056,2.529426336288452,1.6425029912022857,0.8869233450861664,0.0,0.15039903008237213,0.3611867689284923,0.3305465043386732,1.1173301597569594,0.09259259259259259,0.6851851851851852,0.2518790834951008,0.2777777777777778,0.27130310420710857,34.5,0.1639453158943024,0.46433779604289604,-0.7491378048380452,-0.23723875298574182,1.0,1.0,0.5370370370370371,False,0.27130310420710857,0.7286968957928914,False
Rq_nm,6063,6057,3.9545385837554927,1.0145370107595915,2.940001572995901,0.009447956174464922,0.05637070743141707,0.035063972975085976,0.047122514232618214,0.14677292070284897,0.2037037037037037,0.8333333333333334,0.41201102706087017,0.05555555555555555,0.14466942343188421,39.0,0.17201141534135864,0.46850035608145013,-0.5145827563989591,0.002814469753545808,1.0,0.9971894871533822,0.6111111111111112,False,0.14466942343188416,0.8553305765681158,False
Rq_nm,6063,6062,3.0923656225204468,4.605234823872518,1.5128692013520713,0.012106054896380058,0.8613139029897662,0.3439267067835959,0.6474024348627344,2.2736260542330387,0.2777777777777778,0.7592592592592593,0.45924432472730536,0.9444444444444444,0.8231444145151596,37.5,0.39714360203196275,1.1392021634919802,-0.8088447600136845,0.4504551971837902,1.0,0.637337971132531,0.9814814814814815,True,0.9814814814814815,0.01851851851851849,False
Rq_nm,6063,6070,2.544952154159546,1.7775110177756566,0.7674411363838893,0.11811059142671976,0.11890513904743215,0.08153865567464015,0.10290879183651751,0.32352291621558393,0.7592592592592593,0.3148148148148148,0.4889029178682995,0.3888888888888889,0.41389239613374157,27.5,0.09807604129989723,0.2622351393869554,-0.5225127774641661,-0.18606639723841595,1.0,1.0,0.3148148148148148,False,0.4138923961337415,0.5861076038662585,False
Rq_nm,6063,6072,1.470114827156067,0.918483898930136,0.5516309282259308,0.0,0.03095413054283255,0.06611013780131075,0.07083164072995585,0.23961562624820754,0.09259259259259259,0.7592592592592593,0.26514483450511767,0.018518518518518517,0.0801750975151683,37.5,0.29904835792052886,0.8198576192453151,1.1095063829234628,-0.16519735997162718,0.3297216771625174,1.0,0.9074074074074074,True,0.9074074074074074,0.09259259259259256,False
Rq_nm,6063,6078,1.5030123591423035,1.9321220387577958,0.4291096796154923,0.008641160216065868,0.029217053440330605,0.07492363970066938,0.06789299071287096,0.20903362979194307,0.12962962962962962,0.9074074074074074,0.3429677625454099,0.42592592592592593,0.4051863850807969,39.25,0.1747836054499896,0.4818911295874754,-0.8505516329726823,0.34642041861926837,1.0,0.7072150982018539,0.6481481481481481,False,0.40518638508079685,0.5948136149192031,False
Rq_nm,6063,6080,3.9266197681427,3.0686462080931936,0.8579735600495066,0.09148549491276681,0.15511141082743166,0.24961984228769485,0.23737894071476778,0.6872911926027241,0.6851851851851852,0.9444444444444444,0.804437282554573,0.7222222222222222,0.7427759873053099,39.5,0.23141928083971786,0.6343480534539176,0.6979690904228059,1.1897947577866619,0.49759484844072505,0.304283709520288,0.7592592592592593,False,0.7427759873053099,0.2572240126946901,False
Rq_nm,6063,6081,0.9417254328727722,3.9252381110160566,2.9835126781432844,0.059142545486877474,0.15860582498026138,0.20695543936151098,0.23438849866814007,0.8824603686376209,0.5740740740740741,0.7962962962962963,0.6761161579084698,0.8703703703703703,0.8218068172548952,37.75,0.08131873540718844,0.2253318359095664,-0.7088228256577249,-1.1970868881012082,1.0,1.0,0.24074074074074073,False,0.8218068172548952,0.17819318274510476,False
Rq_nm,6063,6082,1.863613247871399,2.850375856478871,0.9867626086074721,0.13634515075698284,0.13863308938353358,0.44316984899923817,0.3622457891754031,1.466538643052688,0.7962962962962963,0.6111111111111112,0.6975854889569394,0.6851851851851852,0.6882852611281238,32.0,0.15123816030329448,0.40504257416222733,1.0226559748149446,-0.1339541686999474,0.3596384798231379,1.0,0.46296296296296297,False,0.6882852611281238,0.3117147388718762,False
Rq_nm,6063,6084,1.391980767250061,2.637318232047033,1.2453374647969722,0.16089232690396882,0.27749685956572406,0.26136545149049273,0.31068015965960927,1.0768096034973693,0.8703703703703703,0.5,0.6596856715021066,0.6111111111111112,0.62325475120886,31.0,0.02453307613580249,0.07754057087119404,-0.443286994154903,-1.2639085733494841,1.0,1.0,0.09259259259259259,False,0.62325475120886,0.37674524879114,False
Rq_nm,6063,6085,2.2395859956741333,3.4997736639066725,1.2601876682325392,0.058561084932941654,0.27596794189782,0.7314226925463331,0.6191896663749173,2.4198474778239407,0.5370370370370371,0.5370370370370371,0.5370370370370371,0.8333333333333334,0.7592592592592593,31.25,0.05100089445295235,0.15433864732693414,-0.9498334291655549,-0.6522942744153446,1.0,1.0,0.2037037037037037,False,0.7592592592592593,0.2407407407407407,False
Rq_nm,6063,6090,2.4095938205718994,3.384615196699188,0.9750213761272888,0.09182491834724082,0.36224205151844735,0.13581558425806609,0.28032445057455546,1.045756243117066,0.7222222222222222,0.16666666666666666,0.3469443332443555,0.7592592592592593,0.6561805277555333,25.25,0.10078491160308206,0.299215557472713,-0.5393033060586326,1.2808801210014844,1.0,0.2777927016399346,0.35185185185185186,False,0.6561805277555333,0.34381947224446674,False
Rq_nm,6063,6094,4.058265686035156,1.9579618546382203,2.100303831396936,0.029442093040765505,0.15640549034289572,0.16065042812861818,0.17350221634569968,0.6251617001461964,0.3148148148148148,0.42592592592592593,0.36617999876454055,0.46296296296296297,0.4387672219133574,30.0,0.012633015537563203,0.03783769225866229,0.6986287981764066,-1.0110084793767138,0.4972666895174516,1.0,0.018518518518518517,False,0.4387672219133574,0.5612327780866426,False
Rq_nm,6063,6095,9.07418346405029,4.071858575009301,5.002324889040988,0.09074118012285126,0.5202840244305155,0.1993641197312462,0.3911404864420241,1.427044067033885,0.6481481481481481,0.35185185185185186,0.4775480354899121,0.9074074074074074,0.7999425644280336,28.75,0.26209121317885475,0.6952458157333922,0.8444428795517132,0.169580110654559,0.42979674007478447,0.8440191368464391,0.7962962962962963,False,0.7999425644280336,0.20005743557196642,False
Rq_nm,6063,6099,9.394835472106934,4.783183095059313,4.611652377047621,0.15116773874254452,0.11917495526552015,0.386271836410523,0.32215789759311114,1.0397935105005751,0.8333333333333334,0.5,0.6454972243679028,0.9814814814814815,0.8974854172030868,31.0,0.22891032607261702,0.6195631338911558,0.2537638556112164,-1.462937606854028,0.775874998942563,1.0,0.7222222222222222,False,0.8974854172030868,0.10251458279691317,False
Rq_nm,6063,6101,0.481030598282814,1.4452178830514952,0.9641872847686812,0.04767223660236475,0.057141638677627137,0.06272656455046113,0.06290948973597446,0.20893894622832532,0.46296296296296297,0.9074074074074074,0.6481481481481481,0.2037037037037037,0.31481481481481477,39.25,0.2875191853913137,0.7710823102039186,-0.26502545496902336,0.7703310840982217,1.0,0.4628597974212187,0.8333333333333334,False,0.31481481481481477,0.6851851851851852,False
Rq_nm,6063,N6342,0.8041046559810638,1.7385382028251533,0.9344335468440894,0.009209939465139483,0.24586768757710586,0.07138619283962262,0.17518256572239552,0.5751985390552867,0.16666666666666666,0.05555555555555555,0.09622504486493763,0.3148148148148148,0.2601673723273455,21.0,0.17644085917495667,0.5055941734232552,1.8479261552777393,-0.04153502682093798,0.1575635901403043,1.0,0.6851851851851852,False,0.26016737232734544,0.7398326276726546,False
Rq_nm,6063,N6358,0.9793977737426758,1.7666598153170976,0.7872620415744218,0.04830990401675539,0.11372764041842139,0.06905369884001154,0.12145438982071881,0.4544258924804494,0.5,0.24074074074074073,0.3469443332443555,0.35185185185185186,0.3506249721999778,27.0,0.32146461648666425,0.898300038208658,1.0760938555424489,2.7370429792995496,0.3409246289700893,0.06476156532466294,0.9444444444444444,True,0.9444444444444444,0.05555555555555558,False
Rq_nm,6063,N6382,1.1125519275665283,1.375025788454879,0.2624738608883508,0.0350476767728225,0.03342036571777048,0.04384932895253498,0.04426184111502002,0.1603629567962186,0.3888888888888889,0.018518518518518517,0.08486251286955258,0.16666666666666666,0.14621562821738815,19.5,0.08351839690099391,0.22322808063958788,1.524278047267267,0.7762655568593632,0.21777822570934866,0.46012110295265696,0.2777777777777778,False,0.1462156282173881,0.8537843717826119,False
Rq_nm,6063,N6389,2.0189785957336426,2.020263374137613,0.0012847784039702326,0.03704954843867925,0.12052779180372342,0.17299567863843465,0.22454143334825263,0.7631279171261132,0.42592592592592593,0.09259259259259259,0.19858898694006683,0.5,0.4246472467350167,23.5,0.13217000544661184,0.3553607184616168,4.021424037081806,1.5179516380582092,0.01792741744630675,0.21916034720531874,0.3888888888888889,False,0.42464724673501664,0.5753527532649834,False
Rq_nm,6063,N6390,1.9620892405509949,1.1977887535883465,0.7643004869626484,0.08408499113160794,0.2925935887225193,0.1655583486288417,0.24978801941211665,0.8919171602949785,0.6111111111111112,0.12962962962962962,0.2814571139550123,0.12962962962962962,0.16758650071097528,25.0,0.15719375665563243,0.43735529255267946,5.046386691264654,0.7218614020175178,0.006432534237353602,0.4858470570595885,0.5,False,0.16758650071097525,0.8324134992890247,False
Rq_nm,6070,6022,1.649340271949768,0.8169841182873535,0.8323561536624146,1.3248050685405945,0.5478850433084576,1.017535502692585,0.8281445050176967,2.3366979962131884,0.9814814814814815,0.2777777777777778,0.5221434140693216,0.018518518518518517,0.1444247424062193,27.0,0.37635620669569275,1.1418670947494833,3.9011620295110183,45.491644119490836,0.020218403408506756,1.7507735877275525e-20,0.9444444444444444,True,0.9444444444444444,0.05555555555555558,False
Rq_nm,6070,6028,5.214306831359862,3.584330667378488,1.6299761639813743,0.2472305088877671,0.2728376937083605,1.0411524421347824,0.8501902007455925,3.2036816295118222,0.9074074074074074,0.42592592592592593,0.6216818641331303,0.7962962962962963,0.7526426882555048,30.0,0.15415603799709243,0.4122106048140567,-0.8607129892861065,-0.02231781154239515,1.0,1.0,0.5740740740740741,False,0.7526426882555048,0.24735731174449516,False
Rq_nm,6070,6029,2.2897632122039795,1.4120107011960783,0.8777525110079012,0.014302401679601395,0.29566574682579894,0.06577705671125748,0.20894075531768092,0.81896506441937,0.2777777777777778,0.6481481481481481,0.424312564347763,0.24074074074074073,0.28663369664249627,33.5,0.05708517896352597,0.17724303274683972,-0.7266034145661284,53.940342378588,1.0,3.7497900557025165e-24,0.16666666666666666,False,0.28663369664249627,0.7133663033575037,False
Rq_nm,6070,6033,2.0502288341522217,2.2168811620369895,0.1666523278847678,0.013806116764849552,0.2200195181860262,0.23827930179278364,0.2719508735338321,1.1174372117775384,0.24074074074074073,0.9814814814814815,0.4860890647558032,0.5,0.4965222661889508,40.25,0.060833080539061564,0.17906170729777615,-0.8913788209173619,1.1513850879237333,1.0,0.31619850320223747,0.24074074074074073,False,0.4965222661889508,0.5034777338110492,False
Rq_nm,6070,6047,3.348536252975464,2.3558121641779586,0.9927240887975053,0.025530638582928145,0.13500358580458402,0.09684593940403864,0.13588510090096992,0.578096336239442,0.35185185185185186,0.5740740740740741,0.4494318925745036,0.5370370370370371,0.5151357509214037,31.5,0.028952964766427114,0.08187139861989912,-0.8411012041568162,-1.9005222485852884,1.0,1.0,0.09259259259259259,False,0.5151357509214037,0.48486424907859627,False
Rq_nm,6070,6048,1.8154829144477844,2.6758778040036675,0.8603948895558831,0.3403629212469532,0.31764039852179404,0.4672189402507832,0.425362439460368,1.314125200764234,0.9444444444444444,0.3148148148148148,0.5452752542346465,0.6111111111111112,0.594652146891995,27.25,0.06895124581538513,0.20437009348427515,-0.0940100690618235,-0.33960321682311995,1.0,1.0,0.3148148148148148,False,0.594652146891995,0.40534785310800503,False
Rq_nm,6070,6056,2.529426336288452,1.7396924507499338,0.7897338855385183,0.0,0.163998973781991,0.42390729743607597,0.38408527186563923,1.3009634906192329,0.09259259259259259,0.6851851851851852,0.2518790834951008,0.2777777777777778,0.27130310420710857,34.5,0.14716934643744584,0.40977754903504315,-0.7444412216729622,-0.44361088421055866,1.0,1.0,0.5370370370370371,False,0.27130310420710857,0.7286968957928914,False
Rq_nm,6070,6057,3.9545385837554927,0.8854977787635478,3.069040804991945,0.012033697096220819,0.05383682622438026,0.03095002316618495,0.04391186136915624,0.1384287240636426,0.2037037037037037,0.8333333333333334,0.41201102706087017,0.05555555555555555,0.14466942343188421,39.0,0.21814971734797853,0.5808885308511231,-0.6020191295590142,-0.18920001911015488,1.0,1.0,0.6851851851851852,False,0.14466942343188416,0.8553305765681158,False
Rq_nm,6070,6062,3.0923656225204468,4.8132636840283105,1.7208980615078637,0.0,0.8806147441453402,0.34612219053072313,0.667142873139279,2.33152068897386,0.09259259259259259,0.7592592592592593,0.26514483450511767,0.9074074074074074,0.746841764181835,37.5,0.4307133641542117,1.1881495187011313,-0.9257819347039823,0.036282509040462645,1.0,0.9643678123704206,0.9814814814814815,True,0.9814814814814815,0.01851851851851849,False
Rq_nm,6070,6063,5.24570107460022,3.5740093347107065,1.6716917398895133,0.01661875531667656,0.5144256095109313,0.7176615843017728,0.667303326124725,2.2918246553634773,0.3148148148148148,0.2777777777777778,0.295717026345765,0.7592592592592593,0.6433737010308856,27.0,0.058024584968845244,0.18641372690962066,-0.3481389664399306,2.1221938006305296,1.0,0.11976859167982279,0.2037037037037037,False,0.6433737010308856,0.35662629896911435,False
Rq_nm,6070,6072,1.470114827156067,0.9270162848201565,0.5430985423359104,0.0005743547256579218,0.027516181001833128,0.06501123708735596,0.06908054655848204,0.22180278464280634,0.12962962962962962,0.7592592592592593,0.313723599001804,0.09259259259259259,0.14787534419489545,37.5,0.30360456229567145,0.8283505756167425,0.7695649458242001,-0.30342967968258033,0.463214547904138,1.0,0.8333333333333334,False,0.14787534419489545,0.8521246558051045,False
Rq_nm,6070,6078,1.5030123591423035,1.825827700790605,0.3228153416483015,0.0,0.05061007065800814,0.062359762804298745,0.0642950443469353,0.22745752454883483,0.09259259259259259,0.9074074074074074,0.2898606637499727,0.3148148148148148,0.3085762770486043,39.25,0.1975496603061877,0.5386730143070303,-0.8912235931799061,0.3888028127016064,1.0,0.6778679237806835,0.6111111111111112,False,0.30857627704860424,0.6914237229513958,False
Rq_nm,6070,6080,3.9266197681427,3.015727600408813,0.9108921677338873,0.08181701988667323,0.14261961007779583,0.23929075833722366,0.2224813665256542,0.6159818534239383,0.6481481481481481,0.9444444444444444,0.78239371015843,0.6851851851851852,0.7094873164284965,39.5,0.2289918351155953,0.6513993114898697,0.420552580528414,1.2507148271489668,0.6566838488307557,0.28630006863444984,0.7222222222222222,False,0.7094873164284965,0.2905126835715035,False
Rq_nm,6070,6081,0.9417254328727722,3.695691601266248,2.7539661683934757,0.03746939846484043,0.14433879249148826,0.16502526350928756,0.21073472379788785,0.787098730366985,0.42592592592592593,0.7962962962962963,0.5823772293894959,0.8703703703703703,0.7983720851251518,37.75,0.04219437507267736,0.12257184923080122,-0.9813287518493292,-1.0487538717714793,1.0,1.0,0.12962962962962962,False,0.7983720851251518,0.2016279148748482,False
Rq_nm,6070,6082,1.863613247871399,2.758632607426881,0.8950193595554823,0.17531751622388558,0.12756876617798266,0.4371439512213818,0.3554843251012366,1.3997641881638827,0.8333333333333334,0.6111111111111112,0.7136240321480628,0.6481481481481481,0.6645171191481268,32.0,0.14029762817448077,0.3737448938688902,0.6118459593151735,-0.20912104285274027,0.542348790658871,1.0,0.5,False,0.6645171191481268,0.33548288085187317,False
Rq_nm,6070,6084,1.391980767250061,2.555277835438319,1.1632970681882582,0.12286315609575338,0.26367863345435244,0.2448612205688937,0.3002792934908981,1.0611395789304034,0.7592592592592593,0.5,0.6161409170227454,0.5740740740740741,0.5845907848112419,31.0,0.02001995502320199,0.06356219958995513,-0.5622429910392485,-1.5485822317045952,1.0,1.0,0.05555555555555555,False,0.5845907848112419,0.41540921518875806,False
Rq_nm,6070,6085,2.2395859956741333,3.608441402808724,1.3688554071345909,0.1769628552714395,0.285600786212918,0.801523098928167,0.6767527721496374,2.634467476240794,0.8703703703703703,0.5370370370370371,0.6836820348879531,0.8333333333333334,0.7959205087219883,31.25,0.0630140864333783,0.18928726910904503,-1.2965793781652646,-1.0069702536303264,1.0,1.0,0.2777777777777778,False,0.7959205087219883,0.20407949127801173,False
Rq_nm,6070,6090,2.4095938205718994,3.4531874515689465,1.043593630997047,0.09352848194564123,0.4561829270045014,0.1583785061687755,0.34974581469641797,1.3186561923371052,0.7222222222222222,0.16666666666666666,0.3469443332443555,0.7222222222222222,0.6284027499777555,25.25,0.11618056242233527,0.32711537282288206,-0.7678317335320299,0.9956801147590633,1.0,0.3694720756621855,0.42592592592592593,False,0.6284027499777555,0.37159725002224453,False
Rq_nm,6070,6094,4.058265686035156,2.0760153407616357,1.9822503452735205,0.05284857806843224,0.17917302474133356,0.1705281548930528,0.18882787554740785,0.6829605832463663,0.5370370370370371,0.42592592592592593,0.47826561370907256,0.46296296296296297,0.46678862564949036,30.0,0.014936911440898459,0.04706990444850179,0.29946457170102786,-1.1689203465301843,0.7412149819305865,1.0,0.018518518518518517,False,0.4667886256494904,0.5332113743505096,False
Rq_nm,6070,6095,9.07418346405029,4.931986223251979,4.1421972407983105,0.07133565106594819,0.7220296510081097,0.2406844032681883,0.5281310088703175,1.930895259289092,0.6111111111111112,0.35185185185185186,0.4637031120573672,0.9814814814814815,0.852036889125453,28.75,0.31243326935116594,0.853385697458881,-0.0621986860957987,0.3746953744304435,1.0,0.6874986765713138,0.8703703703703703,False,0.852036889125453,0.14796311087454705,False
Rq_nm,6070,6099,9.394835472106934,4.90311292114012,4.491722550966814,0.13450582918013332,0.15813488408399812,0.4468074183647205,0.3729658887447744,1.1758056080659434,0.7962962962962963,0.5,0.6309898162000304,0.9444444444444444,0.8660807873833408,31.0,0.2386845425220061,0.6397525974153433,0.03980526497953163,-1.5048748051147713,0.9609765567220029,1.0,0.7962962962962963,False,0.8660807873833408,0.13391921261665918,False
Rq_nm,6070,6101,0.481030598282814,1.3556127673806022,0.8745821690977882,0.03823098580999984,0.05929535097326669,0.0681892969181417,0.06731954831504659,0.22910931091664932,0.46296296296296297,0.9074074074074074,0.6481481481481481,0.16666666666666666,0.28703703703703703,39.25,0.3212264973325095,0.8574312237608137,0.1037781134403194,0.5337538982627418,0.901425289388891,0.5863995485583473,0.9074074074074074,True,0.9074074074074074,0.09259259259259256,False
Rq_nm,6070,N6342,0.8041046559810638,1.8785665722871545,1.0744619163060907,0.00840783177020521,0.24725928076181228,0.07764168874428107,0.17861162021845423,0.5815145732265861,0.16666666666666666,0.05555555555555555,0.09622504486493763,0.35185185185185186,0.2879451501051233,21.0,0.14006861882697338,0.40062709555574716,1.5609362810102982,-0.17829292390589324,0.20993941686394732,1.0,0.46296296296296297,False,0.28794515010512334,0.7120548498948767,False
Rq_nm,6070,N6358,0.9793977737426758,2.042457553589685,1.0630597798470092,0.03669336450410521,0.12598363553991704,0.07349222544637159,0.139201690488161,0.5098591322023611,0.3888888888888889,0.2777777777777778,0.32867109906108977,0.42592592592592593,0.40161221920971685,27.0,0.23697223767491302,0.6580584133029242,0.6885003525371516,1.5612649314312217,0.5023288206353719,0.20987043152287818,0.7592592592592593,False,0.4016122192097169,0.5983877807902831,False
Rq_nm,6070,N6382,1.1125519275665283,1.4060984431904378,0.29354651562390943,0.04875146904702099,0.04065113670710787,0.05513522169696565,0.055447570924413936,0.20357735058272697,0.5,0.018518518518518517,0.09622504486493763,0.2037037037037037,0.17683403899401218,19.5,0.07323511366706036,0.2018690393876984,1.0781867840158124,0.49536447966455943,0.3402118442707304,0.6093487715809274,0.35185185185185186,False,0.17683403899401218,0.8231659610059878,False
Rq_nm,6070,N6389,2.0189785957336426,1.982586535107869,0.03639206062577349,0.060526210834958016,0.13131287757584087,0.19325609328554158,0.24834772104133485,0.8656801804292178,0.5740740740740741,0.09259259259259259,0.2305536962590506,0.3888888888888889,0.34930509073142935,23.5,0.11255114109174352,0.30491497541957835,3.260544783255648,1.2870328806854208,0.038367490356689835,0.2760887572603711,0.3888888888888889,False,0.34930509073142935,0.6506949092685707,False
Rq_nm,6070,N6390,1.9620892405509949,1.1292250258863055,0.8328642146646894,0.08364697943956312,0.2926245568702299,0.184849872159442,0.25772780410472107,0.9191841105650099,0.6851851851851852,0.12962962962962962,0.2980273507302052,0.12962962962962962,0.1717290599047735,25.0,0.1998997921085373,0.54085444956623,4.257955938991628,0.5070620861358837,0.014151198780780038,0.6022623771784874,0.6481481481481481,False,0.1717290599047735,0.8282709400952265,False
Rq_nm,6072,6022,1.649340271949768,0.8324439530367781,0.81689631891299,1.4414228134073501,0.5910098909369912,1.1434505860909812,0.933036996179627,2.65522281847412,0.9814814814814815,0.2777777777777778,0.5221434140693216,0.05555555555555555,0.17220252018399707,27.0,0.3867782619391571,1.1581002755394876,4.1360245529760675,45.219318974086804,0.015986277947836948,2.2987899729842166e-20,0.9444444444444444,True,0.9444444444444444,0.05555555555555558,False
Rq_nm,6072,6028,5.214306831359862,3.6558688843022678,1.5584379470575946,0.19178956677280157,0.24880654151616566,1.0938476092974898,0.8871171673886775,3.367608981141428,0.8703703703703703,0.46296296296296297,0.634782833370467,0.7962962962962963,0.7559179305648389,30.0,0.1787546056457714,0.47492002000911004,-0.7532751174018901,0.17693270640518113,1.0,0.8378361636333163,0.6481481481481481,False,0.7559179305648389,0.2440820694351611,False
Rq_nm,6072,6029,2.2897632122039795,1.4383128680373845,0.851450344166595,0.04007523912729405,0.2982189327936046,0.06069482270039436,0.20937004934363823,0.827798899796528,0.3888888888888889,0.6851851851851852,0.516198513509865,0.2037037037037037,0.28182740615524404,33.5,0.10529602140457786,0.29519633115606225,-0.7051622759515553,52.78224774203054,1.0,1.1938810618676417e-23,0.35185185185185186,False,0.28182740615524404,0.718172593844756,False
Rq_nm,6072,6033,2.0502288341522217,2.126783909683107,0.07655507553088547,0.03566960466431013,0.2250919083399252,0.23465308248880068,0.2714426165547975,1.1156287421149023,0.3148148148148148,0.9814814814814815,0.5558641118445791,0.42592592592592593,0.4584104724055892,40.25,0.10380006580424435,0.28323919423983757,-0.7699621868731087,0.911716569496771,1.0,0.4018338559308823,0.3148148148148148,False,0.4584104724055892,0.5415895275944108,False
Rq_nm,6072,6047,3.348536252975464,2.4446388321291264,0.9038974208463375,0.0,0.1443461464350304,0.09174351858410446,0.1428807441741452,0.6046149344230907,0.16666666666666666,0.6111111111111112,0.3191423692521127,0.5370370370370371,0.48256337009080597,31.5,0.032137353825829475,0.09086725841141563,-0.6996997220287521,-1.7890968236313542,1.0,1.0,0.16666666666666666,False,0.48256337009080597,0.517436629909194,False
Rq_nm,6072,6048,1.8154829144477844,2.7654512097970017,0.9499682953492172,0.351947814631866,0.3101941802007403,0.49685932722968323,0.4432651989902206,1.3700470079022153,0.9444444444444444,0.3148148148148148,0.5452752542346465,0.6481481481481481,0.6224299246697728,27.25,0.06326781525529158,0.19055745332336615,0.21222360673537236,-0.22746999438491197,0.8087838278340443,1.0,0.24074074074074073,False,0.6224299246697728,0.37757007533022724,False
Rq_nm,6072,6056,2.529426336288452,1.8303775039952634,0.6990488322931887,0.0,0.16605409235134427,0.4853891728099918,0.43206185578672834,1.503133486895396,0.16666666666666666,0.7222222222222222,0.3469443332443555,0.35185185185185186,0.3506249721999778,34.5,0.1578760468683649,0.4474093537886349,-0.6880002439992717,-0.19676242046060335,1.0,1.0,0.5740740740740741,False,0.3506249721999778,0.6493750278000222,False
Rq_nm,6072,6057,3.9545385837554927,0.7599937160744575,3.194544867681035,0.013521150619815514,0.04820129966954841,0.02785651001548931,0.039270370875451946,0.1277113647553494,0.2777777777777778,0.8333333333333334,0.4811252243246882,0.018518518518518517,0.13417019497006094,39.0,0.28383931796208794,0.7569574859044036,-0.487655984257375,-0.10863664702796506,1.0,1.0,0.8333333333333334,False,0.13417019497006089,0.8658298050299391,False
Rq_nm,6072,6062,3.0923656225204468,4.974431013924921,1.882065391404474,0.0,0.8875651821043812,0.3595413488395229,0.6762690288016265,2.3527546281026805,0.16666666666666666,0.7592592592592593,0.35572912430182496,0.9444444444444444,0.7972656144087895,37.5,0.45699196793570307,1.2613556820013678,-0.8547289976098802,0.3554815958674896,1.0,0.7008358422760618,0.9814814814814815,True,0.9814814814814815,0.01851851851851849,False
Rq_nm,6072,6063,5.24570107460022,3.7950884479760014,1.4506126266242183,0.01185128810615188,0.5192003964908949,0.7918268349557895,0.7193857275398223,2.5151907676745853,0.24074074074074073,0.2777777777777778,0.258597037847573,0.8703703703703703,0.717427037239671,27.0,0.02618787673242911,0.08065989298328735,0.01821844102851437,2.008984402929513,0.9819465115231546,0.13412482229814146,0.12962962962962962,False,0.717427037239671,0.28257296276032895,False
Rq_nm,6072,6070,2.544952154159546,1.7920171420658,0.7529350120937459,0.12716675094448227,0.12313042536433184,0.06877639617314157,0.09453826554645697,0.34059384793782566,0.7592592592592593,0.35185185185185186,0.5168624347019579,0.3148148148148148,0.3653267197866006,27.5,0.11275944683534829,0.3077834763860078,-0.2805069914469585,-0.44725839221913627,1.0,1.0,0.3888888888888889,False,0.3653267197866006,0.6346732802133994,False
Rq_nm,6072,6078,1.5030123591423035,1.7412795764047408,0.23826721726243738,0.0,0.07264202988645783,0.05825419124119396,0.07070111026552303,0.2280921609510158,0.16666666666666666,0.9074074074074074,0.3888888888888889,0.2777777777777778,0.3055555555555556,39.25,0.2079489879591966,0.5651583109957815,-0.8644982630448093,0.4322108333851184,1.0,0.6490725161025072,0.7592592592592593,False,0.3055555555555556,0.6944444444444444,False
Rq_nm,6072,6080,3.9266197681427,2.8173087022811494,1.1093110658615508,0.056204533056910755,0.13086012402242908,0.22045851052290105,0.21460722382797184,0.639930890149762,0.5740740740740741,0.9444444444444444,0.7363294574841127,0.6851851851851852,0.6979712532599172,39.5,0.17825569227431004,0.48207990046465254,1.064747319432697,1.0193318609729967,0.34481497180305537,0.3608359482300265,0.6111111111111112,False,0.6979712532599172,0.30202874674008284,False
Rq_nm,6072,6081,0.9417254328727722,3.3804792716548864,2.438753838782114,0.0,0.12039922287965377,0.16830637246909236,0.19000353631261732,0.6986718211790399,0.16666666666666666,0.7962962962962963,0.364302140239,0.7222222222222222,0.6327422017264166,37.75,0.015882935296218894,0.050476040895561125,-0.920540884650554,-1.123221778298098,1.0,1.0,0.09259259259259259,False,0.6327422017264166,0.3672577982735834,False
Rq_nm,6072,6082,1.863613247871399,2.7109072512428756,0.8472940033714766,0.17378367967503028,0.10420204702359273,0.42394269864716816,0.34208906197628264,1.3374833884507875,0.7962962962962963,0.6481481481481481,0.7184135089359563,0.6111111111111112,0.6379367105673225,32.0,0.10294279998411007,0.27325498336291254,1.4415548544148384,-0.38441775581748977,0.23655965675714807,1.0,0.2777777777777778,False,0.6379367105673225,0.3620632894326775,False
Rq_nm,6072,6084,1.391980767250061,2.5765720824572287,1.1845913152071676,0.08587816995021358,0.2559552707766429,0.23691921386109485,0.28889660493713043,1.030924285437191,0.7222222222222222,0.5370370370370371,0.6227841378074163,0.5740740740740741,0.5862515900074097,31.0,0.01515536276318049,0.04331471463155423,-0.4018810858107124,-1.5017770090823004,1.0,1.0,0.05555555555555555,False,0.5862515900074097,0.4137484099925903,False
Rq_nm,6072,6085,2.2395859956741333,3.6776265933281596,1.4380405976540263,0.22308196120834056,0.2773864591092549,0.8457514782299154,0.7084216575768064,2.7730127371566504,0.9074074074074074,0.5740740740740741,0.7217472322187065,0.8333333333333334,0.8054368080546767,31.25,0.05925545135818668,0.17720889735176137,-1.283536899286822,-0.6511985349437016,1.0,1.0,0.2037037037037037,False,0.8054368080546767,0.19456319194532334,False
Rq_nm,6072,6090,2.4095938205718994,3.4947941837992254,1.085200363227326,0.08350305800201596,0.4186997688714902,0.17781352339220416,0.33628132485937845,1.3259748956196526,0.6851851851851852,0.16666666666666666,0.33793125168323446,0.7592592592592593,0.653927257365253,25.25,0.11357664869460118,0.307667468621009,-0.5296831325732566,1.421957490000468,1.0,0.24124132691987585,0.42592592592592593,False,0.653927257365253,0.34607274263474697,False
Rq_nm,6072,6094,4.058265686035156,2.174238849212804,1.8840268368223523,0.050205007690493186,0.18597192753012678,0.1748415161222964,0.1946671415509993,0.7070024086440774,0.46296296296296297,0.46296296296296297,0.46296296296296297,0.46296296296296297,0.46296296296296297,30.0,0.011511781351132556,0.03664857877454264,0.7415106940401119,-0.9754668552674014,0.4763936865321981,1.0,0.018518518518518517,False,0.462962962962963,0.537037037037037,False
Rq_nm,6072,6095,9.07418346405029,5.108596047985752,3.9655874160645377,0.07589403961955021,0.7326088987137795,0.2750039646519904,0.5494790633747025,1.8759304637868057,0.6481481481481481,0.3888888888888889,0.502053396730591,0.9814814814814815,0.8616244602937589,28.75,0.33049198569700844,0.8950110373829061,0.24950722905614603,-0.023237171922419853,0.7791846480393368,1.0,0.8703703703703703,False,0.8616244602937589,0.13837553970624106,False
Rq_nm,6072,6099,9.394835472106934,4.454759034104424,4.940076438002509,0.17820346386634256,0.15900393758400486,0.4121131880653027,0.34422733477566264,1.1100196387152503,0.8333333333333334,0.5370370370370371,0.668977476599572,0.9074074074074074,0.8477999247054486,31.0,0.20500569792972492,0.5532536850392875,0.17386909234578637,-1.5296310118674454,0.8404069061544669,1.0,0.7222222222222222,False,0.8477999247054486,0.15220007529455137,False
Rq_nm,6072,6101,0.481030598282814,1.2985366351108254,0.8175060368280114,0.009454363267580757,0.057478907069138795,0.0738281704404427,0.07053158143744663,0.24364161337519752,0.2037037037037037,0.9074074074074074,0.4299328431942185,0.16666666666666666,0.2324832107985546,39.25,0.3449794767695943,0.9157860378158892,-0.2051609842148958,0.5866365771231604,1.0,0.5561948607686213,0.9074074074074074,True,0.9074074074074074,0.09259259259259256,False
Rq_nm,6072,N6342,0.8041046559810638,1.7062260858204295,0.9021214298393656,0.03900865695585254,0.2615694612140647,0.07559686495342806,0.18561323965894377,0.6036645911188738,0.35185185185185186,0.05555555555555555,0.13981174880131017,0.24074074074074073,0.2155084927558831,21.0,0.18585228598371734,0.5277694564673345,2.2078553803329237,-0.09843428950302115,0.10993616714247824,1.0,0.6851851851851852,False,0.21550849275588313,0.7844915072441169,False
Rq_nm,6072,N6358,0.9793977737426758,2.2202285784323776,1.2408308046897019,0.05311375233447224,0.13655575787011587,0.07777475579776615,0.1493035755236588,0.5561350333162729,0.5,0.2777777777777778,0.37267799624996495,0.5,0.4681694990624912,27.0,0.26324013565860765,0.7411713244846747,1.384131567515172,1.5201396940469447,0.2505412835324651,0.21868133633753067,0.7962962962962963,False,0.46816949906249117,0.5318305009375088,False
Rq_nm,6072,N6382,1.1125519275665283,1.2147493175339203,0.10219738996739203,0.055616785247029066,0.03864962506187788,0.05764456214510089,0.056040982673899384,0.2110629682677494,0.5370370370370371,0.018518518518518517,0.09972527420619452,0.09259259259259259,0.09437576299599308,19.5,0.12543465117488203,0.33977476647885907,1.8956154384921151,0.6864486301887371,0.15022585181873033,0.5033605179191928,0.46296296296296297,False,0.09437576299599304,0.905624237004007,False
Rq_nm,6072,N6389,2.0189785957336426,2.05255353813365,0.03357494240000758,0.06322333176630646,0.136304707367947,0.19541467668119097,0.2557720108312019,0.8941917220730329,0.6111111111111112,0.09259259259259259,0.23787467738268758,0.3888888888888889,0.3511353360123386,23.5,0.14112218400204435,0.38575788350784446,5.082331155493413,1.5304052946250781,0.006205426328128748,0.2164479243559823,0.5,False,0.3511353360123386,0.6488646639876614,False
Rq_nm,6072,N6390,1.9620892405509949,1.2803058951887574,0.6817833453622375,0.04947578317512913,0.2276490316885588,0.18067487918720548,0.20856753718896148,0.6097359718828597,0.42592592592592593,0.12962962962962962,0.23497365815647261,0.12962962962962962,0.15596563676134037,25.0,0.15727094464416783,0.4281750660312602,6.642059231481672,0.7656327427060733,0.0013043385414688619,0.46503958745527874,0.5370370370370371,False,0.15596563676134034,0.8440343632386597,False
Rq_nm,6078,6022,1.649340271949768,0.9623381005254692,0.6870021714242989,1.297592268881468,0.5379325727478363,1.036169926087232,0.8425349332741631,2.4122101387642325,0.9814814814814815,0.2777777777777778,0.5221434140693216,0.09259259259259259,0.19998029796177486,27.0,0.3767793127469751,1.1321522910533033,2.945312806035901,45.25718248908812,0.05258560814768723,2.2133769275152413e-20,0.9444444444444444,True,0.9444444444444444,0.05555555555555558,False
Rq_nm,6078,6028,5.214306831359862,3.6045837987727674,1.609723032587095,0.21232805257161713,0.2518793033308417,1.0326912452029033,0.8402629619207134,3.1938640362177226,0.9074074074074074,0.46296296296296297,0.6481481481481481,0.7962962962962963,0.7592592592592593,30.0,0.1382847637084097,0.3797654828083987,-1.0241351403882792,0.22122653702763181,1.0,0.8015350823465454,0.5740740740740741,False,0.7592592592592593,0.2407407407407407,False
Rq_nm,6078,6029,2.2897632122039795,1.4926913467170042,0.7970718654869753,0.021196708702694522,0.28866166431435697,0.07171468439236134,0.2053017336253283,0.8010477141569037,0.3148148148148148,0.6851851851851852,0.4644420816290538,0.24074074074074073,0.296666075962819,33.5,0.0778470790289158,0.23573890850783574,-1.1329252746086744,56.43628844042998,1.0,3.0905185254519357e-25,0.3888888888888889,False,0.296666075962819,0.703333924037181,False
Rq_nm,6078,6033,2.0502288341522217,2.2719801534956727,0.22175131934345105,0.006341904951754795,0.2054976673460062,0.24021568992544703,0.2655623702629174,1.082891344641181,0.16666666666666666,0.9814814814814815,0.4044505494044732,0.5,0.4761126373511183,40.25,0.04944306881422636,0.13398328114804503,-0.963196326185125,1.0600082735116945,1.0,0.34645294393571663,0.2037037037037037,False,0.4761126373511183,0.5238873626488817,False
Rq_nm,6078,6047,3.348536252975464,2.399563513262214,0.9489727397132497,0.023056359335763332,0.13760477060890555,0.10351221692024735,0.14065284923887733,0.5968789165480075,0.35185185185185186,0.6111111111111112,0.4637031120573672,0.5370370370370371,0.5187035557921196,31.5,0.01470564597446803,0.046030400121770176,-1.00013588306033,-1.4402814199445697,1.0,1.0,0.05555555555555555,False,0.5187035557921196,0.4812964442078804,False
Rq_nm,6078,6048,1.8154829144477844,2.7418529868730483,0.9263700724252639,0.36811451510966986,0.31637717795559867,0.47482195621926504,0.4296102439037354,1.3375727487217683,0.9444444444444444,0.3148148148148148,0.5452752542346465,0.6111111111111112,0.594652146891995,27.25,0.05967053394591171,0.17998195974773012,-0.22855269603341613,-0.20848015086943988,1.0,1.0,0.3148148148148148,False,0.594652146891995,0.40534785310800503,False
Rq_nm,6078,6056,2.529426336288452,1.7571795949520665,0.7722467413363856,0.0,0.1627062882140997,0.4197494318195433,0.38061967105115924,1.2964104904776002,0.09259259259259259,0.7222222222222222,0.258597037847573,0.2777777777777778,0.2729825927952266,34.5,0.16885525444433805,0.4654879899128179,-0.900118691469157,-0.2418325974428347,1.0,1.0,0.6111111111111112,False,0.2729825927952265,0.7270174072047735,False
Rq_nm,6078,6057,3.9545385837554927,0.9463663877879087,3.008172195967584,0.011522763874299291,0.055477571161430116,0.03336760821046549,0.04597959260163728,0.1464221870286604,0.2037037037037037,0.8703703703703703,0.4210672963297064,0.05555555555555555,0.14693349074909326,39.0,0.22880345618500703,0.6181396233573424,-0.0374818973250089,0.1045887175838484,1.0,0.9006948863880744,0.7592592592592593,False,0.14693349074909323,0.8530665092509068,False
Rq_nm,6078,6062,3.0923656225204468,4.865059599561484,1.7726939770410368,0.0,0.8898289437073844,0.34608708943741795,0.6711376222521929,2.355623054937985,0.09259259259259259,0.7962962962962963,0.2715347833076885,0.9074074074074074,0.7484392513824777,37.5,0.4263875648321118,1.1754930455525532,-0.9907655998979001,0.388396602078169,1.0,0.6781433368666843,0.9814814814814815,True,0.9814814814814815,0.01851851851851849,False
Rq_nm,6078,6063,5.24570107460022,3.54482326230263,1.7008778122975898,0.019510322284336468,0.49357526716663597,0.6995021432821218,0.6476908185926739,2.247863027760756,0.2777777777777778,0.2777777777777778,0.2777777777777778,0.7222222222222222,0.611111111111111,27.0,0.0402352089181846,0.1199037352809369,-0.29152961705597247,2.2130591030320743,1.0,0.10936557570145183,0.16666666666666666,False,0.611111111111111,0.38888888888888895,False
Rq_nm,6078,6070,2.544952154159546,1.8028064000474422,0.7421457541121037,0.12409046127354295,0.11927452772810793,0.07307729217809907,0.09671083887993628,0.29744411777507507,0.7222222222222222,0.35185185185185186,0.5040984292154148,0.3148148148148148,0.36213571841496484,27.5,0.09316539136667654,0.2517335112522652,-0.5401652947916122,-0.2897359197988548,1.0,1.0,0.42592592592592593,False,0.36213571841496484,0.6378642815850352,False
Rq_nm,6078,6072,1.470114827156067,0.940940817521066,0.5291740096350009,0.0,0.030420688903591002,0.06646987273764333,0.07075403580547594,0.23063432690001706,0.09259259259259259,0.7962962962962963,0.2715347833076885,0.018518518518518517,0.081772584715811,37.5,0.28861812843422435,0.7824606484617607,0.6465515731668597,-0.08797895835246484,0.523849120988978,1.0,0.8333333333333334,False,0.08177258471581106,0.9182274152841889,False
Rq_nm,6078,6080,3.9266197681427,3.1025872040323637,0.8240325641103365,0.07747809905834302,0.1538202314119094,0.24819860020502157,0.23667487094205436,0.6561092495557803,0.6111111111111112,0.9444444444444444,0.759710796176519,0.6851851851851852,0.7038165879330187,39.5,0.2274203787384421,0.6269731765856349,0.22043742961135174,1.0364868853345135,0.8021678292442347,0.35469859250638897,0.7222222222222222,False,0.7038165879330187,0.2961834120669813,False
Rq_nm,6078,6081,0.9417254328727722,3.902999705271707,2.961274272398935,0.0035086795339460686,0.14779135803325952,0.17743118598498447,0.21165858629210701,0.7650813842704878,0.12962962962962962,0.8333333333333334,0.32867109906108977,0.8703703703703703,0.7349455525430503,37.75,0.0650188734643722,0.18265049018509405,-0.7727754294538358,-1.0490931463444324,1.0,1.0,0.35185185185185186,False,0.7349455525430503,0.2650544474569497,False
Rq_nm,6078,6082,1.863613247871399,2.808376861368964,0.9447636134975652,0.18208664974454702,0.11678855211039467,0.43718693539046427,0.35391276292893703,1.412663103662965,0.8703703703703703,0.6481481481481481,0.7510851774323425,0.6481481481481481,0.6738824054691968,32.0,0.12339700699820552,0.3333022723859491,0.47434704597990446,-0.17785878733319269,0.6222912514115562,1.0,0.5,False,0.6738824054691968,0.32611759453080325,False
Rq_nm,6078,6084,1.391980767250061,2.652903752106937,1.260922984856876,0.13168650870049836,0.27141307273583837,0.2580029076177435,0.31190395551913425,1.1072887155806295,0.7592592592592593,0.5370370370370371,0.6385533203543211,0.5740740740740741,0.5901938856441359,31.0,0.015788298317328035,0.050014181759200804,-0.5772431073303683,-1.2028046994932362,1.0,1.0,0.09259259259259259,False,0.5901938856441359,0.4098061143558641,False
Rq_nm,6078,6085,2.2395859956741333,3.6973812485579183,1.457795252883785,0.17657034626489354,0.28575594357065376,0.8078674156950839,0.6810746187384571,2.662967328335739,0.8333333333333334,0.5740740740740741,0.6916610887771518,0.8333333333333334,0.7979152721942879,31.25,0.04947131434348898,0.14877424976640952,-1.3040679808135724,-0.6141926796832826,1.0,1.0,0.24074074074074073,False,0.7979152721942879,0.20208472780571207,False
Rq_nm,6078,6090,2.4095938205718994,3.589574318077923,1.1799804975060235,0.07745816036951192,0.43140721975259866,0.15939722445807808,0.33368061130679416,1.2578770060407938,0.5740740740740741,0.16666666666666666,0.30932024237944566,0.7592592592592593,0.6467745050393059,25.25,0.03302768827864562,0.10180587307115396,-0.9334802908256588,1.5514828008827002,1.0,0.21193348556316094,0.12962962962962962,False,0.6467745050393059,0.3532254949606941,False
Rq_nm,6078,6094,4.058265686035156,2.097638827646467,1.9606268583886894,0.04198071884703891,0.1747494715658712,0.1713102610823038,0.1872982020924977,0.6745925692464394,0.5,0.46296296296296297,0.4811252243246881,0.46296296296296297,0.46750352830339426,30.0,0.010594829063651084,0.03360408090369649,0.32677742731459714,-0.9578242144404219,0.7212442544337576,1.0,0.018518518518518517,False,0.46750352830339426,0.5324964716966057,False
Rq_nm,6078,6095,9.07418346405029,4.866890079279091,4.207293384771199,0.08104200362357972,0.6596936459564918,0.2376710172099279,0.4892413645720102,1.7617651124903833,0.6481481481481481,0.3888888888888889,0.502053396730591,0.9444444444444444,0.833846682515981,28.75,0.3027687533457912,0.8262864726758835,-0.09430410689278344,-0.010046359983714743,1.0,1.0,0.8703703703703703,False,0.833846682515981,0.16615331748401896,False
Rq_nm,6078,6099,9.394835472106934,4.915907730918579,4.478927741188355,0.14252850772895442,0.15491546720401292,0.44190017828089473,0.3682603245757708,1.199582770794263,0.7962962962962963,0.5370370370370371,0.6539423549262806,0.9814814814814815,0.8995966998426813,31.0,0.22921586446494654,0.6204055996733382,-0.0684638059128948,-1.411911948181649,1.0,1.0,0.7962962962962963,False,0.8995966998426813,0.10040330015731869,False
Rq_nm,6078,6101,0.481030598282814,1.3325933244523973,0.8515627261695833,0.03464185254344332,0.05970695175485703,0.06772631066005752,0.06718020274915999,0.2279611186963919,0.3888888888888889,0.9074074074074074,0.5940375900868682,0.16666666666666666,0.27350939752171705,39.25,0.3411115137176076,0.9091840481428896,-0.39159325696531955,0.7368687588558415,1.0,0.4786102156594825,0.9074074074074074,True,0.9074074074074074,0.09259259259259256,False
Rq_nm,6078,N6342,0.8041046559810638,1.8099898097782072,1.0058851537971434,0.01483895643920019,0.24318741435575014,0.07446567224386608,0.17482775288406524,0.5555157121611922,0.24074074074074073,0.05555555555555555,0.11564811108145182,0.35185185185185186,0.29280091665925184,21.0,0.13319419520153883,0.38233935661448426,1.356854147938713,-0.04820445865707987,0.25746946512754226,1.0,0.5370370370370371,False,0.2928009166592518,0.7071990833407482,False
Rq_nm,6078,N6358,0.9793977737426758,2.02756643731588,1.0481686635732044,0.040869875927862065,0.12944132474189765,0.07349155240130231,0.13883770914600274,0.5181278831656286,0.42592592592592593,0.2777777777777778,0.343966215203828,0.42592592592592593,0.40543599824540144,27.0,0.2253336181462255,0.6271070565713684,0.5193822024151772,1.5780402880307436,0.5948879548087008,0.2063791458493958,0.6851851851851852,False,0.40543599824540144,0.5945640017545986,False
Rq_nm,6078,N6382,1.1125519275665283,1.3958364373066152,0.2832845097400869,0.04139121125984779,0.037700417670732164,0.052170327751275794,0.05243625846194742,0.1940533918035059,0.46296296296296297,0.018518518518518517,0.09259259259259259,0.2037037037037037,0.1759259259259259,19.5,0.05260908849994813,0.14634292473814547,1.0073082230853783,0.7129788001553047,0.3652006965013194,0.490181866726026,0.2777777777777778,False,0.17592592592592593,0.8240740740740741,False
Rq_nm,6078,N6389,2.0189785957336426,2.0050613753886135,0.013917220345029069,0.05357419725025481,0.12725935659259718,0.19512392916317892,0.2478665714451936,0.8554292916334885,0.5370370370370371,0.09259259259259259,0.2229924921998573,0.3888888888888889,0.34741478971663103,23.5,0.1212064935090405,0.3357753577550333,3.0759711090006214,1.595311454574287,0.046144794990401555,0.20284534155362302,0.46296296296296297,False,0.3474147897166311,0.6525852102833689,False
Rq_nm,6078,N6390,1.9620892405509949,1.1396380911259565,0.8224511494250384,0.08563410121666792,0.2889247841468061,0.18055678525313693,0.2520232489835257,0.8891281013362521,0.6851851851851852,0.12962962962962962,0.2980273507302052,0.12962962962962962,0.1717290599047735,25.0,0.20805806857238482,0.5707047950258988,3.9349452200149204,0.6923083457931822,0.019546770069919634,0.50041959334352,0.6481481481481481,False,0.1717290599047735,0.8282709400952265,False
Rq_nm,6080,6022,1.649340271949768,0.9149521380272503,0.7343881339225178,1.3553028760897423,0.5559277489637933,1.0429181452823968,0.8499377942564844,2.4218572577007227,0.9814814814814815,0.2777777777777778,0.5221434140693216,0.09259259259259259,0.19998029796177486,27.0,0.26957345838661595,0.8517728665659612,5.285283411069982,53.97771726449295,0.005065596338624136,3.612228761739443e-24,0.8703703703703703,False,0.19998029796177486,0.8000197020382251,False
Rq_nm,6080,6028,5.214306831359862,3.6048532818763466,1.6094535494835158,0.2048470944793639,0.2540198452270221,1.0133618270954015,0.825060429199323,3.090663813011183,0.8703703703703703,0.46296296296296297,0.634782833370467,0.7962962962962963,0.7559179305648389,30.0,0.12201823609348758,0.32872725191751595,-0.7456515282368747,0.23299331198214016,1.0,0.7921588714792779,0.5,False,0.7559179305648389,0.2440820694351611,False
Rq_nm,6080,6029,2.2897632122039795,1.498225828298778,0.7915373839052016,0.021331808605615787,0.31615788334473754,0.06260846523790416,0.22133956699291796,0.8814862219235502,0.3888888888888889,0.6851851851851852,0.516198513509865,0.24074074074074073,0.30960518393302183,33.5,0.20830453662831214,0.5699961622656762,-0.8030083493429239,73.90706119436254,1.0,7.990448368735552e-33,0.6851851851851852,False,0.30960518393302183,0.6903948160669782,False
Rq_nm,6080,6033,2.0502288341522217,2.222580493886841,0.1723516597346193,0.019095642012679104,0.21237086340174163,0.23507346187692948,0.2650338144838694,1.0881313274040687,0.35185185185185186,0.9814814814814815,0.5876530241712011,0.5740740740740741,0.5774688115983558,40.25,0.04560537731099053,0.12679900081149365,-0.7975243359738315,1.4077329181956473,1.0,0.24469740382944755,0.09259259259259259,False,0.5774688115983558,0.42253118840164416,False
Rq_nm,6080,6047,3.348536252975464,2.4778836167385307,0.8706526362369331,0.005838229739449918,0.1310549534540791,0.09515720288906629,0.13525672157383245,0.5803700706429131,0.2037037037037037,0.6111111111111112,0.3528251645047713,0.6111111111111112,0.5465396244595262,31.5,0.060944077083012686,0.17114855840196963,-0.795283809432439,-1.471207188088787,1.0,1.0,0.2037037037037037,False,0.5465396244595262,0.4534603755404738,False
Rq_nm,6080,6048,1.8154829144477844,2.64902583860233,0.8335429241545458,0.28838229142191185,0.28401950010913785,0.43944058378300427,0.39655098110406845,1.2213092414901836,0.9444444444444444,0.3148148148148148,0.5452752542346465,0.6851851851851852,0.6502077024475506,27.25,0.052976652464869434,0.1660886845245475,0.3725885841644037,-0.270351592505386,0.6889486189169342,1.0,0.12962962962962962,False,0.6502077024475506,0.34979229755244945,False
Rq_nm,6080,6056,2.529426336288452,1.793701239028353,0.735725097260099,0.0,0.1597415389873618,0.4299554587200121,0.3877067971372243,1.3229414943275257,0.16666666666666666,0.7222222222222222,0.3469443332443555,0.3148148148148148,0.3228471944222,34.5,0.14449909130283947,0.41619954640083023,-0.7361968411425326,-0.24138347089056003,1.0,1.0,0.5370370370370371,False,0.3228471944222,0.6771528055778,False
Rq_nm,6080,6057,3.9545385837554927,0.8623528149593167,3.092185768796176,0.012806181687454177,0.053281667467144155,0.02839125825045594,0.04258988555028436,0.13594391802577976,0.2777777777777778,0.8703703703703703,0.4917006684204353,0.018518518518518517,0.1368140559939977,39.0,0.23970362086449581,0.6451847392617533,-0.4091386536329404,0.06986278031181974,1.0,0.9325217714737133,0.7222222222222222,False,0.13681405599399765,0.8631859440060023,False
Rq_nm,6080,6062,3.0923656225204468,4.9819941491062405,1.8896285265857937,0.0,0.8878278795653806,0.33904088597628723,0.6709566835797326,2.3534680485675192,0.16666666666666666,0.7962962962962963,0.364302140239,0.9444444444444444,0.7994088683930832,37.5,0.4715081971985808,1.3422798188362748,-0.8475649666882795,0.6555471145859502,1.0,0.5191579459873058,0.9814814814814815,True,0.9814814814814815,0.01851851851851849,False
Rq_nm,6080,6063,5.24570107460022,3.6037979394023987,1.641903135197821,0.0,0.5090309251225924,0.7173247051357993,0.6640690621764751,2.2539875222579666,0.16666666666666666,0.2777777777777778,0.2151657414559676,0.7592592592592593,0.6232358798084363,27.0,0.058215520754455366,0.1673453891880865,-0.12682910048652837,2.3966974869063575,1.0,0.09101804577491174,0.16666666666666666,False,0.6232358798084363,0.3767641201915637,False
Rq_nm,6080,6070,2.544952154159546,1.874545149878924,0.6704070042806218,0.13113068074338163,0.12428809573539727,0.07171265369321975,0.0977710456582773,0.30733327574339375,0.7962962962962963,0.35185185185185186,0.5293187380724612,0.3888888888888889,0.42399635118478196,27.5,0.07186221943778984,0.20054333582540562,-0.3456050319055415,-0.28880794497070034,1.0,1.0,0.24074074074074073,False,0.42399635118478196,0.576003648815218,False
Rq_nm,6080,6072,1.470114827156067,0.9141450953477853,0.5559697318082816,0.0,0.031212329442004996,0.06106390400060271,0.06428186026471082,0.21289609654045616,0.16666666666666666,0.7962962962962963,0.364302140239,0.05555555555555555,0.13274220172641665,37.5,0.25453418983462234,0.7139430329138522,1.3918223596746258,-0.15306661983609232,0.24862181317833454,1.0,0.7962962962962963,False,0.1327422017264166,0.8672577982735834,False
Rq_nm,6080,6078,1.5030123591423035,1.852377529101584,0.3493651699592806,0.0,0.05443270115394932,0.05649827349038638,0.061592621432071296,0.21188371871839395,0.16666666666666666,0.9444444444444444,0.3967460238079361,0.35185185185185186,0.3630753948408729,39.25,0.18597741400818785,0.5120746261877344,-0.790894566964011,0.342371256866613,1.0,0.7100845320086716,0.6481481481481481,False,0.3630753948408729,0.6369246051591271,False
Rq_nm,6080,6081,0.9417254328727722,3.6564363202398966,2.7147108873671244,0.02373202264729324,0.1354351839790285,0.15990440352189275,0.1989683465025946,0.7291084525876363,0.42592592592592593,0.8333333333333334,0.5957669608202005,0.8333333333333334,0.7739417402050501,37.75,0.081643751426552,0.23089193057769175,-0.8666660787403653,-1.2325937311445692,1.0,1.0,0.3148148148148148,False,0.7739417402050501,0.22605825979494987,False
Rq_nm,6080,6082,1.863613247871399,2.184585251610275,0.32097200373887613,0.11064969231526067,0.08160904035605303,0.32880887783015594,0.2658496401552685,1.0652696443217353,0.7592592592592593,0.6481481481481481,0.7015072935139189,0.5370370370370371,0.5781546011562575,32.0,0.0968763488670857,0.2699058656166745,1.409091602974762,-0.2139287765120061,0.24436516294780042,1.0,0.3888888888888889,False,0.5781546011562575,0.4218453988437425,False
Rq_nm,6080,6084,1.391980767250061,2.5045398164504986,1.1125590492004376,0.10130674632509429,0.24213242496665802,0.21666134955816074,0.2729204466876776,0.9853960323323432,0.7222222222222222,0.5370370370370371,0.6227841378074163,0.6481481481481481,0.6418071455629651,31.0,0.01879905415596024,0.05979799197175151,-0.5355040343604557,-1.2138239974811214,1.0,1.0,0.018518518518518517,False,0.6418071455629651,0.35819285443703486,False
Rq_nm,6080,6085,2.2395859956741333,3.7732125103832845,1.5336265147091512,0.222142946130913,0.2864389129794603,0.8338242452373642,0.7011437435985222,2.7169229062841977,0.9074074074074074,0.5740740740740741,0.7217472322187065,0.8703703703703703,0.8332145858324544,31.25,0.10171056968992984,0.29544257695148235,-1.280412013815924,-0.6985297140499442,1.0,1.0,0.42592592592592593,False,0.8332145858324544,0.16678541416754555,False
Rq_nm,6080,6090,2.4095938205718994,3.457254199934739,1.0476603793628394,0.07361908130553285,0.43750416422901955,0.15847938765376726,0.3403221999415529,1.320290363818088,0.6481481481481481,0.16666666666666666,0.32867109906108977,0.7222222222222222,0.6238344414319391,25.25,0.07434431105785251,0.22740645824469508,-0.5981139250750221,1.2894680524871287,1.0,0.2754172516515228,0.2777777777777778,False,0.6238344414319391,0.3761655585680609,False
Rq_nm,6080,6094,4.058265686035156,2.033138354910765,2.0251273311243914,0.041758288866911464,0.16013813935160062,0.16112945274774154,0.1733963868473251,0.620149923301974,0.5370370370370371,0.46296296296296297,0.4986263710309726,0.46296296296296297,0.47187881497996537,30.0,0.03814150638241564,0.11969606419406409,0.8354646828762509,-1.0157932710215396,0.43367291422706833,1.0,0.05555555555555555,False,0.4718788149799653,0.5281211850200347,False
Rq_nm,6080,6095,9.07418346405029,5.34763569300007,3.7265477710502193,0.007634784193416344,0.7545844595970946,0.27141375306836396,0.5535156509633616,1.9848697933618062,0.24074074074074073,0.3888888888888889,0.30597614151589453,0.9814814814814815,0.8126051464900848,28.75,0.31660339421455164,0.845215088565247,0.148486493951657,0.14585823202046366,0.8620116494628878,0.8642802217606242,0.9074074074074074,True,0.9074074074074074,0.09259259259259256,False
Rq_nm,6080,6099,9.394835472106934,4.890963732831075,4.5038717392758585,0.14001131923050192,0.16611952707641223,0.4586695525777636,0.38094873682173547,1.2532161590494804,0.8333333333333334,0.5370370370370371,0.668977476599572,0.9074074074074074,0.8477999247054486,31.0,0.2517592957694011,0.6806929815290002,0.44588941607491217,-1.3989908332493095,0.6402545700104246,1.0,0.7592592592592593,False,0.8477999247054486,0.15220007529455137,False
Rq_nm,6080,6101,0.481030598282814,1.371375360946327,0.890344762663513,0.033417491550375766,0.059566749275789206,0.07634436636718304,0.07281392622485554,0.2567498615768755,0.5,0.9444444444444444,0.6871842709362768,0.16666666666666666,0.2967960677340692,39.25,0.2644690071441446,0.7199686312259826,-0.07445765545105129,0.7710954346862355,1.0,0.4625061454371607,0.8333333333333334,False,0.2967960677340692,0.7032039322659308,False
Rq_nm,6080,N6342,0.8041046559810638,1.7621065651576404,0.9580019091765766,0.013340498662796518,0.2547314041747544,0.06614932813303996,0.17945263217966628,0.6003755795640284,0.3148148148148148,0.05555555555555555,0.13224867460264536,0.2777777777777778,0.24139550198399468,21.0,0.1771172644286847,0.502064700433948,1.844435771160093,-0.12144285668041736,0.15811450849187186,1.0,0.6111111111111112,False,0.24139550198399462,0.7586044980160054,False
Rq_nm,6080,N6358,0.9793977737426758,2.051345639021684,1.0719478652790082,0.0299431304971578,0.12570587492235313,0.06988329586418378,0.13483446026718166,0.5021194274711178,0.46296296296296297,0.2777777777777778,0.35860956909327935,0.5,0.46465239227331984,27.0,0.3329014245914088,0.922067984179018,1.3429554804248554,2.836424299337048,0.2610729312999361,0.058634952607228556,0.9444444444444444,True,0.9444444444444444,0.05555555555555558,False
Rq_nm,6080,N6382,1.1125519275665283,1.377589333761231,0.26503740619470273,0.048551126178743464,0.03637733217117892,0.05369350863857925,0.05153584039851938,0.18089166988811867,0.5740740740740741,0.018518518518518517,0.10310674745981521,0.2037037037037037,0.17855446464273156,19.5,0.09516577067007732,0.26002691054816635,1.722676623576746,0.7923327358469653,0.17858749610931324,0.45278732913356873,0.35185185185185186,False,0.1785544646427315,0.8214455353572685,False
Rq_nm,6080,N6389,2.0189785957336426,2.009712267141726,0.009266328591916562,0.05546163230217194,0.12873670348788085,0.19748524745219895,0.2506870086697186,0.878337491335363,0.6111111111111112,0.09259259259259259,0.23787467738268758,0.42592592592592593,0.37891311379011633,23.5,0.10938336575113677,0.2958511604040627,4.650700071736554,1.5249851819314748,0.009554910465801715,0.21762428161285824,0.46296296296296297,False,0.3789131137901163,0.6210868862098837,False
Rq_nm,6080,N6390,1.9620892405509949,1.1535903869367694,0.8084988536142255,0.07779510928340039,0.2770279650275232,0.1825729142053692,0.24564348234046526,0.8706130721291829,0.6851851851851852,0.12962962962962962,0.2980273507302052,0.12962962962962962,0.1717290599047735,25.0,0.17167403567218387,0.4739121602825659,6.340348372788001,0.713892614128085,0.0017636877089938167,0.4897341362893294,0.5740740740740741,False,0.1717290599047735,0.8282709400952265,False
Rq_nm,6081,6022,1.649340271949768,0.8799570296124469,0.7693832423373211,1.3735561026001712,0.5671863042487311,1.2403573618019743,1.0124156555519521,2.9631338863597656,0.9814814814814815,0.2777777777777778,0.5221434140693216,0.018518518518518517,0.1444247424062193,27.0,0.3323311097743533,1.0147656363819422,3.4913043310919076,57.79502786832093,0.03046111486929331,7.942154209843438e-26,0.8703703703703703,False,0.14442474240621928,0.8555752575937807,False
Rq_nm,6081,6028,5.214306831359862,3.4808406306390753,1.733466200720787,0.1259148765185687,0.19652792931371182,0.9773655870061617,0.7885526982717596,3.013420351711895,0.7592592592592593,0.46296296296296297,0.5928818738363749,0.7592592592592593,0.7176649129035382,30.0,0.09312846813170293,0.25729160950621655,-0.9601230521760707,0.14516208061130942,1.0,0.8648821011301855,0.2037037037037037,False,0.7176649129035382,0.2823350870964618,False
Rq_nm,6081,6029,2.2897632122039795,1.6234919503611414,0.6662712618428381,0.052677373334731215,0.2750107710968853,0.07680122424830502,0.19575614006758324,0.7726880602641384,0.42592592592592593,0.6851851851851852,0.5402204498449934,0.2777777777777778,0.3433884457945817,33.5,0.11684201846873142,0.3454759592768796,-1.0195349801824949,70.46405012208663,1.0,2.4994926236296944e-31,0.3888888888888889,False,0.3433884457945817,0.6566115542054183,False
Rq_nm,6081,6033,2.0502288341522217,2.5194742141538273,0.46924538000160565,0.005649255806888576,0.18974493843020368,0.2818519619524989,0.28636659520550967,1.128279562278863,0.24074074074074073,0.9814814814814815,0.4860890647558032,0.5370370370370371,0.5243000439667286,40.25,0.09867689282886906,0.28247767954987435,-0.804187700802233,1.0548906292342222,1.0,0.3482305114612187,0.2777777777777778,False,0.5243000439667286,0.4756999560332714,False
Rq_nm,6081,6047,3.348536252975464,2.5717858996228373,0.7767503533526265,0.0,0.16432674470460024,0.10992773611423894,0.1684616658781088,0.7008723198810589,0.16666666666666666,0.6111111111111112,0.3191423692521127,0.5740740740740741,0.5103411478685838,31.5,0.026700196394127625,0.08123508045872252,-1.019558935641747,-1.7531814604196643,1.0,1.0,0.018518518518518517,False,0.5103411478685838,0.48965885213141624,False
Rq_nm,6081,6048,1.8154829144477844,2.441855795244162,0.6263728807963775,0.15895303391345905,0.2507306180201618,0.4164322440117208,0.36980874256595714,1.1495212009158,0.8703703703703703,0.3148148148148148,0.5234553342630581,0.46296296296296297,0.47808605578798674,27.25,0.11753013995040015,0.3340307421749067,-0.11116382783675846,-0.34796246306206785,1.0,1.0,0.42592592592592593,False,0.4780860557879867,0.5219139442120133,False
Rq_nm,6081,6056,2.529426336288452,1.764857803548666,0.7645685327397862,0.0,0.1569005235503043,0.4518489899106253,0.40361299395909056,1.4075461149304018,0.16666666666666666,0.7222222222222222,0.3469443332443555,0.3148148148148148,0.3228471944222,34.5,0.15724700273473852,0.4377626935512682,-0.8915976802859737,-0.48391101450118384,1.0,1.0,0.5370370370370371,False,0.3228471944222,0.6771528055778,False
Rq_nm,6081,6057,3.9545385837554927,1.1136602121816863,2.8408783715738064,0.017925835627209397,0.0704174130668075,0.041404237182552955,0.058164370862715135,0.20165524096316334,0.3148148148148148,0.8333333333333334,0.5121969142940493,0.09259259259259259,0.19749367301795678,39.0,0.17382284151835298,0.46211842598010067,-0.2882523727328325,-0.024262503700878863,1.0,1.0,0.5740740740740741,False,0.19749367301795684,0.8025063269820432,False
Rq_nm,6081,6062,3.0923656225204468,4.874576456979168,1.7822108344587209,0.0,0.8902871227891387,0.32436460628460856,0.6661135004718011,2.367319805557101,0.16666666666666666,0.7962962962962963,0.364302140239,0.9444444444444444,0.7994088683930832,37.5,0.3905859011433901,1.0847586226641446,-1.0642559603245216,0.13898946015544586,1.0,0.8702372005747344,0.9814814814814815,True,0.9814814814814815,0.01851851851851849,False
Rq_nm,6081,6063,5.24570107460022,3.854373572976469,1.3913275016237505,0.0972888560229026,0.44024971810622193,0.794425354803638,0.6960589889103664,2.562211790142224,0.6111111111111112,0.2777777777777778,0.4120110270608702,0.7962962962962963,0.7002249789874397,27.0,0.03160756845210418,0.09097494402898532,-0.22815734641848084,2.261651420306518,1.0,0.10417830045869908,0.05555555555555555,False,0.7002249789874397,0.29977502101256026,False
Rq_nm,6081,6070,2.544952154159546,1.8086540545890757,0.7362980995704702,0.10540066859504549,0.09822063399566952,0.059003510791638555,0.0768942179100675,0.2452617219892781,0.6851851851851852,0.35185185185185186,0.4910027253171427,0.35185185185185186,0.3866395702181746,27.5,0.057191268201188375,0.15907801535173216,-0.5897980623063233,-0.38731755707389837,1.0,1.0,0.12962962962962962,False,0.38663957021817463,0.6133604297818254,False
Rq_nm,6081,6072,1.470114827156067,1.1056270628228264,0.3644877643332405,0.0,0.0503996224568596,0.08027198289739124,0.0890385194204692,0.30897084663241814,0.16666666666666666,0.7962962962962963,0.364302140239,0.05555555555555555,0.13274220172641665,37.5,0.2677845836861871,0.7308947798039972,0.6810817043972445,-0.24011372653227372,0.5060692788227088,1.0,0.7962962962962963,False,0.1327422017264166,0.8672577982735834,False
Rq_nm,6081,6078,1.5030123591423035,2.493002373035786,0.9899900138934825,0.0,0.09880583491604482,0.08233383795941215,0.09530452743041433,0.30479235948321026,0.16666666666666666,0.9074074074074074,0.3888888888888889,0.5,0.4722222222222222,39.25,0.10309036965925684,0.2896940228437088,-0.5412784282326929,0.616324693605758,1.0,0.539925185924773,0.3148148148148148,False,0.4722222222222222,0.5277777777777778,False
Rq_nm,6081,6080,3.9266197681427,2.93622135714566,0.9903984109970403,0.0023625098567685576,0.16456201092902117,0.24917688841714183,0.2516677464962058,0.7521289410435035,0.2037037037037037,0.9444444444444444,0.43861923267877817,0.7222222222222222,0.6513214748363612,39.5,0.1543851934096065,0.43786890117474786,0.3402642173419221,1.2029336593464257,0.7115822855423115,0.30031190552331555,0.5,False,0.6513214748363612,0.34867852516363884,False
Rq_nm,6081,6082,1.863613247871399,2.7701718735307947,0.9065586256593958,0.1694500767563203,0.1259153215186977,0.4411040130299696,0.35863016074589704,1.4265997304534848,0.9074074074074074,0.6481481481481481,0.7668992311425428,0.6111111111111112,0.6500581411189691,32.0,0.1506838585875309,0.403834903205583,0.5984355757856819,-0.29252303548284886,0.5496708822441282,1.0,0.46296296296296297,False,0.6500581411189691,0.3499418588810309,False
Rq_nm,6081,6084,1.391980767250061,2.8954315387692775,1.5034507715192165,0.11340339967199276,0.2786975139768775,0.28986274885503865,0.3363265023840897,1.2189481868923342,0.7222222222222222,0.5370370370370371,0.6227841378074163,0.6481481481481481,0.6418071455629651,31.0,0.042266851080146904,0.13053959558112538,-0.5521189118184554,-1.5420648302530973,1.0,1.0,0.09259259259259259,False,0.6418071455629651,0.35819285443703486,False
Rq_nm,6081,6085,2.2395859956741333,3.8640085647693243,1.624422569095191,0.21793705744004122,0.27656566485867046,0.8674669856790782,0.7248936853226997,2.8816262650921174,0.9444444444444444,0.5740740740740741,0.7363294574841127,0.8333333333333334,0.8090823643710282,31.25,0.06486890576556947,0.1912190138600245,-1.3446676948697471,-0.7756138740811147,1.0,1.0,0.16666666666666666,False,0.8090823643710282,0.1909176356289718,False
Rq_nm,6081,6090,2.4095938205718994,4.428536422198543,2.0189426016266436,0.07486012880830284,0.41793634978031635,0.23835868282707984,0.35258708835760383,1.404114375235129,0.5370370370370371,0.16666666666666666,0.29917582261858355,0.8703703703703703,0.7275717334324237,25.25,0.19007050955474927,0.5215854072615627,-0.6439584390606966,1.2682647410462347,1.0,0.28131936041860567,0.6481481481481481,False,0.7275717334324237,0.27242826656757635,False
Rq_nm,6081,6094,4.058265686035156,2.8993039013129387,1.1589617847222176,0.05709821143568039,0.3562370509680564,0.7378497058763355,0.6553133438984449,2.321135298638409,0.46296296296296297,0.46296296296296297,0.46296296296296297,0.6851851851851852,0.6296296296296297,30.0,0.09320037397111665,0.26411276003363904,0.23487606548387496,-1.0412069058549598,0.7906688347161887,1.0,0.24074074074074073,False,0.6296296296296297,0.37037037037037035,False
Rq_nm,6081,6095,9.07418346405029,5.53846977724543,3.5357136868048595,0.1365624015380975,0.5689914046787556,0.26767350109282145,0.45581397675783025,1.409376145307239,0.7962962962962963,0.3888888888888889,0.5564807111598785,0.9814814814814815,0.8752312889010808,28.75,0.334976370438797,0.9019076644405977,-0.060779789838452516,-0.14493128130949323,1.0,1.0,0.9074074074074074,True,0.9074074074074074,0.09259259259259256,False
Rq_nm,6081,6099,9.394835472106934,4.585642847924226,4.809192624182708,0.1505435696679891,0.15727690404790803,0.41582638123364435,0.3468560197045096,1.1833612264742333,0.8333333333333334,0.5370370370370371,0.668977476599572,0.9074074074074074,0.8477999247054486,31.0,0.19432913648948216,0.5260809034954121,-0.22166395324637636,-1.3450349549347298,1.0,1.0,0.6851851851851852,False,0.8477999247054486,0.15220007529455137,False
Rq_nm,6081,6101,0.481030598282814,1.25528270710506,0.774252108822246,0.01366260797369856,0.06148138161175577,0.08141788141539964,0.07695962021663118,0.2712947642919017,0.2777777777777778,0.9074074074074074,0.5020533967305911,0.2037037037037037,0.27829112696042557,39.25,0.35050464669281567,0.9337878163877402,-0.26663508121858037,0.6259728154865267,1.0,0.5347409711075469,0.9444444444444444,True,0.9444444444444444,0.05555555555555558,False
Rq_nm,6081,N6342,0.8041046559810638,1.2408569190871097,0.43675226310604587,0.035510032424547866,0.2790602775085818,0.06878733729917916,0.19578707104899928,0.771029313373966,0.3888888888888889,0.05555555555555555,0.1469861839480328,0.16666666666666666,0.16174654598700822,21.0,0.2813837733578898,0.7829630574460952,1.7949851268870793,-0.1759107861141361,0.1661299231975656,1.0,0.8333333333333334,False,0.16174654598700822,0.8382534540129918,False
Rq_nm,6081,N6358,0.9793977737426758,2.243176544682244,1.263778770939568,0.06185030776262712,0.18910242771106037,0.09872494118673064,0.18331504677420943,0.74788199303202,0.5,0.2777777777777778,0.37267799624996495,0.3888888888888889,0.3848361657291579,27.0,0.22419936246144437,0.6380814154970512,0.5542868482734873,1.6988324492127522,0.574481807837741,0.18289694090832478,0.7222222222222222,False,0.3848361657291579,0.6151638342708421,False
Rq_nm,6081,N6382,1.1125519275665283,1.3019190187076537,0.18936709114112538,0.026205238800816266,0.0315591737144764,0.058337860035529515,0.05532642257313501,0.20005306148062774,0.35185185185185186,0.018518518518518517,0.08072035080630877,0.24074074074074073,0.20073564325713275,19.5,0.11677403257115863,0.31499831301492376,1.2820970612950493,0.6865818030090072,0.27745485012230814,0.5032934884427602,0.35185185185185186,False,0.20073564325713278,0.7992643567428672,False
Rq_nm,6081,N6389,2.0189785957336426,2.399815945998375,0.3808373502647324,0.08195289655188942,0.14472816225229074,0.24146395492325667,0.2988182529239984,1.029256795203701,0.5740740740740741,0.09259259259259259,0.2305536962590506,0.42592592592592593,0.3770828685092071,23.5,0.17579214851193076,0.46800351284537245,3.517685960943359,1.5341424534642947,0.02966800872727268,0.21564053369550892,0.6111111111111112,False,0.37708286850920714,0.6229171314907929,False
Rq_nm,6081,N6390,1.9620892405509949,1.17426236762968,0.7878268729213149,0.10218156747716933,0.2895247857621766,0.19396628132543803,0.25153359202208514,0.8524377962504333,0.6481481481481481,0.12962962962962962,0.2898606637499727,0.12962962962962962,0.1696873881597154,25.0,0.2555170480057037,0.6827136575434248,4.440140772072522,0.8157724445713208,0.011794278097912054,0.4422975450368226,0.7592592592592593,False,0.1696873881597154,0.8303126118402846,False
Rq_nm,6082,6022,1.649340271949768,0.8938070043697622,0.7555332675800058,1.180362805761436,0.4889195424516367,0.9450158924923133,0.7686276121065547,2.1991227510692073,0.9814814814814815,0.2777777777777778,0.5221434140693216,0.018518518518518517,0.1444247424062193,27.0,0.3687971157773382,1.0891802534973867,4.332162448779765,44.146639710242106,0.013139104107839819,6.719825249369395e-20,0.9444444444444444,True,0.9444444444444444,0.05555555555555558,False
Rq_nm,6082,6028,5.214306831359862,3.8223398991878392,1.3919669321720232,0.2737093375239006,0.3019359992434636,1.113568603477644,0.9122196233180201,3.444199273263629,0.9074074074074074,0.46296296296296297,0.6481481481481481,0.8703703703703703,0.8148148148148149,30.0,0.1667384374008082,0.4507541012903151,-0.6706837762583753,0.09742964686019365,1.0,0.9071661612985892,0.5740740740740741,False,0.8148148148148149,0.18518518518518512,False
Rq_nm,6082,6029,2.2897632122039795,1.4845712812384448,0.8051919309655347,0.019565755423299747,0.28299726217122556,0.07301243172467557,0.2030064188285902,0.779156649440049,0.2777777777777778,0.6481481481481481,0.424312564347763,0.24074074074074073,0.28663369664249627,33.5,0.06866272363981621,0.1906053425246011,-0.7492963730813809,54.95036627979461,1.0,1.365712065139083e-24,0.2777777777777778,False,0.28663369664249627,0.7133663033575037,False
Rq_nm,6082,6033,2.0502288341522217,2.280444430679549,0.23021559652732737,0.004854768629358297,0.23380716336791316,0.24173760262320731,0.2817907017285781,1.162590466678124,0.16666666666666666,0.9814814814814815,0.4044505494044732,0.5370370370370371,0.5038904151288961,40.25,0.06758784426581303,0.18280253805173596,-0.7104428439940812,0.8961841942342964,1.0,0.4081240142638753,0.24074074074074073,False,0.5038904151288961,0.4961095848711039,False
Rq_nm,6082,6047,3.348536252975464,2.401416438826161,0.9471198141493029,0.039812111209358125,0.13762285696740367,0.10606619220609377,0.13756518321988292,0.5800928041138289,0.46296296296296297,0.6111111111111112,0.5319039487535212,0.5740740740740741,0.5635315427439359,31.5,0.03262714195739498,0.09199731609302153,-0.7386863358827396,-1.837716087944152,1.0,1.0,0.09259259259259259,False,0.5635315427439359,0.4364684572560641,False
Rq_nm,6082,6048,1.8154829144477844,2.8297608924593622,1.0142779780115778,0.3515575096686434,0.3641556677712083,0.4995721991535194,0.46196336233761,1.4181674894814402,0.9444444444444444,0.3148148148148148,0.5452752542346465,0.6481481481481481,0.6224299246697728,27.25,0.053913841533560956,0.16342750055549737,0.4538057541726879,-0.2419303117113419,0.6352061073989284,1.0,0.2037037037037037,False,0.6224299246697728,0.37757007533022724,False
Rq_nm,6082,6056,2.529426336288452,1.7453849228792018,0.7840414134092504,0.0,0.16898279870648644,0.4093840978625519,0.3742072202890225,1.2629778617537046,0.09259259259259259,0.6851851851851852,0.2518790834951008,0.2777777777777778,0.27130310420710857,34.5,0.14618130008579397,0.40719914446786354,-0.6226764916608968,-0.530652551312498,1.0,1.0,0.5370370370370371,False,0.27130310420710857,0.7286968957928914,False
Rq_nm,6082,6057,3.9545385837554927,0.9130813442682633,3.0414572394872295,0.010869558596479423,0.05646746972474959,0.029560868015984742,0.0447486578223728,0.1470470686365316,0.2037037037037037,0.8333333333333334,0.41201102706087017,0.05555555555555555,0.14466942343188421,39.0,0.20675894344661785,0.5495403954932223,-0.4314656586645158,-0.06893431401338034,1.0,1.0,0.6851851851851852,False,0.14466942343188416,0.8553305765681158,False
Rq_nm,6082,6062,3.0923656225204468,4.967867508536216,1.875501886015769,0.0014842930802938525,0.9798762988325936,0.34723290878850893,0.7222339233315574,2.594646489936955,0.12962962962962962,0.7592592592592593,0.313723599001804,0.9444444444444444,0.7867642330837843,37.5,0.4529797797389368,1.2424940851370754,-0.7852602196416559,0.2741917985166993,1.0,0.760186258680797,0.9814814814814815,True,0.9814814814814815,0.01851851851851849,False
Rq_nm,6082,6063,5.24570107460022,3.6364387294907603,1.6092623451094594,0.01709075331711052,0.5345165794041328,0.7033835333330921,0.6644853306990874,2.2603524050877346,0.24074074074074073,0.2777777777777778,0.258597037847573,0.7592592592592593,0.6340937039063377,27.0,0.030525963310530424,0.08490777242552627,-0.010989472930961327,2.070102079405594,1.0,0.12617290139286638,0.05555555555555555,False,0.6340937039063377,0.3659062960936623,False
Rq_nm,6082,6070,2.544952154159546,1.7986256656022512,0.7463264885572947,0.12303731792520223,0.13081811178382685,0.07595047172083046,0.10645789900134332,0.3366809608509145,0.7962962962962963,0.35185185185185186,0.5293187380724612,0.3148148148148148,0.3684407956292264,27.5,0.08272794785960166,0.22603258135986792,-0.34252021776053543,-0.25339073158942893,1.0,1.0,0.35185185185185186,False,0.3684407956292264,0.6315592043707736,False
Rq_nm,6082,6072,1.470114827156067,0.9844298706538872,0.4856849565021797,0.0,0.0284851655682083,0.07095220267996875,0.07602539989218103,0.24116888109269619,0.09259259259259259,0.7592592592592593,0.26514483450511767,0.09259259259259259,0.13573065307072385,37.5,0.2843189873204725,0.769753677556624,1.4263174331966448,-0.19808167270451077,0.24019181800009012,1.0,0.8333333333333334,False,0.13573065307072385,0.8642693469292761,False
Rq_nm,6082,6078,1.5030123591423035,1.8656751160686726,0.3626627569263692,0.0,0.04523710060647927,0.06906823157414956,0.06742835305196737,0.2371458092831038,0.09259259259259259,0.9074074074074074,0.2898606637499727,0.35185185185185186,0.3363540548263821,39.25,0.2011246373637374,0.5542116765371503,-0.7961832000499605,0.6572790451820476,1.0,0.5182595786359551,0.6481481481481481,False,0.33635405482638214,0.6636459451736179,False
Rq_nm,6082,6080,3.9266197681427,3.192282885264659,0.7343368828780412,0.09002845556639727,0.14995710825443082,0.25532962587230607,0.2349662017375356,0.659557355209508,0.6851851851851852,0.9444444444444444,0.804437282554573,0.6851851851851852,0.7149982095275322,39.5,0.25412982992611666,0.6927532261255096,1.0252617322381445,0.9597474253502175,0.3587025690924047,0.38298960722584524,0.7962962962962963,False,0.7149982095275322,0.28500179047246776,False
Rq_nm,6082,6081,0.9417254328727722,3.7110010906354383,2.769275657762666,0.055420977931436965,0.14971898336275938,0.1740182255413117,0.21771052180430417,0.8229917452128204,0.5740740740740741,0.7962962962962963,0.6761161579084698,0.7962962962962963,0.7662512616993397,37.75,0.0420451855336437,0.12322129722277708,-0.8816537544506343,-0.9387310289207912,1.0,1.0,0.16666666666666666,False,0.7662512616993397,0.23374873830066034,False
Rq_nm,6082,6084,1.391980767250061,2.8045823135138424,1.4126015462637813,0.15563726453545534,0.31883946001979896,0.27700453004329634,0.34922211588803165,1.2132409151004468,0.8703703703703703,0.5370370370370371,0.6836820348879531,0.6111111111111112,0.6292538420553216,31.0,0.04051134677365664,0.12556363794973613,-0.4918425718704234,-1.5823595518294082,1.0,1.0,0.12962962962962962,False,0.6292538420553216,0.37074615794467836,False
Rq_nm,6082,6085,2.2395859956741333,3.7930790049414536,1.5534930092673203,0.06849516949834644,0.32887252074454937,0.8194503244597824,0.6974533381061722,2.6940186261457364,0.6111111111111112,0.5740740740740741,0.5923031700636843,0.8333333333333334,0.7730757925159211,31.25,0.07203051873938586,0.21123689820483094,-1.1323590847033824,-0.6380473595887133,1.0,1.0,0.3148148148148148,False,0.7730757925159211,0.22692420748407893,False
Rq_nm,6082,6090,2.4095938205718994,3.5664241853124907,1.1568303647405913,0.09132270961227418,0.46149179353990766,0.15834640239799763,0.3547808272983202,1.3301583816854294,0.7222222222222222,0.16666666666666666,0.3469443332443555,0.7222222222222222,0.6284027499777555,25.25,0.11777590026175445,0.3319557264609052,-0.5306237448622725,1.2431707779456884,1.0,0.28846809801694445,0.42592592592592593,False,0.6284027499777555,0.37159725002224453,False
Rq_nm,6082,6094,4.058265686035156,2.020289537389769,2.037976148645387,0.03415795318696491,0.17591439408519885,0.16333066788427228,0.18421626244132747,0.6698338745146095,0.3148148148148148,0.46296296296296297,0.38176903940904267,0.46296296296296297,0.4426644820744829,30.0,0.009185493813774715,0.0273898977097653,0.9427492747192484,-0.9421623234713904,0.3895553670566519,1.0,0.018518518518518517,False,0.44266448207448295,0.557335517925517,False
Rq_nm,6082,6095,9.07418346405029,5.127742071246315,3.9464413928039743,0.08791519229209133,0.7807802452213197,0.26002048603254263,0.5693009680929229,2.114632801908222,0.6481481481481481,0.3888888888888889,0.502053396730591,0.9814814814814815,0.8616244602937589,28.75,0.3260210604243755,0.8844869059820986,0.19198436191346965,-0.16639470692609706,0.8253197748128208,1.0,0.9074074074074074,True,0.9074074074074074,0.09259259259259256,False
Rq_nm,6082,6099,9.394835472106934,4.8340088883663155,4.560826583740618,0.1414676233584471,0.13258358690196093,0.41768010756787466,0.3460981654010125,1.103805570063244,0.8333333333333334,0.5370370370370371,0.668977476599572,0.9074074074074074,0.8477999247054486,31.0,0.23724297744989475,0.6404287904331335,0.48504700836739767,-1.4365052599031451,0.615668254524523,1.0,0.7222222222222222,False,0.8477999247054486,0.15220007529455137,False
Rq_nm,6082,6101,0.481030598282814,1.3470573408830493,0.8660267426002353,0.041463077880935284,0.06412360982154222,0.05959964324231,0.06394861222571831,0.21427843658965373,0.5,0.9074074074074074,0.6735753140545634,0.2037037037037037,0.3211716062914186,39.25,0.31898828620594943,0.8495898844157436,-0.22270772834263422,0.5924116892294239,1.0,0.5529920303488277,0.8703703703703703,False,0.3211716062914186,0.6788283937085814,False
Rq_nm,6082,N6342,0.8041046559810638,2.0317912822012314,1.2276866262201676,0.04584092560169273,0.2577891647733228,0.07693051133449712,0.1845074339438436,0.6109889123877945,0.5370370370370371,0.05555555555555555,0.17272924172386694,0.5,0.41818231043096676,21.0,0.11906728118523459,0.34701960060583836,1.951214351301664,-0.0596544055195724,0.1421014057422043,1.0,0.46296296296296297,False,0.41818231043096676,0.5818176895690332,False
Rq_nm,6082,N6358,0.9793977737426758,2.0019084549062645,1.0225106811635887,0.0390573479758316,0.11677148341906977,0.07622801755810996,0.13427372806981389,0.48877123182172433,0.42592592592592593,0.2777777777777778,0.343966215203828,0.42592592592592593,0.40543599824540144,27.0,0.24327309707605793,0.6764313104944418,1.4212340904145906,1.2812397484231566,0.24141590393272247,0.2776928177284578,0.7592592592592593,False,0.40543599824540144,0.5945640017545986,False
Rq_nm,6082,N6382,1.1125519275665283,1.3300364881959397,0.21748456062941135,0.03641987791663914,0.03243472311973311,0.047884971214627314,0.045439507688428936,0.16715573903725,0.35185185185185186,0.018518518518518517,0.08072035080630877,0.16666666666666666,0.1451800877015772,19.5,0.08888850245602792,0.24122528193180381,1.859102146171131,0.6793199621498178,0.1558124644010905,0.5069616282653904,0.3888888888888889,False,0.1451800877015772,0.8548199122984228,False
Rq_nm,6082,N6389,2.0189785957336426,1.994640357866429,0.024338237867213675,0.03889119214503278,0.12331374156903002,0.1786805556268983,0.2350622927826296,0.8079434206379581,0.3888888888888889,0.09259259259259259,0.18975834751777032,0.3888888888888889,0.33910625354610924,23.5,0.12415692883145374,0.3336179587492678,5.199800208393838,1.4149778831204167,0.00551766669413571,0.24293098626469753,0.5,False,0.33910625354610924,0.6608937464538908,False
Rq_nm,6082,N6390,1.9620892405509949,1.1735977853292394,0.7884914552217555,0.09559579841931054,0.2841790723005104,0.17810254136397827,0.24942935395935778,0.8894922061648461,0.7592592592592593,0.12962962962962962,0.313723599001804,0.12962962962962962,0.17565312197267322,25.0,0.18939766820408815,0.5104302937390106,6.805227310117612,0.7308400945893297,0.0011079682900914543,0.48150431096325125,0.6111111111111112,False,0.17565312197267324,0.8243468780273268,False
Rq_nm,6084,6022,1.649340271949768,0.9016097884696561,0.747730483480112,1.2554586455862877,0.5199594004027188,1.0210675154344273,0.8298854222224508,2.3875047409401438,0.9814814814814815,0.2777777777777778,0.5221434140693216,0.018518518518518517,0.1444247424062193,27.0,0.3949819638369494,1.1767018472518438,3.5676897786796964,54.14809795845751,0.028220975127277864,3.046350367799544e-24,0.9444444444444444,True,0.9444444444444444,0.05555555555555558,False
Rq_nm,6084,6028,5.214306831359862,3.795239069026636,1.4190677623332264,0.261649320674759,0.28789709540335706,1.1002753864949646,0.8988372864507809,3.394541541975506,0.9074074074074074,0.46296296296296297,0.6481481481481481,0.7962962962962963,0.7592592592592593,30.0,0.1550004879913392,0.41892291818984484,-0.8859366224349365,0.25511154559199023,1.0,0.7748300642623115,0.5370370370370371,False,0.7592592592592593,0.2407407407407407,False
Rq_nm,6084,6029,2.2897632122039795,1.5248039375657474,0.7649592746382321,0.01863175978535958,0.2896703222820072,0.07354682622707803,0.20677234724163018,0.7974053949903663,0.24074074074074073,0.6481481481481481,0.39501350014262115,0.24074074074074073,0.27930893059121087,33.5,0.06496673067696007,0.18501612492191277,-0.9224025595909006,67.89352478806866,1.0,3.267509264148299e-30,0.16666666666666666,False,0.27930893059121087,0.7206910694087891,False
Rq_nm,6084,6033,2.0502288341522217,2.3145125361200902,0.26428370196786855,0.0034161784388682115,0.2232257689583858,0.24877111314435552,0.2803542444064313,1.1471344930039349,0.16666666666666666,0.9814814814814815,0.4044505494044732,0.5370370370370371,0.5038904151288961,40.25,0.0791312050517956,0.21480420597368743,-0.4816798956196735,0.9955955316987452,1.0,0.3695033280627403,0.2777777777777778,False,0.5038904151288961,0.4961095848711039,False
Rq_nm,6084,6047,3.348536252975464,2.4520156034325815,0.8965206495428824,0.04453185287801986,0.1419497816208002,0.10617765225655931,0.14225916524005439,0.5996266458364299,0.5370370370370371,0.5740740740740741,0.5552468277987019,0.5740740740740741,0.5693672625052311,31.5,0.023227160998040258,0.06837518201937631,-0.8969235962830039,-1.2482049082734412,1.0,1.0,0.05555555555555555,False,0.5693672625052311,0.43063273749476894,False
Rq_nm,6084,6048,1.8154829144477844,2.801500235744302,0.9860173212965178,0.35849302417205786,0.33188342361402534,0.4895635233855475,0.4446238959666115,1.3857834900983064,0.9444444444444444,0.3148148148148148,0.5452752542346465,0.6111111111111112,0.594652146891995,27.25,0.05564998042327963,0.17399922967759562,-0.025532626934530653,-0.3234533053726624,1.0,1.0,0.12962962962962962,False,0.594652146891995,0.40534785310800503,False
Rq_nm,6084,6056,2.529426336288452,1.7905325488258355,0.7388937874626167,0.0,0.16788981850376739,0.4249444432701256,0.3863448225462035,1.30717217224403,0.12962962962962962,0.6851851851851852,0.2980273507302052,0.2777777777777778,0.28284017101588466,34.5,0.12919449794532198,0.3611884762492077,-0.7569877605126737,-0.48111224013734244,1.0,1.0,0.3888888888888889,False,0.28284017101588466,0.7171598289841153,False
Rq_nm,6084,6057,3.9545385837554927,0.96347852662789,2.9910600571276027,0.010719954439178725,0.05796600317842267,0.03321739784638693,0.04723810733644749,0.14941053215088074,0.2037037037037037,0.8333333333333334,0.41201102706087017,0.05555555555555555,0.14466942343188421,39.0,0.20366613076859919,0.5527702870482207,-0.5825042917957469,-0.10043970176621154,1.0,1.0,0.6851851851851852,False,0.14466942343188416,0.8553305765681158,False
Rq_nm,6084,6062,3.0923656225204468,5.001141168413543,1.9087755458930964,0.0,0.9497952926525346,0.3507617480765192,0.7072269742049571,2.5179321699578705,0.12962962962962962,0.7592592592592593,0.313723599001804,0.9814814814814815,0.8145420108615622,37.5,0.4293846767303672,1.2080131152095097,-0.8831589486805463,0.6834325762222543,1.0,0.5048809721392467,0.9814814814814815,True,0.9814814814814815,0.01851851851851849,False
Rq_nm,6084,6063,5.24570107460022,3.6116610823731814,1.6340399922270383,0.030875827697320446,0.5194986264832437,0.7043465869300312,0.6596432707783718,2.264143076996053,0.3148148148148148,0.2777777777777778,0.295717026345765,0.7222222222222222,0.6155959232531079,27.0,0.03272069693896403,0.08808670693730725,-0.17921105608864413,2.312710678218041,1.0,0.09899255059260624,0.09259259259259259,False,0.6155959232531079,0.38440407674689214,False
Rq_nm,6084,6070,2.544952154159546,1.8369607752383497,0.7079913789211962,0.12623577474761305,0.12908298877927096,0.07431749747671189,0.1041071790530014,0.3226546736705078,0.7592592592592593,0.35185185185185186,0.5168624347019579,0.35185185185185186,0.3931044975643784,27.5,0.10040481559830304,0.2740231880917854,-0.4609715536583566,-0.6656201926341877,1.0,1.0,0.35185185185185186,False,0.3931044975643784,0.6068955024356216,False
Rq_nm,6084,6072,1.470114827156067,0.9848998718804027,0.48521495527566416,0.0,0.028748662953028074,0.07254905490697128,0.07613699284923736,0.2397050649237421,0.12962962962962962,0.7592592592592593,0.313723599001804,0.09259259259259259,0.14787534419489545,37.5,0.2843316244083885,0.7759468078367303,0.9152220951118802,-0.2824047393088716,0.4004276831831954,1.0,0.8333333333333334,False,0.14787534419489545,0.8521246558051045,False
Rq_nm,6084,6078,1.5030123591423035,1.947509822269109,0.4444974631268055,0.0,0.046583111178858695,0.06632199857831549,0.06549036504264043,0.22716233853935552,0.12962962962962962,0.9074074074074074,0.3429677625454099,0.3888888888888889,0.3774086073030192,39.25,0.19158677789629966,0.5315189244573125,-0.8644806355565335,0.4638283706378136,1.0,0.6288714780160777,0.6481481481481481,False,0.3774086073030192,0.6225913926969808,False
Rq_nm,6084,6080,3.9266197681427,3.282953231261355,0.6436665368813452,0.08988532657731563,0.15034015364052802,0.2562405091640811,0.2414175444682601,0.6619518419271042,0.6481481481481481,0.9444444444444444,0.78239371015843,0.6851851851851852,0.7094873164284965,39.5,0.2375870937400738,0.6488367882311586,0.6998676802858579,0.983623348440516,0.4966510161642797,0.3739536766585543,0.7222222222222222,False,0.7094873164284965,0.2905126835715035,False
Rq_nm,6084,6081,0.9417254328727722,3.8910997212257077,2.9493742883529355,0.04584034791513236,0.15525785106217735,0.17167077714889392,0.21892469153506358,0.8130384449468799,0.5740740740740741,0.7962962962962963,0.6761161579084698,0.8703703703703703,0.8218068172548952,37.75,0.07249630883938803,0.20089293766580774,-0.8257082960377791,-1.5851544442341052,1.0,1.0,0.2037037037037037,False,0.8218068172548952,0.17819318274510476,False
Rq_nm,6084,6082,1.863613247871399,3.1323324956719008,1.2687192478005018,0.17209287561394548,0.14759061084585232,0.48969044924906124,0.39877776986982727,1.588351708647218,0.8703703703703703,0.6111111111111112,0.7293099506487117,0.6481481481481481,0.668438598773289,32.0,0.13179578570087558,0.35604416903052505,1.0609724386815895,-0.5843580760921009,0.34611906705626005,1.0,0.46296296296296297,False,0.668438598773289,0.33156140122671096,False
Rq_nm,6084,6085,2.2395859956741333,3.809050876726337,1.5694648810522036,0.12842540268277602,0.3061389685784252,0.8309971804124731,0.7019471003168224,2.7333595472389125,0.7962962962962963,0.5370370370370371,0.6539423549262806,0.8333333333333334,0.7884855887315702,31.25,0.07258327055430855,0.21702704012598373,-1.2735881355889433,-1.0281612542788445,1.0,1.0,0.24074074074074073,False,0.7884855887315702,0.21151441126842985,False
Rq_nm,6084,6090,2.4095938205718994,3.628937547236132,1.2193437266642326,0.08690769710822277,0.4506923137581882,0.16213949798747354,0.3467790377846841,1.3069749730471312,0.6111111111111112,0.16666666666666666,0.3191423692521127,0.7592592592592593,0.6492300367574726,25.25,0.13064188007185756,0.3528888006153028,-0.441245422240024,1.6148390899066007,1.0,0.19892267653215903,0.42592592592592593,False,0.6492300367574726,0.3507699632425274,False
Rq_nm,6084,6094,4.058265686035156,2.080408374237895,1.977857311797261,0.03572291705979369,0.1752378362934339,0.17083555229534356,0.18769018971904408,0.674710707538803,0.35185185185185186,0.46296296296296297,0.40360175403154386,0.5,0.475900438507886,30.0,0.012723349329686558,0.04050381542442849,0.3698317791610963,-1.3028018852468277,0.6908505363197487,1.0,0.018518518518518517,False,0.475900438507886,0.524099561492114,False
Rq_nm,6084,6095,9.07418346405029,4.9858159491832055,4.088367514867084,0.090529461192844,0.7079070128684348,0.2455428100184305,0.5207945867327146,1.907502450768213,0.6851851851851852,0.3888888888888889,0.516198513509865,0.9444444444444444,0.8373829617107995,28.75,0.30148713453134957,0.816842673339123,0.009213280185190962,-0.10621078938779076,0.990829032036204,1.0,0.8703703703703703,False,0.8373829617107995,0.1626170382892005,False
Rq_nm,6084,6099,9.394835472106934,4.905682560702017,4.489152911404917,0.13546585290182467,0.14340123823530726,0.4381337643933903,0.36249027187274663,1.1896037954366951,0.8333333333333334,0.5,0.6454972243679028,0.9074074074074074,0.8419298616475313,31.0,0.23929155477214537,0.6463420960620432,0.07683608884335685,-1.756584961256255,0.9260416297218836,1.0,0.7592592592592593,False,0.8419298616475313,0.15807013835246875,False
Rq_nm,6084,6101,0.481030598282814,1.3713397302494539,0.8903091319666399,0.03893639414931127,0.06384295702043863,0.0663646134409699,0.06795070364115466,0.22636488680659062,0.46296296296296297,0.9074074074074074,0.6481481481481481,0.2037037037037037,0.31481481481481477,39.25,0.32277058582793394,0.8620743407640431,-0.27958960306724384,0.706165700104594,1.0,0.49353292742042393,0.9074074074074074,True,0.9074074074074074,0.09259259259259256,False
Rq_nm,6084,N6342,0.8041046559810638,1.7986796367259854,0.9945749807449216,0.03034598089918017,0.25388883810411056,0.07352584634835603,0.1807565704845397,0.5872789969259187,0.2777777777777778,0.05555555555555555,0.12422599874998831,0.3148148148148148,0.2671676107986082,21.0,0.1840465929499779,0.528893802490775,1.6341633504149016,-0.1243560150223746,0.19511554637040343,1.0,0.5740740740740741,False,0.2671676107986082,0.7328323892013918,False
Rq_nm,6084,N6358,0.9793977737426758,1.997969010160328,1.0185712364176522,0.0378283346078534,0.1191824612082379,0.07498185917672608,0.13366283843737403,0.4825395969599169,0.3888888888888889,0.2777777777777778,0.32867109906108977,0.42592592592592593,0.40161221920971685,27.0,0.24160194455106693,0.6710701036353705,0.7564409717909467,1.6232677890441198,0.4693338304239192,0.19725306335811085,0.7962962962962963,False,0.4016122192097169,0.5983877807902831,False
Rq_nm,6084,N6382,1.1125519275665283,1.3124418657842496,0.19988993821772127,0.03841134044948036,0.0318886700120548,0.04885504183369133,0.04667894656749845,0.16819460779751716,0.42592592592592593,0.018518518518518517,0.08881169487616147,0.16666666666666666,0.14720292371904037,19.5,0.09796800703805748,0.26231596061818085,1.1170326132135113,0.8977226371063259,0.32724943090574704,0.4074966215109244,0.3148148148148148,False,0.14720292371904042,0.8527970762809596,False
Rq_nm,6084,N6389,2.0189785957336426,2.0599766863157893,0.04099809058214676,0.04299316563300737,0.12760756750193136,0.18881090287444202,0.24481467133525653,0.8469640322326499,0.5,0.09259259259259259,0.2151657414559676,0.46296296296296297,0.4010136575862141,23.5,0.1490415661163349,0.4082080605422981,3.4332808083656547,1.851954797703884,0.03228085953793512,0.15693009968630264,0.5,False,0.4010136575862141,0.5989863424137859,False
Rq_nm,6084,N6390,1.9620892405509949,1.1506347346658228,0.8114545058851721,0.0938088210818957,0.2843550136268261,0.18210040259443042,0.24972502591394669,0.8873432133293857,0.7222222222222222,0.12962962962962962,0.30597614151589453,0.12962962962962962,0.17371625760119586,25.0,0.19157353823394282,0.5228933836991936,4.3931763747376475,0.6953710544098517,0.01236140234892501,0.49888929856274594,0.6111111111111112,False,0.1737162576011959,0.8262837423988041,False
Rq_nm,6085,6022,1.649340271949768,1.0326590997023917,0.6166811722473764,1.3988938468324268,0.5817980536260913,1.1217625627720043,0.9117192562170205,2.6142997979321487,0.9814814814814815,0.2777777777777778,0.5221434140693216,0.09259259259259259,0.19998029796177486,27.0,0.2938657555825083,0.9058804903546674,4.029729145870955,52.364721074681086,0.017779144856357107,1.8125524842988064e-23,0.8333333333333334,False,0.19998029796177486,0.8000197020382251,False
Rq_nm,6085,6028,5.214306831359862,3.7525335708254426,1.4617732605344198,0.2296287857454069,0.27660061409632836,1.1118336715534365,0.9066873418844194,3.4625794293071586,0.9074074074074074,0.46296296296296297,0.6481481481481481,0.8333333333333334,0.787037037037037,30.0,0.15666431836364494,0.4179389541701739,-0.5923357714435568,0.016971017063910868,1.0,0.9831721794384174,0.5370370370370371,False,0.787037037037037,0.21296296296296302,False
Rq_nm,6085,6029,2.2897632122039795,1.4655697447235467,0.8241934674804328,0.02101165590892684,0.29174034972571805,0.07526338705699477,0.20873934587127083,0.8067924576015926,0.2777777777777778,0.6481481481481481,0.424312564347763,0.24074074074074073,0.28663369664249627,33.5,0.1517398464582087,0.40871799728503627,-1.0845335673589231,59.493227907528464,1.0,1.4535146358011346e-26,0.5,False,0.28663369664249627,0.7133663033575037,False
Rq_nm,6085,6033,2.0502288341522217,2.247586413977854,0.19735757982563218,0.014626189445405835,0.22104987367538095,0.2397924860242133,0.272125861004828,1.1182415223107245,0.2037037037037037,0.9814814814814815,0.4471369062092458,0.5370370370370371,0.5145620043300893,40.25,0.07977534153847701,0.2126412757474313,-0.8745022765813918,0.7994874515654725,1.0,0.44955932600513715,0.24074074074074073,False,0.5145620043300893,0.48543799566991075,False
Rq_nm,6085,6047,3.348536252975464,2.401792293300706,0.946743959674758,0.04273248661555584,0.14169907178625998,0.10965615187726807,0.14315561614759256,0.6040316481967012,0.5,0.5740740740740741,0.5357583756107197,0.5740740740740741,0.5644951494582355,31.5,0.023174318182283167,0.06991273913491947,-0.6854755465489634,-2.1097869793835504,1.0,1.0,0.09259259259259259,False,0.5644951494582355,0.43550485054176447,False
Rq_nm,6085,6048,1.8154829144477844,2.9613286497683675,1.145845735320583,0.38620500421685877,0.3565061332532935,0.5280840703149099,0.4785257502432255,1.4855468525479645,0.9444444444444444,0.3148148148148148,0.5452752542346465,0.6481481481481481,0.6224299246697728,27.25,0.049566407239617846,0.1541612909800627,-0.09247006096462496,-0.06691887949412258,1.0,1.0,0.16666666666666666,False,0.6224299246697728,0.37757007533022724,False
Rq_nm,6085,6056,2.529426336288452,1.7706083978908458,0.7588179383976064,0.0,0.16702821032751025,0.42762512524084495,0.3879941322587423,1.3227268968049495,0.12962962962962962,0.6851851851851852,0.2980273507302052,0.2777777777777778,0.28284017101588466,34.5,0.1500201841184388,0.4322251846199062,-0.8766737268752293,-0.588335172154992,1.0,1.0,0.46296296296296297,False,0.28284017101588466,0.7171598289841153,False
Rq_nm,6085,6057,3.9545385837554927,0.9375934253006463,3.0169451584548463,0.009870631623627557,0.05543046834014851,0.03295106491033169,0.045694211236513675,0.14217351874380524,0.16666666666666666,0.8333333333333334,0.37267799624996495,0.05555555555555555,0.1348361657291579,39.0,0.1973254981835797,0.5316177123831273,-0.6519647714844412,-0.1159575575586702,1.0,1.0,0.6111111111111112,False,0.1348361657291579,0.8651638342708421,False
Rq_nm,6085,6062,3.0923656225204468,5.042550466212441,1.9501848436919946,0.0,0.9397767686626043,0.3799766855970682,0.7109410383952521,2.487275860304481,0.12962962962962962,0.7592592592592593,0.313723599001804,0.9444444444444444,0.7867642330837843,37.5,0.42767667910447144,1.1907596220697823,-0.47670793263639744,0.3130982420504788,1.0,0.7311780766067727,0.9814814814814815,True,0.9814814814814815,0.01851851851851849,False
Rq_nm,6085,6063,5.24570107460022,3.5782706587065602,1.6674304158936595,0.016921072401737458,0.5227213150073455,0.7093342232741818,0.6649400126913713,2.2874590536657453,0.24074074074074073,0.2777777777777778,0.258597037847573,0.7962962962962963,0.6618714816841155,27.0,0.03573217070106473,0.10942970564991517,-0.03942398487742605,2.130065423231408,1.0,0.11882951938695216,0.12962962962962962,False,0.6618714816841155,0.33812851831588453,False
Rq_nm,6085,6070,2.544952154159546,1.8530171526245225,0.6919350015350234,0.1299780105057058,0.12768840390166294,0.08021094271231265,0.10449941678953237,0.3273278213837365,0.7592592592592593,0.35185185185185186,0.5168624347019579,0.35185185185185186,0.3931044975643784,27.5,0.08913481349980266,0.24645345456475087,-0.5675809304883456,-0.5536340079000361,1.0,1.0,0.2777777777777778,False,0.3931044975643784,0.6068955024356216,False
Rq_nm,6085,6072,1.470114827156067,0.936251010737146,0.5338638164189209,0.0,0.028505507460927587,0.06650123649813006,0.07111356030327412,0.23107336259491595,0.12962962962962962,0.7592592592592593,0.313723599001804,0.018518518518518517,0.0923197886393399,37.5,0.3090723332210727,0.8440927820905836,0.8894469159709306,-0.19121566997061226,0.41088294271241604,1.0,0.9444444444444444,True,0.9444444444444444,0.05555555555555558,False
Rq_nm,6085,6078,1.5030123591423035,1.8669341101526227,0.3639217510103192,0.0,0.04638805658211982,0.06367171090055367,0.06410711570848754,0.22172911408339768,0.12962962962962962,0.9074074074074074,0.3429677625454099,0.3888888888888889,0.3774086073030192,39.25,0.20133144232617406,0.5519132562979601,-1.0299788355631505,0.6941769193720939,1.0,0.4994853955934631,0.6481481481481481,False,0.3774086073030192,0.6225913926969808,False
Rq_nm,6085,6080,3.9266197681427,3.3014457065783294,0.6251740615643708,0.11530625845185627,0.1596274027649677,0.2646044259436952,0.2505418043545183,0.709843452555754,0.7222222222222222,0.9444444444444444,0.8258927081843613,0.7222222222222222,0.748139843712757,39.5,0.23606175813240207,0.6630166876483065,0.4766629707556723,1.168975209089358,0.6208517392290356,0.3106851655146669,0.7222222222222222,False,0.748139843712757,0.251860156287243,False
Rq_nm,6085,6081,0.9417254328727722,3.7766104436581776,2.8348850107854053,0.036993360223540606,0.14631420318287772,0.1859790396551249,0.21907445534519995,0.8311532100746928,0.35185185185185186,0.7962962962962963,0.5293187380724612,0.8703703703703703,0.7851074622958931,37.75,0.051531107596934196,0.14337265126208076,-1.013241805171452,-1.0897694456930278,1.0,1.0,0.2037037037037037,False,0.7851074622958931,0.21489253770410688,False
Rq_nm,6085,6082,1.863613247871399,2.9703151353471244,1.1067018874757255,0.17151536478914142,0.14864315679746953,0.47314857903755464,0.38639274821988434,1.536398285216896,0.8333333333333334,0.6111111111111112,0.7136240321480628,0.6851851851851852,0.6922948969259046,32.0,0.13731107162201997,0.36488121888842917,0.676252927052536,-0.2568492631223701,0.508518884230886,1.0,0.42592592592592593,False,0.6922948969259046,0.3077051030740954,False
Rq_nm,6085,6084,1.391980767250061,2.6797677660125996,1.2877869987625385,0.14243081607342978,0.28583425511490473,0.27095023165735443,0.32621327599135314,1.1500781444050054,0.7962962962962963,0.5370370370370371,0.6539423549262806,0.6111111111111112,0.6218189220649035,31.0,0.020977018302344996,0.06579007356749145,-0.6270992899813231,-1.7241807918768886,1.0,1.0,0.05555555555555555,False,0.6218189220649035,0.3781810779350965,False
Rq_nm,6085,6090,2.4095938205718994,3.5272502157112715,1.117656395139372,0.09242142836356759,0.43870391824185156,0.1553336729532576,0.3365225915713444,1.2677945644378585,0.6481481481481481,0.16666666666666666,0.32867109906108977,0.7592592592592593,0.6516122192097169,25.25,0.09525218119940278,0.28459614392229304,-0.766478452140822,1.4368462652718783,1.0,0.23767614546914326,0.35185185185185186,False,0.6516122192097169,0.3483877807902831,False
Rq_nm,6085,6094,4.058265686035156,2.086211961711123,1.972053724324033,0.0413334524751483,0.1797166195299314,0.17421597922375237,0.1915086515268934,0.6932587104335828,0.42592592592592593,0.46296296296296297,0.44405847438080737,0.5,0.48601461859520184,30.0,0.007931435426288587,0.02522291976529678,0.31986073108928065,-0.8750535461974545,0.7262501741015625,1.0,0.018518518518518517,False,0.4860146185952019,0.5139853814047981,False
Rq_nm,6085,6095,9.07418346405029,4.795928549000155,4.278254915050135,0.10525602698758174,0.6910400248788193,0.24747599237139647,0.5127018722853608,1.8492410746065016,0.6851851851851852,0.3888888888888889,0.516198513509865,0.9074074074074074,0.8096051839330218,28.75,0.2946365937572693,0.7915941429162584,0.011355185232421242,-0.06145403904844264,0.9887090415512034,1.0,0.8703703703703703,False,0.8096051839330218,0.19039481606697817,False
Rq_nm,6085,6099,9.394835472106934,5.145522786242014,4.249312685864919,0.172665688193943,0.1528754779306151,0.4555115705036643,0.38037817048045164,1.2116260943249895,0.8703703703703703,0.5370370370370371,0.6836820348879531,0.9814814814814815,0.9070316198330994,31.0,0.25478252471624774,0.6847057150603139,0.3519718543734192,-1.5574900081580603,0.7032999165145993,1.0,0.7962962962962963,False,0.9070316198330994,0.09296838016690057,False
Rq_nm,6085,6101,0.481030598282814,1.3571989731826184,0.8761683748998044,0.04149309981171534,0.06119626328527224,0.06846868915811616,0.06823079548494947,0.22917183020711707,0.46296296296296297,0.9074074074074074,0.6481481481481481,0.2037037037037037,0.31481481481481477,39.25,0.308701637332632,0.8195603772323619,-0.3977100793934031,0.56096056700338,1.0,0.5706606427098436,0.9074074074074074,True,0.9074074074074074,0.09259259259259256,False
Rq_nm,6085,N6342,0.8041046559810638,1.8445504587053607,1.0404458027242969,0.027137267471060822,0.2412676945494185,0.07609396690338707,0.1745097794910971,0.5729740421272989,0.3148148148148148,0.05555555555555555,0.13224867460264536,0.3148148148148148,0.26917327976177247,21.0,0.1621344375768114,0.46392888802749876,1.8516504701851213,-0.11969933278048653,0.1569778651019559,1.0,0.5740740740740741,False,0.2691732797617725,0.7308267202382275,False
Rq_nm,6085,N6358,0.9793977737426758,2.000616558452,1.0212187847093244,0.04574815178159786,0.12267041076080815,0.07606423842100514,0.137865967522404,0.5003156015502119,0.5370370370370371,0.2777777777777778,0.38623432619655945,0.42592592592592593,0.4160030259935843,27.0,0.24954808201702697,0.7211029578681365,0.7341091868032074,2.400656902429111,0.47993279907752495,0.09065838001458942,0.7592592592592593,False,0.4160030259935843,0.5839969740064157,False
Rq_nm,6085,N6382,1.1125519275665283,1.3271576231620175,0.21460569559548914,0.038451891086070056,0.0364587674711665,0.04876830112207148,0.0488107463223375,0.17880531972232205,0.3888888888888889,0.018518518518518517,0.08486251286955258,0.16666666666666666,0.14621562821738815,19.5,0.09314782959780844,0.2594265749320711,1.1868265203818333,0.6734263050270782,0.30518823757145674,0.5099583083049186,0.3148148148148148,False,0.1462156282173881,0.8537843717826119,False
Rq_nm,6085,N6389,2.0189785957336426,2.003640140557032,0.015338455176610477,0.045896174187061156,0.12734415365540708,0.18472199472615677,0.24078119285876148,0.8267766295667809,0.5740740740740741,0.09259259259259259,0.2305536962590506,0.46296296296296297,0.40486064628698487,23.5,0.10969305651754947,0.30149315596781345,3.7260766324149888,1.5389552260177406,0.02408715345145519,0.21460519826892752,0.3888888888888889,False,0.4048606462869848,0.5951393537130152,False
Rq_nm,6085,N6390,1.9620892405509949,1.1342309356525258,0.8278583048984691,0.08473117025012367,0.2965794691944416,0.1790519998126371,0.2565395637691555,0.90736124453923,0.6111111111111112,0.12962962962962962,0.2814571139550123,0.12962962962962962,0.16758650071097528,25.0,0.2072075791053006,0.5642960363347038,4.75433883766023,0.6147960096290453,0.008614238220793506,0.5407511920954626,0.6851851851851852,False,0.16758650071097525,0.8324134992890247,False
Rq_nm,6090,6022,1.649340271949768,0.9649423859244919,0.6843978860252762,1.3575784608160493,0.5668622676552882,1.1044830801450596,0.8972043416007215,2.580742375833302,0.9814814814814815,0.24074074074074073,0.4860890647558032,0.09259259259259259,0.19096671063339526,27.0,0.322200630916953,1.0176710170697714,3.0330206376526734,45.4984875928243,0.04816991429058514,1.7388331191070615e-20,0.9074074074074074,True,0.9074074074074074,0.09259259259259256,False
Rq_nm,6090,6028,5.214306831359862,3.717765353028698,1.4965414783311646,0.25214556349667516,0.27893671236352047,1.1096542398999625,0.9049266136174273,3.4378620790079797,0.9074074074074074,0.42592592592592593,0.6216818641331303,0.8333333333333334,0.7804204660332825,30.0,0.1590386313241616,0.4344526036492561,-0.9281271204060864,0.20957405607714535,1.0,0.8109295829455917,0.5740740740740741,False,0.7804204660332825,0.21957953396671748,False
Rq_nm,6090,6029,2.2897632122039795,1.472533061039579,0.8172301511644005,0.020913266803133768,0.29514679861722587,0.07180172438936686,0.20942708921042885,0.8179625026856052,0.2777777777777778,0.6481481481481481,0.424312564347763,0.24074074074074073,0.28663369664249627,33.5,0.11597034965714861,0.311913227407908,-1.024855388152156,55.37605891045271,1.0,8.922430743968782e-25,0.3888888888888889,False,0.28663369664249627,0.7133663033575037,False
Rq_nm,6090,6033,2.0502288341522217,2.296428757663044,0.24619992351082232,0.0,0.208279394006025,0.24124674036988433,0.2692125131353275,1.099175414337196,0.09259259259259259,0.9814814814814815,0.30145964066851305,0.5370370370370371,0.47814268794490605,40.25,0.0772038277320777,0.20548107132649296,-0.6026162938711117,0.8722770108512388,1.0,0.41799867728546014,0.3148148148148148,False,0.478142687944906,0.521857312055094,False
Rq_nm,6090,6047,3.348536252975464,2.393027289963315,0.9555089630121487,0.022233718186515095,0.13121768746713425,0.10843193064282834,0.14006696395207027,0.5985217016323316,0.3148148148148148,0.5740740740740741,0.4251200104907036,0.5740740740740741,0.5368355581782315,31.5,0.02581748836293808,0.07865378174028648,-0.9955681739484786,-1.4096151739557325,1.0,1.0,0.09259259259259259,False,0.5368355581782315,0.4631644418217685,False
Rq_nm,6090,6048,1.8154829144477844,2.8032531845534465,0.9877702701056621,0.4028739367531613,0.34533454323318924,0.5114042310447633,0.4635764589282216,1.4416265220533089,0.9444444444444444,0.2777777777777778,0.5121969142940493,0.6481481481481481,0.6141603396846235,27.25,0.056252236281866576,0.1786878812764383,-0.046772486428860595,-0.2463338234324814,1.0,1.0,0.16666666666666666,False,0.6141603396846235,0.38583966031537653,False
Rq_nm,6090,6056,2.529426336288452,1.7573671549431367,0.7720591813453155,0.0,0.1663127486277098,0.4285625121557394,0.3890053749640765,1.3202677175802788,0.09259259259259259,0.6851851851851852,0.2518790834951008,0.2777777777777778,0.27130310420710857,34.5,0.13957567881629893,0.3953049659264256,-0.890328675989054,-0.3551699913475965,1.0,1.0,0.46296296296296297,False,0.27130310420710857,0.7286968957928914,False
Rq_nm,6090,6057,3.9545385837554927,0.9631046521262748,2.991433931629218,0.012570482025625052,0.056476772848211856,0.03336758328328507,0.046436802778043074,0.14562713987265863,0.2037037037037037,0.8333333333333334,0.41201102706087017,0.05555555555555555,0.14466942343188421,39.0,0.19124955996359055,0.5227780938172133,-0.5765079789311913,0.09415930950350805,1.0,0.9101377570965179,0.6111111111111112,False,0.14466942343188416,0.8553305765681158,False
Rq_nm,6090,6062,3.0923656225204468,5.000602323691714,1.9082367011712673,0.006832937251595617,0.9250133869761243,0.3662275393637785,0.699402434286316,2.4442071672525967,0.16666666666666666,0.7592592592592593,0.35572912430182496,0.9444444444444444,0.7972656144087895,37.5,0.44972402385799587,1.2572115240204733,-0.9468846955681685,0.41743042457842205,1.0,0.6587373221805847,0.9814814814814815,True,0.9814814814814815,0.01851851851851849,False
Rq_nm,6090,6063,5.24570107460022,3.53007913625108,1.7156219383491398,0.018391928565742344,0.5080603359082501,0.7022099899745076,0.6550534873158347,2.2513025901788613,0.24074074074074073,0.24074074074074073,0.24074074074074073,0.7592592592592593,0.6296296296296297,27.0,0.05185933837014682,0.15301492483886836,-0.17328249246166372,2.0723305043543108,1.0,0.1258920475985754,0.12962962962962962,False,0.6296296296296297,0.37037037037037035,False
Rq_nm,6090,6070,2.544952154159546,1.807274999232318,0.7376771549272279,0.13012340544021184,0.12424390539770966,0.07506819221018136,0.1008014538364754,0.3080312343027165,0.7222222222222222,0.3148148148148148,0.4768293773919901,0.3148148148148148,0.3553184554591086,27.5,0.09543613129100087,0.26473897984044215,-0.56621278642388,-0.34773063467263304,1.0,1.0,0.35185185185185186,False,0.3553184554591087,0.6446815445408913,False
Rq_nm,6090,6072,1.470114827156067,0.9401644766255446,0.5299503505305223,0.001524735120598475,0.03211988095574793,0.06732487523338757,0.07233277816631298,0.2374526842132777,0.12962962962962962,0.7592592592592593,0.313723599001804,0.018518518518518517,0.0923197886393399,37.5,0.3022610545733999,0.8312320887470974,0.7577193603110494,-0.1267559049692188,0.4687342227904275,1.0,0.8703703703703703,False,0.09231978863933987,0.9076802113606601,False
Rq_nm,6090,6078,1.5030123591423035,1.9643885552240479,0.4613761960817444,0.0,0.04133819347259292,0.06561593485372916,0.06340208285436578,0.22227138626256537,0.09259259259259259,0.9074074074074074,0.2898606637499727,0.3888888888888889,0.3641318326041599,39.25,0.19908182528866658,0.5399860244618027,-1.1609141814066417,0.6667568407369748,1.0,0.5133708242085308,0.6851851851851852,False,0.3641318326041598,0.6358681673958402,False
Rq_nm,6090,6080,3.9266197681427,3.140655589882405,0.7859641782602953,0.08444699419381285,0.1553342249439224,0.2537606903320227,0.23972610325839672,0.646572869509884,0.6111111111111112,0.9444444444444444,0.759710796176519,0.7222222222222222,0.7315943657107964,39.5,0.2423654330933986,0.6859332962934074,0.4615456792302784,1.4488687224705952,0.6303086372068089,0.23483580234662133,0.7222222222222222,False,0.7315943657107964,0.2684056342892036,False
Rq_nm,6090,6081,0.9417254328727722,3.988411846515743,3.0466864136429708,0.03223015002611218,0.15385235052034207,0.1702776863473263,0.21764511676939216,0.8049187804946984,0.3888888888888889,0.7962962962962963,0.5564807111598785,0.8703703703703703,0.7918979555677474,37.75,0.06996128857409349,0.19461052271610613,-0.9159775928760531,-1.063846998516325,1.0,1.0,0.24074074074074073,False,0.7918979555677474,0.20810204443225255,False
Rq_nm,6090,6082,1.863613247871399,2.891209722085809,1.02759647421441,0.1821285700544597,0.1270771918516652,0.4516774707061984,0.3665008669465725,1.4589083758293662,0.8333333333333334,0.6111111111111112,0.7136240321480628,0.6851851851851852,0.6922948969259046,32.0,0.13935655403351654,0.3714095254110348,0.6695040035658204,-0.17731268689652693,0.5119624463702153,1.0,0.42592592592592593,False,0.6922948969259046,0.3077051030740954,False
Rq_nm,6090,6084,1.391980767250061,2.680848897646189,1.288868130396128,0.1305684621767793,0.2770089134450019,0.2602578545532446,0.3168293901157592,1.1223517796981821,0.7592592592592593,0.5,0.6161409170227454,0.6111111111111112,0.6123685625890197,31.0,0.02413313737076481,0.0749867214557387,-0.21163507774908055,-1.2505468354426539,1.0,1.0,0.05555555555555555,False,0.6123685625890197,0.3876314374109803,False
Rq_nm,6090,6085,2.2395859956741333,3.6979431863706695,1.4583571906965362,0.1891576876416856,0.28928024219257104,0.8290172445987224,0.6983018368984781,2.7357946332558667,0.8703703703703703,0.5370370370370371,0.6836820348879531,0.7962962962962963,0.7681427309442105,31.25,0.06988162868346491,0.21045958903018824,-1.2871822753106918,-0.6141070409876764,1.0,1.0,0.2037037037037037,False,0.7681427309442105,0.23185726905578952,False
Rq_nm,6090,6094,4.058265686035156,2.0798896486303344,1.9783760374048218,0.037264711965337316,0.17846939519800128,0.17578219671795509,0.1921726816652271,0.6933923006278089,0.42592592592592593,0.42592592592592593,0.42592592592592593,0.5,0.4814814814814815,30.0,0.01649859112995135,0.05211275316696251,0.3311774046049622,-0.8505495031248204,0.7180777674374245,1.0,0.018518518518518517,False,0.4814814814814815,0.5185185185185185,False
Rq_nm,6090,6095,9.07418346405029,4.62856617304324,4.445617291007049,0.10676378356336969,0.6725128631055516,0.2334315433216872,0.4952776225697781,1.816743784441099,0.6851851851851852,0.35185185185185186,0.4910027253171427,0.9074074074074074,0.8033062368848413,28.75,0.28840007679241736,0.7803229243670752,0.10448265093770044,0.007056109696652921,0.9007904251405241,0.9929687261961124,0.8333333333333334,False,0.8033062368848413,0.19669376311515874,False
Rq_nm,6090,6099,9.394835472106934,5.024976367561599,4.369859104545335,0.1374801024916934,0.1537255385798063,0.472838045510555,0.39284385346142364,1.280153087815394,0.7962962962962963,0.5,0.6309898162000304,0.9814814814814815,0.8938585651611187,31.0,0.25091333798235554,0.6814515406044852,0.004518220422436875,-1.544930407635313,0.995491971380075,1.0,0.7962962962962963,False,0.8938585651611187,0.10614143483888128,False
Rq_nm,6090,6101,0.481030598282814,1.3383552772384864,0.8573246789556723,0.045539794282414725,0.060800585526142405,0.06820568150579151,0.06785565569289465,0.22700445229377197,0.5740740740740741,0.9074074074074074,0.7217472322187065,0.16666666666666666,0.30543680805467666,39.25,0.32325521379297845,0.8588947305728498,-0.2980724237421506,0.6944509506906418,1.0,0.49934853970416954,0.9444444444444444,True,0.9444444444444444,0.05555555555555558,False
Rq_nm,6090,N6342,0.8041046559810638,1.9077799173409098,1.103675261359846,0.02956442909616408,0.2566154038109955,0.0775401314589536,0.18390339237527037,0.5817206234800076,0.35185185185185186,0.05555555555555555,0.13981174880131017,0.35185185185185186,0.29884182608921644,21.0,0.14825869721029106,0.4279555339711474,1.5305151872163967,-0.0532709994692884,0.2164241396395953,1.0,0.5,False,0.2988418260892165,0.7011581739107835,False
Rq_nm,6090,N6358,0.9793977737426758,1.982275917607773,1.0028781438650973,0.04223303621560137,0.12805842043902532,0.0775185161461225,0.13853085035539048,0.5163822276837475,0.5370370370370371,0.24074074074074073,0.3595645896101407,0.42592592592592593,0.4093355918469796,27.0,0.2472750877146651,0.6998091720056464,0.7342178525808778,1.872952233833484,0.4798806496401645,0.15366932371232872,0.7592592592592593,False,0.40933559184697965,0.5906644081530203,False
Rq_nm,6090,N6382,1.1125519275665283,1.3795613247183824,0.2670093971518541,0.04003891184275776,0.03569019799768911,0.05103018028468055,0.04988491211783219,0.17816628630185538,0.5,0.018518518518518517,0.09622504486493763,0.2037037037037037,0.17683403899401218,19.5,0.07239130025624509,0.20888232123987777,1.0695677330220192,0.8902431575876092,0.3431568207249547,0.4105559108293209,0.2777777777777778,False,0.17683403899401218,0.8231659610059878,False
Rq_nm,6090,N6389,2.0189785957336426,2.004170286054738,0.014808309678904674,0.03887385958214251,0.12684645445476023,0.19861367673542019,0.252076543471344,0.8670509123312564,0.46296296296296297,0.09259259259259259,0.2070433312499805,0.46296296296296297,0.3989830550347173,23.5,0.15412490291130412,0.4311609826875399,3.1679437222979976,2.05750565509383,0.042090057827560604,0.1277722808790523,0.5370370370370371,False,0.3989830550347173,0.6010169449652827,False
Rq_nm,6090,N6390,1.9620892405509949,1.1079738468201854,0.8541153937308095,0.08886817125550261,0.2858924589525155,0.17973422673195563,0.2499571796841693,0.8842321690406094,0.6481481481481481,0.12962962962962962,0.2898606637499727,0.12962962962962962,0.1696873881597154,25.0,0.1985532825593218,0.5516308774809904,4.146958700349311,0.733690671774046,0.015812433779682854,0.4801337002040644,0.6481481481481481,False,0.1696873881597154,0.8303126118402846,False
Rq_nm,6094,6022,1.649340271949768,1.0215420522868317,0.6277982196629364,1.1561593302202706,0.48183854347134036,0.9869160422438298,0.7999336201294689,2.3464145425930076,0.9814814814814815,0.2777777777777778,0.5221434140693216,0.12962962962962962,0.22775807573955262,27.0,0.28965713943068655,0.8916676086868949,4.531676328442954,52.93184492669461,0.01076261925761289,1.0279969624037494e-23,0.9444444444444444,True,0.9444444444444444,0.05555555555555558,False
Rq_nm,6094,6028,5.214306831359862,3.801728519492736,1.4125783118671262,0.22035858623933624,0.3137230568879891,1.1020565696150093,0.9070605015054909,3.3936898914891973,0.9074074074074074,0.42592592592592593,0.6216818641331303,0.8333333333333334,0.7804204660332825,30.0,0.16115369597773488,0.4320860368204549,-0.674647681098775,0.17654552442743326,1.0,0.8381606215042473,0.5370370370370371,False,0.7804204660332825,0.21957953396671748,False
Rq_nm,6094,6029,2.2897632122039795,1.4797229030685888,0.8100403091353907,0.009332587822994842,0.2903697410595175,0.07068796745773993,0.20769641795584678,0.7936764427703307,0.16666666666666666,0.6481481481481481,0.32867109906108977,0.24074074074074073,0.262723330320828,33.5,0.08999595829059331,0.2560664152087277,-0.7081068847612759,66.61373221199558,1.0,1.1749616218786246e-29,0.24074074074074073,False,0.26272333032082806,0.7372766696791719,False
Rq_nm,6094,6033,2.0502288341522217,2.2076677267842992,0.15743889263207755,0.01160296882850087,0.2246670609245609,0.22958567951949513,0.26772777486859195,1.109471816714441,0.24074074074074073,0.9814814814814815,0.4860890647558032,0.5,0.4965222661889508,40.25,0.081111576271381,0.21685013190737645,-0.6376325268686579,1.1956213067739925,1.0,0.30251594057800624,0.2037037037037037,False,0.4965222661889508,0.5034777338110492,False
Rq_nm,6094,6047,3.348536252975464,2.388560896708028,0.959975356267436,0.031824730878844854,0.11977286732722771,0.10646159542208518,0.12553040196873697,0.5197357651435484,0.35185185185185186,0.5740740740740741,0.4494318925745036,0.5370370370370371,0.5151357509214037,31.5,0.036691200525576166,0.10633920482603831,-0.6649563192905797,-1.9442782013823743,1.0,1.0,0.05555555555555555,False,0.5151357509214037,0.48486424907859627,False
Rq_nm,6094,6048,1.8154829144477844,2.885337273926769,1.0698543594789847,0.3947626615795028,0.3545396855321561,0.508995327564551,0.46411777263076226,1.4565318272476868,0.9444444444444444,0.3148148148148148,0.5452752542346465,0.6111111111111112,0.594652146891995,27.25,0.04635589762416496,0.14484585973404074,0.30198950676402425,-0.28949937500295764,0.7393458229790163,1.0,0.12962962962962962,False,0.594652146891995,0.40534785310800503,False
Rq_nm,6094,6056,2.529426336288452,1.808956485832379,0.7204698504560731,0.0,0.16729547870740208,0.40739658607559276,0.37249393165395667,1.2351468747252046,0.05555555555555555,0.6851851851851852,0.19510469912690256,0.3888888888888889,0.3404428414483923,34.5,0.12858161756125547,0.3578137480414987,-0.6330745483417946,-0.5519025695901383,1.0,1.0,0.3888888888888889,False,0.3404428414483923,0.6595571585516077,False
Rq_nm,6094,6057,3.9545385837554927,0.8334923201915116,3.121046263563981,0.0042396250743735875,0.049156376966846,0.027736931101716395,0.03984434546381537,0.12880669894370855,0.09259259259259259,0.8333333333333334,0.2777777777777778,0.018518518518518517,0.08333333333333334,39.0,0.22280130084601876,0.5962672354492788,-0.47850644976469264,-0.08888542106319072,1.0,1.0,0.6851851851851852,False,0.08333333333333337,0.9166666666666666,False
Rq_nm,6094,6062,3.0923656225204468,4.960709287867559,1.868343665347112,0.032244518079767026,0.9559595178218897,0.35223970846211344,0.7095172512564923,2.5206489468849895,0.3888888888888889,0.7592592592592593,0.5433852130044893,0.9814814814814815,0.8719574143622335,37.5,0.4186072915230802,1.1603567901610297,-0.768141205803414,0.23502201609657544,1.0,0.7905534445361572,0.9814814814814815,True,0.9814814814814815,0.01851851851851849,False
Rq_nm,6094,6063,5.24570107460022,3.257921918635286,1.9877791559649336,0.006268403762777375,0.5228210965925914,0.6015228791289036,0.5936706744711714,1.9473947198956085,0.12962962962962962,0.2777777777777778,0.18975834751777035,0.7592592592592593,0.616884031323887,27.0,0.045029355171913255,0.14169192392143004,0.04397168581292763,2.3992544981807105,0.9569810532300136,0.0907856089041905,0.09259259259259259,False,0.616884031323887,0.383115968676113,False
Rq_nm,6094,6070,2.544952154159546,1.897818088626252,0.647134065533294,0.13230236456714328,0.14015657497827771,0.08440559241943645,0.11755275486710355,0.3668584584489747,0.7962962962962963,0.35185185185185186,0.5293187380724612,0.42592592592592593,0.45177412896255975,27.5,0.06647506924492345,0.18436754910282027,-0.3186993587028356,-0.4560651853287563,1.0,1.0,0.16666666666666666,False,0.45177412896255975,0.5482258710374402,False
Rq_nm,6094,6072,1.470114827156067,0.8991315592265903,0.5709832679294766,0.0,0.02006165775773607,0.06513071018021659,0.06560608725170701,0.20008771293858796,0.05555555555555555,0.7592592592592593,0.20538030567424848,0.05555555555555555,0.09301174308522878,37.5,0.27311584207313405,0.7400265812141419,1.3956235538313528,-0.03829975053604617,0.24767854729899705,1.0,0.8333333333333334,False,0.09301174308522875,0.9069882569147713,False
Rq_nm,6094,6078,1.5030123591423035,1.6476278805798485,0.14461552143754508,0.009481366025324123,0.02967537180576387,0.068081272787894,0.06279870012195182,0.20980732317109374,0.2037037037037037,0.9074074074074074,0.4299328431942185,0.3148148148148148,0.3435943219096657,39.25,0.20806651835065149,0.5666756530600573,-0.811128823668115,0.7256439377665991,1.0,0.4840127944665775,0.6111111111111112,False,0.34359432190966577,0.6564056780903342,False
Rq_nm,6094,6080,3.9266197681427,3.0971423728277054,0.8294773953149948,0.09635621753280166,0.1269023870663737,0.2296580370645807,0.21060895916114614,0.6049155352008322,0.5740740740740741,0.9444444444444444,0.7363294574841127,0.6851851851851852,0.6979712532599172,39.5,0.2700014460618693,0.7349232779955455,1.0022445919103158,1.081043165825396,0.367054627984618,0.33924145590696225,0.7962962962962963,False,0.6979712532599172,0.30202874674008284,False
Rq_nm,6094,6081,0.9417254328727722,4.249353033390465,3.3076276005176926,0.09939084704143042,0.38368424035441684,0.3508886045832082,0.38382138477481914,1.2773340630555232,0.6111111111111112,0.7962962962962963,0.6975854889569394,0.9074074074074074,0.8549519277947905,37.75,0.11567701845752179,0.31723800222066667,-0.46698591350337465,-1.3010137189027633,1.0,1.0,0.35185185185185186,False,0.8549519277947905,0.14504807220520954,False
Rq_nm,6094,6082,1.863613247871399,3.0354469483723685,1.1718337005009696,0.14008990461471393,0.1778664525420647,0.468007411403311,0.38823387592028696,1.5393806037018465,0.8333333333333334,0.6111111111111112,0.7136240321480628,0.6481481481481481,0.6645171191481268,32.0,0.13910365831057567,0.37019661299452566,1.3212293723630715,-0.25860591064950217,0.26680709499403954,1.0,0.46296296296296297,False,0.6645171191481268,0.33548288085187317,False
Rq_nm,6094,6084,1.391980767250061,2.6557633476627935,1.2637825804127325,0.14904240756780496,0.2973418484305207,0.2491901611873294,0.31705443695470603,1.0898272620530522,0.8703703703703703,0.5,0.6596856715021066,0.5740740740740741,0.5954769734310822,31.0,0.024876517257252748,0.07899216339825688,-0.3996319807542763,-1.5648713551804614,1.0,1.0,0.018518518518518517,False,0.5954769734310822,0.4045230265689178,False
Rq_nm,6094,6085,2.2395859956741333,3.7083801338556928,1.4687941381815595,0.06179862357190791,0.31235439243544,0.7949544371308199,0.6757980438881814,2.6012426945095326,0.5370370370370371,0.5370370370370371,0.5370370370370371,0.7962962962962963,0.7314814814814815,31.25,0.10299906819596351,0.2983559286191888,-1.061682593334573,-0.625302803635761,1.0,1.0,0.2777777777777778,False,0.7314814814814815,0.2685185185185185,False
Rq_nm,6094,6090,2.4095938205718994,3.179558210960488,0.7699643903885884,0.10304485828937926,0.40458501807911146,0.12874901276805292,0.30786929532017643,1.1648843555924695,0.6851851851851852,0.16666666666666666,0.33793125168323446,0.7222222222222222,0.6261494795874752,25.25,0.1152466907647636,0.32824453476892756,-0.5675987531978276,1.3828460310195656,1.0,0.2508635706076163,0.3148148148148148,False,0.6261494795874752,0.37385052041252476,False
Rq_nm,6094,6095,9.07418346405029,3.9786889650994843,5.095494498950805,0.10154080208291605,0.6033780592138592,0.20858577225529454,0.4412878114589685,1.699640451286867,0.6481481481481481,0.3888888888888889,0.502053396730591,0.8703703703703703,0.7782911269604256,28.75,0.23508283566499322,0.6408769137816472,0.26135110837448083,-0.11400035987241185,0.7700105150069386,1.0,0.7222222222222222,False,0.7782911269604256,0.22170887303957443,False
Rq_nm,6094,6099,9.394835472106934,4.870400973685802,4.524434498421131,0.11091269154691119,0.13996564548290677,0.41578616514017763,0.342592041814133,1.096928665120514,0.7222222222222222,0.5,0.6009252125773316,0.9444444444444444,0.8585646364776661,31.0,0.28243787289843575,0.7581277403603215,0.3887168914560248,-1.290623105567628,0.6779261695392728,1.0,0.9074074074074074,True,0.9074074074074074,0.09259259259259256,False
Rq_nm,6094,6101,0.481030598282814,1.472970485653159,0.9919398873703449,0.05619648567372493,0.06485686228602294,0.06469086611499061,0.0672160626056843,0.21945172104641641,0.5,0.9074074074074074,0.6735753140545634,0.2037037037037037,0.3211716062914186,39.25,0.2740968706501735,0.7277051668704333,-0.2220947768321295,0.8189351702058528,1.0,0.4409008890371201,0.8703703703703703,False,0.3211716062914186,0.6788283937085814,False
Rq_nm,6094,N6342,0.8041046559810638,1.6313004240344513,0.8271957680533875,0.05152329974408465,0.22041387443460456,0.06557117626164813,0.15788266775595247,0.49926838609755686,0.46296296296296297,0.05555555555555555,0.16037507477489604,0.2777777777777778,0.24842710202705737,21.0,0.173947427117982,0.4941196249768819,2.2233690659282437,-0.06726417176347141,0.1082438132748418,1.0,0.5740740740740741,False,0.24842710202705742,0.7515728979729426,False
Rq_nm,6094,N6358,0.9793977737426758,1.7019655228360437,0.722567749093368,0.01481194521725726,0.08986284602633911,0.06255933204319629,0.10980689514399296,0.40243455957600016,0.2777777777777778,0.2777777777777778,0.2777777777777778,0.35185185185185186,0.33333333333333337,27.0,0.2691861928593155,0.7573538247334897,2.1266197102429034,1.8173553592126108,0.1192396780440119,0.16245481795740432,0.7592592592592593,False,0.33333333333333337,0.6666666666666666,False
Rq_nm,6094,N6382,1.1125519275665283,1.1271309615635197,0.014579033996991342,0.03675004084579503,0.024580367971578962,0.03922147272957103,0.034505075400523354,0.1331719288775226,0.42592592592592593,0.018518518518518517,0.08881169487616147,0.16666666666666666,0.14720292371904037,19.5,0.1351799248403396,0.36920828320104226,2.4403229390643775,0.7636056236840648,0.08713270836265749,0.46598323416796,0.42592592592592593,False,0.14720292371904042,0.8527970762809596,False
Rq_nm,6094,N6389,2.0189785957336426,2.0946372438018668,0.0756586480682242,0.02987866464887956,0.1241753959135489,0.16939472543846504,0.22571384585765852,0.7786855484442894,0.3148148148148148,0.09259259259259259,0.1707323047646831,0.46296296296296297,0.389905298413393,23.5,0.1543861603084987,0.4201354232559127,5.114272429647265,1.759004092302168,0.006010349195878592,0.17221628997544794,0.5,False,0.38990529841339305,0.610094701586607,False
Rq_nm,6094,N6390,1.9620892405509949,0.9655980829962181,0.9964911575547768,0.1172589497208616,0.17989136366915215,0.35774436751213495,0.31282630804093736,1.0404842139022743,0.7592592592592593,0.12962962962962962,0.313723599001804,0.09259259259259259,0.14787534419489545,25.0,0.21318006601312253,0.5886690476236769,7.732272176800923,0.7652134870477687,0.0004384467558932617,0.4652345988106055,0.6481481481481481,False,0.14787534419489545,0.8521246558051045,False
Rq_nm,6095,6022,1.649340271949768,1.1146922207668748,0.5346480511828933,1.5248807565340248,0.6089576992180867,1.0957606643369804,0.891109436713404,2.531885645289754,0.9814814814814815,0.2777777777777778,0.5221434140693216,0.09259259259259259,0.19998029796177486,27.0,0.5325463086897274,1.4991679235519981,3.9422763534926575,48.19505746972728,0.01940399408384761,1.1726070093543583e-21,0.9814814814814815,True,0.9814814814814815,0.01851851851851849,False
Rq_nm,6095,6028,5.214306831359862,3.20488343209802,2.009423399261842,0.16872411226826234,0.2089158785348181,0.8444399878290485,0.6903136863023628,2.6765738826979657,0.9074074074074074,0.42592592592592593,0.6216818641331303,0.8333333333333334,0.7804204660332825,30.0,0.14789691957544807,0.41346701915045714,-0.7232772590528359,0.1886005658868688,1.0,0.8281172189083701,0.5740740740740741,False,0.7804204660332825,0.21957953396671748,False
Rq_nm,6095,6029,2.2897632122039795,1.4645320833910698,0.8252311288129097,0.0,0.23249891680614934,0.07915725104690342,0.1736276537227783,0.6350534593335724,0.12962962962962962,0.6481481481481481,0.2898606637499727,0.2037037037037037,0.22524294371527093,33.5,0.3363313622712294,0.9333474677715664,-0.84808663014726,59.017104437916316,1.0,2.3398995004668864e-26,0.9074074074074074,True,0.9074074074074074,0.09259259259259256,False
Rq_nm,6095,6033,2.0502288341522217,2.088013248236589,0.0377844140843675,0.0,0.1471224310754958,0.19177813801364718,0.20717016604694855,0.8377204649755259,0.12962962962962962,0.9814814814814815,0.356691857115893,0.5370370370370371,0.49195074205675104,40.25,0.11291272143597077,0.3018893507265349,-0.538105175165546,1.2196546196893898,1.0,0.2953321512214383,0.46296296296296297,False,0.49195074205675104,0.508049257943249,False
Rq_nm,6095,6047,3.348536252975464,2.091647128752846,1.2568891242226177,0.020987118756024437,0.10821809999466345,0.1020999462985881,0.11474020472964025,0.4578457824516773,0.46296296296296297,0.5740740740740741,0.5155337372990761,0.5740740740740741,0.5594389898803246,31.5,0.028459223918354547,0.07547926172813924,-0.6986619935693322,-1.4001344341140092,1.0,1.0,0.05555555555555555,False,0.5594389898803246,0.4405610101196754,False
Rq_nm,6095,6048,1.8154829144477844,3.0532966165517723,1.237813702103988,0.32330739883788606,0.4070914359865071,0.4933261597721001,0.47157966893147263,1.4291301453841414,0.9444444444444444,0.3148148148148148,0.5452752542346465,0.7222222222222222,0.6779854802253282,27.25,0.022421639769283217,0.06915522132182694,0.1006456767751137,-0.2056006639130617,0.9042533741019724,1.0,0.018518518518518517,False,0.6779854802253282,0.32201451977467177,False
Rq_nm,6095,6056,2.529426336288452,1.6557325304656278,0.8736938058228243,0.0,0.13845509503540857,0.3308725972298768,0.3041308159956901,1.0216900547235357,0.12962962962962962,0.6851851851851852,0.2980273507302052,0.24074074074074073,0.25506239323810687,34.5,0.12175209737262047,0.3291288144529865,-0.7508735480922207,-0.23828080094362736,1.0,1.0,0.5,False,0.25506239323810687,0.7449376067618931,False
Rq_nm,6095,6057,3.9545385837554927,1.0725238813611333,2.8820147023943594,0.004924085701153436,0.05562331880464754,0.0344951039043379,0.0464495880976851,0.14580849677381758,0.2037037037037037,0.8333333333333334,0.41201102706087017,0.05555555555555555,0.14466942343188421,39.0,0.13970670657727716,0.38696669659537863,-0.5165249120829662,-0.049313205432341155,1.0,1.0,0.5370370370370371,False,0.14466942343188416,0.8553305765681158,False
Rq_nm,6095,6062,3.0923656225204468,4.227102007106203,1.1347363845857563,0.005705212216465583,0.6885168230510883,0.29863182269792815,0.5245537174782846,1.823127974132655,0.24074074074074073,0.7592592592592593,0.4275331992820443,0.9814814814814815,0.8429944109316222,37.5,0.4162284441887165,1.1440991105416893,-0.7707193330449518,0.27684341130015355,1.0,0.7581732091728648,0.9444444444444444,True,0.9444444444444444,0.05555555555555558,False
Rq_nm,6095,6063,5.24570107460022,2.670862557767174,2.574838516833046,0.004151427648412032,0.3587238544956355,0.4278840185098764,0.418289485922381,1.4087215282476762,0.16666666666666666,0.2777777777777778,0.2151657414559676,0.6111111111111112,0.5121247686973253,27.0,0.05816159101785754,0.1725989448649876,0.4530951861831742,2.3121800337293252,0.6356576249235417,0.09904509438380577,0.16666666666666666,False,0.5121247686973253,0.48787523130267474,False
Rq_nm,6095,6070,2.544952154159546,1.8045645119905804,0.7403876421689655,0.12057032371219312,0.11923322619311774,0.08781014820626874,0.10807120490536376,0.35212838919526623,0.8333333333333334,0.35185185185185186,0.5414885747116092,0.35185185185185186,0.3992610325667912,27.5,0.0330907691577758,0.10054982735382045,-0.4152038056410881,0.015006492133720455,1.0,0.9851055441453812,0.09259259259259259,False,0.39926103256679113,0.6007389674332089,False
Rq_nm,6095,6072,1.470114827156067,0.9852754920306266,0.4848393351254403,0.0,0.023368509044123284,0.07105480614997861,0.07338136906027165,0.2486299006399203,0.12962962962962962,0.7592592592592593,0.313723599001804,0.018518518518518517,0.0923197886393399,37.5,0.3108900478657795,0.8456281104177108,1.2042944134970288,-0.1517608828687876,0.29990353276187787,1.0,0.8703703703703703,False,0.09231978863933987,0.9076802113606601,False
Rq_nm,6095,6078,1.5030123591423035,1.8877761022401718,0.3847637430978683,0.02490313972917635,0.02437208092095362,0.07645375971445868,0.06715838101017564,0.2088550331221466,0.5,0.9074074074074074,0.6735753140545634,0.3888888888888889,0.46006049518030756,39.25,0.17656425006580787,0.49198188286469047,-0.7635775537855177,0.2902989873402158,1.0,0.7480398796863048,0.7222222222222222,False,0.46006049518030756,0.5399395048196924,False
Rq_nm,6095,6080,3.9266197681427,3.107358732182117,0.8192610359605834,0.10147600330341655,0.15314649603786964,0.22765317510941108,0.22037164353636904,0.6969869201481886,0.7592592592592593,0.9444444444444444,0.8468046937165686,0.7962962962962963,0.8089233956513644,39.5,0.21670750388534982,0.6009539413632417,0.5912260407270008,1.4358429638913146,0.5536480733628178,0.23791472593806326,0.8333333333333334,False,0.8089233956513644,0.1910766043486356,False
Rq_nm,6095,6081,0.9417254328727722,3.680828404809347,2.7391029719365747,0.04230909008158612,0.15602180382575254,0.20885352060758297,0.21494892378547995,0.7839396662787697,0.6111111111111112,0.7962962962962963,0.6975854889569394,0.9074074074074074,0.8549519277947905,37.75,0.07302655733195013,0.19862214254021937,-0.645930113851162,-1.093951993232177,1.0,1.0,0.3888888888888889,False,0.8549519277947905,0.14504807220520954,False
Rq_nm,6095,6082,1.863613247871399,3.099525274493856,1.235912026622457,0.08370793930803089,0.18764344738863872,0.4562960331414121,0.3817606565659844,1.5351933109212255,0.6851851851851852,0.6111111111111112,0.6470890818391166,0.7592592592592593,0.7312167149042236,32.0,0.2159204843183372,0.5740205921345135,1.1053840338159149,-0.21837618781510218,0.33108371048369184,1.0,0.7962962962962963,False,0.7312167149042236,0.2687832850957764,False
Rq_nm,6095,6084,1.391980767250061,2.6752228152412436,1.2832420479911826,0.1443879502091665,0.2799318733526517,0.24412721198311255,0.29256161134850206,0.9958620656412367,0.8703703703703703,0.5,0.6596856715021066,0.6481481481481481,0.6510325289866378,31.0,0.06675700236309405,0.20162831445711227,-0.42326107429833887,-1.2208163358748476,1.0,1.0,0.3148148148148148,False,0.6510325289866378,0.34896747101336223,False
Rq_nm,6095,6085,2.2395859956741333,3.2466481046067477,1.0070621089326144,0.025264238829730168,0.23094179785420188,0.5934899543498603,0.5031756113239368,1.9585674125647161,0.5370370370370371,0.5370370370370371,0.5370370370370371,0.8703703703703703,0.7870370370370371,31.25,0.048323054751009994,0.1457366271526248,-0.9565887431372241,-0.681579372030303,1.0,1.0,0.12962962962962962,False,0.7870370370370371,0.2129629629629629,False
Rq_nm,6095,6090,2.4095938205718994,3.0063945504850325,0.596800729913133,0.09582855460132222,0.22530780977765294,0.11336969348873828,0.18546647792295473,0.6421744437489596,0.7222222222222222,0.16666666666666666,0.3469443332443555,0.6851851851851852,0.6006249721999778,25.25,0.06200264141064841,0.16897522977078783,-0.5177206317061515,1.2257856409495254,1.0,0.2935270028794659,0.2777777777777778,False,0.6006249721999778,0.3993750278000222,False
Rq_nm,6095,6094,4.058265686035156,1.6988665534375893,2.359399132597567,0.018127418303454546,0.12137384906253924,0.1249355355489956,0.13663854411665508,0.4935974200866866,0.42592592592592593,0.42592592592592593,0.42592592592592593,0.3148148148148148,0.34259259259259256,30.0,0.06975331828990644,0.19092063300222273,0.918017874117969,-0.9967136585610367,0.3993097393632154,1.0,0.35185185185185186,False,0.34259259259259256,0.6574074074074074,False
Rq_nm,6095,6099,9.394835472106934,3.8116223991976064,5.583213072909327,0.07689897406933932,0.08390115162033802,0.24386857451801966,0.20641297228938982,0.6591515718329175,0.6481481481481481,0.5,0.5692750425533111,0.9444444444444444,0.8506520939716611,31.0,0.170556568215503,0.4692112631508385,0.2848195029651251,-1.2683507835184957,0.7521500029132118,1.0,0.6481481481481481,False,0.8506520939716611,0.14934790602833892,False
Rq_nm,6095,6101,0.481030598282814,2.0022152394330672,1.5211846411502532,0.016970207006617777,0.0434530451054213,0.06016997136184896,0.0562896752453193,0.17531331844786613,0.3888888888888889,0.9074074074074074,0.5940375900868682,0.5,0.5235093975217171,39.25,0.16222433091863656,0.4426150508014184,-0.42590644406524897,0.6831104288729477,1.0,0.5050436444069497,0.6111111111111112,False,0.5235093975217171,0.4764906024782829,False
Rq_nm,6095,N6342,0.8041046559810638,1.9954553774861161,1.1913507215050523,0.01443113558253728,0.18131660428424184,0.06642142089459686,0.13668015823070656,0.5144994896163142,0.3148148148148148,0.05555555555555555,0.13224867460264536,0.46296296296296297,0.38028439087288357,21.0,0.06132556092653416,0.18455137153580925,1.8377373746617087,-0.10356718546462927,0.1591771772769708,1.0,0.24074074074074073,False,0.38028439087288357,0.6197156091271164,False
Rq_nm,6095,N6358,0.9793977737426758,1.655924869600148,0.6765270958574723,0.015888862365552425,0.08612481783614863,0.060303824968400595,0.09957610309856692,0.36510926001056365,0.35185185185185186,0.2777777777777778,0.3126285743728543,0.2777777777777778,0.28649047692654694,27.0,0.17399782452078483,0.46899394861651056,1.13999579589579,2.2725929947970167,0.31982036637162625,0.1030446391536989,0.6851851851851852,False,0.28649047692654694,0.7135095230734531,False
Rq_nm,6095,N6382,1.1125519275665283,1.345524529093951,0.23297260152742272,0.027473301778062176,0.03192704524331202,0.04069038249376859,0.04147333454789117,0.14111776171249657,0.5740740740740741,0.018518518518518517,0.10310674745981521,0.16666666666666666,0.1507766868649538,19.5,0.061011550545149895,0.1713306166126488,1.614669274741747,0.7297880901150898,0.19895645948761537,0.48201112218984815,0.2037037037037037,False,0.15077668686495382,0.8492233131350462,False
Rq_nm,6095,N6389,2.0189785957336426,1.9673820982193617,0.05159649751428086,0.006810111650259909,0.1042664337878036,0.12826522442981844,0.17838253720335895,0.5824256255513309,0.2777777777777778,0.09259259259259259,0.16037507477489604,0.42592592592592593,0.3595382131381684,23.5,0.17870949536451386,0.48979459763030464,4.20601282769795,1.3808749986986892,0.014905681534098813,0.2513585184322561,0.7592592592592593,False,0.35953821313816836,0.6404617868618316,False
Rq_nm,6095,N6390,1.9620892405509949,1.3128686634133415,0.6492205771376534,0.10619946571468186,0.30712190133714606,0.13245850515804794,0.2488233921238848,0.8699095316066793,0.7962962962962963,0.12962962962962962,0.3212842883869902,0.12962962962962962,0.17754329431896976,25.0,0.11140321419141869,0.3113102542228612,5.306338608431144,0.6209000787039416,0.004960054212174483,0.5374604631027324,0.42592592592592593,False,0.17754329431896976,0.8224567056810302,False
Rq_nm,6099,6022,1.649340271949768,0.7328425870768418,0.9164976848729263,1.228288572664782,0.4951726810347083,1.0113206743550105,0.8300569037584701,2.388364325176477,0.9814814814814815,0.2777777777777778,0.5221434140693216,0.018518518518518517,0.1444247424062193,27.0,0.280666914730018,0.8780033932943331,4.1112636961273665,63.03852161504434,0.016387053180664725,4.194864289203901e-28,0.9074074074074074,True,0.9074074074074074,0.09259259259259256,False
Rq_nm,6099,6028,5.214306831359862,3.5321698015070386,1.6821370298528238,0.18009588285231137,0.19835334082235287,0.7934999489300597,0.6438879052024424,2.3238042697606645,0.8703703703703703,0.46296296296296297,0.634782833370467,0.8333333333333334,0.7836957083426168,30.0,0.21728214453957925,0.5839938151152299,-0.68064064392571,0.18745536230064377,1.0,0.8290661249588778,0.7592592592592593,False,0.7836957083426168,0.21630429165738319,False
Rq_nm,6099,6029,2.2897632122039795,1.6890686825572871,0.6006945296466923,0.04089540501329747,0.2611435685536544,0.060416663873180995,0.18440801268788778,0.7114412160386578,0.5,0.6481481481481481,0.5692750425533111,0.3148148148148148,0.3784298717494389,33.5,0.24850891940217573,0.7496902605929725,-0.7375639465718978,67.05914269720884,1.0,7.526349217822969e-30,0.8333333333333334,False,0.3784298717494389,0.6215701282505611,False
Rq_nm,6099,6033,2.0502288341522217,2.053373162318578,0.003144328166356125,0.009661348485487498,0.17377880247939573,0.2056563819565587,0.22335211354256745,0.905132815127492,0.3888888888888889,0.9814814814814815,0.6178084191708251,0.46296296296296297,0.5016743270149284,40.25,0.08514176366886839,0.23382708453680157,-0.6656958252817556,1.2245661698657258,1.0,0.2938851689139669,0.2777777777777778,False,0.5016743270149284,0.4983256729850716,False
Rq_nm,6099,6047,3.348536252975464,2.414785122602302,0.933751130373162,0.0,0.16659150551985835,0.07736062726449472,0.14813416454604428,0.5952534270922825,0.24074074074074073,0.5740740740740741,0.3717566648126802,0.5740740740740741,0.5234947217587256,31.5,0.04805098196233798,0.13695001413340202,-0.7638980573551608,-2.1508498801433653,1.0,1.0,0.12962962962962962,False,0.5234947217587256,0.4765052782412744,False
Rq_nm,6099,6048,1.8154829144477844,2.6524618499647956,0.8369789355170112,0.18349203231238453,0.23384590525596222,0.3647475480558832,0.32894774465549065,0.9863948526730901,0.9074074074074074,0.3148148148148148,0.5344766551726597,0.6481481481481481,0.619730274904276,27.25,0.051753730895730155,0.1593006651879929,0.291572553313169,-0.42901780794641925,0.7470878079408997,1.0,0.16666666666666666,False,0.619730274904276,0.380269725095724,False
Rq_nm,6099,6056,2.529426336288452,1.9089616771500186,0.6204646591384335,0.0,0.16138396055879844,0.44356146257000295,0.3940482609679682,1.3751254556960038,0.24074074074074073,0.6851851851851852,0.4061428185085427,0.35185185185185186,0.3654245935160246,34.5,0.08120296550327415,0.2289975002444793,-0.6198495398150382,-0.4607013018011963,1.0,1.0,0.24074074074074073,False,0.3654245935160245,0.6345754064839755,False
Rq_nm,6099,6057,3.9545385837554927,0.9429434764526349,3.011595107302858,0.008959261010844433,0.054643286260553155,0.027576751668807138,0.0437781221989492,0.15253938031252046,0.35185185185185186,0.8333333333333334,0.5414885747116092,0.05555555555555555,0.17703881034456895,39.0,0.13645543459351822,0.37565898650771645,-0.5486884345030366,-0.07744570613471694,1.0,1.0,0.5370370370370371,False,0.17703881034456892,0.8229611896554311,False
Rq_nm,6099,6062,3.0923656225204468,4.245041165056797,1.1526755425363504,0.0,0.6177304013499396,0.17972722581633963,0.44347571902039473,1.6898580594790262,0.24074074074074073,0.7592592592592593,0.4275331992820443,0.9814814814814815,0.8429944109316222,37.5,0.4069573647134774,1.1274863701396964,-0.8911335637821484,0.12068459407189529,1.0,0.8863134640325948,0.9814814814814815,True,0.9814814814814815,0.01851851851851849,False
Rq_nm,6099,6063,5.24570107460022,3.5675347211300994,1.6781663534701203,0.0614253738540147,0.3473367180346606,0.598281475675485,0.5269301936298648,1.8883723323713317,0.6111111111111112,0.2777777777777778,0.4120110270608702,0.8703703703703703,0.7557805345429953,27.0,0.03366487209263737,0.10587427591009502,-0.015934450846894998,2.693277007971798,1.0,0.06765885707377854,0.09259259259259259,False,0.7557805345429953,0.24421946545700468,False
Rq_nm,6099,6070,2.544952154159546,1.6378566823194203,0.9070954718401256,0.07260561291881018,0.12482821563753638,0.03868531804331495,0.08739465636083592,0.34786132476524423,0.6851851851851852,0.35185185185185186,0.4910027253171427,0.2777777777777778,0.331084014662619,27.5,0.11280195747728082,0.30680946894139927,-0.30641492064118303,-0.5545759359153071,1.0,1.0,0.46296296296296297,False,0.33108401466261905,0.668915985337381,False
Rq_nm,6099,6072,1.470114827156067,1.1835468482616665,0.28656797889440044,0.005317341900683559,0.04988039592556214,0.06887860881578413,0.07613209117456864,0.2743284967664128,0.3148148148148148,0.7592592592592593,0.4889029178682995,0.12962962962962962,0.2194479516892971,37.5,0.18379847799244667,0.5009870225583809,1.0440940233696145,-0.27296149507146783,0.3520105883243254,1.0,0.6851851851851852,False,0.2194479516892971,0.7805520483107029,False
Rq_nm,6099,6078,1.5030123591423035,1.9601907439445077,0.4571783848022042,0.004662372564327555,0.10344271387961922,0.05739074075041794,0.08424371811807925,0.31477640612096836,0.2777777777777778,0.9074074074074074,0.5020533967305911,0.3888888888888889,0.41718001584931447,39.25,0.13223040966458427,0.35608450702223826,-0.826547386663881,0.4811842520146922,1.0,0.6180510300637627,0.5,False,0.4171800158493144,0.5828199841506856,False
Rq_nm,6099,6080,3.9266197681427,3.0111201629394486,0.9154996052032516,0.07625509481501203,0.13338872661179021,0.1922704381126949,0.198662599164098,0.5941510866920008,0.7222222222222222,0.9444444444444444,0.8258927081843613,0.7592592592592593,0.7759176214905348,39.5,0.25242976238542986,0.6975628662729534,1.1780429913299746,1.1340244124697307,0.30788067456152274,0.3217358497578036,0.8703703703703703,False,0.7759176214905348,0.22408237850946522,False
Rq_nm,6099,6081,0.9417254328727722,2.858456077277874,1.916730644405102,0.0,0.08994789782057605,0.09507098675017668,0.10663556862617027,0.30643992666053377,0.24074074074074073,0.7962962962962963,0.43783668213099586,0.6851851851851852,0.623348059421638,37.75,0.013719028784194055,0.04215694602433606,-0.9421881063907582,-1.3335054674691214,1.0,1.0,0.018518518518518517,False,0.623348059421638,0.37665194057836204,False
Rq_nm,6099,6082,1.863613247871399,3.004119518468452,1.140506270597053,0.1634924176500614,0.10661266787125237,0.42776328542621267,0.3455626161061337,1.3441236666617744,0.8333333333333334,0.6111111111111112,0.7136240321480628,0.7222222222222222,0.7200726747036823,32.0,0.11080454256372271,0.29626282301544815,1.35542721428796,-0.4234602378061732,0.25783711921798796,1.0,0.42592592592592593,False,0.7200726747036823,0.2799273252963177,False
Rq_nm,6099,6084,1.391980767250061,2.579816861149029,1.187836093898968,0.08807891746634233,0.23540463247116858,0.23035720275958338,0.2784913462019956,1.0369710169875268,0.7962962962962963,0.5,0.6309898162000304,0.6111111111111112,0.6160807873833409,31.0,0.03041708726067543,0.09319336708358661,-0.34746011798935866,-1.6313792088509855,1.0,1.0,0.05555555555555555,False,0.6160807873833409,0.38391921261665907,False
Rq_nm,6099,6085,2.2395859956741333,3.607821971494217,1.3682359758200837,0.19743732336883202,0.20897372628679656,0.6861809437612618,0.5648542339094431,2.2368912086749675,0.9444444444444444,0.5370370370370371,0.7121809082603485,0.9074074074074074,0.8586007826206428,31.25,0.09504640315490297,0.2766282313062094,-1.09870870537584,-1.0152664627472991,1.0,1.0,0.3148148148148148,False,0.8586007826206428,0.14139921737935723,False
Rq_nm,6099,6090,2.4095938205718994,3.454403673554968,1.0448098529830685,0.0,0.37297423929913326,0.173087803475982,0.2973260682016883,1.1695593570574858,0.24074074074074073,0.16666666666666666,0.20030840419244383,0.7962962962962963,0.6472993232703331,25.25,0.15162074137175485,0.42755152381485906,-0.4383261536024987,1.4319293672842444,1.0,0.23884765256075552,0.5740740740740741,False,0.6472993232703331,0.3527006767296669,False
Rq_nm,6099,6094,4.058265686035156,2.254657066496006,1.8036086195391503,0.038339023613839895,0.1530925761001037,0.14144657076451111,0.1543190529118194,0.5247907076817973,0.46296296296296297,0.46296296296296297,0.46296296296296297,0.5,0.49074074074074076,30.0,0.10551836166789902,0.2852086831181244,0.6986958903840155,-1.0388792022337228,0.4972333279166457,1.0,0.35185185185185186,False,0.4907407407407407,0.5092592592592593,False
Rq_nm,6099,6095,9.07418346405029,3.951681614806842,5.122501849243447,0.07105382538878535,0.39477881846752066,0.1308458415058366,0.29747665741686374,0.9447470792359707,0.6481481481481481,0.3888888888888889,0.502053396730591,0.9444444444444444,0.833846682515981,28.75,0.2402770817103647,0.6476203397947755,0.09292042276186005,-0.15135641526352417,0.9112660134434649,1.0,0.7962962962962963,False,0.833846682515981,0.16615331748401896,False
Rq_nm,6099,6101,0.481030598282814,1.2744456967562272,0.7934150984734132,0.0,0.06168406322291475,0.07812450475616334,0.07509659589252198,0.2500693228050346,0.24074074074074073,0.9074074074074074,0.46738627644903563,0.16666666666666666,0.2418465691122589,39.25,0.30364381207850466,0.8066598104919324,0.1999555822922197,0.7567188160849602,0.8187671200289851,0.4692034468111586,0.9444444444444444,True,0.9444444444444444,0.05555555555555558,False
Rq_nm,6099,N6342,0.8041046559810638,1.6330737758907292,0.8289691199096654,0.0,0.18018901282744054,0.06566464860673062,0.13284317540095392,0.4328237832484614,0.24074074074074073,0.05555555555555555,0.11564811108145182,0.24074074074074073,0.2094675833259185,21.0,0.16824025762610775,0.4763458057075102,2.8267216701614553,-0.2392228056125291,0.059206634734058926,1.0,0.6111111111111112,False,0.20946758332591853,0.7905324166740815,False
Rq_nm,6099,N6358,0.9793977737426758,2.2774628170905755,1.2980650433478997,0.03032183952417622,0.11608484040753125,0.08582830346990676,0.13510094437044842,0.507960882673715,0.42592592592592593,0.2777777777777778,0.343966215203828,0.5370370370370371,0.4887693315787348,27.0,0.17891037647284536,0.5254670458976353,1.3796142734707595,1.8973256665050087,0.2516756122998181,0.149969150929783,0.6481481481481481,False,0.4887693315787348,0.5112306684212652,False
Rq_nm,6099,N6382,1.1125519275665283,1.2769511999529475,0.16439927238641916,0.049596242237341714,0.042351827879948095,0.044519074832273686,0.04882579553672591,0.1988744597627663,0.5370370370370371,0.018518518518518517,0.09972527420619452,0.2037037037037037,0.17770909632932638,19.5,0.1083034674032937,0.2920104983777367,2.0020519930691667,0.7101864619300372,0.1350578609050928,0.4915525330812391,0.3888888888888889,False,0.1777090963293264,0.8222909036706736,False
Rq_nm,6099,N6389,2.0189785957336426,1.9764608547968243,0.04251774093681826,0.0577978608855898,0.1209715548499188,0.13687553387577864,0.20069816911843433,0.6578381726148337,0.5740740740740741,0.09259259259259259,0.2305536962590506,0.42592592592592593,0.3770828685092071,23.5,0.07761608832743007,0.2071592059184063,4.923446065887945,1.7163860854671853,0.007274020851164702,0.17971444841147766,0.2037037037037037,False,0.37708286850920714,0.6229171314907929,False
Rq_nm,6099,N6390,1.9620892405509949,1.0806624526774118,0.8814267878735831,0.08617139796646889,0.25272120431217626,0.12994572461032564,0.20063823348822504,0.7003072491264563,0.7592592592592593,0.12962962962962962,0.313723599001804,0.09259259259259259,0.14787534419489545,25.0,0.20186426267457996,0.5571904619509589,7.06841860182935,0.5537173249871216,0.0008515787299508754,0.5748090817911207,0.7222222222222222,False,0.14787534419489545,0.8521246558051045,False
Rq_nm,6101,6022,1.649340271949768,4.40259493582485,2.753254663875082,0.29395840649487237,0.35939220549020595,0.13303413260189306,0.3398637491227884,1.0338629139400277,0.9444444444444444,0.2777777777777778,0.5121969142940493,0.9444444444444444,0.8363825619068456,27.0,0.30043405802908313,0.8828003342164383,2.577793103044436,41.01669843779998,0.07594141410208542,1.5370011858518773e-18,0.9444444444444444,True,0.9444444444444444,0.05555555555555558,False
Rq_nm,6101,6028,5.214306831359862,3.5563668132999364,1.657940018059926,0.1454935129520165,0.21583675361917354,0.9080329771707923,0.7406265044303261,2.873262481902372,0.8703703703703703,0.46296296296296297,0.634782833370467,0.7962962962962963,0.7559179305648389,30.0,0.16137484898613935,0.4340043801651603,-0.7209182251290067,0.23698095027602148,1.0,0.7890063182270282,0.6851851851851852,False,0.7559179305648389,0.2440820694351611,False
Rq_nm,6101,6029,2.2897632122039795,1.7704656817130575,0.519297530490922,4.7270848657188225e-05,0.2777699904704205,0.0787144113543062,0.20047830576518902,0.7646496605635695,0.09259259259259259,0.6851851851851852,0.2518790834951008,0.24074074074074073,0.24352532642933075,33.5,0.07133833339220812,0.21093197855093748,-0.796893318327179,52.09292661146878,1.0,2.3786438810155997e-23,0.42592592592592593,False,0.24352532642933078,0.7564746735706692,False
Rq_nm,6101,6033,2.0502288341522217,2.3596580932653617,0.30942925911314,0.03628299464127016,0.19074801565511404,0.20826074169988396,0.23372335501928565,0.9627847833073511,0.5370370370370371,0.9814814814814815,0.7260109549597281,0.46296296296296297,0.5287249609621543,40.25,0.01271525645678087,0.038135827129570754,-0.6750608483910269,1.3196534750745093,1.0,0.26722788704705275,0.05555555555555555,False,0.5287249609621543,0.47127503903784573,False
Rq_nm,6101,6047,3.348536252975464,2.510928845745089,0.837607407230375,0.04641009385458217,0.12894082333447582,0.10672705700030397,0.12752888653542957,0.5182304094151502,0.6111111111111112,0.6111111111111112,0.6111111111111112,0.5,0.5277777777777778,31.5,0.015230215298098886,0.042672586300839366,-0.6898741978085211,-1.498396175612029,1.0,1.0,0.12962962962962962,False,0.5277777777777778,0.4722222222222222,False
Rq_nm,6101,6048,1.8154829144477844,3.268565707357981,1.4530827929101964,0.29862939545400735,0.35957976492459187,0.48911407875599994,0.45192715529947486,1.4293617042883073,0.9814814814814815,0.3148148148148148,0.5558641118445791,0.7592592592592593,0.7084104724055892,27.25,0.012926743275548857,0.03907478455520663,0.13596818908854336,-0.1347186157090865,0.8728703988500512,1.0,0.09259259259259259,False,0.7084104724055892,0.2915895275944108,False
Rq_nm,6101,6056,2.529426336288452,2.0488876148390367,0.48053872144941545,0.0,0.15782051448592987,0.3691461582515525,0.33930757880151213,1.1275978709094447,0.05555555555555555,0.7222222222222222,0.20030840419244383,0.3888888888888889,0.34174376771477766,34.5,0.023792390462065608,0.07074493139141169,-0.7387320049059644,-0.2756894092974652,1.0,1.0,0.2037037037037037,False,0.34174376771477766,0.6582562322852223,False
Rq_nm,6101,6057,3.9545385837554927,1.1018266573117725,2.85271192644372,0.0007990066340002322,0.041594816743692156,0.03560728969817394,0.03992834460522511,0.11340808632008037,0.12962962962962962,0.8703703703703703,0.33589550272624175,0.09259259259259259,0.15341832012600487,39.0,0.20133913289998265,0.5383698319788323,-0.4960218296031751,0.029853547589042705,1.0,0.9705876680443148,0.7962962962962963,False,0.15341832012600487,0.8465816798739951,False
Rq_nm,6101,6062,3.0923656225204468,4.619634443398713,1.527268820878266,0.020617763867244676,0.7773946793942864,0.3272985404826832,0.5910037453741431,2.0333884071865143,0.3148148148148148,0.7962962962962963,0.500685401281325,0.9814814814814815,0.8612824614314424,37.5,0.30875912837229214,0.8500851763011548,-0.8269897213524382,0.5961308837310096,1.0,0.5509391652986755,0.9814814814814815,True,0.9814814814814815,0.01851851851851849,False
Rq_nm,6101,6063,5.24570107460022,3.0202739116237995,2.22542716297642,0.029667325876505224,0.4708518285590883,0.480046663646235,0.49706670180293033,1.5825717298389184,0.5,0.2777777777777778,0.37267799624996495,0.6481481481481481,0.5792806101736023,27.0,0.054328819003537004,0.1644390938773348,0.017533691213267717,2.539425788286042,0.9826191294767304,0.0789116988056403,0.35185185185185186,False,0.5792806101736023,0.42071938982639767,False
Rq_nm,6101,6070,2.544952154159546,2.3340032348394115,0.21094891932013438,0.13426971443754532,0.13906103161798053,0.08349088412555872,0.11723697296835535,0.4292592018271131,0.7962962962962963,0.35185185185185186,0.5293187380724612,0.42592592592592593,0.45177412896255975,27.5,0.051783942993457205,0.1399358863489154,-0.3102920557896087,-0.2186716440841161,1.0,1.0,0.24074074074074073,False,0.45177412896255975,0.5482258710374402,False
Rq_nm,6101,6072,1.470114827156067,1.0929896408358364,0.3771251863202305,0.0,0.035687709248405294,0.062483365010743364,0.0680723456896642,0.23533911976969135,0.05555555555555555,0.7962962962962963,0.21032993873334346,0.05555555555555555,0.09424915135000253,37.5,0.25952933487362667,0.7008662633007403,0.9635461487690419,-0.08128409436622971,0.3815374954673821,1.0,0.9074074074074074,True,0.9074074074074074,0.09259259259259256,False
Rq_nm,6101,6078,1.5030123591423035,1.8775961224970585,0.3745837633547551,0.003435640689800401,0.019657829068294323,0.05612686956755894,0.049825681707434774,0.14552779515520387,0.16666666666666666,0.9074074074074074,0.3888888888888889,0.3148148148148148,0.3333333333333333,39.25,0.2298942562675565,0.6299634270664979,-0.7985964319007435,0.611437832512557,1.0,0.5425701829116886,0.8333333333333334,False,0.33333333333333326,0.6666666666666667,False
Rq_nm,6101,6080,3.9266197681427,2.5954513777245096,1.3311683904181906,0.029157447308566287,0.10724149737614067,0.18604477509073547,0.16921781803375385,0.4681359331366499,0.46296296296296297,0.9444444444444444,0.6612433730132269,0.5370370370370371,0.5680886210310845,39.5,0.05703495823182843,0.16853844563353648,0.8152996099322093,1.030684949195583,0.44250672808750885,0.3567625126654425,0.3888888888888889,False,0.5680886210310845,0.4319113789689155,False
Rq_nm,6101,6081,0.9417254328727722,3.77385138554571,2.832125952672938,0.04349032777938566,0.1319847728804718,0.1810143780815143,0.2107033384447165,0.8311588826496727,0.5740740740740741,0.8333333333333334,0.6916610887771518,0.8703703703703703,0.8256930499720657,37.75,0.052726250888006115,0.15015909481588796,-0.7176782831469336,-0.9949112998196563,1.0,1.0,0.3148148148148148,False,0.8256930499720657,0.17430695002793428,False
Rq_nm,6101,6082,1.863613247871399,2.7215233995329076,0.8579101516615086,0.1601140262848917,0.11073800572414924,0.3742778161484264,0.30530618929369324,1.2489264375741014,0.9074074074074074,0.6481481481481481,0.7668992311425428,0.6111111111111112,0.6500581411189691,32.0,0.10029649407291859,0.271426509781343,1.0706239025800006,-0.2231344140565786,0.3427945802646378,1.0,0.5,False,0.6500581411189691,0.3499418588810309,False
Rq_nm,6101,6084,1.391980767250061,2.6587076208196123,1.2667268535695513,0.1366025894781422,0.24461619146523164,0.23892614259243233,0.2811577500172329,0.940239676767241,0.8333333333333334,0.5370370370370371,0.668977476599572,0.5740740740740741,0.5977999247054486,31.0,0.006513967653278664,0.020094339205840916,-0.41109866041726506,-1.1359235419706646,1.0,1.0,0.018518518518518517,False,0.5977999247054486,0.4022000752945514,False
Rq_nm,6101,6085,2.2395859956741333,3.710518075470899,1.4709320797967655,0.028928766311600462,0.2804438247678768,0.6932172990626083,0.5916635226823524,2.2957674516936186,0.42592592592592593,0.5740740740740741,0.49448258973402553,0.8333333333333334,0.7486206474335064,31.25,0.12066406938335784,0.3270206501108318,-1.1458119245945426,-0.4934150788284266,1.0,1.0,0.5370370370370371,False,0.7486206474335064,0.2513793525664936,False
Rq_nm,6101,6090,2.4095938205718994,3.267963423374992,0.8583696028030925,0.09396274027680596,0.33662848054598693,0.09689293088935297,0.25106308633924224,0.9744396066918544,0.7592592592592593,0.16666666666666666,0.35572912430182496,0.7222222222222222,0.6305989477421229,25.25,0.020930817998614168,0.06200238573998984,-0.5624982023762437,1.2458454544323616,1.0,0.2876975700938385,0.16666666666666666,False,0.6305989477421229,0.3694010522578771,False
Rq_nm,6101,6094,4.058265686035156,1.7073082774146167,2.3509574086205394,0.027434412817197718,0.11261676865143473,0.13041463665651817,0.1336068153743142,0.4739157354592851,0.3888888888888889,0.46296296296296297,0.424312564347763,0.16666666666666666,0.23107814108694075,30.0,0.07138470203756703,0.19884245925477395,0.5980860566749059,-0.8346977844077793,0.5498630363009109,1.0,0.46296296296296297,False,0.2310781410869407,0.7689218589130593,False
Rq_nm,6101,6095,9.07418346405029,3.1364410138778753,5.937742450172414,0.0828390748304888,0.3223554073452914,0.1333179155316174,0.24414468236350353,0.9444436125408466,0.6851851851851852,0.3888888888888889,0.516198513509865,0.6851851851851852,0.6429385172663552,28.75,0.15322566956969058,0.4270520845710527,0.12100475813625286,0.02791970685968661,0.886029743732601,0.9724664460513938,0.6481481481481481,False,0.6429385172663552,0.3570614827336448,False
Rq_nm,6101,6099,9.394835472106934,4.3133743083119365,5.081461163794997,0.08593636057778742,0.1183635272134151,0.3204230849322157,0.26649806953471966,0.8950811828960776,0.7222222222222222,0.5370370370370371,0.6227841378074163,0.9074074074074074,0.8362515900074097,31.0,0.18475875060732277,0.4899222307463934,0.10895531567581125,-1.301214691371018,0.89677048818618,1.0,0.7592592592592593,False,0.8362515900074097,0.16374840999259033,False
Rq_nm,6101,N6342,0.8041046559810638,1.7542196592848214,0.9501150033037575,0.02623256961049325,0.2108887382101399,0.05572237234242544,0.14936775866040658,0.4907827534236122,0.35185185185185186,0.05555555555555555,0.13981174880131017,0.2037037037037037,0.1877307149781053,21.0,0.12397914936310041,0.3591301007423827,1.7960692564099667,0.02343017632114391,0.16594991443722873,0.9768421790022771,0.5740740740740741,False,0.18773071497810534,0.8122692850218947,False
Rq_nm,6101,N6358,0.9793977737426758,1.8191532550168916,0.8397554812742158,0.015948549467541318,0.11709534805930394,0.0567588396442254,0.12017507257264946,0.4531389524588283,0.24074074074074073,0.2777777777777778,0.258597037847573,0.2777777777777778,0.2729825927952266,27.0,0.23311797047278612,0.6533265448831058,1.0903392242142635,1.5579813238814018,0.33610246027337765,0.21056069631544547,0.8703703703703703,False,0.2729825927952265,0.7270174072047735,False
Rq_nm,6101,N6382,1.1125519275665283,1.3144772966549425,0.20192536908841419,0.02026343532893926,0.026038090635350123,0.042267198765042764,0.040348145242236164,0.1475802917388236,0.2777777777777778,0.018518518518518517,0.07172191381865586,0.12962962962962962,0.11515270067688618,19.5,0.17252047981966165,0.45761865381788935,1.4404817533876693,0.7478363333321971,0.23681364542117578,0.4733897029850525,0.7222222222222222,False,0.11515270067688621,0.8848472993231138,False
Rq_nm,6101,N6389,2.0189785957336426,1.9778218561821654,0.04115673955147714,0.008035484806545146,0.08971378077357393,0.16524946165494328,0.1958539636631907,0.6803857381814358,0.2037037037037037,0.09259259259259259,0.13733700902029006,0.35185185185185186,0.2982231411439614,23.5,0.052670440980424976,0.15966409624978195,4.297447193459061,1.5964644283947673,0.013603241167980675,0.20261160095949177,0.2777777777777778,False,0.2982231411439614,0.7017768588560386,False
Rq_nm,6101,N6390,1.9620892405509949,1.006525704486623,0.9555635360643719,0.08113411627203115,0.2170471501649012,0.15678598788774967,0.2061665765686055,0.7838960714973471,0.6481481481481481,0.12962962962962962,0.2898606637499727,0.018518518518518517,0.08635405482638206,25.0,0.13972157868008495,0.3722906378690014,5.8168902447814474,0.7166730754333565,0.002976848034480097,0.4883743407789504,0.6111111111111112,False,0.08635405482638203,0.913645945173618,False
Rq_nm,N6342,6022,1.649340271949768,1.0662020987546341,0.583138173195134,1.12089208811465,0.47181280127448,0.7689628429526847,0.6361764452510269,1.970861194554843,0.9814814814814815,0.24074074074074073,0.4860890647558032,0.09259259259259259,0.19096671063339526,27.0,0.43782563581962036,1.2386123678060534,4.097056711070951,44.24268093275751,0.016621525428401836,6.104467786617935e-20,0.9814814814814815,True,0.9814814814814815,0.01851851851851849,False
Rq_nm,N6342,6028,5.214306831359862,3.6485357973058283,1.565771034054034,0.20128166517806712,0.31544304570256815,1.0302511382404276,0.8531907106871859,3.1717520392878455,0.8703703703703703,0.42592592592592593,0.6088623045471702,0.7962962962962963,0.7494377983590148,30.0,0.11017071884766569,0.3177320525896562,-0.8018410359385169,0.23934479713571813,1.0,0.7871434307771796,0.3888888888888889,False,0.7494377983590148,0.2505622016409852,False
Rq_nm,N6342,6029,2.2897632122039795,1.4225316653617335,0.867231546842246,0.0,0.29819645109399817,0.061727270894271324,0.21185729811667844,0.8219540206903329,0.16666666666666666,0.6481481481481481,0.32867109906108977,0.2037037037037037,0.23494555254305022,33.5,0.11909546059614023,0.3774547811676251,-0.7677786947655891,59.25544833979014,1.0,1.8436809287936332e-26,0.42592592592592593,False,0.23494555254305016,0.7650544474569498,False
Rq_nm,N6342,6033,2.0502288341522217,2.1605459120742623,0.1103170779220406,0.0,0.2196164693740147,0.20010096665612034,0.24824594809778547,1.0361599146037903,0.16666666666666666,0.9814814814814815,0.4044505494044732,0.42592592592592593,0.4205570817955627,40.25,0.04225584555168243,0.13372630077587067,-0.6472172986721635,0.8971457535929266,1.0,0.4077317674130158,0.2037037037037037,False,0.4205570817955627,0.5794429182044373,False
Rq_nm,N6342,6047,3.348536252975464,2.2432965359945216,1.1052397169809423,0.036245565266235236,0.10348972494997187,0.09127176714699185,0.11209249664438632,0.479645242471769,0.42592592592592593,0.5740740740740741,0.49448258973402553,0.46296296296296297,0.4708428696557286,31.5,0.00935802209787898,0.028324594716514606,-0.7257483171436456,-1.6748298026584392,1.0,1.0,0.018518518518518517,False,0.4708428696557285,0.5291571303442715,False
Rq_nm,N6342,6048,1.8154829144477844,2.9466168515879763,1.1311339371401918,0.3353850557451312,0.39628584081330503,0.47769287899972335,0.4591293645607655,1.3527102824574926,0.9444444444444444,0.2777777777777778,0.5121969142940493,0.6111111111111112,0.5863825619068457,27.25,0.04527490637698303,0.14285353814342527,-0.00444946956028116,-0.17666566171223608,1.0,1.0,0.24074074074074073,False,0.5863825619068457,0.4136174380931543,False
Rq_nm,N6342,6056,2.529426336288452,1.8150571760104592,0.7143691602779929,0.0,0.1757215231784171,0.3742607743646925,0.3513574877664883,1.1664675626312555,0.16666666666666666,0.6851851851851852,0.33793125168323446,0.35185185185185186,0.3483717018096975,34.5,0.15017271153695866,0.4158316339174708,-0.740069043019427,-0.4237599824533787,1.0,1.0,0.5370370370370371,False,0.34837170180969745,0.6516282981903025,False
Rq_nm,N6342,6057,3.9545385837554927,0.8767515746202661,3.0777870091352266,0.0,0.04788381494834387,0.02747220704646039,0.03901066708769857,0.1285599768316642,0.16666666666666666,0.8333333333333334,0.37267799624996495,0.018518518518518517,0.10705838795138012,39.0,0.24960114526255572,0.6632985757589065,-0.42912420261836143,-0.13064873109418274,1.0,1.0,0.7592592592592593,False,0.10705838795138012,0.8929416120486199,False
Rq_nm,N6342,6062,3.0923656225204468,4.5979503768528085,1.5055847543323617,0.009142238249289392,0.7753984974651724,0.32988256876924293,0.5976887591177824,2.036589026461315,0.3148148148148148,0.7592592592592593,0.4889029178682995,0.9444444444444444,0.8305590628004081,37.5,0.3872170701379007,1.070267213040513,-0.8326138825845117,0.06649897843339826,1.0,0.9356638716988044,0.9444444444444444,True,0.9444444444444444,0.05555555555555558,False
Rq_nm,N6342,6063,5.24570107460022,3.479009844366373,1.7666912302338469,0.0,0.5027131283718945,0.6625627621219667,0.6291216178281644,2.126319152332085,0.16666666666666666,0.24074074074074073,0.20030840419244383,0.7592592592592593,0.6195215454925553,27.0,0.08301466178490349,0.2498736787433501,0.06184924659797662,2.0848972346696497,0.9400245880144786,0.12431989528445651,0.3148148148148148,False,0.6195215454925553,0.38047845450744466,False
Rq_nm,N6342,6070,2.544952154159546,1.6837541978786168,0.8611979562809291,0.12504475788352942,0.12542024570897264,0.07964386272911694,0.1053877704757531,0.3411015066205392,0.6851851851851852,0.3148148148148148,0.4644420816290538,0.24074074074074073,0.296666075962819,27.5,0.13964135936985608,0.3805585985676695,-0.28668297420048117,-0.27565848134611176,1.0,1.0,0.5,False,0.296666075962819,0.703333924037181,False
Rq_nm,N6342,6072,1.470114827156067,0.9718160862611945,0.49829874089487236,0.002014930087088529,0.020746655120044463,0.058236100127805404,0.0628234148991347,0.19955017851996548,0.2777777777777778,0.7592592592592593,0.45924432472730536,0.05555555555555555,0.156477747848493,37.5,0.3116159337429922,0.8473976221924246,1.1787933786613165,-0.09971403787986097,0.3076497314629911,1.0,0.8703703703703703,False,0.156477747848493,0.843522252151507,False
Rq_nm,N6342,6078,1.5030123591423035,1.7073711308390225,0.204358771696719,0.00027801863977061636,0.0325787243117553,0.07515724519671302,0.06970044724341584,0.23976169803630976,0.2037037037037037,0.9074074074074074,0.4299328431942185,0.2777777777777778,0.315816544131888,39.25,0.17626460857647439,0.4686483445373941,-0.6334818569865771,0.5107831355481379,1.0,0.600025493472294,0.5740740740740741,False,0.315816544131888,0.684183455868112,False
Rq_nm,N6342,6080,3.9266197681427,3.8396162195525196,0.08700354859018056,0.2199826080659748,0.17981303593158202,0.300782018645188,0.2664214550082751,0.7681908481308186,0.9074074074074074,0.9444444444444444,0.9257407222185176,0.8333333333333334,0.8564351805546294,39.5,0.3267417898072925,0.8868880377573327,0.5673681024451451,0.6839842023422263,0.5670158041030904,0.5046025434088782,0.9074074074074074,True,0.9074074074074074,0.09259259259259256,False
Rq_nm,N6342,6081,0.9417254328727722,4.198129088126071,3.2564036552532984,0.06937151377625561,0.21489417377924133,0.23140200952181225,0.32446084786084606,1.2571327063282909,0.5,0.7962962962962963,0.6309898162000304,0.8703703703703703,0.8105252318277854,37.75,0.08510917457571952,0.23909077064883988,-0.5189440093717304,-1.0402261715865804,1.0,1.0,0.35185185185185186,False,0.8105252318277854,0.18947476817221465,False
Rq_nm,N6342,6082,1.863613247871399,3.4718762827908862,1.6082630349194873,0.19315599172650444,0.3116179129878608,0.48586976926088754,0.43608091996835024,1.5534491252894784,0.8333333333333334,0.6111111111111112,0.7136240321480628,0.7222222222222222,0.7200726747036823,32.0,0.184788658299215,0.4910102589037957,0.9142540614355481,-0.09711886764415667,0.40081549834423563,1.0,0.6111111111111112,False,0.7200726747036823,0.2799273252963177,False
Rq_nm,N6342,6084,1.391980767250061,2.5917239440582516,1.1997431768081905,0.11116891136487084,0.25993023437294516,0.22267932851621988,0.2832167303917339,0.9895802964483873,0.6481481481481481,0.5,0.5692750425533111,0.5740740740740741,0.5728743161938834,31.0,0.03888961359016696,0.11684402979516761,-0.4818914710545271,-1.3968368823409736,1.0,1.0,0.12962962962962962,False,0.5728743161938834,0.4271256838061166,False
Rq_nm,N6342,6085,2.2395859956741333,3.466271426049016,1.2266854303748826,0.16265825524903432,0.28706165404186956,0.6796904867521752,0.5852835351035589,2.2017569331951035,0.7962962962962963,0.5370370370370371,0.6539423549262806,0.6851851851851852,0.6773744776204591,31.25,0.017266060473098466,0.05139597640881699,-1.253523646190349,-0.6638679268942197,1.0,1.0,0.09259259259259259,False,0.6773744776204591,0.3226255223795409,False
Rq_nm,N6342,6090,2.4095938205718994,2.973399754100787,0.5638059335288874,0.06965524174031534,0.43471286625677713,0.1189581996850176,0.3283612651959624,1.217113362136935,0.5370370370370371,0.12962962962962962,0.26384827497731494,0.6481481481481481,0.5520731798554398,25.25,0.12815918120836756,0.34722573378960486,-0.5488248143652433,1.2570030376150483,1.0,0.2845054020805867,0.46296296296296297,False,0.5520731798554398,0.4479268201445602,False
Rq_nm,N6342,6094,4.058265686035156,2.127789899137032,1.9304757868981244,0.05002248083635008,0.19613629540778313,0.1584600623115478,0.18963456425246944,0.7004704620406434,0.46296296296296297,0.42592592592592593,0.44405847438080737,0.3888888888888889,0.4026812852618685,30.0,0.012083064093102365,0.0346888036124966,0.7672687047804424,-0.8943035441891847,0.4642794222973463,1.0,0.05555555555555555,False,0.4026812852618685,0.5973187147381315,False
Rq_nm,N6342,6095,9.07418346405029,4.4426438641444985,4.631539599905791,0.1426126142497406,0.7277498746708783,0.2199939218684967,0.5256791232024358,1.9279565351754626,0.7592592592592593,0.35185185185185186,0.5168624347019579,0.9074074074074074,0.809771164231045,28.75,0.23961674194212607,0.6480724704447387,0.18478233649829093,-0.18031128662389553,0.8312852046100428,1.0,0.7222222222222222,False,0.809771164231045,0.190228835768955,False
Rq_nm,N6342,6099,9.394835472106934,5.1650580869801495,4.229777385126784,0.13642437166758992,0.1290544585091879,0.44660983165277407,0.37008078475309225,1.1056956145200045,0.7222222222222222,0.5,0.6009252125773316,0.9814814814814815,0.886342414255444,31.0,0.2513548658727531,0.6769980663183743,0.7146949608416505,-1.2853468687510143,0.4893413573080905,1.0,0.7962962962962963,False,0.886342414255444,0.11365758574455598,False
Rq_nm,N6342,6101,0.481030598282814,1.3363415702919998,0.8553109720091858,0.028491742577231527,0.055077360874554324,0.04657107732380948,0.05225454205275682,0.17320661884994037,0.35185185185185186,0.9074074074074074,0.5650424556441614,0.12962962962962962,0.23848283613326257,39.25,0.29417684526604065,0.790130391122414,-0.16003347762210549,0.5100088419608394,1.0,0.6004902692773473,0.8333333333333334,False,0.2384828361332626,0.7615171638667374,False
Rq_nm,N6342,N6358,0.9793977737426758,2.356398922171928,1.3770011484292524,0.0014536924913168825,0.11604084264561058,0.07634445819238785,0.13258575629609934,0.44413944869376243,0.24074074074074073,0.24074074074074073,0.24074074074074073,0.5370370370370371,0.46296296296296297,27.0,0.22210911817628715,0.6181752161645582,1.383099471126383,1.288352131055615,0.2507999997735247,0.2757247672149413,0.6851851851851852,False,0.462962962962963,0.537037037037037,False
Rq_nm,N6342,N6382,1.1125519275665283,2.271249101705067,1.1586971741385388,0.10908688393462951,0.09196316464276011,0.08422511494379838,0.09990645985896934,0.3360659134143189,0.6111111111111112,0.018518518518518517,0.10638078975070424,0.5,0.4015951974376761,19.5,0.03971173084692843,0.11957219427690013,1.7855821301306756,1.433987215515585,0.16769940970077835,0.23835664572342322,0.16666666666666666,False,0.40159519743767613,0.5984048025623239,False
Rq_nm,N6342,N6389,2.0189785957336426,1.7774851024270844,0.24149349330655823,0.028924966211247627,0.11988807529202151,0.17590460265779442,0.2263303445004183,0.7800395920490335,0.3888888888888889,0.05555555555555555,0.1469861839480328,0.3148148148148148,0.2728576570981193,23.5,0.05555637034385955,0.1675944923866488,3.828653540160524,1.5971144658265481,0.021738866443528373,0.20247993863211178,0.2777777777777778,False,0.2728576570981194,0.7271423429018806,False
Rq_nm,N6342,N6390,1.9620892405509949,1.3970990416886861,0.5649901988623087,0.08757263226694034,0.3638768850807531,0.18579029639383285,0.31157588305384953,1.1100473841093033,0.5740740740740741,0.09259259259259259,0.2305536962590506,0.16666666666666666,0.18263842406476266,25.0,0.20295006457420786,0.5674212919100573,5.986268524986226,0.5836284491138125,0.002513023862140078,0.5578704850906459,0.6481481481481481,False,0.18263842406476272,0.8173615759352373,False
Rq_nm,N6358,6022,1.649340271949768,0.9459854511032907,0.7033548208464774,1.3568293324371856,0.5594189606145189,1.0297012943917085,0.8402471704537003,2.367566251677716,0.9814814814814815,0.24074074074074073,0.4860890647558032,0.018518518518518517,0.13541115507783968,27.0,0.032227543746225655,0.10328875727098691,4.738318998102532,44.811435375681555,0.00875334821990422,3.456534453859198e-20,0.2037037037037037,False,0.13541115507783963,0.8645888449221604,False
Rq_nm,N6358,6028,5.214306831359862,3.6674516605240735,1.546855170835789,0.217563750447622,0.2557832893273925,1.038593444827835,0.8450798267834367,3.203816665213655,0.9074074074074074,0.42592592592592593,0.6216818641331303,0.7592592592592593,0.7248649104777269,30.0,0.18100239083278724,0.4854958678232588,-0.6972736139345062,0.2822605626600363,1.0,0.7540771745781417,0.6111111111111112,False,0.7248649104777269,0.27513508952227306,False
Rq_nm,N6358,6029,2.2897632122039795,1.495536306907338,0.7942269052966415,0.021971709124483763,0.2945123937612641,0.07024348717383692,0.2090483474619446,0.8167407013555694,0.35185185185185186,0.6481481481481481,0.4775480354899121,0.2037037037037037,0.2721647866502558,33.5,0.371123698843289,0.9888581462997272,-0.7200460758660668,59.76575036842355,1.0,1.1067879143534318e-26,0.9444444444444444,True,0.9444444444444444,0.05555555555555558,False
Rq_nm,N6358,6033,2.0502288341522217,2.2415129038474566,0.19128406969523493,0.015215239167623018,0.20801346458379882,0.23284213255739242,0.26038691320794316,1.064866362273253,0.3148148148148148,0.9814814814814815,0.5558641118445791,0.5,0.5139660279611448,40.25,0.09697899700281093,0.2930236285027735,-0.6499840804432777,1.374560496018775,1.0,0.2529507442370141,0.35185185185185186,False,0.5139660279611448,0.48603397203885523,False
Rq_nm,N6358,6047,3.348536252975464,2.3864817904938826,0.9620544624815812,0.0020538657454549636,0.14301833933567062,0.0974525271787607,0.14262255403154372,0.6046478445559571,0.2037037037037037,0.5740740740740741,0.3419663946781368,0.5370370370370371,0.488269376447312,31.5,0.016013107053581912,0.043150797452888856,-0.6682681250234446,-1.4182350160165476,1.0,1.0,0.12962962962962962,False,0.48826937644731205,0.511730623552688,False
Rq_nm,N6358,6048,1.8154829144477844,2.808292177550427,0.9928092631026426,0.3400245660721888,0.31195288183119557,0.4585135598977183,0.4174867840454272,1.2725314768899576,0.9444444444444444,0.2777777777777778,0.5121969142940493,0.6111111111111112,0.5863825619068457,27.25,0.022662433674497513,0.07012286715760607,0.4002072659723602,-0.29939736245684895,0.6701811258967113,1.0,0.16666666666666666,False,0.5863825619068457,0.4136174380931543,False
Rq_nm,N6358,6056,2.529426336288452,1.7699976249848584,0.7594287113035938,0.0,0.1671806968164045,0.4204367000059639,0.38245193263636457,1.301411399042776,0.16666666666666666,0.6851851851851852,0.33793125168323446,0.3148148148148148,0.3205939240319197,34.5,0.18329280312168042,0.488988227550504,-0.6278092677159314,-0.3244907908008163,1.0,1.0,0.6481481481481481,False,0.3205939240319198,0.6794060759680802,False
Rq_nm,N6358,6057,3.9545385837554927,0.9480164791268466,3.006522104628646,0.011359948086211658,0.05553810588552194,0.03225321170112729,0.04557498888563153,0.14708796775316213,0.2777777777777778,0.8333333333333334,0.4811252243246882,0.05555555555555555,0.1619479727478387,39.0,0.29305509845818134,0.7805469728468875,-0.4457064330907285,0.01230575053033216,1.0,0.9877696555911553,0.7962962962962963,False,0.16194797274783868,0.8380520272521613,False
Rq_nm,N6358,6062,3.0923656225204468,4.8458639005016995,1.7534982779812527,0.0,0.8520708916870751,0.34045673716545033,0.6465580856333051,2.26493312831321,0.16666666666666666,0.7592592592592593,0.35572912430182496,0.9074074074074074,0.7694878366310118,37.5,0.41282569317211526,1.1447890564538177,-0.8029696224129095,0.6184330912472694,1.0,0.5387880081688877,0.9814814814814815,True,0.9814814814814815,0.01851851851851849,False
Rq_nm,N6358,6063,5.24570107460022,3.7531806711006945,1.4925204034995252,0.029844626852227663,0.49299487688485133,0.7398433670511074,0.6749255080249565,2.3661477160803672,0.42592592592592593,0.24074074074074073,0.3202151197368626,0.8333333333333334,0.7050537799342157,27.0,0.09413625731516007,0.2693219412647221,-0.0478550764297168,2.3751309804490766,1.0,0.09300230692893383,0.3148148148148148,False,0.7050537799342157,0.2949462200657843,False
Rq_nm,N6358,6070,2.544952154159546,1.7614318398364965,0.7835203143230494,0.11927281010295543,0.11693918585783303,0.07058615999447232,0.09322230564184995,0.3002102031394147,0.7592592592592593,0.3148148148148148,0.4889029178682995,0.2777777777777778,0.3305590628004082,27.5,0.12791435298112225,0.3429766836920014,-0.2912350754627032,-0.2391705472305173,1.0,1.0,0.5,False,0.33055906280040825,0.6694409371995917,False
Rq_nm,N6358,6072,1.470114827156067,0.9495937923945128,0.5205210347615541,0.0,0.030764123485809362,0.061923177969183424,0.06840398543377804,0.2242993497976108,0.16666666666666666,0.7592592592592593,0.35572912430182496,0.09259259259259259,0.15837672551990067,37.5,0.35890932089824906,0.96143270478516,1.52421422248798,-0.08545405180262851,0.21779212580011847,1.0,0.9074074074074074,True,0.9074074074074074,0.09259259259259256,False
Rq_nm,N6358,6078,1.5030123591423035,1.9659807354891037,0.4629683763468002,0.0,0.05858772000324933,0.06550206616679984,0.06974139921970073,0.24036962951761232,0.16666666666666666,0.9074074074074074,0.3888888888888889,0.35185185185185186,0.3611111111111111,39.25,0.15820512851749427,0.4373823171535949,-0.8263135705996812,0.6586739482470267,1.0,0.5175371607298741,0.5740740740740741,False,0.36111111111111116,0.6388888888888888,False
Rq_nm,N6358,6080,3.9266197681427,3.248404282170752,0.6782154859719483,0.09703416751193394,0.15824135346844098,0.2633104064986139,0.250263766696095,0.6805698855112579,0.6851851851851852,0.9444444444444444,0.804437282554573,0.6851851851851852,0.7149982095275322,39.5,0.3190416358678651,0.8473699462256687,1.1386323794686366,1.510685391842452,0.32025671210575274,0.22075861993827023,0.8333333333333334,False,0.7149982095275322,0.28500179047246776,False
Rq_nm,N6358,6081,0.9417254328727722,3.8195217042192526,2.8777962713464804,0.008353096448774355,0.13726771758206746,0.17569467485938767,0.2073794537746265,0.7505613114626208,0.24074074074074073,0.7962962962962963,0.43783668213099586,0.8703703703703703,0.7622369483105268,37.75,0.06030344977012755,0.16618414510163815,-0.7531785375173734,-1.1516612562313864,1.0,1.0,0.24074074074074073,False,0.7622369483105268,0.2377630516894732,False
Rq_nm,N6358,6082,1.863613247871399,2.851108126782427,0.9874948789110283,0.18822199005628537,0.12585831653200769,0.437093041518785,0.35489199570378155,1.3889238631190446,0.8333333333333334,0.6111111111111112,0.7136240321480628,0.6481481481481481,0.6645171191481268,32.0,0.12094004068559101,0.3322199043630607,1.3918811879052373,-0.17493998588309492,0.24860718762717568,1.0,0.42592592592592593,False,0.6645171191481268,0.33548288085187317,False
Rq_nm,N6358,6084,1.391980767250061,2.6243754688826066,1.2323947016325456,0.09812835098888328,0.2570768589242893,0.25333193666733655,0.3037265333460644,1.0889933772567053,0.7222222222222222,0.5,0.6009252125773316,0.5740740740740741,0.5807868586998884,31.0,0.011205164265100941,0.034211255038155475,-0.4195132459057346,-1.2125399456997745,1.0,1.0,0.018518518518518517,False,0.5807868586998884,0.41921314130011156,False
Rq_nm,N6358,6085,2.2395859956741333,3.6922321633075055,1.4526461676333722,0.21379507106368179,0.2752733660689081,0.8010202327676675,0.6739825151016812,2.6424308402156655,0.8703703703703703,0.5370370370370371,0.6836820348879531,0.7962962962962963,0.7681427309442105,31.25,0.09009492613000528,0.26208694286410583,-1.1202195527242358,-0.6109676149400909,1.0,1.0,0.2777777777777778,False,0.7681427309442105,0.23185726905578952,False
Rq_nm,N6358,6090,2.4095938205718994,3.551472038063696,1.1418782174917967,0.07176909343749882,0.4459357978827142,0.16284345700358296,0.34457211482334227,1.3141940914723977,0.5740740740740741,0.16666666666666666,0.30932024237944566,0.7222222222222222,0.618996727261528,25.25,0.11944993764306797,0.35883670811440194,-0.5431571435395455,1.280621564475005,1.0,0.27786453604217853,0.3888888888888889,False,0.618996727261528,0.381003272738472,False
Rq_nm,N6358,6094,4.058265686035156,2.2257799534960867,1.8324857325390695,0.04552265000459066,0.1867012525935352,0.17220470848846142,0.19297945318157314,0.6971637691141663,0.46296296296296297,0.42592592592592593,0.44405847438080737,0.46296296296296297,0.45823684081742405,30.0,0.0115532645517608,0.03256115173589713,1.719721282174352,-0.974374440520323,0.1791160637947864,1.0,0.05555555555555555,False,0.458236840817424,0.541763159182576,False
Rq_nm,N6358,6095,9.07418346405029,5.177468857150972,3.8967146068993177,0.07906005696917262,0.7004705399249792,0.24480948970875402,0.5188384983015731,1.7870105048006408,0.6111111111111112,0.35185185185185186,0.4637031120573672,0.9814814814814815,0.852036889125453,28.75,0.2907165818632976,0.8014830738956805,0.1759125227665482,0.0023556896083475045,0.8386913465269369,0.9976470828509728,0.7592592592592593,False,0.852036889125453,0.14796311087454705,False
Rq_nm,N6358,6099,9.394835472106934,5.120871724352525,4.273963747754409,0.16036849991054858,0.15672673671755824,0.45528791589007966,0.38015911912399736,1.2089313312834102,0.7962962962962963,0.5,0.6309898162000304,0.9444444444444444,0.8660807873833408,31.0,0.2458155039985552,0.6580772078164202,0.5234637999361411,-1.5014802840902506,0.592464810121794,1.0,0.7222222222222222,False,0.8660807873833408,0.13391921261665918,False
Rq_nm,N6358,6101,0.481030598282814,1.2863228352588008,0.8052922369759867,0.02806675860890029,0.05845928885014836,0.06497501311597437,0.06496817915633771,0.21825458647393448,0.3888888888888889,0.9074074074074074,0.5940375900868682,0.16666666666666666,0.27350939752171705,39.25,0.3190916808697177,0.8543671043178749,-0.11977314871436243,0.7684854357527279,1.0,0.4637148626726823,0.8703703703703703,False,0.2735093975217171,0.7264906024782829,False
Rq_nm,N6358,N6342,0.8041046559810638,2.0703212739992902,1.2662166180182264,0.0,0.2558557833179945,0.0855203958790732,0.18689764127888922,0.6316643962458546,0.16666666666666666,0.05555555555555555,0.09622504486493763,0.42592592592592593,0.3435007056606788,21.0,0.1234352856930456,0.3474174223416383,3.8034121676132093,-0.12288060294089212,0.022294569115152936,1.0,0.46296296296296297,False,0.3435007056606788,0.6564992943393212,False
Rq_nm,N6358,N6382,1.1125519275665283,1.579767304815147,0.4672153772486187,0.05754947729258442,0.050932280681387214,0.06002361152434572,0.06492113416143377,0.2517893337296706,0.5,0.018518518518518517,0.09622504486493763,0.24074074074074073,0.20461181677178997,19.5,0.01248199615743057,0.035524652437600945,3.265726000794074,0.692847610672392,0.038169214142408266,0.5001498073815466,0.09259259259259259,False,0.20461181677178997,0.79538818322821,False
Rq_nm,N6358,N6389,2.0189785957336426,1.9955956084136512,0.023382987319991333,0.06375155918194841,0.13152832814244556,0.1986500390469003,0.2534854116368693,0.8776786010419755,0.5370370370370371,0.09259259259259259,0.2229924921998573,0.3888888888888889,0.34741478971663103,23.5,0.14669266526612104,0.40176886928615785,5.74554083317395,1.4580320784101604,0.0031970050376143207,0.23269374749637206,0.5370370370370371,False,0.3474147897166311,0.6525852102833689,False
Rq_nm,N6358,N6390,1.9620892405509949,1.1808930859524267,0.7811961545985682,0.08330054333445269,0.30685280606309906,0.18679756700673253,0.26724700088741155,0.9457158124941835,0.6481481481481481,0.12962962962962962,0.2898606637499727,0.12962962962962962,0.1696873881597154,25.0,0.1846205822408657,0.5351912004409707,7.203833381160796,0.774480538552703,0.0007437293388700664,0.46094316102078214,0.6851851851851852,False,0.1696873881597154,0.8303126118402846,False
Rq_nm,N6382,6022,1.649340271949768,1.0481681637617575,0.6011721081880106,1.3320438202826597,0.5554081545463779,1.0141829705287877,0.8272608745707636,2.327320973962236,0.9814814814814815,0.24074074074074073,0.4860890647558032,0.09259259259259259,0.19096671063339526,27.0,0.3195601933037082,0.960705580229551,3.548612352252085,54.9178387070854,0.028764527004160465,1.4108657524191386e-24,0.9074074074074074,True,0.9074074074074074,0.09259259259259256,False
Rq_nm,N6382,6028,5.214306831359862,3.635637993250208,1.5786688381096545,0.2224984376487753,0.25251704842002937,1.0374148030456933,0.8439858494408766,3.206309885711869,0.9074074074074074,0.42592592592592593,0.6216818641331303,0.7962962962962963,0.7526426882555048,30.0,0.1416721509401802,0.3808557241064263,-0.6842141186500464,0.24207274332222864,1.0,0.784999072034386,0.5370370370370371,False,0.7526426882555048,0.24735731174449516,False
Rq_nm,N6382,6029,2.2897632122039795,1.4791180545724676,0.8106451576315119,0.022170972504888642,0.29693702156352764,0.07104212580640662,0.21103237450730003,0.8241579841359188,0.3148148148148148,0.6481481481481481,0.45171521917223956,0.2037037037037037,0.2657065825708377,33.5,0.09192179068809068,0.25725026976743204,-0.7871617325467487,78.22159724083414,1.0,1.06854287462178e-34,0.3148148148148148,False,0.2657065825708377,0.7342934174291623,False
Rq_nm,N6382,6033,2.0502288341522217,2.2256222262544467,0.17539339210222504,0.012650129871884186,0.20106931874283454,0.23226541614136725,0.2567274081423559,1.048196625227666,0.2777777777777778,0.9814814814814815,0.5221434140693216,0.46296296296296297,0.47775807573955265,40.25,0.07564063668508939,0.20245802816046765,-0.6716603105377651,1.1189294250447928,1.0,0.32662928864594654,0.2777777777777778,False,0.47775807573955265,0.5222419242604474,False
Rq_nm,N6382,6047,3.348536252975464,2.344249999475859,1.0042862534996049,0.008086464370568702,0.14075985609786515,0.09782480981486825,0.14085798975799746,0.5986868894802124,0.16666666666666666,0.5740740740740741,0.30932024237944566,0.5,0.4523300605948614,31.5,0.023762062309281164,0.07092855983534452,-0.7558387136124345,-1.7603117847445067,1.0,1.0,0.09259259259259259,False,0.45233006059486147,0.5476699394051385,False
Rq_nm,N6382,6048,1.8154829144477844,2.735768985938589,0.9202860714908048,0.3607534593318267,0.32098634162194534,0.46206644307744305,0.42259788099402396,1.2879630283531038,0.9444444444444444,0.2777777777777778,0.5121969142940493,0.6481481481481481,0.6141603396846235,27.25,0.06795020305212188,0.2062619982612276,0.2874307085412145,-0.18030386352921532,0.750188546628841,1.0,0.24074074074074073,False,0.6141603396846235,0.38583966031537653,False
Rq_nm,N6382,6056,2.529426336288452,1.7558846419573164,0.7735416943311357,0.0,0.1652945991320727,0.41700099033531224,0.37911977876086583,1.2875001346464536,0.12962962962962962,0.6851851851851852,0.2980273507302052,0.2777777777777778,0.28284017101588466,34.5,0.14345005899536278,0.3909590329223124,-0.662246537757395,-0.3592451714222032,1.0,1.0,0.5740740740740741,False,0.28284017101588466,0.7171598289841153,False
Rq_nm,N6382,6057,3.9545385837554927,0.9307663241697826,3.0237722595857104,0.00900381053553001,0.05455641967139158,0.0335334907860407,0.045632464715534886,0.146376721723825,0.24074074074074073,0.8333333333333334,0.4479032082388083,0.05555555555555555,0.15364246872636875,39.0,0.19710637415960247,0.5327540320846466,-0.45693971667557776,-0.0645595679741987,1.0,1.0,0.6481481481481481,False,0.15364246872636877,0.8463575312736312,False
Rq_nm,N6382,6062,3.0923656225204468,4.8510528160757715,1.7586871935553248,0.0,0.8836441952473804,0.3529300590682705,0.6696013220271935,2.3503609210289924,0.12962962962962962,0.7592592592592593,0.313723599001804,0.9074074074074074,0.7589864553060066,37.5,0.403567102001517,1.1113118738955485,-0.7852811980255663,0.25616579511568544,1.0,0.7740136304742026,0.9814814814814815,True,0.9814814814814815,0.01851851851851849,False
Rq_nm,N6382,6063,5.24570107460022,3.577778757097436,1.6679223175027835,0.008159856910786356,0.49205457271107456,0.7130238686239342,0.656368670502263,2.2900151530546946,0.2037037037037037,0.24074074074074073,0.22144927302039624,0.7592592592592593,0.6248067626995435,27.0,0.039731005074196406,0.11202283846890682,0.12413706223863277,2.495544631886922,0.8832587711614295,0.08245153342674746,0.12962962962962962,False,0.6248067626995435,0.3751932373004565,False
Rq_nm,N6382,6070,2.544952154159546,1.731397015896824,0.813555138262722,0.1168172130506584,0.11532508435597374,0.07144723186129141,0.0929430625556433,0.2947474607282021,0.6851851851851852,0.3148148148148148,0.4644420816290538,0.24074074074074073,0.296666075962819,27.5,0.1204687423400613,0.3236123429572836,-0.37538313401097306,-0.338863948398566,1.0,1.0,0.46296296296296297,False,0.296666075962819,0.703333924037181,False
Rq_nm,N6382,6072,1.470114827156067,0.9044940312834496,0.5656207958726173,0.0,0.03428252205157005,0.061044974628677376,0.06851144284764143,0.23312001695332318,0.12962962962962962,0.7592592592592593,0.313723599001804,0.018518518518518517,0.0923197886393399,37.5,0.3176918442083654,0.8604799072201518,1.2637984732426535,-0.1467999648467306,0.28257861801814615,1.0,0.8703703703703703,False,0.09231978863933987,0.9076802113606601,False
Rq_nm,N6382,6078,1.5030123591423035,1.9313423790337712,0.4283300198914677,0.0,0.05375198241619341,0.06588963169428248,0.06825616657923535,0.23846944493313993,0.12962962962962962,0.9074074074074074,0.3429677625454099,0.3148148148148148,0.3218530517474636,39.25,0.1687301548656644,0.4634539404825404,-0.7934193920335953,0.2530739471006066,1.0,0.7764104663980411,0.6111111111111112,False,0.3218530517474636,0.6781469482525364,False
Rq_nm,N6382,6080,3.9266197681427,3.052626171536416,0.8739935966062844,0.07486056082785142,0.15571530563547867,0.2516665431405239,0.23906162726947425,0.6427718220425831,0.6111111111111112,0.9444444444444444,0.759710796176519,0.6851851851851852,0.7038165879330187,39.5,0.2238078420170824,0.6087822366311443,0.8183701981806558,1.017727021784342,0.44115005608488866,0.3614154968171776,0.7222222222222222,False,0.7038165879330187,0.2961834120669813,False
Rq_nm,N6382,6081,0.9417254328727722,3.6654832228845478,2.7237577900117755,0.027344423964436704,0.12895210816631086,0.15730883344398006,0.20262105607222636,0.7346054826579205,0.35185185185185186,0.7962962962962963,0.5293187380724612,0.8333333333333334,0.7573296845181153,37.75,0.05085850917054135,0.14429115067567588,-0.7915168800277828,-1.2568663750050495,1.0,1.0,0.16666666666666666,False,0.7573296845181153,0.24267031548188467,False
Rq_nm,N6382,6082,1.863613247871399,2.693604958696477,0.829991710825078,0.18818071478731024,0.1108732733489532,0.41815159479275926,0.3387101183123969,1.341349785430945,0.8703703703703703,0.6111111111111112,0.7293099506487117,0.6111111111111112,0.6406608209955114,32.0,0.1264466770788045,0.34006606519583515,1.10223822909346,-0.18069041659486365,0.33212687511950756,1.0,0.5,False,0.6406608209955114,0.35933917900448864,False
Rq_nm,N6382,6084,1.391980767250061,2.5754078857937,1.183427118543639,0.1209706007403688,0.25735353340421746,0.250817354699846,0.2990502443075301,1.0602873237957642,0.7222222222222222,0.5,0.6009252125773316,0.5740740740740741,0.5807868586998884,31.0,0.019380457845099962,0.058603373344932375,-0.4429850987359746,-1.4919943417095898,1.0,1.0,0.05555555555555555,False,0.5807868586998884,0.41921314130011156,False
Rq_nm,N6382,6085,2.2395859956741333,3.698561835826983,1.4589758401528496,0.18015503630077712,0.28748259475201227,0.8111218950022133,0.6842050606639595,2.673566992601102,0.8333333333333334,0.5370370370370371,0.668977476599572,0.8703703703703703,0.8200221469276707,31.25,0.06576549372754104,0.19530650245733905,-1.1300719169610824,-0.6912591838962533,1.0,1.0,0.2037037037037037,False,0.8200221469276707,0.17997785307232927,False
Rq_nm,N6382,6090,2.4095938205718994,3.4535500536239665,1.043956233052067,0.06398657258964358,0.44462111052672804,0.1548919267225141,0.3424683829363475,1.308176715870974,0.5740740740740741,0.12962962962962962,0.2727948122714118,0.7222222222222222,0.6098653697345195,25.25,0.11339266171225877,0.3056013722970129,-0.5188815890644967,1.2735640199795102,1.0,0.2798325137455542,0.42592592592592593,False,0.6098653697345195,0.39013463026548045,False
Rq_nm,N6382,6094,4.058265686035156,2.1253418058609252,1.932923880174231,0.04617371739304588,0.17566547039711905,0.16747562162850094,0.1844920234630958,0.6596411027136633,0.5,0.42592592592592593,0.46147910349544863,0.3888888888888889,0.40703644254052884,30.0,0.015510735141333264,0.048757290740976234,0.7129482233052908,-1.0857289877669876,0.4901968551725929,1.0,0.018518518518518517,False,0.40703644254052884,0.5929635574594712,False
Rq_nm,N6382,6095,9.07418346405029,4.923527994135346,4.150655469914944,0.09048733316276802,0.6979930990014378,0.23235230418023234,0.5117101389770985,1.8297857248922442,0.6481481481481481,0.35185185185185186,0.4775480354899121,0.9444444444444444,0.8277203422058113,28.75,0.31281120951036695,0.8482336096272309,0.24879254404889312,-0.14782957840088817,0.7797417186664733,1.0,0.8333333333333334,False,0.8277203422058113,0.17227965779418875,False
Rq_nm,N6382,6099,9.394835472106934,4.943591541662205,4.451243930444728,0.13754951110068525,0.1589916318932621,0.4462107411926828,0.3704106333306997,1.20422948120749,0.7592592592592593,0.5,0.6161409170227454,0.9814814814814815,0.8901463403667975,31.0,0.246949402371376,0.6624189228070576,0.30482912208588014,-1.35413491927014,0.7372493432586349,1.0,0.7962962962962963,False,0.8901463403667975,0.10985365963320248,False
Rq_nm,N6382,6101,0.481030598282814,1.261880956564736,0.780850358281922,0.030156997296957533,0.055735835582515034,0.0633805238910835,0.06285923974050699,0.21342070455721696,0.42592592592592593,0.9074074074074074,0.6216818641331303,0.16666666666666666,0.2804204660332826,39.25,0.36475676955242575,0.9698230635506296,-0.21414575861329774,0.6052540766119062,1.0,0.5459356995239443,0.9444444444444444,True,0.9444444444444444,0.05555555555555558,False
Rq_nm,N6382,N6342,0.8041046559810638,2.3563787324175145,1.5522740764364507,0.04374239324781959,0.2492204842790452,0.1145569603267653,0.19530365204370834,0.7006094044604225,0.46296296296296297,0.018518518518518517,0.09259259259259259,0.5370370370370371,0.42592592592592593,21.0,0.11100874800174053,0.31903279170678345,2.403626155523883,0.058589580704403316,0.09038959158707946,0.9430937536127632,0.3888888888888889,False,0.42592592592592593,0.5740740740740741,False
Rq_nm,N6382,N6358,0.9793977737426758,2.1742104261067103,1.1948126523640346,0.046509606883261334,0.1361341622564226,0.0760529386190925,0.1447960539320425,0.546277029959819,0.5370370370370371,0.24074074074074073,0.3595645896101407,0.42592592592592593,0.4093355918469796,27.0,0.21191376214604013,0.6033912394124507,1.3303335137854921,1.5483102755481721,0.2643890691946902,0.21260691759059258,0.6851851851851852,False,0.40933559184697965,0.5906644081530203,False
Rq_nm,N6382,N6389,2.0189785957336426,1.9614281307761947,0.05755046495744787,0.029073283035707886,0.11926023944597886,0.2019181921364334,0.2526609099511319,0.8696901425251544,0.3888888888888889,0.05555555555555555,0.1469861839480328,0.35185185185185186,0.3006354348758971,23.5,0.10215765358018832,0.2784210197330243,4.486504625207635,1.790248709296124,0.01125993278996949,0.16691865028410435,0.35185185185185186,False,0.30063543487589706,0.6993645651241029,False
Rq_nm,N6382,N6390,1.9620892405509949,1.0933017576133757,0.8687874829376192,0.1723100131765316,0.2864898223987188,0.17854015738056225,0.24831496165440164,0.799420504619864,0.7962962962962963,0.09259259259259259,0.2715347833076885,0.12962962962962962,0.16510591804914432,25.0,0.23278145449656948,0.6384757150042493,7.140132664910265,0.5716135067149978,0.0007926469330566302,0.5646136953564995,0.7592592592592593,False,0.16510591804914432,0.8348940819508557,False
Rq_nm,N6389,6022,1.649340271949768,0.9859333319774615,0.6634069399723066,1.278010580711151,0.5283393375924073,1.015559258877742,0.8256210266244824,2.3660210741998173,0.9814814814814815,0.24074074074074073,0.4860890647558032,0.12962962962962962,0.218744488411173,27.0,0.3711329264832009,1.1119155472594042,3.7042608484746835,47.54954894579641,0.024618407377587342,2.236110576926909e-21,0.9444444444444444,True,0.9444444444444444,0.05555555555555558,False
Rq_nm,N6389,6028,5.214306831359862,3.7575365237037235,1.456770307656139,0.2566943261889043,0.28054469921658226,1.092238192392816,0.8914655054671925,3.3750458543857906,0.9074074074074074,0.42592592592592593,0.6216818641331303,0.7962962962962963,0.7526426882555048,30.0,0.15293835716072846,0.40834687449499185,-0.6927855400109028,0.20246906858551686,1.0,0.8167117442568943,0.46296296296296297,False,0.7526426882555048,0.24735731174449516,False
Rq_nm,N6389,6029,2.2897632122039795,1.5000961722255057,0.7896670399784738,0.01608086858525204,0.2955843448142741,0.07272644746950872,0.21066747840679567,0.8170756362407099,0.3148148148148148,0.6481481481481481,0.45171521917223956,0.24074074074074073,0.29348436034861547,33.5,0.07186013873876794,0.22984517778702274,-0.7679468629605251,62.433565368342144,1.0,7.681518396466023e-28,0.2777777777777778,False,0.29348436034861547,0.7065156396513845,False
Rq_nm,N6389,6033,2.0502288341522217,2.2561733491663127,0.20594451501409106,0.0026677380736814804,0.20895173574611794,0.24169740857034347,0.26892588323573013,1.098999161967675,0.16666666666666666,0.9814814814814815,0.4044505494044732,0.5,0.4761126373511183,40.25,0.08908401206529086,0.2389787768947932,-0.7095894020799399,1.1554137838746776,1.0,0.3149271981429454,0.35185185185185186,False,0.4761126373511183,0.5238873626488817,False
Rq_nm,N6389,6047,3.348536252975464,2.409015204652725,0.9395210483227387,0.031093127387168185,0.13981997081636977,0.10452876574078755,0.1413804550225307,0.5977932000219299,0.35185185185185186,0.5740740740740741,0.4494318925745036,0.5370370370370371,0.5151357509214037,31.5,0.025253720384872676,0.07697416168064874,-0.7382863667027963,-1.8132415201357373,1.0,1.0,0.09259259259259259,False,0.5151357509214037,0.48486424907859627,False
Rq_nm,N6389,6048,1.8154829144477844,2.831322092526862,1.0158391780790774,0.3870171693889355,0.3366769604610791,0.49700080682601644,0.4510822214288895,1.4046871828939405,0.9444444444444444,0.2777777777777778,0.5121969142940493,0.6111111111111112,0.5863825619068457,27.25,0.05325255520930987,0.1640059775897016,0.31581578909850533,-0.18221291659860245,0.7291937632367683,1.0,0.16666666666666666,False,0.5863825619068457,0.4136174380931543,False
Rq_nm,N6389,6056,2.529426336288452,1.7834485290012356,0.7459778072872165,0.0,0.16643194889788918,0.42507271836614924,0.385953561264732,1.3090052449699292,0.12962962962962962,0.6851851851851852,0.2980273507302052,0.2777777777777778,0.28284017101588466,34.5,0.15421766703814446,0.4221725230586246,-0.6549105508191125,-0.49569780352046494,1.0,1.0,0.5,False,0.28284017101588466,0.7171598289841153,False
Rq_nm,N6389,6057,3.9545385837554927,0.9375361994063242,3.0170023843491687,0.010039941499755956,0.05652910867186072,0.03305822032233279,0.04643419944655604,0.1467548543417676,0.2037037037037037,0.8333333333333334,0.41201102706087017,0.09259259259259259,0.172447201209662,39.0,0.2042653893166813,0.5541005138010822,-0.4515123063922105,-0.0868586729462058,1.0,1.0,0.6481481481481481,False,0.17244720120966206,0.8275527987903379,False
Rq_nm,N6389,6062,3.0923656225204468,5.003015479844302,1.9106498573238548,0.0,0.9340027040105808,0.3649773540879319,0.7033851260324655,2.4760875557197934,0.12962962962962962,0.7592592592592593,0.313723599001804,0.9444444444444444,0.7867642330837843,37.5,0.4205747152116987,1.1547592586151896,-0.7905296045095067,0.14981237655377236,1.0,0.8608694805722988,0.9814814814814815,True,0.9814814814814815,0.01851851851851849,False
Rq_nm,N6389,6063,5.24570107460022,3.5748369969391156,1.6708640776611041,0.013662928648201067,0.5038253685401175,0.7031657486175313,0.6535999302897627,2.254596205800338,0.24074074074074073,0.24074074074074073,0.24074074074074073,0.7592592592592593,0.6296296296296297,27.0,0.02867255371709717,0.08902510876864511,0.02308974259858939,2.5431188678544148,0.9771747856336677,0.07862080909311894,0.12962962962962962,False,0.6296296296296297,0.37037037037037035,False
Rq_nm,N6389,6070,2.544952154159546,1.820321537398642,0.7246306167609038,0.12550365430238042,0.1259319074158445,0.07615478370972092,0.102095709962139,0.32130180740148995,0.7222222222222222,0.3148148148148148,0.4768293773919901,0.3148148148148148,0.3553184554591086,27.5,0.09704910780170775,0.2643588866295812,-0.3361037162032982,-0.33104714927690126,1.0,1.0,0.3888888888888889,False,0.3553184554591087,0.6446815445408913,False
Rq_nm,N6389,6072,1.470114827156067,0.9339016078558774,0.5362132193001895,0.0,0.03131069962785508,0.06709570550822136,0.07111586887834313,0.23356396621855957,0.12962962962962962,0.7592592592592593,0.313723599001804,0.05555555555555555,0.12009756641711766,37.5,0.3209424343032179,0.8697830863260763,1.4255965469017515,-0.0782104775760948,0.24036503141591944,1.0,0.8703703703703703,False,0.12009756641711766,0.8799024335828823,False
Rq_nm,N6389,6078,1.5030123591423035,1.8989021998515179,0.3958898407092144,0.0,0.04623658806482917,0.06446049707059395,0.06456814237200531,0.22450413097567434,0.12962962962962962,0.9074074074074074,0.3429677625454099,0.3888888888888889,0.3774086073030192,39.25,0.19776166025125652,0.5370553573343488,-0.8265558953528099,0.5835665321656182,1.0,0.5579050277979488,0.6111111111111112,False,0.3774086073030192,0.6225913926969808,False
Rq_nm,N6389,6080,3.9266197681427,3.1578676171392948,0.7687521510034054,0.09073643850102897,0.15400827992790436,0.24864271787049458,0.2367442147254423,0.664422622193074,0.6481481481481481,0.9444444444444444,0.78239371015843,0.6851851851851852,0.7094873164284965,39.5,0.2208213826581772,0.6066765631552666,0.8802421361567754,1.0496364344373252,0.4146824898998135,0.3500649975559867,0.6851851851851852,False,0.7094873164284965,0.2905126835715035,False
Rq_nm,N6389,6081,0.9417254328727722,3.8743404063836278,2.9326149735108555,0.0486582238368638,0.1549083243017891,0.18008173500433797,0.2242903070602697,0.8390181770604461,0.5370370370370371,0.7962962962962963,0.6539423549262806,0.8703703703703703,0.8162633665093479,37.75,0.055715564406301446,0.15788630478082322,-0.856044235402499,-1.0501769579999483,1.0,1.0,0.24074074074074073,False,0.8162633665093479,0.18373663349065206,False
Rq_nm,N6389,6082,1.863613247871399,2.8660104013889565,1.0023971535175575,0.17853952263663286,0.12864839328796301,0.45192005843068683,0.3669157115434478,1.4542615618616657,0.8703703703703703,0.6111111111111112,0.7293099506487117,0.6481481481481481,0.668438598773289,32.0,0.15510546821547466,0.423941925738331,1.2882057616213805,-0.11003703774320128,0.2757651278468324,1.0,0.5370370370370371,False,0.668438598773289,0.33156140122671096,False
Rq_nm,N6389,6084,1.391980767250061,2.671699739032109,1.279718971782048,0.13681684117495863,0.2781814371303925,0.25860320412911897,0.3144117461088035,1.1114692164528548,0.7592592592592593,0.5,0.6161409170227454,0.5740740740740741,0.5845907848112419,31.0,0.018146329365214244,0.052363045179303125,-0.4105442936228069,-1.5427398912122352,1.0,1.0,0.018518518518518517,False,0.5845907848112419,0.41540921518875806,False
Rq_nm,N6389,6085,2.2395859956741333,3.764589652231504,1.5250036565573706,0.16088779879138748,0.2938917257735354,0.8202076665710839,0.6918256940872264,2.6988944570266797,0.8333333333333334,0.5370370370370371,0.668977476599572,0.8333333333333334,0.792244369149893,31.25,0.0758427859179444,0.22235392556167688,-1.2015515057407669,-0.6196185992849821,1.0,1.0,0.3148148148148148,False,0.792244369149893,0.20775563085010695,False
Rq_nm,N6389,6090,2.4095938205718994,3.527233495821886,1.1176396752499866,0.08405897724859646,0.4332620171312009,0.1570495701282462,0.33389710052865473,1.2499180072262606,0.6111111111111112,0.12962962962962962,0.2814571139550123,0.7222222222222222,0.6120309451554197,25.25,0.16586723622975819,0.4868918236978681,-0.5264402818921473,1.4431040109163145,1.0,0.2361934725384607,0.5740740740740741,False,0.6120309451554197,0.38796905484458033,False
Rq_nm,N6389,6094,4.058265686035156,2.118212726920479,1.9400529591146771,0.03966960692492405,0.17770411164376268,0.17081274786114728,0.1887304415962756,0.6812686118210367,0.5,0.42592592592592593,0.46147910349544863,0.46296296296296297,0.46259199809608437,30.0,0.020600835398680722,0.06448045755380383,0.8552837777860242,-1.0873726798842989,0.42516252228224777,1.0,0.05555555555555555,False,0.4625919980960844,0.5374080019039156,False
Rq_nm,N6389,6095,9.07418346405029,4.877761100702425,4.196422363347865,0.0925977419594739,0.6912460160041956,0.23648935471709043,0.5082115044898228,1.839684188659529,0.6851851851851852,0.35185185185185186,0.4910027253171427,0.9074074074074074,0.8033062368848413,28.75,0.3147603296791889,0.851968044472942,0.2727269546280751,-0.19601734608055926,0.7613006288659544,1.0,0.7962962962962963,False,0.8033062368848413,0.19669376311515874,False
Rq_nm,N6389,6099,9.394835472106934,5.075268573815529,4.319566898291405,0.14654579522080713,0.15456086576539546,0.4562284144170609,0.3787293527474824,1.2137520560564017,0.7962962962962963,0.5,0.6309898162000304,0.9814814814814815,0.8938585651611187,31.0,0.24225613371323623,0.6474613932831672,0.40949308251300287,-1.4349986784344264,0.6639867513353288,1.0,0.7222222222222222,False,0.8938585651611187,0.10614143483888128,False
Rq_nm,N6389,6101,0.481030598282814,1.33198838017295,0.8509577818901359,0.03784238352563607,0.060322225137226834,0.06630666026511964,0.06650276366157154,0.2227308092294169,0.46296296296296297,0.9074074074074074,0.6481481481481481,0.16666666666666666,0.28703703703703703,39.25,0.3189498273396116,0.856945636520871,-0.14466772315407678,0.6227090351134738,1.0,0.5364890993953195,0.8333333333333334,False,0.287037037037037,0.712962962962963,False
Rq_nm,N6389,N6342,0.8041046559810638,1.8373824450998963,1.0332777891188325,0.015991950713316383,0.24686227092506208,0.07643320304832775,0.1774896948017348,0.5560748255045231,0.2777777777777778,0.05555555555555555,0.12422599874998831,0.35185185185185186,0.29494538857638597,21.0,0.15068692930824468,0.4382051933965144,2.102778639676119,0.004184301883860407,0.12211663825844449,0.9958244401099697,0.42592592592592593,False,0.29494538857638597,0.705054611423614,False
Rq_nm,N6389,N6358,0.9793977737426758,2.0263235389691925,1.0469257652265167,0.03350786570627817,0.12159384315472838,0.07280099544590977,0.13642053516739866,0.49603177784290686,0.3888888888888889,0.24074074074074073,0.30597614151589453,0.42592592592592593,0.39593847982341807,27.0,0.26384406869905,0.7335581888521996,1.498457171833191,1.5220483809019585,0.22347467734144771,0.2182643402295174,0.7592592592592593,False,0.395938479823418,0.604061520176582,False
Rq_nm,N6389,N6382,1.1125519275665283,1.3427458591240438,0.23019393155751544,0.03732957610738974,0.03301751664434891,0.06730844998079856,0.06400858148197823,0.2255958711185755,0.42592592592592593,0.018518518518518517,0.08881169487616147,0.2037037037037037,0.17498070149681813,19.5,0.05554069027294088,0.15132446074494466,1.8433025298220351,1.0419378163384565,0.15829379195557083,0.35277041490723876,0.2037037037037037,False,0.1749807014968181,0.8250192985031819,False
Rq_nm,N6389,N6390,1.9620892405509949,0.6647897832608745,1.2972994572901204,0.06016307319403613,0.19987553010668158,0.1904005130185115,0.2065854429511869,0.7325559603029506,0.5740740740740741,0.09259259259259259,0.2305536962590506,0.018518518518518517,0.07152731295365153,25.0,0.3423539274136388,0.9122150107531839,4.844102167249935,0.6400058966242403,0.007874684431609403,0.5272893148069262,0.9074074074074074,True,0.9074074074074074,0.09259259259259256,False
Rq_nm,N6390,6022,1.649340271949768,0.8302796808911339,0.8190605910586342,1.3428059525290552,0.5742872050914719,0.8022697531601861,0.6900021406401554,2.1454288084160082,0.9814814814814815,0.24074074074074073,0.4860890647558032,0.018518518518518517,0.13541115507783968,27.0,0.3789469971724057,1.1499021408417085,5.893190148108563,44.39905996494905,0.0027581636963015573,5.220754308149599e-20,0.9444444444444444,True,0.9444444444444444,0.05555555555555558,False
Rq_nm,N6390,6028,5.214306831359862,3.694994709203631,1.5193121221562316,0.22578046155509846,0.26098747999726907,1.0387245365819018,0.8459674824370396,3.2076316461093137,0.9074074074074074,0.42592592592592593,0.6216818641331303,0.8333333333333334,0.7804204660332825,30.0,0.14889491810341832,0.3991612546953013,-0.6843425725351729,0.17272234075030474,1.0,0.8413711969102613,0.5370370370370371,False,0.7804204660332825,0.21957953396671748,False
Rq_nm,N6390,6029,2.2897632122039795,1.5074262231819255,0.782336989022054,0.014442628363008803,0.29186054698379843,0.07096797107680365,0.2073204862659692,0.80657556022355,0.3888888888888889,0.6481481481481481,0.502053396730591,0.24074074074074073,0.3060689047382033,33.5,0.17988231570201746,0.5035129956811306,-0.7298328053538454,58.53774248504726,1.0,3.7790397115677964e-26,0.6111111111111112,False,0.30606890473820325,0.6939310952617967,False
Rq_nm,N6390,6033,2.0502288341522217,2.222528360225617,0.17229952607339527,0.00442043276698989,0.205638006854214,0.23401411855611853,0.25945489976395053,1.0553244806965774,0.2037037037037037,0.9814814814814815,0.4471369062092458,0.5,0.48678422655231146,40.25,0.08856038615855823,0.23681413419949893,-0.7115755399695314,1.0001907261187026,1.0,0.3678092836441263,0.3148148148148148,False,0.48678422655231146,0.5132157734476885,False
Rq_nm,N6390,6047,3.348536252975464,2.4143898262657646,0.9341464267096993,0.0218816435620397,0.1431954251078182,0.10228259405056538,0.14336949580360145,0.6068346607259838,0.42592592592592593,0.5740740740740741,0.49448258973402553,0.5370370370370371,0.5263984252112842,31.5,0.027574247894408568,0.08297601616278283,-0.7072832692158764,-1.3415302108000748,1.0,1.0,0.12962962962962962,False,0.5263984252112842,0.4736015747887158,False
Rq_nm,N6390,6048,1.8154829144477844,2.7453334727042646,0.9298505582564802,0.3780554675460319,0.33979336534690363,0.4710787218515532,0.43667633098629516,1.2987708085705258,0.9444444444444444,0.2777777777777778,0.5121969142940493,0.6111111111111112,0.5863825619068457,27.25,0.06774919703088121,0.20505246813012035,0.3849531519469336,-0.22452881144600884,0.6804825147388194,1.0,0.2777777777777778,False,0.5863825619068457,0.4136174380931543,False
Rq_nm,N6390,6056,2.529426336288452,1.7933485220612562,0.736077814227196,0.0,0.1643917436316871,0.4273085375102656,0.3869144728830128,1.3206862715550483,0.09259259259259259,0.6851851851851852,0.2518790834951008,0.2777777777777778,0.27130310420710857,34.5,0.14479216905509554,0.4148038340404653,-0.6427762247590646,-0.22832251102341738,1.0,1.0,0.46296296296296297,False,0.27130310420710857,0.7286968957928914,False
Rq_nm,N6390,6057,3.9545385837554927,0.9618816004659322,2.9926569832895606,0.011354417239330283,0.05781699330561044,0.03352840132695066,0.04729678488114127,0.14832980428485587,0.35185185185185186,0.8333333333333334,0.5414885747116092,0.05555555555555555,0.17703881034456895,39.0,0.19516552241680893,0.5298341678273468,-0.49440447490268125,0.09098804068349932,1.0,0.9130286300323337,0.6851851851851852,False,0.17703881034456892,0.8229611896554311,False
Rq_nm,N6390,6062,3.0923656225204468,4.857001354752015,1.764635732231568,0.0059140479203314555,0.8603900711779058,0.3338125956969463,0.651221177636463,2.2706337103031107,0.24074074074074073,0.7592592592592593,0.4275331992820443,0.9444444444444444,0.8152166331538443,37.5,0.43089063676020434,1.205881372448965,-0.794340861980794,0.44532465271148364,1.0,0.6406162644611076,0.9814814814814815,True,0.9814814814814815,0.01851851851851849,False
Rq_nm,N6390,6063,5.24570107460022,3.5999114315346685,1.6457896430655512,0.025400203932436582,0.4905925084433681,0.7015202170777528,0.6477990717065515,2.2461647960183884,0.5,0.24074074074074073,0.3469443332443555,0.7592592592592593,0.6561805277555333,27.0,0.038505983824154,0.10769631970576876,-0.03352238894364499,2.0400506748444975,1.0,0.13002212186067208,0.2037037037037037,False,0.6561805277555333,0.34381947224446674,False
Rq_nm,N6390,6070,2.544952154159546,1.8269267131842761,0.7180254409752698,0.11914974242185283,0.12311326431282985,0.0726523673384288,0.09848773155480571,0.3090681353630651,0.7592592592592593,0.3148148148148148,0.4889029178682995,0.35185185185185186,0.3861146183559638,27.5,0.09562663678799917,0.2624940627667618,-0.31847239536183564,-0.27324078176382954,1.0,1.0,0.35185185185185186,False,0.38611461835596383,0.6138853816440362,False
Rq_nm,N6390,6072,1.470114827156067,0.9643238641234559,0.505790963032611,0.002506081605573196,0.033808951469558327,0.06699189650694293,0.07116897873358626,0.23755135914886116,0.12962962962962962,0.7592592592592593,0.313723599001804,0.09259259259259259,0.14787534419489545,37.5,0.29999762942121494,0.82241062815978,1.3327473600583928,-0.09205122422725565,0.26375164425782743,1.0,0.8703703703703703,False,0.14787534419489545,0.8521246558051045,False
Rq_nm,N6390,6078,1.5030123591423035,1.9283939209318408,0.42538156178953734,0.006881846706949579,0.05292996815575692,0.05734908473773878,0.0608219509036491,0.20824626008338942,0.2777777777777778,0.9074074074074074,0.5020533967305911,0.3888888888888889,0.41718001584931447,39.25,0.18665677040467818,0.5143719472592901,-0.858222630067518,0.7322158192471487,1.0,0.4808423490528777,0.6481481481481481,False,0.4171800158493144,0.5828199841506856,False
Rq_nm,N6390,6080,3.9266197681427,3.1290109070605614,0.7976088610821388,0.07796912155931013,0.15562826829896584,0.24988060470562476,0.24409961694217192,0.6763426490849893,0.6481481481481481,0.9444444444444444,0.78239371015843,0.6851851851851852,0.7094873164284965,39.5,0.21807075124249992,0.6068838644679705,0.9305144808388629,1.1391618027212649,0.39435077225607496,0.3200872056298478,0.7222222222222222,False,0.7094873164284965,0.2905126835715035,False
Rq_nm,N6390,6081,0.9417254328727722,3.663358899580382,2.7216334667076096,0.003797888816495565,0.13362122471497478,0.1655408162504596,0.19674319759771383,0.7190811750407615,0.16666666666666666,0.7962962962962963,0.364302140239,0.7962962962962963,0.6882977572819722,37.75,0.03731968137916338,0.10258820623359344,-0.8442476522524208,-1.2217168117704806,1.0,1.0,0.16666666666666666,False,0.6882977572819722,0.3117022427180278,False
Rq_nm,N6390,6082,1.863613247871399,2.8224352309538294,0.9588219830824305,0.1884061405239188,0.1187695390139126,0.44527926765892417,0.36044310143264874,1.4336383164697908,0.8703703703703703,0.6111111111111112,0.7293099506487117,0.6481481481481481,0.668438598773289,32.0,0.13008272662387368,0.34610527446017125,1.292908389407385,-0.1696773907378811,0.2744713515526732,1.0,0.42592592592592593,False,0.668438598773289,0.33156140122671096,False
Rq_nm,N6390,6084,1.391980767250061,2.6773585164881544,1.2853777492380933,0.11821227114609556,0.270993685877921,0.26148571441410107,0.31554426397410407,1.1257658338482175,0.7222222222222222,0.5,0.6009252125773316,0.5740740740740741,0.5807868586998884,31.0,0.02328181200682683,0.07338683549241387,-0.41008573737665655,-1.1447883042448763,1.0,1.0,0.09259259259259259,False,0.5807868586998884,0.41921314130011156,False
Rq_nm,N6390,6085,2.2395859956741333,3.7579271754196286,1.5183411797454953,0.17400469493875326,0.3239046892072311,0.8085130814980542,0.690390705992021,2.66979574653935,0.8333333333333334,0.5370370370370371,0.668977476599572,0.8703703703703703,0.8200221469276707,31.25,0.06580525621604763,0.1960433930361214,-1.1551316963787992,-0.6071813311209854,1.0,1.0,0.24074074074074073,False,0.8200221469276707,0.17997785307232927,False
Rq_nm,N6390,6090,2.4095938205718994,3.5944803869761404,1.184886566404241,0.06998163242521382,0.4410010260960516,0.1611842362028963,0.33915138231644515,1.2767801033491226,0.6111111111111112,0.12962962962962962,0.2814571139550123,0.7222222222222222,0.6120309451554197,25.25,0.10873700359072858,0.3207841937852288,-0.53275488547819,1.599416809986048,1.0,0.20201429636804905,0.3888888888888889,False,0.6120309451554197,0.38796905484458033,False
Rq_nm,N6390,6094,4.058265686035156,1.9428776123541711,2.115388073680985,0.024658599483549315,0.18190578095420223,0.17066245097458213,0.1870321634507977,0.6360480464495282,0.46296296296296297,0.42592592592592593,0.44405847438080737,0.42592592592592593,0.43045906303964626,30.0,0.015019278838730365,0.045459906907352576,0.8546282869040456,-0.9150200413951113,0.42544130379835177,1.0,0.05555555555555555,False,0.4304590630396463,0.5695409369603537,False
Rq_nm,N6390,6095,9.07418346405029,4.863030354932741,4.211153109117548,0.08790426799070428,0.6514508191713371,0.2226188873067291,0.4796195074005903,1.7251630332555923,0.6851851851851852,0.35185185185185186,0.4910027253171427,0.9814814814814815,0.8588617924403968,28.75,0.2995238441701402,0.8061651024913697,0.1702126812426623,0.04784211740186181,0.8434854039943234,0.9532842821961494,0.8333333333333334,False,0.8588617924403968,0.14113820755960316,False
Rq_nm,N6390,6099,9.394835472106934,4.706359779594331,4.688475692512602,0.12167596538649228,0.13066984305578844,0.4341546199984901,0.35709883941241916,1.2020885249063409,0.7962962962962963,0.5,0.6309898162000304,0.9074074074074074,0.8383030096055631,31.0,0.22411373386128755,0.6038279768826119,0.7770921661511666,-1.5203262561762023,0.4597409197267427,1.0,0.7592592592592593,False,0.8383030096055631,0.16169699039443686,False
Rq_nm,N6390,6101,0.481030598282814,1.3026017939441734,0.8215711956613594,0.0363676194027156,0.05752324337463337,0.06974732946286177,0.06759392637388345,0.23406612453506903,0.5370370370370371,0.9074074074074074,0.6980769194433617,0.2037037037037037,0.3272970076386182,39.25,0.3464753075442536,0.9256596517131377,-0.09753956867719593,0.6612465846493835,1.0,0.5162074369718738,0.9074074074074074,True,0.9074074074074074,0.09259259259259256,False
Rq_nm,N6390,N6342,0.8041046559810638,1.8131764272117188,1.009071771230655,0.0,0.32398306808530875,0.07103676287407862,0.22868939700539107,0.8527081595927111,0.09259259259259259,0.05555555555555555,0.07172191381865586,0.3148148148148148,0.25404158956577505,21.0,0.16615532487836482,0.47857016410548125,2.2705517378094013,-0.03816476350816677,0.1032551945691536,1.0,0.5740740740740741,False,0.25404158956577505,0.745958410434225,False
Rq_nm,N6390,N6358,0.9793977737426758,2.0179394320287902,1.0385416582861144,0.011315636526589845,0.11056423306483595,0.07332403500224915,0.12642788840700034,0.46111305404145586,0.3148148148148148,0.24074074074074073,0.2752975693947871,0.46296296296296297,0.41604661457091896,27.0,0.25632144139457874,0.7389391393884686,1.5251784686218823,2.692717772892237,0.21758222180064488,0.06769670486201626,0.7962962962962963,False,0.41604661457091896,0.583953385429081,False
Rq_nm,N6390,N6382,1.1125519275665283,1.1331389533282634,0.0205870257617351,0.0,0.043760634660462226,0.05415042370062189,0.0606378610809552,0.18631935868086824,0.09259259259259259,0.018518518518518517,0.041408666249996104,0.12962962962962962,0.10757438878472124,19.5,0.14681585255171337,0.40857720987768875,2.816172493922751,0.7304082483408733,0.059834521982123225,0.4817122916981742,0.5,False,0.10757438878472125,0.8924256112152787,False
Rq_nm,N6390,N6389,2.0189785957336426,1.2933159603099436,0.725662635423699,0.06364001469254221,0.07557607199857315,0.21104797790017601,0.21561684888313698,0.7634308186934862,0.5740740740740741,0.09259259259259259,0.2305536962590506,0.16666666666666666,0.18263842406476266,23.5,0.005806983423531789,0.017206380711563996,3.3668772070416706,1.6524230517562373,0.034497196916538506,0.19158512507707856,0.018518518518518517,False,0.18263842406476272,0.8173615759352373,False
FSMI_nm,6022,6028,4.415429811910861,3.190908221833738,1.224521590077123,0.1658175541923299,0.21993631614961245,0.9691387001968533,0.7874137162929462,3.02410612275404,0.9074074074074074,0.42592592592592593,0.6216818641331303,0.8333333333333334,0.7804204660332825,30.0,0.14368698441942213,0.3879015519835296,-0.8133155090615913,0.21063921559544038,1.0,0.8100662734444397,0.42592592592592593,False,0.7804204660332825,0.21957953396671748,False
FSMI_nm,6022,6029,2.0210013039871706,1.2301931746885761,0.7908081292985945,0.019341364200664124,0.2500587064552087,0.07071176799843003,0.1801359152273044,0.7035219139694819,0.3888888888888889,0.6481481481481481,0.502053396730591,0.12962962962962962,0.22273557140486996,33.5,0.7468365719088375,2.3525324656923963,-0.6228132759727066,89.72738566820695,1.0,1.0761963844988823e-39,0.9814814814814815,True,0.9814814814814815,0.01851851851851849,False
FSMI_nm,6022,6033,1.8207478300807216,1.8092064358636637,0.01154139421705791,0.01689099576357256,0.1584311175481175,0.18875369811067438,0.20460173323056258,0.8302464866356938,0.35185185185185186,0.9814814814814815,0.5876530241712011,0.46296296296296297,0.49413547826502247,40.25,0.1043396082930483,0.27980556970220016,-0.6986656202330698,1.2219335952963308,1.0,0.2946598628082801,0.35185185185185186,False,0.49413547826502247,0.5058645217349775,False
FSMI_nm,6022,6047,2.946053864791246,1.9764942916925734,0.9695595730986728,0.007480134917335901,0.12610888329053643,0.09884849429858455,0.13032625086708738,0.5563277108916527,0.3148148148148148,0.5740740740740741,0.4251200104907036,0.5,0.4812800026226759,31.5,0.0235031942212594,0.07295769269605401,-0.6597256016971612,-1.8307767745154764,1.0,1.0,0.12962962962962962,False,0.4812800026226759,0.5187199973773241,False
FSMI_nm,6022,6048,1.599313301289055,2.7736550381230596,1.1743417368340046,0.343413838669282,0.33078564264971566,0.5619455349899419,0.49375083641505035,1.5449448784538196,0.9814814814814815,0.2777777777777778,0.5221434140693216,0.6851851851851852,0.6444247424062194,27.25,0.018452257150760154,0.05465881122109917,-0.1868803928067935,-0.1731162329588355,1.0,1.0,0.05555555555555555,False,0.6444247424062194,0.3555752575937806,False
FSMI_nm,6022,6056,2.284561920801109,1.4165437840662063,0.8680181367349029,0.0,0.13109715081733112,0.3433808959097008,0.31108935319855363,1.0723307022891264,0.16666666666666666,0.6851851851851852,0.33793125168323446,0.24074074074074073,0.2650383684763642,34.5,0.18410678433935684,0.519933887023632,-0.7008132254825244,-0.35220374999408255,1.0,1.0,0.6111111111111112,False,0.2650383684763642,0.7349616315236358,False
FSMI_nm,6022,6057,3.4970517461895976,0.8315227268614586,2.665529019328139,0.001140641341235371,0.04615685945454858,0.03143858374342231,0.039984282967704086,0.12496946685302879,0.2037037037037037,0.8333333333333334,0.41201102706087017,0.05555555555555555,0.14466942343188421,39.0,0.17439359380883485,0.4638075536298645,-0.5473673574261705,-0.10253826252220255,1.0,1.0,0.5370370370370371,False,0.14466942343188416,0.8553305765681158,False
FSMI_nm,6022,6062,2.9196668297119017,4.417404392641198,1.4977375629292964,0.0,0.8028014555243618,0.3725729474753712,0.6303819384431865,2.119764021029555,0.16666666666666666,0.7592592592592593,0.35572912430182496,0.9444444444444444,0.7972656144087895,37.5,0.47665502110937275,1.3296300339019762,-0.8626001484991189,0.34411240335753035,1.0,0.7088492465360663,0.9444444444444444,True,0.9444444444444444,0.05555555555555558,False
FSMI_nm,6022,6063,4.4421744453751355,3.0417539974463192,1.4004204479288163,0.0,0.505979436690348,0.6226411446242515,0.6047890198841899,1.9917067640331745,0.16666666666666666,0.24074074074074073,0.20030840419244383,0.7592592592592593,0.6195215454925553,27.0,0.022344540109936428,0.06404657032289918,-0.024933935893868886,2.6166311456173714,1.0,0.07304853866164354,0.09259259259259259,False,0.6195215454925553,0.38047845450744466,False
FSMI_nm,6022,6070,2.307992993047587,1.5296791754016077,0.7783138176459792,0.10481117023476738,0.5386042256826015,0.07648623301320596,0.3906777310498505,1.4652802824419267,0.7962962962962963,0.3148148148148148,0.500685401281325,0.2777777777777778,0.3335046836536646,27.5,0.07695700612230658,0.22088883747975674,-0.1716720999840185,-0.31830298210437497,1.0,1.0,0.3148148148148148,False,0.3335046836536646,0.6664953163463354,False
FSMI_nm,6022,6072,1.4268834691757484,0.7174653520396922,0.7094181171360562,0.0012881635094007526,0.02551623849268322,0.04908519665047975,0.05275116952462149,0.1799474286964845,0.24074074074074073,0.7592592592592593,0.4275331992820443,0.018518518518518517,0.12077218870939996,37.5,0.3394914324543809,0.920039757140774,1.1112212399766632,-0.02694915098976217,0.329156736153824,1.0,0.8703703703703703,False,0.12077218870939999,0.8792278112906,False
FSMI_nm,6022,6078,1.3924063210314295,1.622571313862521,0.2301649928310916,0.0,0.03858699423061315,0.05468017003377415,0.05575869280885528,0.18349786409055646,0.16666666666666666,0.9074074074074074,0.3888888888888889,0.35185185185185186,0.3611111111111111,39.25,0.18583270069045355,0.49788195421308057,-0.802562174768458,0.6451496405303012,1.0,0.5245840371994673,0.6481481481481481,False,0.36111111111111116,0.6388888888888888,False
FSMI_nm,6022,6080,3.486930250089525,2.6819139044855564,0.8050163456039687,0.08935366499604802,0.14970184098854186,0.22957288347941124,0.2241542383865122,0.6689102330080319,0.7222222222222222,0.9444444444444444,0.8258927081843613,0.6481481481481481,0.6925842881572014,39.5,0.24757474759243378,0.6854841311245958,1.3050644017375244,1.1133208665192469,0.2711550716255174,0.32846635495889076,0.7222222222222222,False,0.6925842881572014,0.3074157118427986,False
FSMI_nm,6022,6081,0.8928726233487373,3.096635701909079,2.2037630785603417,0.0,0.1060618263092012,0.15911160634617905,0.17347782091106664,0.6368097287329775,0.16666666666666666,0.7962962962962963,0.364302140239,0.7962962962962963,0.6882977572819722,37.75,0.048232925937873816,0.13580569038252632,-0.7609100668236446,-1.2658597366315516,1.0,1.0,0.24074074074074073,False,0.6882977572819722,0.3117022427180278,False
FSMI_nm,6022,6082,1.5697987651446832,2.310433530588643,0.7406347654439598,0.13652275715002649,0.10085708955646788,0.3612513682547785,0.29331576318784164,1.165725990425965,0.8333333333333334,0.6111111111111112,0.7136240321480628,0.6111111111111112,0.636739341370349,32.0,0.11897185727537295,0.32321204343388366,1.1179339509835242,-0.13504845352707398,0.3269546015238455,1.0,0.3888888888888889,False,0.636739341370349,0.36326065862965096,False
FSMI_nm,6022,6084,1.3458682689199004,2.161444602566832,0.8155763336469315,0.09378531342922569,0.21290037366648495,0.22712500538231795,0.2593121026975835,0.9144770478767699,0.7592592592592593,0.5,0.6161409170227454,0.5740740740740741,0.5845907848112419,31.0,0.00563697283296688,0.01595996395931698,-0.17669567596922078,-1.4374809037435743,1.0,1.0,0.018518518518518517,False,0.5845907848112419,0.41540921518875806,False
FSMI_nm,6022,6085,1.86691079236755,3.1956880432236887,1.3287772508561386,0.19064726964288026,0.23549776762973249,0.7242582184363298,0.6079730045582225,2.3985118272343047,0.9444444444444444,0.5370370370370371,0.7121809082603485,0.8703703703703703,0.8308230048428649,31.25,0.06476774069912776,0.19392336197268012,-1.2048464628237667,-0.8299114426100365,1.0,1.0,0.2777777777777778,False,0.8308230048428649,0.16917699515713513,False
FSMI_nm,6022,6090,2.022297889711494,2.9911426278063433,0.9688447380948495,0.07188974593627906,0.34002181912574675,0.13052027949908906,0.2637823526030639,0.990191430799527,0.6481481481481481,0.16666666666666666,0.32867109906108977,0.7222222222222222,0.6238344414319391,25.25,0.14541473394984636,0.42990093275600794,-0.5304116321306246,1.424811828852089,1.0,0.2405537242202211,0.46296296296296297,False,0.6238344414319391,0.3761655585680609,False
FSMI_nm,6022,6094,3.459780024999232,1.9799880374464163,1.4797919875528156,0.03613370652330272,0.16450476045557869,0.15819161419323144,0.1744091712935385,0.6235014981212237,0.5,0.42592592592592593,0.46147910349544863,0.5370370370370371,0.51814755365164,30.0,0.0448055638744889,0.1256616486523945,0.6673627213877064,-1.0856228965313042,0.5130598769674632,1.0,0.2037037037037037,False,0.51814755365164,0.48185244634836,False
FSMI_nm,6022,6095,7.857275141594466,4.420931670594557,3.436343470999909,0.08665951455901943,0.6491347209699134,0.2425327811735193,0.4839637750210065,1.6697350285650234,0.6851851851851852,0.35185185185185186,0.4910027253171427,0.9814814814814815,0.8588617924403968,28.75,0.3698231896239214,0.9951248945683018,0.2822230851425548,-0.08104600612729422,0.7541054360482159,1.0,0.9074074074074074,True,0.9074074074074074,0.09259259259259256,False
FSMI_nm,6022,6099,8.69575314178455,4.396568248708608,4.299184893075942,0.15570322383829094,0.14292262721938453,0.40640437181309624,0.3393311254418994,1.088085279131708,0.8703703703703703,0.5,0.6596856715021066,0.9074074074074074,0.8454769734310822,31.0,0.25381053221504135,0.6746888417548157,0.03784726550879513,-1.7399944957101767,0.962859991591974,1.0,0.7592592592592593,False,0.8454769734310822,0.1545230265689178,False
FSMI_nm,6022,6101,0.3286650711030523,1.3873353303423552,1.058670259239303,0.02967606859034455,0.04132253271199705,0.07406969093324853,0.06573361293543618,0.25083207714824374,0.42592592592592593,0.9074074074074074,0.6216818641331303,0.2037037037037037,0.3081982438110603,39.25,0.2749676161506943,0.7306125375284778,-0.2125472959308577,0.5870669120077892,1.0,0.555955562210333,0.7962962962962963,False,0.3081982438110603,0.6918017561889397,False
FSMI_nm,6022,N6342,0.7560989711345802,1.5690720918558851,0.8129731207213049,0.0046716361357730385,0.1887477453793459,0.07424910338473444,0.14305910086217558,0.48641481203621684,0.2777777777777778,0.05555555555555555,0.12422599874998831,0.3148148148148148,0.2671676107986082,21.0,0.1764067983275343,0.4920564884783082,2.351230897724976,-0.12619900226560524,0.09525184474845971,1.0,0.5740740740740741,False,0.2671676107986082,0.7328323892013918,False
FSMI_nm,6022,N6358,0.8146778778150339,1.7745477651964925,0.9598698873814586,0.031195619404983832,0.11599027814147991,0.06316228263785229,0.12221068429222384,0.45664695008283984,0.46296296296296297,0.24074074074074073,0.33384734032073976,0.42592592592592593,0.4029062795246294,27.0,0.310393421397526,0.8795767076193265,1.2059287794741633,2.4286391006440744,0.2994137809573695,0.08815672341230464,0.8333333333333334,False,0.40290627952462943,0.5970937204753706,False
FSMI_nm,6022,N6382,1.0237676864754848,1.3092856273046445,0.2855179408291597,0.05321283164972668,0.049863264734894185,0.048766130531379216,0.05527326766541755,0.22291454918866438,0.5740740740740741,0.018518518518518517,0.10310674745981521,0.16666666666666666,0.1507766868649538,19.5,0.043728966484824244,0.13694546421731163,1.512549482247708,0.716768939045806,0.22034748922442615,0.4883275256943831,0.16666666666666666,False,0.15077668686495382,0.8492233131350462,False
FSMI_nm,6022,N6389,1.7659275986645624,1.7008245280724716,0.06510307059209075,0.05278227404754987,0.11602885126101566,0.1607783620978298,0.21195746525110162,0.712545977677862,0.5370370370370371,0.09259259259259259,0.2229924921998573,0.3888888888888889,0.34741478971663103,23.5,0.1490014995899611,0.4036621662297225,4.391339076551377,1.5408912704508573,0.012384134807798415,0.214190115008972,0.5,False,0.3474147897166311,0.6525852102833689,False
FSMI_nm,6022,N6390,1.7769079672453123,1.0132649104408948,0.7636430568044175,0.05421581634713735,0.25967585380270547,0.15444867359109662,0.2214480772652193,0.7638379078086808,0.6111111111111112,0.12962962962962962,0.2814571139550123,0.09259259259259259,0.13980872293319752,25.0,0.21214088355367605,0.594521822985878,6.267981646224251,0.6840950803222944,0.0018960516267447736,0.5045465971997865,0.6851851851851852,False,0.13980872293319746,0.8601912770668025,False
FSMI_nm,6028,6022,1.2832086750870029,0.7721780048217056,0.5110306702652972,1.0481644337666576,0.43566432744649763,0.8594159213561942,0.6981877291526257,2.009096421624367,0.9814814814814815,0.2777777777777778,0.5221434140693216,0.018518518518518517,0.1444247424062193,27.0,0.3850911188742139,1.1362423826932666,3.3812437119604914,47.81270374471328,0.03400513582964073,1.718725810016832e-21,0.9444444444444444,True,0.9444444444444444,0.05555555555555558,False
FSMI_nm,6028,6029,2.0210013039871706,1.210217492849086,0.8107838111380845,0.019740371221506958,0.2268527603956107,0.060701552717872385,0.16212115155805965,0.6315772252784237,0.2777777777777778,0.6481481481481481,0.424312564347763,0.2037037037037037,0.2588559188647185,33.5,0.07979715483783921,0.2540551760159572,-1.026586884575228,64.35066748941483,1.0,1.1294322969669736e-28,0.2777777777777778,False,0.2588559188647185,0.7411440811352815,False
FSMI_nm,6028,6033,1.8207478300807216,2.004950070003089,0.1842022399223675,0.0,0.17614251567655845,0.2109443073522114,0.2325160303531931,0.9458383467304576,0.12962962962962962,0.9814814814814815,0.356691857115893,0.5740740740740741,0.5197285198345288,40.25,0.046017837190680984,0.13822611404214924,-0.8795595918915602,1.0740543600222343,1.0,0.34162065275103454,0.2037037037037037,False,0.5197285198345288,0.48027148016547117,False
FSMI_nm,6028,6047,2.946053864791246,1.983653897484037,0.9623999673072092,0.014145747527239294,0.10734994256580398,0.0870705182003382,0.11510536678040774,0.4888984781547765,0.2037037037037037,0.5740740740740741,0.3419663946781368,0.5370370370370371,0.488269376447312,31.5,0.018415652717541836,0.05614519180588262,-0.9202743631700803,-1.6207182579534314,1.0,1.0,0.018518518518518517,False,0.48826937644731205,0.511730623552688,False
FSMI_nm,6028,6048,1.599313301289055,2.2180916115881044,0.6187783102990494,0.24118265505463032,0.33506330474311335,0.41221624775300275,0.3949203823295224,1.2069116225766756,0.9444444444444444,0.3148148148148148,0.5452752542346465,0.6111111111111112,0.594652146891995,27.25,0.0659267666002623,0.1967863151700241,0.14316463520097483,-0.07685023063011064,0.8666113824110919,1.0,0.24074074074074073,False,0.594652146891995,0.40534785310800503,False
FSMI_nm,6028,6056,2.284561920801109,1.3792352297517498,0.9053266910493594,0.0,0.13261594561064755,0.3292421351904224,0.3008080402382027,1.019788046987627,0.12962962962962962,0.6851851851851852,0.2980273507302052,0.2777777777777778,0.28284017101588466,34.5,0.17763798646577408,0.4892459668918918,-0.882873406546789,-0.32194467356229023,1.0,1.0,0.6111111111111112,False,0.28284017101588466,0.7171598289841153,False
FSMI_nm,6028,6057,3.4970517461895976,0.8701241025758024,2.6269276436137954,0.011452205389846704,0.053230180793448795,0.03048074469495817,0.0433083295080916,0.13693910017319866,0.16666666666666666,0.8333333333333334,0.37267799624996495,0.09259259259259259,0.1626139435069357,39.0,0.14415756157936643,0.3883851506578236,-0.6191972389449821,0.05475161743328951,1.0,0.9467202675624831,0.5,False,0.1626139435069357,0.8373860564930643,False
FSMI_nm,6028,6062,2.9196668297119017,3.8518835561834033,0.9322167264715016,0.016910432481139104,0.7017849188008928,0.2717800631005812,0.5300636875597957,1.8479596161939909,0.24074074074074073,0.7592592592592593,0.4275331992820443,0.9074074074074074,0.7874388553760666,37.5,0.4430180661294574,1.2139643907547955,-0.4715650498883613,0.2521178065026673,1.0,0.7771531789778717,0.9814814814814815,True,0.9814814814814815,0.01851851851851849,False
FSMI_nm,6028,6063,4.4421744453751355,2.959829348304181,1.4823450970709544,0.02730059226529935,0.3917083621130986,0.5861282152632106,0.5358490083737387,1.8965657530663422,0.3148148148148148,0.2777777777777778,0.295717026345765,0.7592592592592593,0.6433737010308856,27.0,0.08234866487192599,0.25394314252314665,-0.2644300348301046,2.4283373601087828,1.0,0.08818332788283836,0.3148148148148148,False,0.6433737010308856,0.35662629896911435,False
FSMI_nm,6028,6070,2.307992993047587,1.4432732166612448,0.8647197763863421,0.10208919466497157,0.094163881940148,0.06005791879688407,0.07730176048245793,0.23223453753672563,0.7592592592592593,0.35185185185185186,0.5168624347019579,0.3148148148148148,0.3653267197866006,27.5,0.11071990867202644,0.30561121590412316,-0.5519564460788244,-0.4170482654610355,1.0,1.0,0.3888888888888889,False,0.3653267197866006,0.6346732802133994,False
FSMI_nm,6028,6072,1.4268834691757484,0.8493639626882146,0.5775195064875338,0.0,0.032456810355304955,0.0595365876090363,0.06545462183286764,0.2220859184601055,0.12962962962962962,0.7592592592592593,0.313723599001804,0.05555555555555555,0.12009756641711766,37.5,0.32903726411134826,0.8954697762410931,0.8066514621229876,-0.05220806776370338,0.4463501871250362,1.0,0.8703703703703703,False,0.12009756641711766,0.8799024335828823,False
FSMI_nm,6028,6078,1.3924063210314295,1.7564474954987621,0.36404117446733264,0.0,0.039948653716009586,0.06495374558852753,0.06235057148976229,0.216195396450505,0.12962962962962962,0.9074074074074074,0.3429677625454099,0.3888888888888889,0.3774086073030192,39.25,0.1420971030352507,0.38557395551527585,-1.0819110774037897,0.33591375835954757,1.0,0.7146847387426323,0.46296296296296297,False,0.3774086073030192,0.6225913926969808,False
FSMI_nm,6028,6080,3.486930250089525,2.7159094833533906,0.7710207667361346,0.06858465195146435,0.13486772529250113,0.22180981302413424,0.20990920288085277,0.5739367197544207,0.6481481481481481,0.9444444444444444,0.78239371015843,0.7222222222222222,0.7372650942062742,39.5,0.20164284377583327,0.548812614789125,0.49966026430574034,0.8992107296631044,0.606736754834353,0.40689067978204735,0.7222222222222222,False,0.7372650942062742,0.2627349057937258,False
FSMI_nm,6028,6081,0.8928726233487373,3.4112155572424814,2.518342933893744,0.033030327947060734,0.13369359414892532,0.15933573873536,0.19442113307206713,0.7181076751791435,0.42592592592592593,0.7962962962962963,0.5823772293894959,0.8703703703703703,0.7983720851251518,37.75,0.09097134273520523,0.2515918623886375,-0.9990424232828298,-1.2312991614190787,1.0,1.0,0.35185185185185186,False,0.7983720851251518,0.2016279148748482,False
FSMI_nm,6028,6082,1.5697987651446832,2.5844533908424654,1.0146546256977822,0.17168474092492536,0.1127831157812423,0.39987938025418013,0.32420999799495775,1.3020567062723507,0.9074074074074074,0.6111111111111112,0.7446655282549297,0.6851851851851852,0.7000552709526213,32.0,0.13298786808014132,0.35933946166739117,0.7736235245143338,-0.14090105188349464,0.4613383651042021,1.0,0.42592592592592593,False,0.7000552709526213,0.2999447290473787,False
FSMI_nm,6028,6084,1.3458682689199004,2.2881611584910018,0.9422928895711014,0.10560032350201354,0.2337059858450912,0.22538600587698132,0.27024438183937916,0.9550028165504509,0.7962962962962963,0.5,0.6309898162000304,0.6481481481481481,0.6438585651611187,31.0,0.04115605577248347,0.12910343215759224,-0.6254830066836308,-1.3335303048157536,1.0,1.0,0.09259259259259259,False,0.6438585651611187,0.3561414348388813,False
FSMI_nm,6028,6085,1.86691079236755,3.0121650561946307,1.1452542638270806,0.1243855612690048,0.23779869087891134,0.6592631659966315,0.5576713624680817,2.1842782327436328,0.8333333333333334,0.5370370370370371,0.668977476599572,0.7962962962962963,0.7644665913721151,31.25,0.045076094587843625,0.1364122862950996,-1.032565547987329,-0.7864772663282767,1.0,1.0,0.16666666666666666,False,0.7644665913721151,0.23553340862788485,False
FSMI_nm,6028,6090,2.022297889711494,3.1589278146301782,1.1366299249186844,0.06468049245355934,0.36782248672965423,0.1431275536600075,0.2866195552650869,1.0757842136756457,0.6111111111111112,0.16666666666666666,0.3191423692521127,0.8333333333333334,0.7047855923130282,25.25,0.18546398469074124,0.49865852632866836,-0.7707222603451778,1.2363310955557352,1.0,0.2904478910466806,0.6481481481481481,False,0.7047855923130282,0.2952144076869718,False
FSMI_nm,6028,6094,3.459780024999232,1.9576993672107996,1.5020806577884322,0.04406987524472883,0.16819581659065422,0.16414941554721946,0.18096477310155365,0.6531756649649112,0.5,0.42592592592592593,0.46147910349544863,0.5,0.49036977587386216,30.0,0.027453085409911024,0.0812379481978932,0.41839071469953704,-1.0285188252910593,0.6581050468701403,1.0,0.05555555555555555,False,0.4903697758738621,0.5096302241261379,False
FSMI_nm,6028,6095,7.857275141594466,4.056639506261493,3.8006356353329735,0.0690055777786549,0.5155806710042125,0.2009080914938116,0.3891048718960658,1.3871532033254312,0.6851851851851852,0.3888888888888889,0.516198513509865,0.9814814814814815,0.8651607394885774,28.75,0.29791624285465296,0.7973201371092198,-0.08748439028419594,-0.12208453845456999,1.0,1.0,0.8333333333333334,False,0.8651607394885774,0.1348392605114226,False
FSMI_nm,6028,6099,8.69575314178455,3.9718770814311526,4.723876060353398,0.13364784138548957,0.11596597220378607,0.3264124988785196,0.27531384143176496,0.8806431326555626,0.8703703703703703,0.5,0.6596856715021066,0.9444444444444444,0.8732547512088599,31.0,0.2575922197228578,0.6873419209044286,0.21357524346652818,-1.3981420911791447,0.8076913843644565,1.0,0.7592592592592593,False,0.8732547512088599,0.12674524879114013,False
FSMI_nm,6028,6101,0.3286650711030523,1.1759699676439128,0.8473048965408605,0.032340085763393756,0.051870920454614486,0.05710871166572745,0.05725371634196868,0.19221193011056292,0.3888888888888889,0.9074074074074074,0.5940375900868682,0.16666666666666666,0.27350939752171705,39.25,0.3410196715689853,0.9043478562046549,-0.38210539716723524,0.5086016387306318,1.0,0.6013358759546658,0.9074074074074074,True,0.9074074074074074,0.09259259259259256,False
FSMI_nm,6028,N6342,0.7560989711345802,1.5602293216236298,0.8041303504890496,0.0283707580316217,0.23027227350226054,0.06818568439900827,0.1643234596430616,0.5317587121212068,0.35185185185185186,0.05555555555555555,0.13981174880131017,0.35185185185185186,0.29884182608921644,21.0,0.14892958443410917,0.4308125762319129,1.6721616935803987,-0.07730344786220326,0.18784057268032833,1.0,0.5370370370370371,False,0.2988418260892165,0.7011581739107835,False
FSMI_nm,6028,N6358,0.8146778778150339,1.7947458556911464,0.9800679778761126,0.04415075293030846,0.11748803100466913,0.06833878697889077,0.12478019588946608,0.46734673995890375,0.5370370370370371,0.2777777777777778,0.38623432619655945,0.42592592592592593,0.4160030259935843,27.0,0.29291314832906357,0.8057372443156856,0.7911359166351988,1.474312661373843,0.4533295581182303,0.22893602955501619,0.7962962962962963,False,0.4160030259935843,0.5839969740064157,False
FSMI_nm,6028,N6382,1.0237676864754848,1.2516888616928972,0.2279211752174124,0.04101867433714079,0.032297026328704126,0.04574330893798438,0.04497869701482885,0.16441457753891386,0.46296296296296297,0.018518518518518517,0.09259259259259259,0.24074074074074073,0.2037037037037037,19.5,0.04247323002354343,0.12509714274063105,1.142836797106027,1.1438137256514174,0.31891304578342106,0.31860164265956487,0.12962962962962962,False,0.20370370370370372,0.7962962962962963,False
FSMI_nm,6028,N6389,1.7659275986645624,1.8695006213005276,0.10357302263596524,0.05105015386811984,0.12030460379230934,0.18028625012695762,0.23074059637492148,0.7932401844811745,0.5740740740740741,0.09259259259259259,0.2305536962590506,0.46296296296296297,0.40486064628698487,23.5,0.15171957715607104,0.41815761527576417,3.359810000768958,1.3635717102418674,0.03474185924423416,0.25574569420585397,0.5740740740740741,False,0.4048606462869848,0.5951393537130152,False
FSMI_nm,6028,N6390,1.7769079672453123,1.0485212537230144,0.7283867135222979,0.08099622228418935,0.2684479740198542,0.17132732650635346,0.23648918483373,0.8379218105716949,0.7222222222222222,0.12962962962962962,0.30597614151589453,0.12962962962962962,0.17371625760119586,25.0,0.19786128221996904,0.5263947727474906,4.544249124939831,0.5047227762522616,0.010628150133726692,0.6036729046971935,0.6851851851851852,False,0.1737162576011959,0.8262837423988041,False
FSMI_nm,6029,6022,1.2832086750870029,0.5924698547186046,0.6907388203683983,1.1536306983918925,0.47400888758171716,0.9072176769048966,0.740734948526925,2.0953082205783007,0.9814814814814815,0.2777777777777778,0.5221434140693216,0.018518518518518517,0.1444247424062193,27.0,0.9134213173763632,2.8675418180359196,3.3606408347594128,67.91326632526318,0.034713006514256566,3.203636159528155e-30,0.9814814814814815,True,0.9814814814814815,0.01851851851851849,False
FSMI_nm,6029,6028,4.415429811910861,3.279986518679647,1.135443293231214,0.2260369246546574,0.24411834436815372,0.980844487961475,0.7980142451466111,2.993166600388556,0.9074074074074074,0.46296296296296297,0.6481481481481481,0.8333333333333334,0.787037037037037,30.0,0.1503929193295595,0.4013391817110432,-0.9803545756377672,0.2465556542674244,1.0,0.7814878671919433,0.42592592592592593,False,0.787037037037037,0.21296296296296302,False
FSMI_nm,6029,6033,1.8207478300807216,1.9266572642869013,0.10590943420617971,0.004090241661977911,0.18587725379671718,0.21832500279960362,0.24036992954564754,0.9766008289315948,0.16666666666666666,0.9814814814814815,0.4044505494044732,0.46296296296296297,0.4483348595733405,40.25,0.08183917700545015,0.22860240532923193,-0.9233847833341842,1.507904570621953,1.0,0.22137336454447584,0.2777777777777778,False,0.4483348595733405,0.5516651404266595,False
FSMI_nm,6029,6047,2.946053864791246,2.078075449979563,0.8679784148116831,0.007754316840336006,0.1405988487492119,0.08569767092661763,0.1370927639188246,0.5710730094839609,0.2777777777777778,0.6111111111111112,0.4120110270608702,0.5370370370370371,0.5057805345429953,31.5,0.02637890498110696,0.08303423626389117,-0.6318163589223561,-1.8363942409435476,1.0,1.0,0.05555555555555555,False,0.5057805345429953,0.4942194654570047,False
FSMI_nm,6029,6048,1.599313301289055,2.1257652978363866,0.5264519965473315,0.28564691110791385,0.2546289922846656,0.39410630272997277,0.35462161753970933,1.102478628494028,0.9444444444444444,0.3148148148148148,0.5452752542346465,0.5740740740740741,0.5668743691142172,27.25,0.10292357546448629,0.30092393709454757,-0.03456785986316818,-0.16726277549318092,1.0,1.0,0.3148148148148148,False,0.5668743691142172,0.4331256308857828,False
FSMI_nm,6029,6056,2.284561920801109,1.465069626454748,0.8194922943463612,0.0,0.14220688448313623,0.3779781778297446,0.3419656174703502,1.1606243710325497,0.09259259259259259,0.6851851851851852,0.2518790834951008,0.2777777777777778,0.27130310420710857,34.5,0.17966410835082475,0.49723615029734014,-0.6766562558451347,-0.41791450856851814,1.0,1.0,0.5370370370370371,False,0.27130310420710857,0.7286968957928914,False
FSMI_nm,6029,6057,3.4970517461895976,0.7778597692058559,2.719191976983742,0.010341832497276937,0.0508370433816118,0.028145096145058907,0.04127823519614696,0.13654051039327708,0.3148148148148148,0.8333333333333334,0.5121969142940493,0.09259259259259259,0.19749367301795678,39.0,0.22198979380393932,0.6007716808421698,-0.661627634045905,-0.10322693321950525,1.0,1.0,0.7222222222222222,False,0.19749367301795684,0.8025063269820432,False
FSMI_nm,6029,6062,2.9196668297119017,4.196027688648563,1.2763608589366613,0.0,0.8170243815741279,0.29871217237915065,0.6100689959853437,2.184030409215528,0.09259259259259259,0.7592592592592593,0.26514483450511767,0.9444444444444444,0.7746195419596127,37.5,0.44211385335910897,1.232557202007699,-1.1151594985909095,0.1658104966086876,1.0,0.8472067675337032,0.9444444444444444,True,0.9444444444444444,0.05555555555555558,False
FSMI_nm,6029,6063,4.4421744453751355,3.239954699435891,1.2022197459392445,0.02445570474262393,0.43387621240185614,0.6862084611018131,0.6176116003598546,2.195489081420371,0.3888888888888889,0.2777777777777778,0.32867109906108977,0.7962962962962963,0.6793899969874947,27.0,0.032998246641119965,0.10620390344025843,-0.39214386888135605,2.8694019270241826,1.0,0.056732846817969966,0.12962962962962962,False,0.6793899969874947,0.3206100030125053,False
FSMI_nm,6029,6070,2.307992993047587,1.3766101963394872,0.9313827967080996,0.10130511953751609,0.10032809432179678,0.05172363311038648,0.07688438496930328,0.25653389713012986,0.6851851851851852,0.35185185185185186,0.4910027253171427,0.24074074074074073,0.3033062368848412,27.5,0.12382319290278831,0.3410349354736043,-0.38090849204984323,-0.20272928195926226,1.0,1.0,0.35185185185185186,False,0.30330623688484115,0.6966937631151588,False
FSMI_nm,6029,6072,1.4268834691757484,0.7771763560025488,0.6497071131731996,0.0005182899403241015,0.025694882348252786,0.055018049615196116,0.05791514237501253,0.18967043741599632,0.12962962962962962,0.7592592592592593,0.313723599001804,0.05555555555555555,0.12009756641711766,37.5,0.3265483000797321,0.8875939214804965,0.766221075426006,-0.0712674143050382,0.4647660699174628,1.0,0.8333333333333334,False,0.12009756641711766,0.8799024335828823,False
FSMI_nm,6029,6078,1.3924063210314295,1.6666374845920762,0.2742311635606467,0.0,0.061884749729976214,0.058527534493281345,0.06573683407171721,0.22707950440322278,0.09259259259259259,0.9074074074074074,0.2898606637499727,0.35185185185185186,0.3363540548263821,39.25,0.1863947863046519,0.5043892776363724,-1.1341350764390048,0.6194235065276542,1.0,0.5382546484601106,0.6111111111111112,False,0.33635405482638214,0.6636459451736179,False
FSMI_nm,6029,6080,3.486930250089525,2.709978624543592,0.7769516255459332,0.05983300366219746,0.1358068217646622,0.22769159675502518,0.21816220138100664,0.6038218834802902,0.5740740740740741,0.9444444444444444,0.7363294574841127,0.6851851851851852,0.6979712532599172,39.5,0.24704238516649082,0.7011266534901328,0.502092502475339,1.4206067199683,0.6052628197475585,0.24156740865593804,0.7592592592592593,False,0.6979712532599172,0.30202874674008284,False
FSMI_nm,6029,6081,0.8928726233487373,3.071950939815468,2.1790783164667307,0.00506899372796088,0.11736705518193778,0.12712163223068831,0.1658290317289189,0.5863264956291205,0.24074074074074073,0.7962962962962963,0.43783668213099586,0.7222222222222222,0.6511258371994156,37.75,0.03473122321812213,0.10570164631066226,-1.0558629157613704,-1.106230457169459,1.0,1.0,0.16666666666666666,False,0.6511258371994156,0.34887416280058436,False
FSMI_nm,6029,6082,1.5697987651446832,2.5267751434490107,0.9569763783043275,0.192425522271523,0.10129040827981434,0.41263466790981107,0.33274900228191184,1.311655707004876,0.8703703703703703,0.6481481481481481,0.7510851774323425,0.6481481481481481,0.6738824054691968,32.0,0.14285658394460457,0.38091120863328204,0.6482519317758412,-0.05426644654365571,0.5229591464786332,1.0,0.3888888888888889,False,0.6738824054691968,0.32611759453080325,False
FSMI_nm,6029,6084,1.3458682689199004,2.259097482536023,0.9132292136161224,0.10172096405451292,0.2448877793627063,0.22899056397043174,0.2788460369215435,1.0013937281941923,0.7222222222222222,0.5370370370370371,0.6227841378074163,0.6111111111111112,0.6140293677851875,31.0,0.010712051143781582,0.03338967598761988,-0.6100289398514868,-1.4375283330334592,1.0,1.0,0.018518518518518517,False,0.6140293677851875,0.38597063221481254,False
FSMI_nm,6029,6085,1.86691079236755,3.3358215938218603,1.4689108014543102,0.1783371838411596,0.26615412458642673,0.7718144670113607,0.6482082297819995,2.5362252615393484,0.8333333333333334,0.5740740740740741,0.6916610887771518,0.8703703703703703,0.8256930499720657,31.25,0.06381998227858383,0.19297552699539278,-1.4258576980203919,-0.6883719891409565,1.0,1.0,0.2037037037037037,False,0.8256930499720657,0.17430695002793428,False
FSMI_nm,6029,6090,2.022297889711494,3.205313175293945,1.1830152855824512,0.051384479299941166,0.44490161615443957,0.16398692185542915,0.3434922196477705,1.3097456232111266,0.5370370370370371,0.16666666666666666,0.29917582261858355,0.7592592592592593,0.6442384000990903,25.25,0.15961447267981502,0.4620030370568904,-0.824988171983652,1.1730657308579298,1.0,0.30941689679079626,0.5,False,0.6442384000990903,0.3557615999009097,False
FSMI_nm,6029,6094,3.459780024999232,1.9725989942872342,1.4871810307119977,0.03273469560713904,0.17255579938358237,0.16248473515092426,0.18031009254975533,0.6458942150737936,0.46296296296296297,0.46296296296296297,0.46296296296296297,0.5,0.49074074074074076,30.0,0.03172259640478059,0.09425112337451536,0.316293933912995,-0.9989062623159342,0.7288451863618721,1.0,0.09259259259259259,False,0.4907407407407407,0.5092592592592593,False
FSMI_nm,6029,6095,7.857275141594466,4.704052788817006,3.15322235277746,0.1126130892421271,0.6970162141585525,0.24114981201631175,0.5138398908111834,1.8018634010839136,0.7962962962962963,0.3888888888888889,0.5564807111598785,0.9814814814814815,0.8752312889010808,28.75,0.37408134965587464,0.996860759325432,-0.09785165012656685,-0.06415517064280556,1.0,1.0,0.9074074074074074,True,0.9074074074074074,0.09259259259259256,False
FSMI_nm,6029,6099,8.69575314178455,3.9903138319020743,4.705439309882475,0.10724880126655867,0.14506083932177738,0.37435216850099673,0.31091817555323703,1.0175771044737316,0.7592592592592593,0.5370370370370371,0.6385533203543211,0.9074074074074074,0.8401938856441359,31.0,0.21493064160866998,0.5715189815424236,-0.0730029624402348,-1.2686592227189055,1.0,1.0,0.6851851851851852,False,0.8401938856441359,0.15980611435586412,False
FSMI_nm,6029,6101,0.3286650711030523,1.1083555550575024,0.7796904839544501,0.016387471170135726,0.05798177593906982,0.057359915802363194,0.06008825476040382,0.2003280171397812,0.35185185185185186,0.9074074074074074,0.5650424556441614,0.12962962962962962,0.23848283613326257,39.25,0.3668202050901543,0.9774063275086703,0.04390313748850791,0.5754165890565994,0.9570466549261314,0.5624705009374498,0.8703703703703703,False,0.2384828361332626,0.7615171638667374,False
FSMI_nm,6029,N6342,0.7560989711345802,1.4699978240467622,0.7138988529121819,0.004875694145974663,0.23319685089101497,0.0644532617744833,0.16536886247981755,0.5603396896336799,0.2037037037037037,0.05555555555555555,0.10638078975070422,0.3148148148148148,0.2627063085487872,21.0,0.20630217535375897,0.577408235202863,1.6978650472911274,-0.11708864136407436,0.18307396137158133,1.0,0.6481481481481481,False,0.2627063085487872,0.7372936914512128,False
FSMI_nm,6029,N6358,0.8146778778150339,1.8386160946819072,1.0239382168668734,0.025645308929438393,0.11931413491054356,0.07186949428918513,0.13044315346354243,0.49787612117576874,0.42592592592592593,0.2777777777777778,0.343966215203828,0.3888888888888889,0.37765822046762365,27.0,0.30343447125239126,0.8356659580765544,0.737914881080122,1.8232275944270357,0.47810979267355436,0.16150364055665337,0.7962962962962963,False,0.37765822046762365,0.6223417795323763,False
FSMI_nm,6029,N6382,1.0237676864754848,1.2663959866740504,0.24262830019856563,0.04682591267915992,0.037603299702341095,0.04980006065419219,0.051058800103593364,0.1931644844196969,0.5,0.018518518518518517,0.09622504486493763,0.2037037037037037,0.17683403899401218,19.5,0.06392520094117495,0.18381696413541193,1.1906614488235148,0.7890327913752878,0.30402010380544225,0.4542839702352977,0.24074074074074073,False,0.17683403899401218,0.8231659610059878,False
FSMI_nm,6029,N6389,1.7659275986645624,1.8649921883530334,0.09906458968847098,0.06415560013875843,0.13179250341541435,0.18206499613875646,0.24057928813596924,0.8315539938311516,0.6111111111111112,0.09259259259259259,0.23787467738268758,0.42592592592592593,0.37891311379011633,23.5,0.1577942740494715,0.4187256881107503,3.392616232741004,1.4062766705304925,0.03362060241732062,0.24505400343809855,0.46296296296296297,False,0.3789131137901163,0.6210868862098837,False
FSMI_nm,6029,N6390,1.7769079672453123,1.1234061289272943,0.653501838318018,0.09151039527551741,0.29646736574526605,0.1897659251210863,0.26468538113621237,0.9521729404392196,0.6481481481481481,0.12962962962962962,0.2898606637499727,0.16666666666666666,0.1974651659374932,25.0,0.18300691774017613,0.5235262114507624,4.37358377547775,0.8032972191357085,0.012605982508096327,0.4478498678507812,0.5740740740740741,False,0.1974651659374932,0.8025348340625068,False
FSMI_nm,6033,6022,1.2832086750870029,0.772346350001256,0.5108623250857469,1.1259281468936417,0.4678585552635441,0.9215843717753592,0.7491250908748539,2.148921608526847,0.9814814814814815,0.2777777777777778,0.5221434140693216,0.018518518518518517,0.1444247424062193,27.0,0.44415522845133604,1.3500737164908891,3.149759649248958,49.51332614508509,0.042862427645766775,3.137875255912038e-22,0.9814814814814815,True,0.9814814814814815,0.01851851851851849,False
FSMI_nm,6033,6028,4.415429811910861,3.173524106439931,1.2419057054709297,0.21421016531807346,0.2383898537030155,0.9353327392523173,0.7627671623497703,2.890685301262856,0.9074074074074074,0.46296296296296297,0.6481481481481481,0.7592592592592593,0.7314814814814814,30.0,0.13439105614255428,0.3648753847368428,-0.9385380127482895,0.1973677362877822,1.0,0.8208887072355918,0.35185185185185186,False,0.7314814814814814,0.2685185185185186,False
FSMI_nm,6033,6029,2.0210013039871706,1.2537976441594756,0.767203659827695,0.017952872990703028,0.24428583133700876,0.0628662413261186,0.17443605711849144,0.6754572252680711,0.24074074074074073,0.6851851851851852,0.4061428185085427,0.24074074074074073,0.28209126018269126,33.5,0.198682040672313,0.5989966028430991,-1.0189435993298914,65.52513379308866,1.0,3.489763272688912e-29,0.6481481481481481,False,0.28209126018269126,0.7179087398173087,False
FSMI_nm,6033,6047,2.946053864791246,2.0457841719058973,0.9002696928853489,0.021929153577628036,0.1208942650389413,0.0908393341563418,0.12330766726815119,0.5210205871934033,0.3148148148148148,0.6111111111111112,0.4386192326787782,0.5370370370370371,0.5124325859474723,31.5,0.017612622917199755,0.05569337853759271,-1.070174162947379,-1.5959963396068864,1.0,1.0,0.018518518518518517,False,0.5124325859474723,0.4875674140525277,False
FSMI_nm,6033,6048,1.599313301289055,2.2965896467385756,0.6972763454495206,0.31414967608439026,0.2775769131845111,0.4097177227340301,0.37213236519769194,1.1548899580800913,0.9444444444444444,0.3148148148148148,0.5452752542346465,0.5740740740740741,0.5668743691142172,27.25,0.09341853516824078,0.27847106405095845,-0.13570272973598646,-0.13651950265228147,1.0,1.0,0.2777777777777778,False,0.5668743691142172,0.4331256308857828,False
FSMI_nm,6033,6056,2.284561920801109,1.451096946231972,0.8334649745691372,0.0,0.14095593278542662,0.3598673316103278,0.32699262801374424,1.1105243680045662,0.12962962962962962,0.7222222222222222,0.30597614151589453,0.2777777777777778,0.28482736871230696,34.5,0.18854587793834654,0.538805198771503,-1.0024653713052563,-0.21625143261292518,1.0,1.0,0.5740740740740741,False,0.28482736871230696,0.715172631287693,False
FSMI_nm,6033,6057,3.4970517461895976,0.8185282323942065,2.6785235137953913,0.0113244452102087,0.05089800568030682,0.02867145235049945,0.041252070751602414,0.13120335280550532,0.16666666666666666,0.8703703703703703,0.3808697000222802,0.09259259259259259,0.1646618694500145,39.0,0.1959515081059374,0.5356733834432844,-0.3926848662901605,0.1088898620864936,1.0,0.8968291869544275,0.6111111111111112,False,0.1646618694500145,0.8353381305499855,False
FSMI_nm,6033,6062,2.9196668297119017,4.144638755213171,1.224971925501269,0.0,0.775742268923043,0.29614298580118814,0.582897608724834,2.058767182950597,0.12962962962962962,0.7962962962962963,0.3212842883869902,0.9074074074074074,0.7608766276523031,37.5,0.4055577704300502,1.151604696435843,-0.9726529252633036,0.4799672466504509,1.0,0.6188036593667813,0.9444444444444444,True,0.9444444444444444,0.05555555555555558,False
FSMI_nm,6033,6063,4.4421744453751355,3.1431638150892245,1.299010630285911,0.020235129914087047,0.43510421599211857,0.6358351860957596,0.5842245179150996,2.0476598748340575,0.2777777777777778,0.2777777777777778,0.2777777777777778,0.7222222222222222,0.611111111111111,27.0,0.05316122500168881,0.1529346712372377,-0.1843981066007393,3.3215167799328364,1.0,0.036098037430297096,0.16666666666666666,False,0.611111111111111,0.38888888888888895,False
FSMI_nm,6033,6070,2.307992993047587,1.469129852673412,0.8388631403741749,0.10519848139638177,0.10314564473622104,0.06093579847136939,0.0829156331951542,0.2548843542986938,0.7222222222222222,0.35185185185185186,0.5040984292154148,0.3148148148148148,0.36213571841496484,27.5,0.11545850024029193,0.3144821963396215,-0.5573520181106865,-0.184180619608745,1.0,1.0,0.3148148148148148,False,0.36213571841496484,0.6378642815850352,False
FSMI_nm,6033,6072,1.4268834691757484,0.8117522711884536,0.6151311979872948,0.0,0.026174894900443352,0.05940549383168106,0.06323248836382545,0.20417560151302805,0.12962962962962962,0.7962962962962963,0.3212842883869902,0.05555555555555555,0.1219877387634142,37.5,0.30740057113935376,0.8466596691884463,0.9567146683641753,-0.07874771182733702,0.38415288471008474,1.0,0.8333333333333334,False,0.12198773876341418,0.8780122612365858,False
FSMI_nm,6033,6078,1.3924063210314295,1.7013498000208014,0.3089434789893719,0.0,0.044237942690233734,0.0612308458798517,0.06086203994296354,0.21069992276647964,0.12962962962962962,0.9444444444444444,0.3498971042165034,0.3888888888888889,0.3791409427207925,39.25,0.1620490549192782,0.4496909050089083,-0.9026522297321101,0.7342172639064724,1.0,0.4798809321337038,0.5,False,0.3791409427207926,0.6208590572792074,False
FSMI_nm,6033,6080,3.486930250089525,2.912568892324485,0.5743613577650404,0.09100505571646522,0.1429209145948075,0.23505731933800156,0.2230123631918141,0.616695723977748,0.6851851851851852,0.9814814814814815,0.820058882425353,0.6851851851851852,0.7189036094952272,39.5,0.25935845790167367,0.7167023918217194,0.4386044920668192,1.2173215159928634,0.6449358064217493,0.2960219961821465,0.7592592592592593,False,0.7189036094952272,0.28109639050477275,False
FSMI_nm,6033,6081,0.8928726233487373,3.2903534930051515,2.3974808696564143,0.014742309829335998,0.13013380042357017,0.15021863352613565,0.18395530677331387,0.6688258224373937,0.2037037037037037,0.8333333333333334,0.41201102706087017,0.8703703703703703,0.7557805345429953,37.75,0.04781148730494207,0.13380180128776942,-0.9584877590619593,-1.1962503649620664,1.0,1.0,0.12962962962962962,False,0.7557805345429953,0.24421946545700468,False
FSMI_nm,6033,6082,1.5697987651446832,2.7160486301994093,1.1462498650547261,0.15184162445514282,0.1288016844115809,0.43149776315691873,0.35115383893991886,1.3972428497681113,0.8703703703703703,0.6481481481481481,0.7510851774323425,0.6481481481481481,0.6738824054691968,32.0,0.15531414115577338,0.4157140585889554,0.6199282088972855,-0.11168417388446929,0.5379830586053544,1.0,0.42592592592592593,False,0.6738824054691968,0.32611759453080325,False
FSMI_nm,6033,6084,1.3458682689199004,2.3313057061315514,0.985437437211651,0.10904251067273041,0.2509081393161212,0.23249805583617456,0.28244566909966506,1.001688616296147,0.7592592592592593,0.5370370370370371,0.6385533203543211,0.6111111111111112,0.6179716634219137,31.0,0.027208063960537272,0.084780761968415,-0.12351772556731692,-1.215189547853859,1.0,1.0,0.05555555555555555,False,0.6179716634219137,0.3820283365780863,False
FSMI_nm,6033,6085,1.86691079236755,3.2108549708536662,1.3439441784861161,0.13095522756065314,0.25763593281878777,0.7118737957863678,0.6007667622840068,2.3452768164099105,0.8333333333333334,0.5740740740740741,0.6916610887771518,0.8333333333333334,0.7979152721942879,31.25,0.05640981122274439,0.17003978683296972,-1.2796739418472995,-0.5399321697057914,1.0,1.0,0.2037037037037037,False,0.7979152721942879,0.20208472780571207,False
FSMI_nm,6033,6090,2.022297889711494,3.2007124969836753,1.1784146072721815,0.0657706346332727,0.3926453893335755,0.15032608865654043,0.3043688540232141,1.1414766376712637,0.5740740740740741,0.16666666666666666,0.30932024237944566,0.7962962962962963,0.6745522828170836,25.25,0.13655433351193413,0.389849773910969,-0.4643332101965375,1.3864178213535612,1.0,0.2499691368468076,0.3888888888888889,False,0.6745522828170836,0.32544771718291643,False
FSMI_nm,6033,6094,3.459780024999232,1.9523374686385928,1.507442556360639,0.04095513149107566,0.17157134690840803,0.1649791522086435,0.18249793480835008,0.6580981249403777,0.5,0.46296296296296297,0.4811252243246881,0.5,0.49528130608117205,30.0,0.02853764079831396,0.08955062794866497,0.3233072487305813,-1.014723933990981,0.7237514484888983,1.0,0.09259259259259259,False,0.49528130608117205,0.504718693918828,False
FSMI_nm,6033,6095,7.857275141594466,4.347531622726815,3.5097435188676513,0.0862166643921718,0.615407993487007,0.21954112107236542,0.4567472646411405,1.636547610885048,0.6481481481481481,0.3888888888888889,0.502053396730591,0.9814814814814815,0.8616244602937589,28.75,0.301266779632188,0.802828253003648,0.020185453366587742,0.016279352918914334,0.9800169090177864,0.983852439611959,0.7962962962962963,False,0.8616244602937589,0.13837553970624106,False
FSMI_nm,6033,6099,8.69575314178455,4.168383488553392,4.527369653231158,0.11809588668702542,0.12788653270728711,0.374668320986356,0.3113329961070422,1.0078255973478365,0.7962962962962963,0.5370370370370371,0.6539423549262806,0.9444444444444444,0.8718189220649034,31.0,0.2260663861152311,0.6191818705098414,-0.03725193208723244,-1.5427269719137517,1.0,1.0,0.7222222222222222,False,0.8718189220649034,0.1281810779350966,False
FSMI_nm,6033,6101,0.3286650711030523,1.1773532192152736,0.8486881481122213,0.029040506170718627,0.055053971489192804,0.057667377526444186,0.05890792982881398,0.19524989257545067,0.3888888888888889,0.9444444444444444,0.6060395619242064,0.16666666666666666,0.27650989048105157,39.25,0.32753847605334707,0.8765554116889056,-0.3315831835510782,0.6630865337943429,1.0,0.5152585147915806,0.9074074074074074,True,0.9074074074074074,0.09259259259259256,False
FSMI_nm,6033,N6342,0.7560989711345802,1.5748096371179434,0.8187106659833632,0.025231042928068215,0.22682725049630004,0.06818163478847163,0.16235588822700983,0.5178559093330681,0.35185185185185186,0.05555555555555555,0.13981174880131017,0.35185185185185186,0.29884182608921644,21.0,0.16369546853161857,0.47386692351998844,1.5652416542838155,-0.06715017246223047,0.2090374922637481,1.0,0.5370370370370371,False,0.2988418260892165,0.7011581739107835,False
FSMI_nm,6033,N6358,0.8146778778150339,1.7970416236507567,0.9823637458357228,0.040020608249037526,0.11339422498960448,0.06846317253375234,0.12345232472689882,0.45506393489147845,0.46296296296296297,0.2777777777777778,0.35860956909327935,0.42592592592592593,0.40909683671776426,27.0,0.31131960665924485,0.8613997106378866,0.7378337568389256,2.890582884467038,0.47814858054099046,0.05554382753970959,0.8703703703703703,False,0.4090968367177643,0.5909031632822357,False
FSMI_nm,6033,N6382,1.0237676864754848,1.1949769321994466,0.1712092457239618,0.039255446676484285,0.03214237421305728,0.04595332306833007,0.045058962138505035,0.1644856671265702,0.42592592592592593,0.018518518518518517,0.08881169487616147,0.2037037037037037,0.17498070149681813,19.5,0.07395701201031085,0.20927181801181732,1.1753080989427982,0.7222819673124347,0.3087238475426712,0.4856427696098687,0.24074074074074073,False,0.1749807014968181,0.8250192985031819,False
FSMI_nm,6033,N6389,1.7659275986645624,1.8743976904183974,0.10847009175383504,0.05367583837014034,0.1237456344813436,0.1737543231949766,0.2284814553386635,0.7857758041078489,0.5370370370370371,0.09259259259259259,0.2229924921998573,0.46296296296296297,0.40297034527218656,23.5,0.15814094576235932,0.4315127041458822,3.4195136923346694,1.5960087404771732,0.03272834711567543,0.20270394965750832,0.46296296296296297,False,0.40297034527218656,0.5970296547278134,False
FSMI_nm,6033,N6390,1.7769079672453123,1.0571792074256228,0.7197287598196895,0.0818598926310583,0.27414273721710564,0.17085378278327504,0.23971388513937958,0.8478866394129295,0.6111111111111112,0.12962962962962962,0.2814571139550123,0.12962962962962962,0.16758650071097528,25.0,0.20409550473203622,0.5538134309544143,4.371778990588071,0.7886473662918209,0.012628754137611851,0.45445909641928744,0.6851851851851852,False,0.16758650071097525,0.8324134992890247,False
FSMI_nm,6047,6022,1.2832086750870029,0.7146765717425312,0.5685321033444717,1.092584285904813,0.45311755566391076,0.8849808180417359,0.7196729585791727,2.0619946175844204,0.9814814814814815,0.2777777777777778,0.5221434140693216,0.018518518518518517,0.1444247424062193,27.0,0.43526398587293574,1.3133326166128623,3.295676772092228,58.09679462473574,0.03704296691584501,5.873306675916815e-26,0.9444444444444444,True,0.9444444444444444,0.05555555555555558,False
FSMI_nm,6047,6028,4.415429811910861,3.0990368404832935,1.3163929714275673,0.21405337351711395,0.23370604811860224,0.9150342488537572,0.7462269381706973,2.823007507037026,0.9074074074074074,0.46296296296296297,0.6481481481481481,0.7222222222222222,0.7037037037037037,30.0,0.13549218610828528,0.36790644509292714,-0.92182136305995,0.15564192991990558,1.0,0.8558655953727982,0.42592592592592593,False,0.7037037037037037,0.2962962962962963,False
FSMI_nm,6047,6029,2.0210013039871706,1.2286935914741461,0.7923077125130245,0.019200895843136445,0.24608124724367933,0.05999203612164357,0.17484512967968538,0.6821539049150942,0.3148148148148148,0.6481481481481481,0.45171521917223956,0.2037037037037037,0.2657065825708377,33.5,0.1001723964680402,0.2848020223967799,-0.5384532376718898,72.93564289744957,1.0,2.1108275583847386e-32,0.3148148148148148,False,0.2657065825708377,0.7342934174291623,False
FSMI_nm,6047,6033,1.8207478300807216,1.9470751364404424,0.12632730635972078,0.0008842762222971423,0.18610282159137057,0.2114218213267714,0.23735566927931792,0.9700870661978174,0.16666666666666666,0.9814814814814815,0.4044505494044732,0.5370370370370371,0.5038904151288961,40.25,0.07679752948941695,0.21164812989248027,-0.9930424416814475,1.0383212302837446,1.0,0.3540485493187178,0.24074074074074073,False,0.5038904151288961,0.4961095848711039,False
FSMI_nm,6047,6048,1.599313301289055,2.1963322669822753,0.5970189656932203,0.3157208443672639,0.2656296351867086,0.3913461107061014,0.35583191281279414,1.100701687814564,0.9444444444444444,0.3148148148148148,0.5452752542346465,0.5740740740740741,0.5668743691142172,27.25,0.08327323315825717,0.2516443398780488,-0.06970893598686986,-0.3691442695821011,1.0,1.0,0.2777777777777778,False,0.5668743691142172,0.4331256308857828,False
FSMI_nm,6047,6056,2.284561920801109,1.4295572836083872,0.855004637192722,0.0,0.13974978183574427,0.3523099684736464,0.3209783843618648,1.0860990143294342,0.12962962962962962,0.6851851851851852,0.2980273507302052,0.2777777777777778,0.28284017101588466,34.5,0.1787527514986444,0.49307819324298563,-0.8255642737327656,-0.5149760331197073,1.0,1.0,0.6111111111111112,False,0.28284017101588466,0.7171598289841153,False
FSMI_nm,6047,6057,3.4970517461895976,0.7964020888614394,2.7006496573281584,0.011850320272758008,0.050106303998745695,0.027783294971642742,0.04043378300508089,0.1292447104856711,0.2037037037037037,0.8333333333333334,0.41201102706087017,0.05555555555555555,0.14466942343188421,39.0,0.20105091084847482,0.5486580381960402,-0.6123526696079384,-0.13517890265867788,1.0,1.0,0.6851851851851852,False,0.14466942343188416,0.8553305765681158,False
FSMI_nm,6047,6062,2.9196668297119017,4.072846944648519,1.153180114936617,0.0,0.7623467525890684,0.29284665098832025,0.5740921600209713,2.0209888744436086,0.12962962962962962,0.7592592592592593,0.313723599001804,0.9074074074074074,0.7589864553060066,37.5,0.46435865558370276,1.2969448086414241,-1.0017482945234912,0.6973627416038654,1.0,0.49789665598046373,0.9814814814814815,True,0.9814814814814815,0.01851851851851849,False
FSMI_nm,6047,6063,4.4421744453751355,3.144898415767372,1.2972760296077634,0.01585061460891124,0.4326675267764552,0.6448207513616843,0.5894602199954296,2.0669981022714206,0.24074074074074073,0.2777777777777778,0.258597037847573,0.7962962962962963,0.6618714816841155,27.0,0.038324984939175,0.11588045026346094,-0.11896659711946138,2.3490880766433686,1.0,0.09545617124883143,0.09259259259259259,False,0.6618714816841155,0.33812851831588453,False
FSMI_nm,6047,6070,2.307992993047587,1.4336481267216405,0.8743448663259463,0.10352447514229057,0.10170016300948077,0.05984214778767254,0.08132454526457014,0.24902596788848275,0.7222222222222222,0.35185185185185186,0.5040984292154148,0.3148148148148148,0.36213571841496484,27.5,0.1289036797249615,0.3458308530694521,-0.49862618954080895,-0.7085119861095502,1.0,1.0,0.3888888888888889,False,0.36213571841496484,0.6378642815850352,False
FSMI_nm,6047,6072,1.4268834691757484,0.7997970324595073,0.6270864367162411,0.0,0.02617803389298924,0.05685606046489663,0.0608060060127263,0.1993467373821286,0.12962962962962962,0.7592592592592593,0.313723599001804,0.09259259259259259,0.14787534419489545,37.5,0.3023488613598472,0.8239321995183213,0.783133638407629,-0.2750249715485985,0.45697178097517455,1.0,0.8333333333333334,False,0.14787534419489545,0.8521246558051045,False
FSMI_nm,6047,6078,1.3924063210314295,1.6512160827797717,0.25880976174834225,0.0,0.0454251217317439,0.06180380801000969,0.06195223178584314,0.21825933782457163,0.12962962962962962,0.9074074074074074,0.3429677625454099,0.3888888888888889,0.3774086073030192,39.25,0.15884100984110341,0.443240668543786,-1.0657087817229505,0.46796556602851846,1.0,0.626275088424808,0.5740740740740741,False,0.3774086073030192,0.6225913926969808,False
FSMI_nm,6047,6080,3.486930250089525,2.8228460649171496,0.6640841851723756,0.08580241758600016,0.1396542351602324,0.23072931292806964,0.21724391354244746,0.5967058275140875,0.6851851851851852,0.9444444444444444,0.804437282554573,0.6851851851851852,0.7149982095275322,39.5,0.26172911896117623,0.7079754851847606,0.4846979751923648,0.8956006150755634,0.6158831806761632,0.4083622564426018,0.7962962962962963,False,0.7149982095275322,0.28500179047246776,False
FSMI_nm,6047,6081,0.8928726233487373,3.2278423609221085,2.3349697375733713,0.027539020375629608,0.12756575792673666,0.148565769334118,0.18557728847638533,0.6834878552644188,0.3888888888888889,0.7962962962962963,0.5564807111598785,0.8703703703703703,0.7918979555677474,37.75,0.06418097661682083,0.1786987572651887,-1.0230452518621669,-1.3767128134494135,1.0,1.0,0.16666666666666666,False,0.7918979555677474,0.20810204443225255,False
FSMI_nm,6047,6082,1.5697987651446832,2.556179637868702,0.9863808727240189,0.1547610730458211,0.11656724047912001,0.40455278906364833,0.32858216240315413,1.2988956891217205,0.8703703703703703,0.6111111111111112,0.7293099506487117,0.6481481481481481,0.668438598773289,32.0,0.14867135402748946,0.4018520877268783,0.6433741807086721,-0.5397888951841845,0.5255162423821274,1.0,0.46296296296296297,False,0.668438598773289,0.33156140122671096,False
FSMI_nm,6047,6084,1.3458682689199004,2.2593856686369764,0.913517399717076,0.10479489441696721,0.2371767724886684,0.22374955752856707,0.27153673451073423,0.9632206071329656,0.7592592592592593,0.5370370370370371,0.6385533203543211,0.6111111111111112,0.6179716634219137,31.0,0.029884748067585207,0.09455824551487879,-0.31465633362858686,-0.883686211479977,1.0,1.0,0.05555555555555555,False,0.6179716634219137,0.3820283365780863,False
FSMI_nm,6047,6085,1.86691079236755,3.150345377086127,1.2834345847185769,0.14945469914876464,0.25336039236266933,0.706961687565906,0.5968434105445636,2.3285242623343048,0.8333333333333334,0.5740740740740741,0.6916610887771518,0.8333333333333334,0.7979152721942879,31.25,0.05966075032639049,0.1804697564876554,-1.1255379883315875,-1.1654120913996644,1.0,1.0,0.12962962962962962,False,0.7979152721942879,0.20208472780571207,False
FSMI_nm,6047,6090,2.022297889711494,3.105770433532389,1.083472543820895,0.06886836174819067,0.3989965596292959,0.1478365480392768,0.30907068155636,1.1694066199215882,0.6111111111111112,0.16666666666666666,0.3191423692521127,0.7592592592592593,0.6492300367574726,25.25,0.11810411229949697,0.34319226706235095,-0.8266836715289096,1.3572595007248278,1.0,0.2573651203121729,0.35185185185185186,False,0.6492300367574726,0.3507699632425274,False
FSMI_nm,6047,6094,3.459780024999232,1.9328868427731414,1.5268931822260905,0.04348465963363779,0.17091263783663233,0.16062054944762946,0.17950761474788646,0.6493926079602166,0.5,0.46296296296296297,0.4811252243246881,0.5,0.49528130608117205,30.0,0.02843498084151501,0.08815138526806199,0.313546136683651,-1.3841432070888053,0.7308506592000905,1.0,0.018518518518518517,False,0.49528130608117205,0.504718693918828,False
FSMI_nm,6047,6095,7.857275141594466,4.4994411434178785,3.357833998176588,0.06711896043753462,0.649487452861621,0.22630684541215432,0.4788102067928813,1.7129202104218333,0.5740740740740741,0.3888888888888889,0.47249447489529905,0.9814814814814815,0.854234729834936,28.75,0.3314587776444374,0.8991755395403409,-0.002802319953789309,0.01882764651286559,1.0,0.981348486501552,0.9074074074074074,True,0.9074074074074074,0.09259259259259256,False
FSMI_nm,6047,6099,8.69575314178455,4.125022725374948,4.570730416409602,0.12102341415349027,0.12719483474021065,0.37050930097412177,0.3084727321302113,0.9914040591595965,0.7962962962962963,0.5370370370370371,0.6539423549262806,0.9444444444444444,0.8718189220649034,31.0,0.23677159579012097,0.6451662650981106,0.03374095072996272,-1.7330818775543726,0.9668219267146496,1.0,0.7222222222222222,False,0.8718189220649034,0.1281810779350966,False
FSMI_nm,6047,6101,0.3286650711030523,1.1279639573909794,0.7992988862879271,0.027338838549524347,0.05356365376994292,0.057030139059204274,0.05792724456276015,0.19146960109291578,0.35185185185185186,0.9074074074074074,0.5650424556441614,0.16666666666666666,0.2662606139110404,39.25,0.3260488467246906,0.8833725191029953,-0.2756538750553807,0.9297738926948145,1.0,0.39464293193424765,0.8703703703703703,False,0.2662606139110404,0.7337393860889596,False
FSMI_nm,6047,N6342,0.7560989711345802,1.599959995709646,0.8438610245750657,0.01613892947971851,0.22969617430710842,0.06773067797949825,0.16419138777914727,0.524735648809675,0.2777777777777778,0.05555555555555555,0.12422599874998831,0.35185185185185186,0.29494538857638597,21.0,0.15239979879052795,0.4366713145790634,1.6443848619533032,-0.28952978981030175,0.19313132868959215,1.0,0.5370370370370371,False,0.29494538857638597,0.705054611423614,False
FSMI_nm,6047,N6358,0.8146778778150339,1.814358389099276,0.9996805112842422,0.03876516824970144,0.1146093844430526,0.06789416320557444,0.12446425459881603,0.45905637223692675,0.42592592592592593,0.2777777777777778,0.343966215203828,0.42592592592592593,0.40543599824540144,27.0,0.24318036801275728,0.6622450400651475,0.7366316911481506,1.5314017628096246,0.478723692136459,0.21623234831092358,0.7592592592592593,False,0.40543599824540144,0.5945640017545986,False
FSMI_nm,6047,N6382,1.0237676864754848,1.240447202102317,0.2166795156268322,0.04227829140868189,0.035096305034284174,0.04654884943275877,0.046690898691571205,0.17285082564361964,0.46296296296296297,0.018518518518518517,0.09259259259259259,0.24074074074074073,0.2037037037037037,19.5,0.07630864131294901,0.2096867852437066,1.1039569403602856,0.7593370015690194,0.33155653518245914,0.4679765919253037,0.2037037037037037,False,0.20370370370370372,0.7962962962962963,False
FSMI_nm,6047,N6389,1.7659275986645624,1.8492327038101626,0.08330510514560019,0.0560453205106306,0.12562224349240622,0.1760789289214028,0.2313665523981953,0.7984715998150094,0.5370370370370371,0.09259259259259259,0.2229924921998573,0.46296296296296297,0.40297034527218656,23.5,0.15020482708650107,0.40186828820563225,3.3212750052265205,1.7378021492329108,0.03610676607783597,0.17590659250474125,0.5,False,0.40297034527218656,0.5970296547278134,False
FSMI_nm,6047,N6390,1.7769079672453123,1.0770061006281626,0.6999018666171497,0.08097011896983863,0.2817900285937425,0.17433985761850607,0.24652348469119392,0.8749510890512857,0.6481481481481481,0.12962962962962962,0.2898606637499727,0.12962962962962962,0.1696873881597154,25.0,0.1824298564863092,0.4983131365612743,4.319168082036509,0.6249907233846423,0.01331095255809316,0.5352663939564096,0.6481481481481481,False,0.1696873881597154,0.8303126118402846,False
FSMI_nm,6048,6022,1.2832086750870029,0.9915453291174873,0.2916633459695156,1.299834185129498,0.544428670484791,1.0469018264623355,0.8505855774252841,2.42752283892844,0.9814814814814815,0.2777777777777778,0.5221434140693216,0.09259259259259259,0.19998029796177486,27.0,0.3157639670525311,0.9729150454327442,4.382465970790272,50.54104027047439,0.01249450950471987,1.1228069724850458e-22,0.9444444444444444,True,0.9444444444444444,0.05555555555555558,False
FSMI_nm,6048,6028,4.415429811910861,3.423001205465098,0.9924286064457628,0.24110589345065936,0.2740213933033444,1.1124128072234327,0.9108118745198245,3.516173906763365,0.9444444444444444,0.42592592592592593,0.6342423625756929,0.8703703703703703,0.811338368421701,30.0,0.1397437866935902,0.3757958785323452,-0.5475644517317646,0.15302825417168842,1.0,0.8581054764094213,0.42592592592592593,False,0.811338368421701,0.18866163157829896,False
FSMI_nm,6048,6029,2.0210013039871706,1.252581440411074,0.7684198635760966,0.010357498302689505,0.2442469238881613,0.06575826252026873,0.1756476807481067,0.6735604840139717,0.24074074074074073,0.6481481481481481,0.39501350014262115,0.2037037037037037,0.2515311528134331,33.5,0.15102982420244104,0.4837025436474379,-0.840962369788872,60.118683537726376,1.0,7.776559160807152e-27,0.5370370370370371,False,0.2515311528134331,0.7484688471865669,False
FSMI_nm,6048,6033,1.8207478300807216,1.9313126476489249,0.11056481756820324,0.005771175894246694,0.18324321733483023,0.20429192270436639,0.23011554334928666,0.9418284684837182,0.16666666666666666,0.9814814814814815,0.4044505494044732,0.5370370370370371,0.5038904151288961,40.25,0.13309785003992175,0.3819979244200835,-0.7271480775742374,1.5556504146646966,1.0,0.21105206663048756,0.3888888888888889,False,0.5038904151288961,0.4961095848711039,False
FSMI_nm,6048,6047,2.946053864791246,2.0075090044694055,0.9385448603218407,0.036184288474249815,0.12227620417331615,0.09147794027605957,0.12134035240715735,0.5120055719358649,0.3888888888888889,0.5740740740740741,0.47249447489529905,0.5740740740740741,0.5486791742793804,31.5,0.012723542156360462,0.040452388499611525,-0.7709703423866306,-1.642862156943185,1.0,1.0,0.018518518518518517,False,0.5486791742793804,0.4513208257206196,False
FSMI_nm,6048,6056,2.284561920801109,1.4489341312923958,0.8356277895087134,0.0,0.13956236711583966,0.35177925441989083,0.3205228778482758,1.0868114473963637,0.09259259259259259,0.6851851851851852,0.2518790834951008,0.2777777777777778,0.27130310420710857,34.5,0.19038431637812966,0.5305832165848011,-0.6448534327984125,-0.25580001648642764,1.0,1.0,0.6851851851851852,False,0.27130310420710857,0.7286968957928914,False
FSMI_nm,6048,6057,3.4970517461895976,0.8119410089307396,2.685110737258858,0.008055820912572953,0.04784395100099733,0.028089172508216364,0.03929763231536323,0.12320115630418149,0.2037037037037037,0.8333333333333334,0.41201102706087017,0.05555555555555555,0.14466942343188421,39.0,0.18837978908442587,0.5009908065308111,-0.4901044115294286,0.03782591638903495,1.0,0.9628805480246769,0.6481481481481481,False,0.14466942343188416,0.8553305765681158,False
FSMI_nm,6048,6062,2.9196668297119017,4.2781198913462575,1.3584530616343558,0.0,0.8426222399788068,0.3398536165196019,0.6352047754152378,2.2519124175516123,0.09259259259259259,0.7592592592592593,0.26514483450511767,0.9074074074074074,0.746841764181835,37.5,0.40791630202323004,1.1317602876685158,-0.776200377226582,0.32668067576924004,1.0,0.7213140393057967,0.9814814814814815,True,0.9814814814814815,0.01851851851851849,False
FSMI_nm,6048,6063,4.4421744453751355,3.130878615768998,1.3112958296061374,0.013110170941109889,0.4508082915964856,0.6289002260085076,0.5850669583672592,2.032555615756909,0.2777777777777778,0.2777777777777778,0.2777777777777778,0.7592592592592593,0.6388888888888888,27.0,0.0822476550376557,0.25181674976912327,0.004226458999901799,2.8307336138329724,0.9957824599083794,0.0589695768998321,0.2037037037037037,False,0.6388888888888888,0.36111111111111116,False
FSMI_nm,6048,6070,2.307992993047587,1.513880406974381,0.7941125860732059,0.11200831558591107,0.1090932288580571,0.06892337841094057,0.08995781330912363,0.2826715097831345,0.7592592592592593,0.3148148148148148,0.4889029178682995,0.3148148148148148,0.358336840578186,27.5,0.1180489274358293,0.32326300403584607,-0.394883567779699,-0.3440932459189431,1.0,1.0,0.3148148148148148,False,0.35833684057818593,0.6416631594218141,False
FSMI_nm,6048,6072,1.4268834691757484,0.7819819771661564,0.644901492009592,0.00011609008822921485,0.025105005374594484,0.05674717970720601,0.06128398184624488,0.20103714940836304,0.12962962962962962,0.7592592592592593,0.313723599001804,0.018518518518518517,0.0923197886393399,37.5,0.3151622372054822,0.8624957124020076,1.3308085786944135,-0.15413600288391147,0.2642634970554335,1.0,0.9074074074074074,True,0.9074074074074074,0.09259259259259256,False
FSMI_nm,6048,6078,1.3924063210314295,1.6316555635642995,0.23924924253287005,0.0,0.0364530094943493,0.06176456710557205,0.0591841552735803,0.2019404015902475,0.09259259259259259,0.9074074074074074,0.2898606637499727,0.35185185185185186,0.3363540548263821,39.25,0.1666723974914215,0.455437636158157,-0.9222252298012653,0.31595222798874556,1.0,0.7290942796358126,0.5740740740740741,False,0.33635405482638214,0.6636459451736179,False
FSMI_nm,6048,6080,3.486930250089525,3.053415114195676,0.4335151358938494,0.15708041219639401,0.16651439334681847,0.250780508831415,0.24142404874240833,0.7282460315132098,0.9074074074074074,0.9444444444444444,0.9257407222185176,0.6851851851851852,0.7453240694435184,39.5,0.2673360598592041,0.7416584283083879,1.0533633779557374,1.1955442524070006,0.3487627532851039,0.30253925165041085,0.7592592592592593,False,0.7453240694435184,0.25467593055648163,False
FSMI_nm,6048,6081,0.8928726233487373,3.222476567719813,2.3296039443710757,0.023985007274643255,0.1262452776518847,0.16292887168338302,0.18866180877095534,0.7022289665468495,0.35185185185185186,0.7962962962962963,0.5293187380724612,0.7962962962962963,0.7295519067403375,37.75,0.04444700710931517,0.1249281085309063,-0.8132875885682613,-1.1977818516691938,1.0,1.0,0.16666666666666666,False,0.7295519067403375,0.27044809325966246,False
FSMI_nm,6048,6082,1.5697987651446832,2.7651080857190133,1.1953093205743301,0.1406120279201839,0.16319489357901532,0.4503564385498369,0.37183683834422004,1.4781032682125346,0.8333333333333334,0.6111111111111112,0.7136240321480628,0.6481481481481481,0.6645171191481268,32.0,0.14923130146646107,0.4025120555634263,1.2832326385730382,-0.23082972808187624,0.27713995752511944,1.0,0.5,False,0.6645171191481268,0.33548288085187317,False
FSMI_nm,6048,6084,1.3458682689199004,2.2994473444037644,0.953579075483864,0.11887315084118377,0.24551823253425742,0.23732103392323195,0.28121911346138084,0.9884483325596507,0.7962962962962963,0.5,0.6309898162000304,0.6111111111111112,0.6160807873833409,31.0,0.023811965885837217,0.0742342432956502,-0.39274909529188157,-1.3888860269824264,1.0,1.0,0.09259259259259259,False,0.6160807873833409,0.38391921261665907,False
FSMI_nm,6048,6085,1.86691079236755,3.2537348936701185,1.3868241013025684,0.09654191383332345,0.26170312757517233,0.721595840619859,0.6085045833670134,2.3781991368843114,0.6851851851851852,0.5370370370370371,0.6066051612651556,0.8333333333333334,0.7766512903162889,31.25,0.04011838036438392,0.12111459485095322,-1.1162579805695214,-0.5655966211203275,1.0,1.0,0.12962962962962962,False,0.7766512903162889,0.22334870968371112,False
FSMI_nm,6048,6090,2.022297889711494,3.0923183595815003,1.0700204698700064,0.07930683673672512,0.39143517606388273,0.1365344708078864,0.29947469204364613,1.1249750988387572,0.6481481481481481,0.16666666666666666,0.32867109906108977,0.7222222222222222,0.6238344414319391,25.25,0.10339100700370284,0.2948640056393147,-0.5370149425113288,1.386084045394324,1.0,0.25005258446086737,0.2777777777777778,False,0.6238344414319391,0.3761655585680609,False
FSMI_nm,6048,6094,3.459780024999232,1.877393685313188,1.5823863396860438,0.0407428550587936,0.1642790357386671,0.15617617799199543,0.17341660706641646,0.6313770089325259,0.5370370370370371,0.42592592592592593,0.47826561370907256,0.5,0.49456640342726815,30.0,0.0234272114131325,0.07326716749433693,0.8658569905234137,-1.0792565681211246,0.42069087000971833,1.0,0.05555555555555555,False,0.4945664034272681,0.5054335965727319,False
FSMI_nm,6048,6095,7.857275141594466,4.28237767885893,3.574897462735536,0.09657818496923909,0.6410495105894811,0.22739824228938432,0.47561017670567896,1.7111951009299107,0.7222222222222222,0.35185185185185186,0.5040984292154148,0.9444444444444444,0.8343579406371869,28.75,0.2991696037856347,0.8034166002581162,0.20352552052525727,0.003010166703640813,0.8158493831522023,0.9969943593056646,0.8703703703703703,False,0.8343579406371869,0.16564205936281307,False
FSMI_nm,6048,6099,8.69575314178455,4.301371812438352,4.394381329346198,0.1416439249988688,0.12087922852629528,0.3986786938092088,0.32942057944246217,1.0655770350116511,0.8703703703703703,0.5,0.6596856715021066,0.9814814814814815,0.9010325289866378,31.0,0.24120475472021927,0.651709294985274,0.3882755693917981,-1.3386488088789446,0.6782254193437209,1.0,0.7222222222222222,False,0.9010325289866378,0.09896747101336223,False
FSMI_nm,6048,6101,0.3286650711030523,1.2936834028663777,0.9650183317633254,0.038961012897825054,0.054355581110334734,0.05730987348340765,0.058361186454416424,0.19462363497712087,0.5,0.9074074074074074,0.6735753140545634,0.24074074074074073,0.3489493840691964,39.25,0.29424054246871395,0.7817830098252248,-0.20776807249123633,0.5173339014614157,1.0,0.5961077131635558,0.8333333333333334,False,0.3489493840691964,0.6510506159308036,False
FSMI_nm,6048,N6342,0.7560989711345802,1.6377688630391347,0.8816698919045545,0.020821016970116624,0.21317604407384133,0.06837489592808757,0.15487483098383648,0.5187805578017091,0.3148148148148148,0.05555555555555555,0.13224867460264536,0.3888888888888889,0.32472883531732805,21.0,0.14447059673270832,0.41468124246909377,1.896143960745397,-0.130060952903011,0.1501464750910571,1.0,0.46296296296296297,False,0.3247288353173281,0.6752711646826719,False
FSMI_nm,6048,N6358,0.8146778778150339,1.7696778597293867,0.9549999819143529,0.03887522247794584,0.1109024519928664,0.068240860238204,0.12190816830040309,0.4470253012789813,0.46296296296296297,0.2777777777777778,0.35860956909327935,0.42592592592592593,0.40909683671776426,27.0,0.2708730126691064,0.7781821919926124,1.3866625090722475,2.8277072878440155,0.2499079799514463,0.05914830837640661,0.7962962962962963,False,0.4090968367177643,0.5909031632822357,False
FSMI_nm,6048,N6382,1.0237676864754848,1.2075084663121791,0.18374077983669435,0.0370584510150731,0.032932319879466675,0.043107419409837394,0.04344565048800987,0.16124721379763796,0.42592592592592593,0.018518518518518517,0.08881169487616147,0.16666666666666666,0.14720292371904037,19.5,0.08346365557969239,0.23484688045198843,1.768709242371685,0.6731518293237844,0.17055298938324423,0.5100982986813407,0.24074074074074073,False,0.14720292371904042,0.8527970762809596,False
FSMI_nm,6048,N6389,1.7659275986645624,1.8164417059448155,0.05051410728025307,0.04388571615789538,0.11879204431833155,0.1622482748114041,0.21591958304636338,0.7399724720062633,0.5740740740740741,0.09259259259259259,0.2305536962590506,0.46296296296296297,0.40486064628698487,23.5,0.12746452840352365,0.3520372573821854,4.744567026530993,1.3533793404206906,0.008698827552087328,0.25836567814272915,0.35185185185185186,False,0.4048606462869848,0.5951393537130152,False
FSMI_nm,6048,N6390,1.7769079672453123,1.04692636670742,0.7299816005378923,0.07869693875059114,0.27033564369596963,0.16313820647794713,0.23404395040621234,0.8275419681811758,0.6111111111111112,0.12962962962962962,0.2814571139550123,0.12962962962962962,0.16758650071097528,25.0,0.18410492614453233,0.4926457429569666,6.450017009633145,0.5497649070421199,0.0015804952848625928,0.5770854631628396,0.6111111111111112,False,0.16758650071097525,0.8324134992890247,False
FSMI_nm,6056,6022,1.2832086750870029,0.5654276258011428,0.7177810492858601,1.1144682055946085,0.45559708670115473,0.911354051849026,0.7419649647062806,2.1109340817242064,0.9814814814814815,0.2777777777777778,0.5221434140693216,0.018518518518518517,0.1444247424062193,27.0,0.5085125862961424,1.5551655970689167,3.6261551007105397,46.86317346890349,0.026618332716624737,4.442038905423972e-21,0.9814814814814815,True,0.9814814814814815,0.01851851851851849,False
FSMI_nm,6056,6028,4.415429811910861,3.1389240355875967,1.2765057763232641,0.2336460859205678,0.2451241407475623,0.8949187653626716,0.7307604211598556,2.7037903607882976,0.9074074074074074,0.46296296296296297,0.6481481481481481,0.7222222222222222,0.7037037037037037,30.0,0.1342552168651195,0.36365595019468666,-0.9420109874623471,0.08687380906792996,1.0,0.9167927792692169,0.46296296296296297,False,0.7037037037037037,0.2962962962962963,False
FSMI_nm,6056,6029,2.0210013039871706,1.2649843333524304,0.7560169706347402,0.022695111473260088,0.26769192624578325,0.05220494646177663,0.18705606567687288,0.7396330615463369,0.42592592592592593,0.6851851851851852,0.5402204498449934,0.24074074074074073,0.31561066801680393,33.5,0.11901888601008362,0.33843171069190137,-0.6677447171583667,58.85142633041313,1.0,2.7615333510383404e-26,0.3888888888888889,False,0.31561066801680393,0.6843893319831961,False
FSMI_nm,6056,6033,1.8207478300807216,1.9790152331600352,0.15826740307931364,0.0,0.190638459954286,0.22089685335071044,0.24655278428923166,1.0062440812054096,0.09259259259259259,0.9814814814814815,0.30145964066851305,0.5,0.45036491016712826,40.25,0.07224921386536795,0.203494781683349,-1.079277275276585,0.8905281788930021,1.0,0.41043891032229024,0.24074074074074073,False,0.4503649101671283,0.5496350898328717,False
FSMI_nm,6056,6047,2.946053864791246,2.138803695342284,0.8072501694489622,0.0,0.11806646070632808,0.08419212897895541,0.12613604383805166,0.5326960541780965,0.09259259259259259,0.6111111111111112,0.23787467738268758,0.5740740740740741,0.4900242249012275,31.5,0.030354427297588346,0.08842514076588837,-0.8778812795922559,-1.8299330550983812,1.0,1.0,0.09259259259259259,False,0.49002422490122743,0.5099757750987726,False
FSMI_nm,6056,6048,1.599313301289055,2.023350121241511,0.4240368199524558,0.27945497091185034,0.2474559499664228,0.3511152371891185,0.3238483291432855,0.9703222394027256,0.9444444444444444,0.3148148148148148,0.5452752542346465,0.5370370370370371,0.5390965913364394,27.25,0.12329879325155986,0.35992012738527757,0.21112276113447256,-0.2404804490061526,0.8096746641996773,1.0,0.42592592592592593,False,0.5390965913364394,0.4609034086635606,False
FSMI_nm,6056,6057,3.4970517461895976,0.7896392958789129,2.7074124503106844,0.012069902137154864,0.05160349855238296,0.028305163796285962,0.041542212903250615,0.13394218048361772,0.2777777777777778,0.8333333333333334,0.4811252243246882,0.05555555555555555,0.1619479727478387,39.0,0.21705819050063663,0.5845784420586856,-0.6793603487027889,-0.03280974162646484,1.0,1.0,0.7222222222222222,False,0.16194797274783868,0.8380520272521613,False
FSMI_nm,6056,6062,2.9196668297119017,4.166867952610857,1.247201122898955,0.006427956409216229,0.7649647158627549,0.2726003674921828,0.5738056595505617,2.0226482604772476,0.2037037037037037,0.7592592592592593,0.3932733441036167,0.9444444444444444,0.8066516693592374,37.5,0.4340329813403965,1.1951893656971133,-1.073451120661196,0.20575883177154594,1.0,0.8140293706332141,0.9444444444444444,True,0.9444444444444444,0.05555555555555558,False
FSMI_nm,6056,6063,4.4421744453751355,3.30580384741633,1.1363705979588055,0.020607240076567557,0.44845744064748133,0.6887542605308061,0.6245419082635181,2.1820163320703037,0.35185185185185186,0.2777777777777778,0.3126285743728543,0.8703703703703703,0.7309349213709914,27.0,0.05443160869426248,0.16042394589487707,-0.41622381655572166,2.0973237797772204,1.0,0.12278458754008151,0.16666666666666666,False,0.7309349213709914,0.26906507862900864,False
FSMI_nm,6056,6070,2.307992993047587,1.4522748570902557,0.8557181359573311,0.1102865250444578,0.10737194924600246,0.053480830842187556,0.08152005538959278,0.2605198338253627,0.7592592592592593,0.35185185185185186,0.5168624347019579,0.2777777777777778,0.3375489420088228,27.5,0.11712591662409104,0.3208086010188251,-0.3963327874777801,-0.44264075292516436,1.0,1.0,0.35185185185185186,False,0.3375489420088228,0.6624510579911772,False
FSMI_nm,6056,6072,1.4268834691757484,0.8270961546175617,0.5997873145581867,0.0012209301098721204,0.026849733955770876,0.05847579970250652,0.06129955273934223,0.19884790990783885,0.12962962962962962,0.7592592592592593,0.313723599001804,0.09259259259259259,0.14787534419489545,37.5,0.3120039797186059,0.86466121764041,0.6720464587890516,0.08984321553547371,0.5106624580556521,0.9140744867161514,0.8333333333333334,False,0.14787534419489545,0.8521246558051045,False
FSMI_nm,6056,6078,1.3924063210314295,1.6851446108939458,0.2927382898625164,0.0,0.05652620482946477,0.059965960135203646,0.06408989129723561,0.21889852279132604,0.09259259259259259,0.9074074074074074,0.2898606637499727,0.35185185185185186,0.3363540548263821,39.25,0.18282741750045017,0.5037848434367697,-1.0407479579101686,0.3459975728048496,1.0,0.7075142043794633,0.5740740740740741,False,0.33635405482638214,0.6636459451736179,False
FSMI_nm,6056,6080,3.486930250089525,2.6053857322934535,0.8815445177960717,0.03535501586832179,0.12336466851636996,0.20972517593355489,0.19660711722359311,0.5050746550979395,0.5,0.9444444444444444,0.6871842709362768,0.6851851851851852,0.6856849566229581,39.5,0.23852155438792022,0.6783355835746205,0.5259525951246381,1.3585906782754906,0.5909921199253126,0.25702274957037013,0.7592592592592593,False,0.6856849566229581,0.31431504337704186,False
FSMI_nm,6056,6081,0.8928726233487373,3.1471060660702053,2.254233442721468,0.005629576572247164,0.12434798914197166,0.12768716899422625,0.17253137259832513,0.596416999641252,0.16666666666666666,0.7962962962962963,0.364302140239,0.7592592592592593,0.6605199795041944,37.75,0.03769975412989421,0.10906209043593917,-1.0662665356521148,-1.245551123001837,1.0,1.0,0.12962962962962962,False,0.6605199795041944,0.3394800204958056,False
FSMI_nm,6056,6082,1.5697987651446832,2.3887309360113447,0.8189321708666615,0.1654906516846757,0.09540522726942068,0.3766262812132868,0.30399275623914673,1.191364526646982,0.8333333333333334,0.6481481481481481,0.7349309197401641,0.6481481481481481,0.6698438410461521,32.0,0.11666210057084031,0.3094537861984394,0.6415429166205933,-0.41736852429443344,0.5264794831093921,1.0,0.3148148148148148,False,0.6698438410461521,0.33015615895384787,False
FSMI_nm,6056,6084,1.3458682689199004,2.256863188592766,0.9109949196728655,0.08676673741380014,0.2331013207981637,0.21389900803371262,0.26671230638113214,0.9630198055225658,0.6851851851851852,0.5370370370370371,0.6066051612651556,0.6111111111111112,0.6099846236496222,31.0,0.019066495079923595,0.05411551340463705,-0.6290796993417129,-1.4375670918826893,1.0,1.0,0.018518518518518517,False,0.6099846236496222,0.39001537635037775,False
FSMI_nm,6056,6085,1.86691079236755,3.282364098902194,1.4154533065346437,0.22542799863297258,0.258586441869406,0.7438832486206782,0.6270855565355065,2.4415026178162837,0.8703703703703703,0.5740740740740741,0.7068642475552709,0.8333333333333334,0.8017160618888177,31.25,0.06469051653519949,0.19571434688139122,-1.3453080006989475,-1.0749191620017848,1.0,1.0,0.2037037037037037,False,0.8017160618888177,0.19828393811118228,False
FSMI_nm,6056,6090,2.022297889711494,3.2052189139022578,1.182921024190764,0.053982273831648886,0.42727306278417604,0.16489006114372814,0.33305728871824686,1.2957964261025254,0.5740740740740741,0.16666666666666666,0.30932024237944566,0.7962962962962963,0.6745522828170836,25.25,0.1381143550947448,0.3716128506749403,-0.8447478797301959,1.4533454960545478,1.0,0.23378684535347732,0.5,False,0.6745522828170836,0.32544771718291643,False
FSMI_nm,6056,6094,3.459780024999232,1.944374307511725,1.5154057174875069,0.04233913252263166,0.16961255655404792,0.16443449274714586,0.18087076691140858,0.6486243251556416,0.5370370370370371,0.46296296296296297,0.4986263710309726,0.46296296296296297,0.47187881497996537,30.0,0.027819428319867282,0.08360796630162948,0.19473343658653075,-1.3467538180901693,0.82305402490748,1.0,0.05555555555555555,False,0.4718788149799653,0.5281211850200347,False
FSMI_nm,6056,6095,7.857275141594466,4.8327956389342805,3.024479502660186,0.021198338198755273,0.6769525055568979,0.22646888789249706,0.49407639646884993,1.7789054082804223,0.3888888888888889,0.3888888888888889,0.3888888888888889,0.9814814814814815,0.8333333333333334,28.75,0.3353152757413008,0.9038228778347032,-0.19485399465327347,-0.08382983006044459,1.0,1.0,0.8703703703703703,False,0.8333333333333334,0.16666666666666663,False
FSMI_nm,6056,6099,8.69575314178455,3.9729542593860447,4.722798882398505,0.1166627279712058,0.1452640435849042,0.36442384162587577,0.30449543586308325,0.988881281452195,0.7962962962962963,0.5370370370370371,0.6539423549262806,0.9074074074074074,0.8440411442871257,31.0,0.21674472717725976,0.5892424684962316,-0.10471634967476379,-1.548904994650876,1.0,1.0,0.6851851851851852,False,0.8440411442871257,0.15595885571287427,False
FSMI_nm,6056,6101,0.3286650711030523,1.1192791166604548,0.7906140455574024,0.018266933647728356,0.0564191807986878,0.059184598814448444,0.06055812977468602,0.19661312902746686,0.3148148148148148,0.9074074074074074,0.5344766551726597,0.16666666666666666,0.25861916379316496,39.25,0.3574865467479957,0.9559114755060455,-0.12582099963620882,0.5046039198371558,1.0,0.6037446593587087,0.9074074074074074,True,0.9074074074074074,0.09259259259259256,False
FSMI_nm,6056,N6342,0.7560989711345802,1.5107710355994266,0.7546720644648464,0.00997126424275585,0.24514788442593802,0.060621226656652816,0.17185000067803957,0.6138611682002915,0.24074074074074073,0.05555555555555555,0.11564811108145182,0.3148148148148148,0.26502313888147405,21.0,0.18471917584892153,0.526123731816315,1.5678637531687944,-0.21800970726004965,0.20849009326914356,1.0,0.6481481481481481,False,0.2650231388814741,0.7349768611185259,False
FSMI_nm,6056,N6358,0.8146778778150339,1.8934917958914805,1.0788139180764467,0.02624400813659733,0.11900497540277241,0.06919245148590455,0.12801269074466937,0.4792225339041458,0.46296296296296297,0.2777777777777778,0.35860956909327935,0.3888888888888889,0.3813190589399865,27.0,0.2749192570051274,0.768289679193493,0.5878954818593362,1.6201989047252359,0.5554951049795185,0.19785934001173136,0.7962962962962963,False,0.3813190589399865,0.6186809410600135,False
FSMI_nm,6056,N6382,1.0237676864754848,1.21427467474305,0.19050698826756518,0.05940980874014756,0.03439474002533091,0.05270392438985613,0.049508767578986895,0.1732555672412308,0.6111111111111112,0.018518518518518517,0.10638078975070424,0.2037037037037037,0.1793729752154538,19.5,0.07505317048108286,0.212463118594151,1.1149621224439834,0.6141871822743712,0.3279276997641683,0.5410805164539495,0.2777777777777778,False,0.1793729752154538,0.8206270247845462,False
FSMI_nm,6056,N6389,1.7659275986645624,1.9244549318809274,0.15852733321636503,0.06383315715539739,0.13448483607545483,0.19248260328242767,0.249749663237936,0.8735614703329913,0.6481481481481481,0.09259259259259259,0.24497697324672135,0.42592592592592593,0.38068868775612474,23.5,0.17125891596933726,0.4743908496026794,3.4034665489412332,1.5733351276603251,0.03325778017782425,0.20735248088075195,0.5370370370370371,False,0.38068868775612474,0.6193113122438753,False
FSMI_nm,6056,N6390,1.7769079672453123,1.0901488295581854,0.6867591376871269,0.09149187787061219,0.27938045694531877,0.18526124913622985,0.24833778888062996,0.876693519797277,0.7222222222222222,0.12962962962962962,0.30597614151589453,0.12962962962962962,0.17371625760119586,25.0,0.18331888856472195,0.496587386898522,4.411092535502192,0.6780818584528107,0.012141905617828843,0.5075896880529296,0.6111111111111112,False,0.1737162576011959,0.8262837423988041,False
FSMI_nm,6057,6022,1.2832086750870029,0.7075927082515914,0.5756159668354115,1.1447140633977195,0.47805704315548697,0.9226459017325422,0.7508149610057466,2.12239900668367,0.9814814814814815,0.2777777777777778,0.5221434140693216,0.05555555555555555,0.17220252018399707,27.0,0.4483318036517254,1.3113685635918244,3.7620426748426863,53.23948517595681,0.02323622780707366,7.557625517731556e-24,0.9814814814814815,True,0.9814814814814815,0.01851851851851849,False
FSMI_nm,6057,6028,4.415429811910861,3.628802763056124,0.7866270488547369,0.3092153975520793,0.3463425666645725,1.1888636122402887,0.9803772627555384,3.6555107000105638,0.9074074074074074,0.46296296296296297,0.6481481481481481,0.8703703703703703,0.8148148148148149,30.0,0.21580358910774947,0.5775967755036915,-0.8048733606596714,0.2704405497111221,1.0,0.7630432617901604,0.6481481481481481,False,0.8148148148148149,0.18518518518518512,False
FSMI_nm,6057,6029,2.0210013039871706,1.128543338871805,0.8924579651153657,0.004723547438876929,0.2632518032608371,0.06279596043784362,0.189223656932236,0.7182910788704664,0.2037037037037037,0.6851851851851852,0.37359705558948175,0.16666666666666666,0.21839926389737044,33.5,0.07156010074528782,0.23009362516033158,-0.9287874330036852,73.52527557056784,1.0,1.1705191931885696e-32,0.2777777777777778,False,0.2183992638973704,0.7816007361026296,False
FSMI_nm,6057,6033,1.8207478300807216,1.6825497511967025,0.13819807888401914,0.01402250864231247,0.21229366542326308,0.19387503955538452,0.23792185975676944,0.9882474264384375,0.2777777777777778,0.9814814814814815,0.5221434140693216,0.46296296296296297,0.47775807573955265,40.25,0.1525147785377643,0.41422909626932847,-0.7537583215748288,0.9297043691246267,1.0,0.39467036987360576,0.5370370370370371,False,0.47775807573955265,0.5222419242604474,False
FSMI_nm,6057,6047,2.946053864791246,1.8860763426276101,1.059977522163636,0.029337053472962005,0.13497381042044548,0.09131630480024583,0.12826322283408972,0.5334361154439389,0.35185185185185186,0.6111111111111112,0.4637031120573672,0.5370370370370371,0.5187035557921196,31.5,0.01602561058637171,0.050871109944572335,-0.8422105518804711,-1.8817895901279715,1.0,1.0,0.05555555555555555,False,0.5187035557921196,0.4812964442078804,False
FSMI_nm,6057,6048,1.599313301289055,2.550402464750383,0.9510891634613281,0.38560871091546733,0.37234005360489947,0.5111941178441918,0.47161045370946836,1.4373403840955277,0.9444444444444444,0.3148148148148148,0.5452752542346465,0.6111111111111112,0.594652146891995,27.25,0.05248352641667357,0.16103828560712485,-0.0013238673245098424,-0.26635832819789557,1.0,1.0,0.2037037037037037,False,0.594652146891995,0.40534785310800503,False
FSMI_nm,6057,6056,2.284561920801109,1.413475822406523,0.8710860983945863,0.0,0.15603218106975997,0.38273238753183003,0.34944366857688886,1.173615271264825,0.09259259259259259,0.7222222222222222,0.258597037847573,0.3148148148148148,0.30076037057300437,34.5,0.14700325972382305,0.4111872396730749,-0.7999792047932743,-0.35254506853723616,1.0,1.0,0.46296296296296297,False,0.3007603705730044,0.6992396294269956,False
FSMI_nm,6057,6062,2.9196668297119017,4.442238968889955,1.522572139178053,0.0,0.9300669929517134,0.36543919633310945,0.6972008237119778,2.4826926707831443,0.09259259259259259,0.7962962962962963,0.2715347833076885,0.9814814814814815,0.8039948069380333,37.5,0.4436791739944565,1.215852304972076,-0.8720836665149603,0.2877474805198749,1.0,0.7499509455532253,0.9444444444444444,True,0.9444444444444444,0.05555555555555558,False
FSMI_nm,6057,6063,4.4421744453751355,3.206791328533644,1.2353831168414917,0.0018724004056611676,0.5174681650625091,0.684254763341501,0.6461593803427842,2.201837642341273,0.12962962962962962,0.2777777777777778,0.18975834751777035,0.7592592592592593,0.616884031323887,27.0,0.02468325466488773,0.07385269720083332,-0.18638568684701115,2.130896926131033,1.0,0.11873075336482826,0.16666666666666666,False,0.616884031323887,0.383115968676113,False
FSMI_nm,6057,6070,2.307992993047587,1.3183359483115389,0.989657044736048,0.11319120590406473,0.11901973966386242,0.06510464552552855,0.09434026711490645,0.31186804430814363,0.6851851851851852,0.35185185185185186,0.4910027253171427,0.2777777777777778,0.331084014662619,27.5,0.15162694465230445,0.41227159266948515,-0.4994266907849311,-0.4183524142903664,1.0,1.0,0.5,False,0.33108401466261905,0.668915985337381,False
FSMI_nm,6057,6072,1.4268834691757484,0.5934129310756977,0.8334705381000507,0.004271841187504011,0.0152304355532515,0.045874110057024395,0.048197951408075694,0.15844823074292458,0.16666666666666666,0.7962962962962963,0.364302140239,0.018518518518518517,0.10496442394863889,37.5,0.3710141137384503,1.0079561189700936,0.8673741239158237,-0.25371046591810126,0.4200531097489659,1.0,0.9074074074074074,True,0.9074074074074074,0.09259259259259256,False
FSMI_nm,6057,6078,1.3924063210314295,1.2747583073819226,0.11764801364950683,0.0,0.042307737956726314,0.056248946127336774,0.057357260234295465,0.20545178643469364,0.09259259259259259,0.9074074074074074,0.2898606637499727,0.24074074074074073,0.2530207214930487,39.25,0.22195395102709556,0.6078912421984357,-0.40659316018763114,0.4361688577696577,1.0,0.6465085487263865,0.6851851851851852,False,0.25302072149304866,0.7469792785069513,False
FSMI_nm,6057,6080,3.486930250089525,3.3982962412534907,0.08863400883603445,0.22518175368060245,0.17062025600090205,0.2789264195065897,0.25696355822868794,0.7494348027938953,0.8703703703703703,0.9444444444444444,0.9066512344365665,0.8333333333333334,0.8516628086091416,39.5,0.3026726539075469,0.8241515958324372,0.5412452818615446,1.0354719284315543,0.5820230181996628,0.35505877904731115,0.7962962962962963,False,0.8516628086091416,0.14833719139085844,False
FSMI_nm,6057,6081,0.8928726233487373,2.5590132281600284,1.6661406048112912,0.03624632764791169,0.10652631346534361,0.12804535125848396,0.16877888008630876,0.6374736795800597,0.42592592592592593,0.8333333333333334,0.5957669608202005,0.6481481481481481,0.6350528513161613,37.75,0.010796715328768757,0.031594753638443995,-0.9083070564323877,-1.4184457413947515,1.0,1.0,0.018518518518518517,False,0.6350528513161613,0.3649471486838387,False
FSMI_nm,6057,6082,1.5697987651446832,2.9031853816659905,1.3333866165213073,0.17455854088040645,0.24505372230932596,0.49611860209326264,0.42439219989012195,1.570807217640655,0.8333333333333334,0.6481481481481481,0.7349309197401641,0.7222222222222222,0.7253993966017076,32.0,0.1760387610880157,0.4730492691741124,0.8061522333142331,-0.2917213803700804,0.44657307362829457,1.0,0.5740740740740741,False,0.7253993966017076,0.2746006033982924,False
FSMI_nm,6057,6084,1.3458682689199004,2.1461477532926017,0.8002794843727012,0.1127182777055804,0.26707733913704357,0.2328350474421788,0.2904684908178665,1.0143304492703824,0.6481481481481481,0.5370370370370371,0.589982678595333,0.5740740740740741,0.5780512252043888,31.0,0.019959886608431576,0.05696879013615708,-0.527348511104344,-1.5044436557285232,1.0,1.0,0.09259259259259259,False,0.5780512252043888,0.4219487747956112,False
FSMI_nm,6057,6085,1.86691079236755,3.2627024530302364,1.3957916606626863,0.12392616469672157,0.29688897588671587,0.7862891175654284,0.6658609801486857,2.5745128118388743,0.7222222222222222,0.5740740740740741,0.6439014315079151,0.7962962962962963,0.758197580099201,31.25,0.05330879935646095,0.16050206064975525,-1.1809263186197287,-0.8704985540410171,1.0,1.0,0.24074074074074073,False,0.758197580099201,0.24180241990079898,False
FSMI_nm,6057,6090,2.022297889711494,2.730018686470423,0.7077207967589292,0.08707265500270456,0.44766893424070336,0.13705138203187417,0.3397427540920958,1.268215312972408,0.6111111111111112,0.16666666666666666,0.3191423692521127,0.6851851851851852,0.5936744812019171,25.25,0.10035267582380034,0.2753435049043861,-0.646988622145545,1.505972832731208,1.0,0.22180141316653,0.35185185185185186,False,0.5936744812019171,0.4063255187980829,False
FSMI_nm,6057,6094,3.459780024999232,1.6303216483650114,1.8294583766342205,0.03640023448711793,0.16439370176473092,0.13060026722006499,0.15784824907974543,0.5762931900796329,0.46296296296296297,0.46296296296296297,0.46296296296296297,0.3888888888888889,0.40740740740740744,30.0,0.020291247583945383,0.06129539268565587,0.32385369754849824,-1.2084633611657092,0.7233560634041007,1.0,0.12962962962962962,False,0.40740740740740744,0.5925925925925926,False
FSMI_nm,6057,6095,7.857275141594466,4.359387474851649,3.497887666742818,0.14380731757600618,0.8101940373633899,0.2504528432436181,0.5864208849923964,2.145343503573901,0.7592592592592593,0.3888888888888889,0.5433852130044893,0.9444444444444444,0.8441796365844556,28.75,0.3137645385234245,0.8425660803563422,-0.008922634876255536,-0.16007662137961387,1.0,1.0,0.8333333333333334,False,0.8441796365844556,0.1558203634155444,False
FSMI_nm,6057,6099,8.69575314178455,4.347827803667323,4.347925338117228,0.15651179534143544,0.14442286937554225,0.4348804571364221,0.3588319317342855,1.1330652068061906,0.7962962962962963,0.5370370370370371,0.6539423549262806,0.9074074074074074,0.8440411442871257,31.0,0.27645214776609367,0.7411668189810958,0.07994229699473052,-1.3652131730206136,0.9231696145108863,1.0,0.7222222222222222,False,0.8440411442871257,0.15595885571287427,False
FSMI_nm,6057,6101,0.3286650711030523,1.027684520290575,0.6990194491875228,0.032876423077326855,0.05227018221981955,0.04500758990581939,0.05003707317942143,0.16963258422821892,0.3888888888888889,0.9074074074074074,0.5940375900868682,0.09259259259259259,0.2179538419661615,39.25,0.35562268859805407,0.9435546943301377,-0.3577968271339602,0.5783824376463051,1.0,0.560804769969431,0.8703703703703703,False,0.21795384196616152,0.7820461580338385,False
FSMI_nm,6057,N6342,0.7560989711345802,1.6816525147547903,0.92555354362021,0.021785124958837443,0.20823857893043393,0.07510147865169037,0.157005006556323,0.5820725119341319,0.3148148148148148,0.05555555555555555,0.13224867460264536,0.42592592592592593,0.3525066130951058,21.0,0.12296214143660136,0.35800288239457106,1.6912597325599328,-0.07830450624889863,0.18428722508863882,1.0,0.42592592592592593,False,0.3525066130951058,0.6474933869048942,False
FSMI_nm,6057,N6358,0.8146778778150339,1.6142724188981379,0.799594541083104,0.010565385664050408,0.08751125036119056,0.06455773550826996,0.10932887003729534,0.3760208397262881,0.24074074074074073,0.2777777777777778,0.258597037847573,0.35185185185185186,0.32853814835078216,27.0,0.3011797779225382,0.8100490471737174,0.776852308407132,1.6063997335900113,0.4598512053724931,0.20060855975739725,0.7592592592592593,False,0.3285381483507821,0.6714618516492179,False
FSMI_nm,6057,N6382,1.0237676864754848,1.089319844763434,0.06555215828794925,0.04388667012552583,0.036946570670594314,0.04278672501514384,0.04389697292314032,0.15449463885926895,0.5,0.018518518518518517,0.09622504486493763,0.12962962962962962,0.12127848343845662,19.5,0.10058507855449614,0.27540212438886025,1.1285331523000834,0.6959844718061298,0.32350744470740656,0.49858336503025913,0.3888888888888889,False,0.1212784834384566,0.8787215165615434,False
FSMI_nm,6057,N6389,1.7659275986645624,1.7282183116019525,0.0377092870626099,0.0484944244423855,0.1310031092865135,0.1430251776385739,0.2097421591707783,0.7127489478633358,0.5370370370370371,0.09259259259259259,0.2229924921998573,0.5,0.43074812304996435,23.5,0.09916725786463854,0.2743035467185485,3.2998639509141503,1.3911332577349218,0.036888185663805466,0.2487931979960716,0.3148148148148148,False,0.43074812304996435,0.5692518769500357,False
FSMI_nm,6057,N6390,1.7769079672453123,1.1296999146173197,0.6472080526279926,0.08388850438828954,0.3185075983663606,0.17470241673958187,0.27240478592769324,0.9679738076483296,0.5740740740740741,0.12962962962962962,0.2727948122714118,0.2037037037037037,0.2209764808456307,25.0,0.17967456633571788,0.47901524964086545,4.324864685044445,0.6757764448601278,0.013235340914943603,0.5087612421587584,0.6111111111111112,False,0.2209764808456307,0.7790235191543693,False
FSMI_nm,6062,6022,1.2832086750870029,0.8695290396021259,0.41367963548487696,1.1776128440084888,0.49433658570273825,1.0062426589404292,0.8173981874233581,2.381927041339807,0.9814814814814815,0.2777777777777778,0.5221434140693216,0.09259259259259259,0.19998029796177486,27.0,0.4217600689062544,1.2931347230848407,3.764212202661064,42.77516249788822,0.023185870809657328,2.6483962523315187e-19,0.9814814814814815,True,0.9814814814814815,0.01851851851851849,False
FSMI_nm,6062,6028,4.415429811910861,3.140633326801325,1.274796485109536,0.1917486188894224,0.2291514460227411,0.9299570165313568,0.7576480078977206,2.908948762517054,0.9074074074074074,0.46296296296296297,0.6481481481481481,0.7592592592592593,0.7314814814814814,30.0,0.16707882266921606,0.45858982247085167,-0.4343817146364489,0.23772004940197672,1.0,0.7884233797980317,0.6111111111111112,False,0.7314814814814814,0.2685185185185186,False
FSMI_nm,6062,6029,2.0210013039871706,1.2485025956436813,0.7724987083434893,0.024449745678625012,0.24103698648538077,0.06603558808874481,0.17305602673885465,0.6671282917093115,0.24074074074074073,0.6851851851851852,0.4061428185085427,0.24074074074074073,0.28209126018269126,33.5,0.13619693120247062,0.42676494479211025,-1.018992704962562,55.68914525809607,1.0,6.523963348246854e-25,0.42592592592592593,False,0.28209126018269126,0.7179087398173087,False
FSMI_nm,6062,6033,1.8207478300807216,1.9834850412745917,0.16273721119387008,0.010495465647926805,0.1964238593950461,0.2169229165167432,0.24433717599682225,1.0010790437833608,0.12962962962962962,0.9814814814814815,0.356691857115893,0.5370370370370371,0.49195074205675104,40.25,0.07290873545380433,0.21500097761692005,-0.8016190582521973,1.0485067237869732,1.0,0.3504606931807382,0.35185185185185186,False,0.49195074205675104,0.508049257943249,False
FSMI_nm,6062,6047,2.946053864791246,2.0310321273537637,0.9150217374374825,0.032225160911789175,0.127185781813523,0.09256154659414315,0.12702566263901297,0.5343954186188529,0.3148148148148148,0.6111111111111112,0.4386192326787782,0.5740740740740741,0.5402103637252501,31.5,0.051713077010572865,0.15492116901795971,-0.9122288443433482,-1.4267816153472257,1.0,1.0,0.12962962962962962,False,0.5402103637252501,0.4597896362747499,False
FSMI_nm,6062,6048,1.599313301289055,2.3596232578095706,0.7603099565205156,0.30644108619580734,0.28604627867090854,0.4243326174288566,0.38421880442103795,1.206050801767248,0.9444444444444444,0.3148148148148148,0.5452752542346465,0.6481481481481481,0.6224299246697728,27.25,0.04473655534482991,0.1411774829999417,0.05657215673179729,-0.1885744646583313,0.944998294046524,1.0,0.05555555555555555,False,0.6224299246697728,0.37757007533022724,False
FSMI_nm,6062,6056,2.284561920801109,1.4508299928870578,0.8337319279140514,0.0,0.14405914833448283,0.35544576704361813,0.32426319056278535,1.1036038453658636,0.09259259259259259,0.7222222222222222,0.258597037847573,0.2777777777777778,0.2729825927952266,34.5,0.1862479397171501,0.5118796198127157,-0.8639335416978061,-0.3311566270397818,1.0,1.0,0.6481481481481481,False,0.2729825927952265,0.7270174072047735,False
FSMI_nm,6062,6057,3.4970517461895976,0.8280500398210938,2.669001706368504,0.010905385745375695,0.05052967696048154,0.029326964028494107,0.04132053319668258,0.12978029316900674,0.16666666666666666,0.8333333333333334,0.37267799624996495,0.05555555555555555,0.1348361657291579,39.0,0.22773179122419693,0.6068963478681173,-0.6053525084747999,-0.07865415818803399,1.0,1.0,0.7592592592592593,False,0.1348361657291579,0.8651638342708421,False
FSMI_nm,6062,6063,4.4421744453751355,3.1483712243556825,1.293803221019453,0.04284893144160362,0.45246422223235644,0.6345800320069417,0.5896616773171586,2.0629301992447813,0.42592592592592593,0.2777777777777778,0.343966215203828,0.7962962962962963,0.6832137760231792,27.0,0.06596670637839239,0.1894314862797566,-0.197051609805627,2.367000085425677,1.0,0.09376158153149292,0.24074074074074073,False,0.6832137760231792,0.31678622397682077,False
FSMI_nm,6062,6070,2.307992993047587,1.4999733886923685,0.8080196043552184,0.10322769705528745,0.10348217842379936,0.06386108648236559,0.08398622597460761,0.2628367179573403,0.7222222222222222,0.35185185185185186,0.5040984292154148,0.3148148148148148,0.36213571841496484,27.5,0.10248815491730363,0.27852800172969483,-0.5190091734606,-0.36794397655514627,1.0,1.0,0.3888888888888889,False,0.36213571841496484,0.6378642815850352,False
FSMI_nm,6062,6072,1.4268834691757484,0.8220691915752368,0.6048142776005115,0.0,0.027002272552941162,0.058476083744639175,0.06369366086612187,0.20883411732177537,0.09259259259259259,0.7592592592592593,0.26514483450511767,0.018518518518518517,0.0801750975151683,37.5,0.3070789801406497,0.8382850492910128,0.7732940574529653,-0.06012086612882399,0.4614903859412036,1.0,0.9074074074074074,True,0.9074074074074074,0.09259259259259256,False
FSMI_nm,6062,6078,1.3924063210314295,1.671771985281924,0.27936566425049447,0.0,0.04505557228346631,0.06287222023654314,0.06273087079853656,0.21915799045910056,0.09259259259259259,0.9074074074074074,0.2898606637499727,0.3888888888888889,0.3641318326041599,39.25,0.16283625898875395,0.45741586568416526,-0.9570547288070489,0.39096675666685654,1.0,0.6764026415438925,0.5370370370370371,False,0.3641318326041598,0.6358681673958402,False
FSMI_nm,6062,6080,3.486930250089525,3.057832103955276,0.42909814613424935,0.10127219700025814,0.1467052492024927,0.2533895362854785,0.23824973692494386,0.6686551575328075,0.6851851851851852,0.9444444444444444,0.804437282554573,0.7222222222222222,0.7427759873053099,39.5,0.28475556357232423,0.7837375442175134,0.4895776534810826,1.4367671731567353,0.612885189456191,0.23769494452162607,0.8703703703703703,False,0.7427759873053099,0.2572240126946901,False
FSMI_nm,6062,6081,0.8928726233487373,3.261826958604082,2.368954335255345,0.02418762549701947,0.12651194681516592,0.15622246513031976,0.18787717359628123,0.704861195066973,0.2037037037037037,0.7962962962962963,0.40275116983206566,0.9074074074074074,0.781243348013572,37.75,0.07191810650532206,0.20066523663337243,-0.9327828249378913,-1.0730994967319338,1.0,1.0,0.2777777777777778,False,0.781243348013572,0.21875665198642802,False
FSMI_nm,6062,6082,1.5697987651446832,2.8146212038267113,1.2448224386820281,0.1648247743714788,0.1506649893928825,0.45221925269042684,0.3704613068211946,1.4651658726521073,0.8703703703703703,0.6481481481481481,0.7510851774323425,0.6851851851851852,0.7016601832469745,32.0,0.15985785539413117,0.43305341305670486,0.7635717023013893,-0.14858304035653352,0.4659990412316638,1.0,0.5,False,0.7016601832469745,0.29833981675302546,False
FSMI_nm,6062,6084,1.3458682689199004,2.326644388157325,0.9807761192374245,0.12847375475066825,0.2544527735260598,0.2458727317491625,0.2940081504475663,1.0345765971983318,0.7962962962962963,0.5370370370370371,0.6539423549262806,0.6111111111111112,0.6218189220649035,31.0,0.06209644198659982,0.19432123417709035,-0.5444280865944388,-1.1989013357189522,1.0,1.0,0.2037037037037037,False,0.6218189220649035,0.3781810779350965,False
FSMI_nm,6062,6085,1.86691079236755,3.2126944499484975,1.3457836575809474,0.10935623626699442,0.26521790458135663,0.7183382222627859,0.6080633731602679,2.38092373896958,0.7592592592592593,0.5740740740740741,0.6602053137028107,0.8333333333333334,0.7900513284257027,31.25,0.05948197679128245,0.17974121659920728,-0.8796735791009826,-0.6311528704637286,1.0,1.0,0.16666666666666666,False,0.7900513284257027,0.2099486715742973,False
FSMI_nm,6062,6090,2.022297889711494,3.2197205213950864,1.1974226316835925,0.08728412342055858,0.41395531353779513,0.14792419976986645,0.3178918400652057,1.199244951844575,0.6111111111111112,0.16666666666666666,0.3191423692521127,0.8703703703703703,0.732563370090806,25.25,0.07255740750239346,0.19973375742862032,-0.6900857979937334,1.1643826392496097,1.0,0.3121152902957894,0.3148148148148148,False,0.732563370090806,0.26743662990919403,False
FSMI_nm,6062,6094,3.459780024999232,1.9528720759309286,1.5069079490683033,0.04385162055904668,0.1737522987840202,0.1666390757464085,0.1845707213919135,0.6690201441953119,0.46296296296296297,0.46296296296296297,0.46296296296296297,0.5,0.49074074074074076,30.0,0.022603356937198914,0.06911500637815071,0.4218679089180506,-0.9653934526218814,0.6558206617330696,1.0,0.018518518518518517,False,0.4907407407407407,0.5092592592592593,False
FSMI_nm,6062,6095,7.857275141594466,4.227847545427463,3.6294275961670035,0.09847502551116172,0.5888152485958915,0.22226455435238296,0.44427481611179476,1.5742292486399818,0.6481481481481481,0.3888888888888889,0.502053396730591,0.9814814814814815,0.8616244602937589,28.75,0.30975748724090196,0.8413146598362,-0.03725106045390472,-0.04222484266206556,1.0,1.0,0.9444444444444444,True,0.9444444444444444,0.05555555555555558,False
FSMI_nm,6062,6099,8.69575314178455,4.055768693950121,4.639984447834429,0.13318123827923234,0.12006166425224046,0.34936609106741373,0.29182513667713855,0.9357775391004592,0.8333333333333334,0.5370370370370371,0.668977476599572,0.9444444444444444,0.8755777024832263,31.0,0.24265146453158945,0.6609067206131516,0.4995642851238347,-1.3183888974663707,0.606794991726434,1.0,0.7962962962962963,False,0.8755777024832263,0.1244222975167737,False
FSMI_nm,6062,6101,0.3286650711030523,1.2031016520009656,0.8744365808979133,0.03282159512676164,0.053311139398351595,0.05667267568638411,0.05755174258270174,0.1927942549590731,0.35185185185185186,0.9074074074074074,0.5650424556441614,0.2037037037037037,0.2940383916888181,39.25,0.27867742836872195,0.7437443823089295,-0.3633901626604467,0.6522993056544967,1.0,0.5208468128750487,0.8333333333333334,False,0.29403839168881807,0.7059616083111819,False
FSMI_nm,6062,N6342,0.7560989711345802,1.596292904565706,0.8401939334311257,0.027241821217775408,0.22329278422632673,0.07073760024254036,0.1612862662740885,0.5162079077154245,0.2777777777777778,0.05555555555555555,0.12422599874998831,0.35185185185185186,0.29494538857638597,21.0,0.15116106712933333,0.43261946291822906,1.6230141781611007,-0.07769116482212889,0.19730309522573225,1.0,0.46296296296296297,False,0.29494538857638597,0.705054611423614,False
FSMI_nm,6062,N6358,0.8146778778150339,1.820262933728102,1.0055850559130681,0.04703744756464068,0.1160249953117654,0.07085954803251976,0.12766345102120225,0.46787916154994313,0.5,0.2777777777777778,0.37267799624996495,0.42592592592592593,0.41261394350693564,27.0,0.20796831810732821,0.5947384821442613,0.7799076473856696,2.0105820754195993,0.45844834825372616,0.13391070584884376,0.6851851851851852,False,0.4126139435069356,0.5873860564930644,False
FSMI_nm,6062,N6382,1.0237676864754848,1.1832275448320149,0.1594598583565301,0.040201881232853065,0.03207910424214889,0.04303003471505789,0.04265325557127675,0.15754428619558336,0.3888888888888889,0.018518518518518517,0.08486251286955258,0.16666666666666666,0.14621562821738815,19.5,0.05112549274246394,0.13900072709980593,1.142778461209247,0.7261329825055997,0.318931650404595,0.48377614842580174,0.09259259259259259,False,0.1462156282173881,0.8537843717826119,False
FSMI_nm,6062,N6389,1.7659275986645624,1.8991917028726297,0.13326410420806734,0.05212506765404834,0.124575143404738,0.1746913297396328,0.22963091833360746,0.7860411576246551,0.5370370370370371,0.09259259259259259,0.2229924921998573,0.46296296296296297,0.40297034527218656,23.5,0.16307530569461492,0.4396697109002854,3.3391217752445983,1.2938773843809284,0.03546809300501303,0.2742055190086368,0.5740740740740741,False,0.40297034527218656,0.5970296547278134,False
FSMI_nm,6062,N6390,1.7769079672453123,1.0665944020437916,0.7103135652015207,0.08484465102762684,0.27861921035155457,0.17044886389000982,0.2438562087274491,0.874802245290507,0.5740740740740741,0.12962962962962962,0.2727948122714118,0.12962962962962962,0.16542092529007515,25.0,0.22149298652314733,0.6014382057656945,4.52354783075916,0.6069338556241916,0.010850459705104497,0.5450194179845289,0.7222222222222222,False,0.16542092529007513,0.8345790747099249,False
FSMI_nm,6063,6022,1.2832086750870029,0.8180121068126025,0.46519656827440037,1.1037787412920599,0.46303800671028095,0.8998597587452704,0.7300852058401787,2.1043572484951216,0.9814814814814815,0.24074074074074073,0.4860890647558032,0.05555555555555555,0.16318893285561747,27.0,0.37579890884617634,1.1484508844936459,3.6284785222270317,45.4263645862222,0.02655655890075366,1.868876173853389e-20,0.9444444444444444,True,0.9444444444444444,0.05555555555555558,False
FSMI_nm,6063,6028,4.415429811910861,2.9694780291759084,1.4459517827349524,0.17814467485189445,0.21815247548895686,0.8755409866786432,0.71516394147735,2.7480953000824853,0.9074074074074074,0.42592592592592593,0.6216818641331303,0.7592592592592593,0.7248649104777269,30.0,0.1215219137210122,0.33323874608612325,-0.7973608234595657,0.23537672574823537,1.0,0.7902730773266444,0.35185185185185186,False,0.7248649104777269,0.27513508952227306,False
FSMI_nm,6063,6029,2.0210013039871706,1.2329599778734994,0.7880413261136712,0.01148198801545508,0.22585184223617671,0.0672307759890383,0.16387285590486217,0.6248349745617032,0.2037037037037037,0.6481481481481481,0.36335957167312194,0.2037037037037037,0.24361767069605825,33.5,0.1790090612153662,0.5653445438983846,-0.9434863778555111,62.59506626088026,1.0,6.53594108080937e-28,0.6111111111111112,False,0.24361767069605822,0.7563823293039418,False
FSMI_nm,6063,6033,1.8207478300807216,1.9756280293373125,0.1548801992565909,0.0,0.16957081451608105,0.20804400431181497,0.22793517549695488,0.9251300333509671,0.09259259259259259,0.9814814814814815,0.30145964066851305,0.5740740740740741,0.5059204657226839,40.25,0.03874243336563892,0.11601212945827777,-0.6092099972938433,1.6665603958375088,1.0,0.18889567587105313,0.16666666666666666,False,0.5059204657226839,0.4940795342773161,False
FSMI_nm,6063,6047,2.946053864791246,1.9233056243203406,1.0227482404709056,0.028828960065470532,0.10842741789530166,0.09383749755533768,0.11364423020874066,0.47435077997350183,0.3148148148148148,0.5740740740740741,0.4251200104907036,0.5370370370370371,0.5090577804004537,31.5,0.008800239366650246,0.026827619408644532,-0.7115962851474349,-1.569707549295773,1.0,1.0,0.018518518518518517,False,0.5090577804004537,0.4909422195995463,False
FSMI_nm,6063,6048,1.599313301289055,2.3245133897538635,0.7252000884648084,0.2613226743724706,0.30120570860636087,0.4145829087266195,0.38252382710177496,1.1815477579640232,0.9444444444444444,0.2777777777777778,0.5121969142940493,0.6111111111111112,0.5863825619068457,27.25,0.07313084388276576,0.22202001926108317,0.11983121556960771,-0.21291796823075548,0.8870701477119591,1.0,0.2037037037037037,False,0.5863825619068457,0.4136174380931543,False
FSMI_nm,6063,6056,2.284561920801109,1.3659501219524057,0.9186117988487035,0.0,0.13125436590216916,0.3109086269283729,0.285650533030242,0.9604531867214374,0.09259259259259259,0.6851851851851852,0.2518790834951008,0.2777777777777778,0.27130310420710857,34.5,0.1977367859118001,0.557869564686502,-0.7491378048380452,-0.23723875298574182,1.0,1.0,0.6851851851851852,False,0.27130310420710857,0.7286968957928914,False
FSMI_nm,6063,6057,3.4970517461895976,0.8954440085897353,2.6016077375998625,0.01035225273217899,0.052936049973326856,0.03111575112354574,0.04340222969388102,0.13868859207517814,0.16666666666666666,0.8333333333333334,0.37267799624996495,0.09259259259259259,0.1626139435069357,39.0,0.17328303323557898,0.4734847429297089,-0.5145827563989591,0.002814469753545808,1.0,0.9971894871533822,0.5370370370370371,False,0.1626139435069357,0.8373860564930643,False
FSMI_nm,6063,6062,2.9196668297119017,3.9266267208406274,1.0069598911287256,0.019445623467298834,0.7569210832825115,0.29392321364967755,0.5664445343487545,1.9966804694789286,0.2777777777777778,0.7592592592592593,0.45924432472730536,0.9444444444444444,0.8231444145151596,37.5,0.39487467366422124,1.1422446215370345,-0.8088447600136845,0.4504551971837902,1.0,0.637337971132531,0.9814814814814815,True,0.9814814814814815,0.01851851851851849,False
FSMI_nm,6063,6070,2.307992993047587,1.4660073885563112,0.8419856044912757,0.10104927136062614,0.10317162033023684,0.06870619761408608,0.08871601212058343,0.2753203907030983,0.7592592592592593,0.3148148148148148,0.4889029178682995,0.3148148148148148,0.358336840578186,27.5,0.11305884871187023,0.3024729251246065,-0.5225127774641661,-0.18606639723841595,1.0,1.0,0.3148148148148148,False,0.35833684057818593,0.6416631594218141,False
FSMI_nm,6063,6072,1.4268834691757484,0.8008965071422447,0.6259869620335037,0.0,0.02874812783984107,0.059840794316962355,0.06440593889234177,0.21628850867271676,0.09259259259259259,0.7592592592592593,0.26514483450511767,0.018518518518518517,0.0801750975151683,37.5,0.3009954221398602,0.829043301736136,1.1095063829234628,-0.16519735997162718,0.3297216771625174,1.0,0.8703703703703703,False,0.08017509751516827,0.9198249024848317,False
FSMI_nm,6063,6078,1.3924063210314295,1.7193045422290503,0.3268982211976208,0.006052535758471311,0.027186775531035993,0.07329549137327318,0.06588078459567799,0.20725373775417322,0.12962962962962962,0.9074074074074074,0.3429677625454099,0.42592592592592593,0.4051863850807969,39.25,0.1604635559275977,0.4456910324422455,-0.8505516329726823,0.34642041861926837,1.0,0.7072150982018539,0.42592592592592593,False,0.40518638508079685,0.5948136149192031,False
FSMI_nm,6063,6080,3.486930250089525,2.8766655760831426,0.6102646740063826,0.09574046406606973,0.1452854740728606,0.23935315642965502,0.22540107219094987,0.6437590019909556,0.7222222222222222,0.9444444444444444,0.8258927081843613,0.7222222222222222,0.748139843712757,39.5,0.2575800417658421,0.7019328265571114,0.6979690904228059,1.1897947577866619,0.49759484844072505,0.304283709520288,0.7592592592592593,False,0.748139843712757,0.251860156287243,False
FSMI_nm,6063,6081,0.8928726233487373,3.486086280380593,2.593213657031856,0.060508279947943944,0.14674638184361186,0.18343306227758058,0.21377039523480543,0.8043020925819131,0.5740740740740741,0.7962962962962963,0.6761161579084698,0.8703703703703703,0.8218068172548952,37.75,0.08110322092548294,0.2256176675922309,-0.7088228256577249,-1.1970868881012082,1.0,1.0,0.2777777777777778,False,0.8218068172548952,0.17819318274510476,False
FSMI_nm,6063,6082,1.5697987651446832,2.731323923348059,1.1615251582033759,0.13164936357648216,0.14703851328119869,0.4316431668947749,0.3547012255998938,1.428269312905428,0.8333333333333334,0.6111111111111112,0.7136240321480628,0.6851851851851852,0.6922948969259046,32.0,0.17783017987016927,0.4800918732560422,1.0226559748149446,-0.1339541686999474,0.3596384798231379,1.0,0.5740740740740741,False,0.6922948969259046,0.3077051030740954,False
FSMI_nm,6063,6084,1.3458682689199004,2.328751819107958,0.9828835501880575,0.14079262393030012,0.2530687156130499,0.2346090178559848,0.28100809441758023,0.97318557501584,0.8703703703703703,0.5,0.6596856715021066,0.6481481481481481,0.6510325289866378,31.0,0.029858263263734287,0.09428572807217439,-0.443286994154903,-1.2639085733494841,1.0,1.0,0.09259259259259259,False,0.6510325289866378,0.34896747101336223,False
FSMI_nm,6063,6085,1.86691079236755,3.046766016322041,1.1798552239544908,0.04079339859068254,0.2529557131425841,0.6515976693900577,0.5532828385540938,2.1571594230285154,0.46296296296296297,0.5370370370370371,0.4986263710309726,0.7962962962962963,0.7218788149799653,31.25,0.03840397403185657,0.10977312916850013,-0.9498334291655549,-0.6522942744153446,1.0,1.0,0.12962962962962962,False,0.7218788149799653,0.2781211850200347,False
FSMI_nm,6063,6090,2.022297889711494,3.0708880702899424,1.0485901805784485,0.08179247440966542,0.3419218658629301,0.13040258565490578,0.26544890826350154,0.9904730392213819,0.6851851851851852,0.16666666666666666,0.33793125168323446,0.8333333333333334,0.7094828129208086,25.25,0.12824523719064482,0.3711179264514365,-0.5393033060586326,1.2808801210014844,1.0,0.2777927016399346,0.3888888888888889,False,0.7094828129208086,0.2905171870791914,False
FSMI_nm,6063,6094,3.459780024999232,1.8052317428981557,1.6545482821010762,0.030866499151384952,0.15312174824940458,0.15332420646347256,0.16800105384490413,0.6079847586704941,0.35185185185185186,0.42592592592592593,0.3871212029697569,0.46296296296296297,0.4440025229646614,30.0,0.010563211096247095,0.03378569764736439,0.6986287981764066,-1.0110084793767138,0.4972666895174516,1.0,0.05555555555555555,False,0.44400252296466136,0.5559974770353386,False
FSMI_nm,6063,6095,7.857275141594466,3.7171227346834397,4.140152406911026,0.0802301833701744,0.48724345153111315,0.18763569993929105,0.36660935232976377,1.3407237112185362,0.6481481481481481,0.35185185185185186,0.4775480354899121,0.9074074074074074,0.7999425644280336,28.75,0.26842455348729544,0.7138734583811641,0.8444428795517132,0.169580110654559,0.42979674007478447,0.8440191368464391,0.7962962962962963,False,0.7999425644280336,0.20005743557196642,False
FSMI_nm,6063,6099,8.69575314178455,4.094214279001223,4.601538862783327,0.12546529578935584,0.10070405196048426,0.3336300229050712,0.2779991089553223,0.8959578878716914,0.7962962962962963,0.5,0.6309898162000304,0.9814814814814815,0.8938585651611187,31.0,0.22082270862417577,0.6049627340715135,0.2537638556112164,-1.462937606854028,0.775874998942563,1.0,0.7222222222222222,False,0.8938585651611187,0.10614143483888128,False
FSMI_nm,6063,6101,0.3286650711030523,1.284515260255656,0.9558501891526037,0.04210605594982897,0.05220697070078418,0.054073700514512345,0.05541091482340938,0.1812147872565626,0.5,0.9074074074074074,0.6735753140545634,0.24074074074074073,0.3489493840691964,39.25,0.2983975793591279,0.800610746086928,-0.26502545496902336,0.7703310840982217,1.0,0.4628597974212187,0.8333333333333334,False,0.3489493840691964,0.6510506159308036,False
FSMI_nm,6063,N6342,0.7560989711345802,1.530438750255519,0.7743397791209388,0.017415306263894648,0.23624242579172303,0.06632181554072629,0.1674930399195993,0.5643140202499566,0.24074074074074073,0.05555555555555555,0.11564811108145182,0.35185185185185186,0.29280091665925184,21.0,0.18358110758080168,0.526107687832529,1.8479261552777393,-0.04153502682093798,0.1575635901403043,1.0,0.6481481481481481,False,0.2928009166592518,0.7071990833407482,False
FSMI_nm,6063,N6358,0.8146778778150339,1.590275646996281,0.7755977691812472,0.04567754235798449,0.1038557850752098,0.06498271702201992,0.11111273727774883,0.4153973241718465,0.5370370370370371,0.24074074074074073,0.3595645896101407,0.3888888888888889,0.38155781406920186,27.0,0.35073435683686666,0.9683440670665945,1.0760938555424489,2.7370429792995496,0.3409246289700893,0.06476156532466294,0.9074074074074074,True,0.9074074074074074,0.09259259259259256,False
FSMI_nm,6063,N6382,1.0237676864754848,1.2167023145574343,0.1929346280819495,0.03360286545797386,0.02836508544594433,0.039549591184377376,0.038641929153478215,0.14218947785972813,0.3888888888888889,0.018518518518518517,0.08486251286955258,0.16666666666666666,0.14621562821738815,19.5,0.0772968675291932,0.20551834437113792,1.524278047267267,0.7762655568593632,0.21777822570934866,0.46012110295265696,0.24074074074074073,False,0.1462156282173881,0.8537843717826119,False
FSMI_nm,6063,N6389,1.7659275986645624,1.8687039743662426,0.10277637570168019,0.03759987686298527,0.11640229604589959,0.16168410587370388,0.21248356755220163,0.7228392554037881,0.42592592592592593,0.09259259259259259,0.19858898694006683,0.5,0.4246472467350167,23.5,0.16713662789313666,0.4438490568756892,4.021424037081806,1.5179516380582092,0.01792741744630675,0.21916034720531874,0.5,False,0.42464724673501664,0.5753527532649834,False
FSMI_nm,6063,N6390,1.7769079672453123,1.0904721546525706,0.6864358125927417,0.07489986109451374,0.27043047412686033,0.15728316502044112,0.23296722091900374,0.8342427543329336,0.6111111111111112,0.12962962962962962,0.2814571139550123,0.12962962962962962,0.16758650071097528,25.0,0.1609325352933069,0.4453500210907153,5.046386691264654,0.7218614020175178,0.006432534237353602,0.4858470570595885,0.46296296296296297,False,0.16758650071097525,0.8324134992890247,False
FSMI_nm,6070,6022,1.2832086750870029,0.6346779474202007,0.6485307276668022,1.098559562326582,0.45485712145213875,0.8577917424308841,0.697867009762769,1.9696147293356363,0.9814814814814815,0.2777777777777778,0.5221434140693216,0.018518518518518517,0.1444247424062193,27.0,0.47101848192119095,1.409708782358455,3.9011620295110183,45.491644119490836,0.020218403408506756,1.7507735877275525e-20,0.9814814814814815,True,0.9814814814814815,0.01851851851851849,False
FSMI_nm,6070,6028,4.415429811910861,3.0719425782381062,1.3434872336727546,0.22662439663774903,0.2478184515567895,0.912609005598303,0.7465335452744303,2.80249039299131,0.9074074074074074,0.42592592592592593,0.6216818641331303,0.7222222222222222,0.6970871326999493,30.0,0.13728318441145657,0.3713360105837079,-0.8607129892861065,-0.02231781154239515,1.0,1.0,0.3888888888888889,False,0.6970871326999493,0.30291286730005074,False
FSMI_nm,6070,6029,2.0210013039871706,1.1845587599755767,0.8364425440115939,0.01383065402776995,0.2507544016912361,0.05599925176472886,0.17701959824958483,0.6949090435127885,0.24074074074074073,0.6481481481481481,0.39501350014262115,0.16666666666666666,0.2237533750356553,33.5,0.10399006646886172,0.3297305005398219,-0.7266034145661284,53.940342378588,1.0,3.7497900557025165e-24,0.35185185185185186,False,0.2237533750356553,0.7762466249643447,False
FSMI_nm,6070,6033,1.8207478300807216,1.9778952590081271,0.15714742892740552,0.0038900736705576033,0.20087117236466803,0.21858429490303452,0.25037909032950234,1.0270828979528348,0.16666666666666666,0.9814814814814815,0.4044505494044732,0.5,0.4761126373511183,40.25,0.05783194965247841,0.1743548954904669,-0.8913788209173619,1.1513850879237333,1.0,0.31619850320223747,0.2037037037037037,False,0.4761126373511183,0.5238873626488817,False
FSMI_nm,6070,6047,2.946053864791246,2.0261206886012393,0.9199331761900069,0.017882781019485705,0.114860376121493,0.0837568058451882,0.11802683495462032,0.5036016484698795,0.3148148148148148,0.5740740740740741,0.4251200104907036,0.5370370370370371,0.5090577804004537,31.5,0.018614160153236105,0.05539906465546862,-0.8411012041568162,-1.9005222485852884,1.0,1.0,0.018518518518518517,False,0.5090577804004537,0.4909422195995463,False
FSMI_nm,6070,6048,1.599313301289055,2.1638126528718713,0.5644993515828163,0.29173774505061134,0.2679431828996867,0.38803417478746305,0.3547923741729139,1.0949978525588515,0.9444444444444444,0.3148148148148148,0.5452752542346465,0.5740740740740741,0.5668743691142172,27.25,0.09540751135021203,0.27804717633920917,-0.0940100690618235,-0.33960321682311995,1.0,1.0,0.3148148148148148,False,0.5668743691142172,0.4331256308857828,False
FSMI_nm,6070,6056,2.284561920801109,1.436106205851348,0.8484557149497611,0.0,0.1418377262925116,0.36160890667398415,0.32885999475656075,1.1081317457366802,0.09259259259259259,0.6851851851851852,0.2518790834951008,0.2777777777777778,0.27130310420710857,34.5,0.1807095489891114,0.5022604739569607,-0.7444412216729622,-0.44361088421055866,1.0,1.0,0.5740740740740741,False,0.27130310420710857,0.7286968957928914,False
FSMI_nm,6070,6057,3.4970517461895976,0.7762582538729761,2.7207934923166217,0.011661241478750028,0.05012448284708265,0.027252610940289235,0.04016043672602413,0.12979794419389612,0.2037037037037037,0.8333333333333334,0.41201102706087017,0.05555555555555555,0.14466942343188421,39.0,0.22169528086337,0.5900315373865851,-0.6020191295590142,-0.18920001911015488,1.0,1.0,0.6851851851851852,False,0.14466942343188416,0.8553305765681158,False
FSMI_nm,6070,6062,2.9196668297119017,4.064042436968626,1.1443756072567246,0.0,0.7652513834569656,0.2928255737635129,0.577745337296407,2.02431853136299,0.09259259259259259,0.7592592592592593,0.26514483450511767,0.9074074074074074,0.746841764181835,37.5,0.42645268606407327,1.1807550220434275,-0.9257819347039823,0.036282509040462645,1.0,0.9643678123704206,0.9444444444444444,True,0.9444444444444444,0.05555555555555558,False
FSMI_nm,6070,6063,4.4421744453751355,3.1868254079584655,1.25534903741667,0.02047286021170125,0.45458617572897897,0.6596410732128465,0.6071843316922388,2.1091950904304015,0.35185185185185186,0.2777777777777778,0.3126285743728543,0.8333333333333334,0.7031571435932136,27.0,0.06403305654614626,0.20308416558693132,-0.3481389664399306,2.1221938006305296,1.0,0.11976859167982279,0.24074074074074073,False,0.7031571435932136,0.2968428564067864,False
FSMI_nm,6070,6072,1.4268834691757484,0.809039547093285,0.6178439220824634,0.0008476750918170461,0.025384344936621367,0.05872665449703225,0.06265029273105241,0.20433592562769642,0.12962962962962962,0.7592592592592593,0.313723599001804,0.09259259259259259,0.14787534419489545,37.5,0.3038368846934111,0.8329010900404656,0.7695649458242001,-0.30342967968258033,0.463214547904138,1.0,0.8333333333333334,False,0.14787534419489545,0.8521246558051045,False
FSMI_nm,6070,6078,1.3924063210314295,1.6184966799719074,0.2260903589404779,0.0,0.04644739070044965,0.06168078116734888,0.06203746098076919,0.2235028574089235,0.09259259259259259,0.9074074074074074,0.2898606637499727,0.3148148148148148,0.3085762770486043,39.25,0.18104964824596592,0.49619301537716826,-0.8912235931799061,0.3888028127016064,1.0,0.6778679237806835,0.6111111111111112,False,0.30857627704860424,0.6914237229513958,False
FSMI_nm,6070,6080,3.486930250089525,2.793395149074582,0.6935351010149433,0.08348838160251404,0.1321653559328824,0.22642430950182826,0.2084180473342234,0.5808924025014219,0.6851851851851852,0.9444444444444444,0.804437282554573,0.6851851851851852,0.7149982095275322,39.5,0.2548757222253931,0.7213851107574625,0.420552580528414,1.2507148271489668,0.6566838488307557,0.28630006863444984,0.7592592592592593,False,0.7149982095275322,0.28500179047246776,False
FSMI_nm,6070,6081,0.8928726233487373,3.267759301052038,2.3748866777033006,0.04030119078247063,0.1332816782584684,0.14495532762882865,0.1923000899925175,0.713112906845736,0.46296296296296297,0.7962962962962963,0.6071702337316667,0.8703703703703703,0.8045703362106944,37.75,0.039654130120476354,0.11593451416326372,-0.9813287518493292,-1.0487538717714793,1.0,1.0,0.12962962962962962,False,0.8045703362106944,0.1954296637893056,False
FSMI_nm,6070,6082,1.5697987651446832,2.6192407301422707,1.0494419649975875,0.16866441119839326,0.13227645660831208,0.4205585179648281,0.34330807360810145,1.346158506746382,0.8703703703703703,0.6111111111111112,0.7293099506487117,0.6481481481481481,0.668438598773289,32.0,0.16651312055085168,0.44752597871737143,0.6118459593151735,-0.20912104285274027,0.542348790658871,1.0,0.5370370370370371,False,0.668438598773289,0.33156140122671096,False
FSMI_nm,6070,6084,1.3458682689199004,2.239932865610885,0.8940645966909844,0.10998339437600269,0.23814904347682767,0.21762996263809903,0.2691122728586537,0.950049802528923,0.7592592592592593,0.5,0.6161409170227454,0.6111111111111112,0.6123685625890197,31.0,0.024328950529043453,0.07695366405987414,-0.5622429910392485,-1.5485822317045952,1.0,1.0,0.05555555555555555,False,0.6123685625890197,0.3876314374109803,False
FSMI_nm,6070,6085,1.86691079236755,3.1128891334170565,1.2459783410495064,0.14621923671322934,0.2579864345744719,0.7064561224641753,0.5980226253719845,2.323520865409212,0.8333333333333334,0.5370370370370371,0.668977476599572,0.7592592592592593,0.7366888135943375,31.25,0.04628426516085979,0.13965925002889523,-1.2965793781652646,-1.0069702536303264,1.0,1.0,0.16666666666666666,False,0.7366888135943375,0.26331118640566253,False
FSMI_nm,6070,6090,2.022297889711494,3.1186790012791312,1.0963811115676374,0.08505045543955836,0.4277425411810345,0.15186586293855936,0.32911603540210765,1.242984239618854,0.7222222222222222,0.16666666666666666,0.3469443332443555,0.7962962962962963,0.683958305533311,25.25,0.14414693726065056,0.3956995605302146,-0.7678317335320299,0.9956801147590633,1.0,0.3694720756621855,0.42592592592592593,False,0.683958305533311,0.31604169446668895,False
FSMI_nm,6070,6094,3.459780024999232,1.9132692240504425,1.5465108009487893,0.05389540575670071,0.1748329489490414,0.16250034615929512,0.182556130335895,0.6624137676757613,0.5370370370370371,0.42592592592592593,0.47826561370907256,0.46296296296296297,0.46678862564949036,30.0,0.025128813383241667,0.07767908556538139,0.29946457170102786,-1.1689203465301843,0.7412149819305865,1.0,0.09259259259259259,False,0.4667886256494904,0.5332113743505096,False
FSMI_nm,6070,6095,7.857275141594466,4.520042428577175,3.3372327130172916,0.05836193306492543,0.6773184752062973,0.2264399652826936,0.4956019796557287,1.8163301328761876,0.5740740740740741,0.35185185185185186,0.4494318925745036,0.9814814814814815,0.8484690842547371,28.75,0.32473247167027847,0.8854437197318258,-0.0621986860957987,0.3746953744304435,1.0,0.6874986765713138,0.8703703703703703,False,0.8484690842547371,0.1515309157452629,False
FSMI_nm,6070,6099,8.69575314178455,4.162151146025825,4.533601995758725,0.11906328621627704,0.13731480742491506,0.38307575642966774,0.3202201414247191,1.0038825688952069,0.7962962962962963,0.5,0.6309898162000304,0.9444444444444444,0.8660807873833408,31.0,0.2286989491856314,0.6194320046562866,0.03980526497953163,-1.5048748051147713,0.9609765567220029,1.0,0.7222222222222222,False,0.8660807873833408,0.13391921261665918,False
FSMI_nm,6070,6101,0.3286650711030523,1.1951821849476665,0.8665171138446142,0.033303272434907605,0.05377152188583126,0.05847894099734993,0.058907319898223724,0.19617958382259437,0.3888888888888889,0.9074074074074074,0.5940375900868682,0.2037037037037037,0.3012871752994948,39.25,0.3341798613218058,0.8930852031620765,0.1037781134403194,0.5337538982627418,0.901425289388891,0.5863995485583473,0.9074074074074074,True,0.9074074074074074,0.09259259259259256,False
FSMI_nm,6070,N6342,0.7560989711345802,1.658505814391855,0.9024068432572747,0.015072774239876185,0.2386294814665384,0.07168945934636933,0.1708909872278499,0.5391500993698266,0.2777777777777778,0.05555555555555555,0.12422599874998831,0.35185185185185186,0.29494538857638597,21.0,0.14695238679123787,0.42082036347735086,1.5609362810102982,-0.17829292390589324,0.20993941686394732,1.0,0.5,False,0.29494538857638597,0.705054611423614,False
FSMI_nm,6070,N6358,0.8146778778150339,1.8444184918558764,1.0297406140408425,0.03495066015000026,0.11631561358580038,0.06951981694259395,0.12798951604338996,0.46903487450174985,0.42592592592592593,0.2777777777777778,0.343966215203828,0.42592592592592593,0.40543599824540144,27.0,0.2618303227777717,0.714652983974797,0.6885003525371516,1.5612649314312217,0.5023288206353719,0.20987043152287818,0.7962962962962963,False,0.40543599824540144,0.5945640017545986,False
FSMI_nm,6070,N6382,1.0237676864754848,1.246497672976293,0.22272998650080833,0.046354944301532974,0.0348499486091352,0.05009184779977106,0.04892241568204488,0.17553039373635504,0.5,0.018518518518518517,0.09622504486493763,0.24074074074074073,0.20461181677178997,19.5,0.06692797053627626,0.18633744982275618,1.0781867840158124,0.49536447966455943,0.3402118442707304,0.6093487715809274,0.2777777777777778,False,0.20461181677178997,0.79538818322821,False
FSMI_nm,6070,N6389,1.7659275986645624,1.8358439157499356,0.06991631708537316,0.05961439626295273,0.1268677181395426,0.1810301649683034,0.23522388569037908,0.8206483778739904,0.6111111111111112,0.09259259259259259,0.23787467738268758,0.3888888888888889,0.3511353360123386,23.5,0.1462675662885834,0.39819511668113083,3.260544783255648,1.2870328806854208,0.038367490356689835,0.2760887572603711,0.46296296296296297,False,0.3511353360123386,0.6488646639876614,False
FSMI_nm,6070,N6390,1.7769079672453123,1.0320329006792093,0.744875066566103,0.07890275185247964,0.27119667495413535,0.1759310054716324,0.2413035875044195,0.8627624721799884,0.6481481481481481,0.12962962962962962,0.2898606637499727,0.12962962962962962,0.1696873881597154,25.0,0.20273416297211924,0.542950515841906,4.257955938991628,0.5070620861358837,0.014151198780780038,0.6022623771784874,0.6481481481481481,False,0.1696873881597154,0.8303126118402846,False
FSMI_nm,6072,6022,1.2832086750870029,0.6690798047736625,0.6141288703133404,1.2301381399325964,0.5056434155481708,0.9975098918644894,0.8140860855338599,2.3191369115326532,0.9814814814814815,0.2777777777777778,0.5221434140693216,0.05555555555555555,0.17220252018399707,27.0,0.45597480426698667,1.3506354959252864,4.1360245529760675,45.219318974086804,0.015986277947836948,2.2987899729842166e-20,0.9444444444444444,True,0.9444444444444444,0.05555555555555558,False
FSMI_nm,6072,6028,4.415429811910861,3.1632506431439253,1.2521791687669355,0.18473198071395336,0.22605908929624705,0.972499538686643,0.78940544570084,2.9909555078767696,0.8703703703703703,0.46296296296296297,0.634782833370467,0.7962962962962963,0.7559179305648389,30.0,0.15978527362639197,0.4253928841738218,-0.7532751174018901,0.17693270640518113,1.0,0.8378361636333163,0.5370370370370371,False,0.7559179305648389,0.2440820694351611,False
FSMI_nm,6072,6029,2.0210013039871706,1.2100824464188957,0.8109188575682749,0.0346408760587924,0.25574148851867573,0.05226023064817865,0.17940185199387335,0.7103016587501174,0.35185185185185186,0.6851851851851852,0.4910027253171427,0.2037037037037037,0.2755284591070634,33.5,0.09244750662079482,0.2889889724717345,-0.7051622759515553,52.78224774203054,1.0,1.1938810618676417e-23,0.2777777777777778,False,0.2755284591070635,0.7244715408929365,False
FSMI_nm,6072,6033,1.8207478300807216,1.8829662657617559,0.062218435681034245,0.026398892899783366,0.20457501049539953,0.21384935685119502,0.2481376701937007,1.018903420046976,0.3148148148148148,0.9814814814814815,0.5558641118445791,0.3888888888888889,0.43063269462781145,40.25,0.10020376385978418,0.28076257624738055,-0.7699621868731087,0.911716569496771,1.0,0.4018338559308823,0.3148148148148148,False,0.4306326946278114,0.5693673053721886,False
FSMI_nm,6072,6047,2.946053864791246,2.1076005102761646,0.8384533545150816,0.0,0.12486150566392677,0.0801424858431724,0.12563721486026014,0.5321391622962335,0.16666666666666666,0.6111111111111112,0.3191423692521127,0.5370370370370371,0.48256337009080597,31.5,0.024325995840913297,0.07120999637496706,-0.6996997220287521,-1.7890968236313542,1.0,1.0,0.12962962962962962,False,0.48256337009080597,0.517436629909194,False
FSMI_nm,6072,6048,1.599313301289055,2.27695329032833,0.677639989039275,0.3060966180974667,0.2672191052019686,0.4223044057078378,0.3779317211933961,1.1677413138154467,0.9444444444444444,0.3148148148148148,0.5452752542346465,0.6111111111111112,0.594652146891995,27.25,0.08459339784291325,0.2506654467270588,0.21222360673537236,-0.22746999438491197,0.8087838278340443,1.0,0.24074074074074073,False,0.594652146891995,0.40534785310800503,False
FSMI_nm,6072,6056,2.284561920801109,1.5230140168585797,0.7615479039425295,0.0,0.14461248085711015,0.4191846197032916,0.37408553178930576,1.2968827059859243,0.16666666666666666,0.7222222222222222,0.3469443332443555,0.3148148148148148,0.3228471944222,34.5,0.18368643731209308,0.5195825649772967,-0.6880002439992717,-0.19676242046060335,1.0,1.0,0.6111111111111112,False,0.3228471944222,0.6771528055778,False
FSMI_nm,6072,6057,3.4970517461895976,0.6578940388677936,2.839157707321804,0.014143943504401402,0.0440266896230747,0.02447527445920279,0.035412837094174573,0.11520332899487085,0.24074074074074073,0.8333333333333334,0.4479032082388083,0.018518518518518517,0.12586469094859096,39.0,0.285774384195661,0.7633927622666246,-0.487655984257375,-0.10863664702796506,1.0,1.0,0.8333333333333334,False,0.12586469094859098,0.874135309051409,False
FSMI_nm,6072,6062,2.9196668297119017,4.246580891627016,1.3269140619151139,0.0,0.779494182326029,0.3096618866968536,0.5924042720613876,2.064809689333146,0.16666666666666666,0.7592592592592593,0.35572912430182496,0.9444444444444444,0.7972656144087895,37.5,0.45737989812748137,1.2651618538994887,-0.8547289976098802,0.3554815958674896,1.0,0.7008358422760618,0.9814814814814815,True,0.9814814814814815,0.01851851851851849,False
FSMI_nm,6072,6063,4.4421744453751355,3.3963068796005955,1.04586756577454,0.02407648532475415,0.4643791262034728,0.7334501280753345,0.6611911435890068,2.3329008293610958,0.2777777777777778,0.2777777777777778,0.2777777777777778,0.8703703703703703,0.7222222222222222,27.0,0.0306497381010572,0.09159484841809662,0.01821844102851437,2.008984402929513,0.9819465115231546,0.13412482229814146,0.16666666666666666,False,0.7222222222222222,0.2777777777777778,False
FSMI_nm,6072,6070,2.307992993047587,1.4752879261502743,0.8327050668973126,0.10890802945687428,0.10486600169328458,0.05808575075130146,0.08019796923288298,0.2877111877645071,0.7592592592592593,0.35185185185185186,0.5168624347019579,0.2777777777777778,0.3375489420088228,27.5,0.125321579143372,0.34147393242174157,-0.2805069914469585,-0.44725839221913627,1.0,1.0,0.35185185185185186,False,0.3375489420088228,0.6624510579911772,False
FSMI_nm,6072,6078,1.3924063210314295,1.525442319805316,0.1330359987738865,0.0,0.06599618851662876,0.055983865819866606,0.06608430626732612,0.21944223618873782,0.16666666666666666,0.9074074074074074,0.3888888888888889,0.35185185185185186,0.3611111111111111,39.25,0.1986879413375393,0.5420871257017239,-0.8644982630448093,0.4322108333851184,1.0,0.6490725161025072,0.6481481481481481,False,0.36111111111111116,0.6388888888888888,False
FSMI_nm,6072,6080,3.486930250089525,2.5764614657523275,0.9104687843371977,0.057616578015235564,0.11994384505940496,0.20684535325331285,0.1995064363224033,0.584027329892328,0.5740740740740741,0.9444444444444444,0.7363294574841127,0.6851851851851852,0.6979712532599172,39.5,0.20719042988764214,0.5543157990226799,1.064747319432697,1.0193318609729967,0.34481497180305537,0.3608359482300265,0.7592592592592593,False,0.6979712532599172,0.30202874674008284,False
FSMI_nm,6072,6081,0.8928726233487373,2.9542263868522083,2.061353763503471,0.0,0.10941740013949289,0.14859894593722145,0.17174762880723957,0.6304493735018868,0.16666666666666666,0.7962962962962963,0.364302140239,0.7222222222222222,0.6327422017264166,37.75,0.013349988607849157,0.04243509370368315,-0.920540884650554,-1.123221778298098,1.0,1.0,0.018518518518518517,False,0.6327422017264166,0.3672577982735834,False
FSMI_nm,6072,6082,1.5697987651446832,2.5413096989008626,0.9715109337561794,0.16512098821087262,0.1066375198126608,0.4040981148946411,0.32686442358797124,1.271680207243968,0.8333333333333334,0.6481481481481481,0.7349309197401641,0.6481481481481481,0.6698438410461521,32.0,0.1267987361069977,0.3400811590784,1.4415548544148384,-0.38441775581748977,0.23655965675714807,1.0,0.42592592592592593,False,0.6698438410461521,0.33015615895384787,False
FSMI_nm,6072,6084,1.3458682689199004,2.245359845666212,0.8994915767463114,0.07566831971042554,0.22921481280604597,0.21087144903164998,0.25797676848580087,0.9199498066679888,0.6851851851851852,0.5370370370370371,0.6066051612651556,0.5740740740740741,0.5822068458718445,31.0,0.01779176381860388,0.05205387764428926,-0.4018810858107124,-1.5017770090823004,1.0,1.0,0.05555555555555555,False,0.5822068458718445,0.41779315412815554,False
FSMI_nm,6072,6085,1.86691079236755,3.193937924534357,1.327027132166807,0.19270203880855474,0.25132443376251645,0.7543088476998047,0.6329026608712057,2.4747480359735854,0.9074074074074074,0.5740740740740741,0.7217472322187065,0.8333333333333334,0.8054368080546767,31.25,0.044054129239867304,0.13330747037006851,-1.283536899286822,-0.6511985349437016,1.0,1.0,0.2037037037037037,False,0.8054368080546767,0.19456319194532334,False
FSMI_nm,6072,6090,2.022297889711494,3.147467993860774,1.12517010414928,0.07587654868730143,0.3917288340847856,0.1689637288533457,0.3156835865947761,1.2473215574306824,0.7222222222222222,0.16666666666666666,0.3469443332443555,0.7592592592592593,0.6561805277555333,25.25,0.13850865402270612,0.3677706745394759,-0.5296831325732566,1.421957490000468,1.0,0.24124132691987585,0.46296296296296297,False,0.6561805277555333,0.34381947224446674,False
FSMI_nm,6072,6094,3.459780024999232,1.997263187304251,1.4625168376949809,0.05133991220802603,0.18063285520608985,0.16669525028648854,0.18774069380114675,0.6833333402239625,0.46296296296296297,0.46296296296296297,0.46296296296296297,0.46296296296296297,0.46296296296296297,30.0,0.023927272550464358,0.07430741740246483,0.7415106940401119,-0.9754668552674014,0.4763936865321981,1.0,0.09259259259259259,False,0.462962962962963,0.537037037037037,False
FSMI_nm,6072,6095,7.857275141594466,4.685477734143552,3.1717974074509145,0.06517851570625854,0.6914144170372272,0.26119404391286616,0.5193083497829082,1.7717444183026116,0.6481481481481481,0.3888888888888889,0.502053396730591,0.9814814814814815,0.8616244602937589,28.75,0.3388755366933535,0.9174932325100248,0.24950722905614603,-0.023237171922419853,0.7791846480393368,1.0,0.8703703703703703,False,0.8616244602937589,0.13837553970624106,False
FSMI_nm,6072,6099,8.69575314178455,3.8119843185214606,4.88376882326309,0.15486810127085926,0.1385612804660408,0.3558084211973777,0.2974888952939307,0.9562473635034725,0.7962962962962963,0.5370370370370371,0.6539423549262806,0.9074074074074074,0.8440411442871257,31.0,0.19991061254796372,0.5452136113340952,0.17386909234578637,-1.5296310118674454,0.8404069061544669,1.0,0.7222222222222222,False,0.8440411442871257,0.15595885571287427,False
FSMI_nm,6072,6101,0.3286650711030523,1.150781578284227,0.8221165071811747,0.008527579000467522,0.051959127464819226,0.06424109699390963,0.06212101627302038,0.21166717398656787,0.2037037037037037,0.9074074074074074,0.4299328431942185,0.12962962962962962,0.20470543302077682,39.25,0.35699716551144994,0.9483584627827929,-0.2051609842148958,0.5866365771231604,1.0,0.5561948607686213,0.9074074074074074,True,0.9074074074074074,0.09259259259259256,False
FSMI_nm,6072,N6342,0.7560989711345802,1.4691391488460805,0.7130401777115003,0.040982472870272124,0.2457079515336072,0.06842953666121154,0.173538156244454,0.5754697740209904,0.3888888888888889,0.05555555555555555,0.1469861839480328,0.24074074074074073,0.21730210154256374,21.0,0.19983410512359193,0.5665580043294932,2.2078553803329237,-0.09843428950302115,0.10993616714247824,1.0,0.6851851851851852,False,0.2173021015425638,0.7826978984574362,False
FSMI_nm,6072,N6358,0.8146778778150339,1.9989089494058114,1.1842310715907776,0.05163653342386687,0.12635192494878572,0.07332071099333094,0.13765542101949554,0.513979263572149,0.5,0.2777777777777778,0.37267799624996495,0.5,0.4681694990624912,27.0,0.28346225151466636,0.7860562886296419,1.384131567515172,1.5201396940469447,0.2505412835324651,0.21868133633753067,0.7962962962962963,False,0.46816949906249117,0.5318305009375088,False
FSMI_nm,6072,N6382,1.0237676864754848,1.0598309951551164,0.03606330867963159,0.05381585450099391,0.033249661091226,0.05169497454840244,0.04922046603064663,0.1825435639878613,0.5370370370370371,0.018518518518518517,0.09972527420619452,0.09259259259259259,0.09437576299599308,19.5,0.1261036714554948,0.3428062271993555,1.8956154384921151,0.6864486301887371,0.15022585181873033,0.5033605179191928,0.3888888888888889,False,0.09437576299599304,0.905624237004007,False
FSMI_nm,6072,N6389,1.7659275986645624,1.9041987482634208,0.13827114959885844,0.06378394880081872,0.1323046014590493,0.18267687938806706,0.2424217301344187,0.8473236167634552,0.6111111111111112,0.09259259259259259,0.23787467738268758,0.42592592592592593,0.37891311379011633,23.5,0.17515766985811607,0.48126976835582563,5.082331155493413,1.5304052946250781,0.006205426328128748,0.2164479243559823,0.5740740740740741,False,0.3789131137901163,0.6210868862098837,False
FSMI_nm,6072,N6390,1.7769079672453123,1.1749994925652205,0.6019084746800918,0.04650625146094711,0.21356388738432536,0.17203120969662128,0.19710938554937796,0.5827369069092629,0.42592592592592593,0.12962962962962962,0.23497365815647261,0.16666666666666666,0.18374341453911816,25.0,0.1584808976894355,0.4282272393171205,6.642059231481672,0.7656327427060733,0.0013043385414688619,0.46503958745527874,0.5,False,0.18374341453911813,0.8162565854608819,False
FSMI_nm,6078,6022,1.2832086750870029,0.7731383181721029,0.5100703569149,1.0922392931535727,0.4534084922870246,0.8890094585842181,0.722763869953634,2.0717989912149495,0.9814814814814815,0.2777777777777778,0.5221434140693216,0.018518518518518517,0.1444247424062193,27.0,0.44690741986645965,1.3283794574142096,2.945312806035901,45.25718248908812,0.05258560814768723,2.2133769275152413e-20,0.9814814814814815,True,0.9814814814814815,0.01851851851851849,False
FSMI_nm,6078,6028,4.415429811910861,3.1186794977551986,1.2967503141556622,0.20610836237591634,0.23107011339790934,0.9130039150526321,0.7441252266506936,2.8177151971190133,0.9074074074074074,0.46296296296296297,0.6481481481481481,0.7222222222222222,0.7037037037037037,30.0,0.12498137062663697,0.346264789253799,-1.0241351403882792,0.22122653702763181,1.0,0.8015350823465454,0.42592592592592593,False,0.7037037037037037,0.2962962962962963,False
FSMI_nm,6078,6029,2.0210013039871706,1.2629356377525256,0.758065666234645,0.019512853139953767,0.2461636977529963,0.06155375381204932,0.17501456869198365,0.6828486300178704,0.2777777777777778,0.6851851851851852,0.43626736997739807,0.24074074074074073,0.2896223980499051,33.5,0.13914021967389942,0.44256022195004097,-1.1329252746086744,56.43628844042998,1.0,3.0905185254519357e-25,0.46296296296296297,False,0.2896223980499051,0.7103776019500949,False
FSMI_nm,6078,6033,1.8207478300807216,2.0220099185444607,0.20126208846373905,0.0,0.1880550830211343,0.21939921335120935,0.24397408814311292,0.9940363492864119,0.09259259259259259,0.9814814814814815,0.30145964066851305,0.5,0.45036491016712826,40.25,0.047040823975844956,0.13132550749716299,-0.963196326185125,1.0600082735116945,1.0,0.34645294393571663,0.2037037037037037,False,0.4503649101671283,0.5496350898328717,False
FSMI_nm,6078,6047,2.946053864791246,2.073010102630468,0.8730437621607781,0.01824910123991863,0.11774343090295145,0.09003293543293392,0.12235843674364213,0.5203954568613032,0.24074074074074073,0.6111111111111112,0.3835613921705181,0.5370370370370371,0.4986681258204073,31.5,0.01033173271901353,0.03212534164854364,-1.00013588306033,-1.4402814199445697,1.0,1.0,0.018518518518518517,False,0.4986681258204073,0.5013318741795927,False
FSMI_nm,6078,6048,1.599313301289055,2.2522306859762393,0.6529173846871843,0.31603064243322265,0.2693414519722026,0.3999003449599139,0.36284172936045134,1.1300683736229855,0.9444444444444444,0.3148148148148148,0.5452752542346465,0.5740740740740741,0.5668743691142172,27.25,0.08185026986725841,0.24236373109311315,-0.22855269603341613,-0.20848015086943988,1.0,1.0,0.35185185185185186,False,0.5668743691142172,0.4331256308857828,False
FSMI_nm,6078,6056,2.284561920801109,1.4651020416161595,0.8194598791849497,0.0,0.14151873849014243,0.36033171618655835,0.3278420342461024,1.1110456499557992,0.09259259259259259,0.7222222222222222,0.258597037847573,0.2777777777777778,0.2729825927952266,34.5,0.19751327264418794,0.5442862122755528,-0.900118691469157,-0.2418325974428347,1.0,1.0,0.6111111111111112,False,0.2729825927952265,0.7270174072047735,False
FSMI_nm,6078,6057,3.4970517461895976,0.8270707654940147,2.6699809806955828,0.011523578557831038,0.051289141775343085,0.029244441134270317,0.041731367087451565,0.13242881545027785,0.16666666666666666,0.8703703703703703,0.3808697000222802,0.09259259259259259,0.1646618694500145,39.0,0.2292328765669532,0.6208746874475616,-0.0374818973250089,0.1045887175838484,1.0,0.9006948863880744,0.7222222222222222,False,0.1646618694500145,0.8353381305499855,False
FSMI_nm,6078,6062,2.9196668297119017,4.136619118299236,1.216952288587334,0.00807948693690097,0.7772543635762507,0.2936930114197765,0.5837075993774858,2.0560273958565016,0.12962962962962962,0.7962962962962963,0.3212842883869902,0.9074074074074074,0.7608766276523031,37.5,0.42545437565500027,1.179143923568232,-0.9907655998979001,0.388396602078169,1.0,0.6781433368666843,0.9444444444444444,True,0.9444444444444444,0.05555555555555558,False
FSMI_nm,6078,6063,4.4421744453751355,3.1592809289388044,1.282893516436331,0.02196309326937751,0.4377699628489547,0.639862662532363,0.5878475945124689,2.058545134511644,0.35185185185185186,0.2777777777777778,0.3126285743728543,0.7592592592592593,0.647601588037658,27.0,0.04316890914756216,0.1299379499171852,-0.29152961705597247,2.2130591030320743,1.0,0.10936557570145183,0.16666666666666666,False,0.647601588037658,0.352398411962342,False
FSMI_nm,6078,6070,2.307992993047587,1.4868798649531794,0.8211131280944075,0.10584877730516862,0.10310263911072659,0.06136970166855848,0.08316219105583779,0.2533197849299822,0.7222222222222222,0.35185185185185186,0.5040984292154148,0.3148148148148148,0.36213571841496484,27.5,0.10737142789940424,0.2898036818507248,-0.5401652947916122,-0.2897359197988548,1.0,1.0,0.3888888888888889,False,0.36213571841496484,0.6378642815850352,False
FSMI_nm,6078,6072,1.4268834691757484,0.8178988645382115,0.6089846046375369,0.0,0.027194189783051465,0.05968347918784543,0.06356606095255936,0.20725263063859323,0.09259259259259259,0.7962962962962963,0.2715347833076885,0.05555555555555555,0.1095503624935888,37.5,0.292367807689116,0.7965566313085934,0.6465515731668597,-0.08797895835246484,0.523849120988978,1.0,0.8333333333333334,False,0.10955036249358874,0.8904496375064113,False
FSMI_nm,6078,6080,3.486930250089525,2.8789432860891324,0.6079869640003928,0.08132163668927861,0.14127384666138157,0.2339797076421904,0.22078828285633462,0.6018111834272659,0.6851851851851852,0.9444444444444444,0.804437282554573,0.6851851851851852,0.7149982095275322,39.5,0.2497467108993886,0.6832907324536259,0.22043742961135174,1.0364868853345135,0.8021678292442347,0.35469859250638897,0.7592592592592593,False,0.7149982095275322,0.28500179047246776,False
FSMI_nm,6078,6081,0.8928726233487373,3.402380988214314,2.5095083648655767,0.011824289106622032,0.13385565320605788,0.15386903331763369,0.19020579060870094,0.6872835401225297,0.2037037037037037,0.8333333333333334,0.41201102706087017,0.8703703703703703,0.7557805345429953,37.75,0.05947285641893261,0.16872387999705196,-0.7727754294538358,-1.0490931463444324,1.0,1.0,0.2777777777777778,False,0.7557805345429953,0.24421946545700468,False
FSMI_nm,6078,6082,1.5697987651446832,2.671843207363099,1.102044442218416,0.16150831397379717,0.12192817888676502,0.4209799416232922,0.341960223016243,1.3597598466408218,0.8703703703703703,0.6481481481481481,0.7510851774323425,0.6481481481481481,0.6738824054691968,32.0,0.14995902498203054,0.4075972719816606,0.47434704597990446,-0.17785878733319269,0.6222912514115562,1.0,0.5370370370370371,False,0.6738824054691968,0.32611759453080325,False
FSMI_nm,6078,6084,1.3458682689199004,2.330977063293943,0.9851087943740424,0.11379007801127416,0.2461506852970822,0.2291904206129448,0.2797259890316934,0.9917100719489547,0.7592592592592593,0.5370370370370371,0.6385533203543211,0.6111111111111112,0.6179716634219137,31.0,0.020420133801881114,0.06078779087120578,-0.5772431073303683,-1.2028046994932362,1.0,1.0,0.09259259259259259,False,0.6179716634219137,0.3820283365780863,False
FSMI_nm,6078,6085,1.86691079236755,3.209738160216322,1.342827367848772,0.1431398524428582,0.25961422293233805,0.714933878746421,0.6042107892129653,2.357146013993907,0.8333333333333334,0.5740740740740741,0.6916610887771518,0.7962962962962963,0.7701374944165101,31.25,0.03686969842292829,0.11101679510321893,-1.3040679808135724,-0.6141926796832826,1.0,1.0,0.12962962962962962,False,0.7701374944165101,0.22986250558348986,False
FSMI_nm,6078,6090,2.022297889711494,3.2337857854394474,1.2114878957279536,0.07086412804623876,0.40269980306165676,0.15139783019543496,0.31249705961413227,1.1802828969738481,0.6111111111111112,0.16666666666666666,0.3191423692521127,0.8333333333333334,0.7047855923130282,25.25,0.06831748121378765,0.1946509014982113,-0.9334802908256588,1.5514828008827002,1.0,0.21193348556316094,0.3148148148148148,False,0.7047855923130282,0.2952144076869718,False
FSMI_nm,6078,6094,3.459780024999232,1.9176311517314,1.542148873267832,0.04225956068764081,0.16853420113749942,0.1615978034322903,0.1790481444276357,0.6474255391853991,0.5,0.46296296296296297,0.4811252243246881,0.46296296296296297,0.46750352830339426,30.0,0.01622887867307204,0.04953003894287844,0.32677742731459714,-0.9578242144404219,0.7212442544337576,1.0,0.05555555555555555,False,0.46750352830339426,0.5324964716966057,False
FSMI_nm,6078,6095,7.857275141594466,4.430381374574763,3.4268937670197035,0.0697588495393644,0.6157787532017813,0.22207431651059456,0.45664543759159243,1.6504208453073201,0.5740740740740741,0.3888888888888889,0.47249447489529905,0.9814814814814815,0.854234729834936,28.75,0.30958722708779596,0.8430873252700268,-0.09430410689278344,-0.010046359983714743,1.0,1.0,0.8703703703703703,False,0.854234729834936,0.14576527016506402,False
FSMI_nm,6078,6099,8.69575314178455,4.178558294255694,4.517194847528856,0.12025868902208892,0.13328677436083178,0.37736408785241987,0.31465564057516104,1.0204411257024373,0.7962962962962963,0.5370370370370371,0.6539423549262806,0.9444444444444444,0.8718189220649034,31.0,0.22094986691207957,0.6039705559296003,-0.0684638059128948,-1.411911948181649,1.0,1.0,0.6851851851851852,False,0.8718189220649034,0.1281810779350966,False
FSMI_nm,6078,6101,0.3286650711030523,1.1893670963060103,0.860702025202958,0.030783612261815252,0.05426449309628076,0.05858355180883778,0.05915643507176722,0.19686821729373238,0.3888888888888889,0.9074074074074074,0.5940375900868682,0.16666666666666666,0.27350939752171705,39.25,0.3492552045516448,0.9300896469338307,-0.39159325696531955,0.7368687588558415,1.0,0.4786102156594825,0.9074074074074074,True,0.9074074074074074,0.09259259259259256,False
FSMI_nm,6078,N6342,0.7560989711345802,1.5887884305284794,0.8326894593938992,0.021695180180150597,0.2324646227196871,0.06801803471107669,0.16579834306664476,0.5334792579111678,0.3148148148148148,0.05555555555555555,0.13224867460264536,0.35185185185185186,0.29695105753955026,21.0,0.14583395670556204,0.4177872637527702,1.356854147938713,-0.04820445865707987,0.25746946512754226,1.0,0.5,False,0.2969510575395502,0.7030489424604498,False
FSMI_nm,6078,N6358,0.8146778778150339,1.8217491739555893,1.0070712961405555,0.03835068972880262,0.11736737839595614,0.06878085673232208,0.12619632228919644,0.46961509913374977,0.42592592592592593,0.2777777777777778,0.343966215203828,0.3888888888888889,0.37765822046762365,27.0,0.25228061267610796,0.6895599323488493,0.5193822024151772,1.5780402880307436,0.5948879548087008,0.2063791458493958,0.7962962962962963,False,0.37765822046762365,0.6223417795323763,False
FSMI_nm,6078,N6382,1.0237676864754848,1.2237341928680119,0.1999665063925271,0.04181610053679341,0.03176870317410482,0.046531085772667416,0.04530123876256751,0.1633822618657914,0.46296296296296297,0.018518518518518517,0.09259259259259259,0.2037037037037037,0.1759259259259259,19.5,0.054263434483691045,0.15274325046664317,1.0073082230853783,0.7129788001553047,0.3652006965013194,0.490181866726026,0.24074074074074073,False,0.17592592592592593,0.8240740740740741,False
FSMI_nm,6078,N6389,1.7659275986645624,1.8583899163486877,0.09246231768412527,0.05279309907721341,0.12250123174466879,0.18046666895896285,0.23259270572398072,0.803316378833804,0.5370370370370371,0.09259259259259259,0.2229924921998573,0.42592592592592593,0.37519256749440877,23.5,0.15591378553329993,0.4207765593549778,3.0759711090006214,1.595311454574287,0.046144794990401555,0.20284534155362302,0.5740740740740741,False,0.37519256749440877,0.6248074325055912,False
FSMI_nm,6078,N6390,1.7769079672453123,1.0443356843599554,0.7325722828853569,0.0805891384399895,0.26701300933826577,0.17061834370022286,0.2348682633058551,0.8307786054729205,0.6481481481481481,0.12962962962962962,0.2898606637499727,0.12962962962962962,0.1696873881597154,25.0,0.20699684094431334,0.5636029670180192,3.9349452200149204,0.6923083457931822,0.019546770069919634,0.50041959334352,0.6481481481481481,False,0.1696873881597154,0.8303126118402846,False
FSMI_nm,6080,6022,1.2832086750870029,0.7178730179460889,0.5653356571409139,1.1309036764080322,0.4644561717930885,0.8834035283374998,0.7198981275303277,2.051145208929448,0.9814814814814815,0.2777777777777778,0.5221434140693216,0.018518518518518517,0.1444247424062193,27.0,0.3521264817169048,1.095270511467216,5.285283411069982,53.97771726449295,0.005065596338624136,3.612228761739443e-24,0.9074074074074074,True,0.9074074074074074,0.09259259259259256,False
FSMI_nm,6080,6028,4.415429811910861,3.1307341233434833,1.2846956885673775,0.1902231773651688,0.23615206182552562,0.9001295483096249,0.7344399226322486,2.736493452530093,0.9074074074074074,0.46296296296296297,0.6481481481481481,0.7222222222222222,0.7037037037037037,30.0,0.10622481770359958,0.28501505484686807,-0.7456515282368747,0.23299331198214016,1.0,0.7921588714792779,0.42592592592592593,False,0.7037037037037037,0.2962962962962963,False
FSMI_nm,6080,6029,2.0210013039871706,1.271632288677893,0.7493690153092776,0.019560615064058817,0.2707533694290858,0.05351446711044897,0.18935729988349237,0.7546335911435613,0.35185185185185186,0.6851851851851852,0.4910027253171427,0.24074074074074073,0.3033062368848412,33.5,0.19518061291517202,0.6252604798912027,-0.8030083493429239,73.90706119436254,1.0,7.990448368735552e-33,0.6851851851851852,False,0.30330623688484115,0.6966937631151588,False
FSMI_nm,6080,6033,1.8207478300807216,1.992955594678578,0.17220776459785636,0.008598912639339096,0.19648482684841673,0.21706556885436745,0.24633459648842712,1.0104223531276644,0.24074074074074073,0.9814814814814815,0.4860890647558032,0.5370370370370371,0.5243000439667286,40.25,0.0409364162801256,0.12139990361783293,-0.7975243359738315,1.4077329181956473,1.0,0.24469740382944755,0.05555555555555555,False,0.5243000439667286,0.4756999560332714,False
FSMI_nm,6080,6047,2.946053864791246,2.15469774543234,0.7913561193589063,0.005285244738640671,0.11236920835245613,0.08279678503083555,0.11822002665490082,0.5076536849265527,0.2037037037037037,0.6111111111111112,0.3528251645047713,0.6111111111111112,0.5465396244595262,31.5,0.05506381905078365,0.1578360876203846,-0.795283809432439,-1.471207188088787,1.0,1.0,0.12962962962962962,False,0.5465396244595262,0.4534603755404738,False
FSMI_nm,6080,6048,1.599313301289055,2.165337181121535,0.5660238798324801,0.2496665516326817,0.2429125934297892,0.3683980058890766,0.3341518040522596,1.027671768943319,0.9444444444444444,0.3148148148148148,0.5452752542346465,0.6481481481481481,0.6224299246697728,27.25,0.0755625146459619,0.23153625365478558,0.3725885841644037,-0.270351592505386,0.6889486189169342,1.0,0.2037037037037037,False,0.6224299246697728,0.37757007533022724,False
FSMI_nm,6080,6056,2.284561920801109,1.4990304250959758,0.7855314957051334,0.0,0.139885155757951,0.37033250778636284,0.33522205060946236,1.1372611472661278,0.12962962962962962,0.7222222222222222,0.30597614151589453,0.2777777777777778,0.28482736871230696,34.5,0.1762042147509964,0.5053741800564377,-0.7361968411425326,-0.24138347089056003,1.0,1.0,0.6111111111111112,False,0.28482736871230696,0.715172631287693,False
FSMI_nm,6080,6057,3.4970517461895976,0.7554231030073522,2.7416286431822456,0.011077697194643132,0.04964448381134274,0.024902608126087394,0.03897515711614548,0.12776243180604052,0.2777777777777778,0.8703703703703703,0.4917006684204353,0.05555555555555555,0.1645918337717755,39.0,0.24363125747629688,0.657664896902385,-0.4091386536329404,0.06986278031181974,1.0,0.9325217714737133,0.7592592592592593,False,0.16459183377177555,0.8354081662282244,False
FSMI_nm,6080,6062,2.9196668297119017,4.248742707677555,1.329075877965653,0.0034837119411106343,0.7808009050753626,0.28846976850823236,0.5873038927554708,2.0678820653849628,0.16666666666666666,0.7962962962962963,0.364302140239,0.9444444444444444,0.7994088683930832,37.5,0.47013945903453974,1.347928376162604,-0.8475649666882795,0.6555471145859502,1.0,0.5191579459873058,0.9814814814814815,True,0.9814814814814815,0.01851851851851849,False
FSMI_nm,6080,6063,4.4421744453751355,3.2447721500091213,1.1974022953660142,0.0,0.45683184204660104,0.6650717435296504,0.6105138062182426,2.091294099496105,0.12962962962962962,0.2777777777777778,0.18975834751777035,0.8333333333333334,0.6724395868794426,27.0,0.06532753595444205,0.18913663691027593,-0.12682910048652837,2.3966974869063575,1.0,0.09101804577491174,0.16666666666666666,False,0.6724395868794426,0.3275604131205574,False
FSMI_nm,6080,6070,2.307992993047587,1.54879190461318,0.7592010884344069,0.11225688388114996,0.10803293817513573,0.06011267020085692,0.08445517077182113,0.2609830376418978,0.7962962962962963,0.35185185185185186,0.5293187380724612,0.3148148148148148,0.3684407956292264,27.5,0.08595152651164926,0.23986661942028514,-0.3456050319055415,-0.28880794497070034,1.0,1.0,0.2777777777777778,False,0.3684407956292264,0.6315592043707736,False
FSMI_nm,6080,6072,1.4268834691757484,0.8042981036878523,0.6225853654878961,0.0,0.02846775779725443,0.05578539908500559,0.05875428610433092,0.1961989029958343,0.12962962962962962,0.7962962962962963,0.3212842883869902,0.09259259259259259,0.149765516541192,37.5,0.2499228963182043,0.7071347281491288,1.3918223596746258,-0.15306661983609232,0.24862181317833454,1.0,0.7962962962962963,False,0.14976551654119197,0.850234483458808,False
FSMI_nm,6080,6078,1.3924063210314295,1.6413446186183012,0.2489382975868717,0.0,0.05016930040480387,0.05568310979015646,0.05909022946295528,0.2091420123604475,0.12962962962962962,0.9444444444444444,0.3498971042165034,0.3888888888888889,0.3791409427207925,39.25,0.1730321262740712,0.47949568680420285,-0.790894566964011,0.342371256866613,1.0,0.7100845320086716,0.5740740740740741,False,0.3791409427207926,0.6208590572792074,False
FSMI_nm,6080,6081,0.8928726233487373,3.2336415778482834,2.3407689544995463,0.02991217711818983,0.12586665604153444,0.14016662048332368,0.18208710931776717,0.663837919517809,0.5,0.8333333333333334,0.6454972243679028,0.7962962962962963,0.7585965283141979,37.75,0.0817598984883331,0.23262979793255434,-0.8666660787403653,-1.2325937311445692,1.0,1.0,0.24074074074074073,False,0.7585965283141979,0.24140347168580212,False
FSMI_nm,6080,6082,1.5697987651446832,2.0758170775397287,0.5060183123950455,0.11013286258222577,0.07692369505985877,0.3152956572482127,0.25451486572242793,1.0205889210204322,0.7592592592592593,0.6481481481481481,0.7015072935139189,0.5740740740740741,0.6059323789340353,32.0,0.1229146914011455,0.3448272595783477,1.409091602974762,-0.2139287765120061,0.24436516294780042,1.0,0.46296296296296297,False,0.6059323789340353,0.3940676210659647,False
FSMI_nm,6080,6084,1.3458682689199004,2.212082281426275,0.8662140125063744,0.09212474218001754,0.22169326791219054,0.1929210699311361,0.24646167619225398,0.8886767679904743,0.7222222222222222,0.5370370370370371,0.6227841378074163,0.6851851851851852,0.669584923340743,31.0,0.0243110414902848,0.07732136874438211,-0.5355040343604557,-1.2138239974811214,1.0,1.0,0.018518518518518517,False,0.669584923340743,0.33041507665925696,False
FSMI_nm,6080,6085,1.86691079236755,3.2925638469925045,1.4256530546249544,0.18276045963012066,0.262930737397183,0.7431636883401984,0.6265324342622239,2.4211315979862733,0.8703703703703703,0.5740740740740741,0.7068642475552709,0.8703703703703703,0.8294938396665955,31.25,0.08722684086962444,0.2578022729243554,-1.280412013815924,-0.6985297140499442,1.0,1.0,0.3148148148148148,False,0.8294938396665955,0.1705061603334045,False
FSMI_nm,6080,6090,2.022297889711494,3.136124098796575,1.1138262090850812,0.06786568785008606,0.41364048850175433,0.15301532982488567,0.3229536416894255,1.2540874098210688,0.6481481481481481,0.16666666666666666,0.32867109906108977,0.7592592592592593,0.6516122192097169,25.25,0.09838818474124268,0.2906603715256627,-0.5981139250750221,1.2894680524871287,1.0,0.2754172516515228,0.3888888888888889,False,0.6516122192097169,0.3483877807902831,False
FSMI_nm,6080,6094,3.459780024999232,1.8679091358007796,1.5918708891984523,0.04205994111793099,0.1562838402185726,0.15283997652947307,0.1671538082832373,0.6009378274470258,0.5370370370370371,0.46296296296296297,0.4986263710309726,0.5,0.49965659275774316,30.0,0.04722012781747722,0.14787129513747066,0.8354646828762509,-1.0157932710215396,0.43367291422706833,1.0,0.09259259259259259,False,0.4996565927577432,0.5003434072422568,False
FSMI_nm,6080,6095,7.857275141594466,4.976947366977623,2.880327774616843,0.017412689879410692,0.72699542965891,0.2613136454601349,0.5331012664966231,1.9201579378645883,0.3148148148148148,0.3888888888888889,0.34989710421650344,0.9814814814814815,0.823585387165237,28.75,0.32943006212523235,0.8749590560271683,0.148486493951657,0.14585823202046366,0.8620116494628878,0.8642802217606242,0.8703703703703703,False,0.823585387165237,0.176414612834763,False
FSMI_nm,6080,6099,8.69575314178455,4.167525589666724,4.528227552117826,0.11824428784406127,0.1449077075116029,0.39438410595719875,0.3278548519654108,1.0739434502339176,0.8333333333333334,0.5370370370370371,0.668977476599572,0.9074074074074074,0.8477999247054486,31.0,0.24269422879935912,0.6638205870564676,0.44588941607491217,-1.3989908332493095,0.6402545700104246,1.0,0.7222222222222222,False,0.8477999247054486,0.15220007529455137,False
FSMI_nm,6080,6101,0.3286650711030523,1.2179086175861207,0.8892435464830684,0.029526547912914758,0.05444578045839799,0.0658624432280608,0.06396507165598428,0.22103383583909508,0.46296296296296297,0.9444444444444444,0.6612433730132269,0.2037037037037037,0.3180886210310845,39.25,0.27955854074316255,0.7627520167586715,-0.07445765545105129,0.7710954346862355,1.0,0.4625061454371607,0.8333333333333334,False,0.3180886210310845,0.6819113789689155,False
FSMI_nm,6080,N6342,0.7560989711345802,1.551957333589656,0.7958583624550757,0.020105497335504374,0.2454151491516514,0.06079146521852183,0.17195165421546926,0.5960512013056884,0.3888888888888889,0.05555555555555555,0.1469861839480328,0.35185185185185186,0.3006354348758971,21.0,0.18610885804643276,0.5273400737841724,1.844435771160093,-0.12144285668041736,0.15811450849187186,1.0,0.6481481481481481,False,0.30063543487589706,0.6993645651241029,False
FSMI_nm,6080,N6358,0.8146778778150339,1.8559365831638293,1.0412587053487954,0.02810182858378063,0.11406064418390845,0.06634064359666823,0.12309475384554572,0.45663602448439766,0.42592592592592593,0.2777777777777778,0.343966215203828,0.42592592592592593,0.40543599824540144,27.0,0.36601900864156145,0.9979891276794461,1.3429554804248554,2.836424299337048,0.2610729312999361,0.058634952607228556,0.9444444444444444,True,0.9444444444444444,0.05555555555555558,False
FSMI_nm,6080,N6382,1.0237676864754848,1.212150867731811,0.18838318125632614,0.04817486862193032,0.030581198770094017,0.04860668463574675,0.04514408614610518,0.15584408789336845,0.5740740740740741,0.018518518518518517,0.10310674745981521,0.16666666666666666,0.1507766868649538,19.5,0.09321059424995873,0.2575365264291948,1.722676623576746,0.7923327358469653,0.17858749610931324,0.45278732913356873,0.35185185185185186,False,0.15077668686495382,0.8492233131350462,False
FSMI_nm,6080,N6389,1.7659275986645624,1.859924781861074,0.09399718319651162,0.052780999609615575,0.12385368853970186,0.1845493078170446,0.2367697353806948,0.8309788839489767,0.6111111111111112,0.09259259259259259,0.23787467738268758,0.46296296296296297,0.4066908915678941,23.5,0.14360002136472846,0.3821427169403704,4.650700071736554,1.5249851819314748,0.009554910465801715,0.21762428161285824,0.5,False,0.4066908915678942,0.5933091084321058,False
FSMI_nm,6080,N6390,1.7769079672453123,1.051266907629421,0.7256410596158913,0.07351335787195423,0.25416192859503406,0.17341533206330034,0.22837854580950384,0.8117466536282517,0.6851851851851852,0.12962962962962962,0.2980273507302052,0.12962962962962962,0.1717290599047735,25.0,0.17297271726636265,0.47358693105000704,6.340348372788001,0.713892614128085,0.0017636877089938167,0.4897341362893294,0.5370370370370371,False,0.1717290599047735,0.8282709400952265,False
FSMI_nm,6081,6022,1.2832086750870029,0.7135813196627587,0.5696273554242441,1.1548335344972511,0.47755228901500657,1.0575381771514327,0.86383312844064,2.5267177003893373,0.9814814814814815,0.2777777777777778,0.5221434140693216,0.018518518518518517,0.1444247424062193,27.0,0.40222720137929174,1.214604758162137,3.4913043310919076,57.79502786832093,0.03046111486929331,7.942154209843438e-26,0.9814814814814815,True,0.9814814814814815,0.01851851851851849,False
FSMI_nm,6081,6028,4.415429811910861,3.0161768713362904,1.3992529405745704,0.13163937550114602,0.17998197949708397,0.860240749994625,0.6947200639195906,2.6454271766694264,0.7962962962962963,0.46296296296296297,0.6071702337316667,0.7592592592592593,0.7212370028773611,30.0,0.08180144344205817,0.22951446804623155,-0.9601230521760707,0.14516208061130942,1.0,0.8648821011301855,0.2037037037037037,False,0.7212370028773611,0.27876299712263886,False
FSMI_nm,6081,6029,2.0210013039871706,1.376626007059773,0.6443752969273977,0.04597171421635893,0.2344914320156232,0.06556018055961685,0.16688807653877336,0.6581374773191022,0.42592592592592593,0.6851851851851852,0.5402204498449934,0.2777777777777778,0.3433884457945817,33.5,0.08635988334247588,0.27726685193062434,-1.0195349801824949,70.46405012208663,1.0,2.4994926236296944e-31,0.24074074074074073,False,0.3433884457945817,0.6566115542054183,False
FSMI_nm,6081,6033,1.8207478300807216,2.2258539544401073,0.40510612435938564,0.0,0.17375798234496384,0.25353519726098683,0.26016327500205927,1.0272665879291507,0.16666666666666666,0.9814814814814815,0.4044505494044732,0.5740740740740741,0.5316681929066739,40.25,0.09452238661118266,0.2768627224607435,-0.804187700802233,1.0548906292342222,1.0,0.3482305114612187,0.3148148148148148,False,0.5316681929066739,0.4683318070933261,False
FSMI_nm,6081,6047,2.946053864791246,2.2173684444150323,0.7286854203762139,0.0,0.14112229973077414,0.094299612468988,0.1459674301404192,0.6072226330001946,0.16666666666666666,0.6111111111111112,0.3191423692521127,0.5370370370370371,0.48256337009080597,31.5,0.020203602427734207,0.06360578052304366,-1.019558935641747,-1.7531814604196643,1.0,1.0,0.018518518518518517,False,0.48256337009080597,0.517436629909194,False
FSMI_nm,6081,6048,1.599313301289055,2.018567395396339,0.41925409410728376,0.14184038236687035,0.21354975663056186,0.3501713442567016,0.31178416250201413,0.9682692266286528,0.8333333333333334,0.3148148148148148,0.5121969142940493,0.3888888888888889,0.41971589524017905,27.25,0.13638191932696342,0.3873798107221751,-0.11116382783675846,-0.34796246306206785,1.0,1.0,0.42592592592592593,False,0.41971589524017905,0.580284104759821,False
FSMI_nm,6081,6056,2.284561920801109,1.4794809079749813,0.8050810128261279,0.0,0.13684597081675856,0.3871616538103412,0.34694578960309175,1.2038693000635379,0.16666666666666666,0.7222222222222222,0.3469443332443555,0.3148148148148148,0.3228471944222,34.5,0.18559785222240488,0.5158606877412765,-0.8915976802859737,-0.48391101450118384,1.0,1.0,0.6111111111111112,False,0.3228471944222,0.6771528055778,False
FSMI_nm,6081,6057,3.4970517461895976,0.9637252664901855,2.533326479699412,0.015537995996276366,0.0637785134508218,0.03600235844956704,0.05191375496715334,0.17863447444940816,0.3148148148148148,0.8333333333333334,0.5121969142940493,0.09259259259259259,0.19749367301795678,39.0,0.17890582000777436,0.47467854151195954,-0.2882523727328325,-0.024262503700878863,1.0,1.0,0.5,False,0.19749367301795684,0.8025063269820432,False
FSMI_nm,6081,6062,2.9196668297119017,4.131565639419532,1.21189880970763,0.002893931386558357,0.7700816130481851,0.2721656469637428,0.5737413003844809,2.046965838203295,0.2037037037037037,0.7962962962962963,0.40275116983206566,0.9444444444444444,0.8090211257913497,37.5,0.38943504229261555,1.084354070839651,-1.0642559603245216,0.13898946015544586,1.0,0.8702372005747344,0.9444444444444444,True,0.9444444444444444,0.05555555555555558,False
FSMI_nm,6081,6063,4.4421744453751355,3.433092497141831,1.0090819482333044,0.09089175019365525,0.38801452172918577,0.7209632266982354,0.6284171235829663,2.326610345796353,0.6481481481481481,0.2777777777777778,0.424312564347763,0.8333333333333334,0.7310781410869407,27.0,0.03703046418095198,0.10515440871018233,-0.22815734641848084,2.261651420306518,1.0,0.10417830045869908,0.05555555555555555,False,0.7310781410869407,0.2689218589130593,False
FSMI_nm,6081,6070,2.307992993047587,1.4904239290685712,0.8175690639790156,0.0893223795610889,0.08558465466940882,0.049268810158039134,0.06622568948790505,0.2114597987275073,0.6111111111111112,0.35185185185185186,0.4637031120573672,0.35185185185185186,0.3798146669032307,27.5,0.07301533007277809,0.20169625992048928,-0.5897980623063233,-0.38731755707389837,1.0,1.0,0.16666666666666666,False,0.37981466690323074,0.6201853330967693,False
FSMI_nm,6081,6072,1.4268834691757484,0.9621334917767986,0.46474997739894974,0.0,0.04359626749084988,0.07120524337734337,0.07883812186656174,0.2700266892014086,0.16666666666666666,0.7962962962962963,0.364302140239,0.05555555555555555,0.13274220172641665,37.5,0.2687856532196961,0.7371746442939686,0.6810817043972445,-0.24011372653227372,0.5060692788227088,1.0,0.7962962962962963,False,0.1327422017264166,0.8672577982735834,False
FSMI_nm,6081,6078,1.3924063210314295,2.1641502960075463,0.7717439749761168,0.0,0.0889607163646887,0.07572215376176786,0.08694249911093556,0.2746863896758218,0.16666666666666666,0.9074074074074074,0.3888888888888889,0.46296296296296297,0.4444444444444444,39.25,0.09186813671956408,0.2604730876411101,-0.5412784282326929,0.616324693605758,1.0,0.539925185924773,0.2777777777777778,False,0.4444444444444444,0.5555555555555556,False
FSMI_nm,6081,6080,3.486930250089525,2.72399923899638,0.7629310110931451,0.013234807972404283,0.14852028391574712,0.23247471914142573,0.232089798136081,0.6817495037903663,0.2777777777777778,0.9444444444444444,0.5121969142940493,0.7222222222222222,0.6697158952401789,39.5,0.18152036247830783,0.5093420224446951,0.3402642173419221,1.2029336593464257,0.7115822855423115,0.30031190552331555,0.5370370370370371,False,0.6697158952401789,0.33028410475982106,False
FSMI_nm,6081,6082,1.5697987651446832,2.6372993972599517,1.0675006321152685,0.16085859235354416,0.11007827267920435,0.4225203002992138,0.34157912637958715,1.3642663564791326,0.9074074074074074,0.6481481481481481,0.7668992311425428,0.6481481481481481,0.6778359188967468,32.0,0.17543419689558448,0.47313029445128235,0.5984355757856819,-0.29252303548284886,0.5496708822441282,1.0,0.46296296296296297,False,0.6778359188967468,0.32216408110325323,False
FSMI_nm,6081,6084,1.3458682689199004,2.533335071493458,1.1874668025735575,0.09800481661150595,0.25112011294924896,0.254240988127197,0.29840482294780823,1.0807677958488284,0.7222222222222222,0.5370370370370371,0.6227841378074163,0.6111111111111112,0.6140293677851875,31.0,0.04524735527124162,0.14130952926516627,-0.5521189118184554,-1.5420648302530973,1.0,1.0,0.09259259259259259,False,0.6140293677851875,0.38597063221481254,False
FSMI_nm,6081,6085,1.86691079236755,3.3480568600200855,1.4811460676525354,0.1779679586067089,0.2502305227500292,0.7611425656753571,0.6374677717026458,2.5274751088739844,0.9444444444444444,0.5740740740740741,0.7363294574841127,0.7962962962962963,0.7813045865932504,31.25,0.04948093554513249,0.14923578240095803,-1.3446676948697471,-0.7756138740811147,1.0,1.0,0.12962962962962962,False,0.7813045865932504,0.21869541340674958,False
FSMI_nm,6081,6090,2.022297889711494,3.951296665953754,1.9289987762422602,0.05625476175916022,0.390306936945505,0.22163520065463793,0.3292739598157055,1.311493318758579,0.46296296296296297,0.16666666666666666,0.2777777777777778,0.9074074074074074,0.75,25.25,0.2139501429286414,0.5771129255470007,-0.6439584390606966,1.2682647410462347,1.0,0.28131936041860567,0.6851851851851852,False,0.75,0.25,False
FSMI_nm,6081,6094,3.459780024999232,2.646650319102101,0.813129705897131,0.056268060235995954,0.3383467764288463,0.6925756665666968,0.6171156887612748,2.175194423221063,0.5,0.46296296296296297,0.4811252243246881,0.6851851851851852,0.634170194970061,30.0,0.10094028197304694,0.2875438681117144,0.23487606548387496,-1.0412069058549598,0.7906688347161887,1.0,0.35185185185185186,False,0.634170194970061,0.365829805029939,False
FSMI_nm,6081,6095,7.857275141594466,4.991724261766373,2.8655508798280938,0.14419279353624948,0.5292288451412055,0.24639660597506086,0.4226071468535158,1.3174041183150402,0.8703703703703703,0.3888888888888889,0.5817880767557411,0.9814814814814815,0.8815581303000464,28.75,0.33991748552163975,0.9145059085830016,-0.060779789838452516,-0.14493128130949323,1.0,1.0,0.8703703703703703,False,0.8815581303000464,0.11844186969995363,False
FSMI_nm,6081,6099,8.69575314178455,3.8823220787379458,4.813431063046604,0.12592155986172449,0.1348867039159009,0.352259324408692,0.2941507130757207,0.9984253075085139,0.7592592592592593,0.5370370370370371,0.6385533203543211,0.8703703703703703,0.8124161078663581,31.0,0.18520759404010914,0.5071663006368943,-0.22166395324637636,-1.3450349549347298,1.0,1.0,0.5740740740740741,False,0.8124161078663581,0.1875838921336419,False
FSMI_nm,6081,6101,0.3286650711030523,1.128172061788489,0.7995069906854366,0.012317798629307042,0.055590368131613645,0.07033031821789656,0.06739090182647788,0.23395673922357307,0.24074074074074073,0.9074074074074074,0.46738627644903563,0.2037037037037037,0.26962434689003667,39.25,0.35696338708519226,0.9503796850436107,-0.26663508121858037,0.6259728154865267,1.0,0.5347409711075469,0.9074074074074074,True,0.9074074074074074,0.09259259259259256,False
FSMI_nm,6081,N6342,0.7560989711345802,1.091027886872077,0.33492891573749684,0.037479487322558125,0.25606088313679026,0.0625916398975385,0.17956908240489441,0.708599801765223,0.3888888888888889,0.05555555555555555,0.1469861839480328,0.16666666666666666,0.16174654598700822,21.0,0.2895398017073347,0.8059784987288653,1.7949851268870793,-0.1759107861141361,0.1661299231975656,1.0,0.8333333333333334,False,0.16174654598700822,0.8382534540129918,False
FSMI_nm,6081,N6358,0.8146778778150339,2.0188660973633086,1.2041882195482747,0.05724348175262306,0.16846306153465837,0.09100947672095894,0.16471582569110105,0.670912181218112,0.5370370370370371,0.2777777777777778,0.38623432619655945,0.42592592592592593,0.4160030259935843,27.0,0.24772858657369193,0.6925548184748304,0.5542868482734873,1.6988324492127522,0.574481807837741,0.18289694090832478,0.7222222222222222,False,0.4160030259935843,0.5839969740064157,False
FSMI_nm,6081,N6382,1.0237676864754848,1.146647345390629,0.12287965891514419,0.02373974474134899,0.02703008603985089,0.05164051066907937,0.04810373788049153,0.17086875351630337,0.35185185185185186,0.018518518518518517,0.08072035080630877,0.24074074074074073,0.20073564325713275,19.5,0.11318536018960286,0.30764007756719725,1.2820970612950493,0.6865818030090072,0.27745485012230814,0.5032934884427602,0.3888888888888889,False,0.20073564325713278,0.7992643567428672,False
FSMI_nm,6081,N6389,1.7659275986645624,2.209865933760026,0.44393833509546354,0.07659071886029123,0.13835607045001092,0.21993488790528765,0.27671148302797616,0.9542561601244248,0.5740740740740741,0.09259259259259259,0.2305536962590506,0.5,0.43263842406476266,23.5,0.20917187014265143,0.5583759614100612,3.517685960943359,1.5341424534642947,0.02966800872727268,0.21564053369550892,0.6481481481481481,False,0.4326384240647627,0.5673615759352373,False
FSMI_nm,6081,N6390,1.7769079672453123,1.0813878660335994,0.6955201012117129,0.09501297031444333,0.2673278609966156,0.18192231167580555,0.23398565041174058,0.7960908106823437,0.6851851851851852,0.12962962962962962,0.2980273507302052,0.12962962962962962,0.1717290599047735,25.0,0.25046362306485803,0.6659566650488302,4.440140772072522,0.8157724445713208,0.011794278097912054,0.4422975450368226,0.7592592592592593,False,0.1717290599047735,0.8282709400952265,False
FSMI_nm,6082,6022,1.2832086750870029,0.694601304106009,0.5886073709809939,0.9677504803267333,0.40116178004387865,0.7890642089000998,0.6417876537935745,1.837189380486056,0.9814814814814815,0.2777777777777778,0.5221434140693216,0.018518518518518517,0.1444247424062193,27.0,0.4559923575243841,1.3298706115859513,4.332162448779765,44.146639710242106,0.013139104107839819,6.719825249369395e-20,0.9814814814814815,True,0.9814814814814815,0.01851851851851849,False
FSMI_nm,6082,6028,4.415429811910861,3.3392420577016924,1.0761877542091685,0.2654263605945726,0.28403208940107494,0.9909781047688208,0.8143874866519302,3.0518684759518133,0.9074074074074074,0.46296296296296297,0.6481481481481481,0.8703703703703703,0.8148148148148149,30.0,0.1560749968055177,0.4245747126056272,-0.6706837762583753,0.09742964686019365,1.0,0.9071661612985892,0.5,False,0.8148148148148149,0.18518518518518512,False
FSMI_nm,6082,6029,2.0210013039871706,1.2666404062512766,0.754360897735894,0.017501521514369234,0.241019921209883,0.06257419456071561,0.17285516731237835,0.6617392589555393,0.24074074074074073,0.6481481481481481,0.39501350014262115,0.24074074074074073,0.27930893059121087,33.5,0.09239934294202688,0.2844043993198663,-0.7492963730813809,54.95036627979461,1.0,1.365712065139083e-24,0.35185185185185186,False,0.27930893059121087,0.7206910694087891,False
FSMI_nm,6082,6033,1.8207478300807216,2.057251730939139,0.23650390085841733,0.0,0.21928666023873986,0.2248560245965423,0.2647190200276147,1.0907524963971116,0.12962962962962962,0.9814814814814815,0.356691857115893,0.5370370370370371,0.49195074205675104,40.25,0.060075966687111064,0.16604812129035695,-0.7104428439940812,0.8961841942342964,1.0,0.4081240142638753,0.24074074074074073,False,0.49195074205675104,0.508049257943249,False
FSMI_nm,6082,6047,2.946053864791246,2.0970675811557906,0.8489862836354556,0.03546553561667887,0.11724521600471516,0.09264940508164428,0.11920100550955016,0.5038495178889386,0.42592592592592593,0.6111111111111112,0.51018434496133,0.5740740740740741,0.5581016417958881,31.5,0.027323044475091443,0.07928258557014578,-0.7386863358827396,-1.837716087944152,1.0,1.0,0.05555555555555555,False,0.5581016417958881,0.44189835820411194,False
FSMI_nm,6082,6048,1.599313301289055,2.3148104277759547,0.7154971264868997,0.2998866667590221,0.3064205580210235,0.4182359571080183,0.3874168182090861,1.191450990165251,0.9444444444444444,0.3148148148148148,0.5452752542346465,0.6111111111111112,0.594652146891995,27.25,0.07886107133023366,0.2326168290454711,0.4538057541726879,-0.2419303117113419,0.6352061073989284,1.0,0.2777777777777778,False,0.594652146891995,0.40534785310800503,False
FSMI_nm,6082,6056,2.284561920801109,1.4644519430227596,0.8201099777783496,0.0,0.14817290395014526,0.35230352151652844,0.32348133554654096,1.0836665528888443,0.12962962962962962,0.6851851851851852,0.2980273507302052,0.2777777777777778,0.28284017101588466,34.5,0.17676033969599234,0.4919728647153142,-0.6226764916608968,-0.530652551312498,1.0,1.0,0.5740740740740741,False,0.28284017101588466,0.7171598289841153,False
FSMI_nm,6082,6057,3.4970517461895976,0.8015072308093716,2.695544515380226,0.008955695003326158,0.05298903384586784,0.025785535400809856,0.04117729888445312,0.13899484260103834,0.16666666666666666,0.8333333333333334,0.37267799624996495,0.05555555555555555,0.1348361657291579,39.0,0.20866909527885694,0.555427350785892,-0.4314656586645158,-0.06893431401338034,1.0,1.0,0.6851851851851852,False,0.1348361657291579,0.8651638342708421,False
FSMI_nm,6082,6062,2.9196668297119017,4.243865414150101,1.3241985844381996,0.013396012104625044,0.865761173139301,0.292921221005506,0.63387401946074,2.2901293357578747,0.2037037037037037,0.7592592592592593,0.3932733441036167,0.9444444444444444,0.8066516693592374,37.5,0.4546143271937674,1.2502452631702603,-0.7852602196416559,0.2741917985166993,1.0,0.760186258680797,0.9444444444444444,True,0.9444444444444444,0.05555555555555558,False
FSMI_nm,6082,6063,4.4421744453751355,3.274578460423083,1.1675959849520523,0.020250321431803275,0.48023386397318,0.6474012764733078,0.6073120441649038,2.082437574273599,0.2777777777777778,0.2777777777777778,0.2777777777777778,0.7592592592592593,0.6388888888888888,27.0,0.033877647011303205,0.09334288555717896,-0.010989472930961327,2.070102079405594,1.0,0.12617290139286638,0.09259259259259259,False,0.6388888888888888,0.36111111111111116,False
FSMI_nm,6082,6070,2.307992993047587,1.486934837248705,0.8210581557988819,0.10500911715773986,0.11428511260963008,0.06355417664181887,0.09265694733929157,0.28907595439013245,0.7962962962962963,0.35185185185185186,0.5293187380724612,0.3148148148148148,0.3684407956292264,27.5,0.09827605791126151,0.26829148183371015,-0.34252021776053543,-0.25339073158942893,1.0,1.0,0.3888888888888889,False,0.3684407956292264,0.6315592043707736,False
FSMI_nm,6082,6072,1.4268834691757484,0.8798708504561106,0.5470126187196378,0.0,0.025571984142402675,0.06607319977871441,0.07054061421195484,0.22377796537130012,0.12962962962962962,0.7592592592592593,0.313723599001804,0.09259259259259259,0.14787534419489545,37.5,0.27834161676576735,0.7584782203184258,1.4263174331966448,-0.19808167270451077,0.24019181800009012,1.0,0.7962962962962963,False,0.14787534419489545,0.8521246558051045,False
FSMI_nm,6082,6078,1.3924063210314295,1.6530056641411328,0.26059934310970334,0.0,0.0416592443903757,0.0681967180866531,0.06531984910110612,0.23365996035039283,0.12962962962962962,0.9074074074074074,0.3429677625454099,0.35185185185185186,0.3496308295252414,39.25,0.18509348676783446,0.5133105214642903,-0.7961832000499605,0.6572790451820476,1.0,0.5182595786359551,0.6111111111111112,False,0.3496308295252414,0.6503691704747586,False
FSMI_nm,6082,6080,3.486930250089525,3.009896175137175,0.4770340749523503,0.09327650300010326,0.13632460012213737,0.24105994492488053,0.21824063267473284,0.6193270079365885,0.7592592592592593,0.9444444444444444,0.8468046937165686,0.6851851851851852,0.7255900623180311,39.5,0.2811504250380622,0.7604844045842334,1.0252617322381445,0.9597474253502175,0.3587025690924047,0.38298960722584524,0.8333333333333334,False,0.7255900623180311,0.27440993768196886,False
FSMI_nm,6082,6081,0.8928726233487373,3.2840245980834424,2.391151974734705,0.061865578722104075,0.13993162350532196,0.15178343482142134,0.19941992722235438,0.7510797943960084,0.6111111111111112,0.7962962962962963,0.6975854889569394,0.7962962962962963,0.7716185944614571,37.75,0.042362978030526494,0.12409796838651777,-0.8816537544506343,-0.9387310289207912,1.0,1.0,0.12962962962962962,False,0.7716185944614571,0.22838140553854291,False
FSMI_nm,6082,6084,1.3458682689199004,2.507077506547798,1.1612092376278977,0.14455036371557073,0.2969119435115225,0.24930121177864867,0.31961723810512166,1.1182190065995805,0.8703703703703703,0.5370370370370371,0.6836820348879531,0.6481481481481481,0.6570316198330994,31.0,0.04883856778072328,0.15175289245527457,-0.4918425718704234,-1.5823595518294082,1.0,1.0,0.16666666666666666,False,0.6570316198330994,0.34296838016690057,False
FSMI_nm,6082,6085,1.86691079236755,3.319936798268649,1.453026005901099,0.03460587796698045,0.30563574280914724,0.7289468095364863,0.6232297889756083,2.3949775619817806,0.35185185185185186,0.5740740740740741,0.4494318925745036,0.8333333333333334,0.7373579731436259,31.25,0.056083009632548524,0.16808965520905195,-1.1323590847033824,-0.6380473595887133,1.0,1.0,0.2037037037037037,False,0.7373579731436259,0.26264202685637406,False
FSMI_nm,6082,6090,2.022297889711494,3.243132056699221,1.2208341669877272,0.08584933843224807,0.43789705247300936,0.15236171972969376,0.3375550366012977,1.2658174394666268,0.6851851851851852,0.16666666666666666,0.33793125168323446,0.7222222222222222,0.6261494795874752,25.25,0.14631289008625198,0.4015564516086447,-0.5306237448622725,1.2431707779456884,1.0,0.28846809801694445,0.46296296296296297,False,0.6261494795874752,0.37385052041252476,False
FSMI_nm,6082,6094,3.459780024999232,1.8474824733754807,1.6122975516237512,0.033684683030845264,0.17049352159199235,0.1538808817002739,0.17668428594372948,0.6447593331622972,0.3148148148148148,0.46296296296296297,0.38176903940904267,0.46296296296296297,0.4426644820744829,30.0,0.015727417907051528,0.05001919400513577,0.9427492747192484,-0.9421623234713904,0.3895553670566519,1.0,0.018518518518518517,False,0.44266448207448295,0.557335517925517,False
FSMI_nm,6082,6095,7.857275141594466,4.733523068493023,3.1237520731014436,0.07521061163216114,0.7447354075540451,0.2470435394659048,0.5422793559704383,2.0288052204020506,0.6481481481481481,0.3888888888888889,0.502053396730591,0.9814814814814815,0.8616244602937589,28.75,0.336669946684117,0.9116232202695744,0.19198436191346965,-0.16639470692609706,0.8253197748128208,1.0,0.9074074074074074,True,0.9074074074074074,0.09259259259259256,False
FSMI_nm,6082,6099,8.69575314178455,4.087450482281549,4.608302659503001,0.11116530174009576,0.11119100674246005,0.35420394835381797,0.2931511549770467,0.9298987939219754,0.8333333333333334,0.5370370370370371,0.668977476599572,0.9074074074074074,0.8477999247054486,31.0,0.22682617325352364,0.6184016831589131,0.48504700836739767,-1.4365052599031451,0.615668254524523,1.0,0.7222222222222222,False,0.8477999247054486,0.15220007529455137,False
FSMI_nm,6082,6101,0.3286650711030523,1.205586437881568,0.8769213667785156,0.03686460348597742,0.05964507139650504,0.0502931708713881,0.05651915778064486,0.1898370378986669,0.5370370370370371,0.9074074074074074,0.6980769194433617,0.2037037037037037,0.3272970076386182,39.25,0.33086679881846565,0.8807592207955625,-0.22270772834263422,0.5924116892294239,1.0,0.5529920303488277,0.8703703703703703,False,0.32729700763861813,0.6727029923613819,False
FSMI_nm,6082,N6342,0.7560989711345802,1.8117601124368918,1.0556611413023116,0.05040568343002083,0.2526793286030282,0.07154755182045089,0.17908132329670032,0.5679499695262342,0.5740740740740741,0.05555555555555555,0.17858612520357325,0.42592592592592593,0.3640909757453377,21.0,0.1248174033693487,0.3638770403545547,1.951214351301664,-0.0596544055195724,0.1421014057422043,1.0,0.42592592592592593,False,0.36409097574533766,0.6359090242546623,False
FSMI_nm,6082,N6358,0.8146778778150339,1.8099767049491167,0.9952988271340828,0.03577333653964554,0.10475390607148581,0.07239008605712757,0.12196050242526268,0.4420036083187142,0.46296296296296297,0.2777777777777778,0.35860956909327935,0.3888888888888889,0.3813190589399865,27.0,0.2679578634740833,0.7319160713994832,1.4212340904145906,1.2812397484231566,0.24141590393272247,0.2776928177284578,0.7592592592592593,False,0.3813190589399865,0.6186809410600135,False
FSMI_nm,6082,N6382,1.0237676864754848,1.163718474019064,0.13995078754357926,0.034671878622114294,0.0263128665675405,0.04288551132274506,0.0389422042619999,0.14703358129947852,0.3888888888888889,0.018518518518518517,0.08486251286955258,0.16666666666666666,0.14621562821738815,19.5,0.08786414833655613,0.24101156075965424,1.859102146171131,0.6793199621498178,0.1558124644010905,0.5069616282653904,0.3148148148148148,False,0.1462156282173881,0.8537843717826119,False
FSMI_nm,6082,N6389,1.7659275986645624,1.853068463827561,0.08714086516299857,0.0367256078769187,0.11832231019125461,0.16520768913193842,0.22080786244710074,0.7611586855599386,0.5,0.09259259259259259,0.2151657414559676,0.5,0.4287914353639919,23.5,0.15947398674037894,0.43107562047531317,5.199800208393838,1.4149778831204167,0.00551766669413571,0.24293098626469753,0.5370370370370371,False,0.4287914353639919,0.5712085646360081,False
FSMI_nm,6082,N6390,1.7769079672453123,1.0757486265742262,0.7011593406710861,0.0913900641834402,0.2587468612444976,0.16967166634686975,0.23063557125646475,0.8253692318413713,0.7222222222222222,0.12962962962962962,0.30597614151589453,0.12962962962962962,0.17371625760119586,25.0,0.18899729675404262,0.5055490945836414,6.805227310117612,0.7308400945893297,0.0011079682900914543,0.48150431096325125,0.6481481481481481,False,0.1737162576011959,0.8262837423988041,False
FSMI_nm,6084,6022,1.2832086750870029,0.7282101466919877,0.5549985283950152,1.0681239180609734,0.4429760997574469,0.8809081171958101,0.7160651180142142,2.059447849587533,0.9814814814814815,0.2777777777777778,0.5221434140693216,0.018518518518518517,0.1444247424062193,27.0,0.45663197529415517,1.3513214828208386,3.5676897786796964,54.14809795845751,0.028220975127277864,3.046350367799544e-24,0.9814814814814815,True,0.9814814814814815,0.01851851851851849,False
FSMI_nm,6084,6028,4.415429811910861,3.2579198567868746,1.1575099551239862,0.24235479587960684,0.2579429643462574,0.9633730207998025,0.7878457106545628,2.9682655150158306,0.9074074074074074,0.46296296296296297,0.6481481481481481,0.7592592592592593,0.7314814814814814,30.0,0.14186145806521716,0.38585229388838904,-0.8859366224349365,0.25511154559199023,1.0,0.7748300642623115,0.3888888888888889,False,0.7314814814814814,0.2685185185185186,False
FSMI_nm,6084,6029,2.0210013039871706,1.2865986773577263,0.7344026266294443,0.017937616461447092,0.24667313494458948,0.06300849307918426,0.17591625246347734,0.6797670251896304,0.24074074074074073,0.6481481481481481,0.39501350014262115,0.24074074074074073,0.27930893059121087,33.5,0.12744991879719306,0.4054127099422836,-0.9224025595909006,67.89352478806866,1.0,3.267509264148299e-30,0.35185185185185186,False,0.27930893059121087,0.7206910694087891,False
FSMI_nm,6084,6033,1.8207478300807216,2.0554774119320034,0.2347295818512818,0.0,0.2009912885925068,0.2259282731987365,0.25488314720378963,1.0407443859417176,0.12962962962962962,0.9814814814814815,0.356691857115893,0.5370370370370371,0.49195074205675104,40.25,0.07282937733079509,0.20575762726111602,-0.4816798956196735,0.9955955316987452,1.0,0.3695033280627403,0.2037037037037037,False,0.49195074205675104,0.508049257943249,False
FSMI_nm,6084,6047,2.946053864791246,2.1086778704471545,0.8373759943440917,0.03294776960020185,0.12109803673440846,0.09187271760587326,0.12363079764996286,0.5235225020334635,0.35185185185185186,0.5740740740740741,0.4494318925745036,0.5740740740740741,0.5429135286991815,31.5,0.017515727408833105,0.05405498617691984,-0.8969235962830039,-1.2482049082734412,1.0,1.0,0.018518518518518517,False,0.5429135286991815,0.4570864713008185,False
FSMI_nm,6084,6048,1.599313301289055,2.2945310652374067,0.6952177639483517,0.3075205637596974,0.2802814219249364,0.4100706136706979,0.3732993891907879,1.1632098695992,0.9444444444444444,0.3148148148148148,0.5452752542346465,0.6111111111111112,0.594652146891995,27.25,0.07697376628102891,0.23588181073545256,-0.025532626934530653,-0.3234533053726624,1.0,1.0,0.24074074074074073,False,0.594652146891995,0.40534785310800503,False
FSMI_nm,6084,6056,2.284561920801109,1.4859927627377423,0.7985691580633669,0.0,0.14498590961078053,0.36323139434708596,0.3312765611936931,1.116426020118581,0.12962962962962962,0.6851851851851852,0.2980273507302052,0.2777777777777778,0.28284017101588466,34.5,0.16212890458517842,0.4517189404535552,-0.7569877605126737,-0.48111224013734244,1.0,1.0,0.5,False,0.28284017101588466,0.7171598289841153,False
FSMI_nm,6084,6057,3.4970517461895976,0.8467530870013881,2.6502986591882096,0.009648792126249361,0.053481456501812456,0.029396364284640063,0.04300227038834759,0.13858265147459814,0.2037037037037037,0.8333333333333334,0.41201102706087017,0.05555555555555555,0.14466942343188421,39.0,0.2039383748924101,0.5558422638980358,-0.5825042917957469,-0.10043970176621154,1.0,1.0,0.6851851851851852,False,0.14466942343188416,0.8553305765681158,False
FSMI_nm,6084,6062,2.9196668297119017,4.230007479090906,1.3103406493790044,0.005789068788853768,0.8197609209164073,0.2971705054810439,0.6092782927904955,2.1720415334222656,0.16666666666666666,0.7592592592592593,0.35572912430182496,0.9444444444444444,0.7972656144087895,37.5,0.4331050224838253,1.2237588217473168,-0.8831589486805463,0.6834325762222543,1.0,0.5048809721392467,0.9444444444444444,True,0.9444444444444444,0.05555555555555558,False
FSMI_nm,6084,6063,4.4421744453751355,3.2084872708903496,1.233687174484786,0.03241854061569205,0.4557427774615523,0.6431055512213504,0.5958503791176708,2.0695801897711874,0.3148148148148148,0.2777777777777778,0.295717026345765,0.7222222222222222,0.6155959232531079,27.0,0.03501310659441114,0.09911751275483205,-0.17921105608864413,2.312710678218041,1.0,0.09899255059260624,0.09259259259259259,False,0.6155959232531079,0.38440407674689214,False
FSMI_nm,6084,6070,2.307992993047587,1.5096232215868561,0.7983697714607307,0.10712476485488209,0.1097121097492165,0.06206183694265331,0.0881709142450461,0.2700107251745716,0.7592592592592593,0.35185185185185186,0.5168624347019579,0.3148148148148148,0.3653267197866006,27.5,0.11408676136925937,0.31122435192205156,-0.4609715536583566,-0.6656201926341877,1.0,1.0,0.3148148148148148,False,0.3653267197866006,0.6346732802133994,False
FSMI_nm,6084,6072,1.4268834691757484,0.8524153561100529,0.5744681130656955,0.0,0.02660456231381764,0.06432728439437162,0.06791038636804314,0.21752455332380616,0.12962962962962962,0.7592592592592593,0.313723599001804,0.09259259259259259,0.14787534419489545,37.5,0.2876647211535403,0.7885584427623011,0.9152220951118802,-0.2824047393088716,0.4004276831831954,1.0,0.8333333333333334,False,0.14787534419489545,0.8521246558051045,False
FSMI_nm,6084,6078,1.3924063210314295,1.7245527500397355,0.33214642900830604,0.0,0.04265804857132094,0.06452600895847771,0.06265982985655279,0.22066815236331938,0.12962962962962962,0.9074074074074074,0.3429677625454099,0.3888888888888889,0.3774086073030192,39.25,0.17470428404783703,0.48854098061821793,-0.8644806355565335,0.4638283706378136,1.0,0.6288714780160777,0.5370370370370371,False,0.3774086073030192,0.6225913926969808,False
FSMI_nm,6084,6080,3.486930250089525,3.0013111736758513,0.48561907641367386,0.08834510172787491,0.13809389989126045,0.2394085834550322,0.2236729818756726,0.6107327371025613,0.7222222222222222,0.9444444444444444,0.8258927081843613,0.6851851851851852,0.7203620659349793,39.5,0.258205352818228,0.7008443508608703,0.6998676802858579,0.983623348440516,0.4966510161642797,0.3739536766585543,0.7592592592592593,False,0.7203620659349793,0.2796379340650207,False
FSMI_nm,6084,6081,0.8928726233487373,3.4177134316286564,2.524840808279919,0.0450782701608623,0.14050832670586155,0.15015409584277664,0.19701145707465212,0.7268662468626812,0.5740740740740741,0.7962962962962963,0.6761161579084698,0.8703703703703703,0.8218068172548952,37.75,0.07018217437063148,0.1952172784176185,-0.8257082960377791,-1.5851544442341052,1.0,1.0,0.16666666666666666,False,0.8218068172548952,0.17819318274510476,False
FSMI_nm,6084,6082,1.5697987651446832,2.9305668856884313,1.360768120543748,0.16238207908250946,0.14807725335394278,0.46318190460847225,0.3783761257372954,1.5012208113152556,0.8703703703703703,0.6111111111111112,0.7293099506487117,0.6481481481481481,0.668438598773289,32.0,0.15812975543876515,0.4298914462904112,1.0609724386815895,-0.5843580760921009,0.34611906705626005,1.0,0.46296296296296297,False,0.668438598773289,0.33156140122671096,False
FSMI_nm,6084,6085,1.86691079236755,3.2907335960713433,1.4238228037037932,0.10845503697255943,0.2741427600885517,0.7315839060916914,0.61921855282219,2.408213023833205,0.7962962962962963,0.5370370370370371,0.6539423549262806,0.8333333333333334,0.7884855887315702,31.25,0.05664589554088727,0.17145736190113658,-1.2735881355889433,-1.0281612542788445,1.0,1.0,0.12962962962962962,False,0.7884855887315702,0.21151441126842985,False
FSMI_nm,6084,6090,2.022297889711494,3.264039277576584,1.24174138786509,0.07756726123259572,0.41780423893027835,0.15362465683288193,0.3226339290653814,1.2145597147973066,0.6481481481481481,0.16666666666666666,0.32867109906108977,0.7962962962962963,0.6793899969874947,25.25,0.15418636583145978,0.40907433682931216,-0.441245422240024,1.6148390899066007,1.0,0.19892267653215903,0.42592592592592593,False,0.6793899969874947,0.3206100030125053,False
FSMI_nm,6084,6094,3.459780024999232,1.914171822951071,1.545608202048161,0.037240910732890375,0.16934782128333392,0.16165212991787728,0.17982019326772564,0.6483679865407659,0.46296296296296297,0.46296296296296297,0.46296296296296297,0.5,0.49074074074074076,30.0,0.02111917434413936,0.06656508463713073,0.3698317791610963,-1.3028018852468277,0.6908505363197487,1.0,0.05555555555555555,False,0.4907407407407407,0.5092592592592593,False
FSMI_nm,6084,6095,7.857275141594466,4.526065067024661,3.331210074569805,0.07706399306536049,0.6529214126577063,0.22744457308823846,0.48076912232184993,1.761334632840882,0.6111111111111112,0.3888888888888889,0.48749802152178456,0.9814814814814815,0.8579856164915574,28.75,0.31052241490804317,0.8389924824253645,0.009213280185190962,-0.10621078938779076,0.990829032036204,1.0,0.8703703703703703,False,0.8579856164915574,0.14201438350844264,False
FSMI_nm,6084,6099,8.69575314178455,4.172941129493584,4.5228120122909665,0.11151994949116784,0.12399720414547585,0.3748948520325916,0.3105047022976978,1.0150540223129814,0.8333333333333334,0.5,0.6454972243679028,0.9074074074074074,0.8419298616475313,31.0,0.2306961914017799,0.6287922708522884,0.07683608884335685,-1.756584961256255,0.9260416297218836,1.0,0.7222222222222222,False,0.8419298616475313,0.15807013835246875,False
FSMI_nm,6084,6101,0.3286650711030523,1.218964996294126,0.8902999251910737,0.03389815699580301,0.057447879494866225,0.0574239427779033,0.05973313354933743,0.19937361347145877,0.3888888888888889,0.9074074074074074,0.5940375900868682,0.2037037037037037,0.3012871752994948,39.25,0.3319293764052206,0.8872612676045057,-0.27958960306724384,0.706165700104594,1.0,0.49353292742042393,0.9074074074074074,True,0.9074074074074074,0.09259259259259256,False
FSMI_nm,6084,N6342,0.7560989711345802,1.5761961882564566,0.8200972171218763,0.03236659855185042,0.24032621623602324,0.06733649297981596,0.17025887703705703,0.5703933226485636,0.2777777777777778,0.05555555555555555,0.12422599874998831,0.35185185185185186,0.29494538857638597,21.0,0.18962257307298955,0.5445492533141889,1.6341633504149016,-0.1243560150223746,0.19511554637040343,1.0,0.6111111111111112,False,0.29494538857638597,0.705054611423614,False
FSMI_nm,6084,N6358,0.8146778778150339,1.7996161131007038,0.9849382352856699,0.03667885428925444,0.10984963186403816,0.06997133081956314,0.12235133305464195,0.44141271469970556,0.42592592592592593,0.2777777777777778,0.343966215203828,0.42592592592592593,0.40543599824540144,27.0,0.2640544554930544,0.7209950880492304,0.7564409717909467,1.6232677890441198,0.4693338304239192,0.19725306335811085,0.7962962962962963,False,0.40543599824540144,0.5945640017545986,False
FSMI_nm,6084,N6382,1.0237676864754848,1.1642928227417548,0.14052513626627006,0.038727351714142655,0.027610242131843602,0.04409357031490082,0.041263574978539365,0.1502130135029116,0.5,0.018518518518518517,0.09622504486493763,0.16666666666666666,0.14905626121623441,19.5,0.09273640262657681,0.2510838338841599,1.1170326132135113,0.8977226371063259,0.32724943090574704,0.4074966215109244,0.2777777777777778,False,0.1490562612162344,0.8509437387837656,False
FSMI_nm,6084,N6389,1.7659275986645624,1.9031046599828987,0.1371770613183363,0.04442305769784616,0.1228485050013512,0.17559632623312044,0.23047534935472133,0.797417829281426,0.5370370370370371,0.09259259259259259,0.2229924921998573,0.46296296296296297,0.40297034527218656,23.5,0.18121038593594108,0.4987777576478738,3.4332808083656547,1.851954797703884,0.03228085953793512,0.15693009968630264,0.5740740740740741,False,0.40297034527218656,0.5970296547278134,False
FSMI_nm,6084,N6390,1.7769079672453123,1.051297444192278,0.7256105230530343,0.08737935613173131,0.263741821832519,0.17178202018112018,0.23326771695295156,0.8300922154469939,0.6851851851851852,0.12962962962962962,0.2980273507302052,0.12962962962962962,0.1717290599047735,25.0,0.19318317447028266,0.5242566883023893,4.3931763747376475,0.6953710544098517,0.01236140234892501,0.49888929856274594,0.6481481481481481,False,0.1717290599047735,0.8282709400952265,False
FSMI_nm,6085,6022,1.2832086750870029,0.8311681223253369,0.452040552761666,1.185596728266343,0.49370742705863085,0.9674579265210688,0.7862009718811337,2.256128507574574,0.9814814814814815,0.2777777777777778,0.5221434140693216,0.09259259259259259,0.19998029796177486,27.0,0.3609650047612136,1.0974231664105012,4.029729145870955,52.364721074681086,0.017779144856357107,1.8125524842988064e-23,0.9444444444444444,True,0.9444444444444444,0.05555555555555558,False
FSMI_nm,6085,6028,4.415429811910861,3.2472268711924404,1.1682029407184205,0.21991644899126372,0.2518997300240584,0.9827195601866519,0.802528123080848,3.055415444826365,0.9074074074074074,0.46296296296296297,0.6481481481481481,0.8333333333333334,0.787037037037037,30.0,0.1405181783726829,0.3770456472194481,-0.5923357714435568,0.016971017063910868,1.0,0.9831721794384174,0.42592592592592593,False,0.787037037037037,0.21296296296296302,False
FSMI_nm,6085,6029,2.0210013039871706,1.2434363739502179,0.7775649300369527,0.01971298306190028,0.24892023157318896,0.06489304472691104,0.17803808935118867,0.6883525490725904,0.24074074074074073,0.6481481481481481,0.39501350014262115,0.24074074074074073,0.27930893059121087,33.5,0.13987577776291119,0.4506052682408897,-1.0845335673589231,59.493227907528464,1.0,1.4535146358011346e-26,0.3888888888888889,False,0.27930893059121087,0.7206910694087891,False
FSMI_nm,6085,6033,1.8207478300807216,2.01224949995118,0.19150166987045858,0.005120053618633769,0.20195811052195295,0.2203624998233214,0.25073070955004734,1.028726536510378,0.16666666666666666,0.9814814814814815,0.4044505494044732,0.5370370370370371,0.5038904151288961,40.25,0.07275573030421942,0.2027219329934844,-0.8745022765813918,0.7994874515654725,1.0,0.44955932600513715,0.2037037037037037,False,0.5038904151288961,0.4961095848711039,False
FSMI_nm,6085,6047,2.946053864791246,2.081591432682514,0.8644624321087324,0.03501356563601066,0.12122792281124746,0.09593207255853616,0.12480916241438116,0.5286552509137146,0.35185185185185186,0.5740740740740741,0.4494318925745036,0.5740740740740741,0.5429135286991815,31.5,0.015242903221806285,0.04836433446414745,-0.6854755465489634,-2.1097869793835504,1.0,1.0,0.05555555555555555,False,0.5429135286991815,0.4570864713008185,False
FSMI_nm,6085,6048,1.599313301289055,2.4335407389460633,0.8342274376570082,0.32961600229649113,0.3023958845965725,0.444608423766966,0.4037318388929898,1.2549273247131691,0.9444444444444444,0.3148148148148148,0.5452752542346465,0.6481481481481481,0.6224299246697728,27.25,0.07466475511273023,0.22555191938540808,-0.09247006096462496,-0.06691887949412258,1.0,1.0,0.24074074074074073,False,0.6224299246697728,0.37757007533022724,False
FSMI_nm,6085,6056,2.284561920801109,1.4769630850462332,0.807598835754876,0.0,0.14516687407721326,0.36730152443101843,0.3343661486556414,1.1346081291980903,0.12962962962962962,0.6851851851851852,0.2980273507302052,0.2777777777777778,0.28284017101588466,34.5,0.18312620245151462,0.5252262578985337,-0.8766737268752293,-0.588335172154992,1.0,1.0,0.5740740740740741,False,0.28284017101588466,0.7171598289841153,False
FSMI_nm,6085,6057,3.4970517461895976,0.8275809107276405,2.669470835461957,0.010948736155312,0.05172006556549526,0.029144837440586418,0.04188007358822004,0.13360450949413916,0.2037037037037037,0.8333333333333334,0.41201102706087017,0.05555555555555555,0.14466942343188421,39.0,0.19721222896306212,0.5323916866545555,-0.6519647714844412,-0.1159575575586702,1.0,1.0,0.6481481481481481,False,0.14466942343188416,0.8553305765681158,False
FSMI_nm,6085,6062,2.9196668297119017,4.293373259105294,1.3737064293933927,0.0,0.8217617279839831,0.3229130995868966,0.6188557932304898,2.173099970737084,0.12962962962962962,0.7592592592592593,0.313723599001804,0.9074074074074074,0.7589864553060066,37.5,0.42514873238907475,1.1881242723244183,-0.47670793263639744,0.3130982420504788,1.0,0.7311780766067727,0.9814814814814815,True,0.9814814814814815,0.01851851851851849,False
FSMI_nm,6085,6063,4.4421744453751355,3.1945496405216236,1.247624804853512,0.02044579151008241,0.4640263724733867,0.6502924924041095,0.6043255364652829,2.0999282456062502,0.2777777777777778,0.2777777777777778,0.2777777777777778,0.7592592592592593,0.6388888888888888,27.0,0.038894804614364537,0.12044390631937552,-0.03942398487742605,2.130065423231408,1.0,0.11882951938695216,0.12962962962962962,False,0.6388888888888888,0.36111111111111116,False
FSMI_nm,6085,6070,2.307992993047587,1.5341686272423938,0.7738243658051931,0.11041775442570101,0.1098839477548823,0.06747490478175082,0.08957545584022633,0.27769639339348395,0.7222222222222222,0.35185185185185186,0.5040984292154148,0.3148148148148148,0.36213571841496484,27.5,0.10446605424899573,0.28857447727926155,-0.5675809304883456,-0.5536340079000361,1.0,1.0,0.3148148148148148,False,0.36213571841496484,0.6378642815850352,False
FSMI_nm,6085,6072,1.4268834691757484,0.8200272541363633,0.606856215039385,0.0,0.02622979553680451,0.06026937058778723,0.06460020479225596,0.20875616558683363,0.12962962962962962,0.7592592592592593,0.313723599001804,0.018518518518518517,0.0923197886393399,37.5,0.3108497742380433,0.8534740314009633,0.8894469159709306,-0.19121566997061226,0.41088294271241604,1.0,0.8703703703703703,False,0.09231978863933987,0.9076802113606601,False
FSMI_nm,6085,6078,1.3924063210314295,1.659558465830831,0.26715214479940164,0.0,0.042199412530690136,0.06234850848398958,0.061432146110581703,0.21618908059060749,0.12962962962962962,0.9074074074074074,0.3429677625454099,0.3888888888888889,0.3774086073030192,39.25,0.18806786957703245,0.5178409962619966,-1.0299788355631505,0.6941769193720939,1.0,0.4994853955934631,0.6111111111111112,False,0.3774086073030192,0.6225913926969808,False
FSMI_nm,6085,6080,3.486930250089525,3.069257582455306,0.41767266763421906,0.1156243476384109,0.14747292887405872,0.25072952335820914,0.23511205352313722,0.6630273640454827,0.7592592592592593,0.9444444444444444,0.8468046937165686,0.7222222222222222,0.7533678400958088,39.5,0.25582463469202954,0.7143035592033131,0.4766629707556723,1.168975209089358,0.6208517392290356,0.3106851655146669,0.7592592592592593,False,0.7533678400958088,0.24663215990419118,False
FSMI_nm,6085,6081,0.8928726233487373,3.345737985247786,2.452865361899049,0.04022816289016973,0.13479948305719178,0.16385345734555956,0.19907300132561181,0.7536893380003815,0.46296296296296297,0.7962962962962963,0.6071702337316667,0.8703703703703703,0.8045703362106944,37.75,0.04950669774938324,0.13875144820627439,-1.013241805171452,-1.0897694456930278,1.0,1.0,0.16666666666666666,False,0.8045703362106944,0.1954296637893056,False
FSMI_nm,6085,6082,1.5697987651446832,2.8333957432332433,1.26359697808856,0.16437515728188323,0.15458813646180217,0.4570777885379573,0.37494471398060303,1.4847929983391983,0.8703703703703703,0.6111111111111112,0.7293099506487117,0.6851851851851852,0.6962163765510669,32.0,0.16214213922683388,0.43331848630670466,0.676252927052536,-0.2568492631223701,0.508518884230886,1.0,0.5,False,0.6962163765510669,0.30378362344893306,False
FSMI_nm,6085,6084,1.3458682689199004,2.3642649470373236,1.0183966781174232,0.12403768315505825,0.2594999914604548,0.2420284595199915,0.29361702520860006,1.0341522194098158,0.7962962962962963,0.5370370370370371,0.6539423549262806,0.6111111111111112,0.6218189220649035,31.0,0.02512281903807932,0.07855882908649814,-0.6270992899813231,-1.7241807918768886,1.0,1.0,0.09259259259259259,False,0.6218189220649035,0.3781810779350965,False
FSMI_nm,6085,6090,2.022297889711494,3.1958236480046187,1.1735257582931249,0.08415604752940675,0.4096801629470171,0.1480200257807011,0.3152785501833957,1.1876924023689739,0.6481481481481481,0.16666666666666666,0.32867109906108977,0.7962962962962963,0.6793899969874947,25.25,0.11848242091159315,0.3421564133222328,-0.766478452140822,1.4368462652718783,1.0,0.23767614546914326,0.35185185185185186,False,0.6793899969874947,0.3206100030125053,False
FSMI_nm,6085,6094,3.459780024999232,1.9159702652409936,1.5438097597582383,0.04169436938352722,0.17357637452824334,0.1651625754367922,0.18369718985777658,0.6669629583709571,0.5,0.46296296296296297,0.4811252243246881,0.5,0.49528130608117205,30.0,0.011953560432940474,0.03804127522798917,0.31986073108928065,-0.8750535461974545,0.7262501741015625,1.0,0.018518518518518517,False,0.49528130608117205,0.504718693918828,False
FSMI_nm,6085,6095,7.857275141594466,4.37723907457782,3.4800360670166466,0.09122625823813646,0.6429184956807175,0.23157898640556923,0.4773835769686119,1.7268631618465276,0.6851851851851852,0.3888888888888889,0.516198513509865,0.9444444444444444,0.8373829617107995,28.75,0.3006739100193919,0.8045686272269466,0.011355185232421242,-0.06145403904844264,0.9887090415512034,1.0,0.8333333333333334,False,0.8373829617107995,0.1626170382892005,False
FSMI_nm,6085,6099,8.69575314178455,4.3878239258190135,4.307929215965537,0.14212058507379677,0.1297895152743306,0.39012251395684994,0.3256405713090038,1.0358015410666188,0.8333333333333334,0.5370370370370371,0.668977476599572,0.9814814814814815,0.9033554802610042,31.0,0.24374744629135003,0.6607883330095816,0.3519718543734192,-1.5574900081580603,0.7032999165145993,1.0,0.7222222222222222,False,0.9033554802610042,0.0966445197389958,False
FSMI_nm,6085,6101,0.3286650711030523,1.2160062285420032,0.8873411574389509,0.03712800619943213,0.05586294937679728,0.059601060801185,0.060435202630923994,0.20202682711316755,0.42592592592592593,0.9074074074074074,0.6216818641331303,0.2037037037037037,0.3081982438110603,39.25,0.31407052431993154,0.8339762001532656,-0.3977100793934031,0.56096056700338,1.0,0.5706606427098436,0.9074074074074074,True,0.9074074074074074,0.09259259259259256,False
FSMI_nm,6085,N6342,0.7560989711345802,1.6159012162729482,0.859802245138368,0.03288611879555092,0.23136164252567898,0.06962716825138095,0.16572294101468965,0.5257354764064395,0.3148148148148148,0.05555555555555555,0.13224867460264536,0.35185185185185186,0.29695105753955026,21.0,0.17533114032955396,0.5007925543027976,1.8516504701851213,-0.11969933278048653,0.1569778651019559,1.0,0.5370370370370371,False,0.2969510575395502,0.7030489424604498,False
FSMI_nm,6085,N6358,0.8146778778150339,1.8015029209116786,0.9868250430966448,0.04319931014342537,0.11234504967098277,0.07137637527200812,0.12605830909621824,0.4564657295252472,0.5370370370370371,0.2777777777777778,0.38623432619655945,0.42592592592592593,0.4160030259935843,27.0,0.27506662411342614,0.7825625678771835,0.7341091868032074,2.400656902429111,0.47993279907752495,0.09065838001458942,0.7962962962962963,False,0.4160030259935843,0.5839969740064157,False
FSMI_nm,6085,N6382,1.0237676864754848,1.164632811431104,0.1408651249556192,0.03624267306299034,0.03051495878692782,0.043586918816256405,0.04217163808448636,0.15207155995481125,0.3888888888888889,0.018518518518518517,0.08486251286955258,0.16666666666666666,0.14621562821738815,19.5,0.0920808499026763,0.25841716028173045,1.1868265203818333,0.6734263050270782,0.30518823757145674,0.5099583083049186,0.2777777777777778,False,0.1462156282173881,0.8537843717826119,False
FSMI_nm,6085,N6389,1.7659275986645624,1.860109917554879,0.09418231889031659,0.04558956541400638,0.12247368409109136,0.1720075396153158,0.22699264305392144,0.7798791106166463,0.5740740740740741,0.09259259259259259,0.2305536962590506,0.46296296296296297,0.40486064628698487,23.5,0.14151221443036474,0.3905079715153744,3.7260766324149888,1.5389552260177406,0.02408715345145519,0.21460519826892752,0.46296296296296297,False,0.4048606462869848,0.5951393537130152,False
FSMI_nm,6085,N6390,1.7769079672453123,1.0337798223158707,0.7431281449294416,0.07994640696390021,0.2729240411046085,0.16918079460075866,0.23819508240300438,0.8445691588091021,0.6111111111111112,0.12962962962962962,0.2814571139550123,0.12962962962962962,0.16758650071097528,25.0,0.21248547579896085,0.5739785594208419,4.75433883766023,0.6147960096290453,0.008614238220793506,0.5407511920954626,0.6851851851851852,False,0.16758650071097525,0.8324134992890247,False
FSMI_nm,6090,6022,1.2832086750870029,0.7685981474942158,0.514610527592787,1.1456048308512787,0.4790861838293223,0.9501081805183882,0.7717650372541796,2.2217130252845303,0.9814814814814815,0.24074074074074073,0.4860890647558032,0.018518518518518517,0.13541115507783968,27.0,0.3972400553574653,1.2399304374590407,3.0330206376526734,45.4984875928243,0.04816991429058514,1.7388331191070615e-20,0.9444444444444444,True,0.9444444444444444,0.05555555555555558,False
FSMI_nm,6090,6028,4.415429811910861,3.20856567212049,1.2068641397903708,0.23842957572908174,0.2537767429321607,0.9796838558502086,0.8000439459358724,3.030712214455595,0.9074074074074074,0.42592592592592593,0.6216818641331303,0.7962962962962963,0.7526426882555048,30.0,0.14365793924601286,0.3943716952244183,-0.9281271204060864,0.20957405607714535,1.0,0.8109295829455917,0.42592592592592593,False,0.7526426882555048,0.24735731174449516,False
FSMI_nm,6090,6029,2.0210013039871706,1.2493815234973717,0.7716197804897988,0.020009611133842586,0.25171129622346,0.061998686600665376,0.17850464660356866,0.6979195417058088,0.2777777777777778,0.6481481481481481,0.424312564347763,0.24074074074074073,0.28663369664249627,33.5,0.11089568019125912,0.3446988608799485,-1.024855388152156,55.37605891045271,1.0,8.922430743968782e-25,0.3888888888888889,False,0.28663369664249627,0.7133663033575037,False
FSMI_nm,6090,6033,1.8207478300807216,2.068811733009682,0.2480639029289604,0.0,0.1903676795949909,0.22363374735294628,0.2496541225890376,1.0161789067057079,0.09259259259259259,0.9814814814814815,0.30145964066851305,0.5370370370370371,0.47814268794490605,40.25,0.06953633369679153,0.19440395745090466,-0.6026162938711117,0.8722770108512388,1.0,0.41799867728546014,0.24074074074074073,False,0.478142687944906,0.521857312055094,False
FSMI_nm,6090,6047,2.946053864791246,2.0769555790654035,0.8690982857258427,0.015922805472500468,0.11213377878990806,0.09531234936120772,0.12272297141657108,0.52541558867777,0.2037037037037037,0.5740740740740741,0.3419663946781368,0.5740740740740741,0.5160471542250897,31.5,0.01979586980245517,0.06259868572494398,-0.9955681739484786,-1.4096151739557325,1.0,1.0,0.018518518518518517,False,0.5160471542250897,0.48395284577491027,False
FSMI_nm,6090,6048,1.599313301289055,2.2905672504223387,0.6912539491332836,0.341153493495177,0.29216663979561874,0.4296861150130269,0.39028714565874884,1.215362678306616,0.9444444444444444,0.2777777777777778,0.5121969142940493,0.6111111111111112,0.5863825619068457,27.25,0.07836200182802333,0.24564237618117513,-0.046772486428860595,-0.2463338234324814,1.0,1.0,0.3148148148148148,False,0.5863825619068457,0.4136174380931543,False
FSMI_nm,6090,6056,2.284561920801109,1.462646394090871,0.8219155267102383,0.0,0.14447916434663371,0.36818340811852557,0.3353154936977259,1.1327767355564748,0.09259259259259259,0.6851851851851852,0.2518790834951008,0.2777777777777778,0.27130310420710857,34.5,0.17201703545297456,0.4848363566265217,-0.890328675989054,-0.3551699913475965,1.0,1.0,0.5370370370370371,False,0.27130310420710857,0.7286968957928914,False
FSMI_nm,6090,6057,3.4970517461895976,0.8589393808919332,2.6381123652976646,0.010978300537855645,0.05340184150693675,0.03003252843151786,0.04319350049465632,0.13864155839408832,0.16666666666666666,0.8333333333333334,0.37267799624996495,0.09259259259259259,0.1626139435069357,39.0,0.18914540194818302,0.5195131603332819,-0.5765079789311913,0.09415930950350805,1.0,0.9101377570965179,0.6111111111111112,False,0.1626139435069357,0.8373860564930643,False
FSMI_nm,6090,6062,2.9196668297119017,4.261682229156978,1.3420153994450765,0.0183957496230871,0.811599713023195,0.31183678625315525,0.6109706776330396,2.1421674221672427,0.24074074074074073,0.7592592592592593,0.4275331992820443,0.9444444444444444,0.8152166331538443,37.5,0.44820406932362916,1.2596034702885963,-0.9468846955681685,0.41743042457842205,1.0,0.6587373221805847,0.9814814814814815,True,0.9814814814814815,0.01851851851851849,False
FSMI_nm,6090,6063,4.4421744453751355,3.1534926876570113,1.2886817577181242,0.02272034076684548,0.4506782680067487,0.645867965598444,0.5968342175419881,2.0737499490592937,0.3148148148148148,0.24074074074074073,0.2752975693947871,0.7592592592592593,0.6382688367931412,27.0,0.05666083505384458,0.16698214260489097,-0.17328249246166372,2.0723305043543108,1.0,0.1258920475985754,0.16666666666666666,False,0.6382688367931412,0.36173116320685883,False
FSMI_nm,6090,6070,2.307992993047587,1.495328188935773,0.8126648041118139,0.11141542330944687,0.1071306335406756,0.06308630540588397,0.08661231097896988,0.26029417180112,0.7222222222222222,0.3148148148148148,0.4768293773919901,0.3148148148148148,0.3553184554591086,27.5,0.10945210308244605,0.30296328385319543,-0.56621278642388,-0.34773063467263304,1.0,1.0,0.35185185185185186,False,0.3553184554591087,0.6446815445408913,False
FSMI_nm,6090,6072,1.4268834691757484,0.8260629462113113,0.6008205229644371,0.0012676813510126284,0.030321987812989424,0.061503788438618,0.06635134387473006,0.2210527267209308,0.12962962962962962,0.7592592592592593,0.313723599001804,0.05555555555555555,0.12009756641711766,37.5,0.3019914414107271,0.8361151049363617,0.7577193603110494,-0.1267559049692188,0.4687342227904275,1.0,0.8703703703703703,False,0.12009756641711766,0.8799024335828823,False
FSMI_nm,6090,6078,1.3924063210314295,1.7644578280913805,0.37205150705995105,0.0,0.03761968867588442,0.06527665769908705,0.06171919015703008,0.21897747203913376,0.09259259259259259,0.9074074074074074,0.2898606637499727,0.3888888888888889,0.3641318326041599,39.25,0.1749604984904476,0.47865324710839374,-1.1609141814066417,0.6667568407369748,1.0,0.5133708242085308,0.5740740740740741,False,0.3641318326041598,0.6358681673958402,False
FSMI_nm,6090,6080,3.486930250089525,2.9170545685234366,0.5698756815660886,0.08399592811431766,0.14445796998196173,0.24108359839033094,0.2257829088247957,0.5989422217206681,0.6111111111111112,0.9444444444444444,0.759710796176519,0.7222222222222222,0.7315943657107964,39.5,0.26616431653378425,0.7481172434874803,0.4615456792302784,1.4488687224705952,0.6303086372068089,0.23483580234662133,0.7592592592592593,False,0.7315943657107964,0.2684056342892036,False
FSMI_nm,6090,6081,0.8928726233487373,3.566371012645523,2.673498389296786,0.03633519630879034,0.14348074521883122,0.151410401404632,0.20044347638840343,0.7361861900454474,0.3888888888888889,0.7962962962962963,0.5564807111598785,0.8703703703703703,0.7918979555677474,37.75,0.07210810715288356,0.2009771486618558,-0.9159775928760531,-1.063846998516325,1.0,1.0,0.2777777777777778,False,0.7918979555677474,0.20810204443225255,False
FSMI_nm,6090,6082,1.5697987651446832,2.7578329063661915,1.1880341412215083,0.17201982482382316,0.13000122060980862,0.43690595373877195,0.35537706936653934,1.4129022857603468,0.8703703703703703,0.6111111111111112,0.7293099506487117,0.6851851851851852,0.6962163765510669,32.0,0.16597028917788875,0.44549456747755367,0.6695040035658204,-0.17731268689652693,0.5119624463702153,1.0,0.5,False,0.6962163765510669,0.30378362344893306,False
FSMI_nm,6090,6084,1.3458682689199004,2.372349964824233,1.0264816959043328,0.11885385780809576,0.2524357469047891,0.23352386882751558,0.2864388330942476,1.0139556446950169,0.7962962962962963,0.5,0.6309898162000304,0.6481481481481481,0.6438585651611187,31.0,0.029758515158570413,0.09288784592276145,-0.21163507774908055,-1.2505468354426539,1.0,1.0,0.09259259259259259,False,0.6438585651611187,0.3561414348388813,False
FSMI_nm,6090,6085,1.86691079236755,3.2176079128479387,1.3506971204803886,0.15671638558540701,0.2630810833516031,0.7371683877043187,0.622338276736132,2.434854825829669,0.8333333333333334,0.5370370370370371,0.668977476599572,0.8333333333333334,0.792244369149893,31.25,0.05655039645891463,0.17065161126728723,-1.2871822753106918,-0.6141070409876764,1.0,1.0,0.12962962962962962,False,0.792244369149893,0.20775563085010695,False
FSMI_nm,6090,6094,3.459780024999232,1.9222305348293864,1.5375494901698454,0.03834239370210213,0.173867410755629,0.16884001459490502,0.18641871190578282,0.6743788715468628,0.42592592592592593,0.42592592592592593,0.42592592592592593,0.5,0.4814814814814815,30.0,0.026247687877263774,0.08328647524647392,0.3311774046049622,-0.8505495031248204,0.7180777674374245,1.0,0.05555555555555555,False,0.4814814814814815,0.5185185185185185,False
FSMI_nm,6090,6095,7.857275141594466,4.2384668331917466,3.61880830840272,0.09152396306944777,0.6256949017525907,0.21934085003881176,0.46142342061186836,1.6979851145950473,0.6851851851851852,0.35185185185185186,0.4910027253171427,0.9074074074074074,0.8033062368848413,28.75,0.29636471488197785,0.7998385645410684,0.10448265093770044,0.007056109696652921,0.9007904251405241,0.9929687261961124,0.8333333333333334,False,0.8033062368848413,0.19669376311515874,False
FSMI_nm,6090,6099,8.69575314178455,4.295891380002328,4.399861761782222,0.11830789514519058,0.13330785878685716,0.4072555130366173,0.33864842974986253,1.1023895645197164,0.7592592592592593,0.5,0.6161409170227454,0.9814814814814815,0.8901463403667975,31.0,0.24268175469783063,0.6655492342614184,0.004518220422436875,-1.544930407635313,0.995491971380075,1.0,0.7222222222222222,False,0.8901463403667975,0.10985365963320248,False
FSMI_nm,6090,6101,0.3286650711030523,1.1948518432766058,0.8661867721735534,0.040611323341034344,0.055599483532761645,0.05956634788223673,0.060254507755893194,0.19991716799464276,0.5740740740740741,0.9074074074074074,0.7217472322187065,0.16666666666666666,0.30543680805467666,39.25,0.3341269253772325,0.8897312509263026,-0.2980724237421506,0.6944509506906418,1.0,0.49934853970416954,0.9074074074074074,True,0.9074074074074074,0.09259259259259256,False
FSMI_nm,6090,N6342,0.7560989711345802,1.6704326324229293,0.914333661288349,0.03601058191056894,0.248968455470684,0.07167700067145451,0.17692487802260848,0.5767347692256395,0.35185185185185186,0.05555555555555555,0.13981174880131017,0.35185185185185186,0.29884182608921644,21.0,0.1595794766407228,0.45995796693700125,1.5305151872163967,-0.0532709994692884,0.2164241396395953,1.0,0.46296296296296297,False,0.2988418260892165,0.7011581739107835,False
FSMI_nm,6090,N6358,0.8146778778150339,1.7867944609525193,0.9721165831374854,0.0403077280381281,0.11850764597549239,0.07334475885766054,0.12761129834931137,0.4771671810812601,0.5370370370370371,0.24074074074074073,0.3595645896101407,0.42592592592592593,0.4093355918469796,27.0,0.27346141138922003,0.7608849201227823,0.7342178525808778,1.872952233833484,0.4798806496401645,0.15366932371232872,0.7962962962962963,False,0.40933559184697965,0.5906644081530203,False
FSMI_nm,6090,N6382,1.0237676864754848,1.214077673052153,0.1903099865766682,0.03921054710254657,0.02985199687505274,0.04596157702358982,0.043434548266119255,0.15635390528891158,0.5,0.018518518518518517,0.09622504486493763,0.2037037037037037,0.17683403899401218,19.5,0.06930456081554973,0.20451843205533754,1.0695677330220192,0.8902431575876092,0.3431568207249547,0.4105559108293209,0.2037037037037037,False,0.17683403899401218,0.8231659610059878,False
FSMI_nm,6090,N6389,1.7659275986645624,1.864193588379428,0.09826598971486566,0.03898935791166158,0.12226098624974306,0.18734332622149874,0.23960931542742525,0.8248494890234346,0.46296296296296297,0.09259259259259259,0.2070433312499805,0.46296296296296297,0.3989830550347173,23.5,0.19657179233506872,0.5377964303327591,3.1679437222979976,2.05750565509383,0.042090057827560604,0.1277722808790523,0.6481481481481481,False,0.3989830550347173,0.6010169449652827,False
FSMI_nm,6090,N6390,1.7769079672453123,1.004055753785079,0.7728522134602334,0.08405124238605732,0.26206338062605716,0.1700884789132226,0.23161717705881238,0.8209720938109942,0.6481481481481481,0.12962962962962962,0.2898606637499727,0.12962962962962962,0.1696873881597154,25.0,0.20298076669040907,0.5605918805343283,4.146958700349311,0.733690671774046,0.015812433779682854,0.4801337002040644,0.6851851851851852,False,0.1696873881597154,0.8303126118402846,False
FSMI_nm,6094,6022,1.2832086750870029,0.8067173686018708,0.47649130648513205,0.9884941676453597,0.4122118168690265,0.8458277508613188,0.6858976487717973,2.004975620676574,0.9814814814814815,0.2777777777777778,0.5221434140693216,0.09259259259259259,0.19998029796177486,27.0,0.36589891157313503,1.1087814930448985,4.531676328442954,52.93184492669461,0.01076261925761289,1.0279969624037494e-23,0.9444444444444444,True,0.9444444444444444,0.05555555555555558,False
FSMI_nm,6094,6028,4.415429811910861,3.2714383542789984,1.1439914576318624,0.20540049612978084,0.28265615824235135,0.9708462791044375,0.7999606598131223,2.986788315007972,0.9074074074074074,0.42592592592592593,0.6216818641331303,0.8333333333333334,0.7804204660332825,30.0,0.1458125177579477,0.39396048658966476,-0.674647681098775,0.17654552442743326,1.0,0.8381606215042473,0.42592592592592593,False,0.7804204660332825,0.21957953396671748,False
FSMI_nm,6094,6029,2.0210013039871706,1.2523061607221273,0.7686951432650433,0.010341214913291763,0.24864856725139162,0.060866543437982513,0.17754273456445183,0.6808679644616658,0.2037037037037037,0.6481481481481481,0.36335957167312194,0.2037037037037037,0.24361767069605825,33.5,0.08296614902311439,0.25150825900198304,-0.7081068847612759,66.61373221199558,1.0,1.1749616218786246e-29,0.2777777777777778,False,0.24361767069605822,0.7563823293039418,False
FSMI_nm,6094,6033,1.8207478300807216,1.9890229446818304,0.16827511460110878,0.0015119110294912197,0.2042230135401261,0.21236783505400783,0.24705779199771105,1.0207522398766882,0.09259259259259259,0.9814814814814815,0.30145964066851305,0.5,0.45036491016712826,40.25,0.07346480179029588,0.20542378374833958,-0.6376325268686579,1.1956213067739925,1.0,0.30251594057800624,0.16666666666666666,False,0.4503649101671283,0.5496350898328717,False
FSMI_nm,6094,6047,2.946053864791246,2.067643795756272,0.8784100690349743,0.028628246504310173,0.10125045530930463,0.0930859801152052,0.10960182204344493,0.4585893940208312,0.3148148148148148,0.5740740740740741,0.4251200104907036,0.5370370370370371,0.5090577804004537,31.5,0.02829284133724875,0.08549060910698092,-0.6649563192905797,-1.9442782013823743,1.0,1.0,0.018518518518518517,False,0.5090577804004537,0.4909422195995463,False
FSMI_nm,6094,6048,1.599313301289055,2.3538500499474275,0.7545367486583725,0.33893464443938015,0.29920403406958007,0.42614769600150704,0.38957251330812753,1.2223456426245662,0.9444444444444444,0.3148148148148148,0.5452752542346465,0.6111111111111112,0.594652146891995,27.25,0.07014929040673348,0.21321551563636,0.30198950676402425,-0.28949937500295764,0.7393458229790163,1.0,0.12962962962962962,False,0.594652146891995,0.40534785310800503,False
FSMI_nm,6094,6056,2.284561920801109,1.503775552724477,0.7807863680766323,0.0,0.14589330304117729,0.3502666009773984,0.32163376772234115,1.0611816637719218,0.05555555555555555,0.6851851851851852,0.19510469912690256,0.35185185185185186,0.31266506367061453,34.5,0.1610818797262249,0.4473572861948307,-0.6330745483417946,-0.5519025695901383,1.0,1.0,0.46296296296296297,False,0.31266506367061453,0.6873349363293855,False
FSMI_nm,6094,6057,3.4970517461895976,0.7452425416343991,2.7518092045551983,0.003944251730667259,0.04645726418462599,0.024868300106714446,0.03705499255705232,0.12232546793763632,0.12962962962962962,0.8333333333333334,0.32867109906108977,0.018518518518518517,0.09605666365416132,39.0,0.2205672886367279,0.5917316021473317,-0.47850644976469264,-0.08888542106319072,1.0,1.0,0.6481481481481481,False,0.09605666365416132,0.9039433363458387,False
FSMI_nm,6094,6062,2.9196668297119017,4.221390105967453,1.3017232762555513,0.039240223277730024,0.8351014196221239,0.3017357229483518,0.6187050679119801,2.200103843147741,0.42592592592592593,0.7592592592592593,0.5686723160290403,0.9814814814814815,0.8782791901183713,37.5,0.4157673654038146,1.1571805700367643,-0.768141205803414,0.23502201609657544,1.0,0.7905534445361572,0.9814814814814815,True,0.9814814814814815,0.01851851851851849,False
FSMI_nm,6094,6063,4.4421744453751355,2.916809927360827,1.5253645180143085,0.01040516610280795,0.46195505856803226,0.5579717800647954,0.541793459976717,1.8094891551027505,0.24074074074074073,0.2777777777777778,0.258597037847573,0.7592592592592593,0.6340937039063377,27.0,0.04570470350373216,0.14023241871043735,0.04397168581292763,2.3992544981807105,0.9569810532300136,0.0907856089041905,0.09259259259259259,False,0.6340937039063377,0.3659062960936623,False
FSMI_nm,6094,6070,2.307992993047587,1.5640202018275025,0.7439727912200844,0.11263122895488098,0.11967910356968142,0.07071114166678034,0.10006922467382197,0.30738458983558314,0.7962962962962963,0.35185185185185186,0.5293187380724612,0.42592592592592593,0.45177412896255975,27.5,0.08252661698754513,0.22826171215690222,-0.3186993587028356,-0.4560651853287563,1.0,1.0,0.2037037037037037,False,0.45177412896255975,0.5482258710374402,False
FSMI_nm,6094,6072,1.4268834691757484,0.7862634637944034,0.640620005381345,0.0,0.019811103164616005,0.05871667944175683,0.05973399066888541,0.1801035730327547,0.05555555555555555,0.7592592592592593,0.20538030567424848,0.05555555555555555,0.09301174308522878,37.5,0.27563159447642993,0.7514378485367763,1.3956235538313528,-0.03829975053604617,0.24767854729899705,1.0,0.7962962962962963,False,0.09301174308522875,0.9069882569147713,False
FSMI_nm,6094,6078,1.3924063210314295,1.486166528213452,0.09376020718202249,0.0062852493994229874,0.027555497125450256,0.06714137256849118,0.06126723963429003,0.20723257562461073,0.16666666666666666,0.9074074074074074,0.3888888888888889,0.3148148148148148,0.3333333333333333,39.25,0.18815098275805328,0.5153500065598923,-0.811128823668115,0.7256439377665991,1.0,0.4840127944665775,0.6111111111111112,False,0.33333333333333326,0.6666666666666667,False
FSMI_nm,6094,6080,3.486930250089525,2.8701908593671703,0.6167393907223548,0.09423185013506874,0.11953481999378902,0.21907758866797267,0.19928918756656455,0.5745799211518401,0.6481481481481481,0.9444444444444444,0.78239371015843,0.6481481481481481,0.6817095386507186,39.5,0.289931392857747,0.784201409021427,1.0022445919103158,1.081043165825396,0.367054627984618,0.33924145590696225,0.8703703703703703,False,0.6817095386507186,0.3182904613492814,False
FSMI_nm,6094,6081,0.8928726233487373,3.8350758140550045,2.9422031907062673,0.10882374297250585,0.35379209837826536,0.3209882845046726,0.3530375672022523,1.171725342123683,0.7592592592592593,0.7962962962962963,0.7775572879710007,0.9074074074074074,0.8749448775483057,37.75,0.11960964756268881,0.32901738792577784,-0.46698591350337465,-1.3010137189027633,1.0,1.0,0.3148148148148148,False,0.8749448775483057,0.12505512245169426,False
FSMI_nm,6094,6082,1.5697987651446832,2.8716618990719485,1.3018631339272653,0.13495651563806632,0.17862842607970209,0.4490703190858987,0.3739709207021074,1.4771511122918275,0.8703703703703703,0.6111111111111112,0.7293099506487117,0.6851851851851852,0.6962163765510669,32.0,0.16302440962533324,0.43790889139695355,1.3212293723630715,-0.25860591064950217,0.26680709499403954,1.0,0.5,False,0.6962163765510669,0.30378362344893306,False
FSMI_nm,6094,6084,1.3458682689199004,2.3407589317417017,0.9948906628218013,0.13238449293983745,0.2672641447528676,0.2237225227548306,0.2853908397724199,0.9815322856620861,0.8333333333333334,0.5,0.6454972243679028,0.5740740740740741,0.5919298616475313,31.0,0.02927979700303707,0.09272446124546274,-0.3996319807542763,-1.5648713551804614,1.0,1.0,0.05555555555555555,False,0.5919298616475313,0.40807013835246875,False
FSMI_nm,6094,6085,1.86691079236755,3.2205845480861663,1.3536737557186163,0.053154488707730874,0.2825855386202419,0.7067553411511956,0.6023361305850705,2.3163874548694454,0.5370370370370371,0.5370370370370371,0.5370370370370371,0.7962962962962963,0.7314814814814815,31.25,0.08286637315236571,0.2448816218549862,-1.061682593334573,-0.625302803635761,1.0,1.0,0.24074074074074073,False,0.7314814814814815,0.2685185185185185,False
FSMI_nm,6094,6090,2.022297889711494,2.9005604949464496,0.8782626052349558,0.0928721075690353,0.3819324379966164,0.1247987917337214,0.29156097735488884,1.1036883440206662,0.6111111111111112,0.16666666666666666,0.3191423692521127,0.7222222222222222,0.6214522589796948,25.25,0.14276643317989088,0.3963493615903346,-0.5675987531978276,1.3828460310195656,1.0,0.2508635706076163,0.3888888888888889,False,0.6214522589796948,0.3785477410203052,False
FSMI_nm,6094,6095,7.857275141594466,3.6620455667982963,4.19522957479617,0.08917439186550435,0.5651228976058449,0.1970343525510138,0.4138979026531645,1.5950614579502718,0.5740740740740741,0.3888888888888889,0.47249447489529905,0.8703703703703703,0.7709013965016025,28.75,0.24551932146910227,0.6671021513400773,0.26135110837448083,-0.11400035987241185,0.7700105150069386,1.0,0.7222222222222222,False,0.7709013965016025,0.2290986034983975,False
FSMI_nm,6094,6099,8.69575314178455,4.18716526450348,4.50858787728107,0.10397130932832876,0.12413753225255526,0.36229936120481937,0.29904741909232424,0.9535560356514172,0.6851851851851852,0.5,0.5853140973807077,0.9444444444444444,0.8546618576785102,31.0,0.27379077495790144,0.7420155142141435,0.3887168914560248,-1.290623105567628,0.6779261695392728,1.0,0.7592592592592593,False,0.8546618576785102,0.14533814232148978,False
FSMI_nm,6094,6101,0.3286650711030523,1.3028399581330112,0.9741748870299589,0.048858582771833525,0.05873213244909213,0.05595549718698487,0.05929033270541667,0.1940919515381092,0.46296296296296297,0.9074074074074074,0.6481481481481481,0.24074074074074073,0.34259259259259256,39.25,0.2881675670738508,0.7652490660468891,-0.2220947768321295,0.8189351702058528,1.0,0.4409008890371201,0.8333333333333334,False,0.34259259259259256,0.6574074074074074,False
FSMI_nm,6094,N6342,0.7560989711345802,1.4472670404454941,0.6911680693109139,0.051361702365329664,0.21299179545109476,0.06101705402456978,0.15142719112656533,0.49663919256782507,0.5,0.05555555555555555,0.16666666666666666,0.2777777777777778,0.25,21.0,0.18115971155012905,0.5146011188980053,2.2233690659282437,-0.06726417176347141,0.1082438132748418,1.0,0.5370370370370371,False,0.25,0.75,False
FSMI_nm,6094,N6358,0.8146778778150339,1.5462064032125253,0.7315285253974915,0.015803818000638348,0.08511554025638793,0.05916363664697265,0.10215164720054243,0.37415167933355997,0.2777777777777778,0.2777777777777778,0.2777777777777778,0.3888888888888889,0.36111111111111116,27.0,0.2933534324671145,0.8126551557720463,2.1266197102429034,1.8173553592126108,0.1192396780440119,0.16245481795740432,0.9074074074074074,True,0.9074074074074074,0.09259259259259256,False
FSMI_nm,6094,N6382,1.0237676864754848,1.011945364477866,0.01182232199761879,0.03288551499037051,0.021750149253296155,0.035938410708754975,0.03126473105480402,0.1210897749302029,0.3888888888888889,0.018518518518518517,0.08486251286955258,0.16666666666666666,0.14621562821738815,19.5,0.12753811238396076,0.3506290022712108,2.4403229390643775,0.7636056236840648,0.08713270836265749,0.46598323416796,0.35185185185185186,False,0.1462156282173881,0.8537843717826119,False
FSMI_nm,6094,N6389,1.7659275986645624,1.934366262137243,0.16843866347268066,0.03285335306953874,0.12025686215057466,0.16221459993904755,0.21681001602738184,0.7487197072483602,0.35185185185185186,0.09259259259259259,0.18049619157053637,0.46296296296296297,0.3923462701148563,23.5,0.1867741450426082,0.5101383517211212,5.114272429647265,1.759004092302168,0.006010349195878592,0.17221628997544794,0.5740740740740741,False,0.39234627011485634,0.6076537298851437,False
FSMI_nm,6094,N6390,1.7769079672453123,0.8583130259435727,0.9185949413017396,0.10435818994892032,0.16480728033838235,0.3351305044861631,0.2922288974234828,0.9770388895814139,0.7222222222222222,0.12962962962962962,0.30597614151589453,0.12962962962962962,0.17371625760119586,25.0,0.22605268326358616,0.6190194851510167,7.732272176800923,0.7652134870477687,0.0004384467558932617,0.4652345988106055,0.6851851851851852,False,0.1737162576011959,0.8262837423988041,False
FSMI_nm,6095,6022,1.2832086750870029,0.8807892105445598,0.40241946454244304,1.2989777072308877,0.5222579682588258,0.951764734676821,0.7733124993103809,2.195015867585004,0.9814814814814815,0.2777777777777778,0.5221434140693216,0.05555555555555555,0.17220252018399707,27.0,0.6171068112177682,1.7448503976586736,3.9422763534926575,48.19505746972728,0.01940399408384761,1.1726070093543583e-21,0.9814814814814815,True,0.9814814814814815,0.01851851851851849,False
FSMI_nm,6095,6028,4.415429811910861,2.7726428138510144,1.6427869980598464,0.1650587007016422,0.1927891443938255,0.7546730991684873,0.6178845112751232,2.388038852118472,0.9074074074074074,0.42592592592592593,0.6216818641331303,0.7592592592592593,0.7248649104777269,30.0,0.13329638470073196,0.37731993071160963,-0.7232772590528359,0.1886005658868688,1.0,0.8281172189083701,0.5,False,0.7248649104777269,0.27513508952227306,False
FSMI_nm,6095,6029,2.0210013039871706,1.236837298344319,0.7841640056428516,0.000890231475094927,0.1987140839158742,0.06869616831301217,0.14844689122289773,0.542727647645902,0.09259259259259259,0.6481481481481481,0.24497697324672135,0.2037037037037037,0.21402202108945811,33.5,0.42775163628583934,1.200543526103859,-0.84808663014726,59.017104437916316,1.0,2.3398995004668864e-26,0.9444444444444444,True,0.9444444444444444,0.05555555555555558,False
FSMI_nm,6095,6033,1.8207478300807216,1.8698781367606871,0.04913030667996554,0.005310380588808172,0.13495518821156516,0.17798328012417133,0.19279684457438867,0.7764355429495444,0.12962962962962962,0.9814814814814815,0.356691857115893,0.5740740740740741,0.5197285198345288,40.25,0.10671099100176672,0.2964038216022754,-0.538105175165546,1.2196546196893898,1.0,0.2953321512214383,0.42592592592592593,False,0.5197285198345288,0.48027148016547117,False
FSMI_nm,6095,6047,2.946053864791246,1.8045563235708604,1.1414975412203858,0.019119639088656326,0.09210686481751816,0.09005112415773683,0.10034637946151038,0.4034290957362672,0.46296296296296297,0.5740740740740741,0.5155337372990761,0.5,0.503883434324769,31.5,0.018588475876540757,0.052158105429049195,-0.6986619935693322,-1.4001344341140092,1.0,1.0,0.018518518518518517,False,0.503883434324769,0.496116565675231,False
FSMI_nm,6095,6048,1.599313301289055,2.516904193067979,0.9175908917789242,0.28091826504191664,0.34770958523811374,0.42021348681769016,0.4021706655964789,1.2210504351281632,0.9444444444444444,0.3148148148148148,0.5452752542346465,0.6851851851851852,0.6502077024475506,27.25,0.0364079450491821,0.11510694840226587,0.1006456767751137,-0.2056006639130617,0.9042533741019724,1.0,0.05555555555555555,False,0.6502077024475506,0.34979229755244945,False
FSMI_nm,6095,6056,2.284561920801109,1.3711006634168788,0.9134612573842305,0.0,0.12138649527756985,0.2857370228336958,0.2638481983219486,0.8812190939592746,0.05555555555555555,0.6851851851851852,0.19510469912690256,0.24074074074074073,0.2293317303372812,34.5,0.15625469609068213,0.42438028804455236,-0.7508735480922207,-0.23828080094362736,1.0,1.0,0.5740740740740741,False,0.22933173033728116,0.7706682696627188,False
FSMI_nm,6095,6057,3.4970517461895976,0.9515707141992292,2.5454810319903682,0.008298496742850103,0.05300903115913751,0.030888510122665244,0.04338178515502649,0.1396624626647952,0.2037037037037037,0.8333333333333334,0.41201102706087017,0.09259259259259259,0.172447201209662,39.0,0.13905988184111256,0.38635249647889824,-0.5165249120829662,-0.049313205432341155,1.0,1.0,0.5370370370370371,False,0.17244720120966206,0.8275527987903379,False
FSMI_nm,6095,6062,2.9196668297119017,3.6034091468857574,0.6837423171738557,0.01387663256399252,0.6080184965705326,0.25539945727791946,0.460536179461001,1.608521337529973,0.3148148148148148,0.7592592592592593,0.4889029178682995,0.9814814814814815,0.858336840578186,37.5,0.4125697821508644,1.140982223226723,-0.7707193330449518,0.27684341130015355,1.0,0.7581732091728648,0.9074074074074074,True,0.9074074074074074,0.09259259259259256,False
FSMI_nm,6095,6063,4.4421744453751355,2.375999320054185,2.0661751253209504,0.007356353125035131,0.31734445625371277,0.39556165326734166,0.38129658737114464,1.3045912892652418,0.16666666666666666,0.2777777777777778,0.2151657414559676,0.6481481481481481,0.539902546475103,27.0,0.06308477103644385,0.18507604753848117,0.4530951861831742,2.3121800337293252,0.6356576249235417,0.09904509438380577,0.24074074074074073,False,0.539902546475103,0.46009745352489695,False
FSMI_nm,6095,6070,2.307992993047587,1.4847395664605174,0.8232534265870695,0.10281683790089824,0.1037905839352862,0.07443614682119731,0.09349213827250852,0.300266072144014,0.7962962962962963,0.35185185185185186,0.5293187380724612,0.2777777777777778,0.34066301785144865,27.5,0.04804088041962442,0.1400226761469976,-0.4152038056410881,0.015006492133720455,1.0,0.9851055441453812,0.12962962962962962,False,0.3406630178514487,0.6593369821485513,False
FSMI_nm,6095,6072,1.4268834691757484,0.8591684216455665,0.5677150475301819,0.0,0.022313733816471445,0.06467627405480861,0.06717079412044646,0.22707468719681756,0.05555555555555555,0.7592592592592593,0.20538030567424848,0.018518518518518517,0.06523396530745101,37.5,0.31176741920385737,0.8529209410778354,1.2042944134970288,-0.1517608828687876,0.29990353276187787,1.0,0.8703703703703703,False,0.06523396530745096,0.934766034692549,False
FSMI_nm,6095,6078,1.3924063210314295,1.6872816421609447,0.2948753211295152,0.024466744488283787,0.023085167631201175,0.07502316007170477,0.06560835202578902,0.19750383907872116,0.5370370370370371,0.9074074074074074,0.6980769194433617,0.3888888888888889,0.4661858965275071,39.25,0.16095657803310737,0.45194096311410004,-0.7635775537855177,0.2902989873402158,1.0,0.7480398796863048,0.6111111111111112,False,0.4661858965275071,0.5338141034724929,False
FSMI_nm,6095,6080,3.486930250089525,2.9282267642341946,0.5587034858553306,0.11638780032847551,0.14587111716102213,0.22134862222366894,0.21220336982101087,0.6645286255512368,0.8333333333333334,0.9444444444444444,0.8871510790372952,0.8333333333333334,0.8467877697593238,39.5,0.24759247375559418,0.6834016253980775,0.5912260407270008,1.4358429638913146,0.5536480733628178,0.23791472593806326,0.8333333333333334,False,0.8467877697593238,0.1532122302406762,False
FSMI_nm,6095,6081,0.8928726233487373,3.274534695685914,2.3816620723371766,0.044726510863743574,0.1440410873465947,0.18585916646459094,0.19547074059873368,0.7162875232278032,0.6111111111111112,0.7962962962962963,0.6975854889569394,0.9444444444444444,0.8827297055725681,37.75,0.07337980840808152,0.20073583938245088,-0.645930113851162,-1.093951993232177,1.0,1.0,0.35185185185185186,False,0.8827297055725681,0.11727029442743186,False
FSMI_nm,6095,6082,1.5697987651446832,2.9796739442111675,1.4098751790664843,0.0805057518255734,0.19830160660333732,0.4493806990057238,0.3788009291909724,1.5116688081499432,0.6851851851851852,0.6111111111111112,0.6470890818391166,0.8703703703703703,0.814550048237557,32.0,0.24315310167607987,0.6483565346407358,1.1053840338159149,-0.21837618781510218,0.33108371048369184,1.0,0.7962962962962963,False,0.814550048237557,0.18544995176244305,False
FSMI_nm,6095,6084,1.3458682689199004,2.3678136296360255,1.021945360716125,0.1264299993251039,0.25677083474174495,0.2206512284838903,0.2663753505359266,0.9058993864540668,0.8703703703703703,0.5,0.6596856715021066,0.6111111111111112,0.62325475120886,31.0,0.07144225881903914,0.21808445878382088,-0.42326107429833887,-1.2208163358748476,1.0,1.0,0.3148148148148148,False,0.62325475120886,0.37674524879114,False
FSMI_nm,6095,6085,1.86691079236755,2.8229740828444134,0.9560632904768633,0.021062470953129075,0.21342983136227364,0.5308041865503182,0.45170277384852425,1.7536414538997165,0.5,0.5370370370370371,0.5181877251716008,0.7962962962962963,0.7267691535151224,31.25,0.0368785215777973,0.1018020734222298,-0.9565887431372241,-0.681579372030303,1.0,1.0,0.09259259259259259,False,0.7267691535151224,0.2732308464848776,False
FSMI_nm,6095,6090,2.022297889711494,2.73178266715444,0.7094847774429462,0.09136140288222139,0.21301301032247547,0.10887840329782601,0.17610884785585668,0.6110593396465047,0.7222222222222222,0.16666666666666666,0.3469443332443555,0.7222222222222222,0.6284027499777555,25.25,0.09004338783885446,0.23926009505238266,-0.5177206317061515,1.2257856409495254,1.0,0.2935270028794659,0.3888888888888889,False,0.6284027499777555,0.37159725002224453,False
FSMI_nm,6095,6094,3.459780024999232,1.5695273100605036,1.8902527149387283,0.012732800493904906,0.12073595228425678,0.12088341721589187,0.13441775822779356,0.48783216745120295,0.2777777777777778,0.42592592592592593,0.343966215203828,0.35185185185185186,0.34988044268984586,30.0,0.060085079356219255,0.16856643388565234,0.918017874117969,-0.9967136585610367,0.3993097393632154,1.0,0.2037037037037037,False,0.34988044268984586,0.6501195573101541,False
FSMI_nm,6095,6099,8.69575314178455,3.246859776973245,5.448893364811305,0.06561375513318479,0.06789456721044287,0.20886654547542285,0.17617169905492563,0.5643622898187837,0.6481481481481481,0.5,0.5692750425533111,0.9074074074074074,0.8228743161938834,31.0,0.1612201239900746,0.4503793741514016,0.2848195029651251,-1.2683507835184957,0.7521500029132118,1.0,0.6481481481481481,False,0.8228743161938834,0.1771256838061166,False
FSMI_nm,6095,6101,0.3286650711030523,1.7734072766919455,1.4447422055888932,0.014941957306513265,0.04085477942832995,0.05162445543033748,0.04937620234744723,0.1485918529662067,0.3888888888888889,0.9074074074074074,0.5940375900868682,0.46296296296296297,0.49573161974393926,39.25,0.17503479088189905,0.4771257872798751,-0.42590644406524897,0.6831104288729477,1.0,0.5050436444069497,0.6851851851851852,False,0.4957316197439392,0.5042683802560608,False
FSMI_nm,6095,N6342,0.7560989711345802,1.7665046168503125,1.0104056457157322,0.015761800004900017,0.1780719476371836,0.06250499723759853,0.13170744101367937,0.4827427837018836,0.42592592592592593,0.05555555555555555,0.1538263678318162,0.42592592592592593,0.35790103640239845,21.0,0.06892801099701794,0.20676109156076694,1.8377373746617087,-0.10356718546462927,0.1591771772769708,1.0,0.2777777777777778,False,0.35790103640239845,0.6420989635976015,False
FSMI_nm,6095,N6358,0.8146778778150339,1.4870486099170377,0.6723707321020038,0.014748711877441645,0.07961080811690184,0.05676515633625433,0.0914988703576651,0.3342982497383926,0.35185185185185186,0.2777777777777778,0.3126285743728543,0.3148148148148148,0.3142682547043247,27.0,0.2071071155438351,0.5525840079098312,1.13999579589579,2.2725929947970167,0.31982036637162625,0.1030446391536989,0.7222222222222222,False,0.31426825470432473,0.6857317452956753,False
FSMI_nm,6095,N6382,1.0237676864754848,1.1885906325697957,0.16482294609431092,0.028361996913315757,0.026906905608071022,0.03659180887924223,0.03603876016772418,0.1263886968959067,0.5740740740740741,0.018518518518518517,0.10310674745981521,0.12962962962962962,0.122998909087176,19.5,0.057367216094202415,0.16342639402565057,1.614669274741747,0.7297880901150898,0.19895645948761537,0.48201112218984815,0.16666666666666666,False,0.12299890908717603,0.877001090912824,False
FSMI_nm,6095,N6389,1.7659275986645624,1.8220936005224222,0.056166001857859804,0.0089993835158384,0.10166398252233151,0.1203030208115414,0.17014842819765033,0.5556186536189425,0.24074074074074073,0.09259259259259259,0.1493010694129361,0.5370370370370371,0.44010304513101184,23.5,0.21363652010203643,0.5861246517075995,4.20601282769795,1.3808749986986892,0.014905681534098813,0.2513585184322561,0.7592592592592593,False,0.44010304513101184,0.5598969548689882,False
FSMI_nm,6095,N6390,1.7769079672453123,1.1979580182897243,0.578949948955588,0.09657957585462018,0.2861511422868736,0.1270468841925434,0.2334202054114711,0.8191326400819982,0.7592592592592593,0.12962962962962962,0.313723599001804,0.16666666666666666,0.203430899750451,25.0,0.11354789209808028,0.3132069066555542,5.306338608431144,0.6209000787039416,0.004960054212174483,0.5374604631027324,0.46296296296296297,False,0.20343089975045103,0.796569100249549,False
FSMI_nm,6099,6022,1.2832086750870029,0.5871649621817969,0.696043712905206,1.014345148200014,0.40956275679945586,0.845305421530828,0.6940963002626899,1.9970762437121066,0.9814814814814815,0.2777777777777778,0.5221434140693216,0.018518518518518517,0.1444247424062193,27.0,0.34926868932259664,1.077334847960453,4.1112636961273665,63.03852161504434,0.016387053180664725,4.194864289203901e-28,0.9444444444444444,True,0.9444444444444444,0.05555555555555558,False
FSMI_nm,6099,6028,4.415429811910861,3.012405864654556,1.4030239472563046,0.17229475307006936,0.17917912497131838,0.6787736013978654,0.551962954632328,1.9800213407958347,0.9074074074074074,0.46296296296296297,0.6481481481481481,0.7962962962962963,0.7592592592592593,30.0,0.201117810778435,0.5384700358949749,-0.68064064392571,0.18745536230064377,1.0,0.8290661249588778,0.7592592592592593,False,0.7592592592592593,0.2407407407407407,False
FSMI_nm,6099,6029,2.0210013039871706,1.4400805277154178,0.5809207762717528,0.036309545024815426,0.21793065241294507,0.05105408584546639,0.15380892445204444,0.5929875469942438,0.46296296296296297,0.6481481481481481,0.5477851651018163,0.3148148148148148,0.37305740238656515,33.5,0.17760057445244584,0.5291926415723964,-0.7375639465718978,67.05914269720884,1.0,7.526349217822969e-30,0.6481481481481481,False,0.37305740238656515,0.6269425976134348,False
FSMI_nm,6099,6033,1.8207478300807216,1.8297746778670747,0.009026847786353098,0.0007728632582306716,0.15636449047813014,0.18556520094194945,0.2025031298950998,0.8199892062014837,0.2777777777777778,0.9814814814814815,0.5221434140693216,0.46296296296296297,0.47775807573955265,40.25,0.07924945974033767,0.21277619242350276,-0.6656958252817556,1.2245661698657258,1.0,0.2938851689139669,0.24074074074074073,False,0.47775807573955265,0.5222419242604474,False
FSMI_nm,6099,6047,2.946053864791246,2.0825954027358917,0.8634584620553545,0.0,0.14036927039534042,0.06547191637599706,0.1262948261204739,0.5085205230057483,0.24074074074074073,0.5740740740740741,0.3717566648126802,0.5740740740740741,0.5234947217587256,31.5,0.04059276798786913,0.11889834665569066,-0.7638980573551608,-2.1508498801433653,1.0,1.0,0.12962962962962962,False,0.5234947217587256,0.4765052782412744,False
FSMI_nm,6099,6048,1.599313301289055,2.1582230033273264,0.5589097020382714,0.15335733080168623,0.1952525455969929,0.2983471269293668,0.270408273455849,0.8048064071941101,0.8333333333333334,0.3148148148148148,0.5121969142940493,0.6111111111111112,0.5863825619068457,27.25,0.07574019786282248,0.22697559936181166,0.291572553313169,-0.42901780794641925,0.7470878079408997,1.0,0.16666666666666666,False,0.5863825619068457,0.4136174380931543,False
FSMI_nm,6099,6056,2.284561920801109,1.5964135667423753,0.6881483540587339,0.0,0.1393327868468612,0.37462965711986757,0.33412024852453387,1.1593645894562838,0.24074074074074073,0.6851851851851852,0.4061428185085427,0.35185185185185186,0.3654245935160246,34.5,0.11050210422504549,0.31029178351627196,-0.6198495398150382,-0.4607013018011963,1.0,1.0,0.35185185185185186,False,0.3654245935160245,0.6345754064839755,False
FSMI_nm,6099,6057,3.4970517461895976,0.8343450496849117,2.662706696504686,0.007077228270785385,0.050482404397863584,0.024168468180630034,0.039736104733106695,0.13747241452161252,0.3888888888888889,0.8333333333333334,0.5692750425533111,0.05555555555555555,0.18398542730499443,39.0,0.13339376997434824,0.36661074171498664,-0.5486884345030366,-0.07744570613471694,1.0,1.0,0.5,False,0.18398542730499445,0.8160145726950055,False
FSMI_nm,6099,6062,2.9196668297119017,3.53448263554534,0.6148158058334383,0.0,0.5212271891546222,0.14277996477280813,0.37217386615133163,1.4237044780615529,0.24074074074074073,0.7592592592592593,0.4275331992820443,0.9814814814814815,0.8429944109316222,37.5,0.39911850132275234,1.1109471921261331,-0.8911335637821484,0.12068459407189529,1.0,0.8863134640325948,0.9814814814814815,True,0.9814814814814815,0.01851851851851849,False
FSMI_nm,6099,6063,4.4421744453751355,3.148981568842779,1.2931928765323564,0.0757978495288234,0.2962093100314874,0.5330042448058917,0.46553424314442887,1.685168780681022,0.6851851851851852,0.2777777777777778,0.43626736997739807,0.9074074074074074,0.7896223980499051,27.0,0.03779496756074559,0.11986671348926425,-0.015934450846894998,2.693277007971798,1.0,0.06765885707377854,0.09259259259259259,False,0.7896223980499051,0.21037760195009492,False
FSMI_nm,6099,6070,2.307992993047587,1.3497867716416723,0.9582062214059146,0.059682020569345795,0.10343266994984505,0.03158295524964316,0.07219640693913369,0.2893932539761128,0.6481481481481481,0.35185185185185186,0.4775480354899121,0.24074074074074073,0.2999425644280336,27.5,0.12728184994005698,0.3459248060485812,-0.30641492064118303,-0.5545759359153071,1.0,1.0,0.46296296296296297,False,0.2999425644280336,0.7000574355719664,False
FSMI_nm,6099,6072,1.4268834691757484,1.0584718896591516,0.36841157951659675,0.004049040076761212,0.0442416112495479,0.06270332402572458,0.06911495922111331,0.24646167998514867,0.3148148148148148,0.7592592592592593,0.4889029178682995,0.12962962962962962,0.2194479516892971,37.5,0.17455326651260855,0.4807082182462863,1.0440940233696145,-0.27296149507146783,0.3520105883243254,1.0,0.5740740740740741,False,0.2194479516892971,0.7805520483107029,False
FSMI_nm,6099,6078,1.3924063210314295,1.7355886709184107,0.34318234988698126,0.004306122579237126,0.09240799460562744,0.05196795166777521,0.07566408064977462,0.281547668301827,0.35185185185185186,0.9074074074074074,0.5650424556441614,0.3888888888888889,0.432927280577707,39.25,0.11677278613925036,0.3163729022122399,-0.826547386663881,0.4811842520146922,1.0,0.6180510300637627,0.42592592592592593,False,0.432927280577707,0.567072719422293,False
FSMI_nm,6099,6080,3.486930250089525,2.783076911061038,0.7038533390284871,0.07734767397579567,0.11807427717299647,0.17854723859152694,0.1814099219751601,0.527692367889856,0.7222222222222222,0.9444444444444444,0.8258927081843613,0.7222222222222222,0.748139843712757,39.5,0.27597608942920326,0.7572789795109125,1.1780429913299746,1.1340244124697307,0.30788067456152274,0.3217358497578036,0.8703703703703703,False,0.748139843712757,0.251860156287243,False
FSMI_nm,6099,6081,0.8928726233487373,2.508397292463363,1.6155246691146257,0.0,0.08102502028488696,0.08286245393273345,0.09590112044496005,0.28524266948494104,0.24074074074074073,0.7962962962962963,0.43783668213099586,0.6851851851851852,0.623348059421638,37.75,0.012521185468761086,0.03927220849991975,-0.9421881063907582,-1.3335054674691214,1.0,1.0,0.018518518518518517,False,0.623348059421638,0.37665194057836204,False
FSMI_nm,6099,6082,1.5697987651446832,2.8758176204673616,1.3060188553226784,0.1538415053422737,0.11451553120515899,0.4081432117389239,0.3312254823046006,1.2823085606856188,0.8703703703703703,0.6111111111111112,0.7293099506487117,0.7592592592592593,0.7517719321066223,32.0,0.136320136589584,0.36167085122590503,1.35542721428796,-0.4234602378061732,0.25783711921798796,1.0,0.5370370370370371,False,0.7517719321066223,0.2482280678933777,False
FSMI_nm,6099,6084,1.3458682689199004,2.2694878545734536,0.9236195856535532,0.07898488607933496,0.2119596516317744,0.20098034012436522,0.24645366135175054,0.9165990764812371,0.7592592592592593,0.5,0.6161409170227454,0.6481481481481481,0.6401463403667975,31.0,0.0350444426430105,0.10892154668974574,-0.34746011798935866,-1.6313792088509855,1.0,1.0,0.05555555555555555,False,0.6401463403667975,0.3598536596332025,False
FSMI_nm,6099,6085,1.86691079236755,3.1010546199206743,1.2341438275531242,0.1790014610890034,0.18628548121141902,0.5900184403877802,0.48677825280473286,1.9229861785781708,0.9444444444444444,0.5370370370370371,0.7121809082603485,0.8703703703703703,0.8308230048428649,31.25,0.07653893508606302,0.22732853746383652,-1.09870870537584,-1.0152664627472991,1.0,1.0,0.2037037037037037,False,0.8308230048428649,0.16917699515713513,False
FSMI_nm,6099,6090,2.022297889711494,3.0900584849160575,1.0677605952045637,0.0,0.34034398821905026,0.16101168724341222,0.2725718770756647,1.07131440617177,0.24074074074074073,0.16666666666666666,0.20030840419244383,0.8333333333333334,0.6750771010481109,25.25,0.17707679094164208,0.48971911196652607,-0.4383261536024987,1.4319293672842444,1.0,0.23884765256075552,0.6111111111111112,False,0.6750771010481109,0.3249228989518891,False
FSMI_nm,6099,6094,3.459780024999232,2.0567990925424717,1.4029809324567601,0.03766019466551951,0.14660882140213946,0.1312481360934764,0.14584459543451464,0.4988851265469947,0.5,0.46296296296296297,0.4811252243246881,0.5370370370370371,0.5230590838589498,30.0,0.11403833363853053,0.3121482321215467,0.6986958903840155,-1.0388792022337228,0.4972333279166457,1.0,0.3888888888888889,False,0.5230590838589498,0.47694091614105016,False
FSMI_nm,6099,6095,7.857275141594466,3.5083109574211813,4.348964184173285,0.05870165889186474,0.34798540432897374,0.11592591592779734,0.2625280096320412,0.8386797688221201,0.6111111111111112,0.3888888888888889,0.48749802152178456,0.9444444444444444,0.8302078387137795,28.75,0.23971280940100134,0.6443501724546183,0.09292042276186005,-0.15135641526352417,0.9112660134434649,1.0,0.8333333333333334,False,0.8302078387137795,0.16979216128622054,False
FSMI_nm,6099,6101,0.3286650711030523,1.1732486235569255,0.8445835524538732,0.0,0.055954773339844256,0.0666220912238932,0.06537763097919577,0.21293569678444868,0.24074074074074073,0.9074074074074074,0.46738627644903563,0.2037037037037037,0.26962434689003667,39.25,0.3023639982689052,0.8030957258888467,0.1999555822922197,0.7567188160849602,0.8187671200289851,0.4692034468111586,0.9074074074074074,True,0.9074074074074074,0.09259259259259256,False
FSMI_nm,6099,N6342,0.7560989711345802,1.429891090400501,0.6737921192659209,0.0,0.1725319430830031,0.059186832060409755,0.12562764208733673,0.39403490048733025,0.24074074074074073,0.05555555555555555,0.11564811108145182,0.2777777777777778,0.2372453611036963,21.0,0.17760736885905132,0.5026402916920318,2.8267216701614553,-0.2392228056125291,0.059206634734058926,1.0,0.6851851851851852,False,0.23724536110369632,0.7627546388963037,False
FSMI_nm,6099,N6358,0.8146778778150339,2.051264778239861,1.2365869004248273,0.01549665931694788,0.10476915517817098,0.07966190751953559,0.12182718488159047,0.4546347231028167,0.42592592592592593,0.2777777777777778,0.343966215203828,0.5,0.460991553800957,27.0,0.20078399887872422,0.5789144634554096,1.3796142734707595,1.8973256665050087,0.2516756122998181,0.149969150929783,0.7222222222222222,False,0.460991553800957,0.539008446199043,False
FSMI_nm,6099,N6382,1.0237676864754848,1.12500930644726,0.10124161997177517,0.047228290013091145,0.03503361852270033,0.03964332549262903,0.04167119513149846,0.16678232132458337,0.5370370370370371,0.018518518518518517,0.09972527420619452,0.16666666666666666,0.14993131855154862,19.5,0.10534070248751602,0.28630852637524606,2.0020519930691667,0.7101864619300372,0.1350578609050928,0.4915525330812391,0.2777777777777778,False,0.14993131855154862,0.8500686814484514,False
FSMI_nm,6099,N6389,1.7659275986645624,1.8125839595750461,0.04665636091048375,0.05170967007657912,0.11325013551302637,0.12362933662286198,0.18451550313435364,0.6049044259695808,0.5740740740740741,0.09259259259259259,0.2305536962590506,0.42592592592592593,0.3770828685092071,23.5,0.1083613859251358,0.2937537384769653,4.923446065887945,1.7163860854671853,0.007274020851164702,0.17971444841147766,0.3148148148148148,False,0.37708286850920714,0.6229171314907929,False
FSMI_nm,6099,N6390,1.7769079672453123,0.9723297604570993,0.804578206788213,0.07998074785545994,0.22390948852588416,0.11955099131827066,0.17941750800712894,0.6183965618206622,0.7962962962962963,0.12962962962962962,0.3212842883869902,0.09259259259259259,0.149765516541192,25.0,0.20774147596801115,0.5687435855042607,7.06841860182935,0.5537173249871216,0.0008515787299508754,0.5748090817911207,0.7962962962962963,False,0.14976551654119197,0.850234483458808,False
FSMI_nm,6101,6022,1.2832086750870029,3.901593752640207,2.6183850775532043,0.24616642713409043,0.3189665005189485,0.11755656207241132,0.3086665040142145,0.9171655436470623,0.9814814814814815,0.2777777777777778,0.5221434140693216,0.9444444444444444,0.8388691868506637,27.0,0.26479643022181254,0.7880302340620943,2.577793103044436,41.01669843779998,0.07594141410208542,1.5370011858518773e-18,0.9444444444444444,True,0.9444444444444444,0.05555555555555558,False
FSMI_nm,6101,6028,4.415429811910861,3.0817156199115723,1.3337141919992885,0.13448551086888072,0.18851881193505815,0.7749019279495197,0.6326078926355189,2.448660233403603,0.8703703703703703,0.46296296296296297,0.634782833370467,0.7962962962962963,0.7559179305648389,30.0,0.1476954086706193,0.40144627737824956,-0.7209182251290067,0.23698095027602148,1.0,0.7890063182270282,0.6851851851851852,False,0.7559179305648389,0.2440820694351611,False
FSMI_nm,6101,6029,2.0210013039871706,1.5649503816833512,0.4560509223038194,0.0009543982666235795,0.23418188742410936,0.06828800296790649,0.16929193190327588,0.6436295659030111,0.12962962962962962,0.6851851851851852,0.2980273507302052,0.24074074074074073,0.25506239323810687,33.5,0.07104445601979388,0.21824524375115373,-0.796893318327179,52.09292661146878,1.0,2.3786438810155997e-23,0.3888888888888889,False,0.25506239323810687,0.7449376067618931,False
FSMI_nm,6101,6033,1.8207478300807216,2.137383911627994,0.3166360815472722,0.025351135506372025,0.16827453979375673,0.18793262759664944,0.2099552438312357,0.8633024877675299,0.3888888888888889,0.9814814814814815,0.6178084191708251,0.46296296296296297,0.5016743270149284,40.25,0.02404904088762669,0.06532246750505921,-0.6750608483910269,1.3196534750745093,1.0,0.26722788704705275,0.12962962962962962,False,0.5016743270149284,0.4983256729850716,False
FSMI_nm,6101,6047,2.946053864791246,2.2204741044004277,0.7255797603908185,0.040809439545941295,0.10785199679305887,0.09278937838689023,0.10853139716429812,0.4397857147746489,0.5740740740740741,0.6111111111111112,0.5923031700636843,0.5,0.5230757925159211,31.5,0.008565609905336079,0.024355143182385852,-0.6898741978085211,-1.498396175612029,1.0,1.0,0.05555555555555555,False,0.5230757925159211,0.47692420748407893,False
FSMI_nm,6101,6048,1.599313301289055,2.759959669758852,1.1606463684697972,0.23919251933293584,0.3002877351828843,0.40833602869506713,0.37743490063291185,1.1973836292101616,0.9444444444444444,0.3148148148148148,0.5452752542346465,0.6851851851851852,0.6502077024475506,27.25,0.0076400411223052295,0.023721132660586397,0.13596818908854336,-0.1347186157090865,0.8728703988500512,1.0,0.018518518518518517,False,0.6502077024475506,0.34979229755244945,False
FSMI_nm,6101,6056,2.284561920801109,1.7691712318547814,0.5153906889463278,0.0,0.1361224514675722,0.31452972188543965,0.2899821565158692,0.9587215746614948,0.09259259259259259,0.7222222222222222,0.258597037847573,0.35185185185185186,0.32853814835078216,34.5,0.03438171419980777,0.10401037702080351,-0.7387320049059644,-0.2756894092974652,1.0,1.0,0.2037037037037037,False,0.3285381483507821,0.6714618516492179,False
FSMI_nm,6101,6057,3.4970517461895976,1.0090987464830266,2.487952999706571,0.0,0.039092745056074074,0.031520469277168894,0.03640513208179868,0.10334136711631936,0.09259259259259259,0.8703703703703703,0.2838835132732572,0.09259259259259259,0.14041532276275875,39.0,0.19898446166467537,0.531983065709721,-0.4960218296031751,0.029853547589042705,1.0,0.9705876680443148,0.7962962962962963,False,0.1404153227627587,0.8595846772372413,False
FSMI_nm,6101,6062,2.9196668297119017,3.929678095954583,1.0100112662426812,0.029546256430519335,0.6570202820181604,0.26616401301261294,0.4958131449892961,1.7157242821739978,0.46296296296296297,0.7962962962962963,0.6071702337316667,0.9814814814814815,0.8879036695440279,37.5,0.28387886355345443,0.78542739298164,-0.8269897213524382,0.5961308837310096,1.0,0.5509391652986755,0.9814814814814815,True,0.9814814814814815,0.01851851851851849,False
FSMI_nm,6101,6063,4.4421744453751355,2.6552426037799837,1.7869318415951518,0.030144166344228118,0.4071273592470285,0.4153790987951417,0.4298917964869111,1.3715183739724157,0.5,0.2777777777777778,0.37267799624996495,0.6481481481481481,0.5792806101736023,27.0,0.06052631931116015,0.18298277857758594,0.017533691213267717,2.539425788286042,0.9826191294767304,0.0789116988056403,0.35185185185185186,False,0.5792806101736023,0.42071938982639767,False
FSMI_nm,6101,6070,2.307992993047587,2.020536242811121,0.287456750236466,0.11105011010354993,0.12376243511476993,0.07093204134762117,0.10384721215885179,0.3858824370124838,0.7962962962962963,0.35185185185185186,0.5293187380724612,0.42592592592592593,0.45177412896255975,27.5,0.05763697281607261,0.15602688176507518,-0.3102920557896087,-0.2186716440841161,1.0,1.0,0.3148148148148148,False,0.45177412896255975,0.5482258710374402,False
FSMI_nm,6101,6072,1.4268834691757484,0.9931238273317455,0.43375964184400284,0.0,0.03325812213063454,0.05766288123100205,0.06262499937134945,0.2169255677057883,0.09259259259259259,0.7962962962962963,0.2715347833076885,0.05555555555555555,0.1095503624935888,37.5,0.2501322207517614,0.6797380515386366,0.9635461487690419,-0.08128409436622971,0.3815374954673821,1.0,0.8703703703703703,False,0.10955036249358874,0.8904496375064113,False
FSMI_nm,6101,6078,1.3924063210314295,1.6971202524179876,0.3047139313865581,0.0076951364974828795,0.017176207608337133,0.05276338510320028,0.046317617335792705,0.1385346698893064,0.24074074074074073,0.9074074074074074,0.46738627644903563,0.3148148148148148,0.35295768022337004,39.25,0.21459125132457713,0.591086038047149,-0.7985964319007435,0.611437832512557,1.0,0.5425701829116886,0.8333333333333334,False,0.35295768022337004,0.64704231977663,False
FSMI_nm,6101,6080,3.486930250089525,2.355054497223801,1.1318757528657244,0.025737072036919884,0.09337439042199955,0.16599843552782836,0.15015783375217565,0.41684223415289257,0.42592592592592593,0.9444444444444444,0.6342423625756929,0.5370370370370371,0.561338368421701,39.5,0.05367404068303745,0.1545256298222204,0.8152996099322093,1.030684949195583,0.44250672808750885,0.3567625126654425,0.2777777777777778,False,0.561338368421701,0.43866163157829896,False
FSMI_nm,6101,6081,0.8928726233487373,3.3516328551619843,2.458760231813247,0.04155913611129591,0.11868417004736787,0.15452991941905334,0.1843752250155888,0.7289807340565186,0.6111111111111112,0.8333333333333334,0.7136240321480628,0.8703703703703703,0.8311837858147935,37.75,0.05141496537086744,0.14685865000099285,-0.7176782831469336,-0.9949112998196563,1.0,1.0,0.24074074074074073,False,0.8311837858147935,0.16881621418520654,False
FSMI_nm,6101,6082,1.5697987651446832,2.5805940615560834,1.0107952964114002,0.14613239793322297,0.10901057052009165,0.34880366569812105,0.2853929708122754,1.1689835915439648,0.9074074074074074,0.6481481481481481,0.7668992311425428,0.6111111111111112,0.6500581411189691,32.0,0.11883982364082994,0.3253388355272644,1.0706239025800006,-0.2231344140565786,0.3427945802646378,1.0,0.5370370370370371,False,0.6500581411189691,0.3499418588810309,False
FSMI_nm,6101,6084,1.3458682689199004,2.373359254424806,1.0274909855049055,0.12402923796214349,0.21909372628572782,0.20832647111409522,0.2477518227740822,0.8262087950713979,0.8333333333333334,0.5370370370370371,0.668977476599572,0.5740740740740741,0.5977999247054486,31.0,0.008593268572471183,0.027040102364592422,-0.41109866041726506,-1.1359235419706646,1.0,1.0,0.09259259259259259,False,0.5977999247054486,0.4022000752945514,False
FSMI_nm,6101,6085,1.86691079236755,3.2523779781617526,1.3854671857942025,0.0016473861819430446,0.2499938246053186,0.5969413407217601,0.5110971556833737,1.976544815452924,0.16666666666666666,0.5740740740740741,0.30932024237944566,0.8333333333333334,0.7023300605948615,31.25,0.11288747487674741,0.307072527120981,-1.1458119245945426,-0.4934150788284266,1.0,1.0,0.5,False,0.7023300605948615,0.29766993940513853,False
FSMI_nm,6101,6090,2.022297889711494,2.9527677665983205,0.9304698768868267,0.08287846475496297,0.29415725534644077,0.08764743191635412,0.2199335246552193,0.8562305449527896,0.7592592592592593,0.16666666666666666,0.35572912430182496,0.7592592592592593,0.6583767255199007,25.25,0.029789603907850057,0.09423535620570067,-0.5624982023762437,1.2458454544323616,1.0,0.2876975700938385,0.16666666666666666,False,0.6583767255199007,0.3416232744800993,False
FSMI_nm,6101,6094,3.459780024999232,1.5409912298692332,1.9187887951299987,0.02058326990571313,0.10204536436779062,0.11832007214441108,0.12156473879472166,0.43021893715290815,0.35185185185185186,0.46296296296296297,0.40360175403154386,0.2037037037037037,0.2536782162856637,30.0,0.07293955944139595,0.20533569816910813,0.5980860566749059,-0.8346977844077793,0.5498630363009109,1.0,0.42592592592592593,False,0.25367821628566367,0.7463217837143363,False
FSMI_nm,6101,6095,7.857275141594466,2.7661537351411445,5.091121406453322,0.06672332699834804,0.2743970251611314,0.1155307445162413,0.208333104444349,0.8121377618412935,0.6481481481481481,0.3888888888888889,0.502053396730591,0.7222222222222222,0.6671800158493144,28.75,0.1472862968315368,0.41082862494803785,0.12100475813625286,0.02791970685968661,0.886029743732601,0.9724664460513938,0.6481481481481481,False,0.6671800158493144,0.3328199841506856,False
FSMI_nm,6101,6099,8.69575314178455,3.5883432658750443,5.1074098759095055,0.0739948906884691,0.09227361000989703,0.2507909067605998,0.20845631749543497,0.7045866228324189,0.6851851851851852,0.5370370370370371,0.6066051612651556,0.9074074074074074,0.8322068458718445,31.0,0.16383743229123984,0.43955777458292755,0.10895531567581125,-1.301214691371018,0.89677048818618,1.0,0.7222222222222222,False,0.8322068458718445,0.16779315412815554,False
FSMI_nm,6101,N6342,0.7560989711345802,1.5033599564747877,0.7472609853402075,0.03382126237404903,0.1962512040814553,0.04875452523418114,0.13767456593179406,0.47610840298306534,0.5370370370370371,0.05555555555555555,0.17272924172386694,0.16666666666666666,0.16818231043096674,21.0,0.13585884338079202,0.3928333263781096,1.7960692564099667,0.02343017632114391,0.16594991443722873,0.9768421790022771,0.6111111111111112,False,0.16818231043096676,0.8318176895690332,False
FSMI_nm,6101,N6358,0.8146778778150339,1.6330361025710511,0.8183582247560173,0.013543078036094114,0.1035294172430817,0.05129507442376532,0.10602190168900139,0.40056917752563836,0.2777777777777778,0.2777777777777778,0.2777777777777778,0.2777777777777778,0.2777777777777778,27.0,0.2553839012306692,0.7030241992483566,1.0903392242142635,1.5579813238814018,0.33610246027337765,0.21056069631544547,0.9074074074074074,True,0.9074074074074074,0.09259259259259256,False
FSMI_nm,6101,N6382,1.0237676864754848,1.139117217605739,0.11534953113025415,0.01876135543013846,0.020388480610884104,0.03602610599370223,0.032961695739728326,0.12334453308706439,0.3148148148148148,0.018518518518518517,0.07635380788180852,0.12962962962962962,0.11631067419267434,19.5,0.18667982694457588,0.49598140796021983,1.4404817533876693,0.7478363333321971,0.23681364542117578,0.4733897029850525,0.7592592592592593,False,0.11631067419267438,0.8836893258073256,False
FSMI_nm,6101,N6389,1.7659275986645624,1.8509175347136784,0.08498993604911598,0.0051018484364215855,0.08148359729118664,0.14659895682866095,0.17519080143663554,0.6088174822198413,0.2037037037037037,0.09259259259259259,0.13733700902029006,0.3888888888888889,0.3260009189217392,23.5,0.0774704567406625,0.22470137661931755,4.297447193459061,1.5964644283947673,0.013603241167980675,0.20261160095949177,0.46296296296296297,False,0.3260009189217392,0.6739990810782608,False
FSMI_nm,6101,N6390,1.7769079672453123,0.9162893717471641,0.8606185954981482,0.07574020399393722,0.18933419273735885,0.14170513788361755,0.18196275763905284,0.6939395525001499,0.7222222222222222,0.12962962962962962,0.30597614151589453,0.018518518518518517,0.09038292426786251,25.0,0.13069326069343293,0.35091936725659256,5.8168902447814474,0.7166730754333565,0.002976848034480097,0.4883743407789504,0.5740740740740741,False,0.09038292426786254,0.9096170757321375,False
FSMI_nm,N6342,6022,1.2832086750870029,0.8604069910719696,0.42280168401503326,0.9440970322794933,0.3985156548706872,0.6668886194630498,0.5488330374925117,1.6700720177173922,0.9814814814814815,0.24074074074074073,0.4860890647558032,0.09259259259259259,0.19096671063339526,27.0,0.5078655983867665,1.4312918279723243,4.097056711070951,44.24268093275751,0.016621525428401836,6.104467786617935e-20,0.9814814814814815,True,0.9814814814814815,0.01851851851851849,False
FSMI_nm,N6342,6028,4.415429811910861,3.1280568942108085,1.2873729177000524,0.18278479552557325,0.2853880121581262,0.9134840140972539,0.7577810413013735,2.8127829212301076,0.8703703703703703,0.42592592592592593,0.6088623045471702,0.7592592592592593,0.7216600205812369,30.0,0.09370855893837553,0.27472265666476847,-0.8018410359385169,0.23934479713571813,1.0,0.7871434307771796,0.3148148148148148,False,0.7216600205812369,0.2783399794187631,False
FSMI_nm,N6342,6029,2.0210013039871706,1.1958348838824628,0.8251664201047078,0.0,0.25432724854700817,0.05352768800829294,0.18046649362277684,0.7016906808362833,0.2037037037037037,0.6481481481481481,0.36335957167312194,0.12962962962962962,0.1880621151405027,33.5,0.2046522198826836,0.6283227057813887,-0.7677786947655891,59.25544833979014,1.0,1.8436809287936332e-26,0.5740740740740741,False,0.18806211514050264,0.8119378848594974,False
FSMI_nm,N6342,6033,1.8207478300807216,1.9472854416174834,0.1265376115367618,0.0,0.2004521886776402,0.18738132747259892,0.23107098092733552,0.9617832629225598,0.2037037037037037,0.9814814814814815,0.4471369062092458,0.46296296296296297,0.45900644877453367,40.25,0.03100758533762521,0.09726346188147894,-0.6472172986721635,0.8971457535929266,1.0,0.4077317674130158,0.12962962962962962,False,0.45900644877453367,0.5409935512254663,False
FSMI_nm,N6342,6047,2.946053864791246,1.9404176152468593,1.005636249544387,0.0329219257813953,0.08615722571041728,0.08206668531564631,0.09773253501077765,0.41802030279527624,0.42592592592592593,0.5740740740740741,0.49448258973402553,0.42592592592592593,0.4430650918779508,31.5,0.015805924730366103,0.04731622175443195,-0.7257483171436456,-1.6748298026584392,1.0,1.0,0.018518518518518517,False,0.44306509187795085,0.5569349081220492,False
FSMI_nm,N6342,6048,1.599313301289055,2.396382918288851,0.7970696169997962,0.30153154907605595,0.3371185406321885,0.4061170313616903,0.39047402814172116,1.160085321787724,0.9444444444444444,0.2777777777777778,0.5121969142940493,0.6111111111111112,0.5863825619068457,27.25,0.07078514762979413,0.2165049809410431,-0.00444946956028116,-0.17666566171223608,1.0,1.0,0.24074074074074073,False,0.5863825619068457,0.4136174380931543,False
FSMI_nm,N6342,6056,2.284561920801109,1.4969427918473999,0.7876191289537093,0.0,0.15131257832799788,0.3203351994302393,0.301926196651459,1.0003793178363336,0.2037037037037037,0.6851851851851852,0.37359705558948175,0.2777777777777778,0.3017325972307038,34.5,0.18505963464632502,0.5111652181179256,-0.740069043019427,-0.4237599824533787,1.0,1.0,0.5370370370370371,False,0.3017325972307038,0.6982674027692962,False
FSMI_nm,N6342,6057,3.4970517461895976,0.7809583206435116,2.7160934255460862,0.0014189278280645201,0.045674809523595136,0.024533353762293212,0.03645777258510626,0.12317361614273115,0.2777777777777778,0.8333333333333334,0.4811252243246882,0.018518518518518517,0.13417019497006094,39.0,0.2460075176843068,0.6534680368272817,-0.42912420261836143,-0.13064873109418274,1.0,1.0,0.6851851851851852,False,0.13417019497006089,0.8658298050299391,False
FSMI_nm,N6342,6062,2.9196668297119017,3.92220055270135,1.0025337229894484,0.02680084363783486,0.6892464282732206,0.2848188805164232,0.5287933554911552,1.805916821431587,0.3888888888888889,0.7592592592592593,0.5433852130044893,0.9074074074074074,0.8164018588066779,37.5,0.38684116243988625,1.0691941927687816,-0.8326138825845117,0.06649897843339826,1.0,0.9356638716988044,0.9444444444444444,True,0.9444444444444444,0.05555555555555558,False
FSMI_nm,N6342,6063,4.4421744453751355,3.0600421550658043,1.3821322903093312,0.0,0.44650545696306865,0.6033483823548135,0.5690199884207326,1.941492489220891,0.2037037037037037,0.24074074074074073,0.22144927302039624,0.7222222222222222,0.5970289849217657,27.0,0.07862651922047423,0.2335944028601813,0.06184924659797662,2.0848972346696497,0.9400245880144786,0.12431989528445651,0.2777777777777778,False,0.5970289849217657,0.4029710150782343,False
FSMI_nm,N6342,6070,2.307992993047587,1.3982259830420254,0.9097670100055615,0.10613196014409754,0.10800891096175094,0.0681593201044011,0.09125780298072463,0.2901595743618939,0.6851851851851852,0.3148148148148148,0.4644420816290538,0.24074074074074073,0.296666075962819,27.5,0.150482916122829,0.40960552137236234,-0.28668297420048117,-0.27565848134611176,1.0,1.0,0.42592592592592593,False,0.296666075962819,0.703333924037181,False
FSMI_nm,N6342,6072,1.4268834691757484,0.835427816119244,0.5914556530565044,0.0,0.02222975887630929,0.05367400681190561,0.058163234380808004,0.19069283480619814,0.2037037037037037,0.7592592592592593,0.3932733441036167,0.05555555555555555,0.13998500269257083,37.5,0.31577031845437703,0.8619947840845038,1.1787933786613165,-0.09971403787986097,0.3076497314629911,1.0,0.8703703703703703,False,0.13998500269257086,0.8600149973074291,False
FSMI_nm,N6342,6078,1.3924063210314295,1.526560731606191,0.13415441057476163,0.0012440813567888842,0.02756827577778625,0.07471834001500058,0.06777011155741398,0.23012798099553566,0.24074074074074073,0.9074074074074074,0.46738627644903563,0.3148148148148148,0.35295768022337004,39.25,0.1565163216386168,0.41792742585816023,-0.6334818569865771,0.5107831355481379,1.0,0.600025493472294,0.46296296296296297,False,0.35295768022337004,0.64704231977663,False
FSMI_nm,N6342,6080,3.486930250089525,3.513139864048101,0.026209613958575684,0.2040545135365326,0.16874959892359961,0.28606271533181704,0.2520295237000729,0.7273397537693991,0.9074074074074074,0.9444444444444444,0.9257407222185176,0.8333333333333334,0.8564351805546294,39.5,0.34633021974270645,0.9356982096672811,0.5673681024451451,0.6839842023422263,0.5670158041030904,0.5046025434088782,0.9074074074074074,True,0.9074074074074074,0.09259259259259256,False
FSMI_nm,N6342,6081,0.8928726233487373,3.821710916261579,2.928838292912842,0.07035028674871358,0.20622437257540874,0.21228530853365915,0.30625628634658103,1.1835770704162885,0.5370370370370371,0.7962962962962963,0.6539423549262806,0.8703703703703703,0.8162633665093479,37.75,0.09443370576468196,0.2637892787743126,-0.5189440093717304,-1.0402261715865804,1.0,1.0,0.3888888888888889,False,0.8162633665093479,0.18373663349065206,False
FSMI_nm,N6342,6082,1.5697987651446832,3.265323464157861,1.6955246990131778,0.18189180717036235,0.303304175256335,0.4670448532576835,0.4200768806446971,1.4817289758848817,0.8333333333333334,0.6111111111111112,0.7136240321480628,0.7962962962962963,0.7756282302592379,32.0,0.2095965169889704,0.5611066375988056,0.9142540614355481,-0.09711886764415667,0.40081549834423563,1.0,0.6111111111111112,False,0.7756282302592379,0.22437176974076212,False
FSMI_nm,N6342,6084,1.3458682689199004,2.287881001899283,0.9420127329793826,0.10405200272029891,0.23786786124468443,0.20154645823321826,0.25753830799658795,0.9021265243725918,0.6481481481481481,0.5,0.5692750425533111,0.5740740740740741,0.5728743161938834,31.0,0.0357960759211168,0.10357454803538613,-0.4818914710545271,-1.3968368823409736,1.0,1.0,0.16666666666666666,False,0.5728743161938834,0.4271256838061166,False
FSMI_nm,N6342,6085,1.86691079236755,3.008573989846965,1.141663197479415,0.12992194568818505,0.26211920009174206,0.6075478370367221,0.5248614134621484,1.9704757874723242,0.7222222222222222,0.5370370370370371,0.6227841378074163,0.6851851851851852,0.669584923340743,31.25,0.02199577040873755,0.06457093472394826,-1.253523646190349,-0.6638679268942197,1.0,1.0,0.09259259259259259,False,0.669584923340743,0.33041507665925696,False
FSMI_nm,N6342,6090,2.022297889711494,2.7015508988135846,0.6792530091020907,0.06797706315561536,0.4019244200712924,0.11359881102961189,0.3045357188275239,1.131391202345228,0.5,0.12962962962962962,0.2545875386086578,0.6481481481481481,0.5497579957632756,25.25,0.15966380852588824,0.4385375712340889,-0.5488248143652433,1.2570030376150483,1.0,0.2845054020805867,0.5,False,0.5497579957632756,0.45024200423672445,False
FSMI_nm,N6342,6094,3.459780024999232,1.9277556516932441,1.5320243733059877,0.0459212198348391,0.18610046276092537,0.15160199833253166,0.1814730032520289,0.6710545500902538,0.46296296296296297,0.42592592592592593,0.44405847438080737,0.3888888888888889,0.4026812852618685,30.0,0.016271044085034634,0.04994695930619453,0.7672687047804424,-0.8943035441891847,0.4642794222973463,1.0,0.05555555555555555,False,0.4026812852618685,0.5973187147381315,False
FSMI_nm,N6342,6095,7.857275141594466,4.023539917155454,3.833735224439012,0.13741724298832025,0.6678741388358446,0.20542503647852964,0.4831733719593148,1.7858909492896267,0.7962962962962963,0.35185185185185186,0.5293187380724612,0.9444444444444444,0.8406630178514486,28.75,0.24825575345442283,0.6705372986802947,0.18478233649829093,-0.18031128662389553,0.8312852046100428,1.0,0.7222222222222222,False,0.8406630178514486,0.1593369821485514,False
FSMI_nm,N6342,6099,8.69575314178455,4.511974962886977,4.183778178897573,0.1319735932969639,0.11345977578179091,0.39761838603046884,0.3293631199465305,0.9747802727225241,0.7592592592592593,0.5,0.6161409170227454,0.9814814814814815,0.8901463403667975,31.0,0.25071426661130314,0.6804935867262901,0.7146949608416505,-1.2853468687510143,0.4893413573080905,1.0,0.7592592592592593,False,0.8901463403667975,0.10985365963320248,False
FSMI_nm,N6342,6101,0.3286650711030523,1.200821706645196,0.8721566355421437,0.024998513112509668,0.050823526542149146,0.04148174265035983,0.047360179946005186,0.15586772457699904,0.3148148148148148,0.9074074074074074,0.5344766551726597,0.16666666666666666,0.25861916379316496,39.25,0.3029869408921563,0.8125944681413733,-0.16003347762210549,0.5100088419608394,1.0,0.6004902692773473,0.8333333333333334,False,0.25861916379316496,0.741380836206835,False
FSMI_nm,N6342,N6358,0.8146778778150339,2.085312644174164,1.27063476635913,0.0,0.10756099170664912,0.07132198919447671,0.12162421140359339,0.41134161332302943,0.2037037037037037,0.24074074074074073,0.22144927302039624,0.5370370370370371,0.45814009603287686,27.0,0.25225534236782476,0.689646163176305,1.383099471126383,1.288352131055615,0.2507999997735247,0.2757247672149413,0.7962962962962963,False,0.45814009603287686,0.5418599039671231,False
FSMI_nm,N6342,N6382,1.0237676864754848,1.967908804903836,0.9441411184283512,0.09879477621728183,0.07282550865213189,0.07321024208812033,0.08124684630493444,0.26110741704327234,0.6111111111111112,0.018518518518518517,0.10638078975070424,0.5,0.4015951974376761,19.5,0.037426880060495715,0.11223836159775069,1.7855821301306756,1.433987215515585,0.16769940970077835,0.23835664572342322,0.2037037037037037,False,0.40159519743767613,0.5984048025623239,False
FSMI_nm,N6342,N6389,1.7659275986645624,1.6430691016376646,0.12285849702689777,0.026447621582311287,0.11408541328245636,0.16656879676368072,0.21491810263293273,0.7406589023172028,0.35185185185185186,0.05555555555555555,0.13981174880131017,0.35185185185185186,0.29884182608921644,23.5,0.0937442265638839,0.26216461662498003,3.828653540160524,1.5971144658265481,0.021738866443528373,0.20247993863211178,0.35185185185185186,False,0.2988418260892165,0.7011581739107835,False
FSMI_nm,N6342,N6390,1.7769079672453123,1.2350516456726317,0.5418563215726806,0.08503575474064506,0.3270262173182905,0.1748234635874596,0.28286481534587815,1.012708070168233,0.5740740740740741,0.09259259259259259,0.2305536962590506,0.2037037037037037,0.2104162018425404,25.0,0.21155113282656496,0.5924028554149324,5.986268524986226,0.5836284491138125,0.002513023862140078,0.5578704850906459,0.6481481481481481,False,0.2104162018425404,0.7895837981574596,False
FSMI_nm,N6358,6022,1.2832086750870029,0.7598519919026876,0.5233566831843153,1.1541174781344408,0.4764521608671128,0.8804229194989882,0.7185525682275115,2.0192482795810807,0.9814814814814815,0.24074074074074073,0.4860890647558032,0.018518518518518517,0.13541115507783968,27.0,0.07092493040754429,0.22395602726164798,4.738318998102532,44.811435375681555,0.00875334821990422,3.456534453859198e-20,0.24074074074074073,False,0.13541115507783963,0.8645888449221604,False
FSMI_nm,N6358,6028,4.415429811910861,3.16095420452958,1.2544756073812806,0.2061755687683937,0.2316550298809918,0.9111613545135544,0.7423642354191059,2.805631979252848,0.9074074074074074,0.42592592592592593,0.6216818641331303,0.7222222222222222,0.6970871326999493,30.0,0.16681330934457425,0.4519156004831272,-0.6972736139345062,0.2822605626600363,1.0,0.7540771745781417,0.5740740740740741,False,0.6970871326999493,0.30291286730005074,False
FSMI_nm,N6358,6029,2.0210013039871706,1.2694355540040239,0.7515657499831467,0.02064221025226476,0.2513196383457003,0.06029042649802861,0.17821979487212125,0.6975479762023751,0.35185185185185186,0.6481481481481481,0.4775480354899121,0.2037037037037037,0.2721647866502558,33.5,0.30281584584701265,0.810332765179393,-0.7200460758660668,59.76575036842355,1.0,1.1067879143534318e-26,0.8333333333333334,False,0.2721647866502558,0.7278352133497442,False
FSMI_nm,N6358,6033,1.8207478300807216,2.0057849476163794,0.18503711753565777,0.005600199632271874,0.18868739859729028,0.21279286833495956,0.23850717925893902,0.9738048867126712,0.24074074074074073,0.9814814814814815,0.4860890647558032,0.46296296296296297,0.468744488411173,40.25,0.09657135536158656,0.28864711021510936,-0.6499840804432777,1.374560496018775,1.0,0.2529507442370141,0.3148148148148148,False,0.468744488411173,0.531255511588827,False
FSMI_nm,N6358,6047,2.946053864791246,2.063473981518522,0.8825798832727241,0.0,0.12271979833873935,0.08437637076536264,0.12454836634449655,0.5291037210078924,0.16666666666666666,0.5740740740740741,0.30932024237944566,0.5,0.4523300605948614,31.5,0.0061684214490643095,0.017712764635221534,-0.6682681250234446,-1.4182350160165476,1.0,1.0,0.05555555555555555,False,0.45233006059486147,0.5476699394051385,False
FSMI_nm,N6358,6048,1.599313301289055,2.3034644266124853,0.7041511253234303,0.29299116293861793,0.2649399326941686,0.3831542364180323,0.35043641110086793,1.0661312273329864,0.9444444444444444,0.2777777777777778,0.5121969142940493,0.5740740740740741,0.5586047841290679,27.25,0.03790235098037594,0.11979038240606654,0.4002072659723602,-0.29939736245684895,0.6701811258967113,1.0,0.16666666666666666,False,0.5586047841290679,0.4413952158709321,False
FSMI_nm,N6358,6056,2.284561920801109,1.4761229498732205,0.8084389709278887,0.0,0.1453173390006237,0.36035416626457195,0.32901680400202044,1.1144794382268406,0.16666666666666666,0.6851851851851852,0.33793125168323446,0.3148148148148148,0.3205939240319197,34.5,0.22066948771048317,0.5869190152651389,-0.6278092677159314,-0.3244907908008163,1.0,1.0,0.6851851851851852,False,0.3205939240319198,0.6794060759680802,False
FSMI_nm,N6358,6057,3.4970517461895976,0.8419637514544253,2.6550879947351724,0.012741133241154223,0.0518606215437843,0.028665833421055,0.04185326322826099,0.1351810408047266,0.3148148148148148,0.8333333333333334,0.5121969142940493,0.09259259259259259,0.19749367301795678,39.0,0.30099019983847863,0.8139135868396827,-0.4457064330907285,0.01230575053033216,1.0,0.9877696555911553,0.7962962962962963,False,0.19749367301795684,0.8025063269820432,False
FSMI_nm,N6358,6062,2.9196668297119017,4.109530574227434,1.1898637445155322,0.0,0.7384046183492767,0.28778520076751135,0.5585308781716939,1.9612927950206376,0.16666666666666666,0.7592592592592593,0.35572912430182496,0.9074074074074074,0.7694878366310118,37.5,0.40239426192042504,1.1193463046413579,-0.8029696224129095,0.6184330912472694,1.0,0.5387880081688877,0.9814814814814815,True,0.9814814814814815,0.01851851851851849,False
FSMI_nm,N6358,6063,4.4421744453751355,3.35888930736681,1.0832851380083257,0.03225175288056681,0.433912686103868,0.6786381873383309,0.6132309598958513,2.1731273037119654,0.42592592592592593,0.24074074074074073,0.3202151197368626,0.8333333333333334,0.7050537799342157,27.0,0.10589533405678776,0.29997506459879,-0.0478550764297168,2.3751309804490766,1.0,0.09300230692893383,0.35185185185185186,False,0.7050537799342157,0.2949462200657843,False
FSMI_nm,N6358,6070,2.307992993047587,1.450685834628904,0.8573071584186829,0.1010932901335222,0.09957011023727849,0.0589222710828404,0.07899939955094538,0.25092039052950166,0.7592592592592593,0.3148148148148148,0.4889029178682995,0.2777777777777778,0.3305590628004082,27.5,0.14615782401914895,0.3924992687046655,-0.2912350754627032,-0.2391705472305173,1.0,1.0,0.5,False,0.33055906280040825,0.6694409371995917,False
FSMI_nm,N6358,6072,1.4268834691757484,0.8323356280077835,0.5945478411679649,0.0,0.028550192699368617,0.055762998831893916,0.06202042379873259,0.2067631666259815,0.16666666666666666,0.7592592592592593,0.35572912430182496,0.05555555555555555,0.1305989477421229,37.5,0.36508624615279545,0.9777456832968139,1.52421422248798,-0.08545405180262851,0.21779212580011847,1.0,0.9444444444444444,True,0.9444444444444444,0.05555555555555558,False
FSMI_nm,N6358,6078,1.3924063210314295,1.7586747088764836,0.3662683878450541,0.0,0.05401336309434272,0.06429243413008488,0.06687097492987773,0.23530646554030388,0.16666666666666666,0.9074074074074074,0.3888888888888889,0.35185185185185186,0.3611111111111111,39.25,0.13679658302812533,0.3819891795442433,-0.8263135705996812,0.6586739482470267,1.0,0.5175371607298741,0.42592592592592593,False,0.36111111111111116,0.6388888888888888,False
FSMI_nm,N6358,6080,3.486930250089525,3.024469852576697,0.4624603975128281,0.0989670185247622,0.14713645469015113,0.2501490282216571,0.23538638896562386,0.6273680491009213,0.7222222222222222,0.9444444444444444,0.8258927081843613,0.6851851851851852,0.7203620659349793,39.5,0.3553968050559927,0.9521155641988446,1.1386323794686366,1.510685391842452,0.32025671210575274,0.22075861993827023,0.9074074074074074,True,0.9074074074074074,0.09259259259259256,False
FSMI_nm,N6358,6081,0.8928726233487373,3.3939701027923777,2.5010974794436405,0.012591260631185097,0.12648844207835067,0.15490878532647323,0.1885943260309041,0.6785672730552763,0.2777777777777778,0.7962962962962963,0.470312040711122,0.8703703703703703,0.7703557879555583,37.75,0.059670619989716005,0.16457652918798993,-0.7531785375173734,-1.1516612562313864,1.0,1.0,0.2037037037037037,False,0.7703557879555583,0.22964421204444174,False
FSMI_nm,N6358,6082,1.5697987651446832,2.708660460068086,1.1388616949234027,0.18089428964056298,0.1293308423844855,0.41847091285276,0.34093215967295176,1.3281230310559689,0.8333333333333334,0.6111111111111112,0.7136240321480628,0.6481481481481481,0.6645171191481268,32.0,0.14319414258360164,0.38970784954258786,1.3918811879052373,-0.17493998588309492,0.24860718762717568,1.0,0.46296296296296297,False,0.6645171191481268,0.33548288085187317,False
FSMI_nm,N6358,6084,1.3458682689199004,2.3104783865838874,0.964610117663987,0.08212933415965384,0.23145179487349216,0.22536860619296678,0.2718796716987544,0.9744846440708976,0.6851851851851852,0.5,0.5853140973807077,0.6111111111111112,0.6046618576785103,31.0,0.01352452300340203,0.04231518169269788,-0.4195132459057346,-1.2125399456997745,1.0,1.0,0.09259259259259259,False,0.6046618576785103,0.39533814232148967,False
FSMI_nm,N6358,6085,1.86691079236755,3.201890854494481,1.334980062126931,0.18236071048575964,0.2481382165788942,0.7062465179931967,0.5955568987301532,2.3315797397823728,0.8703703703703703,0.5370370370370371,0.6836820348879531,0.7592592592592593,0.7403649531664327,31.25,0.07612938337564648,0.22504835965783065,-1.1202195527242358,-0.6109676149400909,1.0,1.0,0.2777777777777778,False,0.7403649531664327,0.2596350468335673,False
FSMI_nm,N6358,6090,2.022297889711494,3.2161908721636348,1.193892982452141,0.06375509778697053,0.41698908919928646,0.15565844751202906,0.3233736355501505,1.2371965687721946,0.5740740740740741,0.16666666666666666,0.30932024237944566,0.7962962962962963,0.6745522828170836,25.25,0.14624496386116506,0.42816491793282674,-0.5431571435395455,1.280621564475005,1.0,0.27786453604217853,0.5370370370370371,False,0.6745522828170836,0.32544771718291643,False
FSMI_nm,N6358,6094,3.459780024999232,2.071417704107261,1.388362320891971,0.04699443387398672,0.18300690212820453,0.16466006011806938,0.18733725659805917,0.6786813491100097,0.46296296296296297,0.42592592592592593,0.44405847438080737,0.5370370370370371,0.5137923963729796,30.0,0.020711854797795703,0.05617776517174877,1.719721282174352,-0.974374440520323,0.1791160637947864,1.0,0.12962962962962962,False,0.5137923963729796,0.4862076036270204,False
FSMI_nm,N6358,6095,7.857275141594466,4.733935009831076,3.12334013176339,0.06602203776124149,0.6491208504078299,0.22763894051016376,0.48122017656276295,1.6579488005420977,0.6111111111111112,0.35185185185185186,0.4637031120573672,0.9814814814814815,0.852036889125453,28.75,0.2915835962585304,0.8059162440364668,0.1759125227665482,0.0023556896083475045,0.8386913465269369,0.9976470828509728,0.7592592592592593,False,0.852036889125453,0.14796311087454705,False
FSMI_nm,N6358,6099,8.69575314178455,4.37062883640612,4.32512430537843,0.1356086018346918,0.13511904325509916,0.39144878500538416,0.3270996184287867,1.0360169817335656,0.7962962962962963,0.5,0.6309898162000304,0.9444444444444444,0.8660807873833408,31.0,0.2350330941249388,0.6262881501259615,0.5234637999361411,-1.5014802840902506,0.592464810121794,1.0,0.7222222222222222,False,0.8660807873833408,0.13391921261665918,False
FSMI_nm,N6358,6101,0.3286650711030523,1.1496668622182245,0.8210017911151721,0.024144480155535053,0.05282954410069806,0.056026441577905026,0.05701753782707028,0.19163133149901435,0.3888888888888889,0.9074074074074074,0.5940375900868682,0.16666666666666666,0.27350939752171705,39.25,0.3270085905531578,0.8755344756424198,-0.11977314871436243,0.7684854357527279,1.0,0.4637148626726823,0.8703703703703703,False,0.2735093975217171,0.7264906024782829,False
FSMI_nm,N6358,N6342,0.7560989711345802,1.838496678938972,1.0823977078043918,0.001211072819691461,0.24665226823394143,0.07864459063225007,0.17830524236554288,0.584751449171083,0.2037037037037037,0.05555555555555555,0.10638078975070422,0.3888888888888889,0.31826186410434276,21.0,0.1311571676568103,0.36808053807611096,3.8034121676132093,-0.12288060294089212,0.022294569115152936,1.0,0.3888888888888889,False,0.31826186410434276,0.6817381358956572,False
FSMI_nm,N6358,N6382,1.0237676864754848,1.4215217720746025,0.39775408559911773,0.056164128294918125,0.04494831014851209,0.0553124249464333,0.05840477160797778,0.2242259884841773,0.5,0.018518518518518517,0.09622504486493763,0.24074074074074073,0.20461181677178997,19.5,0.0015911767072886152,0.004963755224596078,3.265726000794074,0.692847610672392,0.038169214142408266,0.5001498073815466,0.018518518518518517,False,0.20461181677178997,0.79538818322821,False
FSMI_nm,N6358,N6389,1.7659275986645624,1.8390565431352297,0.07312894447066731,0.0614168880278243,0.1259097335251862,0.18576139285838483,0.23896504565446278,0.8282107915601566,0.5370370370370371,0.09259259259259259,0.2229924921998573,0.42592592592592593,0.37519256749440877,23.5,0.18246411734353965,0.4938077419231933,5.74554083317395,1.4580320784101604,0.0031970050376143207,0.23269374749637206,0.6111111111111112,False,0.37519256749440877,0.6248074325055912,False
FSMI_nm,N6358,N6390,1.7769079672453123,1.0763241567487845,0.7005838104965278,0.07761720113096682,0.28338504027004163,0.1765171202872119,0.2489799042235752,0.8828348115908146,0.6481481481481481,0.12962962962962962,0.2898606637499727,0.12962962962962962,0.1696873881597154,25.0,0.18767903049670864,0.5436251480232197,7.203833381160796,0.774480538552703,0.0007437293388700664,0.46094316102078214,0.6481481481481481,False,0.1696873881597154,0.8303126118402846,False
FSMI_nm,N6382,6022,1.2832086750870029,0.8385064779106394,0.4447021971763635,1.110400884388984,0.4639445158326304,0.8673987056340319,0.7066714035344782,1.997909010176735,0.9814814814814815,0.24074074074074073,0.4860890647558032,0.09259259259259259,0.19096671063339526,27.0,0.3894615745066187,1.1565100775018453,3.548612352252085,54.9178387070854,0.028764527004160465,1.4108657524191386e-24,0.9444444444444444,True,0.9444444444444444,0.05555555555555558,False
FSMI_nm,N6382,6028,4.415429811910861,3.1458114311729206,1.2696183807379402,0.21692613334300725,0.23367436360213573,0.9192158104964261,0.7493420280188111,2.8353842181595263,0.9074074074074074,0.42592592592592593,0.6216818641331303,0.7592592592592593,0.7248649104777269,30.0,0.12838121108251246,0.3476679696938457,-0.6842141186500464,0.24207274332222864,1.0,0.784999072034386,0.3888888888888889,False,0.7248649104777269,0.27513508952227306,False
FSMI_nm,N6382,6029,2.0210013039871706,1.2554802770397946,0.765521026947376,0.020064054399297593,0.2524858123269887,0.061423632301780356,0.1794855573813783,0.7001679775850933,0.35185185185185186,0.6481481481481481,0.4775480354899121,0.2037037037037037,0.2721647866502558,33.5,0.08617517551838497,0.2588295910421142,-0.7871617325467487,78.22159724083414,1.0,1.06854287462178e-34,0.2777777777777778,False,0.2721647866502558,0.7278352133497442,False
FSMI_nm,N6382,6033,1.8207478300807216,1.9941326200977345,0.1733847900170129,0.002376147514294491,0.18437891299162001,0.2144868068197249,0.23787925503085788,0.970248487360017,0.16666666666666666,0.9814814814814815,0.4044505494044732,0.46296296296296297,0.4483348595733405,40.25,0.06998293406926744,0.19704208988464877,-0.6716603105377651,1.1189294250447928,1.0,0.32662928864594654,0.24074074074074073,False,0.4483348595733405,0.5516651404266595,False
FSMI_nm,N6382,6047,2.946053864791246,2.0322637365028524,0.9137901282883938,0.008651169563937966,0.12014503809005869,0.08600600365303038,0.12249027261119663,0.5214456754828516,0.2037037037037037,0.5740740740740741,0.3419663946781368,0.5,0.4604915986695342,31.5,0.01775008199448544,0.055636331757374924,-0.7558387136124345,-1.7603117847445067,1.0,1.0,0.018518518518518517,False,0.46049159866953415,0.5395084013304658,False
FSMI_nm,N6382,6048,1.599313301289055,2.2340163653385834,0.6347030640495284,0.31672261782333955,0.2720751867630229,0.3890324723491771,0.3564986119977993,1.0896429432214267,0.9444444444444444,0.2777777777777778,0.5121969142940493,0.5740740740740741,0.5586047841290679,27.25,0.09266008493435585,0.2755902917005896,0.2874307085412145,-0.18030386352921532,0.750188546628841,1.0,0.3148148148148148,False,0.5586047841290679,0.4413952158709321,False
FSMI_nm,N6382,6056,2.284561920801109,1.4621367765417614,0.8224251442593478,0.0,0.14336100700784915,0.3574971412989809,0.3261150934046915,1.1013012876385149,0.09259259259259259,0.6851851851851852,0.2518790834951008,0.2777777777777778,0.27130310420710857,34.5,0.1757711117348232,0.4797843724971522,-0.662246537757395,-0.3592451714222032,1.0,1.0,0.6111111111111112,False,0.27130310420710857,0.7286968957928914,False
FSMI_nm,N6382,6057,3.4970517461895976,0.8173546168628278,2.6796971293267697,0.01159507083742517,0.05094593826690436,0.02958424715397921,0.04174095372394035,0.1333180064769981,0.24074074074074073,0.8333333333333334,0.4479032082388083,0.05555555555555555,0.15364246872636875,39.0,0.19785198982399746,0.5336425758407566,-0.45693971667557776,-0.0645595679741987,1.0,1.0,0.6481481481481481,False,0.15364246872636877,0.8463575312736312,False
FSMI_nm,N6382,6062,2.9196668297119017,4.131915183028948,1.212248353317046,0.0,0.7789019995249995,0.2995113870812827,0.5863815501161648,2.0694234248471157,0.09259259259259259,0.7592592592592593,0.26514483450511767,0.9074074074074074,0.746841764181835,37.5,0.403446432770991,1.1135478869743818,-0.7852811980255663,0.25616579511568544,1.0,0.7740136304742026,0.9814814814814815,True,0.9814814814814815,0.01851851851851849,False
FSMI_nm,N6382,6063,4.4421744453751355,3.1726718130523195,1.269502632322816,0.01361356170133421,0.4368678290321314,0.6480953050207714,0.5931244973861234,2.0852763292673986,0.2777777777777778,0.24074074074074073,0.258597037847573,0.7962962962962963,0.6618714816841155,27.0,0.040526100168775024,0.11141329123845034,0.12413706223863277,2.495544631886922,0.8832587711614295,0.08245153342674746,0.12962962962962962,False,0.6618714816841155,0.33812851831588453,False
FSMI_nm,N6382,6070,2.307992993047587,1.4340451079182779,0.873947885129309,0.10020529011860213,0.09970947513228458,0.060149146529693866,0.08007809506144732,0.24777213200176496,0.6851851851851852,0.3148148148148148,0.4644420816290538,0.24074074074074073,0.296666075962819,27.5,0.13263603540475566,0.35686467970057023,-0.37538313401097306,-0.338863948398566,1.0,1.0,0.42592592592592593,False,0.296666075962819,0.703333924037181,False
FSMI_nm,N6382,6072,1.4268834691757484,0.7885165633808088,0.6383669057949396,0.0012563207436993018,0.030967314042927626,0.056012395677374156,0.06253082630197805,0.2139479606976049,0.12962962962962962,0.7592592592592593,0.313723599001804,0.018518518518518517,0.0923197886393399,37.5,0.3183307892700388,0.8664513765936237,1.2637984732426535,-0.1467999648467306,0.28257861801814615,1.0,0.8333333333333334,False,0.09231978863933987,0.9076802113606601,False
FSMI_nm,N6382,6078,1.3924063210314295,1.7082189995037145,0.315812678472285,0.0,0.04759237850690615,0.06443367752851584,0.0647059013040553,0.23072069099912662,0.09259259259259259,0.9074074074074074,0.2898606637499727,0.3148148148148148,0.3085762770486043,39.25,0.15719165579795766,0.43410282101931164,-0.7934193920335953,0.2530739471006066,1.0,0.7764104663980411,0.5740740740740741,False,0.30857627704860424,0.6914237229513958,False
FSMI_nm,N6382,6080,3.486930250089525,2.8274910701805576,0.6594391799089676,0.07532617037929512,0.1426953354957892,0.2374798108399091,0.2234403072296134,0.5921730804621061,0.6111111111111112,0.9444444444444444,0.759710796176519,0.6851851851851852,0.7038165879330187,39.5,0.2464385241989279,0.6648428318866368,0.8183701981806558,1.017727021784342,0.44115005608488866,0.3614154968171776,0.7962962962962963,False,0.7038165879330187,0.2961834120669813,False
FSMI_nm,N6382,6081,0.8928726233487373,3.2463078105241823,2.353435187175445,0.03487834884027574,0.12079920415770364,0.13812174317273954,0.18596348900511558,0.672254762097475,0.5,0.7962962962962963,0.6309898162000304,0.8703703703703703,0.8105252318277854,37.75,0.05093589971568567,0.14528425383648402,-0.7915168800277828,-1.2568663750050495,1.0,1.0,0.2037037037037037,False,0.8105252318277854,0.18947476817221465,False
FSMI_nm,N6382,6082,1.5697987651446832,2.570889906276841,1.0010911411321577,0.1747945520535632,0.1136935030482197,0.40539232444138557,0.32910602237180553,1.3044557203501155,0.8703703703703703,0.6111111111111112,0.7293099506487117,0.6481481481481481,0.668438598773289,32.0,0.15436609435947093,0.418549750687526,1.10223822909346,-0.18069041659486365,0.33212687511950756,1.0,0.5370370370370371,False,0.668438598773289,0.33156140122671096,False
FSMI_nm,N6382,6084,1.3458682689199004,2.2769481669110796,0.9310798979911792,0.10844665049334834,0.23692632582634338,0.22443361391170386,0.2707496852335011,0.9578488132032441,0.7222222222222222,0.5,0.6009252125773316,0.6111111111111112,0.6085646364776662,31.0,0.02469720892023651,0.06981666068031211,-0.4429850987359746,-1.4919943417095898,1.0,1.0,0.09259259259259259,False,0.6085646364776662,0.39143536352233377,False
FSMI_nm,N6382,6085,1.86691079236755,3.221698951127588,1.354788158760038,0.13636173368522275,0.2640840947116031,0.721449273315308,0.6102581785881616,2.3786818049483065,0.7962962962962963,0.5370370370370371,0.6539423549262806,0.8333333333333334,0.7884855887315702,31.25,0.050132013926811825,0.15160061989763696,-1.1300719169610824,-0.6912591838962533,1.0,1.0,0.16666666666666666,False,0.7884855887315702,0.21151441126842985,False
FSMI_nm,N6382,6090,2.022297889711494,3.124669704581456,1.1023718148699624,0.058275638400600904,0.41400658705905274,0.14737396450305848,0.3199293239646217,1.2214347604872913,0.5740740740740741,0.12962962962962962,0.2727948122714118,0.7222222222222222,0.6098653697345195,25.25,0.14314834512935187,0.3828326617780027,-0.5188815890644967,1.2735640199795102,1.0,0.2798325137455542,0.46296296296296297,False,0.6098653697345195,0.39013463026548045,False
FSMI_nm,N6382,6094,3.459780024999232,1.9306925834047781,1.5290874415944538,0.04499465611371467,0.1678645547055016,0.15745912182265367,0.17543241873815535,0.6294748352034456,0.5370370370370371,0.42592592592592593,0.47826561370907256,0.3888888888888889,0.41123307009393484,30.0,0.021713542013447613,0.0679058257594859,0.7129482233052908,-1.0857289877669876,0.4901968551725929,1.0,0.05555555555555555,False,0.41123307009393484,0.5887669299060652,False
FSMI_nm,N6382,6095,7.857275141594466,4.4716672210389525,3.385607920555514,0.07576865186804316,0.6467641152087175,0.21693646616432966,0.47426421101920685,1.7092954391513904,0.6481481481481481,0.35185185185185186,0.4775480354899121,0.9814814814814815,0.8554981199835892,28.75,0.3211824532825792,0.8690860908047993,0.24879254404889312,-0.14782957840088817,0.7797417186664733,1.0,0.8703703703703703,False,0.8554981199835892,0.14450188001641084,False
FSMI_nm,N6382,6099,8.69575314178455,4.20997562846263,4.48577751332192,0.11026902642663661,0.13681328309266327,0.3819957567834613,0.31715497485979816,1.0312779057877122,0.7592592592592593,0.5,0.6161409170227454,0.9444444444444444,0.8623685625890196,31.0,0.2375615333795127,0.6437531725114817,0.30482912208588014,-1.35413491927014,0.7372493432586349,1.0,0.7222222222222222,False,0.8623685625890196,0.13763143741098038,False
FSMI_nm,N6382,6101,0.3286650711030523,1.1354392768916168,0.8067742057885645,0.028116126921359008,0.05135129161991162,0.05515713385040117,0.05584214932280345,0.18576817639719057,0.42592592592592593,0.9074074074074074,0.6216818641331303,0.16666666666666666,0.2804204660332826,39.25,0.3706458219242686,0.9859776599978063,-0.21414575861329774,0.6052540766119062,1.0,0.5459356995239443,0.9074074074074074,True,0.9074074074074074,0.09259259259259256,False
FSMI_nm,N6382,N6342,0.7560989711345802,2.0394765299540407,1.2833775588194605,0.0198225287228615,0.2404909416072938,0.09918277369631534,0.1823000896442314,0.6337890591277053,0.3148148148148148,0.018518518518518517,0.07635380788180852,0.5370370370370371,0.4218662297482299,21.0,0.12053021593982945,0.3455476205241842,2.403626155523883,0.058589580704403316,0.09038959158707946,0.9430937536127632,0.35185185185185186,False,0.42186622974822985,0.5781337702517702,False
FSMI_nm,N6382,N6358,0.8146778778150339,1.9425042602425315,1.1278263824274977,0.03363805152609589,0.12369589701364332,0.07136591983741392,0.13156726976876543,0.49597350509221716,0.46296296296296297,0.24074074074074073,0.33384734032073976,0.42592592592592593,0.4029062795246294,27.0,0.23940651969675317,0.668680203176164,1.3303335137854921,1.5483102755481721,0.2643890691946902,0.21260691759059258,0.7592592592592593,False,0.40290627952462943,0.5970937204753706,False
FSMI_nm,N6382,N6389,1.7659275986645624,1.8186951042985988,0.05276750563403643,0.02676693422417653,0.11353931979868849,0.1880250618282745,0.23702478106475053,0.81629664129628,0.3888888888888889,0.05555555555555555,0.1469861839480328,0.35185185185185186,0.3006354348758971,23.5,0.14737074339626585,0.4022437847992876,4.486504625207635,1.790248709296124,0.01125993278996949,0.16691865028410435,0.5,False,0.30063543487589706,0.6993645651241029,False
FSMI_nm,N6382,N6390,1.7769079672453123,0.982435187197828,0.7944727800474843,0.16305887061166657,0.25539816362452344,0.1675019285755854,0.22479114717545845,0.7237544360819682,0.8333333333333334,0.09259259259259259,0.2777777777777778,0.12962962962962962,0.16666666666666666,25.0,0.234273801373802,0.6394111366986146,7.140132664910265,0.5716135067149978,0.0007926469330566302,0.5646136953564995,0.6851851851851852,False,0.16666666666666663,0.8333333333333334,False
FSMI_nm,N6389,6022,1.2832086750870029,0.7883124890054952,0.49489618608150765,1.0793735730275316,0.446852003394835,0.8638210526095719,0.7023364907838977,2.0087465190970124,0.9814814814814815,0.24074074074074073,0.4860890647558032,0.05555555555555555,0.16318893285561747,27.0,0.44951255254395883,1.3300362834379422,3.7042608484746835,47.54954894579641,0.024618407377587342,2.236110576926909e-21,0.9814814814814815,True,0.9814814814814815,0.01851851851851849,False
FSMI_nm,N6389,6028,4.415429811910861,3.2416990236103786,1.1737307883004822,0.24343412854958446,0.25553717707440504,0.9643053064407321,0.7882921630777743,2.975030331128555,0.9074074074074074,0.42592592592592593,0.6216818641331303,0.7962962962962963,0.7526426882555048,30.0,0.13593671960273995,0.36433891086574766,-0.6927855400109028,0.20246906858551686,1.0,0.8167117442568943,0.42592592592592593,False,0.7526426882555048,0.24735731174449516,False
FSMI_nm,N6389,6029,2.0210013039871706,1.2717684440261514,0.7492328599610192,0.01579744773352587,0.25177578176322085,0.06279279390442559,0.17938577146920806,0.6961280250143771,0.24074074074074073,0.6481481481481481,0.39501350014262115,0.24074074074074073,0.27930893059121087,33.5,0.11592026569833906,0.36310279269364637,-0.7679468629605251,62.433565368342144,1.0,7.681518396466023e-28,0.3888888888888889,False,0.27930893059121087,0.7206910694087891,False
FSMI_nm,N6389,6033,1.8207478300807216,2.0283722704750176,0.20762444039429595,0.0,0.1906861325283605,0.2234720587342719,0.2488662188105247,1.0146470175710711,0.16666666666666666,0.9814814814814815,0.4044505494044732,0.5,0.4761126373511183,40.25,0.08229443201850986,0.22581581424598063,-0.7095894020799399,1.1554137838746776,1.0,0.3149271981429454,0.3148148148148148,False,0.4761126373511183,0.5238873626488817,False
FSMI_nm,N6389,6047,2.946053864791246,2.0865561400310595,0.8594977247601867,0.02542310875910969,0.11877268436826674,0.09154029473470364,0.12291693352439823,0.5212906489755587,0.35185185185185186,0.5740740740740741,0.4494318925745036,0.5370370370370371,0.5151357509214037,31.5,0.01872047715494444,0.05934977239835104,-0.7382863667027963,-1.8132415201357373,1.0,1.0,0.018518518518518517,False,0.5151357509214037,0.48486424907859627,False
FSMI_nm,N6389,6048,1.599313301289055,2.316063063155086,0.7167497618660308,0.3368722097584125,0.28605887680101094,0.41898883692877803,0.3810681484838499,1.1899861188065133,0.9444444444444444,0.2777777777777778,0.5121969142940493,0.5740740740740741,0.5586047841290679,27.25,0.0768546527472249,0.23128782154466287,0.31581578909850533,-0.18221291659860245,0.7291937632367683,1.0,0.2777777777777778,False,0.5586047841290679,0.4413952158709321,False
FSMI_nm,N6389,6056,2.284561920801109,1.4826431986132327,0.8019187221878765,0.0,0.14388882883891058,0.36422450239242044,0.3317912346411164,1.1194433832085657,0.16666666666666666,0.6851851851851852,0.33793125168323446,0.2777777777777778,0.292816146254142,34.5,0.18954536504551206,0.5189274991734072,-0.6549105508191125,-0.49569780352046494,1.0,1.0,0.5740740740740741,False,0.292816146254142,0.707183853745858,False
FSMI_nm,N6389,6057,3.4970517461895976,0.8309228991381156,2.666128847051482,0.011426888781591815,0.053096789697088656,0.02945554060719427,0.04284813534889372,0.137610981402694,0.2037037037037037,0.8333333333333334,0.41201102706087017,0.12962962962962962,0.20022497898743974,39.0,0.20606355642624463,0.5579046695279782,-0.4515123063922105,-0.0868586729462058,1.0,1.0,0.6481481481481481,False,0.20022497898743974,0.7997750210125603,False
FSMI_nm,N6389,6062,2.9196668297119017,4.261430000205403,1.341763170493501,0.0,0.8186200029171556,0.31083087369365064,0.6139260339304786,2.1677611118836486,0.16666666666666666,0.7592592592592593,0.35572912430182496,0.9074074074074074,0.7694878366310118,37.5,0.4177068349013284,1.1488395422683704,-0.7905296045095067,0.14981237655377236,1.0,0.8608694805722988,0.9444444444444444,True,0.9444444444444444,0.05555555555555558,False
FSMI_nm,N6389,6063,4.4421744453751355,3.1812655428387453,1.2609089025363902,0.017668096234358277,0.44516091467910684,0.6426943728414442,0.5921843401627842,2.0641891984131897,0.2777777777777778,0.24074074074074073,0.258597037847573,0.7222222222222222,0.6063159261285599,27.0,0.031580395794582265,0.10000824623672822,0.02308974259858939,2.5431188678544148,0.9771747856336677,0.07862080909311894,0.12962962962962962,False,0.6063159261285599,0.3936840738714401,False
FSMI_nm,N6389,6070,2.307992993047587,1.5071833821788403,0.8008096108687466,0.10773716553079549,0.10842579104952252,0.06428461654895451,0.08775651653009481,0.2725571595446874,0.7222222222222222,0.3148148148148148,0.4768293773919901,0.3148148148148148,0.3553184554591086,27.5,0.11193927331976368,0.3043614690863443,-0.3361037162032982,-0.33104714927690126,1.0,1.0,0.35185185185185186,False,0.3553184554591087,0.6446815445408913,False
FSMI_nm,N6389,6072,1.4268834691757484,0.8184737223562756,0.6084097468194728,0.0,0.029540717067856617,0.061001811357971655,0.06477910720281072,0.2162213208143542,0.16666666666666666,0.7592592592592593,0.35572912430182496,0.09259259259259259,0.15837672551990067,37.5,0.3216774182324166,0.8760694491852674,1.4255965469017515,-0.0782104775760948,0.24036503141591944,1.0,0.7962962962962963,False,0.15837672551990067,0.8416232744800993,False
FSMI_nm,N6389,6078,1.3924063210314295,1.695198121157395,0.3027918001259655,0.0,0.041352579169093816,0.06427300820686611,0.06253620536405279,0.2206804871025947,0.16666666666666666,0.9074074074074074,0.3888888888888889,0.3888888888888889,0.3888888888888889,39.25,0.1803102253431398,0.49145948416369023,-0.8265558953528099,0.5835665321656182,1.0,0.5579050277979488,0.5,False,0.38888888888888884,0.6111111111111112,False
FSMI_nm,N6389,6080,3.486930250089525,2.9187866334390575,0.5681436166504676,0.09025762082638522,0.14169527111681798,0.2344460410079028,0.22096890835661587,0.6098934466867836,0.6851851851851852,0.9444444444444444,0.804437282554573,0.6851851851851852,0.7149982095275322,39.5,0.2428099524186502,0.6614748829460055,0.8802421361567754,1.0496364344373252,0.4146824898998135,0.3500649975559867,0.7222222222222222,False,0.7149982095275322,0.28500179047246776,False
FSMI_nm,N6389,6081,0.8928726233487373,3.4525669297743162,2.559694306425579,0.052435708557371896,0.14429888628808163,0.15952477123391026,0.2058866840820759,0.7674856101835084,0.5370370370370371,0.7962962962962963,0.6539423549262806,0.8703703703703703,0.8162633665093479,37.75,0.056665773867954364,0.16085487804347465,-0.856044235402499,-1.0501769579999483,1.0,1.0,0.2037037037037037,False,0.8162633665093479,0.18373663349065206,False
FSMI_nm,N6389,6082,1.5697987651446832,2.726210016167384,1.1564112510227007,0.16990669205255093,0.13201760113631367,0.4356058104687199,0.35470616598006105,1.4035265291411205,0.8703703703703703,0.6111111111111112,0.7293099506487117,0.6481481481481481,0.668438598773289,32.0,0.18421524750599996,0.5058896238090106,1.2882057616213805,-0.11003703774320128,0.2757651278468324,1.0,0.5370370370370371,False,0.668438598773289,0.33156140122671096,False
FSMI_nm,N6389,6084,1.3458682689199004,2.36171074828139,1.0158424793614897,0.12091203311303111,0.2533382343891775,0.23085290364033706,0.28318922881642555,0.9990362939849871,0.7962962962962963,0.5,0.6309898162000304,0.6111111111111112,0.6160807873833409,31.0,0.023033254713295054,0.06603494686318667,-0.4105442936228069,-1.5427398912122352,1.0,1.0,0.05555555555555555,False,0.6160807873833409,0.38391921261665907,False
FSMI_nm,N6389,6085,1.86691079236755,3.27212541575282,1.40521462338527,0.12760292935704642,0.2669488993297777,0.7274647319680584,0.6150887128914388,2.394720369771488,0.8333333333333334,0.5370370370370371,0.668977476599572,0.8333333333333334,0.792244369149893,31.25,0.059474404162272086,0.17839026997787955,-1.2015515057407669,-0.6196185992849821,1.0,1.0,0.24074074074074073,False,0.792244369149893,0.20775563085010695,False
FSMI_nm,N6389,6090,2.022297889711494,3.200617993752324,1.17832010404083,0.07678258134669624,0.4026264795840439,0.15007921818660433,0.31174490217104495,1.1699872894864476,0.6111111111111112,0.12962962962962962,0.2814571139550123,0.7592592592592593,0.6398087229331975,25.25,0.20191668971252802,0.5796718956920521,-0.5264402818921473,1.4431040109163145,1.0,0.2361934725384607,0.6111111111111112,False,0.6398087229331975,0.36019127706680254,False
FSMI_nm,N6389,6094,3.459780024999232,1.9428132804905527,1.5169667445086792,0.040167796560118374,0.1714520456091684,0.16209254618479224,0.1811860017849498,0.6560321502315807,0.5,0.42592592592592593,0.46147910349544863,0.46296296296296297,0.46259199809608437,30.0,0.029280906795952247,0.09041474369585012,0.8552837777860242,-1.0873726798842989,0.42516252228224777,1.0,0.09259259259259259,False,0.4625919980960844,0.5374080019039156,False
FSMI_nm,N6389,6095,7.857275141594466,4.4423943137693955,3.414880827825071,0.07744112427615679,0.6395921978005165,0.22074129698969894,0.47071700000138755,1.7118065853887954,0.6481481481481481,0.35185185185185186,0.4775480354899121,0.9814814814814815,0.8554981199835892,28.75,0.32351182925939626,0.8738613948219242,0.2727269546280751,-0.19601734608055926,0.7613006288659544,1.0,0.8333333333333334,False,0.8554981199835892,0.14450188001641084,False
FSMI_nm,N6389,6099,8.69575314178455,4.3475447481908915,4.348208393593659,0.12019222253691986,0.13406032009321267,0.3925075571209288,0.3260677213484683,1.0423564976464181,0.7592592592592593,0.5,0.6161409170227454,0.9444444444444444,0.8623685625890196,31.0,0.23348323318733785,0.6300967434988114,0.40949308251300287,-1.4349986784344264,0.6639867513353288,1.0,0.6851851851851852,False,0.8623685625890196,0.13763143741098038,False
FSMI_nm,N6389,6101,0.3286650711030523,1.1939681795186807,0.8653031084156284,0.03396656857673164,0.054995216853857984,0.05769992327902434,0.05888245958568032,0.19405949182002247,0.42592592592592593,0.9074074074074074,0.6216818641331303,0.2037037037037037,0.3081982438110603,39.25,0.32701203965943754,0.877462455220505,-0.14466772315407678,0.6227090351134738,1.0,0.5364890993953195,0.8703703703703703,False,0.3081982438110603,0.6918017561889397,False
FSMI_nm,N6389,N6342,0.7560989711345802,1.6182819194830538,0.8621829483484735,0.023923953053605507,0.23554809913039634,0.06953976488388462,0.16807712489132373,0.5407461733626739,0.3148148148148148,0.05555555555555555,0.13224867460264536,0.35185185185185186,0.29695105753955026,21.0,0.15844412269701885,0.45977003355145607,2.102778639676119,0.004184301883860407,0.12211663825844449,0.9958244401099697,0.46296296296296297,False,0.2969510575395502,0.7030489424604498,False
FSMI_nm,N6389,N6358,0.8146778778150339,1.8224749238138234,1.0077970459987895,0.03173739840023582,0.11154917432232477,0.06831152086442104,0.12474723935620091,0.45382585129273245,0.3888888888888889,0.24074074074074073,0.30597614151589453,0.42592592592592593,0.39593847982341807,27.0,0.29005351653197425,0.7937452182755118,1.498457171833191,1.5220483809019585,0.22347467734144771,0.2182643402295174,0.7592592592592593,False,0.395938479823418,0.604061520176582,False
FSMI_nm,N6389,N6382,1.0237676864754848,1.183855105453004,0.1600874189775192,0.03602951033477586,0.027068904075913117,0.06154152141462407,0.05718379942961733,0.2016882124764663,0.46296296296296297,0.018518518518518517,0.09259259259259259,0.16666666666666666,0.14814814814814814,19.5,0.04598966796672467,0.12514791782736456,1.8433025298220351,1.0419378163384565,0.15829379195557083,0.35277041490723876,0.16666666666666666,False,0.14814814814814814,0.8518518518518519,False
FSMI_nm,N6389,N6390,1.7769079672453123,0.6103188759026822,1.16658909134263,0.0565768873662853,0.18679391235876222,0.17952536711984873,0.19440256766457775,0.6915204177736738,0.5740740740740741,0.09259259259259259,0.2305536962590506,0.018518518518518517,0.07152731295365153,25.0,0.33893759184983935,0.9070399797243051,4.844102167249935,0.6400058966242403,0.007874684431609403,0.5272893148069262,0.9074074074074074,True,0.9074074074074074,0.09259259259259256,False
FSMI_nm,N6390,6022,1.2832086750870029,0.6677209354731237,0.6154877396138791,1.167920510975126,0.48257075463123705,0.685422076674659,0.5859688375350163,1.8070040041543936,0.9814814814814815,0.24074074074074073,0.4860890647558032,0.018518518518518517,0.13541115507783968,27.0,0.45499209856018186,1.3657525754361814,5.893190148108563,44.39905996494905,0.0027581636963015573,5.220754308149599e-20,0.9814814814814815,True,0.9814814814814815,0.01851851851851849,False
FSMI_nm,N6390,6028,4.415429811910861,3.188693757526243,1.226736054384618,0.21585872862572053,0.23773114027439915,0.9149772346550396,0.7463311961793905,2.8201256833376362,0.9074074074074074,0.42592592592592593,0.6216818641331303,0.7222222222222222,0.6970871326999493,30.0,0.13331195450885855,0.3600638632116131,-0.6843425725351729,0.17272234075030474,1.0,0.8413711969102613,0.3888888888888889,False,0.6970871326999493,0.30291286730005074,False
FSMI_nm,N6390,6029,2.0210013039871706,1.2776494895921895,0.7433518143949811,0.014132668672465876,0.24861262423116878,0.06104652520480416,0.1765100460900184,0.6871092637411294,0.35185185185185186,0.6481481481481481,0.4775480354899121,0.24074074074074073,0.2999425644280336,33.5,0.17201707353309223,0.553291516786717,-0.7298328053538454,58.53774248504726,1.0,3.7790397115677964e-26,0.5740740740740741,False,0.2999425644280336,0.7000574355719664,False
FSMI_nm,N6390,6033,1.8207478300807216,1.9886961995515167,0.16794836947079506,0.0,0.187537853134975,0.21483091765207696,0.23875576185231248,0.9695112200386946,0.09259259259259259,0.9814814814814815,0.30145964066851305,0.5,0.45036491016712826,40.25,0.08340437038124038,0.22966701488479913,-0.7115755399695314,1.0001907261187026,1.0,0.3678092836441263,0.2777777777777778,False,0.4503649101671283,0.5496350898328717,False
FSMI_nm,N6390,6047,2.946053864791246,2.0897904799440643,0.8562633848471819,0.01604713562033888,0.12237481293777629,0.08906646300919845,0.12482360911861536,0.5297365685558004,0.42592592592592593,0.5740740740740741,0.49448258973402553,0.5370370370370371,0.5263984252112842,31.5,0.020609380570827136,0.06477083444693255,-0.7072832692158764,-1.3415302108000748,1.0,1.0,0.05555555555555555,False,0.5263984252112842,0.4736015747887158,False
FSMI_nm,N6390,6048,1.599313301289055,2.25024422322582,0.6509309219367649,0.32682253481386336,0.2888242778307487,0.3949653566604004,0.3676253036348162,1.0919391437518378,0.9444444444444444,0.2777777777777778,0.5121969142940493,0.5740740740740741,0.5586047841290679,27.25,0.09026012872716051,0.26913701218828745,0.3849531519469336,-0.22452881144600884,0.6804825147388194,1.0,0.3148148148148148,False,0.5586047841290679,0.4413952158709321,False
FSMI_nm,N6390,6056,2.284561920801109,1.4954010606056842,0.789160860195425,0.0,0.1428567278246655,0.36629885569052867,0.3328408469930629,1.130589555344644,0.09259259259259259,0.6851851851851852,0.2518790834951008,0.2777777777777778,0.27130310420710857,34.5,0.17718920516617281,0.5050789020825999,-0.6427762247590646,-0.22832251102341738,1.0,1.0,0.6111111111111112,False,0.27130310420710857,0.7286968957928914,False
FSMI_nm,N6390,6057,3.4970517461895976,0.8497712424006058,2.6472805037889917,0.013406149492852015,0.053897309412346016,0.02966492869240739,0.04334528417391858,0.13912395378862508,0.3148148148148148,0.8333333333333334,0.5121969142940493,0.09259259259259259,0.19749367301795678,39.0,0.19554905353104457,0.5326384144671803,-0.49440447490268125,0.09098804068349932,1.0,0.9130286300323337,0.6851851851851852,False,0.19749367301795684,0.8025063269820432,False
FSMI_nm,N6390,6062,2.9196668297119017,4.128003503580653,1.2083366738687515,0.014895787095408508,0.7500763130548782,0.28293646491909713,0.5655554083691335,1.9775646969492708,0.3888888888888889,0.7592592592592593,0.5433852130044893,0.9444444444444444,0.8441796365844556,37.5,0.4289283813184401,1.2063089754139718,-0.794340861980794,0.44532465271148364,1.0,0.6406162644611076,0.9444444444444444,True,0.9444444444444444,0.05555555555555558,False
FSMI_nm,N6390,6063,4.4421744453751355,3.2122305336946493,1.2299439116804862,0.028028574142774154,0.43324319798609334,0.6423553112538695,0.5878411087000077,2.059497884804141,0.5,0.24074074074074073,0.3469443332443555,0.7592592592592593,0.6561805277555333,27.0,0.04172846193660295,0.11857631221007958,-0.03352238894364499,2.0400506748444975,1.0,0.13002212186067208,0.2037037037037037,False,0.6561805277555333,0.34381947224446674,False
FSMI_nm,N6390,6070,2.307992993047587,1.5104979900908737,0.7974950029567132,0.1019293031559454,0.10570262949887703,0.06112735628813414,0.08431573614927855,0.2594689992394652,0.7962962962962963,0.3148148148148148,0.500685401281325,0.3148148148148148,0.3612824614314424,27.5,0.10940335068674707,0.29995554280494346,-0.31847239536183564,-0.27324078176382954,1.0,1.0,0.35185185185185186,False,0.3612824614314424,0.6387175385685576,False
FSMI_nm,N6390,6072,1.4268834691757484,0.8455579364629097,0.5813255327128387,0.0026154811411156498,0.030906153896873637,0.060678499725880235,0.06465472614898826,0.2173676272415176,0.2037037037037037,0.7592592592592593,0.3932733441036167,0.05555555555555555,0.13998500269257083,37.5,0.3000546322844078,0.8276025011199408,1.3327473600583928,-0.09205122422725565,0.26375164425782743,1.0,0.8333333333333334,False,0.13998500269257086,0.8600149973074291,False
FSMI_nm,N6390,6078,1.3924063210314295,1.7154988135783291,0.32309249254689965,0.0038189988141170694,0.04806099201672402,0.05648845467450083,0.05822002974936017,0.2050298150953851,0.24074074074074073,0.9074074074074074,0.46738627644903563,0.3888888888888889,0.4085132357789256,39.25,0.1689797264756518,0.46870333898935423,-0.858222630067518,0.7322158192471487,1.0,0.4808423490528777,0.5370370370370371,False,0.4085132357789256,0.5914867642210744,False
FSMI_nm,N6390,6080,3.486930250089525,2.900401483630379,0.5865287664591463,0.07946460827365298,0.14311099977737435,0.23658802841472654,0.22848688206670995,0.6175099753220001,0.6851851851851852,0.9444444444444444,0.804437282554573,0.6851851851851852,0.7149982095275322,39.5,0.24045572184512365,0.6641288751436424,0.9305144808388629,1.1391618027212649,0.39435077225607496,0.3200872056298478,0.7592592592592593,False,0.7149982095275322,0.28500179047246776,False
FSMI_nm,N6390,6081,0.8928726233487373,3.2437932206934064,2.350920597344669,0.01079273508456513,0.12315773598960576,0.14571243886117352,0.17919024101021636,0.6535441051079851,0.2777777777777778,0.7962962962962963,0.470312040711122,0.7962962962962963,0.7148002324000027,37.75,0.03651194327624773,0.10126931827486385,-0.8442476522524208,-1.2217168117704806,1.0,1.0,0.16666666666666666,False,0.7148002324000027,0.2851997675999973,False
FSMI_nm,N6390,6082,1.5697987651446832,2.6831976712891135,1.1133989061444303,0.18008548142753078,0.12245830080457973,0.4279318335474558,0.34739676469334707,1.3781083757147392,0.8703703703703703,0.6111111111111112,0.7293099506487117,0.6481481481481481,0.668438598773289,32.0,0.1562861969324492,0.4196192432642861,1.292908389407385,-0.1696773907378811,0.2744713515526732,1.0,0.5,False,0.668438598773289,0.33156140122671096,False
FSMI_nm,N6390,6084,1.3458682689199004,2.360723268663162,1.0148549997432617,0.10169883081138176,0.24546957401539424,0.23290171702049112,0.28326806502371904,1.0095478379795435,0.7592592592592593,0.5,0.6161409170227454,0.6111111111111112,0.6123685625890197,31.0,0.028213598427098058,0.08888759216891517,-0.41008573737665655,-1.1447883042448763,1.0,1.0,0.09259259259259259,False,0.6123685625890197,0.3876314374109803,False
FSMI_nm,N6390,6085,1.86691079236755,3.2632046493290914,1.3962938569615413,0.1421335436014881,0.2930464105890382,0.7151355014965649,0.6123041633321817,2.3626479845204886,0.8333333333333334,0.5370370370370371,0.668977476599572,0.8703703703703703,0.8200221469276707,31.25,0.04965240687329132,0.15029281773095415,-1.1551316963787992,-0.6071813311209854,1.0,1.0,0.24074074074074073,False,0.8200221469276707,0.17997785307232927,False
FSMI_nm,N6390,6090,2.022297889711494,3.2531395365214424,1.2308416468099486,0.06328983127420518,0.4115286628577964,0.15360135573372025,0.3175921541888926,1.1964509248118453,0.6111111111111112,0.12962962962962962,0.2814571139550123,0.8333333333333334,0.695364278488753,25.25,0.13712485821147197,0.3899991900051518,-0.53275488547819,1.599416809986048,1.0,0.20201429636804905,0.42592592592592593,False,0.695364278488753,0.30463572151124696,False
FSMI_nm,N6390,6094,3.459780024999232,1.7841955904995244,1.6755844344997075,0.024522953086885346,0.17594478751546025,0.16190721065266545,0.17943567051477563,0.6124453790143327,0.46296296296296297,0.42592592592592593,0.44405847438080737,0.42592592592592593,0.43045906303964626,30.0,0.011665375583611864,0.03131429955394749,0.8546282869040456,-0.9150200413951113,0.42544130379835177,1.0,0.018518518518518517,False,0.4304590630396463,0.5695409369603537,False
FSMI_nm,N6390,6095,7.857275141594466,4.435279791754744,3.4219953498397224,0.0742030841718071,0.6043559850403132,0.20730424541760362,0.44520245667255887,1.6064016965217442,0.6481481481481481,0.35185185185185186,0.4775480354899121,0.9814814814814815,0.8554981199835892,28.75,0.3061004731877969,0.8209369704579861,0.1702126812426623,0.04784211740186181,0.8434854039943234,0.9532842821961494,0.8703703703703703,False,0.8554981199835892,0.14450188001641084,False
FSMI_nm,N6390,6099,8.69575314178455,3.9947524535615244,4.701000688223026,0.09780648876483511,0.11085747215247085,0.3707926053354315,0.3048296226772364,1.0273268548961032,0.7222222222222222,0.5,0.6009252125773316,0.9074074074074074,0.8307868586998884,31.0,0.2132782645063864,0.5810260912551621,0.7770921661511666,-1.5203262561762023,0.4597409197267427,1.0,0.7222222222222222,False,0.8307868586998884,0.16921314130011156,False
FSMI_nm,N6390,6101,0.3286650711030523,1.164279172616628,0.8356141015135756,0.03234876001750808,0.052382201480888256,0.06053641314909949,0.05959580187353837,0.20284479886872764,0.5370370370370371,0.9074074074074074,0.6980769194433617,0.16666666666666666,0.29951922986084045,39.25,0.35705442938290266,0.955881780626576,-0.09753956867719593,0.6612465846493835,1.0,0.5162074369718738,0.9074074074074074,True,0.9074074074074074,0.09259259259259256,False
FSMI_nm,N6390,N6342,0.7560989711345802,1.5854383157428222,0.829339344608242,0.0011720712245393283,0.3144324120369446,0.06440588225206564,0.22183098371347906,0.8417003785281109,0.16666666666666666,0.05555555555555555,0.09622504486493763,0.35185185185185186,0.2879451501051233,21.0,0.17732307534855546,0.5100040555427585,2.2705517378094013,-0.03816476350816677,0.1032551945691536,1.0,0.6481481481481481,False,0.28794515010512334,0.7120548498948767,False
FSMI_nm,N6390,N6358,0.8146778778150339,1.820796987365394,1.00611910955036,0.0006542869713950239,0.10225942580456084,0.06902127017851149,0.11608404756826438,0.42282734488570095,0.12962962962962962,0.24074074074074073,0.17665540766980475,0.46296296296296297,0.3913860741396734,27.0,0.28521434559728825,0.8088096501088584,1.5251784686218823,2.692717772892237,0.21758222180064488,0.06769670486201626,0.7962962962962963,False,0.3913860741396734,0.6086139258603266,False
FSMI_nm,N6390,N6382,1.0237676864754848,0.9955185993518798,0.028249087123604966,0.0,0.04043754696481637,0.048289256772428964,0.05360335688293623,0.16342508928158928,0.09259259259259259,0.018518518518518517,0.041408666249996104,0.12962962962962962,0.10757438878472124,19.5,0.14463140567243649,0.40512934387519867,2.816172493922751,0.7304082483408733,0.059834521982123225,0.4817122916981742,0.46296296296296297,False,0.10757438878472125,0.8924256112152787,False
FSMI_nm,N6390,N6389,1.7659275986645624,1.1816512569622704,0.584276341702292,0.06074942569569419,0.07221041895807621,0.1939619250791515,0.19933599760754156,0.7056728370602653,0.5740740740740741,0.09259259259259259,0.2305536962590506,0.2037037037037037,0.2104162018425404,23.5,0.03199175929893329,0.09500656329264859,3.3668772070416706,1.6524230517562373,0.034497196916538506,0.19158512507707856,0.12962962962962962,False,0.2104162018425404,0.7895837981574596,False
