sample_id,growth_run_id,source_afm_file,afm_file_id,plane_corrected_array_path,second_order_afm_path,scan_size_x_um,scan_size_y_um,resolution_x,resolution_y,height_unit,rq_nm,ra_nm,robust_height_range_nm,height_skewness,height_kurtosis,paired_primary,paired_exploratory,unpaired_support,representative_for_sample,quality_pass,quality_flags,source_array_hash,unit_shape_paths,centered_map_paths,resize_audit,physical_rq,physical_ra,physical_robust_height_range,physical_p95_p5,physical_peak_to_valley,physical_skewness,physical_kurtosis,physical_mean_abs_gradient,physical_rms_gradient,physical_slope_q05,physical_slope_q50,physical_slope_q95,physical_autocorr_length_nm,physical_corr_length_x_nm,physical_corr_length_y_nm,physical_anisotropy_ratio,physical_gradient_orientation_entropy,physical_q01,physical_q05,physical_q25,physical_q50,physical_q75,physical_q95,physical_q99,physical_psd_low_fraction,physical_psd_mid_fraction,physical_psd_high_fraction,physical_psd_slope,unit_rq,unit_ra,unit_robust_height_range,unit_p95_p5,unit_peak_to_valley,unit_skewness,unit_kurtosis,unit_mean_abs_gradient,unit_rms_gradient,unit_slope_q05,unit_slope_q50,unit_slope_q95,unit_autocorr_length_nm,unit_corr_length_x_nm,unit_corr_length_y_nm,unit_anisotropy_ratio,unit_gradient_orientation_entropy,unit_q01,unit_q05,unit_q25,unit_q50,unit_q75,unit_q95,unit_q99,unit_psd_low_fraction,unit_psd_mid_fraction,unit_psd_high_fraction,unit_psd_slope,scan_number,source_path,source_shape,source_scan_size_um,crop_quarter,crop_bounds_xyxy,output_shape,effective_scan_size_um,processing_order,second_order_model,second_order_robust,second_order_iterations,second_order_fit_fraction,second_order_coefficients,second_order_rank,second_order_condition_number,output_path,background_path,source_sha256,output_sha256,metadata_path,finite_fraction
6028,6028,data/pair/6028/AFM/N6028_1um.003,N6028_1um_003,data/afm_second_order/6028/N6028_1um_003/N6028_1um_003_height.npy,data/afm_second_order/6028/N6028_1um_003/N6028_1um_003_height.npy,1.0,1.0,256,256,nm,5.783085823059082,4.456272641926213,29.914703369140625,-0.6084254170117586,3.8399942722050495,True,True,False,True,True,,17caabd1a61f02b9f0ab8261ff67c5b4891b9f700211fd01c54b163f2d94bf0a,"{""256"": ""outputs/rheed_video_afm_story/variants/afm_second_order_y2_v1/afm_bank/second_order_unit_shape_maps/6028__N6028_1um_003_unit_shape_256.npy""}","{""256"": ""outputs/rheed_video_afm_story/variants/afm_second_order_y2_v1/afm_bank/second_order_unit_shape_maps/6028__N6028_1um_003_centered_256.npy""}",{},5.7830861223943595,4.45627265976959,29.91470503807069,18.892730236053467,38.57649803161621,-0.6084254170117586,3.8399942722050495,267.65083055450384,366.4191996390337,16.273361303225315,192.35075136003024,797.1010188270387,35.29411764705882,39.2156862745098,35.29411764705882,1.1111111111111112,0.9927736608343782,-17.898410048768753,-10.4181864884355,-3.236394884870285,0.6816145602009358,3.9050439569494784,8.474543747617966,12.016294989301931,0.999654644736574,0.0003239217464246,2.1433517001180975e-05,-4.215171870929055,0.9999990472307289,0.7705692648815858,5.172787714004517,3.266891062259674,6.670566558837891,-0.608425360112225,3.839994215077835,46.28161654324624,63.36043418884768,2.8139598880872394,33.260888195877094,137.8330240081919,35.29411764705882,39.2156862745098,35.29411764705882,1.1111111111111112,0.9927736607224956,-3.0949552560271183,-1.801490756315128,-0.5596305305184286,0.1178633546410639,0.675252017932995,1.465400305944546,2.077832457977399,0.9996546447358892,0.0003239217470498,2.14335170609528e-05,-4.215171857906764,,,,,,,,,,,,,,,,,,,,,,
6028,6028,data/pair/6028/AFM/N6028_1um.004,N6028_1um_004,data/afm_second_order/6028/N6028_1um_004/N6028_1um_004_height.npy,data/afm_second_order/6028/N6028_1um_004/N6028_1um_004_height.npy,1.0,1.0,256,256,nm,5.864989280700684,4.509716097961705,29.395442962646484,-0.642960733039738,3.717432071886479,True,True,False,False,True,,ab597e13163cffaf7229a65a88f5bf75369251374d57439e0e7834d0386d469d,"{""256"": ""outputs/rheed_video_afm_story/variants/afm_second_order_y2_v1/afm_bank/second_order_unit_shape_maps/6028__N6028_1um_004_unit_shape_256.npy""}","{""256"": ""outputs/rheed_video_afm_story/variants/afm_second_order_y2_v1/afm_bank/second_order_unit_shape_maps/6028__N6028_1um_004_centered_256.npy""}",{},5.8649896432008575,4.509716116214069,29.395443487167363,19.209704399108887,36.057634353637695,-0.642960733039738,3.717432071886479,263.8150076572044,365.80159273826285,16.225526110955393,180.7763016391065,804.0711644629201,35.29411764705882,39.2156862745098,39.2156862745098,1.0,0.9949162143868084,-17.876564043783087,-10.807185000203988,-3.1295358002413702,0.6807291000853586,3.77962791321383,8.4025193989049,11.518879443384272,0.9996845510079172,0.0002879573991985,2.749159288448185e-05,-3.978251468683452,0.9999990595568388,0.7689206899045568,5.012014847993851,3.2753146290779114,6.147939443588257,-0.6429606822168696,3.717432027635629,44.98128290619449,62.37031396973271,2.766503858983433,30.822921155396784,137.09665298509435,35.29411764705882,39.2156862745098,39.2156862745098,1.0,0.9949162143666076,-3.0480098868671197,-1.8426587308707971,-0.5335956389966745,0.1160664347049456,0.6444383834537726,1.4326558982071145,1.9640049611267312,0.9996845510093316,0.0002879573977447,2.749159292362978e-05,-3.978251473581519,,,,,,,,,,,,,,,,,,,,,,
6028,6028,data/pair/6028/AFM/N6028_500 nm.006,N6028_500_nm_006,data/afm_second_order/6028/N6028_500_nm_006/N6028_500_nm_006_height.npy,data/afm_second_order/6028/N6028_500_nm_006/N6028_500_nm_006_height.npy,1.0,1.0,256,256,nm,2.319988489151001,1.8111764952228704,11.293359756469728,-0.1184826587285926,3.380983029848207,True,True,False,False,True,,ca188b27863a2b056684c3e3af9ffd39dfecc7e66e17fd24c405e3caad3fa49c,"{""256"": ""outputs/rheed_video_afm_story/variants/afm_second_order_y2_v1/afm_bank/second_order_unit_shape_maps/6028__N6028_500_nm_006_unit_shape_256.npy""}","{""256"": ""outputs/rheed_video_afm_story/variants/afm_second_order_y2_v1/afm_bank/second_order_unit_shape_maps/6028__N6028_500_nm_006_centered_256.npy""}",{},2.3199886153722815,1.811176495309102,11.293360233306888,7.662373661994934,19.11820602416992,-0.1184826587285926,3.380983029848207,127.6132834504166,167.50440687629077,17.713453913472502,97.75195137574596,343.59336293659135,35.29411764705882,31.37254901960784,39.2156862745098,1.25,0.9957706137459876,-5.849222016603571,-3.963918531210047,-1.4724795463391367,0.0947473627618727,1.4648881015471396,3.698455130784887,5.444138216703316,0.9995393261119768,0.0004255271115482,3.5146776474894546e-05,-3.987092567201649,0.9999990482447062,0.7806826116632359,4.867847001552583,3.302760273218155,8.240638494491577,-0.1184826482151483,3.38098303120254,55.00594321699173,72.20046093310494,7.635138365691282,42.13462620118363,148.10116392322328,35.29411764705882,31.37254901960784,39.2156862745098,1.25,0.9957706137382998,-2.521226447672371,-1.7085922716565172,-0.6346919743723909,0.0408395284407099,0.6314197869591673,1.5941680015616375,2.346620553880212,0.9995393261081964,0.0004255271141131,3.5146777690413476e-05,-3.9870925450086903,,,,,,,,,,,,,,,,,,,,,,
6029,6029,data/pair/6029/AFM/N6029_1um.007,N6029_1um_007,data/afm_second_order/6029/N6029_1um_007/N6029_1um_007_height.npy,data/afm_second_order/6029/N6029_1um_007/N6029_1um_007_height.npy,1.0,1.0,256,256,nm,2.289785623550415,1.8003669894646526,10.900407791137695,-0.4844152969806138,3.4289313136858097,True,True,False,False,True,,22246e3de712aa5d7b81833a21d542e4d4b2a0b9422512ff6ae0c2af09fdc93a,"{""256"": ""outputs/rheed_video_afm_story/variants/afm_second_order_y2_v1/afm_bank/second_order_unit_shape_maps/6029__N6029_1um_007_unit_shape_256.npy""}","{""256"": ""outputs/rheed_video_afm_story/variants/afm_second_order_y2_v1/afm_bank/second_order_unit_shape_maps/6029__N6029_1um_007_centered_256.npy""}",{},2.2897856388643527,1.8003669896837131,10.900407004356383,7.443673312664032,18.8194317817688,-0.4844152969806138,3.4289313136858097,125.96430180442604,165.18814771828886,17.118095575348768,95.6657791110944,339.3453764738242,35.29411764705882,31.37254901960784,39.2156862745098,1.25,0.9935672158208468,-6.311510879684105,-4.056740100074425,-1.3936709710842512,0.1760922199600794,1.618265037845955,3.3869332125896072,4.58889612467228,0.9996550897224676,0.0003203914321047,2.451884542759203e-05,-4.093443231060079,0.9999989944786744,0.7862592679294473,4.760443913936616,3.2508133351802826,8.21885347366333,-0.4844152483984232,3.4289312819632385,55.01133944057378,72.14124245392637,7.475842138545292,41.77931885585885,148.19946903658473,35.29411764705882,31.37254901960784,39.2156862745098,1.25,0.9935672158923008,-2.756373507220686,-1.7716662053655987,-0.6086462800096875,0.0769032660234566,0.7067314173389072,1.479147129814684,2.0040704067159294,0.9996550897266452,0.0003203914290442,2.451884431056301e-05,-4.09344324354796,,,,,,,,,,,,,,,,,,,,,,
6029,6029,data/pair/6029/AFM/N6029_1um.008,N6029_1um_008,data/afm_second_order/6029/N6029_1um_008/N6029_1um_008_height.npy,data/afm_second_order/6029/N6029_1um_008/N6029_1um_008_height.npy,1.0,1.0,256,256,nm,2.434478998184204,1.9281648373319475,11.302997589111328,-0.1522019958657418,3.270236283944386,True,True,False,True,True,,8c71fda131f0ec0feb8dc4b043471d135638309fa0d6188d9e4db26138f14160,"{""256"": ""outputs/rheed_video_afm_story/variants/afm_second_order_y2_v1/afm_bank/second_order_unit_shape_maps/6029__N6029_1um_008_unit_shape_256.npy""}","{""256"": ""outputs/rheed_video_afm_story/variants/afm_second_order_y2_v1/afm_bank/second_order_unit_shape_maps/6029__N6029_1um_008_centered_256.npy""}",{},2.4344790224226296,1.9281648369845703,11.30299804210663,7.971485614776611,22.783884525299072,-0.1522019958657418,3.270236283944386,122.13598251360742,162.3175406738424,12.728437370665182,96.1055236014658,332.3880562676641,35.29411764705882,35.29411764705882,39.2156862745098,1.1111111111111112,0.9936781525017514,-6.054169927594418,-3.9870772824261143,-1.5595680043671083,-0.0465864070329619,1.6878611280944391,3.984408332350497,5.248828114512211,0.9996607788615112,0.0003184260044597,2.0795134029134477e-05,-4.226784255358035,0.9999990227584726,0.7920228258311874,4.6428773403167725,3.2744081616401672,9.358824491500854,-0.1522018937235566,3.2702362264770963,50.16919896673759,66.67438022325474,5.22839702237409,39.47679494044506,136.53341668622372,35.29411764705882,35.29411764705882,39.2156862745098,1.1111111111111112,0.9936781525279494,-2.4868417076766964,-1.6377522401512143,-0.6406161688268659,-0.0191360792145606,0.6933144576847079,1.636655921488953,2.156035632640076,0.9996607788678668,0.0003184259985069,2.0795133626375583e-05,-4.2267842464344145,,,,,,,,,,,,,,,,,,,,,,
6029,6029,data/pair/6029/AFM/N6029_500 nm.010,N6029_500_nm_010,data/afm_second_order/6029/N6029_500_nm_010/N6029_500_nm_010_height.npy,data/afm_second_order/6029/N6029_500_nm_010/N6029_500_nm_010_height.npy,1.0,1.0,256,256,nm,2.872208595275879,2.28073144409424,14.076435089111328,-0.0033150444059702,3.1091670865120555,True,True,False,False,True,,979a8a7c0c0de2b0fbafaed3131c1fc1555c396d82f831bff7deaced9a38bd47,"{""256"": ""outputs/rheed_video_afm_story/variants/afm_second_order_y2_v1/afm_bank/second_order_unit_shape_maps/6029__N6029_500_nm_010_unit_shape_256.npy""}","{""256"": ""outputs/rheed_video_afm_story/variants/afm_second_order_y2_v1/afm_bank/second_order_unit_shape_maps/6029__N6029_500_nm_010_centered_256.npy""}",{},2.8722086654685826,2.2807314428603194,14.076435375213627,9.328787565231323,19.856696128845215,-0.0033150444059702,3.1091670865120555,139.97835216031308,186.67011643362983,13.384224602270123,110.0855264680814,381.5080940488836,39.2156862745098,39.2156862745098,39.2156862745098,1.0,0.993526892957436,-6.729654607573067,-4.761984309950387,-1.91188245157293,0.0533147409320719,1.894689449271644,4.566803255280936,7.34678076764056,0.999649940220107,0.0003251246031361,2.4935176756968617e-05,-4.053600651368132,0.9999989794623332,0.7940680426946736,4.900904679298403,3.2479456961154938,6.913382291793823,-0.0033150292162185,3.1091671140358743,48.73538994156783,64.99177021705722,4.659901981570599,38.32778161519384,132.82729270382947,39.2156862745098,39.2156862745098,39.2156862745098,1.0,0.993526892904197,-2.3430219113985897,-1.65795036555928,-0.665648171321571,0.0185622762729524,0.6596622079451679,1.5899953305562138,2.557882767899813,0.9996499402244547,0.0003251246001234,2.4935175421717734e-05,-4.053600669818962,,,,,,,,,,,,,,,,,,,,,,
6033,6033,data/pair/6033/AFM/N6033_1um.015,N6033_1um_015,data/afm_second_order/6033/N6033_1um_015/N6033_1um_015_height.npy,data/afm_second_order/6033/N6033_1um_015/N6033_1um_015_height.npy,1.0,1.0,256,256,nm,2.547292470932007,2.06945844252221,11.495147705078123,-0.0472081924797541,2.7013930325492916,True,True,False,False,True,,1b547eaa818afeaac85bf95fc96a8e8823978c993a4f81433624c0cdb47d6566,"{""256"": ""outputs/rheed_video_afm_story/variants/afm_second_order_y2_v1/afm_bank/second_order_unit_shape_maps/6033__N6033_1um_015_unit_shape_256.npy""}","{""256"": ""outputs/rheed_video_afm_story/variants/afm_second_order_y2_v1/afm_bank/second_order_unit_shape_maps/6033__N6033_1um_015_centered_256.npy""}",{},2.5472923783426795,2.0694584424727833,11.495147418975836,8.218512058258057,16.480852127075195,-0.0472081924797541,2.7013930325492916,126.29711211166222,164.72196617487785,15.008034141492908,100.96462687424,328.3146494876515,35.29411764705882,43.13725490196078,35.29411764705882,1.2222222222222223,0.9960563441544156,-5.96663191304018,-4.114895105216998,-1.8221190868358796,0.0251906692568475,1.7887647153396422,4.103616953041058,5.528515505935655,0.9993537678867443,0.0006057011475598,4.053096569550584e-05,-4.050082686487147,0.999998994782852,0.812414145831615,4.512688052654267,3.2263684570789337,6.469942569732666,-0.0472081963503229,2.7013930382088396,49.58087505795166,64.6654471578153,5.891755394344555,39.63600920949556,128.88757555963664,35.29411764705882,43.13725490196078,35.29411764705882,1.2222222222222223,0.996056344208552,-2.342340352133488,-1.615397991732334,-0.7153153290307274,0.0098891857745001,0.7022212723934899,1.6109704653465995,2.17034770052078,0.999353767887832,0.0006057011453591,4.053096680885909e-05,-4.0500826433004455,,,,,,,,,,,,,,,,,,,,,,
6033,6033,data/pair/6033/AFM/N6033_1um.016,N6033_1um_016,data/afm_second_order/6033/N6033_1um_016/N6033_1um_016_height.npy,data/afm_second_order/6033/N6033_1um_016/N6033_1um_016_height.npy,1.0,1.0,256,256,nm,2.2941808700561523,1.8196008542949316,11.14088249206543,0.1200913523221753,3.09427797330862,True,True,False,True,True,,99d54b167d4effec5be1966132e66a4ff6a9c4027e15816dacc24e1a77f62ac9,"{""256"": ""outputs/rheed_video_afm_story/variants/afm_second_order_y2_v1/afm_bank/second_order_unit_shape_maps/6033__N6033_1um_016_unit_shape_256.npy""}","{""256"": ""outputs/rheed_video_afm_story/variants/afm_second_order_y2_v1/afm_bank/second_order_unit_shape_maps/6033__N6033_1um_016_centered_256.npy""}",{},2.2941808822907466,1.81960085491363,11.140881943702698,7.396272897720337,16.164886474609375,0.1200913523221753,3.09427797330862,120.14532636720836,157.22318016976672,13.755764435325537,95.59972899492271,316.36386916196,35.29411764705882,35.29411764705882,35.29411764705882,1.0,0.9953361556134788,-5.238653137916066,-3.694415989154317,-1.5583431150851026,-0.0478529453364387,1.544772532946132,3.701856908566021,5.902228805786633,0.999526819284963,0.0004419853717535,3.1195343283197924e-05,-4.076055259955777,0.9999989943472908,0.7931366875042702,4.856143212318421,3.223924219608307,7.04603123664856,0.1200913015294308,3.0942779543510937,52.36954378504055,68.531223577385,5.995929760397553,41.670479326254295,137.89825756604827,35.29411764705882,35.29411764705882,35.29411764705882,1.0,0.9953361556587688,-2.2834502923601168,-1.610340445052912,-0.6792583304756186,-0.0208583704494735,0.6733431529886225,1.613583774555395,2.572692919958304,0.9995268192840926,0.0004419853729474,3.119534296014145e-05,-4.076055259966582,,,,,,,,,,,,,,,,,,,,,,
6033,6033,data/pair/6033/AFM/N6033_1um.017,N6033_1um_017,data/afm_second_order/6033/N6033_1um_017/N6033_1um_017_height.npy,data/afm_second_order/6033/N6033_1um_017/N6033_1um_017_height.npy,1.0,1.0,256,256,nm,2.2941808700561523,1.8196008542949316,11.14088249206543,0.1200913523221753,3.09427797330862,True,True,False,False,True,,99d54b167d4effec5be1966132e66a4ff6a9c4027e15816dacc24e1a77f62ac9,"{""256"": ""outputs/rheed_video_afm_story/variants/afm_second_order_y2_v1/afm_bank/second_order_unit_shape_maps/6033__N6033_1um_017_unit_shape_256.npy""}","{""256"": ""outputs/rheed_video_afm_story/variants/afm_second_order_y2_v1/afm_bank/second_order_unit_shape_maps/6033__N6033_1um_017_centered_256.npy""}",{},2.2941808822907466,1.81960085491363,11.140881943702698,7.396272897720337,16.164886474609375,0.1200913523221753,3.09427797330862,120.14532636720836,157.22318016976672,13.755764435325537,95.59972899492271,316.36386916196,35.29411764705882,35.29411764705882,35.29411764705882,1.0,0.9953361556134788,-5.238653137916066,-3.694415989154317,-1.5583431150851026,-0.0478529453364387,1.544772532946132,3.701856908566021,5.902228805786633,0.999526819284963,0.0004419853717535,3.1195343283197924e-05,-4.076055259955777,0.9999989943472908,0.7931366875042702,4.856143212318421,3.223924219608307,7.04603123664856,0.1200913015294308,3.0942779543510937,52.36954378504055,68.531223577385,5.995929760397553,41.670479326254295,137.89825756604827,35.29411764705882,35.29411764705882,35.29411764705882,1.0,0.9953361556587688,-2.2834502923601168,-1.610340445052912,-0.6792583304756186,-0.0208583704494735,0.6733431529886225,1.613583774555395,2.572692919958304,0.9995268192840926,0.0004419853729474,3.119534296014145e-05,-4.076055259966582,,,,,,,,,,,,,,,,,,,,,,
6033,6033,data/pair/6033/AFM/N6033_1um.018,N6033_1um_018,data/afm_second_order/6033/N6033_1um_018/N6033_1um_018_height.npy,data/afm_second_order/6033/N6033_1um_018/N6033_1um_018_height.npy,1.0,1.0,256,256,nm,2.2828686237335205,1.8124875626914256,10.850655555725098,-0.002900507297991,3.006468272695227,True,True,False,False,True,,fe5a334242ec0364c7084338763e3b3c625a1648d797c36e21f65bd2158ab6ce,"{""256"": ""outputs/rheed_video_afm_story/variants/afm_second_order_y2_v1/afm_bank/second_order_unit_shape_maps/6033__N6033_1um_018_unit_shape_256.npy""}","{""256"": ""outputs/rheed_video_afm_story/variants/afm_second_order_y2_v1/afm_bank/second_order_unit_shape_maps/6033__N6033_1um_018_centered_256.npy""}",{},2.2828686193987933,1.8124875628236896,10.850655841827392,7.553726375102997,15.9488263130188,-0.002900507297991,3.006468272695227,120.90482584237829,157.65235282711515,13.285417122032491,96.47899872965144,316.9362636240354,35.29411764705882,35.29411764705882,39.2156862745098,1.1111111111111112,0.9946768387992646,-5.446300322548288,-3.770707590118783,-1.5195862181343012,-0.0320089418299369,1.5238026254020758,3.783018784984214,5.404355519279107,0.9995892868293874,0.000382792001425,2.7921169187691495e-05,-4.091123574955554,0.9999989854872472,0.7939509565143998,4.753074610233307,3.3088715374469757,6.986302375793457,-0.0029004265492018,3.006468273432068,52.961743570694395,69.05881048739082,5.819611999701047,42.26213303030336,138.83231740036246,35.29411764705882,35.29411764705882,39.2156862745098,1.1111111111111112,0.9946768387688818,-2.3857240291297,-1.651739368027405,-0.6656470241009754,-0.0140213550053102,0.667493960076614,1.6571321694195706,2.3673505811036075,0.9995892868435404,0.000382791988019,2.7921168440386455e-05,-4.0911235897584755,,,,,,,,,,,,,,,,,,,,,,
6047,6047,data/pair/6047/AFM/N6047_1um.006,N6047_1um_006,data/afm_second_order/6047/N6047_1um_006/N6047_1um_006_height.npy,data/afm_second_order/6047/N6047_1um_006/N6047_1um_006_height.npy,1.0,1.0,256,256,nm,5.441677570343018,4.169670220836155,28.22777557373047,-0.7035086906228569,3.935226833491883,True,True,False,False,True,,4e1f2711043ba8efcd897d4024901f6902d128f1959a54e788ed53787c5f72be,"{""256"": ""outputs/rheed_video_afm_story/variants/afm_second_order_y2_v1/afm_bank/second_order_unit_shape_maps/6047__N6047_1um_006_unit_shape_256.npy""}","{""256"": ""outputs/rheed_video_afm_story/variants/afm_second_order_y2_v1/afm_bank/second_order_unit_shape_maps/6047__N6047_1um_006_centered_256.npy""}",{},5.441677597159791,4.169670241124538,28.227776193618787,17.633819699287415,33.912113189697266,-0.7035086906228569,3.935226833491883,266.1959853568429,362.75332062519135,18.941641301961983,187.81035510894569,773.7083038259642,35.29411764705882,35.29411764705882,35.29411764705882,1.0,0.9947715025694928,-17.283925034693954,-9.991412379435776,-2.8813166996757977,0.5400168517310625,3.709974787541152,7.642407319851637,10.943851158924833,0.9995754570239048,0.0003822253474695,4.231762862582514e-05,-3.8448257572016646,0.9999989875930368,0.7662464305411756,5.1873244881629965,3.2405082285404205,6.231916189193726,-0.7035085853975032,3.935226707808675,48.91795031919338,66.66196987713295,3.48084801944666,34.51328735373936,142.181781828178,35.29411764705882,35.29411764705882,35.29411764705882,1.0,0.994771502492154,-3.1762093601446098,-1.8360885141115135,-0.5294900295953697,0.0992370823700481,0.6817696633119636,1.404419714428907,2.011115128018387,0.999575457027239,0.0003822253426121,4.2317630148736856e-05,-3.8448257270031623,,,,,,,,,,,,,,,,,,,,,,
6047,6047,data/pair/6047/AFM/N6047_1um.007,N6047_1um_007,data/afm_second_order/6047/N6047_1um_007/N6047_1um_007_height.npy,data/afm_second_order/6047/N6047_1um_007/N6047_1um_007_height.npy,1.0,1.0,256,256,nm,5.800689220428467,4.376070453405479,29.50197982788086,-0.6511902388935038,3.913361690028797,True,True,False,False,True,,826f481abfc7682444960aed3a7222957240e23353741fa7c5dfc00052f8804e,"{""256"": ""outputs/rheed_video_afm_story/variants/afm_second_order_y2_v1/afm_bank/second_order_unit_shape_maps/6047__N6047_1um_007_unit_shape_256.npy""}","{""256"": ""outputs/rheed_video_afm_story/variants/afm_second_order_y2_v1/afm_bank/second_order_unit_shape_maps/6047__N6047_1um_007_centered_256.npy""}",{},5.800689336415667,4.376070435671506,29.50197815895081,19.839762449264526,35.75050735473633,-0.6511902388935038,3.913361690028797,276.5066438338398,381.129371880278,18.93744502950199,188.74108044144148,823.0173293720842,35.29411764705882,39.2156862745098,35.29411764705882,1.1111111111111112,0.9923668343754432,-17.524748854356893,-11.06983595343221,-2.9130648300229405,0.5615273043335585,3.611508555692544,8.769926495832316,11.977229304593912,0.9996517161552524,0.0003133624573964,3.492138735123499e-05,-3.896582495537953,0.9999990286455872,0.7544045060852201,5.085938501358032,3.4202387928962708,6.163141965866089,-0.651190344080629,3.913361778891886,47.66784790246893,65.7040888305792,3.2646892893817596,32.537664258184364,141.88254483491505,35.29411764705882,39.2156862745098,35.29411764705882,1.1111111111111112,0.9923668344140796,-3.02114634031579,-1.9083638142995552,-0.5021923583202079,0.0968034576423451,0.6225992638416573,1.5118749785967156,2.064792161042242,0.999651716151526,0.0003133624624378,3.492138603636807e-05,-3.8965825351377306,,,,,,,,,,,,,,,,,,,,,,
6047,6047,data/pair/6047/AFM/N6047_1um.008,N6047_1um_008,data/afm_second_order/6047/N6047_1um_008/N6047_1um_008_height.npy,data/afm_second_order/6047/N6047_1um_008/N6047_1um_008_height.npy,1.0,1.0,256,256,nm,4.694860458374023,3.527608369483779,24.064613342285156,-0.9430811003290436,4.488243460111492,True,True,False,True,True,,929bc8c2248f0765c3e04caf2ebae8e11653d222348d0a48cd0f0d53b5aba1a7,"{""256"": ""outputs/rheed_video_afm_story/variants/afm_second_order_y2_v1/afm_bank/second_order_unit_shape_maps/6047__N6047_1um_008_unit_shape_256.npy""}","{""256"": ""outputs/rheed_video_afm_story/variants/afm_second_order_y2_v1/afm_bank/second_order_unit_shape_maps/6047__N6047_1um_008_centered_256.npy""}",{},4.694860499164065,3.527608396465445,24.064613389968876,15.538790106773376,40.78799819946289,-0.9430811003290436,4.488243460111492,256.83457434370064,347.049034076233,33.98180230465192,175.93323167118936,758.168074500456,31.37254901960784,27.45098039215686,35.29411764705882,1.2857142857142856,0.997910389138136,-15.062304828091223,-9.18772210828837,-2.1872734641271454,0.6883601183456558,3.0430710697931427,6.351067998485006,9.00230856187765,0.9995506698478716,0.0003966679924077,5.266215972054668e-05,-3.8050616873495953,0.9999989589100712,0.751375837766384,5.1257303953170785,3.309741288423538,8.687788963317871,-0.9430810329453336,4.488243316104008,54.705418139282926,73.92097583687013,7.23808108114215,37.4735418592109,161.4887775080275,31.37254901960784,27.45098039215686,35.29411764705882,1.2857142857142856,0.9979103891444202,-3.2082506507442323,-1.956972327809128,-0.465886321644577,0.1466197923018608,0.6481700420572434,1.3527689606144104,1.9174797445728464,0.9995506698531272,0.0003966679852329,5.2662161639766694e-05,-3.805061666827029,,,,,,,,,,,,,,,,,,,,,,
6047,6047,data/pair/6047/AFM/N6047_1um.011,N6047_1um_011,data/afm_second_order/6047/N6047_1um_011/N6047_1um_011_height.npy,data/afm_second_order/6047/N6047_1um_011/N6047_1um_011_height.npy,1.0,1.0,256,256,nm,1.8975629806518557,1.477683328550055,9.386996269226074,-0.3545493628882574,3.615906360324336,True,True,False,False,True,,080695d552ed519954a29967ee5a04b0675fdfaaeea41f3bab3e3683964d940f,"{""256"": ""outputs/rheed_video_afm_story/variants/afm_second_order_y2_v1/afm_bank/second_order_unit_shape_maps/6047__N6047_1um_011_unit_shape_256.npy""}","{""256"": ""outputs/rheed_video_afm_story/variants/afm_second_order_y2_v1/afm_bank/second_order_unit_shape_maps/6047__N6047_1um_011_centered_256.npy""}",{},1.897563057088475,1.4776833307168942,9.38699655532837,6.211142539978027,16.087448596954346,-0.3545493628882574,3.615906360324336,123.37261913178828,158.18849194155612,14.692827318182111,92.80252480293068,322.7396288620007,27.45098039215686,27.45098039215686,31.37254901960784,1.1428571428571428,0.9947902632231692,-5.082990361946021,-3.303799702423011,-1.1340271072558512,0.0837862821199546,1.2622787518330465,2.9073428375550163,4.304006193382349,0.9988801422989122,0.0008915355728538,0.0002283221282338,-3.289743681587702,0.9999990594649651,0.778726133247129,4.946864676475526,3.273217558860779,8.477944135665894,-0.3545492965431212,3.615906325172055,65.01628628955223,83.36394507699573,7.74299053510314,48.906107189810385,170.0809412655097,27.45098039215686,27.45098039215686,31.37254901960784,1.1428571428571428,0.9947902631689958,-2.6786912720489062,-1.741073403863863,-0.5976223241376437,0.0441546250296078,0.665209795923277,1.532144154996916,2.2681734044266193,0.9988801423044792,0.0008915355665284,0.0002283221289924,-3.2897436758245657,,,,,,,,,,,,,,,,,,,,,,
6047,6047,data/pair/6047/AFM/N6047_1um.012,N6047_1um_012,data/afm_second_order/6047/N6047_1um_012/N6047_1um_012_height.npy,data/afm_second_order/6047/N6047_1um_012/N6047_1um_012_height.npy,1.0,1.0,256,256,nm,1.864246129989624,1.4460262794639407,9.21454906463623,-0.3606441856090886,3.70080937790421,True,True,False,False,True,,aecc56f131b4f22d835bd2d6c751de225372fb0a0179a382e2e0f8eb7488f563,"{""256"": ""outputs/rheed_video_afm_story/variants/afm_second_order_y2_v1/afm_bank/second_order_unit_shape_maps/6047__N6047_1um_012_unit_shape_256.npy""}","{""256"": ""outputs/rheed_video_afm_story/variants/afm_second_order_y2_v1/afm_bank/second_order_unit_shape_maps/6047__N6047_1um_012_centered_256.npy""}",{},1.8642461410936495,1.4460262779429374,9.214548850059511,6.160809397697449,16.088449001312256,-0.3606441856090886,3.70080937790421,121.74169064542173,156.1161035399103,14.402539158132942,92.492383016345,317.9973318868549,27.45098039215686,27.45098039215686,31.37254901960784,1.1428571428571428,0.994759621802754,-5.022467802280667,-3.257667039150479,-1.1226305706446196,0.0970372589285348,1.2308745937402223,2.90314235854697,4.192081047778845,0.9988168088843804,0.0009283142167234,0.0002548768988961,-3.2513286294393593,0.999999021841389,0.775661984186603,4.942770230770112,3.3047156631946564,8.629993915557861,-0.3606441824963714,3.700809420960071,65.30337857213124,83.74213433402885,7.725657787916749,49.61377622730198,170.57672457456243,27.45098039215686,27.45098039215686,31.37254901960784,1.1428571428571428,0.9947596217831078,-2.694098795578171,-1.7474429618570102,-0.6021895270797504,0.0520516864952552,0.660252599790405,1.5572727013376462,2.2486714351919415,0.9988168088794644,0.0009283142195028,0.0002548769010329,-3.25132862577067,,,,,,,,,,,,,,,,,,,,,,
6047,6047,data/pair/6047/AFM/N6047_1um.013,N6047_1um_013,data/afm_second_order/6047/N6047_1um_013/N6047_1um_013_height.npy,data/afm_second_order/6047/N6047_1um_013/N6047_1um_013_height.npy,1.0,1.0,256,256,nm,2.0036797523498535,1.5728107779593938,9.469470024108888,-0.1013177358001026,3.166222178932286,True,True,False,False,True,,006fe9370b8ac4f1f075b2c64a832ae4ff763d965f5b8f701fb0369be7f253de,"{""256"": ""outputs/rheed_video_afm_story/variants/afm_second_order_y2_v1/afm_bank/second_order_unit_shape_maps/6047__N6047_1um_013_unit_shape_256.npy""}","{""256"": ""outputs/rheed_video_afm_story/variants/afm_second_order_y2_v1/afm_bank/second_order_unit_shape_maps/6047__N6047_1um_013_centered_256.npy""}",{},2.003679777494786,1.572810778163996,9.469470191001893,6.62372624874115,14.846793174743652,-0.1013177358001026,3.166222178932286,117.25240437581766,152.9465482881245,15.75472919168379,87.4383594468866,316.2762258965873,31.37254901960784,27.45098039215686,35.29411764705882,1.2857142857142856,0.9961905460324264,-4.973770633418063,-3.277937010008792,-1.284131452519397,-0.0109503148905435,1.282053872864743,3.345789238732358,4.495699557583829,0.9994530343269404,0.0005063045367565,4.0661136303027624e-05,-3.991630073151144,0.9999990611551683,0.784960410678785,4.726035487651824,3.3057776987552643,7.409756898880005,-0.1013177292501567,3.166222198015146,58.51847961122179,76.33275850635538,7.862894683458006,43.638845546631885,157.84754391885872,31.37254901960784,27.45098039215686,35.29411764705882,1.2857142857142856,0.9961905460658388,-2.4823158316239686,-1.635956948243079,-0.6408859692439409,-0.0054651082884492,0.6398490913286833,1.6698207505121854,2.243719656027856,0.999453034323941,0.0005063045384961,4.066113756293474e-05,-3.991630059591507,,,,,,,,,,,,,,,,,,,,,,
6048,6048,data/pair/6048/AFM/N6048_1um.026,N6048_1um_026,data/afm_second_order/6048/N6048_1um_026/N6048_1um_026_height.npy,data/afm_second_order/6048/N6048_1um_026/N6048_1um_026_height.npy,1.0,1.0,256,256,nm,2.0924370288848877,1.6752380227162904,9.540294647216797,0.0825914042610917,2.809256990329865,True,True,False,True,True,,d1a86ca216bfb3e01150c6a2234c53a5407be58e2e2d02845db90b7d9d38eabb,"{""256"": ""outputs/rheed_video_afm_story/variants/afm_second_order_y2_v1/afm_bank/second_order_unit_shape_maps/6048__N6048_1um_026_unit_shape_256.npy""}","{""256"": ""outputs/rheed_video_afm_story/variants/afm_second_order_y2_v1/afm_bank/second_order_unit_shape_maps/6048__N6048_1um_026_centered_256.npy""}",{},2.0924370105933594,1.6752380217902003,9.540294885635376,7.041414439678192,13.816611289978027,0.0825914042610917,2.809256990329865,105.102000394943,137.23192231222623,12.422016857812284,81.6886763545446,274.27723666313,39.2156862745098,43.13725490196078,35.29411764705882,1.2222222222222223,0.9954739835239644,-4.774570006030574,-3.387325805324093,-1.405887257951275,-0.1109354763207587,1.384253639084324,3.6540886343540993,4.765724879604803,0.9995360960929824,0.0004325167050936,3.1387201923801474e-05,-4.0286107334161905,0.999999060318067,0.8006149955689499,4.559413456916809,3.3651708364486694,6.603113174438477,0.0825914270988112,2.8092569917211563,50.22942181123717,65.58467101539382,5.936622070823079,39.03992919749171,131.0801398012369,39.2156862745098,43.13725490196078,35.29411764705882,1.2222222222222223,0.9954739835321976,-2.281820307440176,-1.618840972847357,-0.6718892706102277,-0.0530173209971333,0.6615503477388476,1.7463298636013125,2.2775931494766333,0.9995360960954072,0.0004325167022432,3.1387202349538976e-05,-4.0286107243171685,,,,,,,,,,,,,,,,,,,,,,
6048,6048,data/pair/6048/AFM/N6048_1um.027,N6048_1um_027,data/afm_second_order/6048/N6048_1um_027/N6048_1um_027_height.npy,data/afm_second_order/6048/N6048_1um_027/N6048_1um_027_height.npy,1.0,1.0,256,256,nm,1.868177890777588,1.4679420053674552,8.942961692810059,-0.2235674183544004,3.333488793420913,True,True,False,False,True,,4ac8d590d689e69b3a9aa800f66006a0ab5642eeecd6e7d1b7a398a65ab247a2,"{""256"": ""outputs/rheed_video_afm_story/variants/afm_second_order_y2_v1/afm_bank/second_order_unit_shape_maps/6048__N6048_1um_027_unit_shape_256.npy""}","{""256"": ""outputs/rheed_video_afm_story/variants/afm_second_order_y2_v1/afm_bank/second_order_unit_shape_maps/6048__N6048_1um_027_centered_256.npy""}",{},1.8681778186631184,1.467942005356391,8.942961716651919,6.065559208393097,14.683837413787842,-0.2235674183544004,3.333488793420913,102.25424666875294,133.4427270463072,14.73763588475962,78.30765422487829,270.75239093720904,35.29411764705882,31.37254901960784,39.2156862745098,1.25,0.9974539993243638,-4.924944216876804,-3.1483978578146083,-1.1742601343687162,0.0525134815577879,1.2530033639375582,2.917161350578489,4.018017499775115,0.9995236234032994,0.0004419021793371,3.4474417363597386e-05,-4.027716736209154,0.9999989751762473,0.7857605879386689,4.786992359161378,3.246774911880493,7.859970331192017,-0.2235673580526258,3.33348877542094,54.73469413566053,71.42927625640021,7.8887662591243055,41.91655715366197,144.92844713378025,35.29411764705882,31.37254901960784,39.2156862745098,1.25,0.997453999281204,-2.6362261723268197,-1.6852755914914777,-0.6285583894241024,0.0281094158527087,0.6707082022440266,1.5614993203890155,2.150766186834558,0.9995236234060444,0.0004419021770116,3.447441694406262e-05,-4.027716742058728,,,,,,,,,,,,,,,,,,,,,,
6056,6056,data/pair/6056/AFM/GdSb_N6056_ctr.004,GdSb_N6056_ctr_004,data/afm_second_order/6056/GdSb_N6056_ctr_004/GdSb_N6056_ctr_004_height.npy,data/afm_second_order/6056/GdSb_N6056_ctr_004/GdSb_N6056_ctr_004_height.npy,1.0,1.0,256,256,nm,3.104475975036621,2.425853198951327,15.117753982543944,-0.0397390120310146,3.4190433511438036,True,True,False,False,True,,db5bd1665a99ee57af92258acabea091964101363191cd5d03114d34ad2d5bdb,"{""256"": ""outputs/rheed_video_afm_story/variants/afm_second_order_y2_v1/afm_bank/second_order_unit_shape_maps/6056__GdSb_N6056_ctr_004_unit_shape_256.npy""}","{""256"": ""outputs/rheed_video_afm_story/variants/afm_second_order_y2_v1/afm_bank/second_order_unit_shape_maps/6056__GdSb_N6056_ctr_004_centered_256.npy""}",{},3.1044760430849743,2.425853197822509,15.117753601074218,10.182111144065855,27.595623016357425,-0.0397390120310146,3.4190433511438036,170.37069656571973,237.19621760591397,12.885744915570518,116.44968429917532,506.50081371667653,31.37254901960784,35.29411764705882,31.37254901960784,1.125,0.9945341895792588,-7.662000296150921,-5.248322746788738,-1.9779055631511195,0.10219589706731,2.0106247448570747,4.933788397277119,7.455753304923298,0.9990298672307972,0.0008638083382253,0.0001063244309775,-3.557335181262262,0.9999990003971764,0.7814042498513587,4.869658744335174,3.2798129618167877,8.888970136642456,-0.039739063129218,3.4190433512529976,54.87899551508136,76.40451352598437,4.150699411472421,37.51021673094667,163.15163304287907,31.37254901960784,35.29411764705882,31.37254901960784,1.125,0.9945341896433426,-2.468047059361927,-1.6905646808791084,-0.6371134557175561,0.0329188760024385,0.6476528010916786,1.5892482809376791,2.401611684973248,0.9990298672243656,0.000863808344768,0.0001063244308661,-3.557335186251946,,,,,,,,,,,,,,,,,,,,,,
6056,6056,data/pair/6056/AFM/GdSb_N6056_ctr.005,GdSb_N6056_ctr_005,data/afm_second_order/6056/GdSb_N6056_ctr_005/GdSb_N6056_ctr_005_height.npy,data/afm_second_order/6056/GdSb_N6056_ctr_005/GdSb_N6056_ctr_005_height.npy,1.0,1.0,256,256,nm,2.7786154747009277,2.20579059767128,13.281603813171388,-0.0618519964342218,3.278184326835319,True,True,False,False,True,,9a2eba2243080111ece9bc3ec0e14681889a0370c720d384cc51ad40370c9da9,"{""256"": ""outputs/rheed_video_afm_story/variants/afm_second_order_y2_v1/afm_bank/second_order_unit_shape_maps/6056__GdSb_N6056_ctr_005_unit_shape_256.npy""}","{""256"": ""outputs/rheed_video_afm_story/variants/afm_second_order_y2_v1/afm_bank/second_order_unit_shape_maps/6056__GdSb_N6056_ctr_005_centered_256.npy""}",{},2.778615402704673,2.2057905977238126,13.28160390853882,9.041548132896423,23.24315357208252,-0.0618519964342218,3.278184326835319,160.59313063234384,218.65357131517993,14.920501696580777,112.34245298548188,461.0259268777289,31.37254901960784,35.29411764705882,31.37254901960784,1.125,0.9945524820876644,-6.82777136165114,-4.5321557362696705,-1.8701276024004991,0.1614518399217547,1.796823100266737,4.509392396626753,6.45383254688768,0.9988925363957236,0.000944965815785,0.0001624977884909,-3.3586652949736187,0.9999990363112,0.7938444701177467,4.779931497573854,3.253973037004471,8.365004539489746,-0.0618519983421839,3.2781843151199017,57.79604312644535,78.69148072935381,5.369759734658385,40.43105187719855,165.91913455327088,31.37254901960784,35.29411764705882,31.37254901960784,1.125,0.9945524821477092,-2.4572543693074307,-1.6310826492795072,-0.6730423373469434,0.0581050934902109,0.6466607349625506,1.6228903877249636,2.3226771282664225,0.9988925364049542,0.0009449658091689,0.0001624977858766,-3.358665304677259,,,,,,,,,,,,,,,,,,,,,,
6056,6056,data/pair/6056/AFM/GdSb_N6056_ctr.006,GdSb_N6056_ctr_006,data/afm_second_order/6056/GdSb_N6056_ctr_006/GdSb_N6056_ctr_006_height.npy,data/afm_second_order/6056/GdSb_N6056_ctr_006/GdSb_N6056_ctr_006_height.npy,1.0,1.0,256,256,nm,2.873220205307007,2.2420162706200717,13.90867042541504,0.0421553871198028,3.4356648868954256,True,True,False,False,True,,1d3b113ee07bfd4ae192f26ac52eddf22da989b59d8fabcb86cd264b7782f5ea,"{""256"": ""outputs/rheed_video_afm_story/variants/afm_second_order_y2_v1/afm_bank/second_order_unit_shape_maps/6056__GdSb_N6056_ctr_006_unit_shape_256.npy""}","{""256"": ""outputs/rheed_video_afm_story/variants/afm_second_order_y2_v1/afm_bank/second_order_unit_shape_maps/6056__GdSb_N6056_ctr_006_centered_256.npy""}",{},2.87322020639579,2.2420162697868076,13.908670806884768,9.563437342643738,26.25381565093994,0.0421553871198028,3.4356648868954256,158.32135948616266,214.67377089622843,14.537636492466197,113.46361507348917,448.1983809442603,31.37254901960784,35.29411764705882,35.29411764705882,1.0,0.995830146231822,-6.777273311435786,-4.75900789719781,-1.8529401682015323,0.0525610708002184,1.832268897474203,4.804429445445928,7.131397495448981,0.9990371466532127,0.0008564543965758,0.0001063989502113,-3.5293898955969674,0.9999990742932264,0.7803140837809251,4.840790820121766,3.328470468521118,9.137410640716553,0.0421553661907345,3.435664918616042,55.102359732779114,74.71532193763024,5.059696619662461,39.49001372330213,155.99151255100728,31.37254901960784,35.29411764705882,35.29411764705882,1.0,0.9958301462234886,-2.3587705459465793,-1.656330969559174,-0.6448996182551197,0.0182934194783159,0.6377051059136578,1.6721394989619442,2.4820202741751864,0.999037146638321,0.0008564544045659,0.0001063989571131,-3.529389863895408,,,,,,,,,,,,,,,,,,,,,,
6056,6056,data/pair/6056/AFM/GdSb_N6056_ctr.009,GdSb_N6056_ctr_009,data/afm_second_order/6056/GdSb_N6056_ctr_009/GdSb_N6056_ctr_009_height.npy,data/afm_second_order/6056/GdSb_N6056_ctr_009/GdSb_N6056_ctr_009_height.npy,1.0,1.0,256,256,nm,2.7708516120910645,2.1799530839909305,13.214277267456056,-0.2173284758632526,3.342106573073005,True,True,False,False,True,,890a1aac19535649a4ac5b2a6da9fad26ec97f0e908a9ebc0fa42d647e024dab,"{""256"": ""outputs/rheed_video_afm_story/variants/afm_second_order_y2_v1/afm_bank/second_order_unit_shape_maps/6056__GdSb_N6056_ctr_009_unit_shape_256.npy""}","{""256"": ""outputs/rheed_video_afm_story/variants/afm_second_order_y2_v1/afm_bank/second_order_unit_shape_maps/6056__GdSb_N6056_ctr_009_centered_256.npy""}",{},2.770851664392199,2.1799530838726673,13.21427681446076,9.026315331459044,24.53932285308838,-0.2173284758632526,3.342106573073005,156.5158216781332,211.4950268740554,13.748866243413053,111.43993004939378,440.1538002013113,31.37254901960784,35.29411764705882,35.29411764705882,1.0,0.9951025025666655,-6.903618343263157,-4.798712594895847,-1.736669375091083,0.1532764150805399,1.83629663428735,4.227602736563198,6.310658471197603,0.9990791877011396,0.0008058559079115,0.0001149563909488,-3.500951745087793,0.9999990799282064,0.7867440561615614,4.7690265059471155,3.2575928270816803,8.856230020523071,-0.2173284888269193,3.3421066027341073,56.48648742721434,76.32845712667653,4.961961412635901,40.21861658680207,158.851307052906,31.37254901960784,35.29411764705882,35.29411764705882,1.0,0.9951014129571202,-2.491512721097144,-1.7318530612346257,-0.6267632030603015,0.0553173843118823,0.6627186007145321,1.5257397658470548,2.277513784849971,0.9990791876960128,0.0008058559131455,0.000114956390842,-3.500951746578727,,,,,,,,,,,,,,,,,,,,,,
6056,6056,data/pair/6056/AFM/GdSb_N6056_ctr.010,GdSb_N6056_ctr_010,data/afm_second_order/6056/GdSb_N6056_ctr_010/GdSb_N6056_ctr_010_height.npy,data/afm_second_order/6056/GdSb_N6056_ctr_010/GdSb_N6056_ctr_010_height.npy,1.0,1.0,256,256,nm,2.8827075958251953,2.2270601904686567,13.964219093322754,-0.2522097776050701,3.5426927779156654,True,True,False,False,True,,3b044660a96f83d9f329f55d8f7c965c561196bade3e0f5879150e3093671097,"{""256"": ""outputs/rheed_video_afm_story/variants/afm_second_order_y2_v1/afm_bank/second_order_unit_shape_maps/6056__GdSb_N6056_ctr_010_unit_shape_256.npy""}","{""256"": ""outputs/rheed_video_afm_story/variants/afm_second_order_y2_v1/afm_bank/second_order_unit_shape_maps/6056__GdSb_N6056_ctr_010_centered_256.npy""}",{},2.8827075947288616,2.22706018706017,13.964219188690189,9.515409111976624,25.831114768981937,-0.2522097776050701,3.5426927779156654,162.415178382218,223.23876847123776,11.296584144857665,114.09003644564211,467.444475448492,31.37254901960784,31.37254901960784,31.37254901960784,1.0,0.994596359924141,-7.56731820729442,-4.9855948510474715,-1.693589848548845,0.1021046591096366,1.8529602763348068,4.529814260929152,6.396900981395769,0.9990858437893668,0.0008076698423754,0.0001064863682578,-3.541641535406278,0.999999076517928,0.7725577621942901,4.8441284060478225,3.3008550703525543,8.96070408821106,-0.2522098325996212,3.5426927920401887,56.34113874899284,77.44058526104187,3.9187365270065393,39.57733460693406,162.15453525438073,31.37254901960784,31.37254901960784,31.37254901960784,1.0,0.9945963599996048,-2.625070632246324,-1.7294817574294297,-0.5874991573365418,0.0354196738479646,0.642784088107756,1.5713733129231249,2.219057773801498,0.9990858437898588,0.0008076698431366,0.0001064863670044,-3.541641549526443,,,,,,,,,,,,,,,,,,,,,,
6056,6056,data/pair/6056/AFM/GdSb_N6056_ctr.011,GdSb_N6056_ctr_011,data/afm_second_order/6056/GdSb_N6056_ctr_011/GdSb_N6056_ctr_011_height.npy,data/afm_second_order/6056/GdSb_N6056_ctr_011/GdSb_N6056_ctr_011_height.npy,1.0,1.0,256,256,nm,3.0759005546569824,2.403627412745669,14.15895652770996,-0.1163483893542364,3.052000960310749,True,True,False,False,True,,f33183324bd0e5e63f8351ac68615ad163243d6b1c163831ae8d93db184f865c,"{""256"": ""outputs/rheed_video_afm_story/variants/afm_second_order_y2_v1/afm_bank/second_order_unit_shape_maps/6056__GdSb_N6056_ctr_011_unit_shape_256.npy""}","{""256"": ""outputs/rheed_video_afm_story/variants/afm_second_order_y2_v1/afm_bank/second_order_unit_shape_maps/6056__GdSb_N6056_ctr_011_centered_256.npy""}",{},3.075900480739477,2.4036274138023397,14.158957147598269,10.551468014717102,24.37965679168701,-0.1163483893542364,3.052000960310749,164.2519250726079,224.88582016345637,13.167318613472515,113.56056299685208,475.5021839032216,35.29411764705882,35.29411764705882,31.37254901960784,1.125,0.9941345660580808,-7.253499134745377,-5.348856290545243,-1.8769158923289953,0.0957242755927862,1.9738886452057185,5.2026117241718595,6.905458012852891,0.9990280434642378,0.0008664389603669,0.0001055175753952,-3.545101380839851,0.9999990709195914,0.7814378895714603,4.603186535835266,3.4303639829158783,7.926015377044678,-0.1163483120693178,3.052000956209685,53.39957283453158,73.11212142831955,4.280796582151028,36.9194241834054,154.58944231629283,35.29411764705882,35.29411764705882,31.37254901960784,1.125,0.9941345659677092,-2.3581687063355847,-1.7389545709271834,-0.6101999253411696,0.0311206776271654,0.641726496777971,1.6914094119886949,2.245017829499681,0.999028043474765,0.0008664389505208,0.0001055175747139,-3.5451013773916222,,,,,,,,,,,,,,,,,,,,,,
6056,6056,data/pair/6056/AFM/GdSb_N6056_ctr.012,GdSb_N6056_ctr_012,data/afm_second_order/6056/GdSb_N6056_ctr_012/GdSb_N6056_ctr_012_height.npy,data/afm_second_order/6056/GdSb_N6056_ctr_012/GdSb_N6056_ctr_012_height.npy,1.0,1.0,256,256,nm,2.6061594486236572,2.0209274324613133,12.94644260406494,-0.1131301236128191,3.3390680294397828,True,True,False,False,True,,36e1e4dae0084cfad9b7d1b463656cb28e2b327b3629aa72c85e9b3c7d0e35ae,"{""256"": ""outputs/rheed_video_afm_story/variants/afm_second_order_y2_v1/afm_bank/second_order_unit_shape_maps/6056__GdSb_N6056_ctr_012_unit_shape_256.npy""}","{""256"": ""outputs/rheed_video_afm_story/variants/afm_second_order_y2_v1/afm_bank/second_order_unit_shape_maps/6056__GdSb_N6056_ctr_012_centered_256.npy""}",{},2.60615941138017,2.0209274339957393,12.946442246437076,8.709071040153503,17.90458631515503,-0.1131301236128191,3.3390680294397828,149.00444584622122,202.39302497719825,12.47532900528422,100.98070165308384,430.7713163827169,31.37254901960784,31.37254901960784,31.37254901960784,1.0,0.9943007711174012,-6.567021830396727,-4.4246662929821765,-1.5843761339951308,0.0463362233545629,1.6315081342887132,4.284404747171327,6.379420416040348,0.9989887326816184,0.0008902631057199,0.0001210042126618,-3.512061874165006,0.9999990235435826,0.7754419980648724,4.967627751827241,3.341722935438156,6.870097398757935,-0.1131300773768838,3.339068015437737,57.173900949946805,77.65941931888527,4.786850782244024,38.74689918712539,165.28954455810552,31.37254901960784,31.37254901960784,31.37254901960784,1.0,0.9943007710839614,-2.519805783652241,-1.6977710372437786,-0.6079346335162472,0.0177794943894196,0.6260194980869938,1.6439518981943777,2.4478219681749995,0.9989887326922324,0.000890263096803,0.0001210042109645,-3.512061880093378,,,,,,,,,,,,,,,,,,,,,,
6056,6056,data/pair/6056/AFM/GdSb_N6056_ctr.013,GdSb_N6056_ctr_013,data/afm_second_order/6056/GdSb_N6056_ctr_013/GdSb_N6056_ctr_013_height.npy,data/afm_second_order/6056/GdSb_N6056_ctr_013/GdSb_N6056_ctr_013_height.npy,1.0,1.0,256,256,nm,2.825535535812378,2.2517817722123192,13.659181594848633,-0.1166853288160048,3.0620313043978373,True,True,False,True,True,,831d97ddea9c40fac9ce52b78ec5f7555d2fae231db5647251110c4004c1d8f1,"{""256"": ""outputs/rheed_video_afm_story/variants/afm_second_order_y2_v1/afm_bank/second_order_unit_shape_maps/6056__GdSb_N6056_ctr_013_unit_shape_256.npy""}","{""256"": ""outputs/rheed_video_afm_story/variants/afm_second_order_y2_v1/afm_bank/second_order_unit_shape_maps/6056__GdSb_N6056_ctr_013_centered_256.npy""}",{},2.8255355236416504,2.25178176882205,13.6591817855835,9.195876359939575,19.74721336364746,-0.1166853288160048,3.0620313043978373,162.0146529397894,215.6042827829436,16.642687073535996,116.5644542780473,448.7067060804609,31.37254901960784,35.29411764705882,31.37254901960784,1.125,0.9928401509056984,-6.947719702600643,-4.815590391039058,-1.8593430315248216,0.040202995658711,1.9687119628198897,4.380285968900517,6.711462082982856,0.999179917056101,0.0007226933317649,9.738961213395672e-05,-3.566786536194545,0.9999990654226204,0.7969390735339784,4.834187674522401,3.2545573711395264,6.988832473754883,-0.1166854357015429,3.062031318535382,57.339396749091506,76.30556460516289,5.890092272456002,41.25389125039433,158.8039907000671,31.37254901960784,35.29411764705882,31.37254901960784,1.125,0.9928401509781624,-2.458901445326789,-1.704309068379386,-0.6580491436099843,0.0142284541005058,0.6967564600134059,1.5502483027601404,2.375286229195612,0.999179917035346,0.0007226933499997,9.73896146541526e-05,-3.5667865303455697,,,,,,,,,,,,,,,,,,,,,,
6056,6056,data/pair/6056/AFM/GdSb_N6056_ctr - Copy.004,GdSb_N6056_ctr_Copy_004,data/afm_second_order/6056/GdSb_N6056_ctr_Copy_004/GdSb_N6056_ctr_Copy_004_height.npy,data/afm_second_order/6056/GdSb_N6056_ctr_Copy_004/GdSb_N6056_ctr_Copy_004_height.npy,1.0,1.0,256,256,nm,3.104475975036621,2.425853198951327,15.117753982543944,-0.0397390120310146,3.4190433511438036,True,True,False,False,True,,db5bd1665a99ee57af92258acabea091964101363191cd5d03114d34ad2d5bdb,"{""256"": ""outputs/rheed_video_afm_story/variants/afm_second_order_y2_v1/afm_bank/second_order_unit_shape_maps/6056__GdSb_N6056_ctr_Copy_004_unit_shape_256.npy""}","{""256"": ""outputs/rheed_video_afm_story/variants/afm_second_order_y2_v1/afm_bank/second_order_unit_shape_maps/6056__GdSb_N6056_ctr_Copy_004_centered_256.npy""}",{},3.1044760430849743,2.425853197822509,15.117753601074218,10.182111144065855,27.595623016357425,-0.0397390120310146,3.4190433511438036,170.37069656571973,237.19621760591397,12.885744915570518,116.44968429917532,506.50081371667653,31.37254901960784,35.29411764705882,31.37254901960784,1.125,0.9945341895792588,-7.662000296150921,-5.248322746788738,-1.9779055631511195,0.10219589706731,2.0106247448570747,4.933788397277119,7.455753304923298,0.9990298672307972,0.0008638083382253,0.0001063244309775,-3.557335181262262,0.9999990003971764,0.7814042498513587,4.869658744335174,3.2798129618167877,8.888970136642456,-0.039739063129218,3.4190433512529976,54.87899551508136,76.40451352598437,4.150699411472421,37.51021673094667,163.15163304287907,31.37254901960784,35.29411764705882,31.37254901960784,1.125,0.9945341896433426,-2.468047059361927,-1.6905646808791084,-0.6371134557175561,0.0329188760024385,0.6476528010916786,1.5892482809376791,2.401611684973248,0.9990298672243656,0.000863808344768,0.0001063244308661,-3.557335186251946,,,,,,,,,,,,,,,,,,,,,,
6056,6056,data/pair/6056/AFM/GdSb_N6056_ctr - Copy.005,GdSb_N6056_ctr_Copy_005,data/afm_second_order/6056/GdSb_N6056_ctr_Copy_005/GdSb_N6056_ctr_Copy_005_height.npy,data/afm_second_order/6056/GdSb_N6056_ctr_Copy_005/GdSb_N6056_ctr_Copy_005_height.npy,1.0,1.0,256,256,nm,2.7786154747009277,2.20579059767128,13.281603813171388,-0.0618519964342218,3.278184326835319,True,True,False,False,True,,9a2eba2243080111ece9bc3ec0e14681889a0370c720d384cc51ad40370c9da9,"{""256"": ""outputs/rheed_video_afm_story/variants/afm_second_order_y2_v1/afm_bank/second_order_unit_shape_maps/6056__GdSb_N6056_ctr_Copy_005_unit_shape_256.npy""}","{""256"": ""outputs/rheed_video_afm_story/variants/afm_second_order_y2_v1/afm_bank/second_order_unit_shape_maps/6056__GdSb_N6056_ctr_Copy_005_centered_256.npy""}",{},2.778615402704673,2.2057905977238126,13.28160390853882,9.041548132896423,23.24315357208252,-0.0618519964342218,3.278184326835319,160.59313063234384,218.65357131517993,14.920501696580777,112.34245298548188,461.0259268777289,31.37254901960784,35.29411764705882,31.37254901960784,1.125,0.9945524820876644,-6.82777136165114,-4.5321557362696705,-1.8701276024004991,0.1614518399217547,1.796823100266737,4.509392396626753,6.45383254688768,0.9988925363957236,0.000944965815785,0.0001624977884909,-3.3586652949736187,0.9999990363112,0.7938444701177467,4.779931497573854,3.253973037004471,8.365004539489746,-0.0618519983421839,3.2781843151199017,57.79604312644535,78.69148072935381,5.369759734658385,40.43105187719855,165.91913455327088,31.37254901960784,35.29411764705882,31.37254901960784,1.125,0.9945524821477092,-2.4572543693074307,-1.6310826492795072,-0.6730423373469434,0.0581050934902109,0.6466607349625506,1.6228903877249636,2.3226771282664225,0.9988925364049542,0.0009449658091689,0.0001624977858766,-3.358665304677259,,,,,,,,,,,,,,,,,,,,,,
6056,6056,data/pair/6056/AFM/GdSb_N6056_ctr - Copy.006,GdSb_N6056_ctr_Copy_006,data/afm_second_order/6056/GdSb_N6056_ctr_Copy_006/GdSb_N6056_ctr_Copy_006_height.npy,data/afm_second_order/6056/GdSb_N6056_ctr_Copy_006/GdSb_N6056_ctr_Copy_006_height.npy,1.0,1.0,256,256,nm,2.873220205307007,2.2420162706200717,13.90867042541504,0.0421553871198028,3.4356648868954256,True,True,False,False,True,,1d3b113ee07bfd4ae192f26ac52eddf22da989b59d8fabcb86cd264b7782f5ea,"{""256"": ""outputs/rheed_video_afm_story/variants/afm_second_order_y2_v1/afm_bank/second_order_unit_shape_maps/6056__GdSb_N6056_ctr_Copy_006_unit_shape_256.npy""}","{""256"": ""outputs/rheed_video_afm_story/variants/afm_second_order_y2_v1/afm_bank/second_order_unit_shape_maps/6056__GdSb_N6056_ctr_Copy_006_centered_256.npy""}",{},2.87322020639579,2.2420162697868076,13.908670806884768,9.563437342643738,26.25381565093994,0.0421553871198028,3.4356648868954256,158.32135948616266,214.67377089622843,14.537636492466197,113.46361507348917,448.1983809442603,31.37254901960784,35.29411764705882,35.29411764705882,1.0,0.995830146231822,-6.777273311435786,-4.75900789719781,-1.8529401682015323,0.0525610708002184,1.832268897474203,4.804429445445928,7.131397495448981,0.9990371466532127,0.0008564543965758,0.0001063989502113,-3.5293898955969674,0.9999990742932264,0.7803140837809251,4.840790820121766,3.328470468521118,9.137410640716553,0.0421553661907345,3.435664918616042,55.102359732779114,74.71532193763024,5.059696619662461,39.49001372330213,155.99151255100728,31.37254901960784,35.29411764705882,35.29411764705882,1.0,0.9958301462234886,-2.3587705459465793,-1.656330969559174,-0.6448996182551197,0.0182934194783159,0.6377051059136578,1.6721394989619442,2.4820202741751864,0.999037146638321,0.0008564544045659,0.0001063989571131,-3.529389863895408,,,,,,,,,,,,,,,,,,,,,,
6056,6056,data/pair/6056/AFM/GdSb_N6056_edge.003,GdSb_N6056_edge_003,data/afm_second_order/6056/GdSb_N6056_edge_003/GdSb_N6056_edge_003_height.npy,data/afm_second_order/6056/GdSb_N6056_edge_003/GdSb_N6056_edge_003_height.npy,1.0,1.0,256,256,nm,2.8898375034332275,2.265827144774273,14.402605056762695,-0.0509487564206334,3.3254415951373333,True,True,False,False,True,,3d69c0f403284650fd43fecffadc2ded317472740a5f4a9cc72ea9530eddeb2b,"{""256"": ""outputs/rheed_video_afm_story/variants/afm_second_order_y2_v1/afm_bank/second_order_unit_shape_maps/6056__GdSb_N6056_edge_003_unit_shape_256.npy""}","{""256"": ""outputs/rheed_video_afm_story/variants/afm_second_order_y2_v1/afm_bank/second_order_unit_shape_maps/6056__GdSb_N6056_edge_003_centered_256.npy""}",{},2.8898375298409062,2.2658271461798005,14.402604365348816,9.662723064422607,24.51298999786377,-0.0509487564206334,3.3254415951373333,165.39081388022996,233.0586045173788,16.808524667175355,112.12787612696786,492.08435779874947,31.37254901960784,35.29411764705882,31.37254901960784,1.125,0.993299088116118,-7.221368282837322,-4.768111818832805,-1.8454020557827255,-0.0153234213492772,1.8329741718345385,4.894611245589802,7.181236082511495,0.9989874225934712,0.0008923959042882,0.0001201815022406,-3.51681221806549,0.9999990824371972,0.7840665942024572,4.98387588262558,3.343687802553177,8.482473134994507,-0.0509487340864926,3.3254415299161346,57.231820248883515,80.64757532979523,5.816422785871819,38.800718587954634,170.28082364570943,31.37254901960784,35.29411764705882,31.37254901960784,1.125,0.9932990880807638,-2.4988815539216875,-1.6499569707250472,-0.6385827653741714,-0.0053025114050384,0.6342822171115998,1.6937308318281297,2.4849943287038925,0.9989874226041864,0.000892395894106,0.0001201815017072,-3.5168122176693255,,,,,,,,,,,,,,,,,,,,,,
6056,6056,data/pair/6056/AFM/GdSb_N6056_edge.008,GdSb_N6056_edge_008,data/afm_second_order/6056/GdSb_N6056_edge_008/GdSb_N6056_edge_008_height.npy,data/afm_second_order/6056/GdSb_N6056_edge_008/GdSb_N6056_edge_008_height.npy,1.0,1.0,256,256,nm,2.805818557739258,2.1901733009597812,14.041559219360352,-0.1536948010654389,3.457515354251402,True,True,False,False,True,,dda28013808e6f8556f0cab65d105b8c48c003341ef01fc0753afd8919150c04,"{""256"": ""outputs/rheed_video_afm_story/variants/afm_second_order_y2_v1/afm_bank/second_order_unit_shape_maps/6056__GdSb_N6056_edge_008_unit_shape_256.npy""}","{""256"": ""outputs/rheed_video_afm_story/variants/afm_second_order_y2_v1/afm_bank/second_order_unit_shape_maps/6056__GdSb_N6056_edge_008_centered_256.npy""}",{},2.8058185606605384,2.1901733047662955,14.0415596485138,9.305306911468506,23.67086696624756,-0.1536948010654389,3.457515354251402,155.6300819467811,215.62516367659725,12.8564667133247,104.88489377787717,457.2255366240198,31.37254901960784,35.29411764705882,31.37254901960784,1.125,0.9922225350647472,-7.164594793488003,-4.854887080360867,-1.7592993499531515,0.1135043678984869,1.844063538144611,4.450419831107639,6.876964855025796,0.9992140863387556,0.0006870081266922,9.890553455192042e-05,-3.5491781018580495,0.9999990638596824,0.78058192592278,5.004438734054567,3.316428959369659,8.436341762542725,-0.1536947467194044,3.4575153310700757,55.46685668276798,76.84921760407676,4.582065225859521,37.381172412093946,162.95605589740208,31.37254901960784,35.29411764705882,31.37254901960784,1.125,0.9922225350785836,-2.553475248058278,-1.7302908293799943,-0.6270176760749406,0.0404531739755086,0.657227710644763,1.586138129989665,2.450963485996289,0.999214086343398,0.0006870081231126,9.890553348957412e-05,-3.5491780989394632,,,,,,,,,,,,,,,,,,,,,,
6056,6056,data/pair/6056/AFM/N56 Ctr.000,N56_Ctr_000,data/afm_second_order/6056/N56_Ctr_000/N56_Ctr_000_height.npy,data/afm_second_order/6056/N56_Ctr_000/N56_Ctr_000_height.npy,1.0,1.0,256,256,nm,2.65861177444458,2.0825932537631555,12.818939208984377,-0.2851817012015333,3.2704278901175656,True,True,False,False,True,,90cfc7b25d02e2659a9550883a3bc64256b0e3fb7f3decda71c53ba69e62cd23,"{""256"": ""outputs/rheed_video_afm_story/variants/afm_second_order_y2_v1/afm_bank/second_order_unit_shape_maps/6056__N56_Ctr_000_unit_shape_256.npy""}","{""256"": ""outputs/rheed_video_afm_story/variants/afm_second_order_y2_v1/afm_bank/second_order_unit_shape_maps/6056__N56_Ctr_000_centered_256.npy""}",{},2.6586118137825436,2.082593250965192,12.8189398765564,8.984593391418457,19.95219898223877,-0.2851817012015333,3.2704278901175656,147.50640393598016,204.70196000051516,14.41269017727702,101.46270007981704,441.33908874434775,31.37254901960784,35.29411764705882,31.37254901960784,1.125,0.991622752237509,-6.910151846556606,-4.749598939566555,-1.6094248487042813,0.1218568713975521,1.7634596632433506,4.234994451851902,5.908788029999793,0.9992151804150172,0.0007402377038366,4.45818811460229e-05,-4.061526569178961,0.9999990631836496,0.783337863868626,4.821662056446076,3.379427134990692,7.504735946655273,-0.2851817541633113,3.270427878394393,55.48243824151423,76.99573435863485,5.4211285986866224,38.163751943935814,166.00342356593387,31.37254901960784,35.29411764705882,31.37254901960784,1.125,0.9916241335106164,-2.599155617053663,-1.7864942255570044,-0.6053623112990011,0.0458347421930681,0.6633002457068812,1.5929329094336877,2.2225064393924137,0.9992151804164688,0.0007402377019697,4.458188156137325e-05,-4.061526560861763,,,,,,,,,,,,,,,,,,,,,,
6056,6056,data/pair/6056/AFM/N56 Ctr.001,N56_Ctr_001,data/afm_second_order/6056/N56_Ctr_001/N56_Ctr_001_height.npy,data/afm_second_order/6056/N56_Ctr_001/N56_Ctr_001_height.npy,1.0,1.0,256,256,nm,2.543483257293701,1.9939127693031764,12.149950981140137,-0.257241119613748,3.192649697876935,True,True,False,False,True,,d374ce414f2d428dc9f0bc89b988f82f14d94a54d57faf24bda98580088f2229,"{""256"": ""outputs/rheed_video_afm_story/variants/afm_second_order_y2_v1/afm_bank/second_order_unit_shape_maps/6056__N56_Ctr_001_unit_shape_256.npy""}","{""256"": ""outputs/rheed_video_afm_story/variants/afm_second_order_y2_v1/afm_bank/second_order_unit_shape_maps/6056__N56_Ctr_001_centered_256.npy""}",{},2.5434831703531233,1.9939127644091608,12.149950909614564,8.6043621301651,18.240918159484863,-0.257241119613748,3.192649697876935,155.4784594275734,204.8319590965865,20.292779358918697,114.8421686051542,425.728241974658,31.37254901960784,31.37254901960784,31.37254901960784,1.0,0.9958961368627204,-6.573198051306747,-4.519419450613998,-1.5407349954576717,0.1405492980747001,1.6453437317876594,4.084942679551102,5.576752858307817,0.9991880264903242,0.0007628255438095,4.9147965866440344e-05,-4.040781845990981,0.999998999945292,0.7839292160016234,4.7768900275230415,3.3829016387462616,7.171622037887573,-0.2572412268116018,3.192649745186977,61.12810421122299,80.53198784056706,7.978336911521934,45.15150582542185,167.3798429953112,31.37254901960784,31.37254901960784,31.37254901960784,1.0,0.9958961369238676,-2.5843269419382313,-1.7768605899522998,-0.6057572614858845,0.0552585452337763,0.646885429649522,1.6060410487939618,2.1925630855848097,0.9991880264771364,0.0007628255555162,4.914796734748432e-05,-4.040781841035466,,,,,,,,,,,,,,,,,,,,,,
6056,6056,data/pair/6056/AFM/N56 Ctr.002,N56_Ctr_002,data/afm_second_order/6056/N56_Ctr_002/N56_Ctr_002_height.npy,data/afm_second_order/6056/N56_Ctr_002/N56_Ctr_002_height.npy,1.0,1.0,512,512,nm,2.380086898803711,1.875064633910118,11.322532653808594,-0.2800175935096385,3.239964538323318,True,True,False,False,True,,67bd013d46e60245e963faee8f86580c95d7311546fcbc10cbcd4a1bb1d45d40,"{""256"": ""outputs/rheed_video_afm_story/variants/afm_second_order_y2_v1/afm_bank/second_order_unit_shape_maps/6056__N56_Ctr_002_unit_shape_256.npy""}","{""256"": ""outputs/rheed_video_afm_story/variants/afm_second_order_y2_v1/afm_bank/second_order_unit_shape_maps/6056__N56_Ctr_002_centered_256.npy""}",{},2.3800869658463895,1.875064638402156,11.322532372474672,7.85350968837737,19.005802631378177,-0.2800175935096385,3.239964538323318,158.64196200134614,213.37394418082815,20.773338078865105,111.60490112541468,450.00112104272114,29.354207436399214,27.3972602739726,31.31115459882583,1.1428571428571428,0.9945383081216558,-6.135733556547367,-4.107527842321598,-1.4874118290331004,0.1057329752061727,1.6243607380006673,3.7459818460557712,5.186798815927305,0.9998743785814488,0.000115008151632,1.0613266919270274e-05,-4.103842411607935,0.9999990287040804,0.7878127341321008,4.757188258171082,3.299670058488841,7.985332012176514,-0.2800175201089338,3.239964479098173,66.65378614312814,89.64955429056617,8.727962910783127,46.891054725845834,189.0690110319746,29.354207436399214,27.3972602739726,31.31115459882583,1.1428571428571428,0.9945383081019272,-2.577942599318039,-1.7257871391987911,-0.6249395551896207,0.0444239677125103,0.6824788806223757,1.57388291929005,2.1792456588530436,0.9998743785829406,0.0001150081501253,1.0613266933855216e-05,-4.103842401417008,,,,,,,,,,,,,,,,,,,,,,
6056,6056,data/pair/6056/AFM/N56 Ctr.003,N56_Ctr_003,data/afm_second_order/6056/N56_Ctr_003/N56_Ctr_003_height.npy,data/afm_second_order/6056/N56_Ctr_003/N56_Ctr_003_height.npy,1.0,1.0,512,512,nm,2.8304221630096436,2.2358108211290313,13.266603469848633,-0.2725399367051333,3.1209608492518823,True,True,False,False,True,,a50ab26ce2e52a58e317320fff5be106259756edbe77659ee2b0b7e01567deb9,"{""256"": ""outputs/rheed_video_afm_story/variants/afm_second_order_y2_v1/afm_bank/second_order_unit_shape_maps/6056__N56_Ctr_003_unit_shape_256.npy""}","{""256"": ""outputs/rheed_video_afm_story/variants/afm_second_order_y2_v1/afm_bank/second_order_unit_shape_maps/6056__N56_Ctr_003_centered_256.npy""}",{},2.8304221845440503,2.235810821413203,13.266603779792788,9.550219321250914,22.78931999206543,-0.2725399367051333,3.1209608492518823,187.89540109493865,247.58342942108453,25.51349870135311,137.8259016604482,516.6891609807574,29.354207436399214,27.3972602739726,31.31115459882583,1.1428571428571428,0.9954409523459434,-7.183687788200122,-5.082817569923144,-1.7602914309022244,0.1162181461336796,1.935758676576871,4.4674017513277695,6.082915991592666,0.9998898613502478,0.0001013942965223,8.744353229992771e-06,-4.174661205632197,0.9999989562058632,0.7899204932588207,4.687141647338868,3.37412896156311,8.051553726196289,-0.2725398946503309,3.1209608342632444,66.38416203265847,87.47216991385007,9.014035965156,48.694420663245445,182.54828180999365,29.354207436399214,27.3972602739726,31.31115459882583,1.1428571428571428,0.9954410391365526,-2.5380241230051737,-1.7957788398783423,-0.6219177147667627,0.0410603047985811,0.6839109161574621,1.578350121684767,2.149117524333694,0.9998898613511596,0.0001013942954839,8.744353356479869e-06,-4.174661178851665,,,,,,,,,,,,,,,,,,,,,,
6056,6056,data/pair/6056/AFM/N56 Edg.000,N56_Edg_000,data/afm_second_order/6056/N56_Edg_000/N56_Edg_000_height.npy,data/afm_second_order/6056/N56_Edg_000/N56_Edg_000_height.npy,1.0,1.0,256,256,nm,3.0762784481048584,2.441322834197636,14.87122917175293,0.1400368898437035,3.22173880350711,True,True,False,False,True,,e23adba9ad934f8cd27ebab14edb673ee6e75707d30a3fa6eed6e35cbd6b54fb,"{""256"": ""outputs/rheed_video_afm_story/variants/afm_second_order_y2_v1/afm_bank/second_order_unit_shape_maps/6056__N56_Edg_000_unit_shape_256.npy""}","{""256"": ""outputs/rheed_video_afm_story/variants/afm_second_order_y2_v1/afm_bank/second_order_unit_shape_maps/6056__N56_Edg_000_centered_256.npy""}",{},3.0762783633420585,2.4413228324229386,14.871229648590088,10.093478083610536,25.982908248901367,0.1400368898437035,3.22173880350711,167.2782455300329,226.34011883985687,16.282578223618646,122.70911256340884,473.93731037832663,31.37254901960784,35.29411764705882,35.29411764705882,1.0,0.9928906562207158,-6.974811991186485,-4.92821427199398,-2.0892585715964884,-0.0718676834121795,2.0507921376511007,5.165263811616555,7.896417657403604,0.9992248326568902,0.0007317787268285,4.338861628137201e-05,-4.1079889031293675,0.9999990695035867,0.7935954648938714,4.834158027172089,3.2810649275779724,8.446207523345947,0.1400368792301604,3.22173884750976,54.37677300946444,73.57588679039198,5.292940350832556,39.88878094771565,154.06176082084505,31.37254901960784,35.29411764705882,35.29411764705882,1.0,0.9928906561682128,-2.2672867978671793,-1.6020038987258678,-0.6791506821969754,-0.0233618703419572,0.6666465138336414,1.6790610288521046,2.566871229304909,0.999224832655502,0.0007317787288815,4.338861561652589e-05,-4.107988927416088,,,,,,,,,,,,,,,,,,,,,,
6056,6056,data/pair/6056/AFM/N56 Edg.001,N56_Edg_001,data/afm_second_order/6056/N56_Edg_001/N56_Edg_001_height.npy,data/afm_second_order/6056/N56_Edg_001/N56_Edg_001_height.npy,1.0,1.0,512,512,nm,2.788102388381958,2.2026738567640107,13.215133666992188,-0.1410292137668845,3.173038336277275,True,True,False,False,True,,da63a2fb18d5055d243386022d4803bc73a16fabcbe7b99fc7b14edf4e8561c5,"{""256"": ""outputs/rheed_video_afm_story/variants/afm_second_order_y2_v1/afm_bank/second_order_unit_shape_maps/6056__N56_Edg_001_unit_shape_256.npy""}","{""256"": ""outputs/rheed_video_afm_story/variants/afm_second_order_y2_v1/afm_bank/second_order_unit_shape_maps/6056__N56_Edg_001_centered_256.npy""}",{},2.78810245929714,2.202673853252484,13.215133309364324,9.3009850025177,23.728349685668945,-0.1410292137668845,3.173038336277275,170.24890401647858,234.433600474248,18.218567284214902,115.38822314034272,499.9399649788997,31.31115459882583,33.268101761252446,31.31115459882583,1.0625,0.989447569615064,-6.944179366467769,-4.7245188792927815,-1.7612313231213637,-0.036487049771721,1.8816788891570024,4.576466123224917,6.270953942896555,0.9998302567980116,0.0001573726471605,1.2370554827969907e-05,-4.125242949716328,0.9999989714949458,0.7900253374854256,4.7398257851600665,3.335951799154281,8.510564088821411,-0.1410291812683028,3.1730383824942203,61.062579541806926,84.08348044370399,6.5343876439656245,41.38589285700322,179.31172176255944,31.31115459882583,33.268101761252446,31.31115459882583,1.0625,0.989447569549068,-2.490644665374715,-1.6945266980075429,-0.6316946971559116,-0.0130866997272858,0.6748951595879009,1.6414251011467382,2.2491811197853515,0.99983025679939,0.0001573726461199,1.2370554490280802e-05,-4.125242962323973,,,,,,,,,,,,,,,,,,,,,,
6057,6057,data/pair/6057/AFM/GdSb_N6057_ctr.015,GdSb_N6057_ctr_015,data/afm_second_order/6057/GdSb_N6057_ctr_015/GdSb_N6057_ctr_015_height.npy,data/afm_second_order/6057/GdSb_N6057_ctr_015/GdSb_N6057_ctr_015_height.npy,1.0,1.0,256,256,nm,4.092562198638916,3.1390053065592975,19.43616104125977,-0.473986580657264,3.8609201369843538,True,True,False,False,True,,68d58ab31adbcfc47b1b23715b6958cb7d6b4e905cd55aac667710804f45fbac,"{""256"": ""outputs/rheed_video_afm_story/variants/afm_second_order_y2_v1/afm_bank/second_order_unit_shape_maps/6057__GdSb_N6057_ctr_015_unit_shape_256.npy""}","{""256"": ""outputs/rheed_video_afm_story/variants/afm_second_order_y2_v1/afm_bank/second_order_unit_shape_maps/6057__GdSb_N6057_ctr_015_centered_256.npy""}",{},4.0925623508285325,3.1390053207996846,19.436160755157474,13.358855605125427,32.13495063781738,-0.473986580657264,3.8609201369843538,206.14699718347444,282.79998812023024,12.54064896335997,144.84795795926362,596.3511232149324,35.29411764705882,35.29411764705882,35.29411764705882,1.0,0.9948655324857448,-11.175743344319988,-7.380218937886883,-2.3404944090973627,0.3498262913096656,2.6559817046988714,5.978636667238544,8.260417410837485,0.9994155446060972,0.0005259657383164,5.848965558625398e-05,-3.7523358737364703,0.9999989628143932,0.767001649846487,4.749137270450593,3.264175444841385,7.852028608322144,-0.473986498282886,3.860920038820916,50.371079266229685,69.1008879066479,3.064252485793574,35.39294159059727,145.71568936788282,35.29411764705882,35.29411764705882,35.29411764705882,1.0,0.9948655324155689,-2.7307417953584037,-1.8033228183362329,-0.5718891287419638,0.0854784657981553,0.648977029862658,1.4608526265051522,2.018395475092189,0.9994155446241184,0.0005259657214258,5.848965445561692e-05,-3.752335868522044,,,,,,,,,,,,,,,,,,,,,,
6057,6057,data/pair/6057/AFM/GdSb_N6057_ctr.016,GdSb_N6057_ctr_016,data/afm_second_order/6057/GdSb_N6057_ctr_016/GdSb_N6057_ctr_016_height.npy,data/afm_second_order/6057/GdSb_N6057_ctr_016/GdSb_N6057_ctr_016_height.npy,1.0,1.0,256,256,nm,4.665204048156738,3.6703612140030537,22.471107482910156,-0.2046305643912112,3.267920512972551,True,True,False,False,True,,47dc68e6bf823fbcc551146b3228e97dfda037e78b9d0ab7235ff18fb177b0c2,"{""256"": ""outputs/rheed_video_afm_story/variants/afm_second_order_y2_v1/afm_bank/second_order_unit_shape_maps/6057__GdSb_N6057_ctr_016_unit_shape_256.npy""}","{""256"": ""outputs/rheed_video_afm_story/variants/afm_second_order_y2_v1/afm_bank/second_order_unit_shape_maps/6057__GdSb_N6057_ctr_016_centered_256.npy""}",{},4.665204201069185,3.670361218511754,22.471108055114748,15.593887686729431,31.75760555267334,-0.2046305643912112,3.267920512972551,226.0474784708456,303.3260208248457,16.598085913487076,173.65332140559315,612.8400990748295,35.29411764705882,39.2156862745098,35.29411764705882,1.1111111111111112,0.9918968247391248,-11.692374591882524,-7.976125888879594,-2.9619603086069186,0.2820918332979123,3.045939869825546,7.617761797849837,10.778733463232223,0.9994471957940364,0.0005162557323805,3.654847358332969e-05,-4.15036888955853,0.9999989928455932,0.7867517399158505,4.816741943359375,3.342591553926468,6.807327747344971,-0.204630490946077,3.267920493789432,48.453881134385014,65.01874301579309,3.557825584007798,37.22305182081631,131.36391166985808,35.29411764705882,39.2156862745098,35.29411764705882,1.1111111111111112,0.9918968247603288,-2.5062915739244827,-1.709703838509978,-0.634904122037352,0.060467118340074,0.6529053542190185,1.63288771541649,2.310450369434893,0.99944719580256,0.0005162557251664,3.654847227347102e-05,-4.150368916397146,,,,,,,,,,,,,,,,,,,,,,
6057,6057,data/pair/6057/AFM/GdSb_N6057_ctr.017,GdSb_N6057_ctr_017,data/afm_second_order/6057/GdSb_N6057_ctr_017/GdSb_N6057_ctr_017_height.npy,data/afm_second_order/6057/GdSb_N6057_ctr_017/GdSb_N6057_ctr_017_height.npy,1.0,1.0,256,256,nm,4.494754791259766,3.480438882266058,22.57825088500977,-0.2746544614542728,3.70837255682396,True,True,False,False,True,,29f998f1239906319126c793afbeca4204b2e3cd95ecd0d996f40680ee0da2f6,"{""256"": ""outputs/rheed_video_afm_story/variants/afm_second_order_y2_v1/afm_bank/second_order_unit_shape_maps/6057__GdSb_N6057_ctr_017_unit_shape_256.npy""}","{""256"": ""outputs/rheed_video_afm_story/variants/afm_second_order_y2_v1/afm_bank/second_order_unit_shape_maps/6057__GdSb_N6057_ctr_017_centered_256.npy""}",{},4.494754883346586,3.4804388872451173,22.57825255393982,14.3856840133667,32.50043964385986,-0.2746544614542728,3.70837255682396,211.8524771496677,287.5111164651316,15.82636009132566,152.86251184104503,595.7070381531862,35.29411764705882,39.2156862745098,35.29411764705882,1.1111111111111112,0.9948702809822412,-12.024558611240236,-7.673083396282046,-2.79396125825867,0.3383720203973359,2.905180542144925,6.712600617084653,10.553693942699583,0.9994398361264868,0.0005051770530804,5.498682043287143e-05,-3.7504179308437138,0.9999989742605814,0.774332617332433,5.023239398002625,3.2005459368228912,7.230740785598755,-0.2746543947115049,3.7083726066756464,47.13321746620443,63.96585074262613,3.521069933045339,34.009062878963036,132.53369024813043,35.29411764705882,39.2156862745098,35.29411764705882,1.1111111111111112,0.9948702809524717,-2.675239584579825,-1.7071176566032162,-0.6216041840461485,0.075281431541086,0.6463483475300081,1.493428280219675,2.3479998134228,0.9994398361266678,0.0005051770530001,5.498682033209128e-05,-3.750417937634042,,,,,,,,,,,,,,,,,,,,,,
6057,6057,data/pair/6057/AFM/GdSb_N6057_ctr.020,GdSb_N6057_ctr_020,data/afm_second_order/6057/GdSb_N6057_ctr_020/GdSb_N6057_ctr_020_height.npy,data/afm_second_order/6057/GdSb_N6057_ctr_020/GdSb_N6057_ctr_020_height.npy,1.0,1.0,256,256,nm,4.432539463043213,3.390249298795218,22.19718360900879,-0.2298158788125695,3.855988440872086,True,True,False,False,True,,0d8e56d55a291b2141affe12f666b2585b44e34124baa30fadc463d1de194648,"{""256"": ""outputs/rheed_video_afm_story/variants/afm_second_order_y2_v1/afm_bank/second_order_unit_shape_maps/6057__GdSb_N6057_ctr_020_unit_shape_256.npy""}","{""256"": ""outputs/rheed_video_afm_story/variants/afm_second_order_y2_v1/afm_bank/second_order_unit_shape_maps/6057__GdSb_N6057_ctr_020_centered_256.npy""}",{},4.432539474185322,3.390249298582096,22.19718370437623,14.638675570487976,33.64804744720459,-0.2298158788125695,3.855988440872086,213.4803320236984,294.0158251407309,12.393205305589577,151.532717369558,603.7669507920252,35.29411764705882,35.29411764705882,35.29411764705882,1.0,0.9959108456751355,-11.802173996820398,-7.579975152864405,-2.5773562439822637,0.0817262097156561,2.8106394163227595,7.058700417623571,10.395009707555827,0.9994168458465524,0.0005300351273173,5.311902612999975e-05,-3.779288659128312,0.9999990737869782,0.7648541374097864,5.007775676250459,3.3025451600551605,7.591137647628784,-0.2298158475564758,3.855988499320608,48.16203786205657,66.33117509020214,2.7959526302392055,34.186402432286215,136.21231601682766,35.29411764705882,35.29411764705882,35.29411764705882,1.0,0.9959108456295548,-2.662618828022653,-1.7100734831930935,-0.5814621420742809,0.0184377524836123,0.6340917227624119,1.592471676862067,2.3451568482278065,0.9994168458501066,0.0005300351232368,5.311902665668987e-05,-3.77928866098188,,,,,,,,,,,,,,,,,,,,,,
6057,6057,data/pair/6057/AFM/GdSb_N6057_edge.014,GdSb_N6057_edge_014,data/afm_second_order/6057/GdSb_N6057_edge_014/GdSb_N6057_edge_014_height.npy,data/afm_second_order/6057/GdSb_N6057_edge_014/GdSb_N6057_edge_014_height.npy,1.0,1.0,256,256,nm,4.551929473876953,3.5816785943957052,20.93364906311035,-0.3366259651566377,3.190005468203543,True,True,False,True,True,,d5a484a8e41972245446aa2d37be656487435063855fa5680c136ffbd7877aec,"{""256"": ""outputs/rheed_video_afm_story/variants/afm_second_order_y2_v1/afm_bank/second_order_unit_shape_maps/6057__GdSb_N6057_edge_014_unit_shape_256.npy""}","{""256"": ""outputs/rheed_video_afm_story/variants/afm_second_order_y2_v1/afm_bank/second_order_unit_shape_maps/6057__GdSb_N6057_edge_014_centered_256.npy""}",{},4.551929442330778,3.581678593889604,20.93364906311035,15.374282121658323,32.007102966308594,-0.3366259651566377,3.190005468203543,215.58368455252815,287.9776118259495,15.409743074030684,162.29581341834285,587.5605564914958,35.29411764705882,39.2156862745098,35.29411764705882,1.1111111111111112,0.9950886828044349,-11.828174156211253,-8.045958560965891,-2.6593447747453407,0.0953584266082092,3.193977254368429,7.328323560692434,9.1054749068991,0.9992867088790152,0.0006557014539069,5.758966707799882e-05,-3.748197219017004,0.9999990694532112,0.7868477106027743,4.59884752035141,3.377527505159378,7.031539678573608,-0.3366259500624416,3.190005474660789,47.36090193021179,63.26489617188738,3.3853193961996384,35.654254128445615,129.07932742590845,35.29411764705882,39.2156862745098,35.29411764705882,1.1111111111111112,0.995088682775832,-2.598494449289601,-1.767591211231511,-0.5842231095154694,0.0209489844421931,0.7016748457829544,1.609936293927867,2.000353071061809,0.9992867088708124,0.0006557014617394,5.758966744796705e-05,-3.748197234111096,,,,,,,,,,,,,,,,,,,,,,
6057,6057,data/pair/6057/AFM/GdSb_N6057_edge.018,GdSb_N6057_edge_018,data/afm_second_order/6057/GdSb_N6057_edge_018/GdSb_N6057_edge_018_height.npy,data/afm_second_order/6057/GdSb_N6057_edge_018/GdSb_N6057_edge_018_height.npy,1.0,1.0,256,256,nm,4.963202953338623,3.754469540411688,26.363693237304688,-0.6194172991989989,4.1589482464629555,True,True,False,False,True,,082f56707edd51002c3adbd0aa3c6d215cecdb529c5d8b70056f413c773263c8,"{""256"": ""outputs/rheed_video_afm_story/variants/afm_second_order_y2_v1/afm_bank/second_order_unit_shape_maps/6057__GdSb_N6057_edge_018_unit_shape_256.npy""}","{""256"": ""outputs/rheed_video_afm_story/variants/afm_second_order_y2_v1/afm_bank/second_order_unit_shape_maps/6057__GdSb_N6057_edge_018_centered_256.npy""}",{},4.963202916419724,3.754469529385476,26.36369376182558,15.966930866241457,34.383843421936035,-0.6194172991989989,4.1589482464629555,236.328050968174,338.0707891493041,14.714467212025973,156.7487124859433,750.9363822192009,35.29411764705882,35.29411764705882,35.29411764705882,1.0,0.99626725864683,-15.680014456916902,-8.756880988288973,-2.592603673149202,0.3522870681096576,3.3122015102614424,7.210049877952483,10.683679304908678,0.999514857341686,0.0004341500540755,5.099260423849541e-05,-3.798768536638586,0.9999990905748448,0.756460328337659,5.31182614564896,3.2170589566230774,6.927746772766113,-0.6194173477132461,4.158948300635739,47.61599320274933,68.1153861745069,2.964704774528375,31.58214058695599,151.30062548815346,35.29411764705882,35.29411764705882,35.29411764705882,1.0,0.9962672586573096,-3.1592504088042324,-1.7643592301962914,-0.5223645810244621,0.070979731136745,0.6673509981276451,1.452699726426786,2.152575736844728,0.999514857336112,0.0004341500579876,5.09926059004223e-05,-3.798768520572125,,,,,,,,,,,,,,,,,,,,,,
6057,6057,data/pair/6057/AFM/GdSb_N6057_edge.019,GdSb_N6057_edge_019,data/afm_second_order/6057/GdSb_N6057_edge_019/GdSb_N6057_edge_019_height.npy,data/afm_second_order/6057/GdSb_N6057_edge_019/GdSb_N6057_edge_019_height.npy,1.0,1.0,256,256,nm,4.5974016189575195,3.6302775142296024,22.16629409790039,-0.4129863758135875,3.4457824748076793,True,True,False,False,True,,1741cd2b7511a3c41123f61ee7369cf78c68070a40cf27354cb5c46c54c3f47c,"{""256"": ""outputs/rheed_video_afm_story/variants/afm_second_order_y2_v1/afm_bank/second_order_unit_shape_maps/6057__GdSb_N6057_edge_019_unit_shape_256.npy""}","{""256"": ""outputs/rheed_video_afm_story/variants/afm_second_order_y2_v1/afm_bank/second_order_unit_shape_maps/6057__GdSb_N6057_edge_019_centered_256.npy""}",{},4.597401549263511,3.6302775237609817,22.16629405021668,14.930492520332336,31.22603225708008,-0.4129863758135875,3.4457824748076793,219.8329645012323,300.2751459042983,15.162473735940392,158.0063219882486,629.5684723931721,35.29411764705882,39.2156862745098,35.29411764705882,1.1111111111111112,0.9938787084051588,-12.5558699529583,-7.960070125382616,-2.846813492100908,0.2184768024867041,3.20761174746208,6.97042239494972,9.610424097258376,0.9995097191340302,0.0004426481892259,4.7632676743638315e-05,-3.7870615547142994,0.9999990579596189,0.7896360746753495,4.821478700637818,3.2475907504558563,6.7920982837677,-0.4129862808403487,3.445782382700107,47.81674047858813,65.31403811918759,3.2980460765314046,34.3685795573627,136.93993752025966,35.29411764705882,39.2156862745098,35.29411764705882,1.1111111111111112,0.9938787084174342,-2.731077069855695,-1.7314265140066205,-0.6192217238912638,0.0475217501898948,0.6977003745069448,1.516164236449236,2.0904016307821225,0.999509719141199,0.0004426481820461,4.76326767546863e-05,-3.787061550386644,,,,,,,,,,,,,,,,,,,,,,
6062,6062,data/pair/6062/AFM/N62 Ctr.000,N62_Ctr_000,data/afm_second_order/6062/N62_Ctr_000/N62_Ctr_000_height.npy,data/afm_second_order/6062/N62_Ctr_000/N62_Ctr_000_height.npy,1.0,1.0,256,256,nm,2.916065454483032,2.188694665581747,14.69427490234375,-0.9707288986742452,4.971356975609659,True,True,False,False,True,,522752cb9a215ebe675a3797e687a0302216a22ded12b682ac2302ffd35a35f7,"{""256"": ""outputs/rheed_video_afm_story/variants/afm_second_order_y2_v1/afm_bank/second_order_unit_shape_maps/6062__N62_Ctr_000_unit_shape_256.npy""}","{""256"": ""outputs/rheed_video_afm_story/variants/afm_second_order_y2_v1/afm_bank/second_order_unit_shape_maps/6062__N62_Ctr_000_centered_256.npy""}",{},2.916065493094503,2.1886946780229533,14.69427502155304,9.497314512729645,24.536598205566406,-0.9707288986742452,4.971356975609659,195.87589822029585,266.7081749643908,23.443810146852822,137.15177814246425,572.7938060474276,23.52941176470588,23.52941176470588,23.52941176470588,1.0,0.99521595296431,-9.112044713200843,-5.473742983044901,-1.422636410893717,0.3770681631548022,1.8810295549018,4.023571529684744,5.5822303083521945,0.9991951044635956,0.0007572613729104,4.763416349392406e-05,-4.130506863051298,0.9999989638645692,0.750563531713343,5.0390707731246955,3.256890058517456,8.414273977279663,-0.97072885614116,4.97135690274147,67.17122630634913,91.46155944391334,8.039523726763097,47.03311026347932,196.42672577657956,23.52941176470588,23.52941176470588,23.52941176470588,1.0,0.9952159528719566,-3.124770570186806,-1.8770968023817067,-0.4878610897938733,0.1293070461471553,0.6450566943605418,1.379793256135749,1.914300202937889,0.9991951044774384,0.0007572613598969,4.7634162664672136e-05,-4.130506857916126,,,,,,,,,,,,,,,,,,,,,,
6062,6062,data/pair/6062/AFM/N62 Ctr.001,N62_Ctr_001,data/afm_second_order/6062/N62_Ctr_001/N62_Ctr_001_height.npy,data/afm_second_order/6062/N62_Ctr_001/N62_Ctr_001_height.npy,1.0,1.0,512,512,nm,3.1779274940490723,2.3823026720804172,16.00373077392578,-0.935830722528227,4.747770200448212,True,True,False,True,True,,73bfaeea6d3c8fdbdead3d0d5eb99670c67a1362307f43ad10db13dc9bac800b,"{""256"": ""outputs/rheed_video_afm_story/variants/afm_second_order_y2_v1/afm_bank/second_order_unit_shape_maps/6062__N62_Ctr_001_unit_shape_256.npy""}","{""256"": ""outputs/rheed_video_afm_story/variants/afm_second_order_y2_v1/afm_bank/second_order_unit_shape_maps/6062__N62_Ctr_001_centered_256.npy""}",{},3.1779274400406945,2.3823026676144714,16.003730230331424,10.45524668693542,26.165817260742188,-0.935830722528227,4.747770200448212,216.9274194847114,294.4686738546515,27.24255993221239,151.2119483931061,639.9470694354793,25.440313111545983,25.440313111545983,25.440313111545983,1.0,0.9928916774501276,-10.0318815847741,-5.922005366931996,-1.5190606471405843,0.4270868617786547,1.999592388023295,4.533241320003425,5.971848645557324,0.999843907897032,0.0001444250686478,1.1667034320302912e-05,-4.1949336562301465,0.9999990888737502,0.749639676776278,5.035897122621536,3.289954704046248,8.23360276222229,-0.9358307246892388,4.74777018968337,68.26059618973075,92.66051888504056,8.572415524721073,47.58191060507906,201.37226820840897,25.440313111545983,25.440313111545983,25.440313111545983,1.0,0.9928915640251628,-3.156734194648942,-1.863478751075944,-0.4780031244880761,0.1343915138714705,0.6292121906154547,1.4264759529703044,1.8791629279725943,0.9998439078976716,0.0001444250679889,1.1667034339450364e-05,-4.194933647833432,,,,,,,,,,,,,,,,,,,,,,
6062,6062,data/pair/6062/AFM/N62 Ctr.002,N62_Ctr_002,data/afm_second_order/6062/N62_Ctr_002/N62_Ctr_002_height.npy,data/afm_second_order/6062/N62_Ctr_002/N62_Ctr_002_height.npy,1.0,1.0,512,512,nm,3.194929599761963,2.383458780682078,16.08676528930664,-0.9850193902943432,4.925473283635502,True,True,False,False,True,,d2873a6d172c35e5372883c09a64c7dc3172128cc36a1479a759d2161d7891a2,"{""256"": ""outputs/rheed_video_afm_story/variants/afm_second_order_y2_v1/afm_bank/second_order_unit_shape_maps/6062__N62_Ctr_002_unit_shape_256.npy""}","{""256"": ""outputs/rheed_video_afm_story/variants/afm_second_order_y2_v1/afm_bank/second_order_unit_shape_maps/6062__N62_Ctr_002_centered_256.npy""}",{},3.1949294636231764,2.3834587807082803,16.086764450073247,10.464928889274596,25.97221851348877,-0.9850193902943432,4.925473283635502,217.92636053161633,299.78161920758413,27.673185077805464,149.0767093431208,651.3109599075456,25.440313111545983,23.483365949119374,27.3972602739726,1.1666666666666663,0.9959314684398752,-9.98256438193004,-6.138312672945666,-1.4671007209746123,0.3899771458180665,2.0681894010575532,4.32661621632893,6.104200068143207,0.9998591051019065,0.0001296036322116,1.1291265882018546e-05,-4.180016681283607,0.9999990671992286,0.7460122600076913,5.035087658166888,3.275477319955826,8.129191637039185,-0.9850193965596842,4.925473485340024,68.21000584561017,93.83034716179864,8.661580490304083,46.660351769125995,203.8574911187956,25.440313111545983,23.483365949119374,27.3972602739726,1.1666666666666663,0.9959314684901196,-3.124499481533199,-1.9212651642304948,-0.4591961460453562,0.1220611450928159,0.6473343638437696,1.3542121557253308,1.910588176633689,0.9998591051006168,0.0001296036333361,1.1291266047194889e-05,-4.18001666614845,,,,,,,,,,,,,,,,,,,,,,
6062,6062,data/pair/6062/AFM/N62 Ctr.003,N62_Ctr_003,data/afm_second_order/6062/N62_Ctr_003/N62_Ctr_003_height.npy,data/afm_second_order/6062/N62_Ctr_003/N62_Ctr_003_height.npy,1.0,1.0,512,512,nm,3.008188247680664,2.27311748252274,15.14699363708496,-0.9456723134259756,4.945224717836181,True,True,False,False,True,,1b3955ddfd249d3b1ce9e1d909c6c97577d0600f42036a4f304b0ac7f6c08366,"{""256"": ""outputs/rheed_video_afm_story/variants/afm_second_order_y2_v1/afm_bank/second_order_unit_shape_maps/6062__N62_Ctr_003_unit_shape_256.npy""}","{""256"": ""outputs/rheed_video_afm_story/variants/afm_second_order_y2_v1/afm_bank/second_order_unit_shape_maps/6062__N62_Ctr_003_centered_256.npy""}",{},3.0081882162622953,2.273117482947667,15.146993441581737,9.65779101848602,26.769522666931152,-0.9456723134259756,4.945224717836181,205.75962749478924,283.94158844441347,25.01881798002052,139.82789592023886,618.8096277113103,25.440313111545983,23.483365949119374,27.3972602739726,1.1666666666666663,0.9952004205930768,-9.343708176588702,-5.545865106558488,-1.5498353123423323,0.4128119990471138,1.9736138999703656,4.111925911927531,5.803285264993033,0.9998732529566222,0.0001163737430151,1.0373300362453116e-05,-4.188295791688805,0.999998960499534,0.7556425831642749,5.035249459743502,3.2104975342750537,8.89887547492981,-0.9456723266657387,4.945224914582893,68.39978047435093,94.38947091287288,8.316896903330562,46.482377732599005,205.7082026399207,25.440313111545983,23.483365949119374,27.3972602739726,1.1666666666666663,0.9952004089315034,-3.106088551338419,-1.8435878825743044,-0.5152050120193806,0.1372292923371944,0.656079901997343,1.366909651700749,1.9291609084050831,0.9998732529581548,0.0001163737416413,1.0373300204000904e-05,-4.188295803733141,,,,,,,,,,,,,,,,,,,,,,
6062,6062,data/pair/6062/AFM/N62 Edg.000,N62_Edg_000,data/afm_second_order/6062/N62_Edg_000/N62_Edg_000_height.npy,data/afm_second_order/6062/N62_Edg_000/N62_Edg_000_height.npy,1.0,1.0,256,256,nm,5.338578701019287,3.789556711868811,29.772388458251953,-1.2859734751562333,6.32337866854727,True,True,False,False,True,,e23924138b51724ae3e206c4f28af1f9482c692e4afb4649e58f7cd82c04b75b,"{""256"": ""outputs/rheed_video_afm_story/variants/afm_second_order_y2_v1/afm_bank/second_order_unit_shape_maps/6062__N62_Edg_000_unit_shape_256.npy""}","{""256"": ""outputs/rheed_video_afm_story/variants/afm_second_order_y2_v1/afm_bank/second_order_unit_shape_maps/6062__N62_Edg_000_centered_256.npy""}",{},5.338578648880055,3.7895566959340687,29.772385978698736,16.587083101272583,43.110069274902344,-1.2859734751562333,6.32337866854727,239.18219124408944,344.15661836102066,17.356797442086624,157.56399763314147,756.1340851932191,39.2156862745098,43.13725490196078,39.2156862745098,1.1,0.9947283756470884,-18.662239312090893,-9.749509238162055,-2.0874612559461765,0.8017578269457647,3.212030984005911,6.837573863110525,11.11014666660784,0.9997185900304708,0.0002659581156038,1.545185392533713e-05,-4.445518354825597,0.9999989892640082,0.7098430289819874,5.576832270622253,3.1070190966129303,8.075187921524048,-1.2859735273637345,6.323379039876495,44.8025519753501,64.46589820641083,3.251193331976285,29.514193170648593,141.63570457021663,39.2156862745098,43.13725490196078,39.2156862745098,1.1,0.9947283756698446,-3.4957284926951058,-1.8262349366724615,-0.391014046925319,0.1501817480146758,0.6016634703099601,1.2807841599404686,2.0811037779271477,0.9997185900305208,0.0002659581149509,1.545185452803676e-05,-4.445518312247486,,,,,,,,,,,,,,,,,,,,,,
6062,6062,data/pair/6062/AFM/N62 Edg.001,N62_Edg_001,data/afm_second_order/6062/N62_Edg_001/N62_Edg_001_height.npy,data/afm_second_order/6062/N62_Edg_001/N62_Edg_001_height.npy,1.0,1.0,512,512,nm,2.5711240768432617,1.9204882059398325,12.992422103881836,-0.9945526276021288,5.211487461173015,True,True,False,False,True,,9260b6790a19368dd689f9123b06a24bcb511171ef46f47f9720558b1b1e9aa6,"{""256"": ""outputs/rheed_video_afm_story/variants/afm_second_order_y2_v1/afm_bank/second_order_unit_shape_maps/6062__N62_Edg_001_unit_shape_256.npy""}","{""256"": ""outputs/rheed_video_afm_story/variants/afm_second_order_y2_v1/afm_bank/second_order_unit_shape_maps/6062__N62_Edg_001_centered_256.npy""}",{},2.5711240385126235,1.9204882069328788,12.992422752380374,8.31201559305191,24.786295890808105,-0.9945526276021288,5.211487461173015,187.1027785112019,257.2407628433902,24.14030581309915,129.59512176415006,551.0185026094035,23.483365949119374,21.52641878669276,23.483365949119374,1.090909090909091,0.9960091480042834,-8.213351462223468,-4.743523609974321,-1.2553538862251614,0.2646113116658355,1.6809485372520114,3.568491983077588,4.7790712901569075,0.999826993521345,0.0001590743911404,1.393208751467704e-05,-4.131217323434199,0.9999990168739386,0.7469442523521234,5.0532023835182205,3.2328302383422844,9.640247106552124,-0.994552555450241,5.211487363883855,72.77073829933836,100.0498244212579,9.389003265924943,50.40401606389258,214.31013120520944,23.483365949119374,21.52641878669276,23.483365949119374,1.090909090909091,0.9960091479183066,-3.194456234502234,-1.844920299577154,-0.4882505189651624,0.1029164690500123,0.6537789452796801,1.3879099387651306,1.858746149015987,0.999826993520332,0.0001590743918448,1.39320878230106e-05,-4.1312172948398445,,,,,,,,,,,,,,,,,,,,,,
6063,6063,data/pair/6063/AFM/N63 Ctr.001,N63_Ctr_001,data/afm_second_order/6063/N63_Ctr_001/N63_Ctr_001_height.npy,data/afm_second_order/6063/N63_Ctr_001/N63_Ctr_001_height.npy,1.0,1.0,256,256,nm,5.927521228790283,4.5525113242896955,28.971302032470703,-0.7257756240261097,3.664799322679265,True,True,False,False,True,,6a9bb3a55f13b17f794d360e1b8b3058c0743720b6dbac3ff7e309c87bcee7dc,"{""256"": ""outputs/rheed_video_afm_story/variants/afm_second_order_y2_v1/afm_bank/second_order_unit_shape_maps/6063__N63_Ctr_001_unit_shape_256.npy""}","{""256"": ""outputs/rheed_video_afm_story/variants/afm_second_order_y2_v1/afm_bank/second_order_unit_shape_maps/6063__N63_Ctr_001_centered_256.npy""}",{},5.927521197623308,4.552511311868217,28.971299695968632,20.46474885940552,32.26519966125488,-0.7257756240261097,3.664799322679265,267.91618546361224,387.1612899871345,17.11498477068885,163.99744709536455,880.8091504837153,35.29411764705882,35.29411764705882,35.29411764705882,1.0,0.9946712216125247,-16.718615332478564,-12.243108025425949,-3.1093084129038235,0.6406139818486787,4.026870974665604,8.221640833979569,12.252684363490069,0.9996444861313613,0.0003353372898856,2.0176578753121184e-05,-4.3811271389963675,0.9999990050389288,0.7680287627353791,4.8875862002372745,3.4524935483932495,5.443281650543213,-0.7257756536264925,3.664799402372293,45.19864381701584,65.31581970578804,2.8873726414882084,27.6670911262287,148.59638354853567,35.29411764705882,35.29411764705882,35.29411764705882,1.0,0.9946712216652148,-2.820504269247508,-2.065466460829234,-0.5245540561728241,0.1080744182117222,0.6793509004063842,1.3870270875640152,2.067081930989766,0.9996444861307427,0.0003353372905614,2.0176578695683585e-05,-4.381127138363051,,,,,,,,,,,,,,,,,,,,,,
6063,6063,data/pair/6063/AFM/N63 Ctr.002,N63_Ctr_002,data/afm_second_order/6063/N63_Ctr_002/N63_Ctr_002_height.npy,data/afm_second_order/6063/N63_Ctr_002/N63_Ctr_002_height.npy,1.0,1.0,256,256,nm,5.916913032531738,4.646153808766738,28.829814910888672,-0.5956906100116277,3.5611668815215727,True,True,False,True,True,,d43795cf344b1595e0d8bd57a60df6ab0104c39fcd4bb15747bd1c7e369ff91a,"{""256"": ""outputs/rheed_video_afm_story/variants/afm_second_order_y2_v1/afm_bank/second_order_unit_shape_maps/6063__N63_Ctr_002_unit_shape_256.npy""}","{""256"": ""outputs/rheed_video_afm_story/variants/afm_second_order_y2_v1/afm_bank/second_order_unit_shape_maps/6063__N63_Ctr_002_centered_256.npy""}",{},5.9169126469419915,4.646153809211156,28.829814291000368,19.27885413169861,32.68772792816162,-0.5956906100116277,3.5611668815215727,262.6180416024248,383.3784112758228,17.516556862642993,155.96284414361895,881.4199277651547,35.29411764705882,35.29411764705882,31.37254901960784,1.125,0.9944504020050212,-17.107058619963343,-10.540346145140342,-3.7283084983698656,0.710672975076027,4.043694019807167,8.738507986558266,11.722755671037026,0.9996185549059118,0.0003592277310177,2.2217363070375113e-05,-4.349981415480687,0.9999990580883968,0.7852320478900028,4.872437429428101,3.258259266614914,5.524451732635498,-0.5956906145834561,3.5611668731559223,44.3842608789632,64.79359649001506,2.960418557862808,26.35879773859294,148.96605579312853,35.29411764705882,35.29411764705882,31.37254901960784,1.125,0.994450401992078,-2.891210842531537,-1.781391144197797,-0.6301098469909183,0.1201086412850865,0.6834122087542065,1.476868122417117,1.9812265868965635,0.9996185549039645,0.0003592277330594,2.221736297612728e-05,-4.3499814244287975,,,,,,,,,,,,,,,,,,,,,,
6063,6063,data/pair/6063/AFM/N63 Ctr.003,N63_Ctr_003,data/afm_second_order/6063/N63_Ctr_003/N63_Ctr_003_height.npy,data/afm_second_order/6063/N63_Ctr_003/N63_Ctr_003_height.npy,1.0,1.0,512,512,nm,5.507001876831055,4.277187912614087,25.137779235839844,-0.9670760384861292,3.8328839361335985,True,True,False,False,True,,b79100694c74672adfeeb536b56e3de34cb4d74b07844fda4b97eef6e0d6f5e4,"{""256"": ""outputs/rheed_video_afm_story/variants/afm_second_order_y2_v1/afm_bank/second_order_unit_shape_maps/6063__N63_Ctr_003_unit_shape_256.npy""}","{""256"": ""outputs/rheed_video_afm_story/variants/afm_second_order_y2_v1/afm_bank/second_order_unit_shape_maps/6063__N63_Ctr_003_centered_256.npy""}",{},5.507001636203657,4.2771879126189685,25.137778472900393,18.43360440731048,30.316890716552734,-0.9670760384861292,3.8328839361335985,260.82021410985783,384.0719534383025,19.44213956652693,152.66550008047682,877.2700325478111,33.268101761252446,37.18199608610567,29.354207436399214,1.2666666666666666,0.988886920061007,-16.05925029912842,-11.64089759031189,-2.915742141398317,1.1442307706748187,3.9234914358531174,6.792706816998588,9.078528173771971,0.9998954373404608,9.784015878823244e-05,6.722500750943068e-06,-4.3636540681851645,0.999999069187376,0.7766810712658847,4.564689829349518,3.3473002791404713,5.505148649215698,-0.9670760405656196,3.832883939364036,47.36152061668918,69.74241544556486,3.5304348878902427,27.722039180966753,159.30071756207178,33.268101761252446,37.18199608610567,29.354207436399214,1.2666666666666666,0.9888869200220196,-2.916148557228344,-2.113834044498699,-0.529460442227619,0.2077772645528146,0.7124544261271784,1.2334662346417722,1.6485412721211743,0.999895437341239,9.78401580494014e-05,6.722500711730248e-06,-4.363654076323714,,,,,,,,,,,,,,,,,,,,,,
6063,6063,data/pair/6063/AFM/N63 Ctr.004,N63_Ctr_004,data/afm_second_order/6063/N63_Ctr_004/N63_Ctr_004_height.npy,data/afm_second_order/6063/N63_Ctr_004/N63_Ctr_004_height.npy,1.0,1.0,512,512,nm,5.703505516052246,4.303168166746455,26.798019409179688,-0.8118758732729845,3.814083483382153,True,True,False,False,True,,c039fc20b837198891e6ae189e17b5dc8f42062d0eb8bdef6cfd89407bb219f3,"{""256"": ""outputs/rheed_video_afm_story/variants/afm_second_order_y2_v1/afm_bank/second_order_unit_shape_maps/6063__N63_Ctr_004_unit_shape_256.npy""}","{""256"": ""outputs/rheed_video_afm_story/variants/afm_second_order_y2_v1/afm_bank/second_order_unit_shape_maps/6063__N63_Ctr_004_centered_256.npy""}",{},5.703505730488737,4.303168156245857,26.79801944732666,20.80281133651733,29.008414268493652,-0.8118758732729845,3.814083483382153,269.7664452718258,396.2986681991829,19.28081392576845,155.71207303235343,901.7775328064882,33.268101761252446,35.22504892367906,33.268101761252446,1.0588235294117647,0.9900942478291213,-16.11646179263234,-12.423144140883682,-2.6405198842728126,0.6992918282306206,3.672826084450485,8.37966719563365,10.68155765469432,0.9998871233456736,0.0001057961109632,7.080543363124654e-06,-4.370547525128471,0.9999990381062054,0.7544770220875907,4.698512591123581,3.6473691523075105,5.086062431335449,-0.8118759021713688,3.814083493526959,47.29831063948786,69.48328049245416,3.3805221297001147,27.30108824044087,158.10915923100993,33.268101761252446,35.22504892367906,33.268101761252446,1.0588235294117647,0.990094281175227,-2.8257088110184556,-2.178157093260277,-0.4629639065599324,0.1226072670185682,0.6439588018918154,1.4692120590472335,1.8728037801051256,0.9998871233443044,0.0001057961123849,7.080543310754616e-06,-4.370547548868428,,,,,,,,,,,,,,,,,,,,,,
6063,6063,data/pair/6063/AFM/N63 Edg.000,N63_Edg_000,data/afm_second_order/6063/N63_Edg_000/N63_Edg_000_height.npy,data/afm_second_order/6063/N63_Edg_000/N63_Edg_000_height.npy,1.0,1.0,256,256,nm,5.135201930999756,3.983015578100803,25.80242919921875,-0.5757644284888831,3.8460199661181766,True,True,False,False,True,,a7b5653f8d2a02c1983c49c9bf5b94febc25508be9cafa6bce92977c4262d237,"{""256"": ""outputs/rheed_video_afm_story/variants/afm_second_order_y2_v1/afm_bank/second_order_unit_shape_maps/6063__N63_Edg_000_unit_shape_256.npy""}","{""256"": ""outputs/rheed_video_afm_story/variants/afm_second_order_y2_v1/afm_bank/second_order_unit_shape_maps/6063__N63_Edg_000_centered_256.npy""}",{},5.135201700892216,3.983015581339,25.802429151535033,16.247461557388306,35.24991989135742,-0.5757644284888831,3.8460199661181766,230.18445908062768,327.9910672987738,16.810208661832874,150.11195145039045,730.3737861755463,35.29411764705882,35.29411764705882,39.2156862745098,1.1111111111111112,0.9944121383759668,-15.79551912687236,-8.684680522898972,-2.991279901484788,0.3551738844115131,3.4934266791540973,7.562781034489333,10.006910024662671,0.999669521409194,0.000311752098991,1.8726491815080327e-05,-4.382246658079275,0.999999051563594,0.7756290883150001,5.024613779783249,3.163935422897339,6.864362478256226,-0.5757644365134912,3.8460198474265392,44.82477112607055,63.87105629419413,3.2735214836516,29.231923120918715,142.2286960505752,35.29411764705882,35.29411764705882,39.2156862745098,1.1111111111111112,0.9944121383213944,-3.0759269055836267,-1.6912038263790674,-0.5825042960159844,0.069164490986579,0.6802894237525398,1.4727315965182717,1.9486868741996224,0.999669521417171,0.0003117520919274,1.8726490901414804e-05,-4.382246666259548,,,,,,,,,,,,,,,,,,,,,,
6063,6063,data/pair/6063/AFM/N63 Edg.001,N63_Edg_001,data/afm_second_order/6063/N63_Edg_001/N63_Edg_001_height.npy,data/afm_second_order/6063/N63_Edg_001/N63_Edg_001_height.npy,1.0,1.0,256,256,nm,5.939981460571289,4.404454787407431,29.654407501220703,-0.933257427245976,4.305440165558885,True,True,False,False,True,,fad393f5f2e762850a187c55847433998b4236331e6c24416c2e396595887268,"{""256"": ""outputs/rheed_video_afm_story/variants/afm_second_order_y2_v1/afm_bank/second_order_unit_shape_maps/6063__N63_Edg_001_unit_shape_256.npy""}","{""256"": ""outputs/rheed_video_afm_story/variants/afm_second_order_y2_v1/afm_bank/second_order_unit_shape_maps/6063__N63_Edg_001_centered_256.npy""}",{},5.939981526313131,4.4044547951753765,29.654408359527583,21.292205929756165,37.669697761535645,-0.933257427245976,4.305440165558885,247.5279586473062,377.9269827877112,15.35487623253399,127.93468974437975,899.5358698747114,35.29411764705882,35.29411764705882,35.29411764705882,1.0,0.9948041644592038,-17.512240419114075,-13.71956072779938,-2.535923168385469,0.9597892161960968,3.762817635809935,7.572645201956785,12.142167940413511,0.9992903216192112,0.0006696621163229,4.001626446588437e-05,-4.250582955931279,0.999999013127066,0.7414922818468188,4.992335176467895,3.5845542550086975,6.3417134284973145,-0.9332574384857462,4.3054400470362255,41.67146204667598,63.624206768383445,2.584999480768031,21.53787143390092,151.43734953691418,35.29411764705882,35.29411764705882,35.29411764705882,1.0,0.994804164529684,-2.94819482064585,-2.3096954295669008,-0.4269239897165702,0.1615810176100326,0.6334723314013078,1.274858825441797,2.0441403558220457,0.9992903216354172,0.000669662101666,4.001626291685902e-05,-4.250583022248104,,,,,,,,,,,,,,,,,,,,,,
6070,6070,data/pair/6070/AFM/N69 Edg.000,N69_Edg_000,data/afm_second_order/6070/N69_Edg_000/N69_Edg_000_height.npy,data/afm_second_order/6070/N69_Edg_000/N69_Edg_000_height.npy,1.0,1.0,256,256,nm,2.95089054107666,2.322995466148289,14.195249557495115,-0.4243147149737418,3.439481501609049,True,True,False,False,True,,34bc13cbc39c4a98582febc88953ef8b04c19c70ff877e1db8abadb2499ec7ab,"{""256"": ""outputs/rheed_video_afm_story/variants/afm_second_order_y2_v1/afm_bank/second_order_unit_shape_maps/6070__N69_Edg_000_unit_shape_256.npy""}","{""256"": ""outputs/rheed_video_afm_story/variants/afm_second_order_y2_v1/afm_bank/second_order_unit_shape_maps/6070__N69_Edg_000_centered_256.npy""}",{},2.95089054786577,2.3229954678326417,14.195249438285828,9.780826210975649,25.974751472473145,-0.4243147149737418,3.439481501609049,228.96480882878825,290.0561071749376,32.937229375110626,183.1405619525857,579.2058667057413,31.37254901960784,35.29411764705882,27.45098039215686,1.2857142857142856,0.9821237552849292,-7.864927087293946,-5.221066651808107,-1.813893256651247,0.2373449523579239,2.022928090823805,4.55975955916754,6.3303223509918825,0.9973681792204294,0.0024244038377107,0.0002074169418597,-3.391132189899193,0.9999989651581612,0.7872176290309035,4.810491788387299,3.314530223608017,8.80233359336853,-0.4243146805755577,3.4394815852797755,77.59168549921071,98.29432895063805,11.16177520204632,62.06274600068194,196.28150779795004,31.37254901960784,35.29411764705882,27.45098039215686,1.2857142857142856,0.9821237552624944,-2.6652695229903585,-1.769317035998476,-0.6146928718940144,0.0804315344735259,0.6855306723459834,1.545213187609541,2.1452222653969404,0.9973681792427516,0.0024244038147299,0.0002074169425186,-3.391132184543103,,,,,,,,,,,,,,,,,,,,,,
6070,6070,data/pair/6070/AFM/N69 Edg.002,N69_Edg_002,data/afm_second_order/6070/N69_Edg_002/N69_Edg_002_height.npy,data/afm_second_order/6070/N69_Edg_002/N69_Edg_002_height.npy,1.0,1.0,256,256,nm,2.8089470863342285,2.1682539971570236,13.74951171875,-0.4874567652714188,3.915375669182428,True,True,False,True,True,,aa14dd2c7ab4a3c02885a38e777d82f8eacea387b6ec6d6b080da885cb73b0e2,"{""256"": ""outputs/rheed_video_afm_story/variants/afm_second_order_y2_v1/afm_bank/second_order_unit_shape_maps/6070__N69_Edg_002_unit_shape_256.npy""}","{""256"": ""outputs/rheed_video_afm_story/variants/afm_second_order_y2_v1/afm_bank/second_order_unit_shape_maps/6070__N69_Edg_002_centered_256.npy""}",{},2.808947139597353,2.168253994448257,13.749512481689456,9.410499691963196,26.480464935302734,-0.4874567652714188,3.915375669182428,208.8799704682915,278.2043919242527,25.894073268145036,147.66542495820568,577.9408384590234,31.37254901960784,31.37254901960784,27.45098039215686,1.1428571428571428,0.9856928834985644,-7.794909900154059,-5.018936317886297,-1.6184138772143764,0.2429184946165639,1.8185420813904365,4.391563374076899,5.954602581535398,0.99756695512104,0.0022642310720168,0.0001688138069433,-3.4914176842556572,0.999999084766236,0.7719091545126551,4.89489450454712,3.350184440612793,9.42717695236206,-0.4874568203416107,3.9153756103463055,74.36230362118751,99.04214106325614,9.218415487032075,52.569620501453905,205.74979329657887,31.37254901960784,31.37254901960784,27.45098039215686,1.1428571428571428,0.9856928835263808,-2.775026477870382,-1.786766232547201,-0.5761633381218086,0.0864801913529265,0.6474100485473503,1.563418208065592,2.1198680266767385,0.9975669550654398,0.0022642311251607,0.0001688138093994,-3.491417680406484,,,,,,,,,,,,,,,,,,,,,,
6070,6070,data/pair/6070/AFM/N69_center.003,N69_center_003,data/afm_second_order/6070/N69_center_003/N69_center_003_height.npy,data/afm_second_order/6070/N69_center_003/N69_center_003_height.npy,1.0,1.0,256,256,nm,2.764878034591675,2.1577610836756764,13.09677791595459,-0.5455027535686623,3.6262013554496577,True,True,False,False,True,,e046a914a821a0aeb7aafe0a032eede2b5c1a8d62b7dcd4c728f42605d19cb07,"{""256"": ""outputs/rheed_video_afm_story/variants/afm_second_order_y2_v1/afm_bank/second_order_unit_shape_maps/6070__N69_center_003_unit_shape_256.npy""}","{""256"": ""outputs/rheed_video_afm_story/variants/afm_second_order_y2_v1/afm_bank/second_order_unit_shape_maps/6070__N69_center_003_centered_256.npy""}",{},2.7648780604131553,2.1577610861780134,13.096777939796448,9.192928194999697,24.08664035797119,-0.5455027535686623,3.6262013554496577,210.7901502318471,278.2544459280002,25.364854756778513,154.492448233476,572.735931499974,27.45098039215686,31.37254901960784,27.45098039215686,1.1428571428571428,0.984182693164548,-7.615344812675979,-4.97665262441304,-1.6005163810696867,0.2250916339907381,1.8804649390730592,4.216275570586655,5.481433127120469,0.9976024949338492,0.0022393852800261,0.0001581197861244,-3.5097262260484055,0.9999990665760736,0.7804174466282439,4.736832994222641,3.3248914778232574,8.711638689041138,-0.5455027836586017,3.6262012438244065,76.238426906417,100.63886395137229,9.173943121497905,55.87671466359856,207.1467242832502,27.45098039215686,31.37254901960784,27.45098039215686,1.1428571428571428,0.9841826931486845,-2.754312322202259,-1.799952075543934,-0.5788735753922998,0.0814109996826113,0.68012517624802,1.5249394022793237,1.9825206720203816,0.9976024949029983,0.0022393853085938,0.0001581197884075,-3.5097262265648115,,,,,,,,,,,,,,,,,,,,,,
6070,6070,data/pair/6070/AFM/N69_center-200nm.005,N69_center_200nm_005,data/afm_second_order/6070/N69_center_200nm_005/N69_center_200nm_005_height.npy,data/afm_second_order/6070/N69_center_200nm_005/N69_center_200nm_005_height.npy,1.0,1.0,256,256,nm,2.8250672817230225,2.213364128605648,13.587628364562988,-0.6126334477919153,3.804953904989513,True,True,False,False,True,,32878d1eb1904bc03b0b7985e3afbaeb6f9ee6f600df36a6f7ea46e20e483560,"{""256"": ""outputs/rheed_video_afm_story/variants/afm_second_order_y2_v1/afm_bank/second_order_unit_shape_maps/6070__N69_center_200nm_005_unit_shape_256.npy""}","{""256"": ""outputs/rheed_video_afm_story/variants/afm_second_order_y2_v1/afm_bank/second_order_unit_shape_maps/6070__N69_center_200nm_005_centered_256.npy""}",{},2.825067181112585,2.213364122775624,13.58762845993042,9.169788718223572,27.41327953338623,-0.6126334477919153,3.804953904989513,214.31903049957953,285.27936414755777,25.180121304277435,154.10471977666668,585.7450024287588,27.45098039215686,31.37254901960784,27.45098039215686,1.1428571428571428,0.9839478213838804,-7.867935068178528,-5.086603290605896,-1.6731424398902592,0.2830675624128642,1.9521394900795284,4.083185427617676,5.7196933917518935,0.9977692107905212,0.0020837028378334,0.000147086371645,-3.5466423418038606,0.9999990341839232,0.7834723364723268,4.809660863876343,3.2458625435829163,9.70357632637024,-0.6126335154005305,3.8049538644251166,75.86326628894199,100.9813471699859,8.913096504379698,54.54898920698298,207.33822974240303,27.45098039215686,31.37254901960784,27.45098039215686,1.1428571428571428,0.9839478214797616,-2.785040849563688,-1.8005230070324836,-0.5922481508227286,0.1001984423724713,0.6910057126311364,1.445339536550433,2.024620014312655,0.9977692107648388,0.002083702861197,0.0001470863739643,-3.5466423387584807,,,,,,,,,,,,,,,,,,,,,,
6070,6070,data/pair/6070/AFM/N69_center-200nm.007,N69_center_200nm_007,data/afm_second_order/6070/N69_center_200nm_007/N69_center_200nm_007_height.npy,data/afm_second_order/6070/N69_center_200nm_007/N69_center_200nm_007_height.npy,1.0,1.0,256,256,nm,2.411029577255249,1.9026712484390815,11.374736785888672,-0.3135911948775471,3.449043149014336,True,True,False,False,True,,bc810b248401664f4e2f8c81bfca6269f3a565b1f24cd1cb4bdc64d6aa316f3b,"{""256"": ""outputs/rheed_video_afm_story/variants/afm_second_order_y2_v1/afm_bank/second_order_unit_shape_maps/6070__N69_center_200nm_007_unit_shape_256.npy""}","{""256"": ""outputs/rheed_video_afm_story/variants/afm_second_order_y2_v1/afm_bank/second_order_unit_shape_maps/6070__N69_center_200nm_007_centered_256.npy""}",{},2.411029639188117,1.90267124829136,11.374736571311953,7.93397843837738,23.06078338623047,-0.3135911948775471,3.449043149014336,165.86882786761976,215.62260657958785,20.196389942507892,126.73042154279992,444.4352201052699,35.29411764705882,35.29411764705882,31.37254901960784,1.125,0.9816902942677602,-6.386906136282965,-4.196467937239691,-1.482764155873343,0.0812922778639346,1.67979347585769,3.737510501137689,4.987830435028988,0.9979064515335198,0.001913327385958,0.0001802210805218,-3.383906021365813,0.9999990347011496,0.7891522285094483,4.7177873969078075,3.290698081254959,9.564693927764893,-0.3135911402146519,3.4490431237736683,68.79578116940272,89.43166597726875,8.376654798400846,52.56272465250551,184.33401903426716,35.29411764705882,35.29411764705882,31.37254901960784,1.125,0.9816902943118778,-2.6490340367435063,-1.740527601587638,-0.6149915323136892,0.0337167869777832,0.6967113598705683,1.5501704796673212,2.068753360164301,0.9979064515586809,0.0019133273614426,0.0001802210798765,-3.3839060213009517,,,,,,,,,,,,,,,,,,,,,,
6072,6072,data/pair/6072/AFM/6072_1um.009,6072_1um_009,data/afm_second_order/6072/6072_1um_009/6072_1um_009_height.npy,data/afm_second_order/6072/6072_1um_009/6072_1um_009_height.npy,1.0,1.0,256,256,nm,1.4668196439743042,1.1035900594071042,7.535683631896973,-0.9944641124081536,5.634106221558702,True,True,False,False,True,,5ea992b3c04ad97448b81b7e930c166a4aecc009bc8c06964167e58e2b634ca9,"{""256"": ""outputs/rheed_video_afm_story/variants/afm_second_order_y2_v1/afm_bank/second_order_unit_shape_maps/6072__6072_1um_009_unit_shape_256.npy""}","{""256"": ""outputs/rheed_video_afm_story/variants/afm_second_order_y2_v1/afm_bank/second_order_unit_shape_maps/6072__6072_1um_009_centered_256.npy""}",{},1.4668196069592232,1.1035900645268542,7.535683524608614,4.582636624574661,16.45217514038086,-0.9944641124081536,5.634106221558702,104.20255827039976,148.32928462473515,14.259867092100457,67.048205594741,318.9323764070083,23.52941176470588,23.52941176470588,27.45098039215686,1.1666666666666667,0.9945946730646664,-4.679479401706194,-2.583967857955431,-0.7577061438545935,0.1573166838302858,0.9821972316518076,1.99866876661923,2.85620412290242,0.9980636896269937,0.0016993918598371,0.0002369185131693,-3.3714642229549456,0.9999990803735664,0.7523686271001523,5.137425655126573,3.1241961419582367,11.216212034225464,-0.994464020003314,5.634106076863407,71.03972571302938,101.12296469712824,9.721611217061144,45.70987641895447,217.43099758781383,23.52941176470588,23.52941176470588,27.45098039215686,1.1666666666666667,0.994594484910902,-3.1902184907456355,-1.7616108421345669,-0.5165634814759212,0.1072500843445343,0.6696094360093159,1.3625852998236698,1.9472071643809372,0.9980636896542274,0.001699391824021,0.0002369185217514,-3.371464206975311,,,,,,,,,,,,,,,,,,,,,,
6072,6072,data/pair/6072/AFM/6072_1um.011,6072_1um_011,data/afm_second_order/6072/6072_1um_011/6072_1um_011_height.npy,data/afm_second_order/6072/6072_1um_011/6072_1um_011_height.npy,1.0,1.0,256,256,nm,1.7210267782211304,1.3069362466454375,8.638322830200195,-0.7810503155020971,4.620958753072492,True,True,False,False,True,,feb53eeb316b4bc20422aba2d00f2c9f7b63d21dcb0d1e04a52aa6e4b07ac2f9,"{""256"": ""outputs/rheed_video_afm_story/variants/afm_second_order_y2_v1/afm_bank/second_order_unit_shape_maps/6072__6072_1um_011_unit_shape_256.npy""}","{""256"": ""outputs/rheed_video_afm_story/variants/afm_second_order_y2_v1/afm_bank/second_order_unit_shape_maps/6072__6072_1um_011_centered_256.npy""}",{},1.7210267917937585,1.306936250914072,8.638323175907136,5.573066413402557,15.593403816223145,-0.7810503155020971,4.620958753072492,114.12504034298196,164.81878520977267,12.650522573701092,68.44789956774457,363.45002287981407,27.45098039215686,27.45098039215686,27.45098039215686,1.0,0.9893963686547862,-5.127582430875846,-3.0947229624157635,-0.8908743620281901,0.1660740278298172,1.104324483835152,2.478343450986794,3.5107407450312884,0.9982660045229252,0.0015371506574492,0.0001968448196257,-3.4294123261175176,0.999998970586982,0.7593925424576484,5.019279301166534,3.2382184267044067,9.06051468849182,-0.7810502738270289,4.620958651923148,66.31211288139201,95.767605433313,7.350560624441762,39.77150462645254,211.18185710297288,27.45098039215686,27.45098039215686,27.45098039215686,1.0,0.9893963686596616,-2.9793707908283524,-1.7981822432171162,-0.5176406593214329,0.0964969715882484,0.6416654049266521,1.4400361834872906,2.039908510338182,0.9982660045442078,0.0015371506366721,0.0001968448191201,-3.4294123258257527,,,,,,,,,,,,,,,,,,,,,,
6072,6072,data/pair/6072/AFM/6072_500 nm.004,6072_500_nm_004,data/afm_second_order/6072/6072_500_nm_004/6072_500_nm_004_height.npy,data/afm_second_order/6072/6072_500_nm_004/6072_500_nm_004_height.npy,1.0,1.0,256,256,nm,1.4702255725860596,1.1373606395638345,7.266327381134033,-0.5986282455552804,4.049952966260051,True,True,False,True,True,,26c45199c1f8ed2431710b74aa60c89a2a5a227333e3ca12ecc05572ca6cf688,"{""256"": ""outputs/rheed_video_afm_story/variants/afm_second_order_y2_v1/afm_bank/second_order_unit_shape_maps/6072__6072_500_nm_004_unit_shape_256.npy""}","{""256"": ""outputs/rheed_video_afm_story/variants/afm_second_order_y2_v1/afm_bank/second_order_unit_shape_maps/6072__6072_500_nm_004_centered_256.npy""}",{},1.4702255377794144,1.1373606437358548,7.266327261924745,4.75161200761795,14.157862663269045,-0.5986282455552804,4.049952966260051,105.46731569090402,143.11956674064052,13.928943188249717,72.34559137333422,303.29448660351807,23.52941176470588,23.52941176470588,27.45098039215686,1.1666666666666667,0.995157218448954,-4.215772970584826,-2.6108714541472953,-0.8424517264642278,0.1278116354666193,0.9974843809328516,2.140740553470655,3.0505542913399197,0.998721422125544,0.0011792669914288,9.9310883027063e-05,-3.756158305176051,0.9999989657062244,0.773595234523044,4.942316401004792,3.231890022754669,9.629712343215942,-0.5986281870742824,4.0499528981384465,71.73539293722138,97.34521309276232,9.474007699188292,49.207087566922965,206.2909193314276,23.52941176470588,23.52941176470588,27.45098039215686,1.1666666666666667,0.995157218442534,-2.867429842667513,-1.7758286914395625,-0.5730078986453347,0.0869332605434126,0.6784560212326712,1.4560613313151067,2.0748865583372793,0.9987214221298016,0.0011792669871951,9.931088300302956e-05,-3.756158304951236,,,,,,,,,,,,,,,,,,,,,,
6072,6072,data/pair/6072/AFM/6072_500 nm.007,6072_500_nm_007,data/afm_second_order/6072/6072_500_nm_007/6072_500_nm_007_height.npy,data/afm_second_order/6072/6072_500_nm_007/6072_500_nm_007_height.npy,1.0,1.0,256,256,nm,1.7948734760284424,1.3699240437616704,8.935640335083008,-0.7511692804982597,4.609286359157114,True,True,False,False,True,,605906f77bd616519b07dd3e597e0108ff9ce34833d08a113641eb8646960eea,"{""256"": ""outputs/rheed_video_afm_story/variants/afm_second_order_y2_v1/afm_bank/second_order_unit_shape_maps/6072__6072_500_nm_007_unit_shape_256.npy""}","{""256"": ""outputs/rheed_video_afm_story/variants/afm_second_order_y2_v1/afm_bank/second_order_unit_shape_maps/6072__6072_500_nm_007_centered_256.npy""}",{},1.7948734196676364,1.3699240407405469,8.935640799999238,5.85627818107605,16.34102201461792,-0.7511692804982597,4.609286359157114,117.10793263055196,168.42105991713166,12.955008435889267,71.78402014661046,361.5198595730209,27.45098039215686,27.45098039215686,27.45098039215686,1.0,0.9918822525337764,-5.440672922360394,-3.175047457444164,-0.9790395202512472,0.1097102647249966,1.182951897156742,2.6812307236318857,3.494967877638844,0.9984800774894386,0.0013452202587513,0.00017470225181,-3.46636579677181,0.9999989659640186,0.7632419124973134,4.978418797254562,3.262777239084244,9.104265689849854,-0.7511692970788126,4.609286361261306,65.24572163672804,93.8344086770454,7.217774576035037,39.99388107358871,201.41781898427175,27.45098039215686,27.45098039215686,27.45098039215686,1.0,0.991882252549018,-3.031226275825328,-1.768951593303508,-0.5454638436077301,0.061124173587733,0.6590719238282974,1.4938256457807355,1.9471925214292345,0.9984800774847916,0.0013452202636857,0.0001747022515222,-3.4663658012555687,,,,,,,,,,,,,,,,,,,,,,
6072,6072,data/pair/6072/AFM/N6072_1um.000,N6072_1um_000,data/afm_second_order/6072/N6072_1um_000/N6072_1um_000_height.npy,data/afm_second_order/6072/N6072_1um_000/N6072_1um_000_height.npy,1.0,1.0,256,256,nm,1.5643924474716189,1.1916933511373604,7.641561508178711,-0.7598030435765487,4.730734445152489,True,True,False,False,True,,c1ed9150de78991389a9021a23a48062fadf690d449be4e63d6168418ccdb612,"{""256"": ""outputs/rheed_video_afm_story/variants/afm_second_order_y2_v1/afm_bank/second_order_unit_shape_maps/6072__N6072_1um_000_unit_shape_256.npy""}","{""256"": ""outputs/rheed_video_afm_story/variants/afm_second_order_y2_v1/afm_bank/second_order_unit_shape_maps/6072__N6072_1um_000_centered_256.npy""}",{},1.5643925193146688,1.1916933542336572,7.641561973094941,5.09498393535614,16.346821784973145,-0.7598030435765487,4.730734445152489,112.27792048011216,157.8021268266381,15.11038198855094,73.29429543685393,337.8381410018291,23.52941176470588,23.52941176470588,27.45098039215686,1.1666666666666667,0.9941603451306332,-4.551975028465248,-2.762741153190589,-0.8543612557153467,0.1365004544456239,1.0259623033304448,2.332242782165551,3.0895869446296933,0.998217691927034,0.001559374281661,0.000222933791305,-3.395112671569098,0.999999074530146,0.7617603897461439,4.884678792953491,3.2568420469760895,10.449300050735474,-0.7598030551892601,4.73073434909508,71.77087290360495,100.87109141544374,9.658937545589222,46.85155708008625,215.9546519641424,23.52941176470588,23.52941176470588,27.45098039215686,1.1666666666666667,0.99416034515906,-2.9097370528883784,-1.7660137319273796,-0.5461292171187249,0.0872545524232539,0.6558209008269462,1.4908283150487098,1.9749417400651132,0.9982176919324376,0.0015593742849344,0.0002229337826279,-3.395112691456295,,,,,,,,,,,,,,,,,,,,,,
6072,6072,data/pair/6072/AFM/N6072_1um.001,N6072_1um_001,data/afm_second_order/6072/N6072_1um_001/N6072_1um_001_height.npy,data/afm_second_order/6072/N6072_1um_001/N6072_1um_001_height.npy,1.0,1.0,256,256,nm,1.4098886251449585,1.0695435398658597,7.002516269683838,-0.8220979116398798,5.024278645476286,True,True,False,False,True,,5c5b6039154e5e487325214554e362b1530b3504426038916274d71b157ddc94,"{""256"": ""outputs/rheed_video_afm_story/variants/afm_second_order_y2_v1/afm_bank/second_order_unit_shape_maps/6072__N6072_1um_001_unit_shape_256.npy""}","{""256"": ""outputs/rheed_video_afm_story/variants/afm_second_order_y2_v1/afm_bank/second_order_unit_shape_maps/6072__N6072_1um_001_centered_256.npy""}",{},1.409888603545194,1.0695435392145805,7.002515709400178,4.546729266643524,12.885692119598389,-0.8220979116398798,5.024278645476286,97.9006678633758,135.47187635623845,8.903692445712913,65.47508940388138,295.05230392233784,27.45098039215686,23.52941176470588,27.45098039215686,1.1666666666666667,0.9910113962756464,-4.248028840640572,-2.4532372375521923,-0.7646654268298412,0.1263992207553124,0.9144504944290852,2.093492029091332,2.754486868759606,0.9979495270168466,0.0016784843704777,0.0003719886126756,-3.174176359160904,0.9999990753499384,0.7586007466662863,4.966711115837097,3.224882572889328,9.139501810073853,-0.8220979109504556,5.024278784543523,69.43851942844432,96.08684749699924,6.315169639360123,46.439850460534885,209.27329831230645,27.45098039215686,23.52941176470588,27.45098039215686,1.1666666666666667,0.991011396295818,-3.0130217714360885,-1.7400204582265548,-0.542358268623703,0.0896518224724598,0.64859705733741,1.4848621146627732,1.9536893444010088,0.9979495270095038,0.0016784843757565,0.0003719886147396,-3.174176357045906,,,,,,,,,,,,,,,,,,,,,,
6072,6072,data/pair/6072/AFM/N6072_1um.002,N6072_1um_002,data/afm_second_order/6072/N6072_1um_002/N6072_1um_002_height.npy,data/afm_second_order/6072/N6072_1um_002/N6072_1um_002_height.npy,1.0,1.0,256,256,nm,1.2755963802337646,0.9622457328943096,6.679728031158447,-0.697449601678061,4.677710254508438,True,True,False,False,True,,1bfd7d5955e28bb4bb5f94ac607e0f64b576b737374be7cdefd34775dc43081a,"{""256"": ""outputs/rheed_video_afm_story/variants/afm_second_order_y2_v1/afm_bank/second_order_unit_shape_maps/6072__N6072_1um_002_unit_shape_256.npy""}","{""256"": ""outputs/rheed_video_afm_story/variants/afm_second_order_y2_v1/afm_bank/second_order_unit_shape_maps/6072__N6072_1um_002_centered_256.npy""}",{},1.275596355047303,0.9622457318329772,6.679727983474734,4.117603629827499,11.78813934326172,-0.697449601678061,4.677710254508438,88.53483370078757,121.59177772260897,9.331999799344228,60.36383161987104,262.11763230877455,27.45098039215686,23.52941176470588,27.45098039215686,1.1666666666666667,0.9907455764033496,-3.9226946940410463,-2.2414652576434944,-0.6729524304855201,0.0983719172191288,0.8201203325998452,1.876138372184005,2.7570332894336875,0.9980594174112284,0.0015370208811153,0.0004035617076565,-3.1148628739933493,0.9999989969534484,0.754348946968363,5.236547791957857,3.2279799580574036,9.241267919540403,-0.6974496118612667,4.677710240494653,69.40655212420087,95.32141992601446,7.315789597693529,47.321997269335746,205.48613936449283,27.45098039215686,23.52941176470588,27.45098039215686,1.1666666666666667,0.9907455764595062,-3.0751818373079405,-1.7571882858152492,-0.5275585605974301,0.077118319344987,0.6429302588825122,1.4707916722421543,2.161365954649917,0.998059417406196,0.0015370208865707,0.000403561707233,-3.1148628751195893,,,,,,,,,,,,,,,,,,,,,,
6078,6078,data/pair/6078/AFM/N74 ctr.004,N74_ctr_004,data/afm_second_order/6078/N74_ctr_004/N74_ctr_004_height.npy,data/afm_second_order/6078/N74_ctr_004/N74_ctr_004_height.npy,1.0,1.0,512,512,nm,2.0487399101257324,1.6067190409476124,10.068265914916992,0.1519521353238997,3.6824821262363088,True,True,False,False,True,,2098173c3ef968e36a80ae84d3cb2464b74c2e5743ac9df4138210d26c90a2cb,"{""256"": ""outputs/rheed_video_afm_story/variants/afm_second_order_y2_v1/afm_bank/second_order_unit_shape_maps/6078__N74_ctr_004_unit_shape_256.npy""}","{""256"": ""outputs/rheed_video_afm_story/variants/afm_second_order_y2_v1/afm_bank/second_order_unit_shape_maps/6078__N74_ctr_004_centered_256.npy""}",{},2.0487399045235524,1.6067190408729093,10.0682661485672,6.427588200569149,19.051958084106445,0.1519521353238997,3.6824821262363088,104.84834790275082,145.80827704833314,15.209929092604613,68.16064351797617,306.5660833990771,43.05283757338552,66.53620352250489,37.18199608610567,1.7894736842105263,0.9865184574209044,-4.785822494009659,-3.194648177603409,-1.379411400536225,0.00382842332296,1.3255087721551202,3.23294002296574,5.282443654557541,0.9996517689490348,0.0003230736643323,2.515738663274579e-05,-3.862949430026255,0.999999056179878,0.7842467077299234,4.914365386962892,3.137334394454954,9.299345016479492,0.1519520669800301,3.6824821183496823,51.17694512962939,71.16966883814213,7.424050122314145,33.269512552389244,149.63625706847915,43.05283757338552,66.53620352250489,37.18199608610567,1.7894736842105263,0.9865184574288476,-2.335981085473454,-1.5593220331014748,-0.673296824866688,0.0018686891875546,0.6469867370782736,1.5780123613534796,2.5783843014894376,0.999651768952045,0.0003230736608661,2.5157387089030656e-05,-3.8629494311502297,,,,,,,,,,,,,,,,,,,,,,
6078,6078,data/pair/6078/AFM/N78_1um.005,N78_1um_005,data/afm_second_order/6078/N78_1um_005/N78_1um_005_height.npy,data/afm_second_order/6078/N78_1um_005/N78_1um_005_height.npy,1.0,1.0,256,256,nm,1.2682849168777466,0.9935553320165268,6.244963645935059,-0.1999328161384045,3.4670608515298023,True,True,False,False,True,,4f1678f34de443f7e727ee0cedca936aa6df202013125f5752d6bffa70121da4,"{""256"": ""outputs/rheed_video_afm_story/variants/afm_second_order_y2_v1/afm_bank/second_order_unit_shape_maps/6078__N78_1um_005_unit_shape_256.npy""}","{""256"": ""outputs/rheed_video_afm_story/variants/afm_second_order_y2_v1/afm_bank/second_order_unit_shape_maps/6078__N78_1um_005_centered_256.npy""}",{},1.2682849637721223,0.9935553316975838,6.244963431358338,4.163212180137634,10.52504825592041,-0.1999328161384045,3.4670608515298023,97.77983967954516,129.49116890342614,15.14435501684183,70.53030255845081,268.09193506454943,27.45098039215686,23.52941176470588,27.45098039215686,1.1666666666666667,0.9944301431927032,-3.3007982285474338,-2.1028509767507115,-0.8081064404700796,0.028597077935477,0.8329229025389154,2.0603612033869227,2.944165202810904,0.9975762265418914,0.0020740724391673,0.0003497010189414,-3.2001964985771316,0.9999990508620028,0.7833841888181499,4.923938691616058,3.282549649477005,8.298638582229614,-0.1999327952793367,3.467060907029739,77.09603880215987,102.09933057063424,11.940798934246269,55.61073748021295,211.3812639324563,27.45098039215686,23.52941176470588,27.45098039215686,1.1666666666666667,0.9944301431770894,-2.602565711726185,-1.6580256461992222,-0.6371640801324803,0.0225478256226223,0.6567310452566189,1.6245240032777828,2.321372979889874,0.9975762265597446,0.0020740724209225,0.0003497010193327,-3.2001964959869693,,,,,,,,,,,,,,,,,,,,,,
6078,6078,data/pair/6078/AFM/N78 Ctr.000,N78_Ctr_000,data/afm_second_order/6078/N78_Ctr_000/N78_Ctr_000_height.npy,data/afm_second_order/6078/N78_Ctr_000/N78_Ctr_000_height.npy,1.0,1.0,256,256,nm,1.6383564472198486,1.2661950201891536,8.139227867126465,-0.436926883229746,4.025202458425168,True,True,False,True,True,,861f6c3a4ad5129d7e326d6e261adb5e1e0cbe5d0372eb70d74b80bace3c1aa8,"{""256"": ""outputs/rheed_video_afm_story/variants/afm_second_order_y2_v1/afm_bank/second_order_unit_shape_maps/6078__N78_Ctr_000_unit_shape_256.npy""}","{""256"": ""outputs/rheed_video_afm_story/variants/afm_second_order_y2_v1/afm_bank/second_order_unit_shape_maps/6078__N78_Ctr_000_centered_256.npy""}",{},1.6383564744000825,1.266195022904921,8.13922792673111,5.304936707019806,15.595369815826416,-0.436926883229746,4.025202458425168,106.07993471695876,141.9950475936698,14.99391588589625,77.52634321082192,296.7592033961976,27.45098039215686,23.52941176470588,27.45098039215686,1.1666666666666667,0.9966964245612926,-4.545288137419345,-2.8556943931413903,-0.9607877828909174,0.1173766493068918,1.0842003128694282,2.4492423138784156,3.5939397893117655,0.9994494366502132,0.0005015849885469,4.897836123969962e-05,-3.99186309230136,0.999999073757156,0.772843928113934,4.967917883396149,3.2379595041275024,9.518902778625488,-0.4369268229405356,4.025202344136587,64.7477139799971,86.6691209125789,9.151796527342189,47.31954184224067,181.1320886043755,27.45098039215686,23.52941176470588,27.45098039215686,1.1666666666666667,0.9966964245588898,-2.774294729600086,-1.7430222586490054,-0.5864333466388125,0.07164287262188,0.6617603047989469,1.494937245478497,2.193623153796063,0.9994494366548728,0.0005015849833457,4.8978361781406995e-05,-3.991863088129517,,,,,,,,,,,,,,,,,,,,,,
6078,6078,data/pair/6078/AFM/N78 Edg.000,N78_Edg_000,data/afm_second_order/6078/N78_Edg_000/N78_Edg_000_height.npy,data/afm_second_order/6078/N78_Edg_000/N78_Edg_000_height.npy,1.0,1.0,256,256,nm,1.7781387567520142,1.367830151803854,8.943744659423828,-0.5383230596786798,4.266074384654961,True,True,False,False,True,,5491dcbc9573b3d0b9bbd8279af6a7c2727db615def7b8a949551a7dc6f83698,"{""256"": ""outputs/rheed_video_afm_story/variants/afm_second_order_y2_v1/afm_bank/second_order_unit_shape_maps/6078__N78_Edg_000_unit_shape_256.npy""}","{""256"": ""outputs/rheed_video_afm_story/variants/afm_second_order_y2_v1/afm_bank/second_order_unit_shape_maps/6078__N78_Edg_000_centered_256.npy""}",{},1.7781387397574235,1.3678301500769123,8.943744564056397,5.804694294929504,17.04942035675049,-0.5383230596786798,4.266074384654961,108.2333578858777,149.13785356867874,12.998251063864403,77.29909138787306,308.88155282834083,27.45098039215686,31.37254901960784,27.45098039215686,1.1428571428571428,0.9959195779808212,-5.136567398655189,-3.007132193195594,-1.0433921126005776,0.0857494788887373,1.1764832230927815,2.7975621017339103,3.807177165401208,0.9992971552812524,0.0006529686108458,4.987610790163025e-05,-4.002976685055192,0.9999989807629396,0.7692474859905145,5.0298300862312315,3.2644744217395782,9.58834195137024,-0.5383231338137356,4.266074344009302,60.86884301633884,83.87292787993078,7.310024595286924,43.471877712011015,173.71042562659522,27.45098039215686,31.37254901960784,27.45098039215686,1.1428571428571428,0.995919577992279,-2.8887297355931363,-1.6911668145459255,-0.5867883080046734,0.0482242534506955,0.6616368180710712,1.5733076071936527,2.1411003506380952,0.9992971552766952,0.00065296861497,4.9876108334856394e-05,-4.002976668466752,,,,,,,,,,,,,,,,,,,,,,
6080,6080,data/pair/6080/AFM/N80 Ctr.000,N80_Ctr_000,data/afm_second_order/6080/N80_Ctr_000/N80_Ctr_000_height.npy,data/afm_second_order/6080/N80_Ctr_000/N80_Ctr_000_height.npy,1.0,1.0,256,256,nm,3.645188093185425,2.8582764177450235,17.383472442626953,-0.5823246891253837,3.4711231025010933,True,True,False,True,True,,efa697bb828a56bd2f79284f34f907fc7c363cd77daef6dca5a0803382b5afcb,"{""256"": ""outputs/rheed_video_afm_story/variants/afm_second_order_y2_v1/afm_bank/second_order_unit_shape_maps/6080__N80_Ctr_000_unit_shape_256.npy""}","{""256"": ""outputs/rheed_video_afm_story/variants/afm_second_order_y2_v1/afm_bank/second_order_unit_shape_maps/6080__N80_Ctr_000_centered_256.npy""}",{},3.6451880755654433,2.858276418747954,17.383471751213072,11.92671024799347,27.965720176696777,-0.5823246891253837,3.4711231025010933,189.3679596099532,235.26311255002653,26.943924704765024,153.46249750995963,463.6734795682803,31.37254901960784,31.37254901960784,31.37254901960784,1.0,0.9967430503708894,-10.127153973746886,-6.797122221160522,-2.100235741305938,0.4356622139924859,2.5381883571857307,5.1295880268329475,7.256317777466188,0.999667611423462,0.0003122997328192,2.0088843718860583e-05,-4.592679250677283,0.9999990185867909,0.7841223980088139,4.768877321481705,3.271902173757553,7.671947717666626,-0.5823246445971942,3.4711230667296147,51.950069490915766,64.5406700194132,7.391634497000141,42.09998596949146,127.20139383535194,31.37254901960784,31.37254901960784,31.37254901960784,1.0,0.996743050667654,-2.7782226549288045,-1.864681731333376,-0.5761660294433841,0.1195169357756367,0.6963113887408963,1.4072204424241772,1.9906546665529008,0.9996676114243656,0.0003122997314981,2.0088844136428493e-05,-4.5926791952355215,,,,,,,,,,,,,,,,,,,,,,
6080,6080,data/pair/6080/AFM/N80 Edg.000,N80_Edg_000,data/afm_second_order/6080/N80_Edg_000/N80_Edg_000_height.npy,data/afm_second_order/6080/N80_Edg_000/N80_Edg_000_height.npy,1.0,1.0,256,256,nm,4.567896366119385,3.45021870742828,23.044143676757812,-0.7871697901100688,4.116710503775671,True,True,False,False,True,,164a1ea76e406aea35f151cf594cdf8307219fc4b796b8070e8d8f5f0b458b62,"{""256"": ""outputs/rheed_video_afm_story/variants/afm_second_order_y2_v1/afm_bank/second_order_unit_shape_maps/6080__N80_Edg_000_unit_shape_256.npy""}","{""256"": ""outputs/rheed_video_afm_story/variants/afm_second_order_y2_v1/afm_bank/second_order_unit_shape_maps/6080__N80_Edg_000_centered_256.npy""}",{},4.567896151482667,3.450218689845487,23.04414281845093,15.385399222373962,31.12778663635254,-0.7871697901100688,4.116710503775671,222.7471888026721,306.2912771114048,15.876012873320612,155.59286297554434,656.3831737910167,31.37254901960784,31.37254901960784,31.37254901960784,1.0,0.9995656877724728,-13.681447231429534,-8.872646963256317,-2.172753011840301,0.6251343879523705,2.931300306660218,6.512752259117646,9.362695587021395,0.999670102786792,0.0003092547021194,2.0642511088354116e-05,-4.344288904068888,0.999999038985803,0.7553182571701813,5.044799518585205,3.3681554794311523,6.814462423324585,-0.7871698434791214,4.1167106129594675,48.763581100302915,67.05296566695226,3.475562676613828,34.062225273503074,143.69471341384073,31.37254901960784,31.37254901960784,31.37254901960784,1.0,0.9995656877682388,-2.9951280531099225,-1.9423905965497876,-0.4756568503191855,0.1368537488767717,0.6417172047683809,1.4257648828813647,2.049671465475283,0.999670102780296,0.0003092547089131,2.0642510790947015e-05,-4.344288913111471,,,,,,,,,,,,,,,,,,,,,,
6081,6081,data/pair/6081/AFM/N6081_1um.000,N6081_1um_000,data/afm_second_order/6081/N6081_1um_000/N6081_1um_000_height.npy,data/afm_second_order/6081/N6081_1um_000/N6081_1um_000_height.npy,1.0,1.0,256,256,nm,0.94173663854599,0.7405202162492479,4.535601615905762,0.0015808771456755,3.252600717119633,True,True,False,False,True,,e38cf5e8326070572f6e745c2310fe304ad386ed606a4d5d748023dbb6571b9f,"{""256"": ""outputs/rheed_video_afm_story/variants/afm_second_order_y2_v1/afm_bank/second_order_unit_shape_maps/6081__N6081_1um_000_unit_shape_256.npy""}","{""256"": ""outputs/rheed_video_afm_story/variants/afm_second_order_y2_v1/afm_bank/second_order_unit_shape_maps/6081__N6081_1um_000_centered_256.npy""}",{},0.941736619105983,0.7405202162548267,4.535601282119751,3.109869569540024,7.303988695144653,0.0015808771456755,3.252600717119633,56.79893919841905,67.3899654521232,12.538433509370218,49.52150997891749,125.8514512189572,31.37254901960784,27.45098039215686,31.37254901960784,1.1428571428571428,0.9979390580129178,-2.2865528988106476,-1.5350692915184725,-0.6153784739239442,0.0035829537860748,0.5988617194430602,1.574800278021551,2.2490483833091033,0.9991220868044982,0.0006813960207312,0.0001965171747705,-3.2052420373622557,0.9999989896233482,0.786333941926959,4.8162051320076,3.302267611026764,7.755864381790161,0.0015808808379891,3.252600717896939,60.31291618693716,71.55917693019363,13.314147822954276,52.58525475746951,133.63749593091725,31.37254901960784,27.45098039215686,31.37254901960784,1.1428571428571428,0.9979390580334392,-2.4280149495032037,-1.6300392782118522,-0.6534500753309929,0.0038046124122685,0.6359114760730065,1.6722283328149117,2.3881901825043954,0.9991220868019072,0.0006813960219719,0.000196517176121,-3.205242035238457,,,,,,,,,,,,,,,,,,,,,,
6081,6081,data/pair/6081/AFM/N81 Ctr.000,N81_Ctr_000,data/afm_second_order/6081/N81_Ctr_000/N81_Ctr_000_height.npy,data/afm_second_order/6081/N81_Ctr_000/N81_Ctr_000_height.npy,1.0,1.0,256,256,nm,1.5293935537338257,1.2193023930251827,7.053633213043213,0.2072472035570763,2.9448669142271915,True,True,False,True,True,,a8290b239e04215c97e0be4fd994cd1f2a1240faad91358a55743cd1857db42e,"{""256"": ""outputs/rheed_video_afm_story/variants/afm_second_order_y2_v1/afm_bank/second_order_unit_shape_maps/6081__N81_Ctr_000_unit_shape_256.npy""}","{""256"": ""outputs/rheed_video_afm_story/variants/afm_second_order_y2_v1/afm_bank/second_order_unit_shape_maps/6081__N81_Ctr_000_centered_256.npy""}",{},1.5293935447620752,1.2193023914621557,7.053633177280428,5.091493368148804,10.208487510681152,0.2072472035570763,2.9448669142271915,61.50855689031888,74.58874286605736,11.44813165882379,52.49035454603874,142.1365523135567,50.98039215686274,498.0392156862745,39.2156862745098,12.7,0.9859419133168552,-3.281204467966054,-2.4094103991527303,-1.0552224337596638,-0.0391116708059056,0.9803649515371576,2.6820829689960735,3.7724287093143736,0.9991274923897948,0.0008251379136796,4.736969652531664e-05,-4.072582780953609,0.9999990175417016,0.797244892113268,4.612041425704957,3.329089790582657,6.674853324890137,0.207247213414103,2.9448669746803593,40.217572926136846,48.77009570529594,7.485389767464901,34.32099185522354,92.93645932892522,50.98039215686274,498.0392156862745,39.2156862745098,12.7,0.9859419132131944,-2.145426509892139,-1.5754009466520873,-0.6899606864801971,-0.0255732927373973,0.6410148311503799,1.7536888439305696,2.4666149158128183,0.9991274923565412,0.0008251379459016,4.736969755692994e-05,-4.072582783678985,,,,,,,,,,,,,,,,,,,,,,
6081,6081,data/pair/6081/AFM/N81 Edg.000,N81_Edg_000,data/afm_second_order/6081/N81_Edg_000/N81_Edg_000_height.npy,data/afm_second_order/6081/N81_Edg_000/N81_Edg_000_height.npy,1.0,1.0,256,256,nm,2.076608896255493,1.637683881649992,10.41202449798584,0.6029992298042816,3.964757076795474,True,True,False,False,True,,7b9ce27a20cf97f7fb8953c6dcb7a0d69dd679b54ce4a293c7275a6aedec04c5,"{""256"": ""outputs/rheed_video_afm_story/variants/afm_second_order_y2_v1/afm_bank/second_order_unit_shape_maps/6081__N81_Edg_000_unit_shape_256.npy""}","{""256"": ""outputs/rheed_video_afm_story/variants/afm_second_order_y2_v1/afm_bank/second_order_unit_shape_maps/6081__N81_Edg_000_centered_256.npy""}",{},2.076608877812784,1.63768387841285,10.412024474143989,6.409244239330292,15.81300926208496,0.6029992298042816,3.964757076795474,68.67464834668692,82.8061942784919,12.784551937548072,58.51009155675504,157.11836777557053,54.90196078431372,498.0392156862745,39.2156862745098,12.7,0.9891713245977348,-4.057869941890159,-3.0484186241029883,-1.503260506093421,-0.103560039549985,1.3168058267236566,3.3608256152273035,6.354154532253827,0.9987218850603072,0.001206510734333,7.160420535986842e-05,-4.177360419056563,0.9999989405829746,0.7886329284705587,5.01395009160042,3.086396098136902,7.61481499671936,0.6029992539930898,3.9647571423057153,33.07053923146486,39.87563915592158,6.156455361526271,28.17575642240532,75.66095041408457,54.90196078431372,498.0392156862745,39.2156862745098,12.7,0.9891713245145708,-1.9540827452482332,-1.4679777323545564,-0.7239008694233049,-0.0498697254152644,0.6341128647981535,1.6184183657823454,3.059867346352187,0.9987218850547968,0.0012065107382885,7.16042069145006e-05,-4.177360386536732,,,,,,,,,,,,,,,,,,,,,,
6082,6082,data/pair/6082/AFM/N6082_1um.000,N6082_1um_000,data/afm_second_order/6082/N6082_1um_000/N6082_1um_000_height.npy,data/afm_second_order/6082/N6082_1um_000/N6082_1um_000_height.npy,1.0,1.0,256,256,nm,1.7564345598220823,1.379770133640291,8.536273002624512,0.0566943812577703,3.2878092758837973,True,True,False,False,True,,3bb286dcbc96a34627c69f99ddbfc3730b1e964fe4189e6a15a5650c9c2cd3bb,"{""256"": ""outputs/rheed_video_afm_story/variants/afm_second_order_y2_v1/afm_bank/second_order_unit_shape_maps/6082__N6082_1um_000_unit_shape_256.npy""}","{""256"": ""outputs/rheed_video_afm_story/variants/afm_second_order_y2_v1/afm_bank/second_order_unit_shape_maps/6082__N6082_1um_000_centered_256.npy""}",{},1.756434566045906,1.3797701334299073,8.536273193359374,5.773331463336945,12.792194366455078,0.0566943812577703,3.2878092758837973,91.35003086574498,111.71413500625192,14.008043372439603,77.21830160516427,217.48409379923805,39.2156862745098,35.29411764705882,43.13725490196078,1.2222222222222223,0.9956676431241784,-4.107863904422996,-2.9467006577913737,-1.1155484570925214,0.0004935529279433,1.1340514467294238,2.826630805545571,4.428409288936379,0.999355065012062,0.0004885895366704,0.0001563454512675,-3.233274105031801,0.9999991048981164,0.7855509822525492,4.859995985031128,3.286957800388336,7.283039808273315,0.056694398627801,3.2878092711815756,52.00874014917711,63.60273069878156,7.97526874828518,43.9630564283254,123.82123422069958,39.2156862745098,35.29411764705882,43.13725490196078,1.2222222222222223,0.9956676431597882,-2.3387491547992965,-1.6776588344505567,-0.6351203852823515,0.0002809772854393,0.6456548041173678,1.6092989659377794,2.521246830231832,0.9993550650158832,0.000488589533614,0.0001563454505029,-3.2332741014602555,,,,,,,,,,,,,,,,,,,,,,
6082,6082,data/pair/6082/AFM/N6082_1um.001,N6082_1um_001,data/afm_second_order/6082/N6082_1um_001/N6082_1um_001_height.npy,data/afm_second_order/6082/N6082_1um_001/N6082_1um_001_height.npy,1.0,1.0,256,256,nm,1.8638947010040283,1.461939511267574,8.932221412658691,0.077448220677865,3.4497920630159147,True,True,False,True,True,,01cc4f433aae320daf2435a08ee0eae1b30faba82100c00b71eeed2c039dbd18,"{""256"": ""outputs/rheed_video_afm_story/variants/afm_second_order_y2_v1/afm_bank/second_order_unit_shape_maps/6082__N6082_1um_001_unit_shape_256.npy""}","{""256"": ""outputs/rheed_video_afm_story/variants/afm_second_order_y2_v1/afm_bank/second_order_unit_shape_maps/6082__N6082_1um_001_centered_256.npy""}",{},1.863894743541168,1.4619395121870784,8.932221102714543,6.018281817436218,16.46195077896118,0.077448220677865,3.4497920630159147,96.40740519329918,119.0742252420436,16.334977057717143,78.21014040782131,238.97565703387272,39.2156862745098,35.29411764705882,39.2156862745098,1.1111111111111112,0.9974307605416188,-4.305829945616733,-3.0931137714910606,-1.2161175225305656,0.0342136837166447,1.1999208416414162,2.9251680459451577,4.626391157097811,0.9996022865401422,0.0003654539194766,3.225954038103037e-05,-4.005085755859366,0.999999035364952,0.7843458470145918,4.792229962348941,3.2288711965084076,8.832008838653564,0.0774483230263068,3.4497920765470296,51.72358142083509,63.88456715292224,8.763878438340251,41.96056059093637,128.21292740191834,39.2156862745098,35.29411764705882,39.2156862745098,1.1111111111111112,0.9974307208333764,-2.3101226553264587,-1.659487824136349,-0.652459780866238,0.0183559747469101,0.6437700882610355,1.5693833723720585,2.4821073070224817,0.9996022865451536,0.000365453914278,3.2259540568201364e-05,-4.005085744399056,,,,,,,,,,,,,,,,,,,,,,
6082,6082,data/pair/6082/AFM/N6082_1um.002,N6082_1um_002,data/afm_second_order/6082/N6082_1um_002/N6082_1um_002_height.npy,data/afm_second_order/6082/N6082_1um_002/N6082_1um_002_height.npy,1.0,1.0,256,256,nm,1.9985984563827517,1.560974819448815,10.157485008239746,0.0163033125532169,3.4740036645057546,True,True,False,False,True,,61a43c48218b1bed0880782e54475fc42806a4c7d85b205b0014cdfd0b9055ad,"{""256"": ""outputs/rheed_video_afm_story/variants/afm_second_order_y2_v1/afm_bank/second_order_unit_shape_maps/6082__N6082_1um_002_unit_shape_256.npy""}","{""256"": ""outputs/rheed_video_afm_story/variants/afm_second_order_y2_v1/afm_bank/second_order_unit_shape_maps/6082__N6082_1um_002_centered_256.npy""}",{},1.9985985001972684,1.560974819403976,10.157485055923464,6.461937725543976,15.530146598815918,0.0163033125532169,3.4740036645057546,106.4106825524436,131.04266661740536,18.594300929391657,86.7876354584582,264.6107064289176,35.29411764705882,35.29411764705882,39.2156862745098,1.1111111111111112,0.9927624902451044,-4.898966005082751,-3.307544150586749,-1.26698724293294,0.0106213910397642,1.3034031901401038,3.154393574957227,5.258519050840713,0.9996748820737632,0.0002987138944366,2.640403180017318e-05,-4.069439603589562,0.9999990691098456,0.7810339927835521,5.08229924440384,3.2332315742969513,7.7705113887786865,0.0163033003648869,3.4740036583174847,53.2426015399866,65.56721862660727,9.303658279126502,43.42420536385195,132.39800469202848,35.29411764705882,35.29411764705882,39.2156862745098,1.1111111111111112,0.9927624902659372,-2.451198345898402,-1.654930198668254,-0.633937263964427,0.0053144291874642,0.6521579976093645,1.5783013756286974,2.6311008985054376,0.999674882075302,0.0002987138935801,2.6404031118059565e-05,-4.069439635799612,,,,,,,,,,,,,,,,,,,,,,
6084,6084,data/pair/6084/AFM/N6084_1um.000,N6084_1um_000,data/afm_second_order/6084/N6084_1um_000/N6084_1um_000_height.npy,data/afm_second_order/6084/N6084_1um_000/N6084_1um_000_height.npy,1.0,1.0,256,256,nm,2.9926743507385254,1.7673242347687994,18.09997177124023,0.2783108492547407,16.47388997016348,True,True,False,False,True,,996470c188014b0ae5b018e1cab5d13d5f883eddac7f348e6c276692c7121b22,"{""256"": ""outputs/rheed_video_afm_story/variants/afm_second_order_y2_v1/afm_bank/second_order_unit_shape_maps/6084__N6084_1um_000_unit_shape_256.npy""}","{""256"": ""outputs/rheed_video_afm_story/variants/afm_second_order_y2_v1/afm_bank/second_order_unit_shape_maps/6084__N6084_1um_000_centered_256.npy""}",{},2.992674394739144,1.7673242314013675,18.099970316886935,7.320614457130432,41.58673858642578,0.2783108492547407,16.47388997016348,122.74709122325498,192.0338479689971,16.869859969406075,80.76454949470732,351.145860808565,47.05882352941176,43.13725490196078,78.4313725490196,1.818181818181818,0.9972474786483444,-6.178849043203903,-3.2918642419114836,-1.2726251142755278,-0.1377580384448298,0.9242121917471162,4.028750215218948,11.921121273683031,0.9996374548603474,0.0003406108886765,2.193425097615751e-05,-4.119686529609494,0.999998984664786,0.5905495223521111,6.048086178302777,2.446175456047058,13.896164417266846,0.2783110127209212,16.473889800159405,41.01581058865163,64.16790673392346,5.637049467591142,26.987390049380306,117.33501524537616,47.05882352941176,43.13725490196078,78.4313725490196,1.818181818181818,0.9972474786261516,-2.06465595042911,-1.0999729362746762,-0.4252463532110737,-0.046031710641651,0.3088245438912822,1.346202519772382,3.983430227873666,0.9996374548657028,0.0003406108817956,2.1934252501524345e-05,-4.119686448234687,,,,,,,,,,,,,,,,,,,,,,
6084,6084,data/pair/6084/AFM/N6084_1um.004,N6084_1um_004,data/afm_second_order/6084/N6084_1um_004/N6084_1um_004_height.npy,data/afm_second_order/6084/N6084_1um_004/N6084_1um_004_height.npy,1.0,1.0,256,256,nm,1.3994288444519043,1.1018363407578071,6.653648376464844,-0.4534915912250502,3.514576479632268,True,True,False,False,True,,85b4af33df87372725d437f66bf6990b1f287703801de5912ceaab678769e604,"{""256"": ""outputs/rheed_video_afm_story/variants/afm_second_order_y2_v1/afm_bank/second_order_unit_shape_maps/6084__N6084_1um_004_unit_shape_256.npy""}","{""256"": ""outputs/rheed_video_afm_story/variants/afm_second_order_y2_v1/afm_bank/second_order_unit_shape_maps/6084__N6084_1um_004_centered_256.npy""}",{},1.399428899294581,1.1018363428118434,6.653648221492769,4.576411068439484,12.706729412078856,-0.4534915912250502,3.514576479632268,101.25834363823957,133.9165375459412,11.369370031996077,74.43924936033517,280.53248053453666,23.52941176470588,23.52941176470588,27.45098039215686,1.1666666666666667,0.9920704876570758,-3.782164075245904,-2.4778091691637507,-0.8447923891449443,0.089211723933173,0.9760024614429006,2.098601899275733,2.8714841462468645,0.9980127351626874,0.0015909885007744,0.0003962763365381,-3.1435825948488847,0.9999990001646404,0.787346353445608,4.754540777206422,3.270195871591568,9.079930305480955,-0.4534915394578034,3.514576533429543,72.35683242906265,95.6936098977115,8.12428437926566,53.192542082585675,200.4619042715532,23.52941176470588,23.52941176470588,27.45098039215686,1.1666666666666667,0.9920704875440594,-2.702645552788963,-1.7705841666805642,-0.6036687797653573,0.0637486011934382,0.6974284046542747,1.4996117049110038,2.0518952244174593,0.9980127351578214,0.0015909884979684,0.0003962763442102,-3.143582585059171,,,,,,,,,,,,,,,,,,,,,,
6084,6084,data/pair/6084/AFM/N6084_1um.005,N6084_1um_005,data/afm_second_order/6084/N6084_1um_005/N6084_1um_005_height.npy,data/afm_second_order/6084/N6084_1um_005/N6084_1um_005_height.npy,1.0,1.0,256,256,nm,1.6137787103652954,1.2744092542226542,7.695356845855713,-0.2589135203040567,3.3924513236807647,True,True,False,True,True,,2e36742045344c067ec127476b1cb75c9d114234d27805252a4af5a21ea7c559,"{""256"": ""outputs/rheed_video_afm_story/variants/afm_second_order_y2_v1/afm_bank/second_order_unit_shape_maps/6084__N6084_1um_005_unit_shape_256.npy""}","{""256"": ""outputs/rheed_video_afm_story/variants/afm_second_order_y2_v1/afm_bank/second_order_unit_shape_maps/6084__N6084_1um_005_centered_256.npy""}",{},1.6137787369599983,1.2744092519711143,7.695356345176698,5.333653569221497,15.393346786499023,-0.2589135203040567,3.3924513236807647,95.94991384615976,131.27486014721137,14.23225082393828,65.71659547199431,278.2614877527993,31.37254901960784,31.37254901960784,31.37254901960784,1.0,0.99878005013822,-4.15193140792383,-2.755825784678591,-1.004296657319201,0.0373287017764321,1.1037744016693702,2.5778277845429054,3.5434249372528677,0.998727094598151,0.0011999870002569,7.291840159219226e-05,-3.7931413893300214,0.9999990731961588,0.7897043377308941,4.768528187274933,3.305068075656891,9.538687705993652,-0.2589135298239495,3.3924513858069703,59.456617431765835,81.34618205892767,8.819205195302366,40.72214515217219,172.42836727264336,31.37254901960784,31.37254901960784,31.37254901960784,1.0,0.998780050136739,-2.572798608748256,-1.7076834430378067,-0.622325478998958,0.0231312048230182,0.6839682618696105,1.597384632619084,2.1957295785266777,0.9987270945736084,0.001199987021897,7.291840449459466e-05,-3.7931413476283153,,,,,,,,,,,,,,,,,,,,,,
6084,6084,data/pair/6084/AFM/N6084_1um.006,N6084_1um_006,data/afm_second_order/6084/N6084_1um_006/N6084_1um_006_height.npy,data/afm_second_order/6084/N6084_1um_006/N6084_1um_006_height.npy,1.0,1.0,256,256,nm,1.487492561340332,1.172001586585568,6.996575355529785,0.2684464928251608,3.2100462547761945,True,True,False,False,True,,900ce2dfd105271a515d7bcacc611178fdc7c7e694574fbef11a5a8671b23f15,"{""256"": ""outputs/rheed_video_afm_story/variants/afm_second_order_y2_v1/afm_bank/second_order_unit_shape_maps/6084__N6084_1um_006_unit_shape_256.npy""}","{""256"": ""outputs/rheed_video_afm_story/variants/afm_second_order_y2_v1/afm_bank/second_order_unit_shape_maps/6084__N6084_1um_006_centered_256.npy""}",{},1.4874925475599463,1.1720015838567386,6.996575260162354,4.938555896282196,12.72184944152832,0.2684464928251608,3.2100462547761945,83.39358881342713,101.6813649392592,15.514091871405872,70.13844531769402,200.8326400856446,35.29411764705882,39.2156862745098,31.37254901960784,1.25,0.9910527888903822,-3.232512650025026,-2.3043735237242142,-1.008457622063295,-0.0906451181889931,0.9242763756393036,2.634182372557982,3.764062610137328,0.9995687188010456,0.0003891491882801,4.2132010674158154e-05,-3.876405718769023,0.9999989969443996,0.7879033807942035,4.703598856925964,3.320050895214081,8.55253791809082,0.2684465593597585,3.2100462762702504,56.063141094553934,68.3574933835169,10.429685128303737,47.15207859083728,135.01408002588562,35.29411764705882,39.2156862745098,31.37254901960784,1.25,0.9910527889237416,-2.1731264389419196,-1.5491647756957647,-0.677957434143984,-0.0609381459021207,0.6213647686577204,1.770886119518316,2.530472417984045,0.9995687188105558,0.0003891491797578,4.2132009686238495e-05,-3.876405719029031,,,,,,,,,,,,,,,,,,,,,,
6085,6085,data/pair/6085/AFM/N6085_1um.000,N6085_1um_000,data/afm_second_order/6085/N6085_1um_000/N6085_1um_000_height.npy,data/afm_second_order/6085/N6085_1um_000/N6085_1um_000_height.npy,1.0,1.0,256,256,nm,2.768815517425537,2.202291539893334,13.171817779541016,0.0024074241330477,3.016809022720791,True,True,False,True,True,,3aa2135a65f1c28e0d1bbcfdea69e00ceec877e34c793bcd613caed2fb6505c2,"{""256"": ""outputs/rheed_video_afm_story/variants/afm_second_order_y2_v1/afm_bank/second_order_unit_shape_maps/6085__N6085_1um_000_unit_shape_256.npy""}","{""256"": ""outputs/rheed_video_afm_story/variants/afm_second_order_y2_v1/afm_bank/second_order_unit_shape_maps/6085__N6085_1um_000_centered_256.npy""}",{},2.768815552568764,2.202291540390062,13.171817898750303,9.284131646156313,18.904562950134277,0.0024074241330477,3.016809022720791,113.96639076220724,143.53302399316297,15.65457002615286,91.101793290911,285.06620700743014,47.05882352941176,50.98039215686274,47.05882352941176,1.0833333333333333,0.992531113916729,-6.428217353569732,-4.656346811997161,-1.8453182718627312,0.0365483471281669,1.855111286891236,4.62778483415915,6.743600545180573,0.9996476095206172,0.0003293259587745,2.3064520608313212e-05,-4.119615389038253,0.9999989529247038,0.7953903731605604,4.757198095321655,3.3531024158000946,6.827664375305176,0.0024073274677669,3.0168090055166905,41.16065877012979,51.83908881272261,5.65388202810073,32.90276916165853,102.95590622854064,47.05882352941176,50.98039215686274,47.05882352941176,1.0833333333333333,0.9925311138118492,-2.3216464312821916,-1.681709072187572,-0.6664641561061435,0.0131999881863302,0.6700010834186978,1.6713933436125226,2.4355516640394637,0.999647609525605,0.0003293259533611,2.306452103382294e-05,-4.119615419224771,,,,,,,,,,,,,,,,,,,,,,
6085,6085,data/pair/6085/AFM/N6085_1um.001,N6085_1um_001,data/afm_second_order/6085/N6085_1um_001/N6085_1um_001_height.npy,data/afm_second_order/6085/N6085_1um_001/N6085_1um_001_height.npy,1.0,1.0,256,256,nm,2.1200366020202637,1.670316932339249,10.380041122436523,-0.1032467150798882,3.3231158429952727,True,True,False,False,True,,9fd3b0fde45575099d61eb7ce386aae670e8b2ef2f38d873a0eb079ff7ae36dd,"{""256"": ""outputs/rheed_video_afm_story/variants/afm_second_order_y2_v1/afm_bank/second_order_unit_shape_maps/6085__N6085_1um_001_unit_shape_256.npy""}","{""256"": ""outputs/rheed_video_afm_story/variants/afm_second_order_y2_v1/afm_bank/second_order_unit_shape_maps/6085__N6085_1um_001_centered_256.npy""}",{},2.12003672561768,1.6703169335084578,10.380041623115542,6.907102465629578,16.92308521270752,-0.1032467150798882,3.3231158429952727,108.05980876042074,131.89049204391316,19.030161135050832,91.6482346384564,254.82023912934432,39.2156862745098,39.2156862745098,39.2156862745098,1.0,0.995424527348537,-5.156360289498508,-3.5376407355510597,-1.377152785702885,0.1067432090199586,1.367790028408825,3.369461730078518,5.223681333617033,0.9995309952071432,0.0004353293043966,3.367548846047545e-05,-4.026385288986033,0.9999990131971668,0.7878709196162867,4.896156454086304,3.258007526397705,7.982441186904907,-0.1032466795367395,3.3231158379442856,50.97067457365968,62.2113568990478,8.976324917519594,43.229533606281834,120.19602152200471,39.2156862745098,39.2156862745098,39.2156862745098,1.0,0.9954244920710016,-2.432200905616173,-1.6686679213594289,-0.6495884894679874,0.0503496271271616,0.6451721847702175,1.5893396050382764,2.463955548470131,0.9995309952135832,0.000435329297718,3.367548869883055e-05,-4.026385274493721,,,,,,,,,,,,,,,,,,,,,,
6085,6085,data/pair/6085/AFM/N6085_1um.002,N6085_1um_002,data/afm_second_order/6085/N6085_1um_002/N6085_1um_002_height.npy,data/afm_second_order/6085/N6085_1um_002/N6085_1um_002_height.npy,1.0,1.0,256,256,nm,2.7152621746063232,2.1554309834779617,12.667850494384766,0.1718843414506229,3.0121560440509696,True,True,False,False,True,,bea499e9d5e1ba50b789e866df5f9f211238d79ed6feaa037d173fc54306dc14,"{""256"": ""outputs/rheed_video_afm_story/variants/afm_second_order_y2_v1/afm_bank/second_order_unit_shape_maps/6085__N6085_1um_002_unit_shape_256.npy""}","{""256"": ""outputs/rheed_video_afm_story/variants/afm_second_order_y2_v1/afm_bank/second_order_unit_shape_maps/6085__N6085_1um_002_centered_256.npy""}",{},2.7152622390414702,2.1554309867236072,12.667851161956786,9.005519986152649,20.30856990814209,0.1718843414506229,3.0121560440509696,122.17788325462952,149.02289658708335,16.487242816856437,108.63431823675782,292.4681304961871,43.13725490196078,43.13725490196078,43.13725490196078,1.0,0.9963224207971968,-6.040089871253418,-4.305880596007752,-1.8928805488008733,-0.0643826118517393,1.7257137996297602,4.699639390144897,6.627761290703369,0.9996722005255712,0.000305910807134,2.1888667294666864e-05,-4.128476121520519,0.999999076253538,0.7938198251478896,4.66542021036148,3.3166268467903137,7.479406833648682,0.1718842838658726,3.012156056269527,44.99667452919939,54.883376772427376,6.0720658574020865,40.00873587821853,107.71255882685308,43.13725490196078,43.13725490196078,43.13725490196078,1.0,0.9963224207192458,-2.2244938437425725,-1.5858051125490302,-0.6971255932533379,-0.0237113573187227,0.6355601157462959,1.7308217342412835,2.4409263666189083,0.9996722005228892,0.0003059108096345,2.1888667476323085e-05,-4.128476140134107,,,,,,,,,,,,,,,,,,,,,,
6085,6085,data/pair/6085/AFM/N6085_1um.003,N6085_1um_003,data/afm_second_order/6085/N6085_1um_003/N6085_1um_003_height.npy,data/afm_second_order/6085/N6085_1um_003/N6085_1um_003_height.npy,1.0,1.0,256,256,nm,2.901766300201416,2.3151551053105432,13.45024299621582,0.2077266695972704,2.90833103552315,True,True,False,False,True,,b0e8457cf5ae560cc751689f9bac7c68a11b58a8234dc79ba13c8f72ca1dd435,"{""256"": ""outputs/rheed_video_afm_story/variants/afm_second_order_y2_v1/afm_bank/second_order_unit_shape_maps/6085__N6085_1um_003_unit_shape_256.npy""}","{""256"": ""outputs/rheed_video_afm_story/variants/afm_second_order_y2_v1/afm_bank/second_order_unit_shape_maps/6085__N6085_1um_003_centered_256.npy""}",{},2.901766190671899,2.3151551006621514,13.450242471694946,9.575157403945925,19.589436531066895,0.2077266695972704,2.90833103552315,129.93394922442548,158.69130697087195,16.811608196275326,116.24950743592406,307.0183290319143,43.13725490196078,47.05882352941176,39.2156862745098,1.2,0.9921851059943908,-6.242355208104584,-4.513773851102326,-2.037084870046113,-0.122395195072625,1.8498110547604816,5.061383552843597,7.207887263590362,0.999709209793868,0.0002716042038453,1.918600228656313e-05,-4.158849549274129,0.9999990407421304,0.7978426677432396,4.635187339782715,3.2997654378414154,6.7508604526519775,0.207726736253978,2.9083310495136976,44.777495803692815,54.687780665903176,5.793571729782973,40.06160230790566,105.8038591834923,43.13725490196078,47.05882352941176,39.2156862745098,1.2,0.9921851060350396,-2.1512241320559053,-1.5555247621485264,-0.7020148293921025,-0.0421795057007343,0.6374770296863048,1.744240675692889,2.4839632077268097,0.9997092097973947,0.0002716042000658,1.918600253932549e-05,-4.158849540615976,,,,,,,,,,,,,,,,,,,,,,
6090,6090,data/pair/6090/AFM/N6090_1um.000,N6090_1um_000,data/afm_second_order/6090/N6090_1um_000/N6090_1um_000_height.npy,data/afm_second_order/6090/N6090_1um_000/N6090_1um_000_height.npy,1.0,1.0,256,256,nm,2.4789509773254395,1.926744008040397,12.509124755859377,0.115331707753975,3.5150631245549806,True,True,False,False,True,,ff022a26342f4eed3de7bb8c3df7ef443f6da630cd9ec678e03cbf23c691bc19,"{""256"": ""outputs/rheed_video_afm_story/variants/afm_second_order_y2_v1/afm_bank/second_order_unit_shape_maps/6090__N6090_1um_000_unit_shape_256.npy""}","{""256"": ""outputs/rheed_video_afm_story/variants/afm_second_order_y2_v1/afm_bank/second_order_unit_shape_maps/6090__N6090_1um_000_centered_256.npy""}",{},2.4789508370951276,1.9267440111700287,12.509124541282656,8.146154642105103,18.218530654907227,0.115331707753975,3.5150631245549806,111.07200591157417,136.25267632304644,19.487556345583172,92.86220568600751,261.10378757007584,39.2156862745098,35.29411764705882,47.05882352941176,1.3333333333333337,0.9919125198651976,-5.737371879794339,-4.094615536906461,-1.5871026396534245,0.0307806849696834,1.550322425387164,4.051539105198642,6.771752661488316,0.999739142453632,0.0002443765025601,1.6481043807791284e-05,-4.373756447391072,0.9999989620971258,0.7772409128868796,5.046131145954133,3.2861266136169434,7.34928297996521,0.1153317481535797,3.5150631115189066,44.80600774750884,54.96379042248407,7.861188784861522,37.460250079710946,105.32823254102152,39.2156862745098,35.29411764705882,47.05882352941176,1.3333333333333337,0.9919125200734744,-2.314432972957107,-1.6517517331137386,-0.64023095994136,0.0124167923734459,0.6253939357505116,1.6343748805032048,2.7316981729970258,0.999739142451498,0.0002443765045052,1.648104399679326e-05,-4.373756447308487,,,,,,,,,,,,,,,,,,,,,,
6090,6090,data/pair/6090/AFM/N6090_1um.001,N6090_1um_001,data/afm_second_order/6090/N6090_1um_001/N6090_1um_001_height.npy,data/afm_second_order/6090/N6090_1um_001/N6090_1um_001_height.npy,1.0,1.0,256,256,nm,2.861668348312378,2.273127162005905,13.240654945373535,0.3552393702568073,3.24035077973248,True,True,False,True,True,,1c29f9bcea741b82d836790dfac56ceb9eaadfad8736e5902a7397c9b10fa04a,"{""256"": ""outputs/rheed_video_afm_story/variants/afm_second_order_y2_v1/afm_bank/second_order_unit_shape_maps/6090__N6090_1um_001_unit_shape_256.npy""}","{""256"": ""outputs/rheed_video_afm_story/variants/afm_second_order_y2_v1/afm_bank/second_order_unit_shape_maps/6090__N6090_1um_001_centered_256.npy""}",{},2.861668249591701,2.2731271619604017,13.240655303001413,9.277308702468872,20.532670974731445,0.3552393702568073,3.24035077973248,122.63533405286952,149.79170727543402,21.560364379002007,103.74153703395116,286.49903860148527,47.05882352941176,47.05882352941176,47.05882352941176,1.0,0.9978361450882042,-6.042954489881624,-4.392045042211641,-1.938213965589631,-0.2895706507512219,1.82590139776982,4.885263660257231,7.197700813119788,0.99965555582005,0.0003175951478178,2.684903213203361e-05,-3.9647793175435537,0.9999990391020628,0.7943356023641044,4.6268964648246795,3.2419199347496033,7.175063371658325,0.3552393520021255,3.2403508739432776,42.854449252790914,52.344140232768616,7.53418468607824,36.25208392445933,100.11600053008628,47.05882352941176,47.05882352941176,47.05882352941176,1.0,0.9978361450951808,-2.111687386730945,-1.5347833223140597,-0.6773014254367706,-0.1011893338954803,0.6380542926990631,1.7071366124355438,2.5152090780937346,0.9996555558195048,0.0003175951481845,2.6849032310408103e-05,-3.9647793064443793,,,,,,,,,,,,,,,,,,,,,,
6090,6090,data/pair/6090/AFM/N6090_1um.002,N6090_1um_002,data/afm_second_order/6090/N6090_1um_002/N6090_1um_002_height.npy,data/afm_second_order/6090/N6090_1um_002/N6090_1um_002_height.npy,1.0,1.0,256,256,nm,2.9472744464874268,2.3681775268884526,13.496797561645508,0.1329736042089645,2.945564990562102,True,True,False,False,True,,0f7e0a6ca60a75821508c0951b0f9f3294580103aee2402a32f02951aa774584,"{""256"": ""outputs/rheed_video_afm_story/variants/afm_second_order_y2_v1/afm_bank/second_order_unit_shape_maps/6090__N6090_1um_002_unit_shape_256.npy""}","{""256"": ""outputs/rheed_video_afm_story/variants/afm_second_order_y2_v1/afm_bank/second_order_unit_shape_maps/6090__N6090_1um_002_centered_256.npy""}",{},2.947274460094538,2.368177529882573,13.496797370910643,9.602928400039673,23.61290740966797,0.1329736042089645,2.945564990562102,123.37940136522178,150.53041076298553,21.609214431679625,105.98675701797256,283.8635835944577,47.05882352941176,47.05882352941176,47.05882352941176,1.0,0.9985619338069144,-6.510328778810621,-4.690300235338331,-2.0410557480527167,-0.1013430634511715,1.995406439714312,4.912628164701342,6.986468592100025,0.9994975427425772,0.0004643184680262,3.813878939685906e-05,-3.861014706110699,0.9999989656748122,0.8035135894805816,4.579411828517914,3.2582368552684784,8.01176929473877,0.1329735711050856,2.9455649983865704,41.86215965832932,51.07439359737455,7.331922582858697,35.96090205751898,96.31383364980388,47.05882352941176,47.05882352941176,47.05882352941176,1.0,0.99856193376673,-2.208929662388359,-1.5914009257970203,-0.6925223961291659,-0.0343853242514479,0.6770337924542081,1.666835929471458,2.370482166129555,0.9994975427396168,0.0004643184721155,3.813878826789685e-05,-3.861014722596746,,,,,,,,,,,,,,,,,,,,,,
6094,6094,data/pair/6094/AFM/N6081_1um.000,N6081_1um_000,data/afm_second_order/6094/N6081_1um_000/N6081_1um_000_height.npy,data/afm_second_order/6094/N6081_1um_000/N6081_1um_000_height.npy,1.0,1.0,256,256,nm,1.1276371479034424,0.890087931509316,5.329286575317383,-0.3407619297036439,3.2898657090382653,True,True,False,False,True,,7011952bc77bc0465fc7252473e4a0815b8b0a1f57d52b73caff60b4f78f8b5a,"{""256"": ""outputs/rheed_video_afm_story/variants/afm_second_order_y2_v1/afm_bank/second_order_unit_shape_maps/6094__N6081_1um_000_unit_shape_256.npy""}","{""256"": ""outputs/rheed_video_afm_story/variants/afm_second_order_y2_v1/afm_bank/second_order_unit_shape_maps/6094__N6081_1um_000_centered_256.npy""}",{},1.127637149476052,0.8900879314324424,5.329286563396455,3.747824013233185,9.71540904045105,-0.3407619297036439,3.2898657090382653,80.38947086332017,99.54048547623344,10.160904234364644,64.07171678917595,193.9270513604332,27.45098039215686,23.52941176470588,27.45098039215686,1.1666666666666667,0.9882627513998328,-2.9330912916201357,-1.9894438294905428,-0.6993307082194093,0.072201477156281,0.7662212641698118,1.758380183742642,2.3961952717763184,0.9981600008080668,0.0011380496078353,0.0007019495840977,-2.888131373261118,0.9999990413638826,0.7893381998695017,4.726060783863068,3.323604851961136,8.615715026855469,-0.3407619158320872,3.2898657507924747,71.29012545712946,88.2734221082787,9.010785584499976,56.81939535505494,171.97628889602646,27.45098039215686,23.52941176470588,27.45098039215686,1.1666666666666667,0.9882627513495384,-2.601092560970206,-1.7642570812338778,-0.6201729107731767,0.0640289183622411,0.6794921081429534,1.559347770727258,2.1249682228928624,0.9981600008038578,0.001138049613208,0.0007019495829344,-2.8881313733745926,,,,,,,,,,,,,,,,,,,,,,
6094,6094,data/pair/6094/AFM/N6094_150nm.002,N6094_150nm_002,data/afm_second_order/6094/N6094_150nm_002/N6094_150nm_002_height.npy,data/afm_second_order/6094/N6094_150nm_002/N6094_150nm_002_height.npy,1.0,1.0,256,256,nm,4.126567363739014,3.2028263585622456,19.735633850097656,-0.5437077141759169,3.483321382064828,True,True,False,True,True,,7a200c682686a0cdaedf23f3c72443647b2e018d5d1a85f906f974f1d2dbe966,"{""256"": ""outputs/rheed_video_afm_story/variants/afm_second_order_y2_v1/afm_bank/second_order_unit_shape_maps/6094__N6094_150nm_002_unit_shape_256.npy""}","{""256"": ""outputs/rheed_video_afm_story/variants/afm_second_order_y2_v1/afm_bank/second_order_unit_shape_maps/6094__N6094_150nm_002_centered_256.npy""}",{},4.1265671191219715,3.202826356178618,19.73563237190247,13.747199773788452,30.8465576171875,-0.5437077141759169,3.483321382064828,243.29020845560635,311.80185486993156,29.04342528952072,185.9290136392719,626.0909561024557,31.37254901960784,27.45098039215686,31.37254901960784,1.1428571428571428,0.9985365676882274,-11.246939219309793,-7.803246392085062,-2.33838988669108,0.5222132074098723,2.730828570054068,5.94395338170339,8.488693152592674,0.9995453174199136,0.0004264806423096,2.820193777680171e-05,-4.220147904787953,0.9999989958929328,0.7761471090850595,4.7825739860534675,3.3313854932785034,7.475106477737427,-0.5437077505787041,3.4833214007111284,58.95698705701571,75.55954716437685,7.038149303915362,45.05653649763131,151.72183815513992,31.37254901960784,27.45098039215686,31.37254901960784,1.1428571428571428,0.9985365676971616,-2.7254925260905183,-1.8909758220080295,-0.5666665325526156,0.1265489642854771,0.6617669423457228,1.440409671270474,2.0570814599629488,0.9995453174216392,0.0004264806405114,2.8201937849206627e-05,-4.220147914854765,,,,,,,,,,,,,,,,,,,,,,
6094,6094,data/pair/6094/AFM/N6094_1 um.008,N6094_1_um_008,data/afm_second_order/6094/N6094_1_um_008/N6094_1_um_008_height.npy,data/afm_second_order/6094/N6094_1_um_008/N6094_1_um_008_height.npy,1.0,1.0,256,256,nm,1.3908814191818235,1.0809230987573692,6.544150352478027,-0.2015941771956859,3.5314772542945083,True,True,False,False,True,,ea1afe61c763cea67bbd7d5c3c90ce3cf3558e3f30891502a86c01f3f3b5abca,"{""256"": ""outputs/rheed_video_afm_story/variants/afm_second_order_y2_v1/afm_bank/second_order_unit_shape_maps/6094__N6094_1_um_008_unit_shape_256.npy""}","{""256"": ""outputs/rheed_video_afm_story/variants/afm_second_order_y2_v1/afm_bank/second_order_unit_shape_maps/6094__N6094_1_um_008_centered_256.npy""}",{},1.3908814574378072,1.0809230992960015,6.5441502094268795,4.595562636852264,12.01092290878296,-0.2015941771956859,3.5314772542945083,78.50568789333411,105.12435959168094,10.586452196130534,54.804236872320146,221.4773617935745,31.37254901960784,31.37254901960784,35.29411764705882,1.125,0.995917260746961,-3.4929059086756,-2.2849849282221086,-0.8704017667488344,0.0075185879676453,0.8710455329700224,2.310577708630156,3.05124430075128,0.9993965955596488,0.0005443599153338,5.9044525017476365e-05,-3.795838467580931,0.9999991039996732,0.7771489992269467,4.705033791065216,3.304062008857727,8.635468006134033,-0.2015941570767693,3.531477145930858,56.443068698120975,75.58103866262687,7.611318985674204,39.40248829846983,159.23510214222478,31.37254901960784,31.37254901960784,35.29411764705882,1.125,0.9959172607032926,-2.5112870995274656,-1.6428308133355252,-0.6257908884755246,0.0054056355410345,0.6262537147530445,1.661231195522202,2.1937466915377506,0.999396595557826,0.0005443599178957,5.904452427811449e-05,-3.795838479212493,,,,,,,,,,,,,,,,,,,,,,
6094,6094,data/pair/6094/AFM/N6094_1um.000,N6094_1um_000,data/afm_second_order/6094/N6094_1um_000/N6094_1um_000_height.npy,data/afm_second_order/6094/N6094_1um_000/N6094_1um_000_height.npy,1.0,1.0,512,512,nm,4.154070854187012,3.155516245778442,20.589914321899418,-0.8904881532920603,4.314640049140067,True,True,False,False,True,,5211c6017536034fbc6ee90579f47a48f5107f5eefbea67a4a9215afe3ee78ef,"{""256"": ""outputs/rheed_video_afm_story/variants/afm_second_order_y2_v1/afm_bank/second_order_unit_shape_maps/6094__N6094_1um_000_unit_shape_256.npy""}","{""256"": ""outputs/rheed_video_afm_story/variants/afm_second_order_y2_v1/afm_bank/second_order_unit_shape_maps/6094__N6094_1um_000_centered_256.npy""}",{},4.154070776348137,3.1555162376339068,20.589914636611937,13.526865887641904,33.63858985900879,-0.8904881532920603,4.314640049140067,252.7557955530342,343.7988107433815,30.402607588638187,172.0804561093655,726.6688455560788,27.3972602739726,27.3972602739726,27.3972602739726,1.0,0.9977208172934252,-12.627269697763358,-7.968339462854302,-2.0134573417681816,0.620757461808288,2.7908864182453987,5.558526424787601,7.96264493884858,0.999883354255394,0.0001010905147344,1.5555229871645393e-05,-3.7869454813029946,0.9999990427422424,0.7596195101320111,4.956558649539948,3.2562884271144856,8.09773302078247,-0.8904881542566634,4.314640059781377,60.84526906466146,82.76182602786547,7.318738309307419,41.42449432755693,174.92921688266745,27.3972602739726,27.3972602739726,27.3972602739726,1.0,0.9977208501799316,-3.039731090925306,-1.9181982680779397,-0.4846945464235247,0.1494333833831846,0.6718430832404195,1.3380901590365462,1.9168275586146415,0.9998833542550728,0.0001010905153303,1.5555229596514153e-05,-3.78694548596876,,,,,,,,,,,,,,,,,,,,,,
6094,6094,data/pair/6094/AFM/N6094_1um.005,N6094_1um_005,data/afm_second_order/6094/N6094_1um_005/N6094_1um_005_height.npy,data/afm_second_order/6094/N6094_1um_005/N6094_1um_005_height.npy,1.0,1.0,256,256,nm,1.300163507461548,1.0172041520819046,6.296394348144531,-0.3491852661846673,3.5015473821929746,True,True,False,False,True,,003232f06eec4110b6439a59d81d98c16bad86855840712d37ea25dbdc7b2102,"{""256"": ""outputs/rheed_video_afm_story/variants/afm_second_order_y2_v1/afm_bank/second_order_unit_shape_maps/6094__N6094_1um_005_unit_shape_256.npy""}","{""256"": ""outputs/rheed_video_afm_story/variants/afm_second_order_y2_v1/afm_bank/second_order_unit_shape_maps/6094__N6094_1um_005_centered_256.npy""}",{},1.3001635593605574,1.0172041528118898,6.296394336223603,4.297314643859863,11.06138515472412,-0.3491852661846673,3.5015473821929746,77.93388070397633,103.5741175101012,11.133792897648682,54.911133306333696,215.58443191465813,31.37254901960784,27.45098039215686,39.2156862745098,1.4285714285714286,0.9961547251077412,-3.467535737845547,-2.244321397635586,-0.8093334055873226,0.0662746251193215,0.8595760100153614,2.0529932462242773,2.828858598378056,0.9993457816518302,0.0005861124676599,6.81058805096483e-05,-3.751423100080869,0.999999070742011,0.7823655723492561,4.84276647567749,3.3052078187465668,8.507679224014282,-0.3491851914289942,3.5015473631680227,59.94154164362224,79.66230086261375,8.563370360322882,42.23399060459987,165.81316262456522,31.37254901960784,27.45098039215686,39.2156862745098,1.4285714285714286,0.9961547251698376,-2.666997133542845,-1.726182322551558,-0.6224853206175064,0.0509739950550104,0.6611284654838349,1.5790254961950088,2.1757693421346453,0.999345781661309,0.0005861124601642,6.810587852696914e-05,-3.7514231113212455,,,,,,,,,,,,,,,,,,,,,,
6094,6094,data/pair/6094/AFM/N6094_ 1um _Edge.005,N6094_1um_Edge_005,data/afm_second_order/6094/N6094_1um_Edge_005/N6094_1um_Edge_005_height.npy,data/afm_second_order/6094/N6094_1um_Edge_005/N6094_1um_Edge_005_height.npy,1.0,1.0,256,256,nm,3.926355361938477,3.008839051092976,19.36161422729492,-0.6737406607818587,3.936122433948627,True,True,False,False,True,,2e8623e94f9b32a137e09376ef4449e6aaee7cfb7e6c12d80867ab0c94fb2e70,"{""256"": ""outputs/rheed_video_afm_story/variants/afm_second_order_y2_v1/afm_bank/second_order_unit_shape_maps/6094__N6094_1um_Edge_005_unit_shape_256.npy""}","{""256"": ""outputs/rheed_video_afm_story/variants/afm_second_order_y2_v1/afm_bank/second_order_unit_shape_maps/6094__N6094_1um_Edge_005_centered_256.npy""}",{},3.9263554309360735,3.008839065746744,19.361613345146186,13.129080533981323,32.03194522857666,-0.6737406607818587,3.936122433948627,204.1034601298469,266.5060569238155,24.644065125558416,150.647275859325,546.6892979805302,35.29411764705882,31.37254901960784,39.2156862745098,1.25,0.9980955369771364,-11.43090058025061,-7.349254280888427,-2.057374567353118,0.4447865182525032,2.5498560363417977,5.779826253092896,7.930712764895571,0.999531853735736,0.0004379864330268,3.015983123714494e-05,-4.136286314334335,0.9999990520159872,0.7663178427760923,4.931187415122986,3.343830823898315,8.158180475234985,-0.6737406191063341,3.936122346841676,51.98288078491164,67.87612766234199,6.276569615789705,38.36818534808508,139.23566705701344,35.29411764705882,31.37254901960784,39.2156862745098,1.25,0.9980955369531972,-2.9113230541792277,-1.8717734173384073,-0.5239904776659372,0.1132821894738314,0.649419952884638,1.472057406559908,2.0198643609437585,0.9995318537354192,0.000437986433078,3.0159831502686157e-05,-4.13628631577724,,,,,,,,,,,,,,,,,,,,,,
6094,6094,data/pair/6094/AFM/N6094_1um_edge,N6094_1um_edge,data/afm_second_order/6094/N6094_1um_edge/N6094_1um_edge_height.npy,data/afm_second_order/6094/N6094_1um_edge/N6094_1um_edge_height.npy,1.0,1.0,256,256,nm,4.059202671051025,3.0779211304643725,20.35177230834961,-0.6356382612556464,4.279485551506258,True,True,False,False,True,,5256d2e0f57ac0947626f5a5992966cf329384a5583f92ce5c94cff3e04ec5ed,"{""256"": ""outputs/rheed_video_afm_story/variants/afm_second_order_y2_v1/afm_bank/second_order_unit_shape_maps/6094__N6094_1um_edge_unit_shape_256.npy""}","{""256"": ""outputs/rheed_video_afm_story/variants/afm_second_order_y2_v1/afm_bank/second_order_unit_shape_maps/6094__N6094_1um_edge_centered_256.npy""}",{},4.059202641934236,3.077921126145984,20.351772975921634,13.330840945243835,35.17252159118652,-0.6356382612556464,4.279485551506258,206.26468316356485,269.08184122465946,28.21611768434544,150.64714474786092,555.7388678530783,35.29411764705882,31.37254901960784,35.29411764705882,1.125,0.9969142154774744,-11.688795151580829,-7.447613706459064,-2.1431616448059265,0.3910727597579772,2.5728218652114685,5.883227238784771,8.662977824340803,0.9996337083036516,0.0003122085375994,5.4083158749091174e-05,-3.694865554661969,0.9999990441911346,0.7582568444484614,5.013731908798219,3.2841002345085144,8.664875984191895,-0.6356382896562903,4.279485463530099,50.814040238653135,66.28927130906693,6.951139472136003,37.11245232584353,136.90826782815134,35.29411764705882,31.37254901960784,35.29411764705882,1.125,0.9969142154645916,-2.8795764134738513,-1.8347462640616965,-0.5279754923198291,0.0963421835091046,0.6338238640215329,1.449353970446818,2.134155495324367,0.999633708298352,0.0003122085429959,5.4083158652095466e-05,-3.6948655562569033,,,,,,,,,,,,,,,,,,,,,,
6094,6094,data/pair/6094/AFM/N6094_1um_edge.002,N6094_1um_edge_002,data/afm_second_order/6094/N6094_1um_edge_002/N6094_1um_edge_002_height.npy,data/afm_second_order/6094/N6094_1um_edge_002/N6094_1um_edge_002_height.npy,1.0,1.0,256,256,nm,4.126567363739014,3.2028263585622456,19.735633850097656,-0.5437077141759169,3.483321382064828,True,True,False,False,True,,7a200c682686a0cdaedf23f3c72443647b2e018d5d1a85f906f974f1d2dbe966,"{""256"": ""outputs/rheed_video_afm_story/variants/afm_second_order_y2_v1/afm_bank/second_order_unit_shape_maps/6094__N6094_1um_edge_002_unit_shape_256.npy""}","{""256"": ""outputs/rheed_video_afm_story/variants/afm_second_order_y2_v1/afm_bank/second_order_unit_shape_maps/6094__N6094_1um_edge_002_centered_256.npy""}",{},4.1265671191219715,3.202826356178618,19.73563237190247,13.747199773788452,30.8465576171875,-0.5437077141759169,3.483321382064828,243.29020845560635,311.80185486993156,29.04342528952072,185.9290136392719,626.0909561024557,31.37254901960784,27.45098039215686,31.37254901960784,1.1428571428571428,0.9985365676882274,-11.246939219309793,-7.803246392085062,-2.33838988669108,0.5222132074098723,2.730828570054068,5.94395338170339,8.488693152592674,0.9995453174199136,0.0004264806423096,2.820193777680171e-05,-4.220147904787953,0.9999989958929328,0.7761471090850595,4.7825739860534675,3.3313854932785034,7.475106477737427,-0.5437077505787041,3.4833214007111284,58.95698705701571,75.55954716437685,7.038149303915362,45.05653649763131,151.72183815513992,31.37254901960784,27.45098039215686,31.37254901960784,1.1428571428571428,0.9985365676971616,-2.7254925260905183,-1.8909758220080295,-0.5666665325526156,0.1265489642854771,0.6617669423457228,1.440409671270474,2.0570814599629488,0.9995453174216392,0.0004264806405114,2.8201937849206627e-05,-4.220147914854765,,,,,,,,,,,,,,,,,,,,,,
6094,6094,data/pair/6094/AFM/N6094_1um_edge.003,N6094_1um_edge_003,data/afm_second_order/6094/N6094_1um_edge_003/N6094_1um_edge_003_height.npy,data/afm_second_order/6094/N6094_1um_edge_003/N6094_1um_edge_003_height.npy,1.0,1.0,256,256,nm,4.418596267700195,3.395870242096337,21.264179229736328,-0.7048103092866925,4.146012024519645,True,True,False,False,True,,b4d84c1e9c3d3c849d81b05e17c2935fd1f40c60956f2c6fdfa93522da9c6f97,"{""256"": ""outputs/rheed_video_afm_story/variants/afm_second_order_y2_v1/afm_bank/second_order_unit_shape_maps/6094__N6094_1um_edge_003_unit_shape_256.npy""}","{""256"": ""outputs/rheed_video_afm_story/variants/afm_second_order_y2_v1/afm_bank/second_order_unit_shape_maps/6094__N6094_1um_edge_003_centered_256.npy""}",{},4.418596320398768,3.3958702354345403,21.26418008804321,14.553569793701172,33.93569278717041,-0.7048103092866925,4.146012024519645,240.79840530368824,312.83602160157477,26.69010795111898,181.5832937790664,637.0155736057482,31.37254901960784,27.45098039215686,35.29411764705882,1.2857142857142856,0.9980370013926172,-12.535353791789491,-8.097308003978213,-2.465040171222171,0.5790015815930758,2.8412419318395052,6.456261789722959,8.72882629625372,0.999696410644546,0.0002837808679255,1.9808487528486115e-05,-4.299595093867339,0.9999990812346315,0.7685397976493571,4.812424159049987,3.29370579123497,7.680190801620483,-0.7048103297610159,4.146011876532459,54.49653409126171,70.79980010018802,6.040398648018937,41.09521229343748,144.1668235437914,31.37254901960784,27.45098039215686,35.29411764705882,1.2857142857142856,0.9980370013014472,-2.836951130516671,-1.832550459988259,-0.5578780113531576,0.1310373307393564,0.6430185348914637,1.4611553312467112,1.975473028533317,0.9996964106449246,0.0002837808664537,1.980848862141344e-05,-4.29959504978442,,,,,,,,,,,,,,,,,,,,,,
6094,6094,data/pair/6094/AFM/N6094_1um_edge.006,N6094_1um_edge_006,data/afm_second_order/6094/N6094_1um_edge_006/N6094_1um_edge_006_height.npy,data/afm_second_order/6094/N6094_1um_edge_006/N6094_1um_edge_006_height.npy,1.0,1.0,256,256,nm,4.628430366516113,3.5376137999595287,23.86233711242676,-0.3905721979483054,3.79661744620005,True,True,False,False,True,,74b8a0a67411233bfd63e65920bbf9aa127ca785bb0a2de8e1760affce8216ce,"{""256"": ""outputs/rheed_video_afm_story/variants/afm_second_order_y2_v1/afm_bank/second_order_unit_shape_maps/6094__N6094_1um_edge_006_unit_shape_256.npy""}","{""256"": ""outputs/rheed_video_afm_story/variants/afm_second_order_y2_v1/afm_bank/second_order_unit_shape_maps/6094__N6094_1um_edge_006_centered_256.npy""}",{},4.6284300836900165,3.5376137892538213,23.86233673095704,15.269115924835203,35.6639404296875,-0.3905721979483054,3.79661744620005,210.74999565494636,285.64816345357934,13.32391069593205,148.44769410465966,598.784496927595,35.29411764705882,39.2156862745098,35.29411764705882,1.1111111111111112,0.9952647676785876,-12.81419593841352,-8.288379164045235,-2.5421185806445097,0.2985276937433267,2.8411304637738253,6.980736760789969,11.04814079254352,0.999541748135956,0.0004078838525458,5.036801149801152e-05,-3.7152661569840815,0.9999990238773756,0.7643218683049297,5.15559575557709,3.298980712890625,7.705400466918945,-0.3905722258144515,3.7966174929914103,45.533752615675226,61.71593418285726,2.878708614306057,32.07297866206632,129.37085650962277,35.29411764705882,39.2156862745098,35.29411764705882,1.1111111111111112,0.99526500728804,-2.7685811791987827,-1.7907521758647371,-0.5492393706412722,0.0644986185757707,0.6138426478533339,1.508228537025888,2.387014576378307,0.9995417481276684,0.00040788385992,5.036801241154356e-05,-3.71526616001093,,,,,,,,,,,,,,,,,,,,,,
6095,6095,data/pair/6095/AFM/N6095-100 nm.001,N6095_100_nm_001,data/afm_second_order/6095/N6095_100_nm_001/N6095_100_nm_001_height.npy,data/afm_second_order/6095/N6095_100_nm_001/N6095_100_nm_001_height.npy,1.0,1.0,256,256,nm,9.791423797607422,8.29216257580862,34.77068328857422,-0.3746548757363845,2.015102342698954,True,True,False,True,True,,9576e72c0b5242d423e0b69039296b9b9d43292ca5545a35417d5ec610728479,"{""256"": ""outputs/rheed_video_afm_story/variants/afm_second_order_y2_v1/afm_bank/second_order_unit_shape_maps/6095__N6095_100_nm_001_unit_shape_256.npy""}","{""256"": ""outputs/rheed_video_afm_story/variants/afm_second_order_y2_v1/afm_bank/second_order_unit_shape_maps/6095__N6095_100_nm_001_centered_256.npy""}",{},9.791423684219192,8.292162575874197,34.77068471908569,30.15001964569092,39.97419548034668,-0.3746548757363845,2.015102342698954,444.91715535657863,598.8265122937925,18.4940865573371,323.2371981361242,1181.1583100787338,35.29411764705882,35.29411764705882,35.29411764705882,1.0,0.9746748251609888,-17.63401155407634,-16.742292403533128,-7.642421244933272,2.162334800408219,7.865757108376359,13.407727242157792,17.136673165009352,0.9996851474074846,0.0002886338071711,2.6218785344213776e-05,-4.010176299022195,0.9999990574655192,0.8468793739001005,3.5511334896087647,3.0792244374752045,4.082568526268005,-0.3746548765027258,2.015102344820496,45.43943255265638,61.15821015559363,1.888803803259537,33.0122455897596,120.63180710858124,35.29411764705882,35.29411764705882,35.29411764705882,1.0,0.9746750116824074,-1.8009633002619505,-1.7098919449190852,-0.7805211989025829,0.2208394708295109,0.8033305557627919,1.3693324925561192,1.7501701893468145,0.9996851474107852,0.0002886338047663,2.6218784448340797e-05,-4.010176312350818,,,,,,,,,,,,,,,,,,,,,,
6095,6095,data/pair/6095/AFM/N6095_1um,N6095_1um,data/afm_second_order/6095/N6095_1um/N6095_1um_height.npy,data/afm_second_order/6095/N6095_1um/N6095_1um_height.npy,1.0,1.0,256,256,nm,8.617266654968262,7.078791133547737,34.57569885253906,-0.4337335182749123,2.417637099454381,True,True,False,False,True,,6ae4e5b762b3a96ede8598a60ea00458c6f868d4cfc42d8f4022f70028412583,"{""256"": ""outputs/rheed_video_afm_story/variants/afm_second_order_y2_v1/afm_bank/second_order_unit_shape_maps/6095__N6095_1um_unit_shape_256.npy""}","{""256"": ""outputs/rheed_video_afm_story/variants/afm_second_order_y2_v1/afm_bank/second_order_unit_shape_maps/6095__N6095_1um_centered_256.npy""}",{},8.61726637902281,7.078791133547727,34.575700283050544,28.139783143997192,45.30950164794922,-0.4337335182749123,2.417637099454381,452.0523297399356,577.0025661724707,47.0673009397345,342.92369258809373,1132.80247597158,31.37254901960784,31.37254901960784,31.37254901960784,1.0,0.9904726060170724,-18.871261882441377,-15.862648248331876,-5.894187569277617,1.687714279038576,6.259441733700899,12.277134895665316,15.704438400609169,0.99965984608353,0.0003110109356026,2.914298086722967e-05,-4.007286407490504,0.9999990236615218,0.8214651735332101,4.01237052679062,3.2655084431171417,5.25798487663269,-0.4337335180199279,2.4176371028779022,52.45885042955891,66.95882168392845,5.461952543102581,39.79492686780635,131.45716030749765,31.37254901960784,31.37254901960784,31.37254901960784,1.0,0.9904726060249578,-2.1899337886986148,-1.840796410959662,-0.6839966773208984,0.1958524362030617,0.7263830006900421,1.4247120321574798,1.822436738092005,0.9996598460822494,0.0003110109367538,2.914298099682128e-05,-4.007286413360648,,,,,,,,,,,,,,,,,,,,,,
6095,6095,data/pair/6095/AFM/N6095_1um.003,N6095_1um_003,data/afm_second_order/6095/N6095_1um_003/N6095_1um_003_height.npy,data/afm_second_order/6095/N6095_1um_003/N6095_1um_003_height.npy,1.0,1.0,256,256,nm,8.149551391601562,6.690858872094554,33.42241287231445,-0.5272769926351417,2.499277836607841,True,True,False,False,True,,edc720b1bf96cf911e79d26a0dfd0156f03a7e1f2aae57972aa2587be02a23ed,"{""256"": ""outputs/rheed_video_afm_story/variants/afm_second_order_y2_v1/afm_bank/second_order_unit_shape_maps/6095__N6095_1um_003_unit_shape_256.npy""}","{""256"": ""outputs/rheed_video_afm_story/variants/afm_second_order_y2_v1/afm_bank/second_order_unit_shape_maps/6095__N6095_1um_003_centered_256.npy""}",{},8.14955158062806,6.690858822589734,33.422411870956424,26.382394552230835,47.47434425354004,-0.5272769926351417,2.499277836607841,449.53331014451,575.8574785969523,45.54806012863829,337.6005482496772,1133.178428993121,31.37254901960784,27.45098039215686,35.29411764705882,1.2857142857142856,0.9860287317231,-18.780962794510103,-15.366094868866185,-5.473660510269383,1.6844715063894005,6.099434692176601,11.01629968336465,14.64144907644632,0.999605957896453,0.0003624883749111,3.155372863588508e-05,-4.024953101157615,0.9999990804314488,0.8210086905841816,4.101131284236908,3.2372787594795227,5.825388193130493,-0.5272770785146657,2.499277869243885,55.16044554737386,70.66118312109226,5.589023268843794,41.42561775040674,139.04782154932388,31.37254901960784,27.45098039215686,35.29411764705882,1.2857142857142856,0.986028731512096,-2.304537371949811,-1.8855124336048552,-0.671651146964688,0.2066948193744233,0.7484374273255876,1.3517663258746675,1.796593912287098,0.9996059578813182,0.0003624883906346,3.155372804714449e-05,-4.024953123321981,,,,,,,,,,,,,,,,,,,,,,
6095,6095,data/pair/6095/AFM/N6095_1um.005,N6095_1um_005,data/afm_second_order/6095/N6095_1um_005/N6095_1um_005_height.npy,data/afm_second_order/6095/N6095_1um_005/N6095_1um_005_height.npy,1.0,1.0,256,256,nm,20.48137664794922,13.132082670564191,97.71620178222656,1.8807311627147467,6.935293304100704,True,True,False,False,True,,6b05e66016beb0a327e6bd5960ac28fc207390f93e18ef1f6ba3926020c7f8c9,"{""256"": ""outputs/rheed_video_afm_story/variants/afm_second_order_y2_v1/afm_bank/second_order_unit_shape_maps/6095__N6095_1um_005_unit_shape_256.npy""}","{""256"": ""outputs/rheed_video_afm_story/variants/afm_second_order_y2_v1/afm_bank/second_order_unit_shape_maps/6095__N6095_1um_005_centered_256.npy""}",{},20.48137546023072,13.132082771042242,97.71620883941652,78.14076948165894,104.81164741516112,1.8807311627147467,6.935293304100704,492.5246205142798,634.9038122679215,23.587877134724803,425.2887956928716,1173.103685828763,137.2549019607843,156.8627450980392,117.6470588235294,1.3333333333333333,0.9714177938200385,-25.52723280283574,-23.79979721399907,-11.892868913141529,-2.193085230318345,3.773564182790481,54.340972267659865,72.18897603658077,0.9999534708881278,4.218025759870529e-05,4.34885427362253e-06,-4.260945225893465,0.9999990044769564,0.6411712816155632,4.770974117517471,3.815207421779633,5.117407560348511,1.8807311355406864,6.9352932461844246,24.047414992792252,30.999050248763226,1.1516720076263494,20.764639907322103,57.27655183718687,137.2549019607843,156.8627450980392,117.6470588235294,1.3333333333333333,0.9714177935103692,-1.2463619004207114,-1.162020368428753,-0.580666912646816,-0.1070769335346677,0.1842435245198747,2.6531870533508797,3.52461221709676,0.99995347088699,4.218025874069673e-05,4.348854269390625e-06,-4.26094522804433,,,,,,,,,,,,,,,,,,,,,,
6095,6095,data/pair/6095/AFM/N6095_1um.006,N6095_1um_006,data/afm_second_order/6095/N6095_1um_006/N6095_1um_006_height.npy,data/afm_second_order/6095/N6095_1um_006/N6095_1um_006_height.npy,1.0,1.0,256,256,nm,12.218183517456056,9.533298138297544,58.51642608642578,0.3653534922671195,3.706959321283165,True,True,False,False,True,,3c360bca52723230a82da83b080b632e179b087fc39ce2ac50b60d4e397d02f2,"{""256"": ""outputs/rheed_video_afm_story/variants/afm_second_order_y2_v1/afm_bank/second_order_unit_shape_maps/6095__N6095_1um_006_unit_shape_256.npy""}","{""256"": ""outputs/rheed_video_afm_story/variants/afm_second_order_y2_v1/afm_bank/second_order_unit_shape_maps/6095__N6095_1um_006_centered_256.npy""}",{},12.218183283909536,9.53329808580822,58.51642465591436,38.3501410484314,73.49565124511719,0.3653534922671195,3.706959321283165,446.7707230743248,610.4545636858956,19.443392337926326,320.6548903848459,1203.544890459745,47.05882352941176,47.05882352941176,50.98039215686274,1.0833333333333333,0.9774082915183664,-21.0714687592237,-19.12703831259894,-8.964877916023013,1.8710216754229088,7.0671780579836385,19.223102735832455,37.444955896690665,0.999834850785828,0.000152713111394,1.2436102778157605e-05,-4.209193660546405,0.9999990717352626,0.7802542359304068,4.789285552501682,3.138773113489151,6.015262842178345,0.3653534108517028,3.7069591837097207,36.56601831163304,49.96274724747097,1.5913624247557892,26.244051250646493,98.50431167940263,47.05882352941176,47.05882352941176,50.98039215686274,1.0833333333333333,0.9774082916325396,-1.7245976034420991,-1.5654554311055209,-0.7337318006772067,0.1531340684872602,0.5784142669421171,1.57331768238363,3.064687949059583,0.9998348507752692,0.000152713119927,1.2436104803894862e-05,-4.209193528828085,,,,,,,,,,,,,,,,,,,,,,
6101,6101,data/pair/6101/AFM/N6101_1um.002,N6101_1um_002,data/afm_second_order/6101/N6101_1um_002/N6101_1um_002_height.npy,data/afm_second_order/6101/N6101_1um_002/N6101_1um_002_height.npy,1.0,1.0,256,256,nm,1.3161125183105469,0.9894747799088858,7.013298988342285,0.3926055271481539,4.4282602946198875,True,True,False,True,True,,ae0d8e25b74307e87831def37f3be58b54e7924ed574ae67dc91c225a9cfb51c,"{""256"": ""outputs/rheed_video_afm_story/variants/afm_second_order_y2_v1/afm_bank/second_order_unit_shape_maps/6101__N6101_1um_002_unit_shape_256.npy""}","{""256"": ""outputs/rheed_video_afm_story/variants/afm_second_order_y2_v1/afm_bank/second_order_unit_shape_maps/6101__N6101_1um_002_centered_256.npy""}",{},1.316112531402418,0.9894747795433873,7.013299334049226,4.265207350254059,9.832732915878296,0.3926055271481539,4.4282602946198875,27.077400717567905,34.13851486192085,5.723265575756908,21.64148832075604,68.6116728535955,121.5686274509804,498.0392156862745,101.96078431372548,4.884615384615385,0.9743227208254736,-3.0764546269865125,-2.197451865145692,-0.7978926057310193,0.0040310455171973,0.700018847516051,2.067755485108367,3.9368447070627126,0.9990425377604496,0.0008775775884493,7.988465110144344e-05,-3.3571698697965906,0.999999052403466,0.7518155302987357,5.328794145584107,3.240758895874023,7.471035718917847,0.3926054333479775,4.428260249439715,20.57375365233876,25.938878057721578,4.348616595102312,16.44347998644917,52.1320291867642,121.5686274509804,498.0392156862745,101.96078431372548,4.884615384615385,0.9743227213699132,-2.3375294740757178,-1.6696519787868689,-0.6062490131220053,0.0030628352911938,0.5318832312265207,1.5711069170871546,2.9912646715083886,0.9990425377732594,0.0008775775764449,7.988465029589532e-05,-3.3571698589981684,,,,,,,,,,,,,,,,,,,,,,
6101,6101,data/pair/6101/AFM/N6101_5um.001,N6101_5um_001,data/afm_second_order/6101/N6101_5um_001/N6101_5um_001_height.npy,data/afm_second_order/6101/N6101_5um_001/N6101_5um_001_height.npy,1.0,1.0,256,256,nm,0.7069835662841797,0.5450252192772524,3.2295033931732178,-0.0126940721059131,3.1283419174752347,True,True,False,False,True,,a9f9cea9a427b662e9cac463f473e0f0a42e7d78fc7c6436859db7a70b3269e6,"{""256"": ""outputs/rheed_video_afm_story/variants/afm_second_order_y2_v1/afm_bank/second_order_unit_shape_maps/6101__N6101_5um_001_unit_shape_256.npy""}","{""256"": ""outputs/rheed_video_afm_story/variants/afm_second_order_y2_v1/afm_bank/second_order_unit_shape_maps/6101__N6101_5um_001_centered_256.npy""}",{},0.7069835969020424,0.54502521965256,3.229503405094147,2.4319629073143005,4.746172189712524,-0.0126940721059131,3.1283419174752347,20.718351818663137,25.971268287350576,1.4824648056323042,16.88556450939182,50.429880748309714,105.88235294117646,149.01960784313724,98.0392156862745,1.52,0.982688478748014,-1.5917149738919314,-1.1886236922394808,-0.4065682323228891,0.0021705670702878,0.395284142946047,1.2433392150748197,1.6377884312022155,0.9992062560303973,0.0006518386446157,0.000141905324987,-2.9381204944910007,0.9999990308972768,0.7709156110567897,4.567998778820039,3.4399107694625854,6.713263988494873,-0.0126941546945922,3.1283419251549627,29.305251067864276,36.735284022878474,2.0968883963539167,23.883918086204787,71.3309778546735,105.88235294117646,149.01960784313724,98.0392156862745,1.52,0.9826884787951328,-2.2514149257395624,-1.6812590429041745,-0.5750739642832636,0.0030701897624671,0.5591130337264181,1.7586517265584112,2.316583853080476,0.999206256036081,0.0006518386389017,0.0001419053250172,-2.938120485855553,,,,,,,,,,,,,,,,,,,,,,
6342,6342,data/processed_afm_extra_five/N6342/N6342_2um_1_000/N6342_2um_1_000_height.npy,N6342_scan_1_top_left_quarter,publication_freeze/prospective_retrained_6358_6382_exclude_6022_6099_single_frame_v1/ground_truth_afm/top_left_quarter_second_order/N6342/scan_1/N6342_scan_1_top_left_quarter_second_order.npy,publication_freeze/prospective_retrained_6358_6382_exclude_6022_6099_single_frame_v1/ground_truth_afm/top_left_quarter_second_order/N6342/scan_1/N6342_scan_1_top_left_quarter_second_order.npy,1.0,1.0,256,256,nm,0.7410494942451411,0.5787174035227602,3.56292871633926,0.598906627206844,3.5932645020910687,True,False,False,False,True,,31ca0dbf071bbd5d6524fcc58f60546502558440791d087fe2ee32c891a0b6b3,,,,0.7410494942451411,0.5787174035227602,3.56292871633926,2.436923450764546,5.418744383021874,0.598906627206844,3.5932645020910687,44.619279908324145,52.68241221109907,2.250256469897873,42.14404342777782,91.27850680007118,47.05882352941176,50.98039215686274,47.05882352941176,1.0833333333333333,0.7885540240173677,-1.4566814896667544,-1.0849118937417082,-0.5062026166045365,-0.0768444693959616,0.4245235119566607,1.3520115570228377,2.1062472266725054,0.9965313228752632,0.0017918778749135,0.0016767992498233,-2.087897717759978,1.0,0.7809429842635032,4.807949730764722,3.2884759650863553,7.312257042347214,0.5989066272068442,3.5932645020910683,60.21093092273803,71.09162427101202,3.0365805352718893,56.87075391733073,123.1746428665344,47.05882352941176,50.98039215686274,47.05882352941176,1.0833333333333333,0.788554024017367,-1.9657006731386828,-1.4640208274439717,-0.6830888092301745,-0.1036968110669019,0.5728679599047499,1.8244551376423837,2.8422490576260393,0.996531322875263,0.0017918778749135,0.0016767992498233,-2.087897717759978,1.0,data/processed_afm_extra_five/N6342/N6342_2um_1_000/N6342_2um_1_000_height.npy,"[512, 512]","[2.0, 2.0]",top_left,"[0, 0, 256, 256]","[256, 256]","[1.0, 1.0]",physical ZSensor height -> top-left quarter crop -> robust second-order y2 subtraction,y2,True,3.0,0.9937591552734376,"{'constant': 255.66640287529432, 'x': 0.5853028328041733, 'y': 1.6132416917425065, 'y2': -0.5898809372381124}",4.0,3.7301867213114015,publication_freeze/prospective_retrained_6358_6382_exclude_6022_6099_single_frame_v1/ground_truth_afm/top_left_quarter_second_order/N6342/scan_1/N6342_scan_1_top_left_quarter_second_order.npy,publication_freeze/prospective_retrained_6358_6382_exclude_6022_6099_single_frame_v1/ground_truth_afm/top_left_quarter_second_order/N6342/scan_1/N6342_scan_1_top_left_quarter_y2_background.npy,67243091d84b1adef413a275c15b5a1c0a0526b510d1f52fa22fbba50681648f,31ca0dbf071bbd5d6524fcc58f60546502558440791d087fe2ee32c891a0b6b3,publication_freeze/prospective_retrained_6358_6382_exclude_6022_6099_single_frame_v1/ground_truth_afm/top_left_quarter_second_order/N6342/scan_1/N6342_scan_1_top_left_quarter_second_order.json,1.0
6342,6342,data/processed_afm_extra_five/N6342/N6342_2um_2_000/N6342_2um_2_000_height.npy,N6342_scan_2_top_left_quarter,publication_freeze/prospective_retrained_6358_6382_exclude_6022_6099_single_frame_v1/ground_truth_afm/top_left_quarter_second_order/N6342/scan_2/N6342_scan_2_top_left_quarter_second_order.npy,publication_freeze/prospective_retrained_6358_6382_exclude_6022_6099_single_frame_v1/ground_truth_afm/top_left_quarter_second_order/N6342/scan_2/N6342_scan_2_top_left_quarter_second_order.npy,1.0,1.0,256,256,nm,0.9326069015100624,0.7371858520270865,4.507488432983326,0.1663271041690292,3.335616878326795,True,False,False,False,True,,da40ef204d2516e844826658e8e3367fbad4381aafbd464ca9f87d6e3e8eed8d,,,,0.9326069015100624,0.7371858520270865,4.507488432983326,3.0117141095481372,7.995702837145586,0.1663271041690292,3.335616878326795,63.681237597688984,74.91399391754133,17.710498937347367,48.351559392749905,137.0607525933777,31.37254901960784,31.37254901960784,31.37254901960784,1.0,0.9135896378021282,-2.1398796321134808,-1.4834685260273954,-0.6316396609521189,-0.0168311733307871,0.6022321325131645,1.5282455835207418,2.3676088008698457,0.9977105516390924,0.0012950292996837,0.0009944190612238,-2.5994178348017405,1.0,0.7904572128229446,4.833213678437154,3.2293500130350923,8.573497391236403,0.1663271041690293,3.3356168783267957,68.28304347156055,80.32751397854956,18.99031511419313,51.84559465993637,146.9651922706674,31.37254901960784,31.37254901960784,31.37254901960784,1.0,0.9135896378021278,-2.294514042999919,-1.59066861249406,-0.6772839230863269,-0.0180474466825565,0.6457513144477482,1.6386814005410322,2.5386996354372355,0.9977105516390924,0.0012950292996837,0.0009944190612238,-2.5994178348017396,2.0,data/processed_afm_extra_five/N6342/N6342_2um_2_000/N6342_2um_2_000_height.npy,"[512, 512]","[2.0, 2.0]",top_left,"[0, 0, 256, 256]","[256, 256]","[1.0, 1.0]",physical ZSensor height -> top-left quarter crop -> robust second-order y2 subtraction,y2,True,4.0,0.9976959228515624,"{'constant': -626.6336837923623, 'x': 0.5973809465374998, 'y': 11.481017197986155, 'y2': -0.3188083687034893}",4.0,3.73803448881879,publication_freeze/prospective_retrained_6358_6382_exclude_6022_6099_single_frame_v1/ground_truth_afm/top_left_quarter_second_order/N6342/scan_2/N6342_scan_2_top_left_quarter_second_order.npy,publication_freeze/prospective_retrained_6358_6382_exclude_6022_6099_single_frame_v1/ground_truth_afm/top_left_quarter_second_order/N6342/scan_2/N6342_scan_2_top_left_quarter_y2_background.npy,94507916b15dcc9bb601893c4f9ce19c61cc0006b5985189905011233ed3618b,da40ef204d2516e844826658e8e3367fbad4381aafbd464ca9f87d6e3e8eed8d,publication_freeze/prospective_retrained_6358_6382_exclude_6022_6099_single_frame_v1/ground_truth_afm/top_left_quarter_second_order/N6342/scan_2/N6342_scan_2_top_left_quarter_second_order.json,1.0
6342,6342,data/processed_afm_extra_five/N6342/N6342_2um_3_000/N6342_2um_3_000_height.npy,N6342_scan_3_top_left_quarter,publication_freeze/prospective_retrained_6358_6382_exclude_6022_6099_single_frame_v1/ground_truth_afm/top_left_quarter_second_order/N6342/scan_3/N6342_scan_3_top_left_quarter_second_order.npy,publication_freeze/prospective_retrained_6358_6382_exclude_6022_6099_single_frame_v1/ground_truth_afm/top_left_quarter_second_order/N6342/scan_3/N6342_scan_3_top_left_quarter_second_order.npy,1.0,1.0,256,256,nm,0.9221432390865928,0.7227414312269054,4.435474669821863,-0.0093166841399896,3.3659040237839135,True,False,False,False,True,,4df43e354d5bbab87bfd254a43e1b9550132af5b44d0cb3c5961eaae895ae05c,,,,0.9221432390865928,0.7227414312269054,4.435474669821863,3.0295695276317787,8.245987221502787,-0.0093166841399896,3.3659040237839135,62.21747710676456,73.33238516379944,17.769792183154312,47.902619542475335,136.44699098499513,31.37254901960784,31.37254901960784,31.37254901960784,1.0,0.9142377113805348,-2.2598956946397686,-1.4989066926408094,-0.5976767517031413,-0.003184088984164,0.5880600146857581,1.5306628349909692,2.175578975182095,0.9975147934702366,0.0014540063109857,0.0010312002187774,-2.586089903310079,1.0,0.7837626526902697,4.809962792998752,3.2853567636982817,8.942197775771426,-0.0093166841399896,3.365904023783914,67.47051268129735,79.52385492349009,19.270099730661972,51.947048475813965,147.96724109819365,31.37254901960784,31.37254901960784,31.37254901960784,1.0,0.9142377113805354,-2.450699196014553,-1.6254597215563995,-0.6481387341679758,-0.0034529223326713,0.6377100538830032,1.6598970421418815,2.359263596984199,0.9975147934702366,0.0014540063109857,0.0010312002187774,-2.5860899033100764,3.0,data/processed_afm_extra_five/N6342/N6342_2um_3_000/N6342_2um_3_000_height.npy,"[512, 512]","[2.0, 2.0]",top_left,"[0, 0, 256, 256]","[256, 256]","[1.0, 1.0]",physical ZSensor height -> top-left quarter crop -> robust second-order y2 subtraction,y2,True,3.0,0.99749755859375,"{'constant': -328.2292020414147, 'x': 0.6003663700302003, 'y': 9.090329869737014, 'y2': 0.5233082960450767}",4.0,3.7412250810658487,publication_freeze/prospective_retrained_6358_6382_exclude_6022_6099_single_frame_v1/ground_truth_afm/top_left_quarter_second_order/N6342/scan_3/N6342_scan_3_top_left_quarter_second_order.npy,publication_freeze/prospective_retrained_6358_6382_exclude_6022_6099_single_frame_v1/ground_truth_afm/top_left_quarter_second_order/N6342/scan_3/N6342_scan_3_top_left_quarter_y2_background.npy,b31a8d9524b1c3e2a358ad2a00cc603ae84ce95362a32473b48f86f4168f4828,4df43e354d5bbab87bfd254a43e1b9550132af5b44d0cb3c5961eaae895ae05c,publication_freeze/prospective_retrained_6358_6382_exclude_6022_6099_single_frame_v1/ground_truth_afm/top_left_quarter_second_order/N6342/scan_3/N6342_scan_3_top_left_quarter_second_order.json,1.0
6342,6342,data/processed_afm_extra_five/N6342/N6342_2um_4_000/N6342_2um_4_000_height.npy,N6342_scan_4_top_left_quarter,publication_freeze/prospective_retrained_6358_6382_exclude_6022_6099_single_frame_v1/ground_truth_afm/top_left_quarter_second_order/N6342/scan_4/N6342_scan_4_top_left_quarter_second_order.npy,publication_freeze/prospective_retrained_6358_6382_exclude_6022_6099_single_frame_v1/ground_truth_afm/top_left_quarter_second_order/N6342/scan_4/N6342_scan_4_top_left_quarter_second_order.npy,1.0,1.0,256,256,nm,0.8839154297980678,0.6985861758049994,4.225679639680369,0.1921645626806669,3.16083068400816,True,False,False,False,True,,7c90a803eec5ecb3c86fa4d47b400efea27a3935d69ca23f742781d0069e67c0,,,,0.8839154297980678,0.6985861758049993,4.225679639680369,2.9260316188450677,6.688238463752825,0.1921645626806669,3.16083068400816,61.484645613533985,73.07498695069681,10.926518152629004,51.20397239048267,135.60298422756944,31.37254901960784,31.37254901960784,31.37254901960784,1.0,0.9482730410122152,-1.9768002873983712,-1.404228523213704,-0.603258817555022,-0.0205987597394556,0.55961282836243,1.5218030956313635,2.248879352281997,0.997322795872068,0.001548561646009,0.0011286424819229,-2.560255350086613,1.0,0.7903314641363288,4.780637940267354,3.3103072083644083,7.566604494369745,0.1921645626806669,3.16083068400816,69.55942111744815,82.67192141604649,12.361497247678091,57.92858758238932,153.4117175197951,31.37254901960784,31.37254901960784,31.37254901960784,1.0,0.9482730410122144,-2.2364133725439945,-1.5886457865482704,-0.6824847685856525,-0.0233039938494585,0.6331067537652042,1.7216614218161377,2.5442245677233597,0.997322795872068,0.001548561646009,0.0011286424819229,-2.56025535008661,4.0,data/processed_afm_extra_five/N6342/N6342_2um_4_000/N6342_2um_4_000_height.npy,"[512, 512]","[2.0, 2.0]",top_left,"[0, 0, 256, 256]","[256, 256]","[1.0, 1.0]",physical ZSensor height -> top-left quarter crop -> robust second-order y2 subtraction,y2,True,3.0,0.99920654296875,"{'constant': 42.02916053641273, 'x': 0.6878575281415111, 'y': 5.658817965365212, 'y2': 0.4688755563945876}",4.0,3.735951705257355,publication_freeze/prospective_retrained_6358_6382_exclude_6022_6099_single_frame_v1/ground_truth_afm/top_left_quarter_second_order/N6342/scan_4/N6342_scan_4_top_left_quarter_second_order.npy,publication_freeze/prospective_retrained_6358_6382_exclude_6022_6099_single_frame_v1/ground_truth_afm/top_left_quarter_second_order/N6342/scan_4/N6342_scan_4_top_left_quarter_y2_background.npy,02edfc1c8781041bbff728541771448d7914482d2aebe1c761c47004063703f5,7c90a803eec5ecb3c86fa4d47b400efea27a3935d69ca23f742781d0069e67c0,publication_freeze/prospective_retrained_6358_6382_exclude_6022_6099_single_frame_v1/ground_truth_afm/top_left_quarter_second_order/N6342/scan_4/N6342_scan_4_top_left_quarter_second_order.json,1.0
6342,6342,data/processed_afm_extra_five/N6342/N6342_2um_5_000/N6342_2um_5_000_height.npy,N6342_scan_5_top_left_quarter,publication_freeze/prospective_retrained_6358_6382_exclude_6022_6099_single_frame_v1/ground_truth_afm/top_left_quarter_second_order/N6342/scan_5/N6342_scan_5_top_left_quarter_second_order.npy,publication_freeze/prospective_retrained_6358_6382_exclude_6022_6099_single_frame_v1/ground_truth_afm/top_left_quarter_second_order/N6342/scan_5/N6342_scan_5_top_left_quarter_second_order.npy,1.0,1.0,256,256,nm,0.877333523381528,0.6815302685221762,4.244463477787384,0.0313308698019925,3.604821142737448,True,False,False,False,True,,9570392461ef1e5bcf0ccb007dc22aae1c8ec0b051d326d2c025e3f3e40e8e37,,,,0.877333523381528,0.6815302685221762,4.244463477787384,2.8811780880667825,7.927350576106136,0.0313308698019925,3.604821142737448,57.89597891250414,69.30378541247154,6.586845245836344,50.88838563566643,127.87868152246064,35.29411764705882,31.37254901960784,35.29411764705882,1.125,0.9548194334020904,-2.121118782679592,-1.4067635164942798,-0.5589063966819088,-0.0156086772960681,0.5475729379968792,1.4744145715725028,2.123344695107793,0.9975252215343534,0.0014089982041963,0.00106578026145,-2.5409645370548746,1.0,0.7768200466059219,4.83791325039974,3.2840168661990568,9.035731982007883,0.0313308698019925,3.604821142737448,65.99084312811195,78.99365927036764,7.507800705538416,58.00346650328152,145.75834402129618,35.29411764705882,31.37254901960784,35.29411764705882,1.125,0.9548194334020904,-2.4176880583613305,-1.6034535088459367,-0.6370512260009195,-0.0177910416963292,0.6241331527904639,1.68056335735312,2.4202251920384095,0.9975252215343536,0.0014089982041963,0.00106578026145,-2.540964537054873,5.0,data/processed_afm_extra_five/N6342/N6342_2um_5_000/N6342_2um_5_000_height.npy,"[512, 512]","[2.0, 2.0]",top_left,"[0, 0, 256, 256]","[256, 256]","[1.0, 1.0]",physical ZSensor height -> top-left quarter crop -> robust second-order y2 subtraction,y2,True,3.0,0.9957733154296876,"{'constant': -86.57522990821757, 'x': 0.5986406885871172, 'y': 3.600731413682783, 'y2': 0.6156937587255686}",4.0,3.738226541597589,publication_freeze/prospective_retrained_6358_6382_exclude_6022_6099_single_frame_v1/ground_truth_afm/top_left_quarter_second_order/N6342/scan_5/N6342_scan_5_top_left_quarter_second_order.npy,publication_freeze/prospective_retrained_6358_6382_exclude_6022_6099_single_frame_v1/ground_truth_afm/top_left_quarter_second_order/N6342/scan_5/N6342_scan_5_top_left_quarter_y2_background.npy,19d2074459a93dbcbaf62755d18b176a2efbd1fb512fe6f19099c32942e77546,9570392461ef1e5bcf0ccb007dc22aae1c8ec0b051d326d2c025e3f3e40e8e37,publication_freeze/prospective_retrained_6358_6382_exclude_6022_6099_single_frame_v1/ground_truth_afm/top_left_quarter_second_order/N6342/scan_5/N6342_scan_5_top_left_quarter_second_order.json,1.0
6358,6358,data/processed_afm_extra_five/N6358/N6358_2um_1_000/N6358_2um_1_000_height.npy,N6358_scan_1_top_left_quarter,publication_freeze/prospective_retrained_6358_6382_exclude_6022_6099_single_frame_v1/ground_truth_afm/top_left_quarter_second_order/N6358/scan_1/N6358_scan_1_top_left_quarter_second_order.npy,publication_freeze/prospective_retrained_6358_6382_exclude_6022_6099_single_frame_v1/ground_truth_afm/top_left_quarter_second_order/N6358/scan_1/N6358_scan_1_top_left_quarter_second_order.npy,1.0,1.0,256,256,nm,1.1027878113635,0.8611443160319698,5.078553490585,0.4303283426150274,4.432191871599278,True,False,False,False,True,,b0bb0b990be5c74db8dcb6f2e4f63b69fbe8d5d1cc5a9782a2c87308420b814c,,,,1.1027878113635,0.86114431603197,5.078553490585,3.51398047302699,10.429979673160574,0.4303283426150274,4.432191871599278,58.49134157960485,68.44495275219056,18.784996308337966,46.241006523315136,124.72890981805898,43.13725490196078,47.05882352941176,43.13725490196078,1.0909090909090908,0.8842890924555781,-2.4052903953744105,-1.7136100422839942,-0.7367424296915938,-0.0444871167992796,0.7025154680425577,1.800370430742996,2.673263095210589,0.9985648848840192,0.0007866452396419,0.0006484698763388,-2.528753835352102,1.0,0.7808794286248419,4.605195521979715,3.1864520416509348,9.45783002467612,0.4303283426150273,4.432191871599278,53.039524899432344,62.06538741806043,17.034098595188482,41.93100979792496,113.10327202822695,43.13725490196078,47.05882352941176,43.13725490196078,1.0909090909090908,0.8842890924555779,-2.1810999093293213,-1.553889174895093,-0.6680726991175907,-0.0403405952993579,0.6370359381955439,1.6325628667558418,2.424095612650393,0.9985648848840192,0.0007866452396419,0.0006484698763388,-2.5287538353521017,1.0,data/processed_afm_extra_five/N6358/N6358_2um_1_000/N6358_2um_1_000_height.npy,"[512, 512]","[2.0, 2.0]",top_left,"[0, 0, 256, 256]","[256, 256]","[1.0, 1.0]",physical ZSensor height -> top-left quarter crop -> robust second-order y2 subtraction,y2,True,4.0,0.9956207275390624,"{'constant': 436.53965495857426, 'x': 0.19981359708528879, 'y': 9.631048957202733, 'y2': 0.38843348714691067}",4.0,3.7394186826244993,publication_freeze/prospective_retrained_6358_6382_exclude_6022_6099_single_frame_v1/ground_truth_afm/top_left_quarter_second_order/N6358/scan_1/N6358_scan_1_top_left_quarter_second_order.npy,publication_freeze/prospective_retrained_6358_6382_exclude_6022_6099_single_frame_v1/ground_truth_afm/top_left_quarter_second_order/N6358/scan_1/N6358_scan_1_top_left_quarter_y2_background.npy,ee842ec802d599d23d2e7fac9abcb37174d0248267568ab6bfb7b2d104254799,b0bb0b990be5c74db8dcb6f2e4f63b69fbe8d5d1cc5a9782a2c87308420b814c,publication_freeze/prospective_retrained_6358_6382_exclude_6022_6099_single_frame_v1/ground_truth_afm/top_left_quarter_second_order/N6358/scan_1/N6358_scan_1_top_left_quarter_second_order.json,1.0
6358,6358,data/processed_afm_extra_five/N6358/N6358_2um_2_000/N6358_2um_2_000_height.npy,N6358_scan_2_top_left_quarter,publication_freeze/prospective_retrained_6358_6382_exclude_6022_6099_single_frame_v1/ground_truth_afm/top_left_quarter_second_order/N6358/scan_2/N6358_scan_2_top_left_quarter_second_order.npy,publication_freeze/prospective_retrained_6358_6382_exclude_6022_6099_single_frame_v1/ground_truth_afm/top_left_quarter_second_order/N6358/scan_2/N6358_scan_2_top_left_quarter_second_order.npy,1.0,1.0,256,256,nm,1.083967916016238,0.8600508295223341,5.129330449433985,0.1836565653215442,3.1178397048314155,True,False,False,False,True,,c89bec6e78014a71ca81214c5ca3bd166805e642660d29a8a8d691235833710b,,,,1.083967916016238,0.8600508295223341,5.129330449433985,3.5936257459263103,8.399423522524131,0.1836565653215442,3.1178397048314155,58.453795523775625,69.54382068416565,12.141726219609286,49.58086730426601,125.6857701104557,43.13725490196078,43.13725490196078,43.13725490196078,1.0,0.933097737683038,-2.434906786176886,-1.714552167962924,-0.7436928020059412,-0.0276643726310859,0.6882452395527678,1.8790735779633865,2.6944236632570986,0.9984244847362976,0.000875911410247,0.0006996038534552,-2.533715273031285,1.0,0.7934283079919595,4.731994714645362,3.3152510261867176,7.74877503145426,0.1836565653215442,3.117839704831417,53.92576169468469,64.15671502506342,11.20118597627146,45.74016128307923,115.94971424280878,43.13725490196078,43.13725490196078,43.13725490196078,1.0,0.9330977376830368,-2.246290457678464,-1.5817370077374504,-0.686083777035704,-0.0255213943349514,0.6349313751666963,1.7335140184492672,2.4857042569668972,0.9984244847362976,0.000875911410247,0.0006996038534552,-2.5337152730312855,2.0,data/processed_afm_extra_five/N6358/N6358_2um_2_000/N6358_2um_2_000_height.npy,"[512, 512]","[2.0, 2.0]",top_left,"[0, 0, 256, 256]","[256, 256]","[1.0, 1.0]",physical ZSensor height -> top-left quarter crop -> robust second-order y2 subtraction,y2,True,3.0,0.9989013671875,"{'constant': 124.30030721089292, 'x': 0.2549824795777568, 'y': 6.677198402486098, 'y2': 0.8209556152620455}",4.0,3.736662432004499,publication_freeze/prospective_retrained_6358_6382_exclude_6022_6099_single_frame_v1/ground_truth_afm/top_left_quarter_second_order/N6358/scan_2/N6358_scan_2_top_left_quarter_second_order.npy,publication_freeze/prospective_retrained_6358_6382_exclude_6022_6099_single_frame_v1/ground_truth_afm/top_left_quarter_second_order/N6358/scan_2/N6358_scan_2_top_left_quarter_y2_background.npy,ac25e4c9e4dfc8f118b81e01c8002ce9ca0d90b03faffc4af4d1b0739d6bd727,c89bec6e78014a71ca81214c5ca3bd166805e642660d29a8a8d691235833710b,publication_freeze/prospective_retrained_6358_6382_exclude_6022_6099_single_frame_v1/ground_truth_afm/top_left_quarter_second_order/N6358/scan_2/N6358_scan_2_top_left_quarter_second_order.json,1.0
6358,6358,data/processed_afm_extra_five/N6358/N6358_2um_3_000/N6358_2um_3_000_height.npy,N6358_scan_3_top_left_quarter,publication_freeze/prospective_retrained_6358_6382_exclude_6022_6099_single_frame_v1/ground_truth_afm/top_left_quarter_second_order/N6358/scan_3/N6358_scan_3_top_left_quarter_second_order.npy,publication_freeze/prospective_retrained_6358_6382_exclude_6022_6099_single_frame_v1/ground_truth_afm/top_left_quarter_second_order/N6358/scan_3/N6358_scan_3_top_left_quarter_second_order.npy,1.0,1.0,256,256,nm,1.0782601741935411,0.8713462178070112,5.043152423820707,0.1337081312223554,2.929134679815568,True,False,False,False,True,,8c7cff1608642a4baa59bf7464db145fcdb0df3b019e46dfe23e76e2662297f8,,,,1.0782601741935411,0.8713462178070112,5.043152423820707,3.475813984244142,8.083007713610616,0.1337081312223554,2.929134679815568,58.709959340677734,69.57325991460036,10.002969083325093,50.88069999974503,125.4795259445946,43.13725490196078,43.13725490196078,43.13725490196078,1.0,0.9443343264265628,-2.41213778220945,-1.690280572678572,-0.7689719704992198,-0.0360611121566544,0.7564494204041824,1.78553341156557,2.6310146416112565,0.9984100134253008,0.0008686462182846,0.0007213403564147,-2.5322571819871316,1.0,0.8081038683068432,4.677120183533266,3.2235392416712356,7.496342633313066,0.1337081312223554,2.929134679815569,54.448787728424115,64.52362943538743,9.27695311644666,47.187776398956785,116.3722160455792,43.13725490196078,43.13725490196078,43.13725490196078,1.0,0.9443343264265632,-2.2370647084443704,-1.567599929156965,-0.7131599486871097,-0.0334437949390326,0.7015462858673702,1.6559393125142703,2.440055475088896,0.9984100134253008,0.0008686462182846,0.0007213403564147,-2.5322571819871325,3.0,data/processed_afm_extra_five/N6358/N6358_2um_3_000/N6358_2um_3_000_height.npy,"[512, 512]","[2.0, 2.0]",top_left,"[0, 0, 256, 256]","[256, 256]","[1.0, 1.0]",physical ZSensor height -> top-left quarter crop -> robust second-order y2 subtraction,y2,True,2.0,0.999755859375,"{'constant': 13.167687516023497, 'x': 0.43368286929197786, 'y': 5.199415560668907, 'y2': 0.3251534938547768}",4.0,3.736923754986497,publication_freeze/prospective_retrained_6358_6382_exclude_6022_6099_single_frame_v1/ground_truth_afm/top_left_quarter_second_order/N6358/scan_3/N6358_scan_3_top_left_quarter_second_order.npy,publication_freeze/prospective_retrained_6358_6382_exclude_6022_6099_single_frame_v1/ground_truth_afm/top_left_quarter_second_order/N6358/scan_3/N6358_scan_3_top_left_quarter_y2_background.npy,3fff9f21236c75f5eea9935f1064f46d47abc775526ecd7bf86f3a3ac5ad40fb,8c7cff1608642a4baa59bf7464db145fcdb0df3b019e46dfe23e76e2662297f8,publication_freeze/prospective_retrained_6358_6382_exclude_6022_6099_single_frame_v1/ground_truth_afm/top_left_quarter_second_order/N6358/scan_3/N6358_scan_3_top_left_quarter_second_order.json,1.0
6358,6358,data/processed_afm_extra_five/N6358/N6358_2um_4_000/N6358_2um_4_000_height.npy,N6358_scan_4_top_left_quarter,publication_freeze/prospective_retrained_6358_6382_exclude_6022_6099_single_frame_v1/ground_truth_afm/top_left_quarter_second_order/N6358/scan_4/N6358_scan_4_top_left_quarter_second_order.npy,publication_freeze/prospective_retrained_6358_6382_exclude_6022_6099_single_frame_v1/ground_truth_afm/top_left_quarter_second_order/N6358/scan_4/N6358_scan_4_top_left_quarter_second_order.npy,1.0,1.0,256,256,nm,1.0901834649529556,0.8675634067251005,5.1124463534660265,0.1461102125763981,3.0139566775696567,True,False,False,False,True,,48c0de7c4658413812b5be486ac461cca29e8198a37e406d52ecf25c04b9fd08,,,,1.0901834649529556,0.8675634067251005,5.1124463534660265,3.5687082066186377,7.808575409621483,0.1461102125763981,3.0139566775696567,58.885761307125335,69.76476497900319,8.470126597716964,51.70615508433845,126.5390353130358,43.13725490196078,47.05882352941176,43.13725490196078,1.0909090909090908,0.9545966941079782,-2.3985168327236095,-1.7889886528961452,-0.7330251443093315,-0.0244634965593715,0.7266758637011806,1.7797195537224926,2.713929520742417,0.9984900631301846,0.0008263602325055,0.0006835766373099,-2.5494805837513055,1.0,0.7957957854025406,4.6895284305991956,3.2734932434263597,7.162625063257995,0.1461102125763981,3.013956677569657,54.01454268953384,63.993600363415645,7.769450620022454,47.42885646919045,116.07132137020288,43.13725490196078,47.05882352941176,43.13725490196078,1.0909090909090908,0.9545966941079774,-2.200103844747922,-1.640997786527009,-0.6723869585941331,-0.0224397978375385,0.6665629107964307,1.6324954568993508,2.489424585851273,0.9984900631301846,0.0008263602325055,0.0006835766373099,-2.549480583751306,4.0,data/processed_afm_extra_five/N6358/N6358_2um_4_000/N6358_2um_4_000_height.npy,"[512, 512]","[2.0, 2.0]",top_left,"[0, 0, 256, 256]","[256, 256]","[1.0, 1.0]",physical ZSensor height -> top-left quarter crop -> robust second-order y2 subtraction,y2,True,3.0,0.999114990234375,"{'constant': 380.11758475348927, 'x': 0.063725925260998, 'y': 4.327806276680615, 'y2': -0.13661911353385}",4.0,3.73866624052674,publication_freeze/prospective_retrained_6358_6382_exclude_6022_6099_single_frame_v1/ground_truth_afm/top_left_quarter_second_order/N6358/scan_4/N6358_scan_4_top_left_quarter_second_order.npy,publication_freeze/prospective_retrained_6358_6382_exclude_6022_6099_single_frame_v1/ground_truth_afm/top_left_quarter_second_order/N6358/scan_4/N6358_scan_4_top_left_quarter_y2_background.npy,50c17486dde3b7a5f17d798cd7c3f0a916a7d0f47fb77486365c31cfab3bf43b,48c0de7c4658413812b5be486ac461cca29e8198a37e406d52ecf25c04b9fd08,publication_freeze/prospective_retrained_6358_6382_exclude_6022_6099_single_frame_v1/ground_truth_afm/top_left_quarter_second_order/N6358/scan_4/N6358_scan_4_top_left_quarter_second_order.json,1.0
6358,6358,data/processed_afm_extra_five/N6358/N6358_2um_5_000/N6358_2um_5_000_height.npy,N6358_scan_5_top_left_quarter,publication_freeze/prospective_retrained_6358_6382_exclude_6022_6099_single_frame_v1/ground_truth_afm/top_left_quarter_second_order/N6358/scan_5/N6358_scan_5_top_left_quarter_second_order.npy,publication_freeze/prospective_retrained_6358_6382_exclude_6022_6099_single_frame_v1/ground_truth_afm/top_left_quarter_second_order/N6358/scan_5/N6358_scan_5_top_left_quarter_second_order.npy,1.0,1.0,256,256,nm,1.1162913931755205,0.8784490140030676,5.243878368420815,0.3868300843864541,3.331664528887854,True,False,False,False,True,,15e82fde6c7ac5eba8a7517d736af1cfcba68fac54658153ce022afb3b583fbf,,,,1.1162913931755205,0.8784490140030676,5.243878368420815,3.7285081722583584,9.432047530309376,0.3868300843864541,3.331664528887854,59.11855821887339,69.95373844403363,8.621107986775334,51.11217561483612,126.48369298934522,43.13725490196078,43.13725490196078,43.13725490196078,1.0,0.9563725768625696,-2.339839299157077,-1.7193424179832586,-0.7605384473480848,-0.0799307976088551,0.6739314940471081,2.0091657542751,2.9040390692637383,0.9984105097775444,0.0009067543619838,0.0006827358604714,-2.553065263995409,1.0,0.786935220833459,4.697589178309013,3.3400850307121432,8.449449299683282,0.3868300843864543,3.331664528887855,52.95979040983063,62.66619887217427,7.72299064516732,45.787485173953584,113.30705742479692,43.13725490196078,43.13725490196078,43.13725490196078,1.0,0.95637257686257,-2.096082898660468,-1.5402272457662114,-0.6813081709647307,-0.0716038823711393,0.6037236318108405,1.7998577849459316,2.6015062796485444,0.9984105097775448,0.0009067543619838,0.0006827358604714,-2.5530652639954106,5.0,data/processed_afm_extra_five/N6358/N6358_2um_5_000/N6358_2um_5_000_height.npy,"[512, 512]","[2.0, 2.0]",top_left,"[0, 0, 256, 256]","[256, 256]","[1.0, 1.0]",physical ZSensor height -> top-left quarter crop -> robust second-order y2 subtraction,y2,True,3.0,0.9971466064453124,"{'constant': -369.6151175665122, 'x': 0.15564032698225547, 'y': 4.612982401075111, 'y2': 0.4372808211826724}",4.0,3.7356898538080783,publication_freeze/prospective_retrained_6358_6382_exclude_6022_6099_single_frame_v1/ground_truth_afm/top_left_quarter_second_order/N6358/scan_5/N6358_scan_5_top_left_quarter_second_order.npy,publication_freeze/prospective_retrained_6358_6382_exclude_6022_6099_single_frame_v1/ground_truth_afm/top_left_quarter_second_order/N6358/scan_5/N6358_scan_5_top_left_quarter_y2_background.npy,026ffe63b14021632a52305c714c1e99f6ac6016e9f3f85244f470ae7499b002,15e82fde6c7ac5eba8a7517d736af1cfcba68fac54658153ce022afb3b583fbf,publication_freeze/prospective_retrained_6358_6382_exclude_6022_6099_single_frame_v1/ground_truth_afm/top_left_quarter_second_order/N6358/scan_5/N6358_scan_5_top_left_quarter_second_order.json,1.0
6382,6382,data/processed_afm_extra_five/N6382/N6382_2um_1_000/N6382_2um_1_000_height.npy,N6382_scan_1_top_left_quarter,publication_freeze/prospective_retrained_6358_6382_exclude_6022_6099_single_frame_v1/ground_truth_afm/top_left_quarter_second_order/N6382/scan_1/N6382_scan_1_top_left_quarter_second_order.npy,publication_freeze/prospective_retrained_6358_6382_exclude_6022_6099_single_frame_v1/ground_truth_afm/top_left_quarter_second_order/N6382/scan_1/N6382_scan_1_top_left_quarter_second_order.npy,1.0,1.0,256,256,nm,1.36555649602028,1.0632038150785454,6.517637924493393,0.8096338676764084,3.888981222542314,True,False,False,False,True,,d17f1766d245794eaf74a105496fb0cf598cd7089d2f40cdf6594dbf5d252328,,,,1.36555649602028,1.0632038150785457,6.517637924493393,4.423072906363011,10.118740431077526,0.8096338676764084,3.888981222542314,77.74852811950498,94.36489689120032,10.849781070830758,65.81280491425163,180.5093374688086,35.29411764705882,35.29411764705882,35.29411764705882,1.0,0.9803737344098508,-2.5012387107099516,-1.863161458040712,-0.9502754434209716,-0.2167477674785986,0.7373652966718849,2.559911448322299,4.0163992137834414,0.9987441867274216,0.000717669914495,0.0005381433580834,-2.764161401227911,1.0,0.7785864723847763,4.77288046557438,3.2390259350333928,7.409975684321488,0.8096338676764088,3.8889812225423146,56.9354166935546,69.1036197815421,7.945318339044115,48.19486056128302,132.18738147771796,35.29411764705882,35.29411764705882,35.29411764705882,1.0,0.9803737344098504,-1.831662562478708,-1.3643971988494292,-0.6958887795491537,-0.1587248628015605,0.5399742147767823,1.8746287361839635,2.941217903095672,0.9987441867274214,0.000717669914495,0.0005381433580834,-2.764161401227911,1.0,data/processed_afm_extra_five/N6382/N6382_2um_1_000/N6382_2um_1_000_height.npy,"[512, 512]","[2.0, 2.0]",top_left,"[0, 0, 256, 256]","[256, 256]","[1.0, 1.0]",physical ZSensor height -> top-left quarter crop -> robust second-order y2 subtraction,y2,True,5.0,0.988983154296875,"{'constant': 105.2122341092051, 'x': 0.026851243318183924, 'y': 5.4284817637754825, 'y2': 0.4663542933877565}",4.0,3.73988387148045,publication_freeze/prospective_retrained_6358_6382_exclude_6022_6099_single_frame_v1/ground_truth_afm/top_left_quarter_second_order/N6382/scan_1/N6382_scan_1_top_left_quarter_second_order.npy,publication_freeze/prospective_retrained_6358_6382_exclude_6022_6099_single_frame_v1/ground_truth_afm/top_left_quarter_second_order/N6382/scan_1/N6382_scan_1_top_left_quarter_y2_background.npy,c89f84b1cc99b06055d7e07e69fbbc33cddb245ba912b71c073528848c3c59a9,d17f1766d245794eaf74a105496fb0cf598cd7089d2f40cdf6594dbf5d252328,publication_freeze/prospective_retrained_6358_6382_exclude_6022_6099_single_frame_v1/ground_truth_afm/top_left_quarter_second_order/N6382/scan_1/N6382_scan_1_top_left_quarter_second_order.json,1.0
6382,6382,data/processed_afm_extra_five/N6382/N6382_2um_2_000/N6382_2um_2_000_height.npy,N6382_scan_2_top_left_quarter,publication_freeze/prospective_retrained_6358_6382_exclude_6022_6099_single_frame_v1/ground_truth_afm/top_left_quarter_second_order/N6382/scan_2/N6382_scan_2_top_left_quarter_second_order.npy,publication_freeze/prospective_retrained_6358_6382_exclude_6022_6099_single_frame_v1/ground_truth_afm/top_left_quarter_second_order/N6382/scan_2/N6382_scan_2_top_left_quarter_second_order.npy,1.0,1.0,256,256,nm,1.3053723796847192,1.0074452472548736,6.243365950205039,0.86054885597678,3.9838713309016174,True,False,False,False,True,,71130cad2662dc0c1ac3a86511332b3012ed58c9987393575be0d9432018ac6f,,,,1.3053723796847192,1.0074452472548736,6.243365950205039,4.286660926542396,10.22628202496992,0.86054885597678,3.9838713309016174,75.27070230305839,91.48889665394796,9.864399179961776,64.20902202429481,175.01909578352345,35.29411764705882,35.29411764705882,35.29411764705882,1.0,0.979692005162,-2.34749723751379,-1.7878642440933266,-0.8968790712558662,-0.2032571506216303,0.6744444743020078,2.4987966824490693,3.895868712691249,0.9987000526364188,0.0007348460900115,0.0005651012735695,-2.744958590040759,1.0,0.7717684723022848,4.782823696417548,3.283860600434746,7.833996018392719,0.8605488559767799,3.983871330901617,57.66224525237632,70.08643516422866,7.556770262248295,49.18827992959597,134.07599127062505,35.29411764705882,35.29411764705882,35.29411764705882,1.0,0.979692005162,-1.7983353057315117,-1.3696200960871727,-0.6870676024817419,-0.1557081747590845,0.516668258650381,1.9142405043475736,2.984488390686036,0.9987000526364188,0.0007348460900115,0.0005651012735695,-2.7449585900407594,2.0,data/processed_afm_extra_five/N6382/N6382_2um_2_000/N6382_2um_2_000_height.npy,"[512, 512]","[2.0, 2.0]",top_left,"[0, 0, 256, 256]","[256, 256]","[1.0, 1.0]",physical ZSensor height -> top-left quarter crop -> robust second-order y2 subtraction,y2,True,5.0,0.9862060546875,"{'constant': -150.98519886752126, 'x': 0.1139010712590761, 'y': 4.984836272567645, 'y2': -0.7643205287756293}",4.0,3.7265015415781138,publication_freeze/prospective_retrained_6358_6382_exclude_6022_6099_single_frame_v1/ground_truth_afm/top_left_quarter_second_order/N6382/scan_2/N6382_scan_2_top_left_quarter_second_order.npy,publication_freeze/prospective_retrained_6358_6382_exclude_6022_6099_single_frame_v1/ground_truth_afm/top_left_quarter_second_order/N6382/scan_2/N6382_scan_2_top_left_quarter_y2_background.npy,549628ba119eee34c9445e8549f71241417282611f2d736eea2149d1e55bc16f,71130cad2662dc0c1ac3a86511332b3012ed58c9987393575be0d9432018ac6f,publication_freeze/prospective_retrained_6358_6382_exclude_6022_6099_single_frame_v1/ground_truth_afm/top_left_quarter_second_order/N6382/scan_2/N6382_scan_2_top_left_quarter_second_order.json,1.0
6382,6382,data/processed_afm_extra_five/N6382/N6382_2um_3_000/N6382_2um_3_000_height.npy,N6382_scan_3_top_left_quarter,publication_freeze/prospective_retrained_6358_6382_exclude_6022_6099_single_frame_v1/ground_truth_afm/top_left_quarter_second_order/N6382/scan_3/N6382_scan_3_top_left_quarter_second_order.npy,publication_freeze/prospective_retrained_6358_6382_exclude_6022_6099_single_frame_v1/ground_truth_afm/top_left_quarter_second_order/N6382/scan_3/N6382_scan_3_top_left_quarter_second_order.npy,1.0,1.0,256,256,nm,1.173405881483603,0.9067940709296192,5.877383812041144,0.7192709734510965,4.03350483436531,True,False,False,False,True,,a87fbab7e433b2ac05ce21484e4ebe4d0b11daae0b7efd62ac35aa23fc77788f,,,,1.173405881483603,0.9067940709296192,5.877383812041144,3.760251359123614,9.200836288419737,0.7192709734510965,4.03350483436531,69.27340038619724,83.5136700226736,6.874288498359866,53.65253253035529,162.37119288415266,35.29411764705882,35.29411764705882,35.29411764705882,1.0,0.9724194194011104,-2.3058270829330185,-1.6501399484827233,-0.7887020285752073,-0.1505690139145117,0.6471299900111602,2.1101114106408914,3.5715567291081247,0.9983925688041214,0.000881326787384,0.0007261044084947,-2.642878702348687,1.0,0.7727880737934504,5.008824231058085,3.2045615404358783,7.841137012869411,0.7192709734510967,4.03350483436531,59.03617961980127,71.17202269097422,5.858406376545789,45.72376308743176,138.37598349077442,35.29411764705882,35.29411764705882,35.29411764705882,1.0,0.97241941940111,-1.9650720345952517,-1.4062823227001031,-0.6721476694645565,-0.1283179301301429,0.5514971419718447,1.7982792177357751,3.043752196462834,0.9983925688041212,0.000881326787384,0.0007261044084947,-2.6428787023486877,3.0,data/processed_afm_extra_five/N6382/N6382_2um_3_000/N6382_2um_3_000_height.npy,"[512, 512]","[2.0, 2.0]",top_left,"[0, 0, 256, 256]","[256, 256]","[1.0, 1.0]",physical ZSensor height -> top-left quarter crop -> robust second-order y2 subtraction,y2,True,4.0,0.98809814453125,"{'constant': -291.43523606343894, 'x': 0.04095929964115997, 'y': 3.5640723430012224, 'y2': 0.3449882836771391}",4.0,3.734966841697591,publication_freeze/prospective_retrained_6358_6382_exclude_6022_6099_single_frame_v1/ground_truth_afm/top_left_quarter_second_order/N6382/scan_3/N6382_scan_3_top_left_quarter_second_order.npy,publication_freeze/prospective_retrained_6358_6382_exclude_6022_6099_single_frame_v1/ground_truth_afm/top_left_quarter_second_order/N6382/scan_3/N6382_scan_3_top_left_quarter_y2_background.npy,764f3be3d4773a1b2b38ac5c110bb6b088607248dbeab3d2dd6212027bd84491,a87fbab7e433b2ac05ce21484e4ebe4d0b11daae0b7efd62ac35aa23fc77788f,publication_freeze/prospective_retrained_6358_6382_exclude_6022_6099_single_frame_v1/ground_truth_afm/top_left_quarter_second_order/N6382/scan_3/N6382_scan_3_top_left_quarter_second_order.json,1.0
6382,6382,data/processed_afm_extra_five/N6382/N6382_2um_4_000/N6382_2um_4_000_height.npy,N6382_scan_4_top_left_quarter,publication_freeze/prospective_retrained_6358_6382_exclude_6022_6099_single_frame_v1/ground_truth_afm/top_left_quarter_second_order/N6382/scan_4/N6382_scan_4_top_left_quarter_second_order.npy,publication_freeze/prospective_retrained_6358_6382_exclude_6022_6099_single_frame_v1/ground_truth_afm/top_left_quarter_second_order/N6382/scan_4/N6382_scan_4_top_left_quarter_second_order.npy,1.0,1.0,256,256,nm,1.2565516597060986,0.9790417734119532,6.023829988552613,0.6876152028729859,3.843873455012932,True,False,False,False,True,,5ead7c3155c959f3f21991a13abb6f2a48146013ac0fe734dcb76af6f6a85bb2,,,,1.2565516597060986,0.9790417734119532,6.023829988552613,4.0808761877811435,10.128577090365525,0.6876152028729859,3.843873455012932,73.61314194893771,88.36746852045889,5.998948476027962,61.99010693144066,168.58456629191934,35.29411764705882,35.29411764705882,35.29411764705882,1.0,0.9425099764451944,-2.3923561835730003,-1.7798279059072288,-0.873893523174235,-0.1439979003544881,0.7159197187882892,2.301048281873914,3.631473804979614,0.9984940251501484,0.0008528626308551,0.0006531122189965,-2.699063253260418,1.0,0.779149640087974,4.793937393677517,3.2476788011530227,8.060613355709188,0.6876152028729859,3.843873455012933,58.583458451804105,70.32537646810924,4.774135969412584,49.33351243667916,134.1644531601275,35.29411764705882,35.29411764705882,35.29411764705882,1.0,0.942509976445194,-1.9039059517318695,-1.4164383072985014,-0.6954696342358375,-0.1145976763010034,0.5697495309948016,1.8312404938545217,2.8900314419456477,0.9984940251501484,0.0008528626308551,0.0006531122189965,-2.69906325326042,4.0,data/processed_afm_extra_five/N6382/N6382_2um_4_000/N6382_2um_4_000_height.npy,"[512, 512]","[2.0, 2.0]",top_left,"[0, 0, 256, 256]","[256, 256]","[1.0, 1.0]",physical ZSensor height -> top-left quarter crop -> robust second-order y2 subtraction,y2,True,4.0,0.9925079345703124,"{'constant': 196.08099610344638, 'x': 0.06342835146609517, 'y': 3.023648454037221, 'y2': 0.11732330184508497}",4.0,3.7328752371406098,publication_freeze/prospective_retrained_6358_6382_exclude_6022_6099_single_frame_v1/ground_truth_afm/top_left_quarter_second_order/N6382/scan_4/N6382_scan_4_top_left_quarter_second_order.npy,publication_freeze/prospective_retrained_6358_6382_exclude_6022_6099_single_frame_v1/ground_truth_afm/top_left_quarter_second_order/N6382/scan_4/N6382_scan_4_top_left_quarter_y2_background.npy,31abecd42e2d1c56c6abe55db4b3341e0a5e25e5fd2c35d82b9e0a602bd14e38,5ead7c3155c959f3f21991a13abb6f2a48146013ac0fe734dcb76af6f6a85bb2,publication_freeze/prospective_retrained_6358_6382_exclude_6022_6099_single_frame_v1/ground_truth_afm/top_left_quarter_second_order/N6382/scan_4/N6382_scan_4_top_left_quarter_second_order.json,1.0
6382,6382,data/processed_afm_extra_five/N6382/N6382_2um_5_000/N6382_2um_5_000_height.npy,N6382_scan_5_top_left_quarter,publication_freeze/prospective_retrained_6358_6382_exclude_6022_6099_single_frame_v1/ground_truth_afm/top_left_quarter_second_order/N6382/scan_5/N6382_scan_5_top_left_quarter_second_order.npy,publication_freeze/prospective_retrained_6358_6382_exclude_6022_6099_single_frame_v1/ground_truth_afm/top_left_quarter_second_order/N6382/scan_5/N6382_scan_5_top_left_quarter_second_order.npy,1.0,1.0,256,256,nm,1.3498857567459908,1.0411574888734532,6.677428448766319,0.8131100248483554,4.311451370530181,True,False,False,False,True,,885721670ee304290248bb5327c63a9cfdef96235541d6570ee116be4a53effd,,,,1.3498857567459903,1.0411574888734532,6.677428448766319,4.329305367495579,10.60479809751115,0.8131100248483554,4.311451370530181,72.29090574732574,87.13184755901385,10.794492662975694,60.71988033213108,166.03433488098258,39.2156862745098,43.13725490196078,39.2156862745098,1.1,0.9831142764831328,-2.5650834643358107,-1.8890929361248248,-0.9327614462548148,-0.1567840928780549,0.7375854090647925,2.4402124313707536,4.112344984430509,0.998555322271647,0.0009080746038461,0.0005366031245068,-2.740757148014502,1.0,0.7712930399260216,4.9466619048287495,3.2071642699095673,7.856070815262825,0.8131100248483554,4.311451370530181,53.5533510047464,64.54757161750655,7.99659720019322,44.98149567745739,122.9988049368132,39.2156862745098,43.13725490196078,39.2156862745098,1.1,0.9831142764831324,-1.900222631075946,-1.399446528481519,-0.6909928796517657,-0.1161461939238441,0.5464058016604325,1.807717741428048,3.046439273752804,0.9985553222716472,0.0009080746038461,0.0005366031245068,-2.740757148014503,5.0,data/processed_afm_extra_five/N6382/N6382_2um_5_000/N6382_2um_5_000_height.npy,"[512, 512]","[2.0, 2.0]",top_left,"[0, 0, 256, 256]","[256, 256]","[1.0, 1.0]",physical ZSensor height -> top-left quarter crop -> robust second-order y2 subtraction,y2,True,4.0,0.9891510009765624,"{'constant': 422.8412760821294, 'x': -0.10581412114387193, 'y': -8.421952738709875, 'y2': 4.538615641024617}",4.0,3.7528519914560134,publication_freeze/prospective_retrained_6358_6382_exclude_6022_6099_single_frame_v1/ground_truth_afm/top_left_quarter_second_order/N6382/scan_5/N6382_scan_5_top_left_quarter_second_order.npy,publication_freeze/prospective_retrained_6358_6382_exclude_6022_6099_single_frame_v1/ground_truth_afm/top_left_quarter_second_order/N6382/scan_5/N6382_scan_5_top_left_quarter_y2_background.npy,5a07b21a4d88f9d70cd93cb8b8d7260f995c1abca97fae5bc96836d956134127,885721670ee304290248bb5327c63a9cfdef96235541d6570ee116be4a53effd,publication_freeze/prospective_retrained_6358_6382_exclude_6022_6099_single_frame_v1/ground_truth_afm/top_left_quarter_second_order/N6382/scan_5/N6382_scan_5_top_left_quarter_second_order.json,1.0
6389,6389,data/processed_afm_extra_five/N6389/N6389_2um_1_000/N6389_2um_1_000_height.npy,N6389_scan_1_top_left_quarter,publication_freeze/prospective_retrained_6358_6382_exclude_6022_6099_single_frame_v1/ground_truth_afm/top_left_quarter_second_order/N6389/scan_1/N6389_scan_1_top_left_quarter_second_order.npy,publication_freeze/prospective_retrained_6358_6382_exclude_6022_6099_single_frame_v1/ground_truth_afm/top_left_quarter_second_order/N6389/scan_1/N6389_scan_1_top_left_quarter_second_order.npy,1.0,1.0,256,256,nm,2.359827988184886,1.822040205339962,11.751596142146049,0.4334216977769067,3.7329098300293353,True,False,False,False,True,,de5fb9347416a28bf6d10aef5d10c067dcc4f7ca9512cab1225b1508f1c2ee62,,,,2.359827988184886,1.822040205339962,11.751596142146049,7.773405691439137,20.750624959198777,0.4334216977769067,3.7329098300293353,116.867690031725,145.98468761703225,16.52704981875403,98.11629168925565,281.31331223136226,39.2156862745098,39.2156862745098,39.2156862745098,1.0,0.9879725935305445,-5.176871290201323,-3.5418847772811324,-1.5206000920752336,-0.1973271241223874,1.343938303533016,4.231520914158005,6.574724851944725,0.9994349416783054,0.0003787095571201,0.0001863487645746,-3.144793717405721,1.0,0.7721072105519965,4.979852854099357,3.2940560627125306,8.793278604666256,0.4334216977769067,3.732909830029336,49.52381725144991,61.86242740909248,7.003497670805311,41.577730317845734,119.20924475844558,39.2156862745098,39.2156862745098,39.2156862745098,1.0,0.9879725935305445,-2.193749424161728,-1.5009080301676785,-0.6443690386284624,-0.0836192828928035,0.5695068921386665,1.793148032544852,2.786103429937629,0.9994349416783052,0.0003787095571201,0.0001863487645746,-3.144793717405718,1.0,data/processed_afm_extra_five/N6389/N6389_2um_1_000/N6389_2um_1_000_height.npy,"[512, 512]","[2.0, 2.0]",top_left,"[0, 0, 256, 256]","[256, 256]","[1.0, 1.0]",physical ZSensor height -> top-left quarter crop -> robust second-order y2 subtraction,y2,True,4.0,0.9935150146484376,"{'constant': -277.81677539101315, 'x': -0.005209821613447085, 'y': 8.220567014177487, 'y2': 0.026979912539200637}",4.0,3.73515294499399,publication_freeze/prospective_retrained_6358_6382_exclude_6022_6099_single_frame_v1/ground_truth_afm/top_left_quarter_second_order/N6389/scan_1/N6389_scan_1_top_left_quarter_second_order.npy,publication_freeze/prospective_retrained_6358_6382_exclude_6022_6099_single_frame_v1/ground_truth_afm/top_left_quarter_second_order/N6389/scan_1/N6389_scan_1_top_left_quarter_y2_background.npy,b7308493f58e055b3e96cde4b8c7ab0a1c18b57732fac464db8f654e09c3ca4c,de5fb9347416a28bf6d10aef5d10c067dcc4f7ca9512cab1225b1508f1c2ee62,publication_freeze/prospective_retrained_6358_6382_exclude_6022_6099_single_frame_v1/ground_truth_afm/top_left_quarter_second_order/N6389/scan_1/N6389_scan_1_top_left_quarter_second_order.json,1.0
6389,6389,data/processed_afm_extra_five/N6389/N6389_2um_2_000/N6389_2um_2_000_height.npy,N6389_scan_2_top_left_quarter,publication_freeze/prospective_retrained_6358_6382_exclude_6022_6099_single_frame_v1/ground_truth_afm/top_left_quarter_second_order/N6389/scan_2/N6389_scan_2_top_left_quarter_second_order.npy,publication_freeze/prospective_retrained_6358_6382_exclude_6022_6099_single_frame_v1/ground_truth_afm/top_left_quarter_second_order/N6389/scan_2/N6389_scan_2_top_left_quarter_second_order.npy,1.0,1.0,256,256,nm,2.1646208712715205,1.711372988841733,10.343830200168842,0.2712344486063737,3.2516181208309907,True,False,False,False,True,,1512877510813e99c129e4cba16a7737b66364ecd2bfd7389e38ed7f5a613444,,,,2.1646208712715205,1.711372988841733,10.343830200168842,7.064362082576764,16.13697015972855,0.2712344486063737,3.2516181208309907,113.01846512396295,138.91964461887483,13.173562896456367,93.73046246801916,268.7510698345559,35.29411764705882,39.2156862745098,39.2156862745098,1.0,0.9939010737619376,-4.811671587861786,-3.3134961832206273,-1.5145748912585246,-0.0779601796224141,1.318483819290458,3.750865899356137,5.5321586123070565,0.9992573341390422,0.0005199799344342,0.0002226859265235,-3.124504767167993,1.0,0.790610961741515,4.778587482662852,3.2635563004744963,7.454871369806911,0.2712344486063736,3.251618120830991,52.21166746746499,64.17735616550348,6.085852294641366,43.30109891851913,124.15618522456948,35.29411764705882,39.2156862745098,39.2156862745098,1.0,0.9939010737619374,-2.22287036576311,-1.530751286378499,-0.6996952267067663,-0.0360156277974994,0.6091061195931124,1.7328050140959972,2.5557171168997415,0.9992573341390422,0.0005199799344342,0.0002226859265235,-3.1245047671679904,2.0,data/processed_afm_extra_five/N6389/N6389_2um_2_000/N6389_2um_2_000_height.npy,"[512, 512]","[2.0, 2.0]",top_left,"[0, 0, 256, 256]","[256, 256]","[1.0, 1.0]",physical ZSensor height -> top-left quarter crop -> robust second-order y2 subtraction,y2,True,4.0,0.99835205078125,"{'constant': 565.2718840213684, 'x': -0.09252355389242621, 'y': 5.950871918220561, 'y2': 0.46283204204242173}",4.0,3.737154493428153,publication_freeze/prospective_retrained_6358_6382_exclude_6022_6099_single_frame_v1/ground_truth_afm/top_left_quarter_second_order/N6389/scan_2/N6389_scan_2_top_left_quarter_second_order.npy,publication_freeze/prospective_retrained_6358_6382_exclude_6022_6099_single_frame_v1/ground_truth_afm/top_left_quarter_second_order/N6389/scan_2/N6389_scan_2_top_left_quarter_y2_background.npy,4ca80ef4cd27b8cfed552181622175991cb63bfc8f449457c8950d50fe6d9c9c,1512877510813e99c129e4cba16a7737b66364ecd2bfd7389e38ed7f5a613444,publication_freeze/prospective_retrained_6358_6382_exclude_6022_6099_single_frame_v1/ground_truth_afm/top_left_quarter_second_order/N6389/scan_2/N6389_scan_2_top_left_quarter_second_order.json,1.0
6389,6389,data/processed_afm_extra_five/N6389/N6389_2um_3_000/N6389_2um_3_000_height.npy,N6389_scan_3_top_left_quarter,publication_freeze/prospective_retrained_6358_6382_exclude_6022_6099_single_frame_v1/ground_truth_afm/top_left_quarter_second_order/N6389/scan_3/N6389_scan_3_top_left_quarter_second_order.npy,publication_freeze/prospective_retrained_6358_6382_exclude_6022_6099_single_frame_v1/ground_truth_afm/top_left_quarter_second_order/N6389/scan_3/N6389_scan_3_top_left_quarter_second_order.npy,1.0,1.0,256,256,nm,2.539614965697953,1.97422819617052,12.464257995224465,0.5163125241714548,3.516506060159784,True,False,False,False,True,,9516e427a73f68ba452e0f325b31b2efc2309d8e6637fbc9c1e3018e90c61d34,,,,2.539614965697953,1.97422819617052,12.464257995224465,8.464773788791717,17.95833537701685,0.5163125241714548,3.516506060159784,122.48709770548231,155.11283974569807,9.751524307213018,95.13610685378704,304.7672836585365,39.2156862745098,39.2156862745098,39.2156862745098,1.0,0.9954019952670384,-5.2856229309171745,-3.838854727981477,-1.6960261403916728,-0.2603894447313233,1.452203578043218,4.625919060810241,7.178635064307291,0.9994122810155748,0.00042138977045,0.0001663292139749,-3.2042047672923584,1.0,0.7773730360058537,4.9079321722294855,3.3330933638065785,7.071282702132537,0.5163125241714547,3.5165060601597835,48.23057800489046,61.07730574940481,3.8397648615734306,37.46083880382281,120.00531095263034,39.2156862745098,39.2156862745098,39.2156862745098,1.0,0.9954019952670384,-2.0812694059174226,-1.5115892683859888,-0.6678280618517146,-0.1025310719334816,0.5718203734258254,1.8215040954205897,2.826662766312063,0.9994122810155748,0.00042138977045,0.0001663292139749,-3.2042047672923593,3.0,data/processed_afm_extra_five/N6389/N6389_2um_3_000/N6389_2um_3_000_height.npy,"[512, 512]","[2.0, 2.0]",top_left,"[0, 0, 256, 256]","[256, 256]","[1.0, 1.0]",physical ZSensor height -> top-left quarter crop -> robust second-order y2 subtraction,y2,True,4.0,0.9942169189453124,"{'constant': 347.5179319589682, 'x': -0.14934839584209736, 'y': 4.178939492265796, 'y2': -0.4495085606479026}",4.0,3.737777071063931,publication_freeze/prospective_retrained_6358_6382_exclude_6022_6099_single_frame_v1/ground_truth_afm/top_left_quarter_second_order/N6389/scan_3/N6389_scan_3_top_left_quarter_second_order.npy,publication_freeze/prospective_retrained_6358_6382_exclude_6022_6099_single_frame_v1/ground_truth_afm/top_left_quarter_second_order/N6389/scan_3/N6389_scan_3_top_left_quarter_y2_background.npy,1e84525b7a425bbde079f69d0fb100d4ee7dcf637deeeeb6e3ffa111f5154002,9516e427a73f68ba452e0f325b31b2efc2309d8e6637fbc9c1e3018e90c61d34,publication_freeze/prospective_retrained_6358_6382_exclude_6022_6099_single_frame_v1/ground_truth_afm/top_left_quarter_second_order/N6389/scan_3/N6389_scan_3_top_left_quarter_second_order.json,1.0
6389,6389,data/processed_afm_extra_five/N6389/N6389_2um_4_000/N6389_2um_4_000_height.npy,N6389_scan_4_top_left_quarter,publication_freeze/prospective_retrained_6358_6382_exclude_6022_6099_single_frame_v1/ground_truth_afm/top_left_quarter_second_order/N6389/scan_4/N6389_scan_4_top_left_quarter_second_order.npy,publication_freeze/prospective_retrained_6358_6382_exclude_6022_6099_single_frame_v1/ground_truth_afm/top_left_quarter_second_order/N6389/scan_4/N6389_scan_4_top_left_quarter_second_order.npy,1.0,1.0,256,256,nm,2.366590965056334,1.7934842323148568,12.026086933709776,0.6384973968780965,4.145790417059823,True,False,False,False,True,,6dd9479f90bff6c23273ce82f086569df8672f108c2cc4a3d14c1a3970d5773a,,,,2.366590965056334,1.7934842323148568,12.026086933709776,7.855905876953081,18.79408516134953,0.6384973968780965,4.145790417059823,114.67320503680574,142.94439794687457,8.282514972783876,89.58808238612214,282.9528026489183,39.2156862745098,43.13725490196078,39.2156862745098,1.1,0.9943782756173613,-5.086363439462176,-3.5030999549951134,-1.5121259823197648,-0.2234098053631884,1.2367599501781412,4.352805921957967,6.939723494247602,0.9994701961304734,0.0003418584927813,0.000187945376745,-3.133249204353141,1.0,0.7578344795515457,5.081607726590603,3.319503029018823,7.941416763121191,0.6384973968780965,4.145790417059825,48.45501682800352,60.40097340753261,3.4997661594582827,37.855330181229526,119.56134660650282,39.2156862745098,43.13725490196078,39.2156862745098,1.1,0.9943782756173613,-2.1492363972331403,-1.4802304271079334,-0.6389469091393115,-0.0944015288919479,0.5225913427539438,1.8392726019108896,2.932371329357462,0.9994701961304736,0.0003418584927813,0.000187945376745,-3.1332492043531377,4.0,data/processed_afm_extra_five/N6389/N6389_2um_4_000/N6389_2um_4_000_height.npy,"[512, 512]","[2.0, 2.0]",top_left,"[0, 0, 256, 256]","[256, 256]","[1.0, 1.0]",physical ZSensor height -> top-left quarter crop -> robust second-order y2 subtraction,y2,True,5.0,0.9879302978515624,"{'constant': -206.20632949875989, 'x': -0.008512563738629512, 'y': 3.7725999942203936, 'y2': -0.2596835069231412}",4.0,3.736236635006103,publication_freeze/prospective_retrained_6358_6382_exclude_6022_6099_single_frame_v1/ground_truth_afm/top_left_quarter_second_order/N6389/scan_4/N6389_scan_4_top_left_quarter_second_order.npy,publication_freeze/prospective_retrained_6358_6382_exclude_6022_6099_single_frame_v1/ground_truth_afm/top_left_quarter_second_order/N6389/scan_4/N6389_scan_4_top_left_quarter_y2_background.npy,6cbd13cdf1ae54886173e2c1d1a3e2052ef9126bd8a2e129c0abd9002d0ee1e7,6dd9479f90bff6c23273ce82f086569df8672f108c2cc4a3d14c1a3970d5773a,publication_freeze/prospective_retrained_6358_6382_exclude_6022_6099_single_frame_v1/ground_truth_afm/top_left_quarter_second_order/N6389/scan_4/N6389_scan_4_top_left_quarter_second_order.json,1.0
6389,6389,data/processed_afm_extra_five/N6389/N6389_2um_5_000/N6389_2um_5_000_height.npy,N6389_scan_5_top_left_quarter,publication_freeze/prospective_retrained_6358_6382_exclude_6022_6099_single_frame_v1/ground_truth_afm/top_left_quarter_second_order/N6389/scan_5/N6389_scan_5_top_left_quarter_second_order.npy,publication_freeze/prospective_retrained_6358_6382_exclude_6022_6099_single_frame_v1/ground_truth_afm/top_left_quarter_second_order/N6389/scan_5/N6389_scan_5_top_left_quarter_second_order.npy,1.0,1.0,256,256,nm,2.2786247534532573,1.7445318900325584,11.512219192480812,0.520496813772846,3.9846082500371143,True,False,False,False,True,,e605a2dc6cd6e7ceb8e0906267972ceb20fe2edb29e75252048313cddea0b59d,,,,2.2786247534532573,1.7445318900325584,11.512219192480812,7.493021660286772,17.50230913086034,0.520496813772846,3.9846082500371143,111.8178592922688,140.19571848402066,6.009169978399705,88.77169961966614,275.9157711436631,39.2156862745098,39.2156862745098,39.2156862745098,1.0,0.9867570543951516,-4.9755467661880655,-3.432756123219286,-1.4622401448675582,-0.178244227128325,1.2734987279228769,4.060265537067486,6.536672426292748,0.999405347270367,0.0004036170859876,0.0001910356436453,-3.132627326569114,1.0,0.7656073635594098,5.052266361556038,3.288396498340103,7.681084436713671,0.520496813772846,3.9846082500371143,49.072520222036886,61.52646163944017,2.637191564470104,38.95845486850459,121.08872719192247,39.2156862745098,39.2156862745098,39.2156862745098,1.0,0.9867570543951514,-2.183574438330673,-1.5065034811093585,-0.6417204687395466,-0.078224475907319,0.5588891834835414,1.7818930172307446,2.8686919232253647,0.9994053472703668,0.0004036170859876,0.0001910356436453,-3.1326273265691142,5.0,data/processed_afm_extra_five/N6389/N6389_2um_5_000/N6389_2um_5_000_height.npy,"[512, 512]","[2.0, 2.0]",top_left,"[0, 0, 256, 256]","[256, 256]","[1.0, 1.0]",physical ZSensor height -> top-left quarter crop -> robust second-order y2 subtraction,y2,True,5.0,0.9913177490234376,"{'constant': -377.9394451505857, 'x': 0.05082415571777079, 'y': 2.753295133890606, 'y2': -0.21538481896662157}",4.0,3.7390040721323112,publication_freeze/prospective_retrained_6358_6382_exclude_6022_6099_single_frame_v1/ground_truth_afm/top_left_quarter_second_order/N6389/scan_5/N6389_scan_5_top_left_quarter_second_order.npy,publication_freeze/prospective_retrained_6358_6382_exclude_6022_6099_single_frame_v1/ground_truth_afm/top_left_quarter_second_order/N6389/scan_5/N6389_scan_5_top_left_quarter_y2_background.npy,50c07aa59c7359d42fa397b7adcb923d4b2d9bb6c075a3fa871a522fb145a4b9,e605a2dc6cd6e7ceb8e0906267972ceb20fe2edb29e75252048313cddea0b59d,publication_freeze/prospective_retrained_6358_6382_exclude_6022_6099_single_frame_v1/ground_truth_afm/top_left_quarter_second_order/N6389/scan_5/N6389_scan_5_top_left_quarter_second_order.json,1.0
6390,6390,data/processed_afm_extra_five/N6390/N6390_2um_1_0_00000_spm/N6390_2um_1_0_00000_spm_height.npy,N6390_scan_1_top_left_quarter,publication_freeze/prospective_retrained_6358_6382_exclude_6022_6099_single_frame_v1/ground_truth_afm/top_left_quarter_second_order/N6390/scan_1/N6390_scan_1_top_left_quarter_second_order.npy,publication_freeze/prospective_retrained_6358_6382_exclude_6022_6099_single_frame_v1/ground_truth_afm/top_left_quarter_second_order/N6390/scan_1/N6390_scan_1_top_left_quarter_second_order.npy,1.0,1.0,256,256,nm,2.397455327751362,1.915351873787969,11.12291074235463,0.2937402865839588,2.975370248844113,True,False,False,False,True,,c01a6207dd1403f44997599ad2ea7f65892882e343ccfad95839393c1bea9262,,,,2.397455327751362,1.915351873787969,11.12291074235463,7.85446252496687,16.85901696054671,0.2937402865839588,2.975370248844113,128.8520206850848,161.06940651268823,23.27358138960765,104.02778608972042,321.6701923013554,35.29411764705882,35.29411764705882,35.29411764705882,1.0,0.9983925947057886,-5.088438925365048,-3.674139280509843,-1.6665426701587054,-0.1682592200104163,1.5663698538657822,4.180323244457027,6.0344718169895835,0.9994934703216284,0.0003366352370549,0.0001698944413166,-3.376632737028457,1.0,0.7989103494931141,4.639465275370577,3.276166372757311,7.0320463390486765,0.2937402865839588,2.9753702488441136,53.74532705305445,67.18348602714512,9.707618373618065,43.3909173971099,134.1715061706942,35.29411764705882,35.29411764705882,35.29411764705882,1.0,0.9983925947057886,-2.122433259324849,-1.5325162633816072,-0.69512981154139,-0.0701824213626667,0.6533468364288242,1.743650109375704,2.5170320160457287,0.9994934703216284,0.0003366352370549,0.0001698944413166,-3.376632737028457,1.0,data/processed_afm_extra_five/N6390/N6390_2um_1_0_00000_spm/N6390_2um_1_0_00000_spm_height.npy,"[512, 512]","[2.0, 2.0]",top_left,"[0, 0, 256, 256]","[256, 256]","[1.0, 1.0]",physical ZSensor height -> top-left quarter crop -> robust second-order y2 subtraction,y2,True,2.0,0.999359130859375,"{'constant': -37.906052998101856, 'x': -0.687347869056563, 'y': -11.213912689037084, 'y2': 0.2352656235158239}",4.0,3.736416044032898,publication_freeze/prospective_retrained_6358_6382_exclude_6022_6099_single_frame_v1/ground_truth_afm/top_left_quarter_second_order/N6390/scan_1/N6390_scan_1_top_left_quarter_second_order.npy,publication_freeze/prospective_retrained_6358_6382_exclude_6022_6099_single_frame_v1/ground_truth_afm/top_left_quarter_second_order/N6390/scan_1/N6390_scan_1_top_left_quarter_y2_background.npy,6d6135206ab4898274e5b2ba49cdeebcca353cd2ba56180a5b47ad7e9873dc30,c01a6207dd1403f44997599ad2ea7f65892882e343ccfad95839393c1bea9262,publication_freeze/prospective_retrained_6358_6382_exclude_6022_6099_single_frame_v1/ground_truth_afm/top_left_quarter_second_order/N6390/scan_1/N6390_scan_1_top_left_quarter_second_order.json,1.0
6390,6390,data/processed_afm_extra_five/N6390/N6390_2um_2_0_00000_spm/N6390_2um_2_0_00000_spm_height.npy,N6390_scan_2_top_left_quarter,publication_freeze/prospective_retrained_6358_6382_exclude_6022_6099_single_frame_v1/ground_truth_afm/top_left_quarter_second_order/N6390/scan_2/N6390_scan_2_top_left_quarter_second_order.npy,publication_freeze/prospective_retrained_6358_6382_exclude_6022_6099_single_frame_v1/ground_truth_afm/top_left_quarter_second_order/N6390/scan_2/N6390_scan_2_top_left_quarter_second_order.npy,1.0,1.0,256,256,nm,2.355063933768294,1.8468527438323383,11.325442213236991,0.4367583091360616,3.4183594875298193,True,False,False,False,True,,f40341a950f81853f979169744769843ec6fddd4143b893e917570110ed7aa07,,,,2.355063933768294,1.8468527438323383,11.325442213236991,7.678343821379944,17.237967925206092,0.4367583091360616,3.4183594875298193,130.4418233239492,165.44546475959038,23.43599472561587,101.13223501089196,338.6169315712087,35.29411764705882,35.29411764705882,39.2156862745098,1.1111111111111112,0.9983584120427954,-4.930352022580844,-3.6026946851422914,-1.5725470570338256,-0.2176616192443591,1.5042166207621763,4.075649136237652,6.39509019065615,0.9991698155928348,0.0006184577977357,0.0002117266094297,-3.211331889941271,1.0,0.7842049285164092,4.808974419269953,3.260354723828651,7.319532891671412,0.4367583091360617,3.4183594875298193,55.38780559355416,70.25094409851717,9.951319957635455,42.94245840242313,143.7824794120956,35.29411764705882,35.29411764705882,39.2156862745098,1.1111111111111112,0.9983584120427956,-2.093510902989321,-1.529765130145612,-0.667730091946006,-0.0924228069240068,0.6387158323788296,1.730589593683039,2.715463516280632,0.9991698155928344,0.0006184577977357,0.0002117266094297,-3.211331889941271,2.0,data/processed_afm_extra_five/N6390/N6390_2um_2_0_00000_spm/N6390_2um_2_0_00000_spm_height.npy,"[512, 512]","[2.0, 2.0]",top_left,"[0, 0, 256, 256]","[256, 256]","[1.0, 1.0]",physical ZSensor height -> top-left quarter crop -> robust second-order y2 subtraction,y2,True,3.0,0.99591064453125,"{'constant': 90.09478780786384, 'x': -0.2339769652151174, 'y': 8.201489043478652, 'y2': 0.11724342585473743}",4.0,3.730486039320928,publication_freeze/prospective_retrained_6358_6382_exclude_6022_6099_single_frame_v1/ground_truth_afm/top_left_quarter_second_order/N6390/scan_2/N6390_scan_2_top_left_quarter_second_order.npy,publication_freeze/prospective_retrained_6358_6382_exclude_6022_6099_single_frame_v1/ground_truth_afm/top_left_quarter_second_order/N6390/scan_2/N6390_scan_2_top_left_quarter_y2_background.npy,6554f69d1d55233d8952e531612263b9c148624de04f006f4a0f12eb22d714db,f40341a950f81853f979169744769843ec6fddd4143b893e917570110ed7aa07,publication_freeze/prospective_retrained_6358_6382_exclude_6022_6099_single_frame_v1/ground_truth_afm/top_left_quarter_second_order/N6390/scan_2/N6390_scan_2_top_left_quarter_second_order.json,1.0
6390,6390,data/processed_afm_extra_five/N6390/N6390_2um_3_0_00000_spm/N6390_2um_3_0_00000_spm_height.npy,N6390_scan_3_top_left_quarter,publication_freeze/prospective_retrained_6358_6382_exclude_6022_6099_single_frame_v1/ground_truth_afm/top_left_quarter_second_order/N6390/scan_3/N6390_scan_3_top_left_quarter_second_order.npy,publication_freeze/prospective_retrained_6358_6382_exclude_6022_6099_single_frame_v1/ground_truth_afm/top_left_quarter_second_order/N6390/scan_3/N6390_scan_3_top_left_quarter_second_order.npy,1.0,1.0,256,256,nm,2.288133254099204,1.804165651262131,11.17847053786388,0.3736373902943625,3.468356751647015,True,False,False,False,True,,b36318592a806bea5c9c3d364e116d4db68c1aaaea41fae02c02b69ecac70ec9,,,,2.288133254099204,1.804165651262131,11.17847053786388,7.286749528868934,17.216014669522934,0.3736373902943625,3.468356751647015,119.17104478409848,152.57911856125725,20.709074921410625,91.89697226036527,309.82413503854303,35.29411764705882,35.29411764705882,39.2156862745098,1.1111111111111112,0.9988456781576942,-4.905864657112841,-3.502443765082853,-1.5735874111790475,-0.1286625662503779,1.4649296413000896,3.784305763786081,6.2726058807510405,0.9993270779751376,0.0005017894877114,0.000171132537151,-3.321359720454142,1.0,0.7884880166091539,4.885410636743986,3.18458267927127,7.524043732453231,0.3736373902943625,3.4683567516470153,52.082213555789565,66.68279405839273,9.050641995744874,40.16242152668832,135.40476040173417,35.29411764705882,35.29411764705882,39.2156862745098,1.1111111111111112,0.998845678157694,-2.1440467456709333,-1.530699210287777,-0.6877166827412505,-0.0562303642149679,0.6402291643966362,1.6538834689834934,2.741363891073053,0.9993270779751374,0.0005017894877114,0.000171132537151,-3.3213597204541396,3.0,data/processed_afm_extra_five/N6390/N6390_2um_3_0_00000_spm/N6390_2um_3_0_00000_spm_height.npy,"[512, 512]","[2.0, 2.0]",top_left,"[0, 0, 256, 256]","[256, 256]","[1.0, 1.0]",physical ZSensor height -> top-left quarter crop -> robust second-order y2 subtraction,y2,True,4.0,0.9970550537109376,"{'constant': -36.8252538669314, 'x': -0.8292282022529887, 'y': 7.060673922614922, 'y2': 0.6249154633750605}",4.0,3.735937218082066,publication_freeze/prospective_retrained_6358_6382_exclude_6022_6099_single_frame_v1/ground_truth_afm/top_left_quarter_second_order/N6390/scan_3/N6390_scan_3_top_left_quarter_second_order.npy,publication_freeze/prospective_retrained_6358_6382_exclude_6022_6099_single_frame_v1/ground_truth_afm/top_left_quarter_second_order/N6390/scan_3/N6390_scan_3_top_left_quarter_y2_background.npy,073dc7b1eb6b3bff501678100f2f62637f584ced0b022df3a3d12b1830a1298f,b36318592a806bea5c9c3d364e116d4db68c1aaaea41fae02c02b69ecac70ec9,publication_freeze/prospective_retrained_6358_6382_exclude_6022_6099_single_frame_v1/ground_truth_afm/top_left_quarter_second_order/N6390/scan_3/N6390_scan_3_top_left_quarter_second_order.json,1.0
6390,6390,data/processed_afm_extra_five/N6390/N6390_2um_4_0_00000_spm/N6390_2um_4_0_00000_spm_height.npy,N6390_scan_4_top_left_quarter,publication_freeze/prospective_retrained_6358_6382_exclude_6022_6099_single_frame_v1/ground_truth_afm/top_left_quarter_second_order/N6390/scan_4/N6390_scan_4_top_left_quarter_second_order.npy,publication_freeze/prospective_retrained_6358_6382_exclude_6022_6099_single_frame_v1/ground_truth_afm/top_left_quarter_second_order/N6390/scan_4/N6390_scan_4_top_left_quarter_second_order.npy,1.0,1.0,256,256,nm,2.249986564675691,1.753008619438933,10.805283094377463,0.5138351878615994,3.988602751256149,True,False,False,False,True,,d16b0c9491491cc6086bac5fb60812f5a2acde7519ef879468f34de2f888b64e,,,,2.249986564675691,1.753008619438933,10.805283094377463,7.250466057865136,17.63946160915896,0.5138351878615994,3.988602751256149,118.52480130630552,150.84004933384588,20.90873176526099,92.09670801031568,307.225817937256,35.29411764705882,35.29411764705882,35.29411764705882,1.0,0.9990800286249976,-4.73132276793199,-3.437877437072125,-1.5107037196055393,-0.1560374886077265,1.347797519762717,3.812588620793011,6.073960326445474,0.9993743791242898,0.00046250484714,0.0001631160285701,-3.347478239769754,1.0,0.7791195942948257,4.802376718162723,3.2224486011142943,7.839807528673613,0.5138351878615995,3.988602751256149,52.678004023277126,67.0404222416269,9.29282516328036,40.932114642911365,136.5456233208837,35.29411764705882,35.29411764705882,35.29411764705882,1.0,0.9990800286249976,-2.1028226755718222,-1.5279546513948428,-0.6714278846475199,-0.0693504090457613,0.5990246968239058,1.694493949719451,2.6995540425909006,0.9993743791242898,0.00046250484714,0.0001631160285701,-3.347478239769754,4.0,data/processed_afm_extra_five/N6390/N6390_2um_4_0_00000_spm/N6390_2um_4_0_00000_spm_height.npy,"[512, 512]","[2.0, 2.0]",top_left,"[0, 0, 256, 256]","[256, 256]","[1.0, 1.0]",physical ZSensor height -> top-left quarter crop -> robust second-order y2 subtraction,y2,True,4.0,0.9942169189453124,"{'constant': -35.2091546161138, 'x': -0.7872987266350518, 'y': 7.56002771929078, 'y2': 2.084381296728651}",4.0,3.7345372903700658,publication_freeze/prospective_retrained_6358_6382_exclude_6022_6099_single_frame_v1/ground_truth_afm/top_left_quarter_second_order/N6390/scan_4/N6390_scan_4_top_left_quarter_second_order.npy,publication_freeze/prospective_retrained_6358_6382_exclude_6022_6099_single_frame_v1/ground_truth_afm/top_left_quarter_second_order/N6390/scan_4/N6390_scan_4_top_left_quarter_y2_background.npy,30656df4898cbfe3a9506d74a1368673b0fec246893fe90b57b3f3abb61f4caf,d16b0c9491491cc6086bac5fb60812f5a2acde7519ef879468f34de2f888b64e,publication_freeze/prospective_retrained_6358_6382_exclude_6022_6099_single_frame_v1/ground_truth_afm/top_left_quarter_second_order/N6390/scan_4/N6390_scan_4_top_left_quarter_second_order.json,1.0
6390,6390,data/processed_afm_extra_five/N6390/N6390_2um_5_0_00000_spm/N6390_2um_5_0_00000_spm_height.npy,N6390_scan_5_top_left_quarter,publication_freeze/prospective_retrained_6358_6382_exclude_6022_6099_single_frame_v1/ground_truth_afm/top_left_quarter_second_order/N6390/scan_5/N6390_scan_5_top_left_quarter_second_order.npy,publication_freeze/prospective_retrained_6358_6382_exclude_6022_6099_single_frame_v1/ground_truth_afm/top_left_quarter_second_order/N6390/scan_5/N6390_scan_5_top_left_quarter_second_order.npy,1.0,1.0,256,256,nm,2.152509524696052,1.7077584899832012,10.259902581450367,0.1820693258558646,3.0133156788849513,True,False,False,False,True,,af385d5d1b4ce3336d0cee8ed87bc9c86f69ace008f1f55f36b5bcaeaa0ca896,,,,2.152509524696052,1.7077584899832012,10.259902581450367,7.196210107566065,13.81155620706572,0.1820693258558646,3.0133156788849513,119.29519624304032,149.15065009286573,21.091104508299793,95.65959944860472,297.05601876288506,35.29411764705882,35.29411764705882,35.29411764705882,1.0,0.9991851899403924,-4.741370468647466,-3.4799197909739936,-1.4445680474413587,-0.0533357605018922,1.408584881974675,3.716290316592071,5.518532112802903,0.999425142908672,0.0003840400889606,0.0001908170023675,-3.3096217820137124,1.0,0.7933802245192609,4.766484172886125,3.3431722484862014,6.416490170474855,0.1820693258558646,3.013315678884952,55.42144872036539,69.2915168930213,9.798379178497706,44.44096453515691,138.00450839112142,35.29411764705882,35.29411764705882,35.29411764705882,1.0,0.9991851899403924,-2.2027175323728136,-1.616680321758567,-0.6711087829659387,-0.0247784085923724,0.6543919391825112,1.7264919267276344,2.5637666405133115,0.9994251429086716,0.0003840400889606,0.0001908170023675,-3.3096217820137084,5.0,data/processed_afm_extra_five/N6390/N6390_2um_5_0_00000_spm/N6390_2um_5_0_00000_spm_height.npy,"[512, 512]","[2.0, 2.0]",top_left,"[0, 0, 256, 256]","[256, 256]","[1.0, 1.0]",physical ZSensor height -> top-left quarter crop -> robust second-order y2 subtraction,y2,True,1.0,1.0,"{'constant': -32.976064208094584, 'x': -0.6089447742075432, 'y': 6.355596416064182, 'y2': 0.21629715153393125}",4.0,3.736531770789087,publication_freeze/prospective_retrained_6358_6382_exclude_6022_6099_single_frame_v1/ground_truth_afm/top_left_quarter_second_order/N6390/scan_5/N6390_scan_5_top_left_quarter_second_order.npy,publication_freeze/prospective_retrained_6358_6382_exclude_6022_6099_single_frame_v1/ground_truth_afm/top_left_quarter_second_order/N6390/scan_5/N6390_scan_5_top_left_quarter_y2_background.npy,544be983a2b3b8a3eed0bd11ecd34479f685671ce7685aa7308b872a36f53bc5,af385d5d1b4ce3336d0cee8ed87bc9c86f69ace008f1f55f36b5bcaeaa0ca896,publication_freeze/prospective_retrained_6358_6382_exclude_6022_6099_single_frame_v1/ground_truth_afm/top_left_quarter_second_order/N6390/scan_5/N6390_scan_5_top_left_quarter_second_order.json,1.0
