target,outer_held_growth_group,inner_held_growth_group,true_target,predicted_target,absolute_error,base_to_tta_median_nm,tta_frame_std_nm,tta_roi_std_nm,tta_all_std_nm,tta_all_range_nm,tta_uncertainty_risk_score,rotation_period_risk_score,angular_tta_risk_score,predicted_amplitude_risk_score,range_aware_risk_score,estimated_period_frames,core_head_disagreement_log_std,core_head_log_range,r3d_density_ood_z,density_ood_z,r3d_support_confidence,physics_support_confidence,head_disagreement_risk_score,extreme_head_disagreement_veto,uncertainty_risk_score,confidence,outer_target_used_for_calibration
Rq_nm,6022,6028,5.214306831359862,2.890624130062609,2.3236827012972534,0.08075172897959693,0.12136933959345841,0.4965774163899345,0.40331523097356353,1.52444206204952,0.7592592592592593,0.42592592592592593,0.5686723160290403,0.6111111111111112,0.6005014123405934,30.0,0.07679307393490659,0.22388979903045292,-0.9210322321808716,0.3505527573298441,1.0,0.7042986758474685,0.35185185185185186,False,0.6005014123405934,0.3994985876594066,False
Rq_nm,6022,6029,2.2897632122039795,1.6892151696974322,0.6005480425065473,0.006724622031632377,0.2638558889438125,0.10729928271426267,0.20000100334711948,0.7390362094467902,0.2777777777777778,0.6481481481481481,0.424312564347763,0.16666666666666666,0.23107814108694075,33.5,0.7377465842981603,2.3450065564329137,-0.7586051347580055,124.6735397200344,1.0,7.16093382273571e-55,0.9814814814814815,True,0.9814814814814815,0.01851851851851849,False
Rq_nm,6022,6033,2.0502288341522217,2.3454969745230607,0.29526814037083904,0.01957940393475921,0.13303309224193538,0.2098861448267027,0.20228340089319047,0.7863275524127034,0.46296296296296297,0.9814814814814815,0.6740842490074553,0.42592592592592593,0.4879655066963082,40.25,0.0865232967426609,0.22980525790400153,0.3966119990494458,2.010866045126658,0.6725949424884134,0.13387268466361976,0.3888888888888889,False,0.4879655066963082,0.5120344933036918,False
Rq_nm,6022,6047,3.348536252975464,2.352891292449678,0.995644960525786,0.07696945893125129,0.09548932014085078,0.13539188861740778,0.1260932692862974,0.4562692578710057,0.6851851851851852,0.5740740740740741,0.6271738600694852,0.46296296296296297,0.5040156872395936,31.5,0.017808938435129613,0.050264433666124986,-0.7144683247671249,-1.711991813725882,1.0,1.0,0.018518518518518517,False,0.5040156872395936,0.49598431276040644,False
Rq_nm,6022,6048,1.8154829144477844,3.2210367096461066,1.4055537951983221,0.27241795667325297,0.4514851216761516,0.5894918456969144,0.5489177319150218,1.7028349137338905,0.9814814814814815,0.2777777777777778,0.5221434140693216,0.8333333333333334,0.7555358535173304,27.25,0.01958774612448618,0.05967230926086198,-0.055821613497710594,-0.17568604852421207,1.0,1.0,0.05555555555555555,False,0.7555358535173304,0.24446414648266956,False
Rq_nm,6022,6056,2.529426336288452,1.7949519515962598,0.7344743846921924,0.0,0.1405019133881035,0.37569191062632257,0.34275395112775003,1.1532788997179177,0.16666666666666666,0.6851851851851852,0.33793125168323446,0.24074074074074073,0.2650383684763642,34.5,0.1273777973011616,0.35586657156275336,-0.6860512395229279,-0.43292419004708876,1.0,1.0,0.6111111111111112,False,0.2650383684763642,0.7349616315236358,False
Rq_nm,6022,6057,3.9545385837554927,1.4556104526624687,2.498928131093024,0.01000526705859861,0.07320305802350031,0.03956992064181087,0.05826820985758375,0.18892951915772804,0.3148148148148148,0.8333333333333334,0.5121969142940493,0.09259259259259259,0.19749367301795678,39.0,0.04746545034365731,0.13863147756813549,-0.527676276498438,-0.011975927551823352,1.0,1.0,0.2777777777777778,False,0.19749367301795684,0.8025063269820432,False
Rq_nm,6022,6062,3.0923656225204468,3.7853903861916427,0.6930247636711959,0.039895456043237854,0.40369506369370944,0.0752492953594998,0.27971357922086804,1.0677604904542046,0.5740740740740741,0.7592592592592593,0.6602053137028107,0.9444444444444444,0.873384661759036,37.5,0.3544678163461168,0.9731413082051215,-1.0280961337766308,0.14232705673578175,1.0,0.8673375415078491,0.9074074074074074,True,0.9074074074074074,0.09259259259259256,False
Rq_nm,6022,6063,5.24570107460022,2.664740491903998,2.5809605826962216,0.0,0.46844978271429366,0.43115500282672464,0.4669127922674336,1.4120804951381272,0.16666666666666666,0.24074074074074073,0.20030840419244383,0.5740740740740741,0.48063265660366655,27.0,0.12447482915722832,0.33443962303231645,-0.1938908334195745,3.4544949930910454,1.0,0.03160326019159035,0.5740740740740741,False,0.4806326566036665,0.5193673433963335,False
Rq_nm,6022,6070,2.544952154159546,2.6416194361641265,0.09666728200458063,0.06025186686826567,0.6388822153041759,0.06797433021394901,0.4694752999037371,1.748142329819452,0.6111111111111112,0.3148148148148148,0.4386192326787782,0.5370370370370371,0.5124325859474723,27.5,0.03740630429031872,0.11906078212031845,-0.43423738443953414,-0.2797292318117481,1.0,1.0,0.12962962962962962,False,0.5124325859474723,0.4875674140525277,False
Rq_nm,6022,6072,1.470114827156067,1.4249060717531006,0.045208755402966316,0.019198853012847072,0.06582152056589723,0.08380028613505891,0.09082156950983691,0.3290131513643213,0.42592592592592593,0.7592592592592593,0.5686723160290403,0.05555555555555555,0.18383474567392674,37.5,0.17833025616074513,0.4853198884414963,0.8841902187818292,0.013270610077666323,0.41304851681933324,0.9868170562445805,0.7222222222222222,False,0.18383474567392677,0.8161652543260732,False
Rq_nm,6022,6078,1.5030123591423035,2.187021212358611,0.6840088532163073,0.013463540735077384,0.013764731723600024,0.02465610326897314,0.02182257253640814,0.07790139659646211,0.35185185185185186,0.9074074074074074,0.5650424556441614,0.35185185185185186,0.40514950279992923,39.25,0.17920215327449662,0.47849888875005586,-0.7550792166861919,0.9193008658292575,1.0,0.3987977567823093,0.7592592592592593,False,0.40514950279992923,0.5948504972000708,False
Rq_nm,6022,6080,3.9266197681427,1.951045330399135,1.9755744377435651,0.0,0.07671194176947993,0.07367403047345583,0.09343057331995784,0.2954860218258526,0.16666666666666666,0.9444444444444444,0.3967460238079361,0.3148148148148148,0.33529761706309513,39.5,0.08919431768891896,0.2631174411392794,0.8020802647163596,0.6345896063327755,0.4483952124891472,0.5301530151187693,0.42592592592592593,False,0.33529761706309513,0.6647023829369049,False
Rq_nm,6022,6081,0.9417254328727722,4.424463684820509,3.482738251947737,0.1246555136800227,0.1897127326480234,0.25763483600776355,0.2764061090552775,1.0571937790494976,0.8703703703703703,0.7962962962962963,0.8325098812218157,0.9814814814814815,0.944238581416565,37.75,0.10359642240569213,0.2833643502795109,-0.8378529010652271,-1.4255896282698153,1.0,1.0,0.46296296296296297,False,0.944238581416565,0.055761418583434974,False
Rq_nm,6022,6082,1.863613247871399,3.1528212606764945,1.2892080128050956,0.16047761569970032,0.16987169537481983,0.4889581408355045,0.40466220184378865,1.6769474551170895,0.9444444444444444,0.6111111111111112,0.759710796176519,0.7592592592592593,0.7593721434885742,32.0,0.16028632423226546,0.4343139977261238,1.1468560440864384,-0.043470148499824675,0.3176338279554153,1.0,0.6481481481481481,False,0.7593721434885742,0.24062785651142582,False
Rq_nm,6022,6084,1.391980767250061,2.9194409329739726,1.5274601657239115,0.1470624049099336,0.2911422289403211,0.2510981244240723,0.30076927703553685,0.9322728720634443,0.9074074074074074,0.5,0.6735753140545634,0.6481481481481481,0.654504939624752,31.0,0.045050511386540745,0.14087057914620915,0.16895837891028195,-1.567620227890551,0.8445440534983578,1.0,0.24074074074074073,False,0.654504939624752,0.345495060375248,False
Rq_nm,6022,6085,2.2395859956741333,3.30469048209737,1.0651044864232366,0.0,0.21557654789335937,0.4780396592683538,0.41362510200956853,1.611981548710593,0.16666666666666666,0.5370370370370371,0.29917582261858355,0.9074074074074074,0.7553495112102014,31.25,0.03276041656094231,0.0989513906083741,-1.560226981228068,-0.8221027671345282,1.0,1.0,0.09259259259259259,False,0.7553495112102014,0.24465048878979856,False
Rq_nm,6022,6090,2.4095938205718994,3.15536011718694,0.7457662966150407,0.07728408786830876,0.15274249310264465,0.10183459513909426,0.1337601577357826,0.47352657898527317,0.7222222222222222,0.16666666666666666,0.3469443332443555,0.7962962962962963,0.683958305533311,25.25,0.04057101691779725,0.11813944950494215,-0.5395114279086756,1.5285232651152958,1.0,0.21685566931061603,0.16666666666666666,False,0.683958305533311,0.31604169446668895,False
Rq_nm,6022,6094,4.058265686035156,1.645036982948363,2.4132287030867934,0.02884893907854047,0.10736521340721336,0.13959571691015632,0.14133273268316346,0.49798268491125075,0.5370370370370371,0.42592592592592593,0.47826561370907256,0.12962962962962962,0.21678862564949036,30.0,0.07266523431121306,0.19541355529987892,0.3745222995236416,-1.2737430890732355,0.6876176756382669,1.0,0.3148148148148148,False,0.21678862564949042,0.7832113743505096,False
Rq_nm,6022,6095,9.07418346405029,3.00623466234391,6.067948801706379,0.02343748670090351,0.2844146119693952,0.1081594152796105,0.21024652719117584,0.8586440948861056,0.5,0.35185185185185186,0.41943524640393054,0.7222222222222222,0.6465254782676493,28.75,0.17660670037715984,0.48278090247665195,0.012599696510969538,-0.42955947438751907,0.9874793473406607,1.0,0.6851851851851852,False,0.6465254782676493,0.3534745217323507,False
Rq_nm,6022,6099,9.394835472106934,3.267656428375977,6.127179043730957,0.11423721290799893,0.13471353852860846,0.29748556473545457,0.2479314316071128,0.8744652101537485,0.8333333333333334,0.5,0.6454972243679028,0.8703703703703703,0.8141520838697535,31.0,0.11120550066735646,0.3000122157774927,0.3322294425133189,-1.5527768526451755,0.7173227196440224,1.0,0.5370370370370371,False,0.8141520838697535,0.18584791613024654,False
Rq_nm,6022,6101,0.481030598282814,2.9783337109850603,2.4973031127022463,0.001100912722675318,0.023485341914477275,0.1374994033808969,0.11217155598349493,0.4756335885899938,0.2037037037037037,0.9074074074074074,0.4299328431942185,0.6851851851851852,0.6213720996874436,39.25,0.10633615852074754,0.2861890402505348,-0.4817165731640081,0.6673250163650073,1.0,0.5130792222664754,0.5,False,0.6213720996874436,0.37862790031255644,False
Rq_nm,6022,N6342,0.8041046559810638,1.7544174139325075,0.9503127579514437,0.06228261475212715,0.15527734012861427,0.0790566972343867,0.1218212375512157,0.42008555040653284,0.6481481481481481,0.05555555555555555,0.18975834751777032,0.2037037037037037,0.20021736465722034,21.0,0.1949462479565627,0.5561146187391022,1.9054329766088496,-0.033533885064114456,0.14875821984680165,1.0,0.7962962962962963,False,0.2002173646572203,0.7997826353427797,False
Rq_nm,6022,N6358,0.9793977737426758,1.8610486390780023,0.8816508653353266,0.0018003291257970844,0.10787620397481254,0.08230082870725221,0.14397506870138232,0.5400017144394667,0.24074074074074073,0.24074074074074073,0.24074074074074073,0.2777777777777778,0.26851851851851855,27.0,0.25578272269488744,0.6920991871315595,0.2695695218330189,1.1939307858188013,0.7637081832839182,0.3030277826327946,0.8333333333333334,False,0.2685185185185186,0.7314814814814814,False
Rq_nm,6022,N6382,1.1125519275665283,0.2086285914407968,0.9039233361257315,0.014379582215529735,0.018231861158718263,0.06820180681762888,0.0695103790791331,0.24921306374311122,0.3888888888888889,0.018518518518518517,0.08486251286955258,0.018518518518518517,0.03510451710627703,19.5,0.7109668907951285,1.9287562118502308,7.3931889800338295,1.1162630481323639,0.0006154302261394294,0.3275013675689931,0.9444444444444444,True,0.9444444444444444,0.05555555555555558,False
Rq_nm,6022,N6389,2.0189785957336426,2.230926546851388,0.21194795111774534,0.0,0.0489496043758587,0.05702483266930586,0.056680071866930005,0.20308742821564918,0.16666666666666666,0.09259259259259259,0.12422599874998831,0.3888888888888889,0.32272316635416376,21.5,0.2797928559250204,0.7791538820857824,0.5081179642179829,3.0297445039062176,0.6016267971413165,0.04832798415999215,0.8703703703703703,False,0.32272316635416376,0.6772768336458362,False
Rq_nm,6022,N6390,1.9620892405509949,2.590779095493067,0.6286898549420723,0.09824963371793904,1.1913185634517218,0.4936530142397209,0.9016430297399322,2.864862939840567,0.7962962962962963,0.12962962962962962,0.3212842883869902,0.5,0.45532107209674755,22.0,0.041055886545609,0.12927277424751138,9.09028535095929,0.18370489367825957,0.0001127558889309367,0.8321813495709319,0.2037037037037037,False,0.45532107209674755,0.5446789279032525,False
Rq_nm,6028,6022,1.649340271949768,1.4653878260604645,0.1839524458893036,0.5987426149067001,0.24917215220650726,0.5078070885063117,0.41241113479956426,1.2102499274424086,0.9814814814814815,0.2777777777777778,0.5221434140693216,0.05555555555555555,0.17220252018399707,27.0,0.16560815045673308,0.4443939459716909,3.73874756604505,53.76782589556602,0.023783872214650132,4.4558433015713846e-24,0.7222222222222222,False,0.17220252018399707,0.8277974798160029,False
Rq_nm,6028,6029,2.2897632122039795,1.744952659521269,0.5448105526827105,0.029504204541157097,0.12345569694796203,0.05722006354418886,0.0947766911476916,0.3374371260692428,0.46296296296296297,0.6481481481481481,0.5477851651018163,0.24074074074074073,0.3175018468310096,33.5,0.06378732595174534,0.17766662793098986,-0.6859420406241831,75.25853321700694,1.0,2.068398945647095e-33,0.24074074074074073,False,0.31750184683100957,0.6824981531689904,False
Rq_nm,6028,6033,2.0502288341522217,1.7954945437136078,0.25473429043861384,0.13066400242799547,0.08959502909640066,0.23338735486395873,0.20233005690814232,0.6613360528509327,0.9074074074074074,0.9814814814814815,0.9437179486104376,0.2777777777777778,0.44426282048594273,40.25,0.12760499178461662,0.3566090017357155,-0.40060174655322756,1.5365469909459446,1.0,0.21512264084558905,0.5,False,0.4442628204859427,0.5557371795140573,False
Rq_nm,6028,6047,3.348536252975464,2.4328555604972766,0.9156806924781873,0.02923437593422351,0.03857562591814343,0.07500397061533694,0.06506835374893186,0.24728483656776445,0.42592592592592593,0.5740740740740741,0.49448258973402553,0.6111111111111112,0.5819539807668398,31.5,0.03757470715269981,0.10575390152296216,-1.0337109978876156,-1.5289597550215763,1.0,1.0,0.12962962962962962,False,0.5819539807668398,0.4180460192331602,False
Rq_nm,6028,6048,1.8154829144477844,2.294395476869315,0.47891256242153046,0.1979964485424448,0.17841625309506465,0.2891967416756421,0.25833321303548157,0.8467414540383653,0.9444444444444444,0.3148148148148148,0.5452752542346465,0.5,0.5113188135586616,27.25,0.09492118276798735,0.2559055789164608,0.8666875977637836,-0.0842960370340943,0.42034158620604,1.0,0.35185185185185186,False,0.5113188135586616,0.4886811864413384,False
Rq_nm,6028,6056,2.529426336288452,1.8386025354742757,0.6908238008141765,0.0,0.09356733895351949,0.25626007807893436,0.22792892965941935,0.8002807298650807,0.12962962962962962,0.6851851851851852,0.2980273507302052,0.3148148148148148,0.3106179487936624,34.5,0.1000031655122546,0.27947316431361224,-0.981256991346127,-0.2696744526538201,1.0,1.0,0.3888888888888889,False,0.31061794879366245,0.6893820512063376,False
Rq_nm,6028,6057,3.9545385837554927,1.5073964550765602,2.4471421286789328,0.0025328809344360437,0.08252111713291732,0.03965786712416622,0.06387054432317563,0.2170258886278309,0.16666666666666666,0.8333333333333334,0.37267799624996495,0.09259259259259259,0.1626139435069357,39.0,0.011518759461287586,0.033336610769327646,-0.4315745455660682,0.000706349259630139,1.0,0.9992939001462822,0.018518518518518517,False,0.1626139435069357,0.8373860564930643,False
Rq_nm,6028,6062,3.0923656225204468,3.4672047904436902,0.37483916792324345,0.0454157644172688,0.4664272874507786,0.10281798455352592,0.32691555315777576,1.196485676378896,0.6481481481481481,0.7592592592592593,0.7015072935139189,0.9444444444444444,0.883710156711813,37.5,0.35460584147286356,0.9736902470008044,-0.293636940622051,0.18794568625967067,1.0,0.8286597136189439,0.9444444444444444,True,0.9444444444444444,0.05555555555555558,False
Rq_nm,6028,6063,5.24570107460022,2.4905213113750073,2.7551797632252124,0.024592912661796085,0.22268535484313942,0.29473353712299305,0.2783258302141969,0.9721256654303871,0.35185185185185186,0.2777777777777778,0.3126285743728543,0.6851851851851852,0.5920460324821025,27.0,0.18179513857554186,0.4931582697924337,-0.4413167171023063,3.0162265359884453,1.0,0.048985715881675274,0.7592592592592593,False,0.5920460324821025,0.4079539675178975,False
Rq_nm,6028,6070,2.544952154159546,2.413985632956492,0.13096652120305396,0.03757760582380065,0.09744899474919895,0.0297910080376588,0.07659138953169169,0.2708688648359452,0.6111111111111112,0.35185185185185186,0.4637031120573672,0.5370370370370371,0.5187035557921196,27.5,0.01760608270072404,0.05241347823027587,-0.4097050357287035,-0.2596199875207225,1.0,1.0,0.09259259259259259,False,0.5187035557921196,0.4812964442078804,False
Rq_nm,6028,6072,1.470114827156067,1.5172841764433607,0.04716934928729377,0.0,0.08068630260102394,0.10270928424360797,0.10796337612685246,0.3598275559864519,0.12962962962962962,0.7592592592592593,0.313723599001804,0.12962962962962962,0.17565312197267322,37.5,0.19962357532700892,0.5426681150152491,1.1785284808661602,-0.020755536617301864,0.3077312379935096,1.0,0.8333333333333334,False,0.17565312197267324,0.8243468780273268,False
Rq_nm,6028,6078,1.5030123591423035,2.2681677575757213,0.7651553984334178,0.023425178908154543,0.03413189918161495,0.050759455612645575,0.046493490120592694,0.14080704264730226,0.3148148148148148,0.9074074074074074,0.5344766551726597,0.42592592592592593,0.4530636082376094,39.25,0.13345584792599186,0.355171941132969,-0.7613962999121636,0.7844916675922021,1.0,0.4563516211529631,0.5370370370370371,False,0.4530636082376094,0.5469363917623906,False
Rq_nm,6028,6080,3.9266197681427,2.1306890246345613,1.7959307435081389,0.0,0.079312538284978,0.0799101840668034,0.08966241488935224,0.2685426751126312,0.12962962962962962,0.9444444444444444,0.3498971042165034,0.3888888888888889,0.3791409427207925,39.5,0.07261242768274723,0.21064682560428516,0.6707881106793555,0.4631538258142439,0.5113054536657491,0.6292958231200706,0.3148148148148148,False,0.3791409427207926,0.6208590572792074,False
Rq_nm,6028,6081,0.9417254328727722,4.676552877820108,3.734827444947336,0.04996103182149092,0.1667134597599559,0.18851898262195124,0.21351034971297883,0.7163148721288071,0.6851851851851852,0.7962962962962963,0.7386544694510789,0.9814814814814815,0.9207747284738809,37.75,0.15175945101118832,0.4167082457001152,-0.9023251194825445,-1.1794689178947058,1.0,1.0,0.6481481481481481,False,0.9207747284738809,0.07922527152611913,False
Rq_nm,6028,6082,1.863613247871399,2.419817961283105,0.5562047134117059,0.08757750488166671,0.08431007109334707,0.2736404074112322,0.22443044052715586,0.9361825198734313,0.7592592592592593,0.6111111111111112,0.6811694132499824,0.5740740740740741,0.6008479088680512,32.0,0.06145369824871228,0.16869792435479214,0.8698147196228619,0.0007547071952164116,0.41902917994018607,0.9992455775246276,0.2037037037037037,False,0.6008479088680512,0.3991520911319488,False
Rq_nm,6028,6084,1.391980767250061,2.6276888358503623,1.2357080686003012,0.09202990229409957,0.2125392876178028,0.16472380530894817,0.21892511745961715,0.7542200412901217,0.7962962962962963,0.5,0.6309898162000304,0.7222222222222222,0.6994141207166742,31.0,0.04040917197247481,0.12788976948027375,0.04101807649226069,-1.342165644067443,0.9598117797607756,1.0,0.16666666666666666,False,0.6994141207166742,0.3005858792833258,False
Rq_nm,6028,6085,2.2395859956741333,2.991422689790752,0.7518366941166188,0.007382459058120627,0.1970374038036814,0.41549874705243994,0.36290423697614355,1.4026424132221353,0.24074074074074073,0.5370370370370371,0.3595645896101407,0.7962962962962963,0.6871133696247573,31.25,0.016469400758398162,0.045505887310183235,-0.8269165734801407,-0.5931660377234269,1.0,1.0,0.05555555555555555,False,0.6871133696247573,0.31288663037524267,False
Rq_nm,6028,6090,2.4095938205718994,3.1979286526127324,0.788334832040833,0.07153089687593273,0.13132521061551433,0.08141819389055593,0.11042293089359984,0.40342045085673073,0.7222222222222222,0.16666666666666666,0.3469443332443555,0.8703703703703703,0.7395138610888666,25.25,0.10321423000580593,0.2846482594564008,-0.7964746876799221,1.6826169973621397,1.0,0.18588687348679156,0.42592592592592593,False,0.7395138610888666,0.26048613891113337,False
Rq_nm,6028,6094,4.058265686035156,1.664979696239724,2.393285989795432,0.028615060427072736,0.06980945566769593,0.11001153657515418,0.10227367232382224,0.39843601318942445,0.3888888888888889,0.42592592592592593,0.4069863143673317,0.2037037037037037,0.2545243563696107,30.0,0.06984036431473613,0.1874269270410469,0.4588472298782848,-1.109962911513254,0.6320117900427917,1.0,0.2777777777777778,False,0.2545243563696107,0.7454756436303893,False
Rq_nm,6028,6095,9.07418346405029,2.832234917847676,6.241948546202614,0.03392181019619711,0.18081619310530195,0.08371252925546703,0.13975897009697105,0.5517266987258931,0.5740740740740741,0.3888888888888889,0.47249447489529905,0.7592592592592593,0.6875680631682692,28.75,0.15091524531633266,0.41089731821921716,-0.1697261696015823,-0.31923659772721735,1.0,1.0,0.6111111111111112,False,0.6875680631682692,0.31243193683173076,False
Rq_nm,6028,6099,9.394835472106934,3.0885183394351774,6.306317132671756,0.0033639910658216365,0.03726206833639992,0.13355505460127612,0.11607355257360423,0.339850402242893,0.2037037037037037,0.5,0.3191423692521127,0.8333333333333334,0.7047855923130282,31.0,0.13685609227330842,0.3658535887070046,0.7170643397126503,-1.2759004066623452,0.48818329472166616,1.0,0.5740740740740741,False,0.7047855923130282,0.2952144076869718,False
Rq_nm,6028,6101,0.481030598282814,2.440240442099661,1.959209843816847,0.011806319178529812,0.050320742982902324,0.1125197819940392,0.0956856155930418,0.37498149392222313,0.2777777777777778,0.9074074074074074,0.5020533967305911,0.6481481481481481,0.6116244602937588,39.25,0.15917424396406263,0.42541692993953395,-0.4176320147628685,0.6480563905831637,1.0,0.5230614165325356,0.6851851851851852,False,0.6116244602937588,0.38837553970624117,False
Rq_nm,6028,N6342,0.8041046559810638,1.5792408990267588,0.775136243045695,0.12714772333373503,0.3147083213518303,0.0752760304399805,0.2200612343535547,0.8779718328862325,0.8703703703703703,0.05555555555555555,0.21989522383403548,0.16666666666666666,0.17997380595850887,21.0,0.185524902244351,0.5392509052549791,1.780718780081742,0.020988608589992033,0.16851697707989288,0.9792301193177066,0.7962962962962963,False,0.17997380595850887,0.8200261940414911,False
Rq_nm,6028,N6358,0.9793977737426758,1.879268583767797,0.8998708100251211,0.0,0.07851803775828177,0.04360693940746616,0.09120574244885718,0.3403745555596762,0.12962962962962962,0.2777777777777778,0.18975834751777035,0.35185185185185186,0.3113284757683315,27.0,0.2591595532666828,0.70173546905278,0.8060506410530479,1.0463539202652907,0.44661844430124453,0.3512159788943995,0.9074074074074074,True,0.9074074074074074,0.09259259259259256,False
Rq_nm,6028,N6382,1.1125519275665283,0.39554122240692513,0.7170107051596032,0.03238676495136855,0.019576556274526497,0.1803326367376648,0.15154607873429257,0.5361181486397957,0.5370370370370371,0.018518518518518517,0.09972527420619452,0.018518518518518517,0.038820207440437515,19.5,0.4612708474796398,1.2484749161752338,6.960349680648022,1.3631076444682821,0.0009487647518550186,0.2558644045718552,0.9814814814814815,True,0.9814814814814815,0.01851851851851849,False
Rq_nm,6028,N6389,2.0189785957336426,2.2727894790852425,0.25381088335159996,0.030396585564888667,0.04066113479057456,0.06756670684593163,0.061257867801374495,0.19425660939234035,0.5,0.09259259259259259,0.2151657414559676,0.46296296296296297,0.4010136575862141,21.5,0.23906890718801135,0.6378522218204802,0.17424945328413366,3.189193317901334,0.8400873089800421,0.041205096949935176,0.8703703703703703,False,0.4010136575862141,0.5989863424137859,False
Rq_nm,6028,N6390,1.9620892405509949,3.2192237374830093,1.2571344969320144,0.101427526129799,1.1856622013880889,0.43013879866803373,0.9029109102933397,2.917446801894082,0.8333333333333334,0.12962962962962962,0.32867109906108977,0.9074074074074074,0.7627233303208281,22.0,0.11123890426775955,0.301340356670439,7.115140830898445,0.05014243973954534,0.000812706249123556,0.9510939412785667,0.46296296296296297,False,0.7627233303208281,0.23727666967917194,False
Rq_nm,6029,6022,1.649340271949768,0.9204834321456171,0.728856839804151,1.2585662666803108,0.515796909322594,0.9153232206605202,0.7457837210920416,2.119365485231056,0.9814814814814815,0.2777777777777778,0.5221434140693216,0.05555555555555555,0.17220252018399707,27.0,0.7688249423031789,2.403686401257314,3.1669885976411023,94.18283338113866,0.0421302782843192,1.2500148504669628e-41,0.9814814814814815,True,0.9814814814814815,0.01851851851851849,False
Rq_nm,6029,6028,5.214306831359862,2.9261127790946184,2.288194052265244,0.1081531688116475,0.15406451172022514,0.5274154039734454,0.4320570353469956,1.619399890309238,0.7962962962962963,0.46296296296296297,0.6071702337316667,0.7222222222222222,0.6934592250995832,30.0,0.08206488755191572,0.2376771371215226,-0.8669031357585467,0.4381088860751732,1.0,0.6452555196910008,0.35185185185185186,False,0.6934592250995832,0.30654077490041676,False
Rq_nm,6029,6033,2.0502288341522217,2.490667781305423,0.44043894715320153,0.0,0.21488398782128815,0.23975040264813274,0.261616637962257,1.070910812625006,0.2777777777777778,0.9814814814814815,0.5221434140693216,0.42592592592592593,0.44998029796177486,40.25,0.05577708154781536,0.15029704386852272,0.07318038275048956,1.9357548847828738,0.9294331611939525,0.1443152862805364,0.16666666666666666,False,0.44998029796177486,0.5500197020382251,False
Rq_nm,6029,6047,3.348536252975464,2.858345069013594,0.49019118396187,0.07881547072678208,0.10006924278213898,0.1023846641099281,0.11385200437578645,0.4413909528856772,0.6481481481481481,0.6111111111111112,0.6293572395543122,0.6481481481481481,0.6434504209996892,31.5,0.06714496572273743,0.18861409080666214,-0.46240256599765206,-1.925434832689055,1.0,1.0,0.2037037037037037,False,0.6434504209996892,0.3565495790003108,False
Rq_nm,6029,6048,1.8154829144477844,2.3525480849328155,0.5370651704850311,0.2659045323965272,0.22905043866771915,0.3523800176874682,0.31952468038339754,1.0337012590547663,0.9444444444444444,0.3148148148148148,0.5452752542346465,0.3888888888888889,0.42798548022532834,27.25,0.1333773004524513,0.3612922348729075,0.4477123946007294,-0.05595343641171169,0.639088462895293,1.0,0.6111111111111112,False,0.42798548022532834,0.5720145197746717,False
Rq_nm,6029,6056,2.529426336288452,2.1877639156843878,0.3416624206040644,0.0,0.1345624164997951,0.3966013932594895,0.3561958444357864,1.126630704873671,0.2777777777777778,0.6851851851851852,0.43626736997739807,0.3148148148148148,0.3451779536054606,34.5,0.07435711361684214,0.21721445475910162,-0.628955761489785,-0.3897260436586407,1.0,1.0,0.2777777777777778,False,0.34517795360546066,0.6548220463945393,False
Rq_nm,6029,6057,3.9545385837554927,1.416627448282889,2.537911135472604,0.0,0.0877060701009427,0.04425510057791255,0.06884763225689934,0.2362333039807083,0.2777777777777778,0.8333333333333334,0.4811252243246882,0.09259259259259259,0.1897257505256165,39.0,0.08044139899815932,0.21703118579490938,-0.4944231075140403,-0.08000157895585794,1.0,1.0,0.3148148148148148,False,0.18972575052561647,0.8102742494743835,False
Rq_nm,6029,6062,3.0923656225204468,3.9143177272773504,0.8219521047569036,0.007740224188899969,0.5333107368035833,0.10838093707191417,0.37197765632359603,1.3813903240270555,0.3148148148148148,0.7592592592592593,0.4889029178682995,0.9444444444444444,0.8305590628004081,37.5,0.3220570293824889,0.8925213086124278,-1.1763927768047364,-0.04467237954377544,1.0,1.0,0.9074074074074074,True,0.9074074074074074,0.09259259259259256,False
Rq_nm,6029,6063,5.24570107460022,2.9185730610438756,2.327128013556344,0.0,0.4302940886544384,0.3842242468901004,0.42113818305569317,1.2811487955846568,0.2777777777777778,0.2777777777777778,0.2777777777777778,0.6851851851851852,0.5833333333333334,27.0,0.10474304298834028,0.27832588998325836,-0.45669104242478636,3.2324545087052186,1.0,0.03946052362514361,0.5,False,0.5833333333333334,0.41666666666666663,False
Rq_nm,6029,6070,2.544952154159546,2.5635137743933276,0.018561620233781717,0.1140920301748598,0.17666422572537024,0.05841835065447338,0.13805411480571844,0.46231715630815273,0.8333333333333334,0.35185185185185186,0.5414885747116092,0.5370370370370371,0.5381499214556801,27.5,0.026330444047818098,0.0785665734716775,-0.3263190072598115,-0.17248535166799767,1.0,1.0,0.05555555555555555,False,0.5381499214556801,0.4618500785443199,False
Rq_nm,6029,6072,1.470114827156067,1.506839565640784,0.036724738484717134,0.010130917818767404,0.04934173287355281,0.1013508080722885,0.09519341567425295,0.2775790852308768,0.35185185185185186,0.7592592592592593,0.5168624347019579,0.12962962962962962,0.2264378308977117,37.5,0.1714896136678713,0.468074069017663,0.9093489148392555,-0.004979869130844687,0.40278638691866536,1.0,0.7222222222222222,False,0.22643783089771174,0.7735621691022883,False
Rq_nm,6029,6078,1.5030123591423035,1.8056045563452212,0.30259219720291775,0.0,0.07796451262181893,0.04790012528151057,0.0654756743080552,0.2397553774254011,0.2777777777777778,0.9074074074074074,0.5020533967305911,0.24074074074074073,0.30606890473820336,39.25,0.24280686662374643,0.6442973424272196,-0.6914449413649076,0.8208991291916292,1.0,0.4400358275249787,0.7962962962962963,False,0.30606890473820336,0.6939310952617966,False
Rq_nm,6029,6080,3.9266197681427,2.2201846645345285,1.7064351036081717,0.030542753274773737,0.07720960448384202,0.16413398926086556,0.1493876832974457,0.4082276864194643,0.5,0.9444444444444444,0.6871842709362768,0.35185185185185186,0.4356849566229581,39.5,0.1137919502120639,0.32808403852841517,0.8119588893942651,0.8314356220857344,0.4439874914333091,0.43542373347180635,0.5740740740740741,False,0.43568495662295814,0.5643150433770419,False
Rq_nm,6029,6081,0.9417254328727722,4.080764049880492,3.13903861700772,0.0,0.14058819090219227,0.11336433933162375,0.1961237307850923,0.7159204782011552,0.2777777777777778,0.7962962962962963,0.470312040711122,0.9814814814814815,0.8536891212888916,37.75,0.07098228666595795,0.20069149962122124,-1.0999364493390071,-1.1368892693162813,1.0,1.0,0.24074074074074073,False,0.8536891212888916,0.14631087871110837,False
Rq_nm,6029,6082,1.863613247871399,2.519078991843318,0.6554657439719191,0.19455694991148365,0.08680156158236917,0.3923623499229611,0.3177523984590935,1.3119783028520615,0.9074074074074074,0.6481481481481481,0.7668992311425428,0.5,0.5667248077856357,32.0,0.084135035268521,0.22981326367376587,0.993872736034422,0.11374557346323637,0.37014045545685165,0.8924849988656784,0.3888888888888889,False,0.5667248077856357,0.4332751922143643,False
Rq_nm,6029,6084,1.391980767250061,2.7134735818851734,1.3214928146351124,0.09947036232940398,0.24303634154079315,0.15112429610794492,0.23220596253126205,0.7909873114319548,0.6851851851851852,0.5370370370370371,0.6066051612651556,0.6111111111111112,0.6099846236496222,31.0,0.024316155132914952,0.07097086361269711,-0.3196246110187255,-1.6982455584034393,1.0,1.0,0.018518518518518517,False,0.6099846236496222,0.39001537635037775,False
Rq_nm,6029,6085,2.2395859956741333,3.472364794357669,1.232778798683536,0.035108171424196755,0.23315837710931442,0.5057076807830361,0.43807586681872573,1.6548419141998485,0.5370370370370371,0.5740740740740741,0.5552468277987019,0.9074074074074074,0.8193672625052311,31.25,0.03453751314924653,0.10376566913043672,-1.7408793460987326,-0.7664180644581343,1.0,1.0,0.09259259259259259,False,0.8193672625052311,0.18063273749476894,False
Rq_nm,6029,6090,2.4095938205718994,3.2334623336078683,0.8238685130359689,0.1046192781513886,0.3353509317135967,0.11475079189471118,0.25962994172396503,0.9841205083928632,0.7222222222222222,0.16666666666666666,0.3469443332443555,0.7962962962962963,0.683958305533311,25.25,0.0414949666606321,0.12374867035752102,-0.9338721848714023,1.6623497755659067,1.0,0.1896927206820246,0.12962962962962962,False,0.683958305533311,0.31604169446668895,False
Rq_nm,6029,6094,4.058265686035156,1.5410838259027453,2.517181860132411,0.012397720456468475,0.08378745205259186,0.10348548940705074,0.10200686200775887,0.3674516890493176,0.3888888888888889,0.46296296296296297,0.424312564347763,0.16666666666666666,0.23107814108694075,30.0,0.10265849303664268,0.2740886074705335,-0.15649316998298177,-1.0691744852561236,1.0,1.0,0.46296296296296297,False,0.2310781410869407,0.7689218589130593,False
Rq_nm,6029,6095,9.07418346405029,3.0429107694990316,6.031272694551258,0.0,0.16645689843270928,0.08022469023717821,0.1292239284918715,0.4878293816880328,0.2777777777777778,0.3888888888888889,0.32867109906108977,0.7592592592592593,0.6516122192097169,28.75,0.1671939984594239,0.4537033374668693,-0.17461365820848399,-0.2612709404233578,1.0,1.0,0.6851851851851852,False,0.6516122192097169,0.3483877807902831,False
Rq_nm,6029,6099,9.394835472106934,3.3174235741316025,6.077411897975331,0.05184071024279069,0.11852772846312738,0.2112975063478836,0.18479947321676085,0.5352922187500297,0.5740740740740741,0.5370370370370371,0.5552468277987019,0.8703703703703703,0.7915894847274533,31.0,0.11060500723902515,0.3039741890207398,0.28302083671282047,-1.3826421923776206,0.7535040871478692,1.0,0.5370370370370371,False,0.7915894847274533,0.20841051527254673,False
Rq_nm,6029,6101,0.481030598282814,2.6616386281005964,2.1806080298177823,0.052292913585409107,0.07085676082484124,0.11033833954862261,0.09971201755320049,0.35349879458070665,0.6111111111111112,0.9074074074074074,0.7446655282549297,0.5740740740740741,0.6167219376192881,39.25,0.15289758668341263,0.40721664092686993,-0.08582614526170244,0.7107947956769151,1.0,0.4912535960229718,0.6481481481481481,False,0.6167219376192881,0.38327806238071194,False
Rq_nm,6029,N6342,0.8041046559810638,1.6737886528863444,0.8696839969052805,0.12766403548644112,0.293868624422817,0.08961329587729035,0.20800351649896934,0.8287654780479816,0.8703703703703703,0.05555555555555555,0.21989522383403548,0.2037037037037037,0.20775158373628663,21.0,0.21716990588844703,0.62135711120061,1.4370347906467817,0.1287205193608291,0.23763134170816871,0.8792196560825634,0.7592592592592593,False,0.20775158373628666,0.7922484162637133,False
Rq_nm,6029,N6358,0.9793977737426758,1.9826139162745062,1.0032161425318304,0.0,0.0764015646713895,0.053741080502715255,0.1102651612860888,0.3554801911847352,0.2777777777777778,0.2777777777777778,0.2777777777777778,0.2777777777777778,0.2777777777777778,27.0,0.2701518557261814,0.7481886365433361,0.04805410302917547,1.6736835147615932,0.9530822210473662,0.18755493032155915,0.8333333333333334,False,0.2777777777777778,0.7222222222222222,False
Rq_nm,6029,N6382,1.1125519275665283,0.1952105740154556,0.9173413535510727,0.02060024158952181,0.019765008425520977,0.07202194494835727,0.07213724542203521,0.262352368712899,0.46296296296296297,0.018518518518518517,0.09259259259259259,0.018518518518518517,0.037037037037037035,19.5,0.7454988021471648,1.9985828468921263,10.46962618761083,1.3012176095169001,2.8385668012807857e-05,0.2722001576713162,0.9444444444444444,True,0.9444444444444444,0.05555555555555558,False
Rq_nm,6029,N6389,2.0189785957336426,2.4978300064148478,0.4788514106812052,0.01824299569215304,0.1164283435866138,0.053220317296574365,0.10912972814033592,0.3804475398326881,0.42592592592592593,0.09259259259259259,0.19858898694006683,0.46296296296296297,0.3968694689572389,21.5,0.297863063887762,0.8375703877675804,-0.2139864665971882,3.0546833340605435,1.0,0.04713764529388983,0.8703703703703703,False,0.39686946895723896,0.603130531042761,False
Rq_nm,6029,N6390,1.9620892405509949,3.269057356491812,1.3069681159408173,0.10487311986547265,1.1979575847559263,0.44701874922725776,0.9164221691267912,2.950526457420197,0.7592592592592593,0.12962962962962962,0.313723599001804,0.8333333333333334,0.703430899750451,22.0,0.09664162295221801,0.2944350858348873,6.673161841964274,0.4192697053294358,0.0012643946081781514,0.6575268328600293,0.42592592592592593,False,0.703430899750451,0.29656910024954897,False
Rq_nm,6033,6022,1.649340271949768,1.2628785640402143,0.3864617079095538,1.167784194187564,0.4464398003532699,0.840040017491762,0.6800602254958926,2.0085667292651483,0.9814814814814815,0.2777777777777778,0.5221434140693216,0.05555555555555555,0.17220252018399707,27.0,0.28903206104803014,0.8099439358211473,2.901443474149665,69.86283303495091,0.05494385275672812,4.559918943702661e-31,0.9074074074074074,True,0.9074074074074074,0.09259259259259256,False
Rq_nm,6033,6028,5.214306831359862,2.900383702482074,2.3139231288777884,0.09742804993970378,0.15089608249073158,0.5187415028308288,0.42475563215214884,1.5896350957311258,0.7592592592592593,0.46296296296296297,0.5928818738363749,0.6851851851851852,0.6621093573479827,30.0,0.07018999536226828,0.2083466812413164,-0.7256502079976483,0.3180468350845631,1.0,0.7275687118744668,0.2777777777777778,False,0.6621093573479827,0.3378906426520173,False
Rq_nm,6033,6029,2.2897632122039795,1.9388294234961458,0.35093378870783365,0.0,0.34151493247103637,0.05795786133510797,0.23630210286537184,0.9184528763574407,0.16666666666666666,0.6851851851851852,0.33793125168323446,0.24074074074074073,0.2650383684763642,33.5,0.09416229437029602,0.29112505114211945,-0.9708479053953724,67.22482467430218,1.0,6.377193533319133e-30,0.46296296296296297,False,0.2650383684763642,0.7349616315236358,False
Rq_nm,6033,6047,3.348536252975464,2.7593129438298094,0.5892233091456545,0.08933959894281118,0.1119356179364765,0.11281255039131936,0.12484240948067041,0.48464759775933386,0.6481481481481481,0.6111111111111112,0.6293572395543122,0.6481481481481481,0.6434504209996892,31.5,0.05822886268495867,0.16113266371007595,-1.0030758840879332,-2.1354581171643336,1.0,1.0,0.2037037037037037,False,0.6434504209996892,0.3565495790003108,False
Rq_nm,6033,6048,1.8154829144477844,2.384024300467626,0.5685413860198416,0.23873779788420668,0.24551988210588496,0.3794590967232266,0.3437465610908319,1.1104569408243012,0.9444444444444444,0.3148148148148148,0.5452752542346465,0.46296296296296297,0.4835410357808838,27.25,0.1333486277493341,0.36268434113544745,0.12281985845413763,-0.1122926675262777,0.8844229695324157,1.0,0.6111111111111112,False,0.4835410357808838,0.5164589642191162,False
Rq_nm,6033,6056,2.529426336288452,2.1689183992058036,0.3605079370826485,0.0,0.14555066950538853,0.4448249180592903,0.3975893888674399,1.282370033710943,0.16666666666666666,0.7222222222222222,0.3469443332443555,0.35185185185185186,0.3506249721999778,34.5,0.07247477266606872,0.21278951994028228,-1.032474334313858,-0.4249183399878973,1.0,1.0,0.3148148148148148,False,0.3506249721999778,0.6493750278000222,False
Rq_nm,6033,6057,3.9545385837554927,1.4840223868898876,2.470516196865605,0.005457036240323454,0.08826203285076768,0.04652158067789659,0.07012595027581242,0.23414620493578409,0.24074074074074073,0.8703703703703703,0.45774841090030643,0.09259259259259259,0.18388154716952104,39.0,0.05116251025394661,0.14978807167341018,-0.2621355170334364,-0.015283803651192253,1.0,1.0,0.12962962962962962,False,0.183881547169521,0.816118452830479,False
Rq_nm,6033,6062,3.0923656225204468,3.8596669841537845,0.7673013616333377,0.006857274598848662,0.4873356671559609,0.09436901081473172,0.33952122826092695,1.2654380746666174,0.2777777777777778,0.7962962962962963,0.470312040711122,0.9444444444444444,0.8259113435111137,37.5,0.2967362022089995,0.8234437326932207,-0.9410608566060734,-0.017169917526326045,1.0,1.0,0.9444444444444444,True,0.9444444444444444,0.05555555555555558,False
Rq_nm,6033,6063,5.24570107460022,2.920732593701544,2.3249684808986757,0.0,0.47946857018143507,0.4761757975027986,0.4978432113325415,1.541959919880914,0.16666666666666666,0.2777777777777778,0.2151657414559676,0.7222222222222222,0.5954581020306585,27.0,0.11747942491795366,0.33448402238472486,-0.3227106208969271,3.9192680998061267,1.0,0.019855621760975002,0.5370370370370371,False,0.5954581020306585,0.4045418979693415,False
Rq_nm,6033,6070,2.544952154159546,2.5538168983325362,0.008864744172990324,0.0937110397484977,0.15848375421879407,0.04930285656946868,0.11871686714843062,0.3879857143809202,0.6851851851851852,0.35185185185185186,0.4910027253171427,0.5,0.4977506813292857,27.5,0.017963732351049134,0.05586323580845154,-0.47704397011410626,-0.23635451822428585,1.0,1.0,0.018518518518518517,False,0.4977506813292857,0.5022493186707143,False
Rq_nm,6033,6072,1.470114827156067,1.5294998098039954,0.059384982647928464,0.02121433120171412,0.04551702267568211,0.10192907102308489,0.0951651996255904,0.2763284067265048,0.42592592592592593,0.7962962962962963,0.5823772293894959,0.12962962962962962,0.24281652956959618,37.5,0.15795606530975284,0.43582275363283085,1.2072025157992836,-0.051428382596181155,0.2990326495303232,1.0,0.7222222222222222,False,0.2428165295695962,0.7571834704304038,False
Rq_nm,6033,6078,1.5030123591423035,2.149260979045832,0.6462486199035284,0.004970056055055849,0.03222121324976464,0.022075992557104067,0.028692304765200936,0.10446617325979979,0.2037037037037037,0.9444444444444444,0.43861923267877817,0.3148148148148148,0.34576591928080563,39.25,0.16580745449763012,0.4540843844392095,-0.9536728405325092,0.9374998438269571,1.0,0.3916056878350461,0.7592592592592593,False,0.3457659192808056,0.6542340807191944,False
Rq_nm,6033,6080,3.9266197681427,2.329161054383874,1.5974587137588263,0.02581174719988688,0.0783523457600954,0.17151361796669157,0.1561318802845678,0.4212765144781212,0.5,0.9814814814814815,0.700528900717694,0.42592592592592593,0.4945766696238679,39.5,0.12274608919903612,0.3507535222790164,0.5033554634082206,0.66672243034597,0.6044988789673168,0.5133884898032605,0.5740740740740741,False,0.4945766696238679,0.5054233303761321,False
Rq_nm,6033,6081,0.9417254328727722,4.0340602459289165,3.0923348130561443,0.008350715581592283,0.13500230297561644,0.12258045307211983,0.18510794636386524,0.6983695435579387,0.3148148148148148,0.8333333333333334,0.5121969142940493,0.9814814814814815,0.8641603396846235,37.75,0.06143977008732332,0.1698589591358166,-0.8542665349112951,-1.3465474685243033,1.0,1.0,0.24074074074074073,False,0.8641603396846235,0.13583966031537653,False
Rq_nm,6033,6082,1.863613247871399,2.653882488060451,0.7902692401890521,0.1839833385658265,0.09645048632098249,0.42271676149148274,0.34209137156715014,1.4181729471211113,0.9074074074074074,0.6481481481481481,0.7668992311425428,0.5740740740740741,0.6222803633411913,32.0,0.09124287583985212,0.24976740002665587,0.6993240321683385,0.13842050013839888,0.49692109296100073,0.8707324716285614,0.3888888888888889,False,0.6222803633411913,0.3777196366588087,False
Rq_nm,6033,6084,1.391980767250061,2.703600769086104,1.3116200018360429,0.09445811084860889,0.23861491826455822,0.14989049561999607,0.22926548360029805,0.7983147118527136,0.7222222222222222,0.5370370370370371,0.6227841378074163,0.6111111111111112,0.6140293677851875,31.0,0.02543622324993435,0.07233541163090418,0.034472703965787097,-1.7310084475682617,0.966114710426771,1.0,0.05555555555555555,False,0.6140293677851875,0.38597063221481254,False
Rq_nm,6033,6085,2.2395859956741333,3.2632000143862285,1.0236140187120952,0.0,0.23306866304656013,0.45722289443196257,0.4018814622345152,1.5422468954780548,0.16666666666666666,0.5740740740740741,0.30932024237944566,0.8703703703703703,0.7301078383726392,31.25,0.02637157538917762,0.07876809333121737,-1.2352017654718015,-0.6453641610498025,1.0,1.0,0.09259259259259259,False,0.7301078383726392,0.26989216162736085,False
Rq_nm,6033,6090,2.4095938205718994,3.398979491699936,0.9893856711280367,0.11074923258053193,0.3365597686566597,0.12987011554317202,0.263433715689861,1.0042266391873196,0.8333333333333334,0.16666666666666666,0.37267799624996495,0.9074074074074074,0.7737250546180469,25.25,0.055588696359952,0.1595647435758779,-0.12557006023221393,1.5822659597452866,1.0,0.20550889532178226,0.16666666666666666,False,0.7737250546180469,0.22627494538195314,False
Rq_nm,6033,6094,4.058265686035156,1.5850378839987072,2.4732278020364493,0.017936015822236584,0.08034657312837608,0.10284413010177201,0.09967924455097335,0.36233176377170384,0.3888888888888889,0.46296296296296297,0.424312564347763,0.2037037037037037,0.2588559188647185,30.0,0.09294506361467769,0.24696952346003154,-0.1694031909909452,-1.183663273773516,1.0,1.0,0.42592592592592593,False,0.2588559188647185,0.7411440811352815,False
Rq_nm,6033,6095,9.07418346405029,3.0287338330159237,6.045449631034366,0.045258959697727086,0.2771319274593814,0.10366813162642464,0.20465912454199925,0.8360813433757723,0.6111111111111112,0.3888888888888889,0.48749802152178456,0.7592592592592593,0.6913189498248906,28.75,0.15151496682975554,0.41797852419905446,-0.21507200852430952,-0.37447518733480417,1.0,1.0,0.6851851851851852,False,0.6913189498248906,0.3086810501751094,False
Rq_nm,6033,6099,9.394835472106934,3.2181932057363913,6.176642266370543,0.041260093937154796,0.10916616343713188,0.19636219082193232,0.17170758807288772,0.499071707836114,0.5740740740740741,0.5370370370370371,0.5552468277987019,0.8333333333333334,0.7638117069496755,31.0,0.09678367652794206,0.2696519976899585,0.24282643080864344,-1.5345705597334145,0.7844076509582747,1.0,0.5,False,0.7638117069496755,0.23618829305032452,False
Rq_nm,6033,6101,0.481030598282814,2.564226678827961,2.083196080545147,0.01370595582425116,0.06587363856764772,0.12547715063950035,0.10942016552737961,0.4041298696085396,0.35185185185185186,0.9444444444444444,0.5764586080101253,0.5370370370370371,0.546892429780309,39.25,0.14529057701806788,0.3894389336319123,-0.4488504498182049,0.73894524113859,1.0,0.47761742114316075,0.6481481481481481,False,0.546892429780309,0.45310757021969095,False
Rq_nm,6033,N6342,0.8041046559810638,1.5616090719492155,0.7575044159681517,0.12886798601207516,0.3061949813066554,0.09041498954538592,0.21640503839113992,0.8628648638000418,0.8703703703703703,0.05555555555555555,0.21989522383403548,0.16666666666666666,0.17997380595850887,21.0,0.2167390368935099,0.6267177734272338,1.53106024699076,0.1201506799222896,0.21630620768977726,0.8867868056826856,0.7962962962962963,False,0.17997380595850887,0.8200261940414911,False
Rq_nm,6033,N6358,0.9793977737426758,1.9761170786407658,0.99671930489809,0.0,0.08462696585741192,0.05860420910332771,0.11846801734439251,0.38765113512083205,0.16666666666666666,0.2777777777777778,0.2151657414559676,0.2777777777777778,0.26212476869732526,27.0,0.2559149745847129,0.68308847409756,0.037975177288245995,1.1958331058335017,0.9627368383336316,0.3024518747710836,0.8333333333333334,False,0.26212476869732526,0.7378752313026747,False
Rq_nm,6033,N6382,1.1125519275665283,0.22240504668242264,0.8901468808841057,0.03634589629879001,0.023374857281521503,0.064030559902324,0.06466691727110223,0.23399026932552563,0.5370370370370371,0.018518518518518517,0.09972527420619452,0.018518518518518517,0.038820207440437515,19.5,0.6907986519208339,1.8464419872933306,3.8890376313511568,1.3549002217135562,0.02046503146878075,0.2579730332749254,0.9814814814814815,True,0.9814814814814815,0.01851851851851849,False
Rq_nm,6033,N6389,2.0189785957336426,2.2887952207874602,0.26981662505381765,0.02280319915703055,0.0457742963087293,0.05980664078803587,0.068345375290249,0.2656400077853922,0.46296296296296297,0.09259259259259259,0.2070433312499805,0.3888888888888889,0.3434274994791618,21.5,0.2633028457223517,0.7424688960033443,0.15671110259068022,3.304657750206618,0.8549510162769801,0.0367117742836797,0.8703703703703703,False,0.34342749947916174,0.6565725005208383,False
Rq_nm,6033,N6390,1.9620892405509949,3.137676867314046,1.175587626763051,0.10420114323175156,1.2004495146221374,0.4503140859957379,0.9142067191569619,2.9604908662120324,0.7962962962962963,0.12962962962962962,0.3212842883869902,0.7962962962962963,0.6775432943189698,22.0,0.07730422771913449,0.22413309241534107,6.70315909987221,0.2725294209700551,0.0012270294647724468,0.7614510262178077,0.35185185185185186,False,0.6775432943189698,0.32245670568103024,False
Rq_nm,6047,6022,1.649340271949768,1.07269614869588,0.5766441232538881,1.1376620686685055,0.4392231378352648,0.8161711439196215,0.6613354839289339,1.9409334018167175,0.9814814814814815,0.2777777777777778,0.5221434140693216,0.05555555555555555,0.17220252018399707,27.0,0.2866523656281889,0.770277891210573,3.4266699860814747,53.77219552469883,0.03249496950522292,4.436415396152827e-24,0.9074074074074074,True,0.9074074074074074,0.09259259259259256,False
Rq_nm,6047,6028,5.214306831359862,2.8485410845380845,2.365765746821778,0.08296882567375485,0.1518865372704554,0.5008226088487979,0.4111284645500599,1.531916170203923,0.6851851851851852,0.46296296296296297,0.5632187528053908,0.7222222222222222,0.6824713548680144,30.0,0.07707174954561802,0.22716860739917943,-1.0029718861800083,0.25572131626734673,1.0,0.7743577396302297,0.35185185185185186,False,0.6824713548680144,0.31752864513198564,False
Rq_nm,6047,6029,2.2897632122039795,1.783538368422056,0.5062248437819235,0.0,0.3177405195685961,0.07238420489539009,0.22417449610141338,0.8631663314532461,0.24074074074074073,0.6481481481481481,0.39501350014262115,0.2037037037037037,0.2515311528134331,33.5,0.00976512576229562,0.026097008074452255,-0.4054147962020158,75.64522911472639,1.0,1.405058521283163e-33,0.018518518518518517,False,0.2515311528134331,0.7484688471865669,False
Rq_nm,6047,6033,2.0502288341522217,2.7716293962605385,0.7214005621083168,0.0,0.22060298036694648,0.3088987769889818,0.33665541428264834,1.3618041599237554,0.24074074074074073,0.9814814814814815,0.4860890647558032,0.6111111111111112,0.5798555995222842,40.25,0.011709796846420146,0.03693150113073207,0.32418061733632214,1.4088463687070156,0.7231196226440189,0.244425097008241,0.05555555555555555,False,0.5798555995222842,0.42014440047771584,False
Rq_nm,6047,6048,1.8154829144477844,2.5064825376521847,0.6909996232044002,0.26120151186721996,0.30744655514627117,0.4128885933405891,0.38561858334549093,1.2157372584544097,0.9444444444444444,0.3148148148148148,0.5452752542346465,0.5,0.5113188135586616,27.25,0.09390745715085545,0.2632008601813305,0.34882572131997464,-0.4628582504238308,0.7055160759666925,1.0,0.3888888888888889,False,0.5113188135586616,0.4886811864413384,False
Rq_nm,6047,6056,2.529426336288452,1.9996123374647514,0.5298139988237007,0.0,0.133909967263421,0.36178716258952504,0.33040083585219127,1.0368824348975505,0.24074074074074073,0.6851851851851852,0.4061428185085427,0.35185185185185186,0.3654245935160246,34.5,0.09427142282784427,0.26695061704936485,-0.814835442557544,-0.5068768433555129,1.0,1.0,0.42592592592592593,False,0.3654245935160245,0.6345754064839755,False
Rq_nm,6047,6057,3.9545385837554927,1.4014382248347579,2.5531003589207346,3.593488834097158e-05,0.07578526523192627,0.03428272013973369,0.05782547998550184,0.1998250532825343,0.2777777777777778,0.8333333333333334,0.4811252243246882,0.09259259259259259,0.1897257505256165,39.0,0.07270628946763207,0.20670120419145233,-0.38577123910767674,-0.15013747358231572,1.0,1.0,0.2777777777777778,False,0.18972575052561647,0.8102742494743835,False
Rq_nm,6047,6062,3.0923656225204468,3.6220856451821954,0.5297200226617487,0.05138105902253853,0.40299039479002724,0.05849412872872971,0.2756659159230348,1.0982438575139049,0.6111111111111112,0.7592592592592593,0.6811694132499824,0.9444444444444444,0.8786256866458289,37.5,0.311340701190727,0.8699927085913384,-1.326783043637703,0.24946554137760296,1.0,0.7792171311155374,0.9444444444444444,True,0.9444444444444444,0.05555555555555558,False
Rq_nm,6047,6063,5.24570107460022,2.786352697472195,2.4593483771280247,0.0,0.4601528476805982,0.4190594367655302,0.4551545917999271,1.3503143249135259,0.24074074074074073,0.2777777777777778,0.258597037847573,0.6481481481481481,0.5507603705730043,27.0,0.0676390818166053,0.19668778172958845,-0.06757644408872833,2.7718332385923725,1.0,0.0625472355685662,0.24074074074074073,False,0.5507603705730043,0.4492396294269957,False
Rq_nm,6047,6070,2.544952154159546,2.455881525871551,0.08907062828799495,0.14739566027802198,0.20036668788111056,0.0947029838919668,0.1709765199005267,0.6238047670914688,0.8703703703703703,0.35185185185185186,0.5533908443512568,0.46296296296296297,0.4855699333100364,27.5,0.017575758723980775,0.054073640191544814,-0.4546781020974142,-0.4184325824354883,1.0,1.0,0.09259259259259259,False,0.4855699333100364,0.5144300666899636,False
Rq_nm,6047,6072,1.470114827156067,1.479131947653449,0.009017120497382125,0.012694907941658062,0.07336275731652257,0.0874780135544397,0.09895980161794872,0.35479076523122455,0.42592592592592593,0.7592592592592593,0.5686723160290403,0.12962962962962962,0.2393903012294823,37.5,0.16711201522296956,0.4553361370358851,1.014166624162264,-0.2553896095009108,0.3627045731430299,1.0,0.7222222222222222,False,0.23939030122948224,0.7606096987705178,False
Rq_nm,6047,6078,1.5030123591423035,1.9266974287700092,0.4236850696277057,0.024894474675543732,0.03678583435609898,0.1189552357241112,0.10191284786080688,0.31566630088057,0.5,0.9074074074074074,0.6735753140545634,0.3148148148148148,0.404504939624752,39.25,0.18813125486466503,0.5139231973720619,-0.8106251669977518,0.813161892102232,1.0,0.4434536944228126,0.7962962962962963,False,0.404504939624752,0.595495060375248,False
Rq_nm,6047,6080,3.9266197681427,2.386329247971715,1.5402905201709851,0.008541807733512652,0.08718139067564404,0.15948950455477948,0.14235864860588554,0.4070084479033089,0.3888888888888889,0.9444444444444444,0.6060395619242064,0.3888888888888889,0.4431765571477183,39.5,0.14205960456112812,0.4019422749694654,0.6845772009758027,0.5090363859797216,0.5043034034936841,0.601074503656376,0.6481481481481481,False,0.4431765571477183,0.5568234428522817,False
Rq_nm,6047,6081,0.9417254328727722,4.309164481951661,3.3674390490788886,0.0,0.18960880408415554,0.1645037414334918,0.26107304124681313,0.9891711130527896,0.24074074074074073,0.7962962962962963,0.43783668213099586,0.9814814814814815,0.8455702816438602,37.75,0.10508239018054717,0.29043130611340784,-1.0108356481219836,-1.2315192562384727,1.0,1.0,0.5370370370370371,False,0.8455702816438602,0.15442971835613983,False
Rq_nm,6047,6082,1.863613247871399,2.669508982515525,0.805895734644126,0.1507388684479607,0.10824416998443977,0.4036013052427123,0.3297827038724703,1.3746865634488545,0.9074074074074074,0.6111111111111112,0.7446655282549297,0.5740740740740741,0.6167219376192881,32.0,0.1050133634601356,0.28570351719480125,1.0585356113729196,-0.01662821381779984,0.34696352793570384,1.0,0.5,False,0.6167219376192881,0.38327806238071194,False
Rq_nm,6047,6084,1.391980767250061,2.847644368027257,1.455663600777196,0.047842245211946466,0.28160252803089825,0.20069985392365394,0.27362913900248886,0.9283789886117875,0.5740740740740741,0.5370370370370371,0.5552468277987019,0.6851851851851852,0.6527005958385644,31.0,0.04668687590519021,0.14611353074838063,-0.22943793812416993,-0.8723957906243636,1.0,1.0,0.2037037037037037,False,0.6527005958385644,0.34729940416143557,False
Rq_nm,6047,6085,2.2395859956741333,3.388221001722163,1.1486350060480297,0.0,0.27123006185068155,0.5388080487716379,0.47261014179939836,1.7691306495292354,0.24074074074074073,0.5740740740740741,0.3717566648126802,0.9074074074074074,0.7734947217587256,31.25,0.04020085087750837,0.12121712218457437,-1.312275057819455,-0.8665307749146801,1.0,1.0,0.16666666666666666,False,0.7734947217587256,0.22650527824127442,False
Rq_nm,6047,6090,2.4095938205718994,3.1887623458661944,0.779168525294295,0.08889419713250879,0.3414898626293676,0.09997057501280361,0.26033741884949435,0.9734102083526803,0.7222222222222222,0.16666666666666666,0.3469443332443555,0.8333333333333334,0.7117360833110888,25.25,0.025246025308892785,0.0693114571812723,-1.0377786279356318,1.5791311670650714,1.0,0.20615413391877901,0.12962962962962962,False,0.7117360833110888,0.28826391668891116,False
Rq_nm,6047,6094,4.058265686035156,1.5414244855745391,2.5168412004606173,0.0014585292323376908,0.11006940897392686,0.12788122588902925,0.13275101822212876,0.4640515459591068,0.3148148148148148,0.46296296296296297,0.38176903940904267,0.16666666666666666,0.22044225985226068,30.0,0.09781959931839027,0.25988174224584243,-0.267105125409582,-1.1578690666518878,1.0,1.0,0.46296296296296297,False,0.22044225985226062,0.7795577401477394,False
Rq_nm,6047,6095,9.07418346405029,3.067324701697235,6.006858762353055,0.00828132927738201,0.2846742988021069,0.10060232383411848,0.2102173578674543,0.866341271130568,0.35185185185185186,0.3888888888888889,0.36990711769329965,0.7962962962962963,0.6896990016455471,28.75,0.17058367400546495,0.47359445625126884,-0.10858364926435098,-0.5151304960773815,1.0,1.0,0.7592592592592593,False,0.6896990016455471,0.3103009983544529,False
Rq_nm,6047,6099,9.394835472106934,3.3234192240421163,6.071416248064818,0.14127494212736602,0.14381147831615596,0.29658438205873705,0.2500334437318358,0.8646062204826626,0.8333333333333334,0.5370370370370371,0.668977476599572,0.8703703703703703,0.8200221469276707,31.0,0.11865547087992792,0.3297753421791495,0.6529416077079339,-1.4266806119134776,0.5205123793127924,1.0,0.5740740740740741,False,0.8200221469276707,0.17997785307232927,False
Rq_nm,6047,6101,0.481030598282814,2.5629717606958384,2.0819411624130244,0.06525928081387011,0.057052164362592576,0.09664982893120388,0.08549955931732565,0.3170269934956753,0.6481481481481481,0.9074074074074074,0.7668992311425428,0.5370370370370371,0.5945025855634135,39.25,0.13513869260776892,0.35889132324544415,-0.7060189989331227,0.9877100701242166,1.0,0.3724285505650236,0.6111111111111112,False,0.5945025855634135,0.4054974144365865,False
Rq_nm,6047,N6342,0.8041046559810638,1.8472661679462388,1.043161511965175,0.0905403936980902,0.15431156971624935,0.0703668933241152,0.11731983803948624,0.42823232469736183,0.7592592592592593,0.05555555555555555,0.20538030567424848,0.24074074074074073,0.23190063197411767,21.0,0.16142646261627472,0.4726930730843596,1.696108277756542,-0.03775002589051912,0.18339586280001738,1.0,0.6851851851851852,False,0.2319006319741177,0.7680993680258823,False
Rq_nm,6047,N6358,0.9793977737426758,1.85821301222642,0.8788152384837442,0.0,0.09272440156504157,0.06326919138419954,0.12611921613004254,0.4431497102953368,0.24074074074074073,0.2777777777777778,0.258597037847573,0.2777777777777778,0.2729825927952266,27.0,0.23901685963390087,0.6436813553877243,0.08523138607605016,1.0342947434314282,0.9182997780346212,0.3554769950266618,0.8333333333333334,False,0.2729825927952265,0.7270174072047735,False
Rq_nm,6047,N6382,1.1125519275665283,0.19177964484902152,0.9207722827175068,0.019716915277620317,0.01925372958112904,0.07254313116620888,0.07198104928091088,0.26222289488411954,0.46296296296296297,0.018518518518518517,0.09259259259259259,0.018518518518518517,0.037037037037037035,19.5,0.7450226140533943,2.001870488665977,9.510514756178372,1.0706907616310846,7.406890449507677e-05,0.34277166211043614,0.9814814814814815,True,0.9814814814814815,0.01851851851851849,False
Rq_nm,6047,N6389,2.0189785957336426,2.420103566474599,0.4011249707409563,0.0411462663490898,0.06419889705934337,0.051801819777951605,0.07591776970923382,0.29747591399874684,0.5370370370370371,0.09259259259259259,0.2229924921998573,0.42592592592592593,0.37519256749440877,21.5,0.281902355151561,0.7865522557452959,-0.01284011716991846,3.131831049149171,1.0,0.043637821059802635,0.8703703703703703,False,0.37519256749440877,0.6248074325055912,False
Rq_nm,6047,N6390,1.9620892405509949,3.0304330044027994,1.0683437638518045,0.12860976436432692,1.2227774182883475,0.4583566863593202,0.9208865193425364,2.9921761207110826,0.7962962962962963,0.12962962962962962,0.3212842883869902,0.7592592592592593,0.649765516541192,22.0,0.07593270216738794,0.20697545766338454,7.700041638005862,0.05894819541049277,0.0004528083284584346,0.9427556069593018,0.3148148148148148,False,0.649765516541192,0.35023448345880803,False
Rq_nm,6048,6022,1.649340271949768,1.5630174268200647,0.08632284512970334,1.319309624992789,0.4915824537797323,0.927098027501101,0.7505523219768566,2.254044159011716,0.9814814814814815,0.2777777777777778,0.5221434140693216,0.16666666666666666,0.25553585351733044,27.0,0.15635650980550697,0.42474394097101864,4.754557823611561,53.61535194855271,0.008612352030173891,5.189774686887906e-24,0.6851851851851852,False,0.25553585351733044,0.7444641464826696,False
Rq_nm,6048,6028,5.214306831359862,3.0994176358526855,2.114889195507177,0.1182757852714218,0.18077399276422462,0.6115287355634763,0.5025532956839593,1.8964023183405958,0.8703703703703703,0.42592592592592593,0.6088623045471702,0.7592592592592593,0.7216600205812369,30.0,0.07385685704047042,0.2159692237051557,-0.6474424891875677,0.24607326684704103,1.0,0.7818649380480658,0.2777777777777778,False,0.7216600205812369,0.2783399794187631,False
Rq_nm,6048,6029,2.2897632122039795,1.8815840975560891,0.40817911464789036,0.0,0.32259523199862755,0.0645100451726893,0.22553942049989933,0.8632694157542062,0.2777777777777778,0.6481481481481481,0.424312564347763,0.3148148148148148,0.34218925219805185,33.5,0.018356160989935973,0.05682127174814644,-0.7458206513944374,66.88719965896547,1.0,8.938368971335966e-30,0.05555555555555555,False,0.34218925219805185,0.6578107478019481,False
Rq_nm,6048,6033,2.0502288341522217,2.603639207181522,0.5534103730293003,0.0,0.2172651004097135,0.2645424147295779,0.29292083739053726,1.2081077023216522,0.2777777777777778,0.9814814814814815,0.5221434140693216,0.5,0.5055358535173304,40.25,0.09434471351888504,0.2784464356453269,0.11535814872190867,1.8830481144810942,0.8910469594228078,0.15212570178365734,0.42592592592592593,False,0.5055358535173304,0.49446414648266956,False
Rq_nm,6048,6047,3.348536252975464,2.7340880278154205,0.6144482251600434,0.0956459169044992,0.09685770528690808,0.108071094185528,0.10873072229150411,0.3910821160610958,0.8333333333333334,0.5740740740740741,0.6916610887771518,0.6111111111111112,0.6312486055276213,31.5,0.058700331070044805,0.16256741165751187,-0.7620462887850263,-1.741242066409083,1.0,1.0,0.2037037037037037,False,0.6312486055276213,0.3687513944723787,False
Rq_nm,6048,6056,2.529426336288452,2.136171247826025,0.39325508846242707,0.0,0.13148199442872158,0.38967890407803385,0.3499104978299749,1.110754295138047,0.2777777777777778,0.6851851851851852,0.43626736997739807,0.35185185185185186,0.3729557313832384,34.5,0.08411651725344126,0.23954987111444814,-0.8536816719136363,-0.41074244081910866,1.0,1.0,0.3888888888888889,False,0.37295573138323834,0.6270442686167617,False
Rq_nm,6048,6057,3.9545385837554927,1.4043755074426603,2.5501630763128325,0.0,0.07558087746845824,0.03924813905401924,0.0598684657084292,0.20173120759237273,0.2777777777777778,0.8333333333333334,0.4811252243246882,0.05555555555555555,0.1619479727478387,39.0,0.05986420176405474,0.15900211296555194,-0.36029210858947736,-0.08439346934043326,1.0,1.0,0.24074074074074073,False,0.16194797274783868,0.8380520272521613,False
Rq_nm,6048,6062,3.0923656225204468,4.258801145940734,1.1664355234202874,0.05631129184679917,0.6100870594468201,0.13335832942725354,0.42729771808319983,1.6200272293024884,0.5740740740740741,0.7592592592592593,0.6602053137028107,0.9814814814814815,0.9011624395368139,37.5,0.32207132728070625,0.881848931349027,-0.8997500233342808,-0.05079457599900482,1.0,1.0,0.9444444444444444,True,0.9444444444444444,0.05555555555555558,False
Rq_nm,6048,6063,5.24570107460022,2.825843788095585,2.4198572865046346,0.0,0.46531733608461756,0.4014945383486101,0.4474696516509392,1.334398035320922,0.2777777777777778,0.2777777777777778,0.2777777777777778,0.6851851851851852,0.5833333333333334,27.0,0.1754801497833401,0.5004249486566095,-0.09494708369463489,3.1845518438348637,1.0,0.04139679387283455,0.7592592592592593,False,0.5833333333333334,0.41666666666666663,False
Rq_nm,6048,6070,2.544952154159546,2.601335500480991,0.05638334632144515,0.14177245418624018,0.19667231496687138,0.07425242930965492,0.15637588729315574,0.5385151541011033,0.9074074074074074,0.3148148148148148,0.5344766551726597,0.46296296296296297,0.4808413860153872,27.5,0.020088439049404373,0.06469389819539828,-0.3030288081176894,-0.21403061179971902,1.0,1.0,0.09259259259259259,False,0.4808413860153872,0.5191586139846128,False
Rq_nm,6048,6072,1.470114827156067,1.4160614115596164,0.054053415596450494,0.01676720949195154,0.04625722588140067,0.09437898795781367,0.0894158681007749,0.26324797590399807,0.5,0.7592592592592593,0.6161409170227454,0.09259259259259259,0.2234796737001308,37.5,0.1786465843734161,0.4880468852832143,1.1612275710202307,-0.08833654602482201,0.3131015904360504,1.0,0.7962962962962963,False,0.22347967370013078,0.7765203262998692,False
Rq_nm,6048,6078,1.5030123591423035,1.7861254874589418,0.2831131283166384,0.0,0.05928987080324279,0.051652647548452744,0.05821909638063097,0.21777679086273838,0.2777777777777778,0.9074074074074074,0.5020533967305911,0.24074074074074073,0.30606890473820336,39.25,0.2113472076280137,0.5690658971719511,-0.6843494157506668,0.7491016173722224,1.0,0.47279110932451535,0.8333333333333334,False,0.30606890473820336,0.6939310952617966,False
Rq_nm,6048,6080,3.9266197681427,2.338754336549816,1.5878654315928844,0.015770941115119008,0.07966288270988772,0.168806183095604,0.1509689040355489,0.42990441030577387,0.46296296296296297,0.9444444444444444,0.6612433730132269,0.3888888888888889,0.45697750991997343,39.5,0.12199770745529842,0.3461588120180168,0.9916559316514013,0.5956812214006296,0.37096189458938195,0.5511869575948968,0.5740740740740741,False,0.45697750991997343,0.5430224900800266,False
Rq_nm,6048,6081,0.9417254328727722,4.1690101406640085,3.2272847077912363,0.0016385561046519115,0.1563782811469751,0.14388342662910716,0.2191989348582002,0.7792282232202865,0.35185185185185186,0.7962962962962963,0.5293187380724612,0.9444444444444444,0.8406630178514486,37.75,0.07953149172074965,0.2273108589322066,-0.9240793783237757,-1.2583596716815055,1.0,1.0,0.35185185185185186,False,0.8406630178514486,0.1593369821485514,False
Rq_nm,6048,6082,1.863613247871399,2.6369081091239033,0.7732948612525044,0.15411827156212787,0.11827438136198172,0.41441023484055856,0.3400874883519915,1.413940215079161,0.9444444444444444,0.6111111111111112,0.759710796176519,0.5370370370370371,0.5927054768219076,32.0,0.07669482492996584,0.20561557470167946,1.2531219866630088,0.04008409278752354,0.28561172750619135,0.9607086470872243,0.3148148148148148,False,0.5927054768219076,0.40729452317809245,False
Rq_nm,6048,6084,1.391980767250061,2.698152062830124,1.306171295580063,0.07263778856950642,0.2479738206276718,0.1683496586957575,0.23908379080744094,0.8079744318718913,0.6481481481481481,0.5,0.5692750425533111,0.5740740740740741,0.5728743161938834,31.0,0.025615554653617614,0.07987779829497355,-0.21971803919238964,-1.3773427249236878,1.0,1.0,0.12962962962962962,False,0.5728743161938834,0.4271256838061166,False
Rq_nm,6048,6085,2.2395859956741333,3.7491703974861483,1.509584401812015,0.0,0.29970375341534905,0.6633693690083848,0.5699181929747982,2.124969224823515,0.2777777777777778,0.5370370370370371,0.38623432619655945,0.9074074074074074,0.7771141371046955,31.25,0.04195791709074967,0.12437986362453746,-1.520587611356006,-0.5502688481702174,1.0,1.0,0.16666666666666666,False,0.7771141371046955,0.22288586289530454,False
Rq_nm,6048,6090,2.4095938205718994,3.162693781664162,0.7530999610922624,0.09519653291591368,0.34621641175988627,0.09707001565085853,0.2613262071462273,0.9975117002870948,0.7962962962962963,0.16666666666666666,0.364302140239,0.7962962962962963,0.6882977572819722,25.25,0.0157192865672906,0.04736202194336325,-0.7584595066059683,1.7748980191697579,1.0,0.16950073444371386,0.018518518518518517,False,0.6882977572819722,0.3117022427180278,False
Rq_nm,6048,6094,4.058265686035156,1.4815603643276472,2.576705321707509,0.010318516556168555,0.09080432585594182,0.10979824871687546,0.1100894158317067,0.3945699483732421,0.3888888888888889,0.42592592592592593,0.4069863143673317,0.12962962962962962,0.19896880081405513,30.0,0.10410631880602185,0.2791247223385783,-0.0006343542303717986,-1.1929629280136647,1.0,1.0,0.46296296296296297,False,0.1989688008140551,0.8010311991859449,False
Rq_nm,6048,6095,9.07418346405029,3.0570526627331827,6.017130801317107,0.0005346314239718097,0.31470033529308955,0.10331391853651437,0.2297139412416761,0.9513195854256309,0.3148148148148148,0.35185185185185186,0.33281853251132276,0.7222222222222222,0.6248712997944973,28.75,0.1554764981883207,0.4298176461109454,0.08170805059058676,-0.42959911184332844,0.921540962766478,1.0,0.6481481481481481,False,0.6248712997944973,0.3751287002055027,False
Rq_nm,6048,6099,9.394835472106934,3.3822886795490743,6.01254679255786,0.06180851766575213,0.12051120867737236,0.24473198406707183,0.20950804572224163,0.6588513000289198,0.6111111111111112,0.5,0.5527707983925667,0.8333333333333334,0.7631926995981417,31.0,0.11835430868081473,0.3240515320512225,0.8012676805284065,-1.3053119704217193,0.44875971942499926,1.0,0.5370370370370371,False,0.7631926995981417,0.23680730040185827,False
Rq_nm,6048,6101,0.481030598282814,2.7851702248393444,2.3041396265565304,0.08153764844036626,0.06577875918456282,0.10232435170107256,0.09209636923641494,0.32663756586363135,0.7222222222222222,0.9074074074074074,0.8095367775701627,0.6481481481481481,0.6884953055036518,39.25,0.11132042274734608,0.2984899459828726,-0.51613557098958,0.5807170470399511,1.0,0.559497037002266,0.5,False,0.6884953055036518,0.3115046944963482,False
Rq_nm,6048,N6342,0.8041046559810638,1.7351273751299785,0.9310227191489147,0.09308959540052242,0.13740356410484755,0.0639591250071598,0.10805876475368928,0.3596464992813011,0.7592592592592593,0.05555555555555555,0.20538030567424848,0.2037037037037037,0.20412285419633988,21.0,0.1735187606579707,0.49967217981193557,1.3689308264676758,0.05950951984800178,0.25437878927901303,0.9422265636948645,0.7222222222222222,False,0.2041228541963399,0.7958771458036601,False
Rq_nm,6048,N6358,0.9793977737426758,1.8486117619213425,0.8692139881786667,0.0,0.08157024063248156,0.05068394638281415,0.1096586515773192,0.3596298777915006,0.2777777777777778,0.2777777777777778,0.2777777777777778,0.2777777777777778,0.2777777777777778,27.0,0.23014958590054346,0.6348481053004201,0.3427179207833443,1.1452271871968582,0.7098384139861788,0.3181516296023494,0.8703703703703703,False,0.2777777777777778,0.7222222222222222,False
Rq_nm,6048,N6382,1.1125519275665283,0.18151074909687195,0.9310411784696564,0.013886976271113238,0.01576296532992878,0.06446079464430994,0.06480173141329704,0.2341462885630355,0.42592592592592593,0.018518518518518517,0.08881169487616147,0.018518518518518517,0.036091812607929256,19.5,0.7661567299468992,2.0577456027966736,8.746027953833739,1.1928420061857334,0.0001590919925054941,0.3033578927867746,0.9814814814814815,True,0.9814814814814815,0.01851851851851849,False
Rq_nm,6048,N6389,2.0189785957336426,2.358545815684172,0.3395672199505295,0.04123599915737319,0.0594573130753778,0.050039276134728125,0.07235722455427139,0.28224472008882584,0.5370370370370371,0.09259259259259259,0.2229924921998573,0.42592592592592593,0.37519256749440877,21.5,0.26071273124637906,0.7265813849541632,0.355022722374348,3.651308318394549,0.7011575110641217,0.025957146341650084,0.9074074074074074,True,0.9074074074074074,0.09259259259259256,False
Rq_nm,6048,N6390,1.9620892405509949,3.4711932699221046,1.5091040293711098,0.07916019858988976,1.1731193722797277,0.4403895726014731,0.9076624738580156,2.9413527116811826,0.6851851851851852,0.12962962962962962,0.2980273507302052,0.8703703703703703,0.7272846154603291,22.0,0.12570809901753605,0.35066197880442007,9.25841041710897,0.11593620401047153,9.53067027032961e-05,0.8905320338576171,0.6111111111111112,False,0.7272846154603291,0.2727153845396709,False
Rq_nm,6056,6022,1.649340271949768,0.5610474595557736,1.0882928123939943,1.4218498067641456,0.5774220104891675,0.9629408317467965,0.7919025819627147,2.1587225995531893,0.9814814814814815,0.2777777777777778,0.5221434140693216,0.05555555555555555,0.17220252018399707,27.0,0.5036816354605265,1.3437169334052599,3.744248944357951,49.27479869614465,0.023653387388144213,3.983151538208126e-22,0.9444444444444444,True,0.9444444444444444,0.05555555555555558,False
Rq_nm,6056,6028,5.214306831359862,2.860699043737908,2.3536077876219546,0.09669954951378079,0.1358453502611312,0.45604218236819055,0.3735611193350411,1.3580049584663245,0.7592592592592593,0.46296296296296297,0.5928818738363749,0.6481481481481481,0.6343315795702048,30.0,0.06998892315431489,0.2034878639229597,-0.8290181499752252,0.09685419280448625,1.0,0.9076883439769691,0.35185185185185186,False,0.6343315795702048,0.3656684204297952,False
Rq_nm,6056,6029,2.2897632122039795,1.934644933030056,0.3551182791739236,0.0,0.3188814618839873,0.05166303599361669,0.22024667948601812,0.8522300391718074,0.24074074074074073,0.6851851851851852,0.4061428185085427,0.2777777777777778,0.30986903796046905,33.5,0.03342024426644617,0.09701389500860014,-0.48008328058114624,57.88380214657893,1.0,7.267484867738913e-26,0.12962962962962962,False,0.30986903796046905,0.690130962039531,False
Rq_nm,6056,6033,2.0502288341522217,2.6316774462891575,0.5814486121369358,0.0,0.22600595069695326,0.26128519927126764,0.28994820101432894,1.199737346332097,0.24074074074074073,0.9814814814814815,0.4860890647558032,0.5370370370370371,0.5243000439667286,40.25,0.03330170213990398,0.0889677470215744,0.26866440357062715,1.0048593178720788,0.764399742431941,0.36609613436460264,0.09259259259259259,False,0.5243000439667286,0.4756999560332714,False
Rq_nm,6056,6047,3.348536252975464,2.942939710220172,0.4055965427552919,0.03633682820982642,0.06679328528571307,0.09908032498904595,0.0949638179990319,0.3471744393493714,0.5740740740740741,0.6111111111111112,0.5923031700636843,0.6851851851851852,0.66196468140481,31.5,0.07215613619774418,0.19394595998066566,-0.7264370424749572,-1.7562397462549655,1.0,1.0,0.3888888888888889,False,0.66196468140481,0.33803531859519,False
Rq_nm,6056,6048,1.8154829144477844,2.3756669654740006,0.5601840510262162,0.2566206890135576,0.23500499396840116,0.3416072496530184,0.31446418556293754,1.0077470686925531,0.9444444444444444,0.3148148148148148,0.5452752542346465,0.3888888888888889,0.42798548022532834,27.25,0.1255601678787517,0.3470493131283616,0.8054574982261201,-0.4439894412057003,0.4468834314076872,1.0,0.6111111111111112,False,0.42798548022532834,0.5720145197746717,False
Rq_nm,6056,6057,3.9545385837554927,1.4150657880853934,2.5394727956700995,0.004915873682578065,0.07635346169175333,0.031739577088964306,0.05707352596271717,0.19672678747200023,0.35185185185185186,0.8333333333333334,0.5414885747116092,0.09259259259259259,0.20481658812234674,39.0,0.07775797960815506,0.215186892161572,-0.34853563694419204,-0.059839421920490826,1.0,1.0,0.42592592592592593,False,0.2048165881223467,0.7951834118776533,False
Rq_nm,6056,6062,3.0923656225204468,3.951104648213554,0.8587390256931071,0.0017376995293396647,0.5339496056420324,0.11053095359072236,0.37344541981837176,1.368198449029057,0.2777777777777778,0.7592592592592593,0.45924432472730536,0.9444444444444444,0.8231444145151596,37.5,0.3439756860221113,0.943168864362802,-1.1582558074962692,0.17128837412743905,1.0,0.842578560576783,0.9074074074074074,True,0.9074074074074074,0.09259259259259256,False
Rq_nm,6056,6063,5.24570107460022,2.9595382784491004,2.2861627961511193,0.0,0.4520769979830726,0.3915195025945438,0.4352915126907741,1.3107489628412492,0.24074074074074073,0.2777777777777778,0.258597037847573,0.7222222222222222,0.6063159261285599,27.0,0.06691108616204615,0.1960116617480503,-0.36986989468077053,2.078902264017022,1.0,0.12506742788739442,0.3148148148148148,False,0.6063159261285599,0.3936840738714401,False
Rq_nm,6056,6070,2.544952154159546,2.626494476897163,0.0815423227376173,0.13308033235123018,0.1990116301774878,0.07212173133079043,0.15988300556510388,0.5529442367046142,0.8703703703703703,0.35185185185185186,0.5533908443512568,0.5,0.5133477110878142,27.5,0.031770079997426814,0.10026456817949392,-0.29496069245922063,-0.29128652047852044,1.0,1.0,0.05555555555555555,False,0.5133477110878142,0.4866522889121858,False
Rq_nm,6056,6072,1.470114827156067,1.5453261483092526,0.07521132115318574,0.004564018107854784,0.054664466848948656,0.1038043940361163,0.09853751444699789,0.28778843534482634,0.3148148148148148,0.7592592592592593,0.4889029178682995,0.16666666666666666,0.24722572946707488,37.5,0.16788963989856515,0.46647117214758455,0.955035574095227,0.14663515227161208,0.38479845545259383,0.8636090057280982,0.7222222222222222,False,0.24722572946707488,0.7527742705329251,False
Rq_nm,6056,6078,1.5030123591423035,1.8711952854114087,0.3681829262691052,0.0,0.03376979006529916,0.08687838395423916,0.07599190404991854,0.27441023181084656,0.24074074074074073,0.9074074074074074,0.46738627644903563,0.24074074074074073,0.29740212466781446,39.25,0.23054364495369667,0.6230026707498575,-0.7730084838905844,0.6033078759738831,1.0,0.5469992345212268,0.7962962962962963,False,0.29740212466781446,0.7025978753321855,False
Rq_nm,6056,6080,3.9266197681427,2.214652896559097,1.7119668715836034,0.009930136199385764,0.08361472217266214,0.15546134284730198,0.14008189694730852,0.3689782246422586,0.46296296296296297,0.9444444444444444,0.6612433730132269,0.35185185185185186,0.42919973214219564,39.5,0.11156118111027527,0.3106637447685879,0.6873300422439382,0.5585177067138927,0.502917045360327,0.5720563910476855,0.5370370370370371,False,0.42919973214219564,0.5708002678578044,False
Rq_nm,6056,6081,0.9417254328727722,4.076232573060598,3.134507140187826,0.0,0.1531095060687894,0.11122186420642784,0.21261897001599125,0.7633733267355343,0.24074074074074073,0.7962962962962963,0.43783668213099586,0.9814814814814815,0.8455702816438602,37.75,0.06472204608456997,0.18160343992073757,-1.126707467326018,-1.3042261637152202,1.0,1.0,0.2777777777777778,False,0.8455702816438602,0.15442971835613983,False
Rq_nm,6056,6082,1.863613247871399,2.431277379299714,0.5676641314283151,0.18194956308551014,0.08197653974091411,0.3561809305958937,0.2888821953850804,1.191845856887509,0.9074074074074074,0.6481481481481481,0.7668992311425428,0.42592592592592593,0.5111692522300801,32.0,0.06092752849724189,0.1685220923651194,0.9375627869854325,-0.19580960885144624,0.39158103971190034,1.0,0.24074074074074073,False,0.5111692522300801,0.48883074776991986,False
Rq_nm,6056,6084,1.391980767250061,2.7948711284962138,1.4028903612461527,0.08434783131887169,0.252995998568922,0.1586443890592726,0.2409150727569841,0.8268918094012587,0.6851851851851852,0.5370370370370371,0.6066051612651556,0.6111111111111112,0.6099846236496222,31.0,0.027031939443414896,0.08568246330478124,-0.3654391862957038,-1.378766289384245,1.0,1.0,0.018518518518518517,False,0.6099846236496222,0.39001537635037775,False
Rq_nm,6056,6085,2.2395859956741333,3.554920099787316,1.3153341041131825,0.0,0.25986399846382496,0.5479765317237254,0.47742998412993126,1.7816967536564596,0.24074074074074073,0.5740740740740741,0.3717566648126802,0.9074074074074074,0.7734947217587256,31.25,0.03692281263328357,0.11119856022598174,-1.713705838739105,-0.9737787618136847,1.0,1.0,0.16666666666666666,False,0.7734947217587256,0.22650527824127442,False
Rq_nm,6056,6090,2.4095938205718994,3.227816543496641,0.8182227229247414,0.10892578247021412,0.35756050791478783,0.1114880648197797,0.27452270559076425,1.0382066099034706,0.7962962962962963,0.16666666666666666,0.364302140239,0.7962962962962963,0.6882977572819722,25.25,0.04287362789297867,0.12848488585851348,-0.8615040957440298,1.3317925133540771,1.0,0.26400360691982006,0.2037037037037037,False,0.6882977572819722,0.3117022427180278,False
Rq_nm,6056,6094,4.058265686035156,1.5385138206579205,2.519751865377236,0.006589119333967108,0.09657529345536833,0.112737288390462,0.11471031425180715,0.4022091769176779,0.3888888888888889,0.46296296296296297,0.424312564347763,0.12962962962962962,0.20330036330916296,30.0,0.1041823970021902,0.28108038588684087,-0.40851812193688714,-1.2042798889513395,1.0,1.0,0.5,False,0.203300363309163,0.796699636690837,False
Rq_nm,6056,6095,9.07418346405029,3.146357727018661,5.927825737031629,0.028457248012547343,0.21209042887372173,0.09899107434189573,0.16750118786643375,0.6427642651065475,0.5370370370370371,0.3888888888888889,0.4569986177501136,0.7592592592592593,0.6836940988819729,28.75,0.15187372860124584,0.415793149117919,-0.260796779431404,-0.36161668165848976,1.0,1.0,0.6851851851851852,False,0.6836940988819729,0.31630590111802714,False
Rq_nm,6056,6099,9.394835472106934,3.418652994571548,5.976182477535385,0.12044440174633886,0.1618535208881266,0.2704337353972261,0.237148631306506,0.757314899705178,0.8333333333333334,0.5370370370370371,0.668977476599572,0.8333333333333334,0.792244369149893,31.0,0.11583315983776821,0.3175847059122975,0.7154456330014399,-1.5101575441669288,0.4889741602140868,1.0,0.5740740740740741,False,0.792244369149893,0.20775563085010695,False
Rq_nm,6056,6101,0.481030598282814,2.693893227416344,2.21286262913353,0.0639120147549348,0.06604433704743672,0.10464861753407304,0.09396970346153992,0.3346344690024834,0.6111111111111112,0.9074074074074074,0.7446655282549297,0.5740740740740741,0.6167219376192881,39.25,0.13857421480057194,0.36915431564227963,-0.34780011094794333,0.5115586802759782,1.0,0.5995603272661764,0.6481481481481481,False,0.6167219376192881,0.38327806238071194,False
Rq_nm,6056,N6342,0.8041046559810638,1.832728847867702,1.0286241918866381,0.083573096221081,0.19450251061641782,0.06859767051528087,0.13907581274352798,0.5167684026719725,0.6481481481481481,0.05555555555555555,0.18975834751777032,0.2037037037037037,0.20021736465722034,21.0,0.17316836979099343,0.49847918685043036,1.6241812141381324,-0.13175428677158116,0.19707296972371285,1.0,0.7592592592592593,False,0.2002173646572203,0.7997826353427797,False
Rq_nm,6056,N6358,0.9793977737426758,2.0073782489580796,1.0279804752154038,0.0,0.07705454754832601,0.05571271914114321,0.11207120457642407,0.3586300918353438,0.24074074074074073,0.2777777777777778,0.258597037847573,0.3148148148148148,0.30076037057300437,27.0,0.24834067588418562,0.6919380446453697,-0.05705333054008524,1.332082920686277,1.0,0.26392694946812506,0.8333333333333334,False,0.3007603705730044,0.6992396294269956,False
Rq_nm,6056,N6382,1.1125519275665283,0.1900821442348368,0.9224697833316915,0.019294144468747193,0.01924246163891344,0.07189632168377826,0.07126792491116611,0.26069149377476997,0.5,0.018518518518518517,0.09622504486493763,0.018518518518518517,0.037945150105123296,19.5,0.7422681679005502,2.0004923329573656,8.794864048877795,0.7623252495865711,0.00015150922422756564,0.4665802491505546,0.9814814814814815,True,0.9814814814814815,0.01851851851851849,False
Rq_nm,6056,N6389,2.0189785957336426,2.606179900699053,0.5872013049654106,0.008835089430756504,0.13421858922536933,0.05359607352556871,0.11964592790100852,0.4008394439042098,0.42592592592592593,0.09259259259259259,0.19858898694006683,0.46296296296296297,0.3968694689572389,21.5,0.31305468547175563,0.8459983061315158,-0.3279231303669501,2.6535474284418616,1.0,0.07040102695878032,0.8703703703703703,False,0.39686946895723896,0.603130531042761,False
Rq_nm,6056,N6390,1.9620892405509949,3.4332832078597524,1.4711939673087575,0.09620185926012059,1.2792231891462693,0.46531424032428226,0.9818802308934743,3.1648090919001715,0.7222222222222222,0.12962962962962962,0.30597614151589453,0.8703703703703703,0.7292718131567514,22.0,0.09864062469456504,0.2992359308854591,6.608095787433935,0.39172305720621714,0.0013493992474897761,0.6758912712604535,0.46296296296296297,False,0.7292718131567514,0.2707281868432486,False
Rq_nm,6057,6022,1.649340271949768,1.6850305371174863,0.03569026516771823,0.5934498948822826,0.2533907879238453,0.5755381899588436,0.4642800615729824,1.4177647708882408,0.9814814814814815,0.2777777777777778,0.5221434140693216,0.2037037037037037,0.28331363129510817,27.0,0.1382996504971612,0.36952257709074643,3.2496829371774356,49.69672779152308,0.038786503640668775,2.6120732491647594e-22,0.5,False,0.2833136312951081,0.7166863687048919,False
Rq_nm,6057,6028,5.214306831359862,3.0828557725233905,2.131451058836472,0.11790942277343586,0.20659075337081123,0.648355547696786,0.5363570259854116,2.003963818126692,0.8333333333333334,0.46296296296296297,0.6211299937499416,0.7962962962962963,0.7525047206597076,30.0,0.1355080937290695,0.377618043660887,-0.6201652133882554,0.29538396638630665,1.0,0.7442457672389703,0.46296296296296297,False,0.7525047206597076,0.24749527934029236,False
Rq_nm,6057,6029,2.2897632122039795,1.6346160988556482,0.6551471133483313,0.0,0.20352318412467604,0.08156975666376878,0.15460492649815752,0.5543467715638843,0.16666666666666666,0.6851851851851852,0.33793125168323446,0.16666666666666666,0.20948281292080861,33.5,0.04921274396881613,0.14146471110863224,-0.8937588947956442,68.99521870243149,1.0,1.0858185075108765e-30,0.16666666666666666,False,0.20948281292080861,0.7905171870791914,False
Rq_nm,6057,6033,2.0502288341522217,1.9241744338037217,0.12605440034850002,0.07647876155199196,0.1368325088840653,0.18907995739373248,0.17334412004954797,0.5812268307570645,0.6481481481481481,0.9814814814814815,0.7975872395317789,0.3148148148148148,0.43550792099405583,40.25,0.15998698908960382,0.42655181106590156,0.1567841525641126,1.158807020704593,0.8548885644090365,0.31386038657123305,0.6851851851851852,False,0.4355079209940558,0.5644920790059442,False
Rq_nm,6057,6047,3.348536252975464,2.476818821808167,0.8717174311672968,0.03704708497657716,0.06724449303466837,0.08999746915151509,0.0827667066322904,0.2995309759972944,0.46296296296296297,0.6111111111111112,0.5319039487535212,0.5370370370370371,0.5357537649661581,31.5,0.047225439001445664,0.1322847824768747,-0.8047521675926497,-1.602170928051199,1.0,1.0,0.12962962962962962,False,0.5357537649661581,0.4642462350338419,False
Rq_nm,6057,6048,1.8154829144477844,2.7944790112684843,0.9789960968206999,0.30713102741733334,0.2867405316863311,0.4214795469705589,0.38152244893228265,1.2569648123870585,0.9444444444444444,0.3148148148148148,0.5452752542346465,0.6481481481481481,0.6224299246697728,27.25,0.0707558114039606,0.19690077953079888,0.19717806665432014,-0.4368051223604386,0.821044419662299,1.0,0.2777777777777778,False,0.6224299246697728,0.37757007533022724,False
Rq_nm,6057,6056,2.529426336288452,2.0217510055692687,0.5076753307191835,0.0,0.11528054581372447,0.30287428691764606,0.2703882084677413,0.9189059168306748,0.16666666666666666,0.7222222222222222,0.3469443332443555,0.35185185185185186,0.3506249721999778,34.5,0.05331704940715691,0.15676740858990545,-0.9043717104359095,-0.44725470207433554,1.0,1.0,0.24074074074074073,False,0.3506249721999778,0.6493750278000222,False
Rq_nm,6057,6062,3.0923656225204468,3.967463975670373,0.8750983531499261,0.04292034563253688,0.6358884995479522,0.16748132484616698,0.4493433448762883,1.6509374111665291,0.5370370370370371,0.7962962962962963,0.6539423549262806,0.9074074074074074,0.8440411442871257,37.5,0.3424497429799419,0.9343527327212456,-0.7837989434512728,0.19156555401910014,1.0,0.8256654976405631,0.9444444444444444,True,0.9444444444444444,0.05555555555555558,False
Rq_nm,6057,6063,5.24570107460022,2.6170192530929457,2.628681821507274,0.0029020926883061016,0.362736475547174,0.39155754263219356,0.39589120540090655,1.2971679971306036,0.2037037037037037,0.2777777777777778,0.23787467738268758,0.5740740740740741,0.4900242249012275,27.0,0.10054604555044208,0.26818382359646664,-0.3105143362847546,2.2657815482618253,1.0,0.1037489180601275,0.3888888888888889,False,0.49002422490122743,0.5099757750987726,False
Rq_nm,6057,6070,2.544952154159546,2.419102374428071,0.12584977973147504,0.08446526746080352,0.1334968942218667,0.06439228099919303,0.11909967951571293,0.40976807635945534,0.6851851851851852,0.35185185185185186,0.4910027253171427,0.46296296296296297,0.4699729035515079,27.5,0.015016855801350634,0.04802033433184805,-0.46690200943922666,-0.45965062811021257,1.0,1.0,0.018518518518518517,False,0.4699729035515079,0.5300270964484921,False
Rq_nm,6057,6072,1.470114827156067,1.3359392541919979,0.134175572964069,0.02105678270060407,0.0402704229395433,0.09907626864481334,0.09953814686761249,0.3434937174694386,0.35185185185185186,0.7962962962962963,0.5293187380724612,0.05555555555555555,0.17399635118478196,37.5,0.16865260196839185,0.46574489277920156,0.9598160972682933,-0.11714128151954266,0.38296330749795066,1.0,0.7222222222222222,False,0.17399635118478196,0.826003648815218,False
Rq_nm,6057,6078,1.5030123591423035,1.877120558313277,0.3741081991709736,0.024814393316805017,0.026843876893904016,0.058638121061956504,0.050543413819822594,0.1590877419988619,0.3888888888888889,0.9074074074074074,0.5940375900868682,0.2777777777777778,0.35684273085505036,39.25,0.17755729393002853,0.48398067045085336,-0.22630003045474678,0.747701258108675,1.0,0.47345365052376304,0.7592592592592593,False,0.35684273085505036,0.6431572691449496,False
Rq_nm,6057,6080,3.9266197681427,2.472577536842457,1.4540422313002432,0.03712139158243444,0.07746407070933735,0.09644150927674454,0.09679143014221228,0.3065645129910215,0.5,0.9444444444444444,0.6871842709362768,0.5,0.5467960677340692,39.5,0.14094697832399175,0.3950455361743397,0.6405014258366375,0.49637474534741866,0.5270280922750975,0.6087334782852901,0.5370370370370371,False,0.5467960677340692,0.4532039322659308,False
Rq_nm,6057,6081,0.9417254328727722,4.017741387856218,3.076015954983446,0.06702190988462453,0.1620323793415984,0.20681022057028328,0.22341570903433458,0.8368478734157239,0.6111111111111112,0.8333333333333334,0.7136240321480628,0.9444444444444444,0.8867393413703489,37.75,0.0875959534355353,0.24412943994898773,-0.9499682111533917,-1.1754735877842035,1.0,1.0,0.3148148148148148,False,0.8867393413703489,0.11326065862965107,False
Rq_nm,6057,6082,1.863613247871399,2.7648256452678694,0.9012123973964705,0.11397855275952606,0.10900555389375387,0.3548436455853414,0.29036553005315024,1.2040014723621173,0.7962962962962963,0.6481481481481481,0.7184135089359563,0.6111111111111112,0.6379367105673225,32.0,0.10312353639170978,0.2760795408596356,0.9307626140921086,-0.0740607477975181,0.3942529328551415,1.0,0.42592592592592593,False,0.6379367105673225,0.3620632894326775,False
Rq_nm,6057,6084,1.391980767250061,2.8129833414253342,1.4210025741752732,0.141830497807649,0.30821413703058326,0.23610572319061543,0.30304234905605876,0.9620463475855785,0.9074074074074074,0.5370370370370371,0.6980769194433617,0.6851851851851852,0.6884081187497294,31.0,0.050655925057346604,0.1559900529167796,-0.021542451783138725,-1.3520129871355981,1.0,1.0,0.2037037037037037,False,0.6884081187497294,0.3115918812502706,False
Rq_nm,6057,6085,2.2395859956741333,3.3054583815800305,1.0658723859058972,0.0,0.2670243935513536,0.5145969666049915,0.4528986839924604,1.7091941885769883,0.16666666666666666,0.5740740740740741,0.30932024237944566,0.8703703703703703,0.7301078383726392,31.25,0.01979554971545164,0.05904500833760906,-1.4031311883683582,-0.8069268632300024,1.0,1.0,0.05555555555555555,False,0.7301078383726392,0.26989216162736085,False
Rq_nm,6057,6090,2.4095938205718994,3.021637232384473,0.6120434118125737,0.09786568602526913,0.1894053039194666,0.090383613373338,0.15189407601512572,0.5592737825558167,0.7592592592592593,0.16666666666666666,0.35572912430182496,0.7592592592592593,0.6583767255199007,25.25,0.03486704878837488,0.10265791983037553,-0.7082416975485908,1.3990113140397795,1.0,0.24684089146167582,0.09259259259259259,False,0.6583767255199007,0.3416232744800993,False
Rq_nm,6057,6094,4.058265686035156,1.474803133785568,2.583462552249588,0.03512790468651361,0.08767265975452533,0.11009938201464863,0.11149508569904489,0.4007699990069842,0.42592592592592593,0.46296296296296297,0.44405847438080737,0.09259259259259259,0.1804590630396463,30.0,0.09967794959430115,0.26435519693453696,0.42881346434829704,-1.0069633123512802,0.6512814050522233,1.0,0.35185185185185186,False,0.18045906303964632,0.8195409369603537,False
Rq_nm,6057,6095,9.07418346405029,2.9403750132098483,6.133808450840441,0.05135711209074589,0.32271380276462974,0.10119621690645454,0.2319847357280107,0.9549750195635975,0.5740740740740741,0.3888888888888889,0.47249447489529905,0.7222222222222222,0.6597902853904913,28.75,0.15380043820174835,0.4214654655371033,-0.12277088417317064,-0.5737729114518825,1.0,1.0,0.6481481481481481,False,0.6597902853904913,0.34020971460950866,False
Rq_nm,6057,6099,9.394835472106934,3.298684926887772,6.096150545219162,0.0056972677637845415,0.05222801768718969,0.15570044151854104,0.13626793618224603,0.3836858762443027,0.24074074074074073,0.5370370370370371,0.3595645896101407,0.8333333333333334,0.7148911474025352,31.0,0.1537702569284016,0.40993233743662727,0.3538744620728297,-1.2463338507454464,0.7019630848148545,1.0,0.6111111111111112,False,0.7148911474025352,0.28510885259746477,False
Rq_nm,6057,6101,0.481030598282814,2.4006225840981386,1.9195919858153245,0.01703112129275519,0.044794613005179985,0.09410765846200683,0.08061277084573441,0.3176824974159964,0.3148148148148148,0.9074074074074074,0.5344766551726597,0.42592592592592593,0.4530636082376094,39.25,0.14134933060692356,0.37549332499089205,-0.5878214701234936,0.650262944970053,1.0,0.5219085254954351,0.5740740740740741,False,0.4530636082376094,0.5469363917623906,False
Rq_nm,6057,N6342,0.8041046559810638,1.592073170344649,0.7879685143635851,0.0875887897967973,0.253670283940703,0.05894613544618781,0.1767976144666358,0.6600899577994708,0.7222222222222222,0.05555555555555555,0.20030840419244383,0.12962962962962962,0.14729932327033318,21.0,0.18959428236036985,0.5441597783542385,2.1333976895695512,-0.03915774315536805,0.1184342067887491,1.0,0.7962962962962963,False,0.14729932327033324,0.8527006767296668,False
Rq_nm,6057,N6358,0.9793977737426758,1.7570780659867464,0.7776802922440706,0.0,0.07134726182806886,0.05335025466732244,0.09639050793278527,0.32225260956257973,0.16666666666666666,0.2777777777777778,0.2151657414559676,0.24074074074074073,0.23434699091954744,27.0,0.22309673929170185,0.6166968003428084,0.765334244341723,0.9179371696295215,0.46517842173136353,0.39934196675189276,0.9074074074074074,True,0.9074074074074074,0.09259259259259256,False
Rq_nm,6057,N6382,1.1125519275665283,0.11217676603476447,1.0003751615317638,0.0108120643066284,0.014838850542617521,0.04314885923384201,0.0460619503057437,0.14564639238284388,0.2777777777777778,0.018518518518518517,0.07172191381865586,0.018518518518518517,0.031819367343552854,19.5,0.8998396705582822,2.412356798608175,7.458046270205866,0.8225333735278784,0.0005767819474736347,0.43931728875997295,0.9814814814814815,True,0.9814814814814815,0.01851851851851849,False
Rq_nm,6057,N6389,2.0189785957336426,2.0532851447786005,0.03430654904495789,0.0,0.04151457327747302,0.05766633863218134,0.054259642314577666,0.20016978135742702,0.16666666666666666,0.09259259259259259,0.12422599874998831,0.3888888888888889,0.32272316635416376,21.5,0.20813576481939985,0.5706421996544822,0.1446594456549811,2.6775594789120274,0.8653169303783516,0.06873068833003902,0.8333333333333334,False,0.32272316635416376,0.6772768336458362,False
Rq_nm,6057,N6390,1.9620892405509949,4.355950385369624,2.3938611448186293,0.11842784089034186,1.6860760340052168,0.6198974631390856,1.2921519367479712,4.2434416870940455,0.8703703703703703,0.12962962962962962,0.33589550272624175,0.9814814814814815,0.8200849867926716,22.0,0.21876642734980123,0.5801258491326744,7.671468994999849,0.0054948728383091994,0.0004659328676749034,0.9945201963616987,0.8703703703703703,False,0.8200849867926716,0.1799150132073284,False
Rq_nm,6062,6022,1.649340271949768,1.4197390588595198,0.22960121309024828,0.9469514236534717,0.37906533604511455,0.6249830877218152,0.5208332601783212,1.459833199568061,0.9814814814814815,0.2777777777777778,0.5221434140693216,0.05555555555555555,0.17220252018399707,27.0,0.2449104561219224,0.6729037967327025,3.686588117939534,41.88444593415039,0.025057349082282177,6.45381115295761e-19,0.9074074074074074,True,0.9074074074074074,0.09259259259259256,False
Rq_nm,6062,6028,5.214306831359862,2.8617943916950743,2.352512439664788,0.07256851191878644,0.1532675749328942,0.4986029164588531,0.40988134978938523,1.5333875800715322,0.7222222222222222,0.46296296296296297,0.578240555407259,0.7592592592592593,0.7140045832962592,30.0,0.11153332597665794,0.32162262346968895,-0.16130883941109092,0.2510208491589448,1.0,0.7780061506159671,0.5370370370370371,False,0.7140045832962592,0.28599541670374085,False
Rq_nm,6062,6029,2.2897632122039795,1.9596880381445252,0.3300751740594543,0.013054928089208495,0.17456465821123165,0.04502064853216576,0.12322183533679258,0.4702251208245569,0.2777777777777778,0.6851851851851852,0.43626736997739807,0.3148148148148148,0.3451779536054606,33.5,0.09341486970168997,0.2852158639800906,-0.8417530951274047,49.12344118658818,1.0,4.634048348028357e-22,0.3888888888888889,False,0.34517795360546066,0.6548220463945393,False
Rq_nm,6062,6033,2.0502288341522217,1.7126364848065914,0.3375923493456303,0.10697519215272466,0.11730875959344388,0.24872980007630638,0.22220301874543102,0.6922873584326135,0.8703703703703703,0.9814814814814815,0.9242577565531689,0.24074074074074073,0.4116199946938478,40.25,0.1635464484855798,0.44338248989882934,-0.23308153578725616,1.0632584032281773,1.0,0.3453287547971308,0.7592592592592593,False,0.4116199946938478,0.5883800053061522,False
Rq_nm,6062,6047,3.348536252975464,2.700905100214628,0.647631152760836,0.010283680724274546,0.16654555566895243,0.06607550607376192,0.1392806624225822,0.5081886629642214,0.2037037037037037,0.6111111111111112,0.3528251645047713,0.7222222222222222,0.6298729577928595,31.5,0.07883540515467313,0.22032869704782598,-1.2808863317778942,-1.5242724240646752,1.0,1.0,0.2037037037037037,False,0.6298729577928595,0.37012704220714054,False
Rq_nm,6062,6048,1.8154829144477844,2.3707977495719965,0.5553148351242121,0.01789260404180615,0.2250434073791355,0.27791885528115073,0.26822883169984807,0.8153423336102019,0.35185185185185186,0.3148148148148148,0.33281853251132276,0.5,0.45820463312783066,27.25,0.09252359136173106,0.25612029625888155,0.6632632726933492,-0.3211054834177144,0.5151674566159706,1.0,0.35185185185185186,False,0.45820463312783066,0.5417953668721693,False
Rq_nm,6062,6056,2.529426336288452,2.1004011423662683,0.42902519392218386,0.0,0.10677193244468201,0.2828651944716421,0.2534630323234422,0.8467717730965618,0.05555555555555555,0.7222222222222222,0.20030840419244383,0.3888888888888889,0.34174376771477766,34.5,0.08297848171392921,0.2406830669054073,-1.0320674308412252,-0.3401351178830532,1.0,1.0,0.24074074074074073,False,0.34174376771477766,0.6582562322852223,False
Rq_nm,6062,6057,3.9545385837554927,1.4825284466275312,2.4720101371279615,0.001720148158879331,0.07912835401785881,0.03846756908506385,0.06140841292355891,0.20766389332263668,0.09259259259259259,0.8333333333333334,0.2777777777777778,0.09259259259259259,0.1388888888888889,39.0,0.08401765575956563,0.22705398302008073,-0.492921791836866,-0.11327817447983349,1.0,1.0,0.2777777777777778,False,0.13888888888888884,0.8611111111111112,False
Rq_nm,6062,6063,5.24570107460022,2.6455123841484443,2.6001886904517755,0.02611447912987419,0.2634581347825817,0.2884179140475808,0.28997026922706204,0.9486300488148038,0.46296296296296297,0.2777777777777778,0.35860956909327935,0.5740740740740741,0.5202079478288755,27.0,0.12930193303533594,0.367768499182769,-0.44571213829527473,2.179576104078953,1.0,0.11308945864172171,0.6481481481481481,False,0.5202079478288755,0.47979205217112453,False
Rq_nm,6062,6070,2.544952154159546,2.6482599854544495,0.10330783129490362,0.04572938776965785,0.10749304738009476,0.027251192109313385,0.07932460227563426,0.2585848042885224,0.6481481481481481,0.35185185185185186,0.4775480354899121,0.6481481481481481,0.6054981199835892,27.5,0.04578824201073299,0.1396432503312226,-0.3678618058020507,-0.23936086377518356,1.0,1.0,0.12962962962962962,False,0.6054981199835892,0.39450188001641084,False
Rq_nm,6062,6072,1.470114827156067,1.5683387593388072,0.09822393218274028,0.011161984115810597,0.04851449156764155,0.10146747945410145,0.0962308192413221,0.2918145507147816,0.24074074074074073,0.7592592592592593,0.4275331992820443,0.12962962962962962,0.2041055220427333,37.5,0.15681191401136504,0.4290005143717685,1.0357482132844078,-0.08140483518223021,0.35496069523494744,1.0,0.7222222222222222,False,0.20410552204273325,0.7958944779572668,False
Rq_nm,6062,6078,1.5030123591423035,2.0680111946770876,0.5649988355347841,0.0068199022991404235,0.031126461645521124,0.019573671409727315,0.026573962448184447,0.09632451789936924,0.16666666666666666,0.9074074074074074,0.3888888888888889,0.35185185185185186,0.3611111111111111,39.25,0.16729208516866007,0.4643413015841287,-0.7756668713592231,0.6766757496491128,1.0,0.5083039164056768,0.7962962962962963,False,0.36111111111111116,0.6388888888888888,False
Rq_nm,6062,6080,3.9266197681427,2.2759634896048344,1.6506562785378658,0.0,0.07646596183221017,0.09055470190167186,0.10651652000892284,0.3192067003849086,0.05555555555555555,0.9444444444444444,0.2290614236454256,0.42592592592592593,0.3767098003558008,39.5,0.11637327428721259,0.3282740083546416,0.7825368638214418,0.619402452149136,0.4572445715097984,0.5382659811965199,0.6111111111111112,False,0.3767098003558008,0.6232901996441992,False
Rq_nm,6062,6081,0.9417254328727722,4.373423030314203,3.431697597441431,0.060064892320678354,0.14666536236085495,0.15073143061082628,0.18777820900843586,0.6579058756618417,0.6851851851851852,0.7962962962962963,0.7386544694510789,0.9814814814814815,0.9207747284738809,37.75,0.11487874963332269,0.316301925823234,-0.8549880275778012,-1.165187193112909,1.0,1.0,0.5740740740740741,False,0.9207747284738809,0.07922527152611913,False
Rq_nm,6062,6082,1.863613247871399,2.4680767598012405,0.6044635119298416,0.08144973107872788,0.11602498433631861,0.30211690436561167,0.2534403183908951,0.9669494236006488,0.7592592592592593,0.6481481481481481,0.7015072935139189,0.5370370370370371,0.5781546011562575,32.0,0.06686033560220477,0.18051289067814713,0.6666667864178929,-0.023500794859297944,0.5134170575502661,1.0,0.16666666666666666,False,0.5781546011562575,0.4218453988437425,False
Rq_nm,6062,6084,1.391980767250061,2.646188074517978,1.254207307267917,0.10594063260171138,0.21875993664088353,0.14575180762279025,0.21653751885409853,0.7552350315160941,0.8333333333333334,0.5370370370370371,0.668977476599572,0.6111111111111112,0.6255777024832263,31.0,0.04464086589575761,0.14206393351374158,-0.020610908867419186,-1.2688066166640528,1.0,1.0,0.09259259259259259,False,0.6255777024832263,0.3744222975167737,False
Rq_nm,6062,6085,2.2395859956741333,3.258117977365062,1.0185319816909288,0.006606212845428949,0.2151176646699089,0.43097940802198315,0.37818118293975045,1.4444478068487379,0.12962962962962962,0.5740740740740741,0.2727948122714118,0.9074074074074074,0.7487542586234085,31.25,0.025749438351679466,0.07771036896458006,-0.7702476799912903,-0.6411035671549241,1.0,1.0,0.05555555555555555,False,0.7487542586234085,0.2512457413765915,False
Rq_nm,6062,6090,2.4095938205718994,3.2067551282618014,0.797161307689902,0.08733614996915584,0.1864141860607497,0.07965889086946325,0.14504572407506872,0.568909375451891,0.7962962962962963,0.16666666666666666,0.364302140239,0.8703703703703703,0.7438533128375278,25.25,0.02439168507413602,0.07243015994819202,-0.8265018266380715,1.3115058848586194,1.0,0.2694140442277309,0.018518518518518517,False,0.7438533128375278,0.25614668716247224,False
Rq_nm,6062,6094,4.058265686035156,1.620093071895634,2.438172614139522,0.028137073381733435,0.06084210646145143,0.09722593932354709,0.0883465128387105,0.34793778828930466,0.5,0.46296296296296297,0.4811252243246881,0.16666666666666666,0.24528130608117205,30.0,0.08807369900490963,0.23763925675420705,0.44384909549230656,-1.0557244692593628,0.6415622281549995,1.0,0.3148148148148148,False,0.24528130608117205,0.754718693918828,False
Rq_nm,6062,6095,9.07418346405029,2.88247764559104,6.1917058184592495,0.039032490026619904,0.20146399879130256,0.08179768797322082,0.15228888822162556,0.6013448217323258,0.6111111111111112,0.3888888888888889,0.48749802152178456,0.7962962962962963,0.7190967276026683,28.75,0.14919162317178872,0.41270926252436135,-0.17326190898535263,-0.27985456519946816,1.0,1.0,0.6851851851851852,False,0.7190967276026683,0.2809032723973317,False
Rq_nm,6062,6099,9.394835472106934,3.1147930261407315,6.2800424459662025,0.020276578186818384,0.0684553299880775,0.15969056950096597,0.13685283724980343,0.38936555828385533,0.3888888888888889,0.5370370370370371,0.4569986177501136,0.8333333333333334,0.7392496544375284,31.0,0.1106354076896967,0.30856161295255324,1.039016711549748,-1.1856565020085024,0.3538024007911775,1.0,0.5,False,0.7392496544375284,0.26075034556247156,False
Rq_nm,6062,6101,0.481030598282814,2.6492753514100778,2.1682447531272637,0.014362679629808195,0.057791431014186906,0.12129768837022901,0.10406636807109071,0.3957875537458633,0.3148148148148148,0.9074074074074074,0.5344766551726597,0.6851851851851852,0.6475080526820539,39.25,0.10442249110677182,0.28003803410573913,-0.40441913485749864,0.6272815386396008,1.0,0.5340416009585354,0.46296296296296297,False,0.6475080526820539,0.3524919473179461,False
Rq_nm,6062,N6342,0.8041046559810638,1.6306708964632033,0.8265662404821394,0.12662011386938676,0.3196469781718558,0.08577022382934778,0.22527517967982935,0.8884438956581838,0.9074074074074074,0.05555555555555555,0.22452510468485445,0.2037037037037037,0.20890905394899137,21.0,0.19133656389436024,0.5478555544241,1.6683609185079304,0.04629578816459166,0.18855587092935383,0.9547595138561068,0.8333333333333334,False,0.2089090539489914,0.7910909460510086,False
Rq_nm,6062,N6358,0.9793977737426758,1.9360769040086931,0.9566791302660174,0.023804097957732084,0.06658096637033999,0.04329506129530784,0.08767495196877223,0.31556885644395516,0.42592592592592593,0.2777777777777778,0.343966215203828,0.2777777777777778,0.29432488713429034,27.0,0.19871769045897572,0.5576372364902201,0.6445728527327359,1.4212476461539043,0.5248866981481016,0.24141263138384353,0.8703703703703703,False,0.2943248871342903,0.7056751128657097,False
Rq_nm,6062,N6382,1.1125519275665283,0.35009174499338774,0.7624601825731405,0.028263309517935153,0.01870461299828067,0.16713586014564752,0.1410373319810424,0.5004353547289312,0.5370370370370371,0.018518518518518517,0.09972527420619452,0.018518518518518517,0.038820207440437515,19.5,0.5193652807441668,1.4043490890559132,6.445145803720453,1.0267822569969742,0.0015882129848311813,0.3581575674043275,0.9814814814814815,True,0.9814814814814815,0.01851851851851849,False
Rq_nm,6062,N6389,2.0189785957336426,2.2863589358281797,0.26738034009453715,0.030169581244319676,0.08107333551474352,0.06924668206595605,0.07882201038765636,0.236992905804577,0.5740740740740741,0.09259259259259259,0.2305536962590506,0.46296296296296297,0.40486064628698487,21.5,0.27596158407382837,0.7468642843219786,0.09774093268924658,2.3385328052457184,0.9068838172751073,0.09646907336707054,0.9444444444444444,True,0.9444444444444444,0.05555555555555558,False
Rq_nm,6062,N6390,1.9620892405509949,3.5308640972410954,1.5687748566901005,0.1799886020189625,1.3346427729978578,0.49222271925476047,1.0106206495713548,3.351785648245068,0.9444444444444444,0.12962962962962962,0.3498971042165034,0.9444444444444444,0.7958076093874591,22.0,0.10318001974546454,0.2962832013736334,6.803735732758194,0.37800796007548076,0.001109622143626527,0.6852250462010723,0.42592592592592593,False,0.7958076093874591,0.2041923906125409,False
Rq_nm,6063,6022,1.649340271949768,1.0971359297017904,0.5522043422479777,1.1983124796199482,0.45660674687792485,0.8248967528174785,0.6700698222300175,1.9589644131498944,0.9814814814814815,0.24074074074074073,0.4860890647558032,0.05555555555555555,0.16318893285561747,27.0,0.25058251877489157,0.6890859524611379,3.2160388285003463,53.99536372099969,0.04011364097801471,3.549044849681506e-24,0.8333333333333334,False,0.16318893285561753,0.8368110671443825,False
Rq_nm,6063,6028,5.214306831359862,2.615483280508217,2.5988235508516455,0.04135127354924739,0.11223999761154961,0.4845504672366101,0.3932570817600181,1.56999915667582,0.5370370370370371,0.42592592592592593,0.47826561370907256,0.6481481481481481,0.6056775145383793,30.0,0.05638642326907738,0.17208056429768837,-0.8068202313420255,0.32137258319932793,1.0,0.7251530208191573,0.2777777777777778,False,0.6056775145383793,0.39432248546162074,False
Rq_nm,6063,6029,2.2897632122039795,1.7834869372561226,0.5062762749478569,0.0,0.22133517284909116,0.05328618678947131,0.15597080191832327,0.5874717374718772,0.2037037037037037,0.6481481481481481,0.36335957167312194,0.2777777777777778,0.2991732262516138,33.5,0.0315316447713012,0.10038247612381879,-0.8953389730104246,62.46256640149623,1.0,7.461945733086484e-28,0.2037037037037037,False,0.2991732262516138,0.7008267737483862,False
Rq_nm,6063,6033,2.0502288341522217,2.6257844815452374,0.5755556473930157,0.005546892719405783,0.1753995739859257,0.26599791056021965,0.28125005296925976,1.1306877423141934,0.24074074074074073,0.9814814814814815,0.4860890647558032,0.7222222222222222,0.6631889328556174,40.25,0.012791958888920348,0.039731420022387276,0.39478827220399554,2.2990329887487,0.6738226911399423,0.10035584204440148,0.018518518518518517,False,0.6631889328556174,0.3368110671443826,False
Rq_nm,6063,6047,3.348536252975464,2.4898313577863167,0.8587048951891472,0.08827155584567636,0.06762269992127044,0.10423094425755171,0.09257233823731355,0.33554232565686615,0.8333333333333334,0.5740740740740741,0.6916610887771518,0.5740740740740741,0.6034708277498435,31.5,0.0410604279545372,0.12020998672843841,-0.7365854179415725,-1.898549498240698,1.0,1.0,0.24074074074074073,False,0.6034708277498435,0.3965291722501565,False
Rq_nm,6063,6048,1.8154829144477844,2.3830937798707295,0.567610865422945,0.27420302983401257,0.2512836255544772,0.3567542732180958,0.32790890305645676,1.0727938788591995,0.9444444444444444,0.2777777777777778,0.5121969142940493,0.46296296296296297,0.4752714507957345,27.25,0.10585000109362379,0.2834343931896234,0.3967180453539031,-0.09791595043167152,0.6725236200621726,1.0,0.46296296296296297,False,0.4752714507957345,0.5247285492042655,False
Rq_nm,6063,6056,2.529426336288452,1.9625615664465181,0.566864769841934,0.0,0.10916727452768542,0.2907503221189267,0.2650259874617402,0.8251020076755986,0.2037037037037037,0.6851851851851852,0.37359705558948175,0.3148148148148148,0.32951037500848157,34.5,0.08537659479520651,0.24710626891740528,-0.9096001613663315,-0.36538298657439494,1.0,1.0,0.3888888888888889,False,0.32951037500848157,0.6704896249915184,False
Rq_nm,6063,6057,3.9545385837554927,1.416842150229078,2.5376964335264147,0.014443070252289969,0.08489026773016875,0.0501086809423486,0.06971836954961516,0.22443295696877863,0.3148148148148148,0.8333333333333334,0.5121969142940493,0.09259259259259259,0.19749367301795678,39.0,0.06698226104847076,0.1906906810181282,-0.4888428854573316,-0.04030306650170242,1.0,1.0,0.3148148148148148,False,0.19749367301795684,0.8025063269820432,False
Rq_nm,6063,6062,3.0923656225204468,3.413902354148407,0.32153673162796004,0.027614805893023675,0.4659033099654212,0.13054244491423936,0.3308888639505296,1.2096801771563546,0.42592592592592593,0.7592592592592593,0.5686723160290403,0.9074074074074074,0.8227236345628157,37.5,0.2700781876868772,0.7628011940374043,-0.9366373122299415,-0.055881808393376996,1.0,1.0,0.8703703703703703,False,0.8227236345628157,0.17727636543718428,False
Rq_nm,6063,6070,2.544952154159546,2.461725076424482,0.0832270777350641,0.12792813011111193,0.19288276870503832,0.0840694997852875,0.16430499866688705,0.6107023497983677,0.8703703703703703,0.3148148148148148,0.5234553342630581,0.5370370370370371,0.5336416113435423,27.5,0.027964932520670695,0.08416147404514329,-0.545464928462759,-0.26307749043405765,1.0,1.0,0.12962962962962962,False,0.5336416113435423,0.46635838865645773,False
Rq_nm,6063,6072,1.470114827156067,1.4749084103524295,0.004793583196362583,0.0,0.06753480016758054,0.10215807693946577,0.10372296361982587,0.3486414570963017,0.2037037037037037,0.7592592592592593,0.3932733441036167,0.16666666666666666,0.22331833602590417,37.5,0.1540864843843787,0.42694154745929525,1.1460847758731851,-0.09735054109479588,0.3178789033276448,1.0,0.6851851851851852,False,0.22331833602590412,0.7766816639740959,False
Rq_nm,6063,6078,1.5030123591423035,1.9810485694128404,0.4780362102705369,0.029899330242784572,0.06240005225988248,0.13322252700826984,0.11777190775785122,0.36080904800071156,0.46296296296296297,0.9074074074074074,0.6481481481481481,0.35185185185185186,0.42592592592592593,39.25,0.1818172034538545,0.49390561847822045,-0.7283825679733793,0.680795465970169,1.0,0.5062141560307931,0.7592592592592593,False,0.42592592592592593,0.5740740740740741,False
Rq_nm,6063,6080,3.9266197681427,2.153255486769119,1.7733642813735813,0.0,0.07883553556785905,0.14442238884045927,0.12922793033475377,0.3688274427774274,0.2037037037037037,0.9444444444444444,0.43861923267877817,0.3888888888888889,0.4013214748363612,39.5,0.12211838008103021,0.3580054406693145,0.9421683565030058,0.6609213374938925,0.38978173260918075,0.5163753592790382,0.5740740740740741,False,0.40132147483636116,0.5986785251636388,False
Rq_nm,6063,6081,0.9417254328727722,4.455911695855286,3.5141862629825136,0.08162499037846427,0.1825437019802021,0.1478838981999945,0.24639507025660598,0.8867394282663903,0.7962962962962963,0.7962962962962963,0.7962962962962963,0.9814814814814815,0.9351851851851852,37.75,0.12192909704118207,0.3393650987448482,-0.8736713769578374,-1.1295177968184478,1.0,1.0,0.5370370370370371,False,0.9351851851851852,0.06481481481481477,False
Rq_nm,6063,6082,1.863613247871399,2.4495167748046924,0.5859035269332935,0.1355627634189962,0.09277356048742606,0.3506513635655396,0.2873173601293142,1.2092285575891075,0.9074074074074074,0.6111111111111112,0.7446655282549297,0.5,0.5611663820637325,32.0,0.09583821961107442,0.25877123985258466,0.9808593996970589,0.16266706164024258,0.3749886951634028,0.849874097004273,0.42592592592592593,False,0.5611663820637325,0.4388336179362675,False
Rq_nm,6063,6084,1.391980767250061,2.6227062278682514,1.2307254606181903,0.04548305719211321,0.23092063913720617,0.15717599826257322,0.22184558331007184,0.7118322371451535,0.5740740740740741,0.5,0.5357583756107197,0.6851851851851852,0.6478284827915689,31.0,0.028245481727369515,0.08533348259648343,-0.31348071966178614,-1.4559620339186756,1.0,1.0,0.16666666666666666,False,0.6478284827915689,0.3521715172084311,False
Rq_nm,6063,6085,2.2395859956741333,3.0885987105557002,0.8490127148815669,0.0,0.2517145749137639,0.4854449811743641,0.4256558321987592,1.638041332871258,0.2037037037037037,0.5370370370370371,0.33075131665725466,0.8703703703703703,0.7354656069420915,31.25,0.01794506591922019,0.05245287464348003,-1.0329829154432677,-0.5970932693868294,1.0,1.0,0.05555555555555555,False,0.7354656069420915,0.2645343930579085,False
Rq_nm,6063,6090,2.4095938205718994,2.939039350796314,0.5294455302244145,0.0797965934612952,0.2275736530037632,0.07413193617382846,0.17492544702393395,0.67031783541966,0.7592592592592593,0.16666666666666666,0.35572912430182496,0.7962962962962963,0.6861545032976785,25.25,0.020953514111727172,0.06302910522201244,-0.7014781616633335,1.3753926137989672,1.0,0.2527403469750132,0.09259259259259259,False,0.6861545032976785,0.31384549670232154,False
Rq_nm,6063,6094,4.058265686035156,1.4747349461679344,2.583530739867222,0.010659033969996123,0.10207025654793626,0.12823060088889746,0.13135296890966544,0.4616902750532135,0.2777777777777778,0.42592592592592593,0.343966215203828,0.12962962962962962,0.1832137760231792,30.0,0.10647047791575966,0.2844360669110311,0.08135045557303669,-1.0272643043115992,0.9218705601509106,1.0,0.5,False,0.18321377602317923,0.8167862239768208,False
Rq_nm,6063,6095,9.07418346405029,2.7378654524085344,6.336318011641755,0.03735349864573001,0.15206427551716578,0.06880839612852489,0.1201285993822632,0.4422540662713832,0.5,0.35185185185185186,0.41943524640393054,0.7592592592592593,0.6743032560454271,28.75,0.15580954352697138,0.4145432667746446,0.7007803213988468,-0.3040834047566957,0.49619795879895595,1.0,0.7222222222222222,False,0.6743032560454271,0.32569674395457293,False
Rq_nm,6063,6099,9.394835472106934,2.9427389534609127,6.452096518646021,0.0,0.046965663651128524,0.10539565046982116,0.09735188475786424,0.27640127982098983,0.2037037037037037,0.5,0.3191423692521127,0.8333333333333334,0.7047855923130282,31.0,0.07901027824539507,0.22393474809578295,0.4723782001801329,-1.241052026083034,0.6235176538305941,1.0,0.35185185185185186,False,0.7047855923130282,0.2952144076869718,False
Rq_nm,6063,6101,0.481030598282814,2.505905253380252,2.024874655097438,0.05832206575121157,0.05743905625475211,0.09887996482010424,0.08727482724825081,0.3215565906866025,0.7222222222222222,0.9074074074074074,0.8095367775701627,0.6111111111111112,0.6607175277258741,39.25,0.14676223453394965,0.39278348275647057,-0.6624165793622344,0.8613557859949674,1.0,0.4225887538361264,0.6481481481481481,False,0.6607175277258741,0.3392824722741259,False
Rq_nm,6063,N6342,0.8041046559810638,1.5153761077698442,0.7112714517887804,0.0488938672939252,0.24371391467485934,0.05239622404792148,0.17089807378054475,0.6374482151105736,0.6111111111111112,0.05555555555555555,0.1842569327975222,0.2037037037037037,0.1988420109771583,21.0,0.22479097707699408,0.6456771633957332,2.093826101006395,0.14986478923423124,0.12321480052011526,0.8608243612777188,0.7962962962962963,False,0.19884201097715826,0.8011579890228417,False
Rq_nm,6063,N6358,0.9793977737426758,1.7745986315620412,0.7952008578193654,0.02383136867598057,0.06198149262476057,0.037910411696338984,0.07993738738784772,0.29264096819704477,0.35185185185185186,0.24074074074074073,0.2910413638055872,0.24074074074074073,0.25331589650695235,27.0,0.28286170591667226,0.7593426647995347,0.49696909040115683,1.0953427057113356,0.6083717880484751,0.33442497795776516,0.9444444444444444,True,0.9444444444444444,0.05555555555555558,False
Rq_nm,6063,N6382,1.1125519275665283,0.5702454263371309,0.5423065012293974,0.04988364266150136,0.022578812862560065,0.2671363062134971,0.21734618141074158,0.8314763670513146,0.6481481481481481,0.018518518518518517,0.10955703302036326,0.018518518518518517,0.041278147143979704,19.5,0.38488994240942365,1.0340584538691935,5.535178997938605,1.4346473044631962,0.003945502335991491,0.2381993610526389,0.9814814814814815,True,0.9814814814814815,0.01851851851851849,False
Rq_nm,6063,N6389,2.0189785957336426,2.172986558613413,0.1540079628797706,0.02461801889442894,0.04042408092252356,0.05254981861026774,0.059608072536112514,0.24517869193139186,0.3888888888888889,0.09259259259259259,0.18975834751777032,0.42592592592592593,0.366884031323887,21.5,0.2788523300791478,0.7969978412155188,0.1859710404349747,3.289565283259889,0.8302976396922559,0.03727004778878303,0.9074074074074074,True,0.9074074074074074,0.09259259259259256,False
Rq_nm,6063,N6390,1.9620892405509949,3.431044756336793,1.4689555157857983,0.05412290467326564,1.056364889607782,0.3728425839048357,0.8273112693975051,2.6641657103381715,0.6851851851851852,0.12962962962962962,0.2980273507302052,0.9444444444444444,0.7828401710158845,22.0,0.12900432960162012,0.3586379976615157,7.164480144623318,0.2806668167225565,0.0007735810232073268,0.7552799402085024,0.6111111111111112,False,0.7828401710158845,0.21715982898411545,False
Rq_nm,6070,6022,1.649340271949768,1.7309476177540348,0.08160734580426676,0.5772048594334291,0.24331039661581425,0.5246205133987871,0.424502983258955,1.2699152420412239,0.9814814814814815,0.2777777777777778,0.5221434140693216,0.2037037037037037,0.28331363129510817,27.0,0.12942525532653273,0.3505907376792432,3.3272516765777436,47.86050573251377,0.035891611398292056,1.6385000511285002e-21,0.6481481481481481,False,0.2833136312951081,0.7166863687048919,False
Rq_nm,6070,6028,5.214306831359862,2.9056532113998528,2.3086536199600096,0.04623205378565931,0.15041964049138237,0.4768341312025478,0.39133602473984985,1.3627644922864948,0.6111111111111112,0.42592592592592593,0.51018434496133,0.7222222222222222,0.6692127529069991,30.0,0.09266062211703723,0.26663521772505394,-0.706020409138526,0.18797437565852543,1.0,0.828635940210929,0.35185185185185186,False,0.6692127529069991,0.3307872470930009,False
Rq_nm,6070,6029,2.2897632122039795,1.9027263382518003,0.38703687395217923,0.0,0.3149924538693321,0.04684772017140256,0.216907225130382,0.84133643333083,0.2037037037037037,0.6481481481481481,0.36335957167312194,0.2777777777777778,0.2991732262516138,33.5,0.07114752427542412,0.21200541037387433,-0.5664619326439913,55.94624224722662,1.0,5.044936553565554e-25,0.24074074074074073,False,0.2991732262516138,0.7008267737483862,False
Rq_nm,6070,6033,2.0502288341522217,2.1763743184153497,0.126145484263128,0.025005367706345982,0.1897493248889027,0.20132736707408178,0.21039549602378452,0.7857596402925013,0.42592592592592593,0.9814814814814815,0.6465588981517071,0.3888888888888889,0.4533063912045935,40.25,0.07194473045943678,0.20043452999204536,-0.24845025420870617,1.5512394362794262,1.0,0.21198506894832592,0.2777777777777778,False,0.4533063912045935,0.5466936087954065,False
Rq_nm,6070,6047,3.348536252975464,2.7026775354651438,0.6458587175103201,0.07985053784696206,0.06813449246240756,0.09980030039108664,0.09029901093616141,0.3141748930985804,0.7222222222222222,0.5740740740740741,0.6439014315079151,0.6481481481481481,0.6470864689880899,31.5,0.061491990379911377,0.17295494494453356,-0.720518198257271,-1.699306694859287,1.0,1.0,0.16666666666666666,False,0.6470864689880899,0.35291353101191014,False
Rq_nm,6070,6048,1.8154829144477844,2.3111078215808885,0.49562490713310403,0.22918679932998698,0.21576385493759537,0.32767656652701804,0.2985039960464654,0.9631104069372314,0.9444444444444444,0.3148148148148148,0.5452752542346465,0.5,0.5113188135586616,27.25,0.12010432368698193,0.3208757236150148,0.5057315381182217,-0.12152390633605147,0.6030642495370931,1.0,0.5740740740740741,False,0.5113188135586616,0.4886811864413384,False
Rq_nm,6070,6056,2.529426336288452,2.149816625483726,0.37960971080472605,0.0,0.13039062731166906,0.3909854798826007,0.35005548794202485,1.1055097411429282,0.2037037037037037,0.6851851851851852,0.37359705558948175,0.35185185185185186,0.35728815278625936,34.5,0.06309936227685785,0.18674015360309382,-0.7147656624470952,-0.2878966390735417,1.0,1.0,0.2037037037037037,False,0.35728815278625936,0.6427118472137406,False
Rq_nm,6070,6057,3.9545385837554927,1.3737348448025184,2.5808037389529743,0.0011774058592970427,0.07271352960885355,0.03188496726846678,0.05502221846050254,0.1892267192858954,0.2777777777777778,0.8333333333333334,0.4811252243246882,0.05555555555555555,0.1619479727478387,39.0,0.08231485466323005,0.22894158343026427,-0.3970523389760679,-0.14758739622737377,1.0,1.0,0.3148148148148148,False,0.16194797274783868,0.8380520272521613,False
Rq_nm,6070,6062,3.0923656225204468,3.894167657457615,0.8018020349371682,0.003468675606303595,0.4723770104148171,0.10081551343513331,0.3325847100329835,1.2442753636667199,0.3148148148148148,0.7592592592592593,0.4889029178682995,0.9444444444444444,0.8305590628004081,37.5,0.3250927061070077,0.8998990933136873,-0.8005142316750342,-0.055186894296141174,1.0,1.0,0.9444444444444444,True,0.9444444444444444,0.05555555555555558,False
Rq_nm,6070,6063,5.24570107460022,2.789626136440561,2.456074938159659,0.0,0.44347221486388966,0.38353779540972854,0.4269098667635959,1.2844541383694863,0.2037037037037037,0.2777777777777778,0.23787467738268758,0.6851851851851852,0.5733575582345608,27.0,0.09419080338639858,0.2548563694067171,-0.37119440431011774,2.6403818007407156,1.0,0.0713340289713797,0.42592592592592593,False,0.5733575582345608,0.4266424417654392,False
Rq_nm,6070,6072,1.470114827156067,1.4569236947423232,0.0131911324137437,0.027494681607721727,0.03529577194681379,0.09313764523903834,0.08510598362762824,0.2469834906041437,0.46296296296296297,0.7592592592592593,0.5928818738363749,0.09259259259259259,0.21766491290353818,37.5,0.16247630748561148,0.4431494832696254,0.9561710536836084,-0.08616608611304845,0.384361772629921,1.0,0.7592592592592593,False,0.21766491290353818,0.7823350870964618,False
Rq_nm,6070,6078,1.5030123591423035,1.92842670464234,0.42541434550003654,0.011185198881204172,0.07302434837157668,0.0382084572244356,0.058236218176551176,0.2236217929583313,0.35185185185185186,0.9074074074074074,0.5650424556441614,0.3148148148148148,0.37737172502215144,39.25,0.20096665882170983,0.5460519052976278,-0.7443173973658229,0.9341884899296518,1.0,0.39290458221828317,0.8333333333333334,False,0.37737172502215144,0.6226282749778486,False
Rq_nm,6070,6080,3.9266197681427,2.276586160874891,1.650033607267809,0.0,0.07962254993835972,0.1499654560107551,0.13304791652120973,0.3704488951031879,0.2037037037037037,0.9444444444444444,0.43861923267877817,0.46296296296296297,0.45687703039191674,39.5,0.1282513216763736,0.36082192454463047,0.444319730295411,0.5916027169465912,0.6412603576830196,0.5534395665718004,0.6111111111111112,False,0.45687703039191674,0.5431229696080833,False
Rq_nm,6070,6081,0.9417254328727722,4.010100248685843,3.068374815813071,0.0,0.14622599153146987,0.11363285097379355,0.20393349996921523,0.7247309778465336,0.2037037037037037,0.7962962962962963,0.40275116983206566,0.9814814814814815,0.8367989035691276,37.75,0.06050588794492128,0.1726543654160717,-0.9144810078638698,-0.9855801178041461,1.0,1.0,0.12962962962962962,False,0.8367989035691276,0.16320109643087244,False
Rq_nm,6070,6082,1.863613247871399,2.5213176179224237,0.6577043700510248,0.12735207798087833,0.0967721929463329,0.3706539245305392,0.3021017043813715,1.2584062116343848,0.9074074074074074,0.6111111111111112,0.7446655282549297,0.5370370370370371,0.5889441598415102,32.0,0.10606091584828581,0.28280837381658486,0.7872465499462283,0.15542049869958235,0.4550961562476907,0.856055131719872,0.5370370370370371,False,0.5889441598415102,0.41105584015848984,False
Rq_nm,6070,6084,1.391980767250061,2.587509004108068,1.195528236858007,0.07308664547671562,0.21738516998325208,0.12979354236748683,0.2077880995009799,0.7218074253165843,0.6851851851851852,0.5,0.5853140973807077,0.6111111111111112,0.6046618576785103,31.0,0.02887618135331988,0.08369095675496496,-0.22978406938447554,-1.3489374350215237,1.0,1.0,0.018518518518518517,False,0.6046618576785103,0.39533814232148967,False
Rq_nm,6070,6085,2.2395859956741333,3.2659257984494396,1.0263398027753063,0.09333681109962422,0.1966360085678454,0.43205540239959384,0.37307521068174015,1.4272034754747218,0.7592592592592593,0.5370370370370371,0.6385533203543211,0.9074074074074074,0.8401938856441359,31.25,0.029705407160415424,0.08990303508976982,-1.4682168456096747,-0.7373045806872638,1.0,1.0,0.05555555555555555,False,0.8401938856441359,0.15980611435586412,False
Rq_nm,6070,6090,2.4095938205718994,3.162527779767924,0.7529339591960245,0.10943945297202617,0.31594057408709064,0.12075400949176059,0.24775513281308764,0.9461135809544579,0.7962962962962963,0.16666666666666666,0.364302140239,0.8703703703703703,0.7438533128375278,25.25,0.0486761271922808,0.13953687253606106,-0.7638004746972651,1.2790235508605012,1.0,0.27830892232686105,0.09259259259259259,False,0.7438533128375278,0.25614668716247224,False
Rq_nm,6070,6094,4.058265686035156,1.5221261522165506,2.5361395338186057,0.01990537891150268,0.06912352399964299,0.09389209811463088,0.08901672671711444,0.3300252330636657,0.3888888888888889,0.42592592592592593,0.4069863143673317,0.12962962962962962,0.19896880081405513,30.0,0.09406004041517402,0.25117229105912375,0.09427709586219322,-0.9487673459407326,0.9100305615974152,1.0,0.3888888888888889,False,0.1989688008140551,0.8010311991859449,False
Rq_nm,6070,6095,9.07418346405029,2.9636702529763714,6.110513211073918,0.0008006690911632752,0.2771879198638182,0.09630345835349202,0.20349048730027153,0.8456592298044971,0.24074074074074073,0.35185185185185186,0.2910413638055872,0.7592592592592593,0.6422047853958412,28.75,0.15979146389399418,0.44598593760835115,-0.17864530292118158,0.08781356395333038,1.0,0.9159316234770569,0.7222222222222222,False,0.6422047853958412,0.35779521460415875,False
Rq_nm,6070,6099,9.394835472106934,3.1509531880289883,6.243882284077945,0.057789625500246355,0.12604644107436738,0.21035936318693893,0.185599981224806,0.5461681281511463,0.6481481481481481,0.5,0.5692750425533111,0.8333333333333334,0.7673187606383278,31.0,0.09970292651251494,0.2759376760536667,0.5927817596206557,-1.154738954999339,0.5527874222338462,1.0,0.5,False,0.7673187606383278,0.23268123936167218,False
Rq_nm,6070,6101,0.481030598282814,2.5313827279076713,2.0503521296248572,0.03088406485940265,0.0703753099619547,0.12082977195324224,0.10733269169301897,0.3842887823849064,0.5740740740740741,0.9074074074074074,0.7217472322187065,0.5740740740740741,0.6109923636102322,39.25,0.14958076992185712,0.4033583923748547,0.25216754934232843,0.6055946462024894,0.7771145221333563,0.545749802083577,0.6851851851851852,False,0.6109923636102322,0.38900763638976776,False
Rq_nm,6070,N6342,0.8041046559810638,1.5718781362571885,0.7677734802761247,0.1261327399645864,0.2835863215600953,0.08687519368573264,0.20084310759360888,0.7973811910482893,0.8703703703703703,0.05555555555555555,0.21989522383403548,0.16666666666666666,0.17997380595850887,21.0,0.19977525219577466,0.5687418657743539,1.295463296044296,-0.0020929034427066,0.27377099792498105,1.0,0.7962962962962963,False,0.17997380595850887,0.8200261940414911,False
Rq_nm,6070,N6358,0.9793977737426758,1.8975220009224236,0.9181242271797478,0.0,0.07125691386755428,0.05017657955336154,0.10361863138084218,0.32794854810273644,0.2037037037037037,0.2777777777777778,0.23787467738268758,0.24074074074074073,0.24002422490122743,27.0,0.25047353595065996,0.6913334697808273,0.04729643376231877,1.1665287568319926,0.95380461578863,0.31144617244316886,0.8703703703703703,False,0.24002422490122743,0.7599757750987726,False
Rq_nm,6070,N6382,1.1125519275665283,0.3735215454504391,0.7390303821160893,0.02909479598240422,0.019079428112248772,0.15861504752023603,0.13398700737227748,0.47675557212950215,0.5370370370370371,0.018518518518518517,0.09972527420619452,0.018518518518518517,0.038820207440437515,19.5,0.51701720804517,1.3936268502419038,5.318295375732017,0.8835220400983931,0.0049011011445622725,0.4133245992594258,0.9814814814814815,True,0.9814814814814815,0.01851851851851849,False
Rq_nm,6070,N6389,2.0189785957336426,2.218292939928176,0.19931434419453353,0.028935379869131417,0.06511663847196182,0.06498807157013076,0.06865070209467496,0.21627426085064627,0.5,0.09259259259259259,0.2151657414559676,0.42592592592592593,0.3732358798084363,21.5,0.267294739951647,0.7398022641967247,0.09638358164844951,2.4385459609310387,0.9081156127686933,0.08728767892899178,0.9074074074074074,True,0.9074074074074074,0.09259259259259256,False
Rq_nm,6070,N6390,1.9620892405509949,3.14353799507404,1.181448754523045,0.11379773269948545,1.2047708316754127,0.4512591131314254,0.9142211711544567,2.971500106198036,0.8333333333333334,0.12962962962962962,0.32867109906108977,0.7962962962962963,0.6793899969874947,22.0,0.09454614489351386,0.276661357095189,7.265359038037622,0.19494822181486895,0.0006993501312689438,0.8228772640442963,0.46296296296296297,False,0.6793899969874947,0.3206100030125053,False
Rq_nm,6072,6022,1.649340271949768,0.8890130957381079,0.7603271762116601,1.3980977895701425,0.5504591486432545,0.7759538876080043,0.6654531059499468,1.8044599426669514,0.9814814814814815,0.2777777777777778,0.5221434140693216,0.05555555555555555,0.17220252018399707,27.0,0.3440119025880419,0.9123722870905792,3.3764787665352056,46.9311251623074,0.03416755509821711,4.150221849678122e-21,0.9444444444444444,True,0.9444444444444444,0.05555555555555558,False
Rq_nm,6072,6028,5.214306831359862,2.979517421834148,2.2347894095257144,0.01513790623898359,0.16770055898838676,0.494839854723823,0.4087823496140368,1.4320831093398199,0.35185185185185186,0.46296296296296297,0.40360175403154386,0.7592592592592593,0.6703448829523304,30.0,0.11253714740267844,0.3181099003059129,-0.8567306287652815,0.2506039317070595,1.0,0.7783305825838083,0.5370370370370371,False,0.6703448829523304,0.3296551170476696,False
Rq_nm,6072,6029,2.2897632122039795,2.050877533481534,0.2388856787224456,0.0,0.22093698071672102,0.03225120355785715,0.15148014999113574,0.585118869379885,0.2037037037037037,0.6851851851851852,0.37359705558948175,0.2777777777777778,0.3017325972307038,33.5,0.028086184525921064,0.0808158874173186,-0.6316387952894903,58.39744574659711,1.0,4.348220457837462e-26,0.09259259259259259,False,0.3017325972307038,0.6982674027692962,False
Rq_nm,6072,6033,2.0502288341522217,1.887242801395994,0.16298603275622758,0.067114096459165,0.15055767611588278,0.21957227553099223,0.20155136729940226,0.6442740831998253,0.7222222222222222,0.9814814814814815,0.8419309571606892,0.2037037037037037,0.36326051706795004,40.25,0.14498088005370657,0.38461489904670265,-0.02666401849424181,1.073683123619653,1.0,0.3417474983165983,0.6481481481481481,False,0.36326051706795004,0.63673948293205,False
Rq_nm,6072,6047,3.348536252975464,2.959844548616289,0.38869170435917466,0.000899616203990039,0.21139428484514555,0.0678309042682564,0.1777995967945732,0.6840129756881246,0.24074074074074073,0.6111111111111112,0.3835613921705181,0.7222222222222222,0.6375570147092962,31.5,0.072281126686848,0.19751139668562834,-1.2915316386174274,-1.7319646403165807,1.0,1.0,0.3148148148148148,False,0.6375570147092962,0.36244298529070385,False
Rq_nm,6072,6048,1.8154829144477844,2.342777911157616,0.5272949967098315,0.0,0.23328492326375236,0.2676244805764041,0.2649318614009799,0.7864169575413822,0.2037037037037037,0.3148148148148148,0.2532369320588397,0.3888888888888889,0.3549758996813766,27.25,0.1220404630675512,0.3393364459437358,0.583336562429494,-0.2993578405745348,0.5580333438238096,1.0,0.5740740740740741,False,0.35497589968137655,0.6450241003186235,False
Rq_nm,6072,6056,2.529426336288452,2.358804219163472,0.1706221171249802,0.0,0.10785906611569634,0.3463232351520161,0.3037527213372566,0.9969402483877576,0.2037037037037037,0.7222222222222222,0.3835613921705181,0.42592592592592593,0.41533479248707394,34.5,0.06913066536656293,0.2040917232750924,-0.9537179233238287,-0.3011104711348581,1.0,1.0,0.24074074074074073,False,0.41533479248707394,0.584665207512926,False
Rq_nm,6072,6057,3.9545385837554927,1.4631167160118865,2.491421867743606,0.02689466394737372,0.07611394795412964,0.031685470743976256,0.0566894159304832,0.19492584529638712,0.5,0.8333333333333334,0.6454972243679028,0.09259259259259259,0.23081875053642015,39.0,0.08709065705121424,0.24189193352658833,-0.19085907406265695,-0.047897675933261524,1.0,1.0,0.42592592592592593,False,0.2308187505364201,0.7691812494635799,False
Rq_nm,6072,6062,3.0923656225204468,3.933544328525158,0.8411787060047113,0.028540433816838906,0.47020170419198926,0.10140975423314817,0.33031184048799705,1.2202334518260858,0.6111111111111112,0.7592592592592593,0.6811694132499824,0.9444444444444444,0.8786256866458289,37.5,0.32213169870900316,0.8859539693028766,-1.0029126341180103,-0.01762396936217222,1.0,1.0,0.9074074074074074,True,0.9074074074074074,0.09259259259259256,False
Rq_nm,6072,6063,5.24570107460022,2.8163379360005107,2.429363138599709,0.01445121625896073,0.30315268070851004,0.2700490697088876,0.29537775178632325,0.8439015400270669,0.3148148148148148,0.2777777777777778,0.295717026345765,0.6481481481481481,0.5600403676975524,27.0,0.08529832389822505,0.23703151053040727,-0.30356071049297356,2.0678081495765452,1.0,0.12646266539707116,0.3888888888888889,False,0.5600403676975524,0.4399596323024476,False
Rq_nm,6072,6070,2.544952154159546,2.706842829885003,0.161890675725457,0.05913731231201069,0.12745440328682842,0.03928112414403745,0.09466160563503713,0.3091703152354075,0.6851851851851852,0.35185185185185186,0.4910027253171427,0.5370370370370371,0.5255284591070635,27.5,0.027916488891830606,0.08887112837960576,-0.2560085280293677,-0.2577376347098187,1.0,1.0,0.05555555555555555,False,0.5255284591070635,0.4744715408929365,False
Rq_nm,6072,6078,1.5030123591423035,1.9306274794518847,0.42761512030958126,0.0026744927718782563,0.08216863894992724,0.045007918502513684,0.06641627506162602,0.2497424402708679,0.2777777777777778,0.9074074074074074,0.5020533967305911,0.24074074074074073,0.30606890473820336,39.25,0.20102447446607827,0.5404481797736225,-0.7697398623109625,0.8427433464713375,1.0,0.43052781491934994,0.7962962962962963,False,0.30606890473820336,0.6939310952617966,False
Rq_nm,6072,6080,3.9266197681427,2.1944469250061633,1.7321728431365369,0.0,0.06807853931186086,0.08242742498892423,0.09894714746809326,0.3080471136232723,0.2037037037037037,0.9444444444444444,0.43861923267877817,0.35185185185185186,0.3735436970585834,39.5,0.08910682834083158,0.2666119191830709,0.9208403175013697,0.6720176938926113,0.39818429922408133,0.5106771474196421,0.46296296296296297,False,0.3735436970585835,0.6264563029414165,False
Rq_nm,6072,6081,0.9417254328727722,4.12757252746913,3.185847094596358,0.02088307820319457,0.12903049715400247,0.12457119430105049,0.17681554847146216,0.6493103532404763,0.46296296296296297,0.7962962962962963,0.6071702337316667,0.9814814814814815,0.8879036695440279,37.75,0.069402342807745,0.19696921322479133,-0.9294475437624212,-1.002287282029144,1.0,1.0,0.2777777777777778,False,0.8879036695440279,0.11209633045597212,False
Rq_nm,6072,6082,1.863613247871399,2.5317474246100358,0.6681341767386368,0.08060480951288573,0.11190064283530844,0.2955765502479595,0.24889824590525222,0.9450143949363512,0.8333333333333334,0.6481481481481481,0.7349309197401641,0.5,0.5587327299350411,32.0,0.06369532280356843,0.1732518123305602,1.191212178486039,0.05189565640176417,0.3038527170129395,0.949427928400895,0.2037037037037037,False,0.5587327299350411,0.4412672700649589,False
Rq_nm,6072,6084,1.391980767250061,2.7143518589470106,1.3223710916969496,0.08901070318264948,0.2198780823522932,0.11979893641353581,0.20328477307496687,0.7019054836381287,0.8703703703703703,0.5370370370370371,0.6836820348879531,0.5740740740740741,0.6014760642775439,31.0,0.02310793648477588,0.0663667768467181,-0.039862228785096154,-1.410133350382557,1.0,1.0,0.018518518518518517,False,0.6014760642775439,0.39852393572245615,False
Rq_nm,6072,6085,2.2395859956741333,3.5199418323308707,1.2803558366567374,0.06795312383515428,0.21862969569874405,0.47871708734380125,0.41272183469354745,1.5267244363491224,0.7592592592592593,0.5740740740740741,0.6602053137028107,0.8703703703703703,0.8178291062034805,31.25,0.037883790211641774,0.11399969548574584,-1.4249309910558474,-0.6602031807849359,1.0,1.0,0.12962962962962962,False,0.8178291062034805,0.18217089379651952,False
Rq_nm,6072,6090,2.4095938205718994,3.186741401015219,0.7771475804433194,0.10259147974746918,0.2396940997236205,0.09853096992916015,0.18962559454773484,0.724063965412574,0.9074074074074074,0.16666666666666666,0.3888888888888889,0.8333333333333334,0.7222222222222222,25.25,0.047451730935902804,0.14124233664192665,-0.696626216764844,1.4003631955527354,1.0,0.2465074172834432,0.16666666666666666,False,0.7222222222222222,0.2777777777777778,False
Rq_nm,6072,6094,4.058265686035156,1.5807923767417096,2.4774733092934467,0.0196101395008641,0.06354997573486587,0.08661366590308973,0.08186082682527489,0.3031873584490299,0.3888888888888889,0.46296296296296297,0.424312564347763,0.12962962962962962,0.20330036330916296,30.0,0.1098227750799379,0.29337868576904425,0.33849303716956197,-0.9382333134383979,0.7128437427817179,1.0,0.5,False,0.203300363309163,0.796699636690837,False
Rq_nm,6072,6095,9.07418346405029,2.9296768181027235,6.1445066459475655,0.0,0.16063534363669066,0.07379924620639079,0.12330447641566346,0.4781336549255619,0.2037037037037037,0.3888888888888889,0.2814571139550123,0.6851851851851852,0.584253167377642,28.75,0.15673572579910933,0.4347118779311313,-0.023823749493200923,-0.46802970542803113,1.0,1.0,0.7222222222222222,False,0.584253167377642,0.415746832622358,False
Rq_nm,6072,6099,9.394835472106934,3.0673936033122455,6.327441868794688,0.028560767832326306,0.09660090091494294,0.17454788860399026,0.1527006540875965,0.4295400117220054,0.6481481481481481,0.5370370370370371,0.589982678595333,0.7962962962962963,0.7447178918710555,31.0,0.07888260496990389,0.21918154106563392,0.5862477415353944,-1.3887001676210866,0.5564111711760875,1.0,0.35185185185185186,False,0.7447178918710555,0.2552821081289445,False
Rq_nm,6072,6101,0.481030598282814,2.733411459436062,2.252380861153248,0.027623033142923692,0.06520522603903177,0.11764462467951226,0.10344838355789458,0.37382634931015124,0.5370370370370371,0.9074074074074074,0.6980769194433617,0.6111111111111112,0.6328525631941738,39.25,0.1412186621259182,0.37629105550931674,-0.3416987915320835,0.6825576873465977,1.0,0.5053228801673234,0.6111111111111112,False,0.6328525631941738,0.3671474368058262,False
Rq_nm,6072,N6342,0.8041046559810638,1.8116101752427438,1.00750551926168,0.1296407110115796,0.3278249642083115,0.10703311543062542,0.23488176601522898,0.9074398288051397,0.9444444444444444,0.05555555555555555,0.2290614236454256,0.16666666666666666,0.1822653559113564,21.0,0.18459530524035023,0.5373909444980023,1.4363182247238542,0.0722035306331213,0.23780168125232404,0.9303415235410251,0.7592592592592593,False,0.1822653559113564,0.8177346440886436,False
Rq_nm,6072,N6358,0.9793977737426758,2.073355069023426,1.0939572952807501,0.028498375856450764,0.06125168984058404,0.04396645596127928,0.08659370724501485,0.2961458502805734,0.5740740740740741,0.2777777777777778,0.39933071579347823,0.3148148148148148,0.33594379005948066,27.0,0.26701892379005054,0.7239967955508051,0.5473091283515383,0.8067381737356529,0.5785043989289125,0.4463114850584807,0.8333333333333334,False,0.3359437900594806,0.6640562099405194,False
Rq_nm,6072,N6382,1.1125519275665283,0.19663914122235251,0.9159127863441758,0.01983931381253551,0.01954991759108171,0.0690308902854168,0.06831165582537396,0.24934043264521596,0.42592592592592593,0.018518518518518517,0.08881169487616147,0.018518518518518517,0.036091812607929256,19.5,0.7337130289034085,1.9601382453687652,8.30835929331884,1.2154579308544335,0.0002464480608143371,0.29657417272907644,0.9814814814814815,True,0.9814814814814815,0.01851851851851849,False
Rq_nm,6072,N6389,2.0189785957336426,2.401301527202207,0.38232293146856433,0.0,0.16076996490941226,0.07052747608723985,0.12699247122770954,0.43200464774064384,0.2037037037037037,0.09259259259259259,0.13733700902029006,0.46296296296296297,0.38155647447729474,21.5,0.28492054763428215,0.7786567923725927,0.279788139127135,2.7750117617623835,0.7559438794217731,0.06234874335425653,0.8703703703703703,False,0.3815564744772948,0.6184435255227052,False
Rq_nm,6072,N6390,1.9620892405509949,3.920728325477003,1.9586390849260082,0.07936394844918704,1.4519988434133502,0.524201977722448,1.1174587559526783,3.5876774816882877,0.7962962962962963,0.12962962962962962,0.3212842883869902,0.9074074074074074,0.7608766276523031,22.0,0.15202309296639158,0.4061266215482855,9.117811269575798,0.00584762628578062,0.00010969450648302568,0.9941694378031347,0.6851851851851852,False,0.7608766276523031,0.23912337234769687,False
Rq_nm,6078,6022,1.649340271949768,1.6166399379264818,0.032700334023286315,0.6151616035332739,0.2571233690679752,0.5337754686559762,0.43347978922681746,1.2772524260021323,0.9814814814814815,0.2777777777777778,0.5221434140693216,0.16666666666666666,0.25553585351733044,27.0,0.21865415967395851,0.6208879563883075,2.9110752737615475,53.39104546217464,0.05441718502772719,6.494766960722321e-24,0.8703703703703703,False,0.25553585351733044,0.7444641464826696,False
Rq_nm,6078,6028,5.214306831359862,2.8396639702592434,2.374642861100619,0.06307295547783065,0.1533064364187291,0.5171666178280768,0.42389961936889897,1.5647610163141907,0.6851851851851852,0.46296296296296297,0.5632187528053908,0.7222222222222222,0.6824713548680144,30.0,0.06991059007331303,0.21097378103830122,-0.6829333774434739,0.27610095587793565,1.0,0.758736328002442,0.24074074074074073,False,0.6824713548680144,0.31752864513198564,False
Rq_nm,6078,6029,2.2897632122039795,2.0155255279622755,0.274237684241704,0.0,0.35584988372432885,0.04646385945132471,0.24391423770826873,0.9567897921518047,0.16666666666666666,0.6851851851851852,0.33793125168323446,0.3148148148148148,0.3205939240319197,33.5,0.12195053510457797,0.3571964519445481,-0.7248330536540786,63.847634559096015,1.0,1.8677753023256676e-28,0.5370370370370371,False,0.3205939240319198,0.6794060759680802,False
Rq_nm,6078,6033,2.0502288341522217,1.8042510115917527,0.24597782256046896,0.09620635002962308,0.120566349315691,0.24760005177444389,0.21886170868902521,0.7072659730491817,0.7962962962962963,0.9814814814814815,0.8840532046133341,0.24074074074074073,0.4015688567088891,40.25,0.12439634011837504,0.3388321215379214,-0.5540994412096345,1.2193429088921102,1.0,0.29542422379101935,0.5740740740740741,False,0.4015688567088891,0.5984311432911109,False
Rq_nm,6078,6047,3.348536252975464,2.66363166229073,0.684904590684734,0.09251101282545049,0.0870608147648258,0.11447176664258973,0.11056721780057772,0.3994208025832613,0.7592592592592593,0.6111111111111112,0.6811694132499824,0.6111111111111112,0.628625686645829,31.5,0.034864617719880156,0.09649254946835362,-0.759002733289807,-1.456340086281389,1.0,1.0,0.16666666666666666,False,0.628625686645829,0.37137431335417104,False
Rq_nm,6078,6048,1.8154829144477844,2.2535131836618945,0.43803026921411004,0.21396892831432002,0.20020559892091622,0.3121438022711729,0.2831856142765269,0.8885173318258366,0.9444444444444444,0.3148148148148148,0.5452752542346465,0.42592592592592593,0.455763258003106,27.25,0.12501441488651488,0.34547747437855747,0.28896303888609537,-0.34346127338054894,0.7490398902397373,1.0,0.6111111111111112,False,0.455763258003106,0.544236741996894,False
Rq_nm,6078,6056,2.529426336288452,2.0901664753515217,0.4392598609369305,0.0,0.1442054833842332,0.4164660882071297,0.3761202653989535,1.1956905046787687,0.16666666666666666,0.7222222222222222,0.3469443332443555,0.35185185185185186,0.3506249721999778,34.5,0.10349482502284686,0.29040776976975846,-0.8134539424948151,-0.2898360082964959,1.0,1.0,0.5,False,0.3506249721999778,0.6493750278000222,False
Rq_nm,6078,6057,3.9545385837554927,1.447312481496884,2.507226102258609,0.0012807535162400185,0.0805723865595155,0.03722104797282806,0.06171813716658778,0.21097664687729423,0.2037037037037037,0.8703703703703703,0.4210672963297064,0.05555555555555555,0.14693349074909326,39.0,0.10260566149895171,0.2867243793182789,0.2809768082763432,0.06881625470652127,0.7550458460917674,0.9334981902195525,0.42592592592592593,False,0.14693349074909323,0.8530665092509068,False
Rq_nm,6078,6062,3.0923656225204468,3.809996651252543,0.7176310287320962,0.013498221909502117,0.48151991203783656,0.09349305454136815,0.33596233789722535,1.2482742466155519,0.3148148148148148,0.7962962962962963,0.500685401281325,0.9444444444444444,0.8335046836536645,37.5,0.33260367647062944,0.9145393102997428,-0.8835898505355033,0.2911710654248579,1.0,0.7473878148678368,0.9444444444444444,True,0.9444444444444444,0.05555555555555558,False
Rq_nm,6078,6063,5.24570107460022,2.7197150180689533,2.5259860565312664,0.0,0.4388493663928725,0.43466070635930054,0.4549449678589834,1.4264800943441873,0.16666666666666666,0.2777777777777778,0.2151657414559676,0.6851851851851852,0.5676803242528808,27.0,0.0742787147779976,0.21898728182528782,-0.28518090717465167,2.1537871792777867,1.0,0.11604384568167457,0.2777777777777778,False,0.5676803242528808,0.43231967574711916,False
Rq_nm,6078,6070,2.544952154159546,2.5722341450019988,0.027281990842452863,0.05094957006213896,0.10555458911807764,0.02931688417804916,0.07696253589237274,0.2531134189422821,0.5740740740740741,0.35185185185185186,0.4494318925745036,0.5,0.4873579731436259,27.5,0.022164525643525196,0.06923090727541659,-0.40682794101289366,-0.26685124777859176,1.0,1.0,0.05555555555555555,False,0.48735797314362594,0.5126420268563741,False
Rq_nm,6078,6072,1.470114827156067,1.5407828655411644,0.0706680383850975,0.028126130078945488,0.04339258366301529,0.09808955776874961,0.09208287455635951,0.2679281640684512,0.5,0.7962962962962963,0.6309898162000304,0.09259259259259259,0.22719189849445204,37.5,0.14159689749526772,0.39119903292510855,1.0585112236290115,0.0025148153018583314,0.3469719896965498,0.9974883441970692,0.6851851851851852,False,0.2271918984944521,0.7728081015055479,False
Rq_nm,6078,6080,3.9266197681427,2.1759845788815118,1.7506351892611884,0.0,0.07276061473392778,0.0952229802195233,0.10843559805896674,0.3265119949559785,0.16666666666666666,0.9444444444444444,0.3967460238079361,0.3888888888888889,0.3908531726186507,39.5,0.10329625146177616,0.29792270342013516,0.28127388852659324,0.5430739762039019,0.754821570198479,0.5809596485844956,0.46296296296296297,False,0.3908531726186507,0.6091468273813493,False
Rq_nm,6078,6081,0.9417254328727722,4.895798214103957,3.9540727812311847,0.010210158870119557,0.18177379829051654,0.2150635060575116,0.2303659553191752,0.751717629083398,0.2777777777777778,0.8333333333333334,0.4811252243246882,0.9814814814814815,0.8563924171922832,37.75,0.13216836550483474,0.36077740339045916,-0.565447280795498,-1.0209792141546834,1.0,1.0,0.6481481481481481,False,0.8563924171922832,0.1436075828077168,False
Rq_nm,6078,6082,1.863613247871399,2.679694463450884,0.816081215579485,0.16450998021293195,0.10407382665666395,0.4113659026677821,0.3348649747141783,1.3926925828460561,0.9074074074074074,0.6481481481481481,0.7668992311425428,0.6481481481481481,0.6778359188967468,32.0,0.09490287561659627,0.25347073811398513,0.582624282440946,-0.016752644661245753,0.5584309613982679,1.0,0.3888888888888889,False,0.6778359188967468,0.32216408110325323,False
Rq_nm,6078,6084,1.391980767250061,2.5775953777115124,1.1856146104614513,0.05594326678104089,0.20227085640617604,0.12738226476174555,0.20177492272252237,0.7395268819083194,0.6481481481481481,0.5370370370370371,0.589982678595333,0.5370370370370371,0.5502734474266111,31.0,0.023998091353440967,0.06806257271983929,-0.24829543134489843,-1.1077864472464407,1.0,1.0,0.09259259259259259,False,0.5502734474266111,0.4497265525733889,False
Rq_nm,6078,6085,2.2395859956741333,3.2672769691122476,1.0276909734381143,0.019495977512822726,0.21943271294352745,0.4550149403016315,0.397339381276036,1.518698182515919,0.35185185185185186,0.5740740740740741,0.4494318925745036,0.8703703703703703,0.7651357509214037,31.25,0.015993310105891577,0.0515067298470544,-1.5121026928834094,-0.7658537656654293,1.0,1.0,0.018518518518518517,False,0.7651357509214037,0.23486424907859627,False
Rq_nm,6078,6090,2.4095938205718994,3.3221028501692365,0.912509029597337,0.0909610881687315,0.2245344153055839,0.10364243617278154,0.17903831168095694,0.6849751769761019,0.7222222222222222,0.16666666666666666,0.3469443332443555,0.9074074074074074,0.7672916388666444,25.25,0.027336313557450316,0.0858957223975394,-0.8942452795390788,2.043435731446099,1.0,0.12958273371514936,0.12962962962962962,False,0.7672916388666444,0.23270836113335558,False
Rq_nm,6078,6094,4.058265686035156,1.6230987801148806,2.4351669059202754,0.025542360490667937,0.06422202440749683,0.09941685225063072,0.09129351980282419,0.354774122706079,0.46296296296296297,0.46296296296296297,0.46296296296296297,0.2037037037037037,0.2685185185185185,30.0,0.09248605881932907,0.2510923335562535,0.3234555950860641,-0.8545645846024064,0.7236440905625151,1.0,0.35185185185185186,False,0.2685185185185185,0.7314814814814815,False
Rq_nm,6078,6095,9.07418346405029,2.9948682590023226,6.079315205047967,0.021453966290909232,0.26168151442705684,0.09762556666150107,0.19269420905498438,0.8008097417532132,0.3888888888888889,0.3888888888888889,0.3888888888888889,0.7592592592592593,0.6666666666666666,28.75,0.15628314620265624,0.4392969679824287,-0.22341662924349245,-0.3621602826261615,1.0,1.0,0.7222222222222222,False,0.6666666666666666,0.33333333333333337,False
Rq_nm,6078,6099,9.394835472106934,3.19421520116218,6.2006202709447535,0.05414944226651519,0.12273280171221275,0.2066234532829758,0.1821475013498628,0.53776439159074,0.6111111111111112,0.5370370370370371,0.5728780851206674,0.8333333333333334,0.7682195212801668,31.0,0.08994150511624523,0.25018109949920797,0.4877667829667516,-1.1977900256331835,0.6139960506838025,1.0,0.3148148148148148,False,0.7682195212801668,0.2317804787198332,False
Rq_nm,6078,6101,0.481030598282814,2.592989269057739,2.111958670774925,0.009662090184170857,0.05340099491199829,0.12218256748816009,0.1036024672077846,0.40589694923588526,0.24074074074074073,0.9074074074074074,0.46738627644903563,0.5740740740740741,0.5474021246678145,39.25,0.16289764524347697,0.44129343618453887,-0.3771253002310881,0.7969937065461385,1.0,0.4506818113496703,0.7592592592592593,False,0.5474021246678145,0.45259787533218554,False
Rq_nm,6078,N6342,0.8041046559810638,1.5836242154512314,0.7795195594701676,0.1305604564835332,0.3244012803364936,0.09145110347560263,0.22917527320956174,0.9114318358706682,0.8703703703703703,0.05555555555555555,0.21989522383403548,0.12962962962962962,0.15219602818073108,21.0,0.18567190017466292,0.5316789139824651,1.1333799387988028,0.05763877007380285,0.3219432668722216,0.9439908836121345,0.7962962962962963,False,0.15219602818073108,0.8478039718192689,False
Rq_nm,6078,N6358,0.9793977737426758,1.968588691818238,0.9891909180755623,0.0,0.08174150071206591,0.05979460120592137,0.11718997748493437,0.38304707568293583,0.16666666666666666,0.2777777777777778,0.2151657414559676,0.2777777777777778,0.26212476869732526,27.0,0.20839445343040067,0.5585438652459098,-0.10889265933916367,0.9447974706724492,1.0,0.38875829788587296,0.8333333333333334,False,0.26212476869732526,0.7378752313026747,False
Rq_nm,6078,N6382,1.1125519275665283,0.3331698941144528,0.7793820334520756,0.033899632626787746,0.019759571618474046,0.14044477073279624,0.12155489160350735,0.4325413556268592,0.5370370370370371,0.018518518518518517,0.09972527420619452,0.018518518518518517,0.038820207440437515,19.5,0.5215767723307733,1.4010622138308477,5.4980817642701085,1.0603967921847655,0.004094618353167161,0.3463183666422458,0.9814814814814815,True,0.9814814814814815,0.01851851851851849,False
Rq_nm,6078,N6389,2.0189785957336426,2.379376256920751,0.3603976611871085,0.023314299505055924,0.06463219429251689,0.07434018960154704,0.07514892105695287,0.22674653211185092,0.42592592592592593,0.09259259259259259,0.19858898694006683,0.46296296296296297,0.3968694689572389,21.5,0.25342515997925513,0.7302840320855576,-0.008459436534859003,3.3678122214516435,1.0,0.034464956615239864,0.9074074074074074,True,0.9074074074074074,0.09259259259259256,False
Rq_nm,6078,N6390,1.9620892405509949,3.046546348205775,1.0844571076547802,0.10972824971815731,1.1875146801806502,0.44194275984093795,0.8980225797880236,2.919349398343698,0.8333333333333334,0.12962962962962962,0.32867109906108977,0.7962962962962963,0.6793899969874947,22.0,0.054466705175916376,0.14977377703063655,5.883376621334634,0.12976253825766243,0.002785364258006182,0.8783039697505434,0.2037037037037037,False,0.6793899969874947,0.3206100030125053,False
Rq_nm,6080,6022,1.649340271949768,1.2880879959837086,0.36125227596605947,1.5378260686726908,0.6047921341569362,0.8992034777954186,0.7608755391378591,2.0885060592389166,0.9814814814814815,0.2777777777777778,0.5221434140693216,0.05555555555555555,0.17220252018399707,27.0,0.17247690822587883,0.48675398403484027,4.008822316907761,52.90987313097795,0.01815476320965685,1.050833866837636e-23,0.7962962962962963,False,0.17220252018399707,0.8277974798160029,False
Rq_nm,6080,6028,5.214306831359862,2.7255655830368535,2.488741248323009,0.07460786790580043,0.07326339676671073,0.40842868569793583,0.3336864769778577,1.206734086956819,0.6481481481481481,0.46296296296296297,0.5477851651018163,0.7592592592592593,0.7063907357198985,30.0,0.026036878029968534,0.07741688301384064,-1.0425180062386625,0.22549476056975487,1.0,0.7981212421375116,0.16666666666666666,False,0.7063907357198985,0.2936092642801015,False
Rq_nm,6080,6029,2.2897632122039795,1.8049086400145589,0.48485457218942063,0.0,0.36402188806467495,0.06617321284712852,0.25252386354906625,1.0034045526531123,0.16666666666666666,0.6851851851851852,0.33793125168323446,0.24074074074074073,0.2650383684763642,33.5,0.024525893790198934,0.06837034749480908,-0.7955417706655609,73.02051664958584,1.0,1.9390658300959162e-32,0.09259259259259259,False,0.2650383684763642,0.7349616315236358,False
Rq_nm,6080,6033,2.0502288341522217,2.725214663833135,0.6749858296809133,0.0155259994335184,0.20658536018993262,0.29122733586467736,0.3148418773914413,1.279024455754276,0.3888888888888889,0.9814814814814815,0.6178084191708251,0.7222222222222222,0.6961187714593728,40.25,0.02590181203732678,0.07828278202996852,0.21468815866827692,1.5586410627271823,0.806792992354266,0.2104218270584502,0.12962962962962962,False,0.6961187714593728,0.30388122854062716,False
Rq_nm,6080,6047,3.348536252975464,2.635255034488069,0.7132812184873947,0.06006323344900899,0.05633710322686761,0.10281479332692303,0.08949189054056957,0.3342157076113028,0.5740740740740741,0.6111111111111112,0.5923031700636843,0.6111111111111112,0.6064091258492544,31.5,0.05956360272703901,0.1662522048538807,-0.8202047219346876,-1.5208150231793187,1.0,1.0,0.3148148148148148,False,0.6064091258492544,0.39359087415074556,False
Rq_nm,6080,6048,1.8154829144477844,2.4812128725545333,0.6657299581067488,0.2575883724661825,0.262388296088556,0.3913347555228412,0.3570645896514817,1.1702396829998296,0.9444444444444444,0.3148148148148148,0.5452752542346465,0.5,0.5113188135586616,27.25,0.08762790775968121,0.24682795050351902,0.4992609624458285,-0.21705973450957441,0.6069790743251272,1.0,0.46296296296296297,False,0.5113188135586616,0.4886811864413384,False
Rq_nm,6080,6056,2.529426336288452,1.9953862576997592,0.534040078588693,0.0,0.1290637287078605,0.36716677303829,0.3336058706409533,1.0675037500537303,0.16666666666666666,0.7222222222222222,0.3469443332443555,0.3148148148148148,0.3228471944222,34.5,0.0941713305042287,0.2661129645747444,-0.8167058687109635,-0.34085426709378097,1.0,1.0,0.5740740740740741,False,0.3228471944222,0.6771528055778,False
Rq_nm,6080,6057,3.9545385837554927,1.438278590839839,2.5162599929156535,0.014960706775535515,0.07108026986734435,0.03148482286612519,0.053763831508733616,0.17992063533293612,0.3148148148148148,0.8703703703703703,0.5234553342630581,0.12962962962962962,0.22808605578798674,39.0,0.09078749421777114,0.24791404966538316,-0.26267314374778783,-0.004610897689867139,1.0,1.0,0.5,False,0.22808605578798669,0.7719139442120133,False
Rq_nm,6080,6062,3.0923656225204468,3.7812597098808913,0.6888940873604446,0.015158016615575587,0.38105240550013986,0.05849139840170613,0.2633786134916955,1.0337044228906187,0.35185185185185186,0.7962962962962963,0.5293187380724612,0.9444444444444444,0.8406630178514486,37.5,0.3168382033044187,0.8837632946994848,-1.2533060795255018,0.09608371078772551,1.0,0.9083879710132409,0.9444444444444444,True,0.9444444444444444,0.05555555555555558,False
Rq_nm,6080,6063,5.24570107460022,2.686166370309847,2.559534704290373,0.0,0.436027945427117,0.39551688067096574,0.430397501699512,1.2767635923732599,0.16666666666666666,0.2777777777777778,0.2151657414559676,0.6851851851851852,0.5676803242528808,27.0,0.06413408366557008,0.1895137734880844,-0.15114124877032675,2.4141680060639517,1.0,0.08944172294505423,0.3888888888888889,False,0.5676803242528808,0.43231967574711916,False
Rq_nm,6080,6070,2.544952154159546,2.5690075473894813,0.02405539322993544,0.1422488850909973,0.1970326086048084,0.09710604372310867,0.16683277797634236,0.6439779813141704,0.8333333333333334,0.35185185185185186,0.5414885747116092,0.5370370370370371,0.5381499214556801,27.5,0.02953897382984527,0.09381739157673108,-0.4444166488582094,-0.2024928466202358,1.0,1.0,0.2037037037037037,False,0.5381499214556801,0.4618500785443199,False
Rq_nm,6080,6072,1.470114827156067,1.3620216522980857,0.1080931748579812,0.008042317062559867,0.06498591410049273,0.07405278178841536,0.0821957930205263,0.28680487983120995,0.2777777777777778,0.7962962962962963,0.470312040711122,0.09259259259259259,0.18702245462222494,37.5,0.14141618818625426,0.40241072291699753,1.3343146564744732,-0.053913894952074326,0.26333859102402596,1.0,0.7222222222222222,False,0.187022454622225,0.812977545377775,False
Rq_nm,6080,6078,1.5030123591423035,2.1948993866828213,0.6918870275405178,0.05770569014032656,0.1509082243232662,0.10929325258450116,0.13514447772764235,0.449651839728503,0.5370370370370371,0.9444444444444444,0.7121809082603485,0.3888888888888889,0.4697118937317538,39.25,0.15821300704147306,0.43412582337933303,-0.5564425968592783,0.6016323893593538,1.0,0.5479164926290843,0.7592592592592593,False,0.4697118937317538,0.5302881062682462,False
Rq_nm,6080,6081,0.9417254328727722,4.298889824028742,3.35716439115597,0.0,0.17161004410402061,0.15964608483007617,0.23949561927127963,0.8998818444751651,0.16666666666666666,0.8333333333333334,0.37267799624996495,0.9814814814814815,0.8292806101736024,37.75,0.12382994646359102,0.3485247834364269,-0.8659806133444957,-1.0957705724064797,1.0,1.0,0.6481481481481481,False,0.8292806101736024,0.17071938982639756,False
Rq_nm,6080,6082,1.863613247871399,2.146424389308556,0.28281114143715724,0.1186320230411182,0.0692452657965442,0.287317389004925,0.23546462941554075,0.9884630512670276,0.7962962962962963,0.6481481481481481,0.7184135089359563,0.35185185185185186,0.44349226612287795,32.0,0.0774049055502588,0.21094186249915758,2.1435180182181233,0.09144667026623579,0.11724165836230448,0.912609984101758,0.42592592592592593,False,0.44349226612287795,0.556507733877122,False
Rq_nm,6080,6084,1.391980767250061,2.5881201033635057,1.1961393361134447,0.08430067899161697,0.2113152443079754,0.15917726886418676,0.21611884204821485,0.7329754844242333,0.7222222222222222,0.5370370370370371,0.6227841378074163,0.5740740740740741,0.5862515900074097,31.0,0.01984463970810322,0.05631851052788317,-0.3984699064087986,-1.231134586507266,1.0,1.0,0.018518518518518517,False,0.5862515900074097,0.4137484099925903,False
Rq_nm,6080,6085,2.2395859956741333,3.1860427175901007,0.9464567219159674,0.07490728073637865,0.1775198868272087,0.42121625808122287,0.36203897502745475,1.4207010832484652,0.6851851851851852,0.5740740740740741,0.6271738600694852,0.8333333333333334,0.7817934650173712,31.25,0.03546816204619346,0.10491981386089444,-1.8352715106110284,-0.5397509504664963,1.0,1.0,0.24074074074074073,False,0.7817934650173712,0.21820653498262876,False
Rq_nm,6080,6090,2.4095938205718994,3.199387343792611,0.7897935232207116,0.09061299798611433,0.3547688744565743,0.10684133814794299,0.27210987342932463,1.0190415389236924,0.7592592592592593,0.16666666666666666,0.35572912430182496,0.8703703703703703,0.741710058853234,25.25,0.022935301852720982,0.06867773915198794,-0.8031010476877543,1.2289240289501078,1.0,0.2926072452888027,0.05555555555555555,False,0.741710058853234,0.25828994114676596,False
Rq_nm,6080,6094,4.058265686035156,1.53630000125407,2.5219656847810863,0.006202359209851238,0.09712471619896781,0.12112961452848797,0.12077199163764474,0.430795707224477,0.24074074074074073,0.46296296296296297,0.33384734032073976,0.16666666666666666,0.20846183508018495,30.0,0.06403443439223463,0.18049471732132422,-0.1606130175252218,-0.8939862721086782,1.0,1.0,0.35185185185185186,False,0.208461835080185,0.791538164919815,False
Rq_nm,6080,6095,9.07418346405029,2.952706888942492,6.121476575107797,0.017772968521125865,0.20773288324912756,0.08674944895998898,0.15859467997948282,0.6354237755380296,0.42592592592592593,0.3888888888888889,0.4069863143673317,0.7962962962962963,0.6989688008140551,28.75,0.13532895736778988,0.3766829154909126,-0.009709299701405733,-0.2883558677331989,1.0,1.0,0.6851851851851852,False,0.6989688008140551,0.3010311991859449,False
Rq_nm,6080,6099,9.394835472106934,3.313703540154311,6.081131931952623,0.14289525023566174,0.1589638266250195,0.297483281409118,0.2545161228256411,0.8782088325730988,0.8703703703703703,0.5370370370370371,0.6836820348879531,0.9074074074074074,0.8514760642775439,31.0,0.11919305618412815,0.3281541627045912,0.830988618512122,-1.058375768728243,0.43561841294467235,1.0,0.6111111111111112,False,0.8514760642775439,0.14852393572245615,False
Rq_nm,6080,6101,0.481030598282814,2.650767280836478,2.169736682553664,0.05079731079255678,0.042015869267927206,0.11298785059587614,0.09442300641005323,0.38327951964514106,0.5,0.9444444444444444,0.6871842709362768,0.6481481481481481,0.6579071788451802,39.25,0.09329899349799302,0.2546617069719923,-0.6565488596299761,0.7133232803283905,1.0,0.4900130378724985,0.5370370370370371,False,0.6579071788451802,0.34209282115481976,False
Rq_nm,6080,N6342,0.8041046559810638,1.6495583458893808,0.8454536899083169,0.06416118646744828,0.16115062905979455,0.06551189862243359,0.1189973342004355,0.4004185967991105,0.6111111111111112,0.05555555555555555,0.1842569327975222,0.2037037037037037,0.1988420109771583,21.0,0.21069660733602677,0.5997076858415485,1.3753447777851733,0.07242526528334707,0.2527524373549129,0.9301352574577263,0.8333333333333334,False,0.19884201097715826,0.8011579890228417,False
Rq_nm,6080,N6358,0.9793977737426758,1.9119493280903035,0.9325515543476277,0.0,0.10840803835135092,0.06838064355005269,0.13749708114031822,0.5051840744609903,0.16666666666666666,0.2777777777777778,0.2151657414559676,0.2777777777777778,0.26212476869732526,27.0,0.2901824175733035,0.7804924439796842,0.2773490944719218,1.0886526011589353,0.7577899106616719,0.3366698167555926,0.9074074074074074,True,0.9074074074074074,0.09259259259259256,False
Rq_nm,6080,N6382,1.1125519275665283,0.2602735732992481,0.8522783542672803,0.024380367345987253,0.020051483968058757,0.09547921843222879,0.08952693468893642,0.3302081979362297,0.46296296296296297,0.018518518518518517,0.09259259259259259,0.018518518518518517,0.037037037037037035,19.5,0.6469777757515108,1.731420364096583,7.282622979789922,1.1006393270479966,0.0006873802126224779,0.3326583382249895,0.9814814814814815,True,0.9814814814814815,0.01851851851851849,False
Rq_nm,6080,N6389,2.0189785957336426,2.271448095035396,0.25246949930175333,0.00038468652929690705,0.12750940338063488,0.08167622497085777,0.11362730507112977,0.3924754316351877,0.2037037037037037,0.09259259259259259,0.13733700902029006,0.42592592592592593,0.35377869669951695,21.5,0.22115670229446083,0.6304071060756772,0.3764541262114092,3.0952522862869736,0.6862905997145468,0.04526359163618784,0.8703703703703703,False,0.3537786966995169,0.6462213033004831,False
Rq_nm,6080,N6390,1.9620892405509949,2.3125763174083778,0.3504870768573829,0.1432064840042142,1.0536582537679893,0.39480225069790365,0.7788849160974634,2.5081422058411134,0.9074074074074074,0.12962962962962962,0.3429677625454099,0.46296296296296297,0.4329641628585747,22.0,0.037681692051086256,0.11257403795147858,8.54628294633188,0.24505166335775663,0.0001942658557953009,0.7826641021418326,0.2777777777777778,False,0.43296416285857475,0.5670358371414252,False
Rq_nm,6081,6022,1.649340271949768,0.7127024579648422,0.9366378139849258,1.4143961418408577,0.5837979215593417,0.991533523496262,0.8137995713650212,2.2036281395302533,0.9814814814814815,0.2777777777777778,0.5221434140693216,0.05555555555555555,0.17220252018399707,27.0,0.42738382450820855,1.1358484780988147,3.0484656796445275,68.14381185313657,0.04743164392611291,2.544008372844198e-30,0.9814814814814815,True,0.9814814814814815,0.01851851851851849,False
Rq_nm,6081,6028,5.214306831359862,2.7766095646592848,2.4376972667005776,0.06400580746234841,0.10899580187375987,0.5725360525694468,0.46498882580557604,1.7856105005769556,0.5740740740740741,0.46296296296296297,0.5155337372990761,0.6481481481481481,0.6149945454358802,30.0,0.028477868319758445,0.0901449404586957,-0.8726322579174841,0.24147317072993588,1.0,0.7854698770897528,0.12962962962962962,False,0.6149945454358802,0.38500545456411983,False
Rq_nm,6081,6029,2.2897632122039795,2.0482805546068987,0.24148265759708076,0.039254759804521644,0.2474889000114201,0.049833544977771364,0.17145377631599923,0.6803591265298374,0.42592592592592593,0.6851851851851852,0.5402204498449934,0.3148148148148148,0.37116622357235945,33.5,0.011549226018128399,0.03632828709368596,-0.9437433297928838,75.0105426749781,1.0,2.650545303739532e-33,0.018518518518518517,False,0.3711662235723594,0.6288337764276406,False
Rq_nm,6081,6033,2.0502288341522217,2.201421559483639,0.15119272533141714,0.05523252355653607,0.1524640331204933,0.25826899295579814,0.2288774523534456,0.7852370347047612,0.5370370370370371,0.9814814814814815,0.7260109549597281,0.3888888888888889,0.4731694054065987,40.25,0.1555559910978531,0.4253885506408349,-0.05750868725099137,1.4364372623092265,1.0,0.237773375599142,0.6481481481481481,False,0.4731694054065987,0.5268305945934013,False
Rq_nm,6081,6047,3.348536252975464,3.0156159030426033,0.33292034993286057,0.031667554701878764,0.12999268334518918,0.10324904813480867,0.15084705839224558,0.625116824062494,0.3888888888888889,0.6111111111111112,0.48749802152178456,0.7222222222222222,0.6635411720471127,31.5,0.05874721342655626,0.16633609477374867,-0.9579070616538473,-1.6635138224096697,1.0,1.0,0.35185185185185186,False,0.6635411720471127,0.3364588279528873,False
Rq_nm,6081,6048,1.8154829144477844,2.0116615686198394,0.19617865417205493,0.12624700016750046,0.17802929482102783,0.3031374241476782,0.2696094270977951,0.8572224634708432,0.9074074074074074,0.3148148148148148,0.5344766551726597,0.24074074074074073,0.3141747193487205,27.25,0.18962764665308415,0.507640326488655,0.15459609999857568,-0.3745488189396558,0.8567611534401602,1.0,0.7592592592592593,False,0.31417471934872054,0.6858252806512795,False
Rq_nm,6081,6056,2.529426336288452,2.1233970137744707,0.4060293225139815,0.0,0.13491540534573118,0.4493530245946712,0.3960825118908447,1.337739363079815,0.12962962962962962,0.7222222222222222,0.30597614151589453,0.35185185185185186,0.34038292426786254,34.5,0.08615198823438223,0.24887844361671652,-1.1807133888272963,-0.5374443323597203,1.0,1.0,0.46296296296296297,False,0.34038292426786254,0.6596170757321375,False
Rq_nm,6081,6057,3.9545385837554927,1.684690997127691,2.269847586627802,0.04467508070652215,0.12956660035995912,0.06459765542489114,0.1004823354969204,0.32900094606398333,0.46296296296296297,0.8333333333333334,0.6211299937499416,0.16666666666666666,0.28028249843748543,39.0,0.04986993252753416,0.1369947229124724,-0.17397865965005277,-0.0046701930496834574,1.0,1.0,0.24074074074074073,False,0.28028249843748543,0.7197175015625146,False
Rq_nm,6081,6062,3.0923656225204468,3.8923241914125524,0.7999585688921056,0.026134216768818774,0.5913518136268154,0.11127349011407152,0.4109264487241107,1.5416997190428732,0.35185185185185186,0.7962962962962963,0.5293187380724612,0.9444444444444444,0.8406630178514486,37.5,0.28137117499718495,0.7866171215026994,-1.06105739120335,-0.0701078524488477,1.0,1.0,0.8333333333333334,False,0.8406630178514486,0.1593369821485514,False
Rq_nm,6081,6063,5.24570107460022,3.497875612994185,1.747825461606035,0.0684294953167659,0.3579984943777568,0.5276065787299045,0.4838705777879249,1.66220907337547,0.6111111111111112,0.2777777777777778,0.4120110270608702,0.8703703703703703,0.7557805345429953,27.0,0.024563403590576762,0.07018837529066313,-0.4976708546387713,2.475729434988042,1.0,0.08410162121260374,0.09259259259259259,False,0.7557805345429953,0.24421946545700468,False
Rq_nm,6081,6070,2.544952154159546,2.5262508199890084,0.018701334170537542,0.0745237782015753,0.13038529502868257,0.04061519095728815,0.09545010292215003,0.3571192459567616,0.6481481481481481,0.35185185185185186,0.4775480354899121,0.5740740740740741,0.5499425644280336,27.5,0.061887666304010755,0.18639284023506086,-0.6253205957401193,-0.2824708892669994,1.0,1.0,0.3888888888888889,False,0.5499425644280336,0.4500574355719664,False
Rq_nm,6081,6072,1.470114827156067,1.670758190750982,0.2006433635949152,0.009741280067695035,0.11543106229747213,0.12839842101661683,0.14185551825633028,0.5025149018530017,0.2037037037037037,0.7962962962962963,0.40275116983206566,0.12962962962962962,0.1979100146802386,37.5,0.1488059676434295,0.41463333993607804,0.9674116931655397,-0.10271902894368155,0.38006549221961944,1.0,0.6111111111111112,False,0.1979100146802386,0.8020899853197614,False
Rq_nm,6081,6078,1.5030123591423035,3.1524827753040405,1.649470416161737,0.017282306751920995,0.04734067366497773,0.07082198972997802,0.06484359528877207,0.22055776845777242,0.2777777777777778,0.9074074074074074,0.5020533967305911,0.7592592592592593,0.6949577936270922,39.25,0.043280293212103055,0.12039171544301874,-0.4296227308841329,0.8396715455853714,1.0,0.43185234394585403,0.2037037037037037,False,0.6949577936270922,0.3050422063729078,False
Rq_nm,6081,6080,3.9266197681427,2.274833943131092,1.6517858250116082,0.0,0.10231549955931217,0.18400375377070738,0.1757477958130021,0.47902721678419624,0.12962962962962962,0.9444444444444444,0.3498971042165034,0.42592592592592593,0.40691872049857025,39.5,0.051212282856011766,0.1611118851899559,0.5860078780346565,0.653708082363336,0.5565446499151544,0.5201135726233603,0.2777777777777778,False,0.40691872049857025,0.5930812795014297,False
Rq_nm,6081,6082,1.863613247871399,2.380708075412041,0.517094827540642,0.16414104265737173,0.15196329973778883,0.3968732608218453,0.3311577943931161,1.3195667019515493,0.9444444444444444,0.6481481481481481,0.78239371015843,0.5,0.5705984275396074,32.0,0.09001369413480631,0.24188237732149898,0.698680617875776,-0.010898193792918228,0.4972409219747333,1.0,0.5,False,0.5705984275396074,0.42940157246039257,False
Rq_nm,6081,6084,1.391980767250061,2.891975529600831,1.4999947623507701,0.10436389920342926,0.23384485036775907,0.19433853724974906,0.2562394524705258,0.9321050471452934,0.7962962962962963,0.5370370370370371,0.6539423549262806,0.6851851851851852,0.6773744776204591,31.0,0.035956029407228675,0.11445598484048025,-0.24934935584147616,-1.3173153460448084,1.0,1.0,0.16666666666666666,False,0.6773744776204591,0.3226255223795409,False
Rq_nm,6081,6085,2.2395859956741333,3.4168104827590597,1.1772244870849264,0.09678281531064892,0.23663663733686088,0.5590127276625686,0.48096868838257656,1.9184403188860193,0.7222222222222222,0.5740740740740741,0.6439014315079151,0.8333333333333334,0.7859753578769788,31.25,0.017592608025306114,0.04852771629587482,-1.3762556200154474,-0.7911552927626685,1.0,1.0,0.05555555555555555,False,0.7859753578769788,0.2140246421230212,False
Rq_nm,6081,6090,2.4095938205718994,4.377338928497737,1.967745107925838,0.08148598891272485,0.2404810271329025,0.18061179451540274,0.22039310508950297,0.8698763848657003,0.6851851851851852,0.16666666666666666,0.33793125168323446,0.9814814814814815,0.8205939240319198,25.25,0.14873187473848343,0.4154996223302876,-0.5754667836486274,1.4598909520588232,1.0,0.23226160099824827,0.5740740740740741,False,0.8205939240319198,0.17940607596808023,False
Rq_nm,6081,6094,4.058265686035156,1.9546460655614952,2.103619620473661,0.02226640066090435,0.16915901777867148,0.38152328469870606,0.33296890468541895,1.2345313102144608,0.3148148148148148,0.46296296296296297,0.38176903940904267,0.2037037037037037,0.24822003763003841,30.0,0.05381067929895757,0.14593453887686303,-0.41230471056304946,-1.0457352240243598,1.0,1.0,0.3148148148148148,False,0.24822003763003841,0.7517799623699616,False
Rq_nm,6081,6095,9.07418346405029,3.5233597042944687,5.55082375975582,0.0,0.11146114998655547,0.09532105733018258,0.11209369192195874,0.32224403474815055,0.12962962962962962,0.3888888888888889,0.22452510468485445,0.9074074074074074,0.7366868317267692,28.75,0.1919134495674026,0.5259970611913206,-0.23879079774618356,-0.414800607053319,1.0,1.0,0.7962962962962963,False,0.7366868317267692,0.2633131682732308,False
Rq_nm,6081,6099,9.394835472106934,3.23353971562136,6.161295756485574,0.012963791310181882,0.07554452248469548,0.18703371207807234,0.16177292030651602,0.5031649604995438,0.24074074074074073,0.5370370370370371,0.3595645896101407,0.7962962962962963,0.6871133696247573,31.0,0.07796173006184264,0.21968481679991303,-0.09627482831880724,-1.3253735586932502,1.0,1.0,0.42592592592592593,False,0.6871133696247573,0.31288663037524267,False
Rq_nm,6081,6101,0.481030598282814,2.4266532736631796,1.9456226753803656,0.008720052809171097,0.06461868396937176,0.14977906902684232,0.12717666151506285,0.49171025658056955,0.16666666666666666,0.9074074074074074,0.3888888888888889,0.5370370370370371,0.5,39.25,0.1747955133658973,0.46395780258983244,-0.5315045426663222,0.6618146313192861,1.0,0.5159142903246939,0.6851851851851852,False,0.5,0.5,False
Rq_nm,6081,N6342,0.8041046559810638,1.2373253497424233,0.4332206937613594,0.11253689086512142,0.3416310847462238,0.08496839266165988,0.24056460330212112,0.9616516191291193,0.8333333333333334,0.05555555555555555,0.2151657414559676,0.09259259259259259,0.12323587980843634,21.0,0.31178606051046515,0.882652052817748,1.858126158986904,0.05950139147106448,0.15596460960329536,0.9422342224986613,0.8703703703703703,False,0.12323587980843631,0.8767641201915637,False
Rq_nm,6081,N6358,0.9793977737426758,2.3226722161362967,1.343274442393621,0.0,0.15661664386146648,0.07389058879078002,0.17125626308156638,0.644305971043106,0.12962962962962962,0.2777777777777778,0.18975834751777035,0.46296296296296297,0.3946618091016648,27.0,0.18719164547373038,0.5168829063627065,0.11060378695634279,1.139447155420823,0.8952934055897888,0.3199958809121244,0.7222222222222222,False,0.3946618091016648,0.6053381908983352,False
Rq_nm,6081,N6382,1.1125519275665283,0.6664770149485698,0.4460749126179585,0.10076308353813002,0.05675687513522413,0.5833466149853115,0.47331527301506215,1.7793273865246009,0.7592592592592593,0.018518518518518517,0.11857637476727498,0.018518518518518517,0.04353298258070763,19.5,0.3797736931720359,1.029277147699288,3.2547431954917876,1.2425869138920311,0.03859072966433453,0.28863657334856235,0.9444444444444444,True,0.9444444444444444,0.05555555555555558,False
Rq_nm,6081,N6389,2.0189785957336426,2.559155099415926,0.5401765036822832,0.04591173273536642,0.06676634643431827,0.07765056709239301,0.10324622330881539,0.36061541553632903,0.5,0.09259259259259259,0.2151657414559676,0.6111111111111112,0.5121247686973253,21.5,0.31745926613579334,0.876618551067363,0.03300614109131855,3.2303075145073104,0.9675326178646277,0.03954533615383751,0.9074074074074074,True,0.9074074074074074,0.09259259259259256,False
Rq_nm,6081,N6390,1.9620892405509949,2.021601505574851,0.05951226502385598,0.12140675646792487,0.9310880430062056,0.36827145817061807,0.6969730312301348,2.199842485935801,0.8703703703703703,0.12962962962962962,0.33589550272624175,0.2777777777777778,0.29230720901489377,22.0,0.0996409183670535,0.28137250972421823,7.146714293665457,0.10884012277434785,0.0007874471554823581,0.8968737957306946,0.5370370370370371,False,0.2923072090148937,0.7076927909851063,False
Rq_nm,6082,6022,1.649340271949768,0.7899926686126997,0.8593476033370684,1.1805800111359295,0.48634614600001014,0.8416985762340601,0.6875314671601946,1.955015263254033,0.9814814814814815,0.2777777777777778,0.5221434140693216,0.05555555555555555,0.17220252018399707,27.0,0.3939840883760373,1.0506426119435512,4.3385342838766885,42.31137613004854,0.013055650063203273,4.2111704969816038e-19,0.9444444444444444,True,0.9444444444444444,0.05555555555555558,False
Rq_nm,6082,6028,5.214306831359862,2.968490380302735,2.2458164510571272,0.10280337418673291,0.15989405236268187,0.509969256597812,0.41937776969105867,1.556246416648877,0.6851851851851852,0.46296296296296297,0.5632187528053908,0.7222222222222222,0.6824713548680144,30.0,0.0847789468232367,0.24782168035464702,-0.9105655093825961,0.2449233484932293,1.0,0.7827645360235115,0.42592592592592593,False,0.6824713548680144,0.31752864513198564,False
Rq_nm,6082,6029,2.2897632122039795,1.8445838872407367,0.44517932496324275,0.0,0.3193063954846201,0.07597041474570453,0.22627097145083377,0.8660815786024356,0.24074074074074073,0.6481481481481481,0.39501350014262115,0.2037037037037037,0.2515311528134331,33.5,0.017255093392899684,0.05407079724489161,-0.791937669438978,57.239023483384294,1.0,1.3848666334527322e-25,0.05555555555555555,False,0.2515311528134331,0.7484688471865669,False
Rq_nm,6082,6033,2.0502288341522217,2.83644983397313,0.7862209998209084,0.0,0.24397948980814502,0.3104176647064494,0.347412205766776,1.4215650179002934,0.24074074074074073,0.9814814814814815,0.4860890647558032,0.6111111111111112,0.5798555995222842,40.25,0.007324267650674,0.0222773340229534,0.3081742761417603,1.1556063021627179,0.7347872509627651,0.3148665747336463,0.018518518518518517,False,0.5798555995222842,0.42014440047771584,False
Rq_nm,6082,6047,3.348536252975464,2.7782758512268,0.5702604017486639,0.11105840766990882,0.08953420305454259,0.11561134082408059,0.10886506100612552,0.36839032361122737,0.7962962962962963,0.6111111111111112,0.6975854889569394,0.5740740740740741,0.6049519277947905,31.5,0.05733033743663096,0.15956997572131904,-0.8134478414385643,-1.6760349618844157,1.0,1.0,0.24074074074074073,False,0.6049519277947905,0.39504807220520954,False
Rq_nm,6082,6048,1.8154829144477844,2.571470211499921,0.7559872970521364,0.23509454619055292,0.366547542268008,0.4333744589606474,0.42223712310522105,1.3475954530422567,0.9444444444444444,0.3148148148148148,0.5452752542346465,0.5,0.5113188135586616,27.25,0.09900555588557006,0.2791122847912817,0.6145663066199769,-0.21412518358829896,0.540875418538492,1.0,0.5,False,0.5113188135586616,0.4886811864413384,False
Rq_nm,6082,6056,2.529426336288452,2.0583754493184685,0.47105088696998365,0.0,0.14349265149962354,0.37744767396155926,0.34564344115881357,1.078954687891535,0.24074074074074073,0.6851851851851852,0.4061428185085427,0.35185185185185186,0.3654245935160246,34.5,0.09046107721877673,0.2595540041597527,-0.7671558364789807,-0.4208740955485574,1.0,1.0,0.46296296296296297,False,0.3654245935160245,0.6345754064839755,False
Rq_nm,6082,6057,3.9545385837554927,1.4183425521665356,2.536196031588957,0.0,0.07986147324810582,0.03256337396184012,0.0597942346470452,0.21141965096731385,0.24074074074074073,0.8333333333333334,0.4479032082388083,0.09259259259259259,0.1814202465041465,39.0,0.0843071303908334,0.23562854143808304,-0.30464128821129527,-0.11048102825319427,1.0,1.0,0.35185185185185186,False,0.18142024650414657,0.8185797534958534,False
Rq_nm,6082,6062,3.0923656225204468,3.8949029964056234,0.8025373738851767,0.048184820993412814,0.4683745592553253,0.06737039433447778,0.3203543168451039,1.2836102501892048,0.5740740740740741,0.7592592592592593,0.6602053137028107,0.9444444444444444,0.873384661759036,37.5,0.31120412313167295,0.8608169550381777,-1.195491899889652,-0.02586331427551639,1.0,1.0,0.9074074074074074,True,0.9074074074074074,0.09259259259259256,False
Rq_nm,6082,6063,5.24570107460022,2.89795138968708,2.34774968491314,0.0,0.49285430466952007,0.4266634860648763,0.47495033333449166,1.4235401763533466,0.24074074074074073,0.2777777777777778,0.258597037847573,0.6481481481481481,0.5507603705730043,27.0,0.059717990701099476,0.17994423202061682,-0.14724282592941143,2.338707556913973,1.0,0.09645221670847218,0.2777777777777778,False,0.5507603705730043,0.4492396294269957,False
Rq_nm,6082,6070,2.544952154159546,2.527464036463606,0.01748811769593983,0.1549715873678692,0.21554296073778245,0.10249014634010242,0.18826990551242173,0.6664919908469651,0.9074074074074074,0.35185185185185186,0.5650424556441614,0.42592592592592593,0.4607050583554848,27.5,0.02922402012882859,0.09301121920967026,-0.35626424064332884,-0.15413097272886667,1.0,1.0,0.09259259259259259,False,0.4607050583554848,0.5392949416445152,False
Rq_nm,6082,6072,1.470114827156067,1.6045173328548674,0.13440250569880052,0.029972587563327435,0.07273547625189403,0.09663426954517768,0.10462809151603929,0.3651818979540271,0.46296296296296297,0.7592592592592593,0.5928818738363749,0.16666666666666666,0.27322046845909376,37.5,0.14891245270549194,0.40662435762616383,1.3041043136684012,-0.05942944359570959,0.27141552938585456,1.0,0.6481481481481481,False,0.27322046845909376,0.7267795315409062,False
Rq_nm,6082,6078,1.5030123591423035,1.9264649070737336,0.42345254793143017,0.03160243608953972,0.030848818909977503,0.11565778185530495,0.09846782201986116,0.3186171217489573,0.5,0.9074074074074074,0.6735753140545634,0.2777777777777778,0.3767271618469742,39.25,0.21995660160013839,0.5996913726401446,-0.7331508977954213,0.9937226888917985,1.0,0.3701959981414687,0.7962962962962963,False,0.3767271618469742,0.6232728381530258,False
Rq_nm,6082,6080,3.9266197681427,2.543039487471188,1.383580280671512,0.021103666370569485,0.0952161480070525,0.1540953091656715,0.1375010643011903,0.4020266378843118,0.3888888888888889,0.9444444444444444,0.6060395619242064,0.46296296296296297,0.4987321127032738,39.5,0.16640980913538236,0.4661815087765395,1.2175899769321132,0.5402973002213881,0.29594253650539976,0.5825750269408011,0.7222222222222222,False,0.4987321127032738,0.5012678872967262,False
Rq_nm,6082,6081,0.9417254328727722,4.415760567945348,3.474035135072576,0.007614028009151674,0.20145283638535294,0.16828827827385703,0.27148802625659807,1.0279334984219828,0.2777777777777778,0.7962962962962963,0.470312040711122,0.9814814814814815,0.8536891212888916,37.75,0.0844385119490297,0.23865506787198099,-0.8916103591714583,-0.8149865576093009,1.0,1.0,0.3888888888888889,False,0.8536891212888916,0.14631087871110837,False
Rq_nm,6082,6084,1.391980767250061,3.0082662929257387,1.6162855256756776,0.05702539216891678,0.3159966673020235,0.2118348247316116,0.29972539879847593,1.024976510808055,0.6111111111111112,0.5370370370370371,0.5728780851206674,0.7592592592592593,0.7126639657246112,31.0,0.04964245238313652,0.15729540001396614,-0.4002768371735022,-1.322575991261751,1.0,1.0,0.2037037037037037,False,0.7126639657246112,0.2873360342753888,False
Rq_nm,6082,6085,2.2395859956741333,3.584888713640218,1.3453027179660846,0.020342039398238754,0.32236012046831025,0.5656098290016487,0.505345179382311,1.8420081160451311,0.35185185185185186,0.5740740740740741,0.4494318925745036,0.9074074074074074,0.7929135286991815,31.25,0.04057862803950703,0.1213282974106904,-1.7861320954689541,-0.683121577524391,1.0,1.0,0.12962962962962962,False,0.7929135286991815,0.20708647130081848,False
Rq_nm,6082,6090,2.4095938205718994,3.304956194496121,0.8953623739242218,0.10326837674182787,0.3647886525685161,0.10657692860020068,0.2794940127647196,1.0414135734385663,0.7222222222222222,0.16666666666666666,0.3469443332443555,0.8333333333333334,0.7117360833110888,25.25,0.045347772272500766,0.13097281367346902,-0.7484560327849068,1.6930046582350462,1.0,0.18396593797057728,0.16666666666666666,False,0.7117360833110888,0.28826391668891116,False
Rq_nm,6082,6094,4.058265686035156,1.533323886436395,2.5249417995987615,0.0,0.11118439177416117,0.12529290926400877,0.13200154608544912,0.464110424673879,0.24074074074074073,0.46296296296296297,0.33384734032073976,0.12962962962962962,0.18068405730240716,30.0,0.10292780774225138,0.27731039149832193,-0.028888865010058204,-0.8581013850019401,1.0,1.0,0.5370370370370371,False,0.1806840573024071,0.8193159426975929,False
Rq_nm,6082,6095,9.07418346405029,3.209852733318034,5.864330730732256,0.00803878853443507,0.31718457447771453,0.10879781655775378,0.23420380950514347,0.9655275576368543,0.3148148148148148,0.3888888888888889,0.34989710421650344,0.7962962962962963,0.684696498276348,28.75,0.17565801851912344,0.4871120887502516,0.06328152485369637,-0.40939288137179436,0.9386791749701484,1.0,0.7592592592592593,False,0.684696498276348,0.31530350172365196,False
Rq_nm,6082,6099,9.394835472106934,3.3144425067138994,6.080392965393035,0.14716272462207192,0.1446191709678088,0.2987067819437831,0.25195043628480324,0.8710020888566432,0.8333333333333334,0.5370370370370371,0.668977476599572,0.8703703703703703,0.8200221469276707,31.0,0.1090346833849951,0.3024127130684241,0.8574650404428208,-1.1832070532206023,0.42423614185614134,1.0,0.5740740740740741,False,0.8200221469276707,0.17997785307232927,False
Rq_nm,6082,6101,0.481030598282814,2.603165256799177,2.122134658516363,0.07424730007580305,0.066522753818742,0.09044060467240572,0.0840498009927857,0.28924233084849993,0.6481481481481481,0.9074074074074074,0.7668992311425428,0.5370370370370371,0.5945025855634135,39.25,0.1482320410076966,0.40085494308509206,-0.6075502478350545,0.7765265178104714,1.0,0.4600010449779084,0.6111111111111112,False,0.5945025855634135,0.4054974144365865,False
Rq_nm,6082,N6342,0.8041046559810638,1.9434476964251874,1.1393430404441236,0.10873969804001349,0.1782349849138937,0.08188356077858074,0.13397820366086174,0.4474141651667112,0.7592592592592593,0.05555555555555555,0.20538030567424848,0.3148148148148148,0.2874561875296732,21.0,0.15134263986671687,0.44119659154177726,1.6269455364079644,0.18368829997138025,0.19652894879573388,0.8321951586588887,0.6851851851851852,False,0.2874561875296733,0.7125438124703267,False
Rq_nm,6082,N6358,0.9793977737426758,1.873846192816247,0.8944484190735713,0.0,0.0963241226602861,0.06422984942055798,0.1308435511208308,0.4561570426076351,0.24074074074074073,0.2777777777777778,0.258597037847573,0.24074074074074073,0.24520481501744879,27.0,0.25570132432410375,0.6838036139578167,0.3529407141724034,0.7389324669810247,0.7026188474823383,0.47762352234232314,0.8333333333333334,False,0.24520481501744884,0.7547951849825512,False
Rq_nm,6082,N6382,1.1125519275665283,0.22165849464270096,0.8908934329238274,0.022574012819467137,0.020012684179519045,0.08065978130273184,0.07690165467583213,0.28614025584130354,0.42592592592592593,0.018518518518518517,0.08881169487616147,0.018518518518518517,0.036091812607929256,19.5,0.6968028785984134,1.8592508341368965,8.638358337192523,1.1264234143507024,0.00017717752938171933,0.3241906811118751,0.9814814814814815,True,0.9814814814814815,0.01851851851851849,False
Rq_nm,6082,N6389,2.0189785957336426,2.38770504911993,0.3687264533862873,0.041626404203789935,0.06738749255646544,0.053299803237794666,0.0779421524150769,0.29686496221782877,0.5370370370370371,0.09259259259259259,0.2229924921998573,0.3888888888888889,0.34741478971663103,21.5,0.2781788992260833,0.7732473171350173,0.23019334205401268,3.2765647958688913,0.7943800005939767,0.037757739823371,0.8703703703703703,False,0.3474147897166311,0.6525852102833689,False
Rq_nm,6082,N6390,1.9620892405509949,2.9296352898467224,0.9675460492957275,0.15161972239900834,1.2373054689071727,0.46911585582819154,0.9293625440654649,3.0405841796921855,0.8703703703703703,0.12962962962962962,0.33589550272624175,0.6851851851851852,0.5978627645704494,22.0,0.06325040353134963,0.16827760344715847,9.263100480527127,-0.054229418349135854,9.486075480285727e-05,1.0,0.3148148148148148,False,0.5978627645704494,0.4021372354295506,False
Rq_nm,6084,6022,1.649340271949768,1.3679506255860758,0.28138964636369224,0.9327691593819707,0.35083598279813166,0.6930678695661671,0.5593837812727742,1.6915831235236298,0.9814814814814815,0.2777777777777778,0.5221434140693216,0.05555555555555555,0.17220252018399707,27.0,0.23838726805826102,0.6456161860052783,4.2677572866645,59.03637897886616,0.014013175473700127,2.2952308782081162e-26,0.8333333333333334,False,0.17220252018399707,0.8277974798160029,False
Rq_nm,6084,6028,5.214306831359862,2.9815447553758325,2.23276207598403,0.08093893652106443,0.17791782823530414,0.533961222961792,0.4413603336749749,1.6125920296455831,0.6851851851851852,0.46296296296296297,0.5632187528053908,0.7222222222222222,0.6824713548680144,30.0,0.08353777571960053,0.24789811254202399,-0.7543345876033277,0.2628229737623042,1.0,0.7688779968432391,0.3888888888888889,False,0.6824713548680144,0.31752864513198564,False
Rq_nm,6084,6029,2.2897632122039795,1.986015477872111,0.3037477343318684,0.0,0.29543073115092544,0.04744752130532507,0.20367616931259794,0.779950263113034,0.24074074074074073,0.6481481481481481,0.39501350014262115,0.3148148148148148,0.3348644861467664,33.5,0.07062867485535641,0.20489889500253172,-0.8715301082510087,82.87735396668212,1.0,1.0158334221154869e-36,0.2777777777777778,False,0.33486448614676645,0.6651355138532336,False
Rq_nm,6084,6033,2.0502288341522217,2.3062490187162314,0.25602018456400977,0.03804993139223534,0.20728924546195215,0.220242630259459,0.2308204016618227,0.8661141247971944,0.5370370370370371,0.9814814814814815,0.7260109549597281,0.42592592592592593,0.5009471831843765,40.25,0.08321068806471163,0.2211042378077347,-0.19302714969196014,1.446995636068317,1.0,0.23527608230724348,0.35185185185185186,False,0.5009471831843765,0.4990528168156235,False
Rq_nm,6084,6047,3.348536252975464,2.9476538446701155,0.4008824083053484,0.09159249378583745,0.0997314862644036,0.10214943978748674,0.11078875708333076,0.4199745561119146,0.7222222222222222,0.5740740740740741,0.6439014315079151,0.6851851851851852,0.6748642467658678,31.5,0.06744959685470374,0.18824065161246084,-0.809379253522602,-1.3101022238581062,1.0,1.0,0.2037037037037037,False,0.6748642467658678,0.32513575323413224,False
Rq_nm,6084,6048,1.8154829144477844,2.36220050134914,0.5467175869013556,0.2720723499255011,0.22490393553222768,0.3460707737948727,0.3138334402358502,1.0211518680549494,0.9444444444444444,0.3148148148148148,0.5452752542346465,0.46296296296296297,0.4835410357808838,27.25,0.11288887181674241,0.31354758666408555,0.4136900845110138,-0.40670037573121964,0.6612058374460048,1.0,0.5740740740740741,False,0.4835410357808838,0.5164589642191162,False
Rq_nm,6084,6056,2.529426336288452,2.2455917061264423,0.2838346301620098,0.0,0.13671640709086572,0.4046679886470108,0.36256003671846526,1.1415670403731877,0.24074074074074073,0.6851851851851852,0.4061428185085427,0.35185185185185186,0.3654245935160246,34.5,0.04764822845467783,0.14180473305447816,-0.9127094069329875,-0.5418128002866381,1.0,1.0,0.09259259259259259,False,0.3654245935160245,0.6345754064839755,False
Rq_nm,6084,6057,3.9545385837554927,1.4753162286718884,2.4792223550836043,0.0,0.08784191046157505,0.04456306453311896,0.0693557531465587,0.23562007469156376,0.24074074074074073,0.8333333333333334,0.4479032082388083,0.09259259259259259,0.1814202465041465,39.0,0.0686144309184826,0.19439798640374217,-0.40766502916941744,-0.10259340757125815,1.0,1.0,0.24074074074074073,False,0.18142024650414657,0.8185797534958534,False
Rq_nm,6084,6062,3.0923656225204468,3.9801019092191727,0.887736286698726,0.02123390183947249,0.541913866439451,0.10848701043418311,0.3777628567635051,1.4005318312725668,0.46296296296296297,0.7592592592592593,0.5928818738363749,0.9444444444444444,0.856553801792427,37.5,0.30638410871526267,0.8641786537182707,-0.908159313841367,0.23029595127313068,1.0,0.794298494064165,0.9074074074074074,True,0.9074074074074074,0.09259259259259256,False
Rq_nm,6084,6063,5.24570107460022,2.9047843475191195,2.3409167270811,0.0052110714521313994,0.42749798838164604,0.35031701424771816,0.40049762280302253,1.212649311962311,0.2777777777777778,0.2777777777777778,0.2777777777777778,0.6481481481481481,0.5555555555555556,27.0,0.05099290754294809,0.1478163760930329,-0.33240475798958713,2.7280056791729774,1.0,0.0653494876409475,0.12962962962962962,False,0.5555555555555556,0.4444444444444444,False
Rq_nm,6084,6070,2.544952154159546,2.630040264346707,0.085088110187161,0.09603281557785204,0.17194908059294683,0.05028857074913968,0.13322042547288182,0.43442952661008016,0.7592592592592593,0.35185185185185186,0.5168624347019579,0.5740740740740741,0.559771164231045,27.5,0.025339325053860322,0.0785062515122894,-0.36154710541578033,-0.3524217042135239,1.0,1.0,0.018518518518518517,False,0.559771164231045,0.440228835768955,False
Rq_nm,6084,6072,1.470114827156067,1.5786376114183973,0.10852278426233042,0.010494743230009762,0.045839480211456826,0.11065471191353238,0.10240138989599032,0.3055050731968898,0.35185185185185186,0.7592592592592593,0.5168624347019579,0.16666666666666666,0.2542156086754895,37.5,0.14502217785955268,0.4007541337914391,1.3542421844588646,-0.2622073657560186,0.2581428450066214,1.0,0.6481481481481481,False,0.2542156086754894,0.7457843913245106,False
Rq_nm,6084,6078,1.5030123591423035,1.9245561395846726,0.4215437804423692,0.0,0.07688108313931313,0.037443814340764596,0.05977367649170547,0.2356005967006476,0.24074074074074073,0.9074074074074074,0.46738627644903563,0.24074074074074073,0.29740212466781446,39.25,0.22070071431070132,0.6044640443476732,-0.7209421850782988,0.831990757048685,1.0,0.435182081614561,0.7592592592592593,False,0.29740212466781446,0.7025978753321855,False
Rq_nm,6084,6080,3.9266197681427,2.3061237574841438,1.6204960106585564,0.03846401503416219,0.06841736634847378,0.1640758247598017,0.14763141115221845,0.40858942833974177,0.5740740740740741,0.9444444444444444,0.7363294574841127,0.3888888888888889,0.47574903103769484,39.5,0.11674762801689582,0.33764186415041914,1.418589125484676,0.5922475637472223,0.24205528573061327,0.5530827978808911,0.6111111111111112,False,0.47574903103769484,0.5242509689623052,False
Rq_nm,6084,6081,0.9417254328727722,4.329940913006784,3.3882154801340114,0.011409688667190387,0.15737408525985383,0.12833774781107105,0.21324555764153308,0.7699135610087411,0.3888888888888889,0.7962962962962963,0.5564807111598785,0.9814814814814815,0.8752312889010808,37.75,0.10069249000810938,0.27985851360259817,-0.8537342870356672,-1.3450038353031062,1.0,1.0,0.5,False,0.8752312889010808,0.12476871109891918,False
Rq_nm,6084,6082,1.863613247871399,2.751109768877151,0.8874965210057519,0.17274697512462822,0.1044229177718511,0.41415581266518864,0.3367085945237488,1.3878932978060945,0.9074074074074074,0.6111111111111112,0.7446655282549297,0.6111111111111112,0.6444997153970657,32.0,0.07788802941308914,0.21102921498093208,1.5379111304796,-0.1236175954895563,0.2148293836139951,1.0,0.3148148148148148,False,0.6444997153970657,0.35550028460293426,False
Rq_nm,6084,6085,2.2395859956741333,3.436487181454258,1.1969011857801246,0.00780507707533884,0.2376428239343585,0.4767821807012395,0.41695407749741437,1.559203063719115,0.3148148148148148,0.5370370370370371,0.41117783909582445,0.9074074074074074,0.7833500153295117,31.25,0.03258790882936472,0.09857946991037903,-1.3640321779993596,-0.8636023617570617,1.0,1.0,0.05555555555555555,False,0.7833500153295117,0.21664998467048835,False
Rq_nm,6084,6090,2.4095938205718994,3.2769264428303213,0.8673326222584219,0.11618816956627498,0.3152841754211446,0.11240113158442613,0.24440654637327827,0.935396952539937,0.8333333333333334,0.16666666666666666,0.37267799624996495,0.8703703703703703,0.7459472768402691,25.25,0.05971514096151668,0.17207193226377904,-0.45517344045564395,1.4921324433338405,1.0,0.22489257317864247,0.16666666666666666,False,0.7459472768402691,0.25405272315973093,False
Rq_nm,6084,6094,4.058265686035156,1.5332407898168545,2.5250248962183015,0.014459103196363454,0.07663691528572149,0.09903267870809578,0.09601074720065168,0.3504677774327156,0.42592592592592593,0.46296296296296297,0.44405847438080737,0.12962962962962962,0.20823684081742405,30.0,0.0991582397116651,0.26337306115014947,0.02432968407901303,-1.1956216153316739,0.975963896954028,1.0,0.46296296296296297,False,0.208236840817424,0.791763159182576,False
Rq_nm,6084,6095,9.07418346405029,3.0024792056941756,6.071704258356114,0.0,0.18000562321948083,0.07497204441802963,0.1354269399275013,0.5382981126264754,0.24074074074074073,0.3888888888888889,0.30597614151589453,0.7592592592592593,0.645938479823418,28.75,0.14505418512225696,0.4034246719666178,-0.14037425856921473,-0.5979882339511963,1.0,1.0,0.6851851851851852,False,0.645938479823418,0.354061520176582,False
Rq_nm,6084,6099,9.394835472106934,3.24067051506667,6.154164957040264,0.03904859655281223,0.11038206252465517,0.20211037035585688,0.17610600104029278,0.5119591666727601,0.6111111111111112,0.5,0.5527707983925667,0.8333333333333334,0.7631926995981417,31.0,0.10563131528109515,0.2945496508410279,0.6740417189480429,-1.4995319984076967,0.5096445694124191,1.0,0.5370370370370371,False,0.7631926995981417,0.23680730040185827,False
Rq_nm,6084,6101,0.481030598282814,2.621523681474819,2.140493083192005,0.04678697310447921,0.07196996020281472,0.11154387283328834,0.10098167003223524,0.35761053160634804,0.6481481481481481,0.9074074074074074,0.7668992311425428,0.5370370370370371,0.5945025855634135,39.25,0.1541647820992253,0.41045065992054486,-0.47331032977721116,0.7310070643234386,1.0,0.48142392102800724,0.7222222222222222,False,0.5945025855634135,0.4054974144365865,False
Rq_nm,6084,N6342,0.8041046559810638,1.6207539019954988,0.816649246014435,0.13552404844927435,0.32185434686288994,0.09662987302500932,0.22797560114771964,0.9047647278884475,0.8703703703703703,0.05555555555555555,0.21989522383403548,0.2037037037037037,0.20775158373628663,21.0,0.23071472181110944,0.6673266201171296,1.3400815462393696,0.15504816157056003,0.2618243169213436,0.8563739321768418,0.7962962962962963,False,0.20775158373628666,0.7922484162637133,False
Rq_nm,6084,N6358,0.9793977737426758,1.9363856649303333,0.9569878911876575,0.0,0.06852003445681533,0.050805706632250335,0.10097915139302593,0.3224600329867513,0.24074074074074073,0.2777777777777778,0.258597037847573,0.2777777777777778,0.2729825927952266,27.0,0.2393399058866755,0.6492172745686364,0.11158331584924383,1.0934829139799456,0.8944168691978354,0.3350475174840351,0.8703703703703703,False,0.2729825927952265,0.7270174072047735,False
Rq_nm,6084,N6382,1.1125519275665283,0.2878895179432177,0.8246624096233106,0.031178611773218845,0.01965568742294572,0.12450370452014246,0.10862422884163637,0.39155878800656724,0.5,0.018518518518518517,0.09622504486493763,0.018518518518518517,0.037945150105123296,19.5,0.6080528979545746,1.6287101633092829,6.430930244628435,1.0767408681695654,0.0016109515582142533,0.34070411777470716,0.9814814814814815,True,0.9814814814814815,0.01851851851851849,False
Rq_nm,6084,N6389,2.0189785957336426,2.508838383967419,0.4898597882337765,0.0,0.14646340697957932,0.056797289382094336,0.129262289618201,0.42539990708116404,0.24074074074074073,0.09259259259259259,0.1493010694129361,0.5,0.41232526735323405,21.5,0.32032586448274397,0.8709217309644496,-0.26589040513542755,3.338047215394014,1.0,0.03550622607819843,0.9444444444444444,True,0.9444444444444444,0.05555555555555558,False
Rq_nm,6084,N6390,1.9620892405509949,3.1563827593613736,1.1942935188103787,0.10319321315484276,1.1958322948957834,0.4485816674511464,0.917917296315817,2.9819720286280527,0.7962962962962963,0.12962962962962962,0.3212842883869902,0.7962962962962963,0.6775432943189698,22.0,0.09450164457357246,0.252971128666698,7.108858034405947,0.05493020243503804,0.0008178283909332044,0.9465512126176332,0.42592592592592593,False,0.6775432943189698,0.32245670568103024,False
Rq_nm,6085,6022,1.649340271949768,1.8363471048273399,0.1870068328775718,0.5979038955595246,0.24838887169991009,0.5665161046611563,0.4563731418000645,1.3991138956738784,0.9814814814814815,0.2777777777777778,0.5221434140693216,0.2037037037037037,0.28331363129510817,27.0,0.10037476871734081,0.27008925925749916,4.555794133703707,54.11028149811776,0.010506153627699636,3.163758544864142e-24,0.46296296296296297,False,0.2833136312951081,0.7166863687048919,False
Rq_nm,6085,6028,5.214306831359862,2.9187013485825193,2.295605482777343,0.0925991480434849,0.16593107643494362,0.5519585206631329,0.45377670633161926,1.7146695513277412,0.7592592592592593,0.46296296296296297,0.5928818738363749,0.7592592592592593,0.7176649129035382,30.0,0.08140396520090243,0.23406874544444678,-0.31385866366665216,0.15997330390396447,1.0,0.8521665381822939,0.24074074074074073,False,0.7176649129035382,0.2823350870964618,False
Rq_nm,6085,6029,2.2897632122039795,1.915387436745023,0.3743757754589565,0.005071993062064184,0.187122517134124,0.049055946958994456,0.13246706271169453,0.5044678717759339,0.16666666666666666,0.6481481481481481,0.32867109906108977,0.3148148148148148,0.31827888587638353,33.5,0.012557941653375058,0.03966920841301347,-0.966797268292326,70.27059039883808,1.0,3.032985609270753e-31,0.018518518518518517,False,0.31827888587638353,0.6817211141236165,False
Rq_nm,6085,6033,2.0502288341522217,1.858187053526611,0.19204178062561073,0.1075134691619617,0.10783733156891814,0.22493012166837886,0.19523500380353048,0.6415052894392661,0.7962962962962963,0.9814814814814815,0.8840532046133341,0.24074074074074073,0.4015688567088891,40.25,0.13874936373699345,0.37721377019590197,-0.22402679675250825,1.1549212481837687,1.0,0.315082349233657,0.6851851851851852,False,0.4015688567088891,0.5984311432911109,False
Rq_nm,6085,6047,3.348536252975464,2.5748231800982544,0.7737130728772095,0.06497310992457317,0.06660988851323718,0.10889913559171205,0.09485584592864395,0.36203772252190314,0.6111111111111112,0.5740740740740741,0.5923031700636843,0.5,0.5230757925159211,31.5,0.03265078904758482,0.09571617994704551,-0.6797033252251411,-1.7208783237671217,1.0,1.0,0.16666666666666666,False,0.5230757925159211,0.47692420748407893,False
Rq_nm,6085,6048,1.8154829144477844,2.610304016306762,0.7948211018589775,0.31731165948669693,0.2764569610267422,0.4052357901381611,0.36902034475273665,1.2239650174096774,0.9444444444444444,0.3148148148148148,0.5452752542346465,0.5740740740740741,0.5668743691142172,27.25,0.10020214136145056,0.27942146119808153,0.41726961018746467,0.003985298787841625,0.6588432651402001,0.9960226319763862,0.42592592592592593,False,0.5668743691142172,0.4331256308857828,False
Rq_nm,6085,6056,2.529426336288452,2.066013543936881,0.46341279235157096,0.0,0.11394494415703679,0.29873984763364575,0.27141466487838284,0.8661343462000639,0.09259259259259259,0.6851851851851852,0.2518790834951008,0.35185185185185186,0.3268586597626641,34.5,0.08515472120410084,0.24780520567958797,-0.9564248149424353,-0.5216357222343602,1.0,1.0,0.2777777777777778,False,0.32685865976266415,0.6731413402373359,False
Rq_nm,6085,6057,3.9545385837554927,1.4390196089757008,2.515518974779792,0.0,0.08015397314774916,0.0393823319993137,0.06251974481509984,0.21245225407855983,0.09259259259259259,0.8333333333333334,0.2777777777777778,0.05555555555555555,0.1111111111111111,39.0,0.0695417620334074,0.19765904469756512,-0.5996498067645879,-0.14263725569597616,1.0,1.0,0.2037037037037037,False,0.11111111111111116,0.8888888888888888,False
Rq_nm,6085,6062,3.0923656225204468,3.831336027229339,0.7389704047088923,0.010299177027035089,0.5223585841553015,0.11389510482227935,0.3644420429215014,1.3428692414643177,0.2037037037037037,0.7592592592592593,0.3932733441036167,0.9444444444444444,0.8066516693592374,37.5,0.3052469444353359,0.8466874991772831,-0.2994816750476312,-0.024672757609129223,1.0,1.0,0.9444444444444444,True,0.9444444444444444,0.05555555555555558,False
Rq_nm,6085,6063,5.24570107460022,2.6100743399680484,2.6356267346321713,0.012135524421166721,0.3307345293335596,0.372937289103521,0.3713161778722301,1.245327587854983,0.24074074074074073,0.2777777777777778,0.258597037847573,0.5370370370370371,0.46742703723967105,27.0,0.09266852215894014,0.2642617349056311,-0.25380872512213304,2.080743465713569,1.0,0.12483736538771081,0.35185185185185186,False,0.46742703723967105,0.532572962760329,False
Rq_nm,6085,6070,2.544952154159546,2.626694146734171,0.08174199257462522,0.04880611923380984,0.10417243673798998,0.03600367550744301,0.08543674677621658,0.26474700643488536,0.5740740740740741,0.35185185185185186,0.4494318925745036,0.6111111111111112,0.5706913064769593,27.5,0.031301773415059256,0.09946343395882784,-0.50509293127601,-0.2552083265144122,1.0,1.0,0.12962962962962962,False,0.5706913064769593,0.4293086935230407,False
Rq_nm,6085,6072,1.470114827156067,1.5478778174204413,0.07776299026437439,0.003415392979264409,0.05237835548029298,0.10526620555514196,0.10009027036468279,0.30208961356675923,0.12962962962962962,0.7592592592592593,0.313723599001804,0.09259259259259259,0.14787534419489545,37.5,0.15624966357340475,0.42734491123834806,1.264283983070544,-0.13330423162747512,0.2824414566212441,1.0,0.7592592592592593,False,0.14787534419489545,0.8521246558051045,False
Rq_nm,6085,6078,1.5030123591423035,2.1441468527828,0.6411344936404966,0.02050636600646616,0.027729421908889936,0.047329955803103674,0.04205846656802099,0.12743825419553811,0.35185185185185186,0.9074074074074074,0.5650424556441614,0.3888888888888889,0.432927280577707,39.25,0.1859026930265309,0.5115706209906401,-1.0681393125123513,1.2621524973402267,1.0,0.2830441186102277,0.7962962962962963,False,0.432927280577707,0.567072719422293,False
Rq_nm,6085,6080,3.9266197681427,2.4623711615849264,1.4642486065577738,0.0140409661832126,0.07752840615329451,0.0966595443323999,0.09679775191021575,0.31425650763040336,0.2777777777777778,0.9444444444444444,0.5121969142940493,0.46296296296296297,0.4752714507957345,39.5,0.12853289853845493,0.3607999430669663,0.8907093628832565,0.5373967999441686,0.41036455209922557,0.5842672389122225,0.6481481481481481,False,0.4752714507957345,0.5247285492042655,False
Rq_nm,6085,6081,0.9417254328727722,4.480470639097416,3.538745206224644,0.06792812612476329,0.15934646662545354,0.17187516833969588,0.20347362344783174,0.7280778518569893,0.6481481481481481,0.7962962962962963,0.7184135089359563,0.9814814814814815,0.9157144883451003,37.75,0.09956634748276817,0.2761745293901203,-1.0131350233780532,-1.0681092239072714,1.0,1.0,0.3888888888888889,False,0.9157144883451003,0.08428551165489973,False
Rq_nm,6085,6082,1.863613247871399,2.86309699286293,0.9994837449915313,0.12328739728157956,0.12165506816465108,0.38468119920117283,0.3177838331157101,1.339534699592199,0.8333333333333334,0.6111111111111112,0.7136240321480628,0.7222222222222222,0.7200726747036823,32.0,0.11189733514515518,0.29982096287075155,1.4860855390506238,-0.04597163207019929,0.22625659694694614,1.0,0.5740740740740741,False,0.7200726747036823,0.2799273252963177,False
Rq_nm,6085,6084,1.391980767250061,2.732196400015187,1.3402156327651258,0.08002421886578048,0.23514660767533183,0.15965011232068668,0.2304771459114863,0.7920983553220147,0.6851851851851852,0.5370370370370371,0.6066051612651556,0.6851851851851852,0.6655401792051778,31.0,0.02668599692182258,0.07785602169006023,-0.003937117024099483,-1.3850537542786685,1.0,1.0,0.09259259259259259,False,0.6655401792051778,0.33445982079482217,False
Rq_nm,6085,6090,2.4095938205718994,3.2220807258686563,0.8124869052967569,0.0903675859291031,0.14717529550073166,0.08205405155984966,0.12026915927202002,0.44845543860714576,0.7222222222222222,0.16666666666666666,0.3469443332443555,0.8333333333333334,0.7117360833110888,25.25,0.023142522664273274,0.06518824456804029,-0.8902506723677559,1.9788865527928685,1.0,0.13822305573602378,0.05555555555555555,False,0.7117360833110888,0.28826391668891116,False
Rq_nm,6085,6094,4.058265686035156,1.6273831814133404,2.430882504621816,0.023640632179227516,0.07239903768515796,0.10901707643247344,0.10272636629985989,0.3969321614723704,0.42592592592592593,0.46296296296296297,0.44405847438080737,0.12962962962962962,0.20823684081742405,30.0,0.08740616506473241,0.23280772730079657,0.3930245113551677,-0.7868211007805656,0.6750122019195319,1.0,0.3148148148148148,False,0.208236840817424,0.791763159182576,False
Rq_nm,6085,6095,9.07418346405029,2.9645876364925865,6.109595827557703,0.041746813619679024,0.27049603764132035,0.10071391063903576,0.1995435376264722,0.8162347509387295,0.5370370370370371,0.3888888888888889,0.4569986177501136,0.7962962962962963,0.7114718766597506,28.75,0.1477772559041259,0.4094379518943645,-0.20612556506817892,-0.3480466565080022,1.0,1.0,0.7222222222222222,False,0.7114718766597506,0.28852812334024935,False
Rq_nm,6085,6099,9.394835472106934,3.2435321071376624,6.151303364969271,0.02382242089802178,0.04314599618489576,0.15443827764874832,0.1302936595939687,0.37665151733760505,0.46296296296296297,0.5370370370370371,0.4986263710309726,0.8703703703703703,0.7774343705355209,31.0,0.10502252410693258,0.29249038355365153,1.0011740044886182,-1.3892172587121931,0.3674478024786949,1.0,0.5370370370370371,False,0.7774343705355209,0.2225656294644791,False
Rq_nm,6085,6101,0.481030598282814,2.6698467929005347,2.1888161946177207,0.014194927457318318,0.05072334928369919,0.11850221894634187,0.10017088989672977,0.39563661565695485,0.3148148148148148,0.9074074074074074,0.5344766551726597,0.6481481481481481,0.619730274904276,39.25,0.1278788526701495,0.3456753987131569,-0.5708848706650537,0.6580798551687962,1.0,0.5178447173243668,0.6111111111111112,False,0.619730274904276,0.380269725095724,False
Rq_nm,6085,N6342,0.8041046559810638,1.638632104636478,0.8345274486554142,0.13283894059395007,0.3184446233043613,0.07804046864555236,0.22300226765350328,0.872008131228898,0.9074074074074074,0.05555555555555555,0.22452510468485445,0.16666666666666666,0.1811312761712136,21.0,0.20928163268658956,0.5923438928496062,2.04802177405334,0.05858825851005928,0.12898982237466883,0.9430950005668145,0.8333333333333334,False,0.1811312761712136,0.8188687238287864,False
Rq_nm,6085,N6358,0.9793977737426758,1.9110897797937902,0.9316920060511145,0.02219504435662123,0.06624000905414176,0.04407544673533277,0.09054462866565352,0.3206532183852342,0.3888888888888889,0.2777777777777778,0.32867109906108977,0.2777777777777778,0.2905011080986058,27.0,0.2316246367960185,0.6350959157041978,0.68156578098456,1.0219003895943235,0.5058243618173477,0.3599103200295471,0.8703703703703703,False,0.29050110809860574,0.7094988919013943,False
Rq_nm,6085,N6382,1.1125519275665283,0.23028509404272088,0.8822668335238074,0.02593885669435117,0.018170207621620194,0.10252451373672233,0.09191456538752066,0.3371997680716047,0.5,0.018518518518518517,0.09622504486493763,0.018518518518518517,0.037945150105123296,19.5,0.6847667297961942,1.845193995609002,9.277936923913913,0.9780269064877496,9.346374752001069e-05,0.3760523537877903,0.9814814814814815,True,0.9814814814814815,0.01851851851851849,False
Rq_nm,6085,N6389,2.0189785957336426,2.203746711568413,0.18476811583477026,0.0,0.03708366534280778,0.062051937550609504,0.05593277449099307,0.20246374218122565,0.09259259259259259,0.09259259259259259,0.09259259259259259,0.42592592592592593,0.34259259259259256,21.5,0.2435951625142251,0.6747136704665502,0.149127117949087,3.301456632417208,0.8614596009608166,0.0368294812939087,0.9074074074074074,True,0.9074074074074074,0.09259259259259256,False
Rq_nm,6085,N6390,1.9620892405509949,3.3697930515877936,1.4077038110367988,0.13026019698676627,1.2958523131606565,0.4867977221712783,0.988789251899942,3.218141894120162,0.8703703703703703,0.12962962962962962,0.33589550272624175,0.9074074074074074,0.764529431237116,22.0,0.10126050979139645,0.2879770526954213,8.474743696289034,0.15769340371266852,0.00020867267202183954,0.8541116092771615,0.5,False,0.764529431237116,0.23547056876288397,False
Rq_nm,6090,6022,1.649340271949768,1.5222600742326102,0.12708019771715784,0.907753776837527,0.3360042465271646,0.6856492109112283,0.5527701607000257,1.6949255782665187,0.9814814814814815,0.24074074074074073,0.4860890647558032,0.16666666666666666,0.2465222661889508,27.0,0.14469120215234185,0.390411549029671,3.0503552898124986,46.520452730273064,0.047342101236498554,6.257834649273385e-21,0.7222222222222222,False,0.2465222661889508,0.7534777338110492,False
Rq_nm,6090,6028,5.214306831359862,2.847230269531261,2.3670765618286014,0.059773603571472655,0.17000274845029104,0.521404426998417,0.43059996553659424,1.582723228279662,0.6481481481481481,0.42592592592592593,0.5254170725596706,0.7962962962962963,0.7285764903621399,30.0,0.0834546348381263,0.24468768158717658,-0.8108763873916964,0.29450786452620326,1.0,0.7448980880480353,0.3148148148148148,False,0.7285764903621399,0.2714235096378601,False
Rq_nm,6090,6029,2.2897632122039795,1.907586974253142,0.38217623795083755,0.0,0.30100158593942883,0.04159836297258099,0.20639322520881265,0.8005355935031369,0.2037037037037037,0.6481481481481481,0.36335957167312194,0.2777777777777778,0.2991732262516138,33.5,0.02029174117272486,0.06406676596212046,-0.9051588638489708,59.81232053066962,1.0,1.0564263952599138e-26,0.05555555555555555,False,0.2991732262516138,0.7008267737483862,False
Rq_nm,6090,6033,2.0502288341522217,2.13468526613514,0.08445643198291819,0.04573955230239468,0.1810170222641712,0.20461721794718463,0.2037723563321832,0.6733093613172716,0.6111111111111112,0.9814814814814815,0.7744638394935736,0.35185185185185186,0.45750484876228226,40.25,0.09152172432006442,0.2562999887295899,-0.24719750774105445,1.1269527669251327,1.0,0.3240191153536164,0.42592592592592593,False,0.45750484876228226,0.5424951512377177,False
Rq_nm,6090,6047,3.348536252975464,2.71823907155487,0.6302971814205938,0.0648842951023112,0.07682112022393062,0.10671527329925692,0.1026263259744437,0.37278798416638637,0.6851851851851852,0.5740740740740741,0.6271738600694852,0.6851851851851852,0.6706823539062603,31.5,0.06244971310136818,0.1762629098057743,-1.0307759511861578,-1.4697278216997878,1.0,1.0,0.24074074074074073,False,0.6706823539062603,0.3293176460937397,False
Rq_nm,6090,6048,1.8154829144477844,2.315945958821705,0.5004630443739204,0.2613603219178908,0.2306685969642027,0.34923528260952375,0.3177173346542645,1.030408829846998,0.9444444444444444,0.2777777777777778,0.5121969142940493,0.5,0.5030492285735123,27.25,0.1222851418606328,0.3472619755140123,0.3271041606177387,-0.2901281070014573,0.7210086384100316,1.0,0.6111111111111112,False,0.5030492285735123,0.4969507714264877,False
Rq_nm,6090,6056,2.529426336288452,2.1736768545067315,0.3557494817817206,0.0,0.133230979461055,0.40479435160005045,0.36242793143251706,1.1386620593043966,0.2037037037037037,0.6851851851851852,0.37359705558948175,0.3888888888888889,0.38506593056403715,34.5,0.05477046724032902,0.1622977092446689,-0.9638045592588382,-0.39052105080071425,1.0,1.0,0.16666666666666666,False,0.38506593056403715,0.6149340694359628,False
Rq_nm,6090,6057,3.9545385837554927,1.4253350875978086,2.529203496157684,0.0,0.08077618466680413,0.04049962547426134,0.06353909336528729,0.21629281440682746,0.2037037037037037,0.8333333333333334,0.41201102706087017,0.05555555555555555,0.14466942343188421,39.0,0.07104454128454901,0.20310325106419136,-0.5246799613466056,0.028940199862096186,1.0,0.9714745570420966,0.2777777777777778,False,0.14466942343188416,0.8553305765681158,False
Rq_nm,6090,6062,3.0923656225204468,3.769733235221766,0.6773676127013193,0.00011408524597955605,0.48272413243535733,0.09869776395288211,0.3369058093567694,1.2390900427592864,0.24074074074074073,0.7592592592592593,0.4275331992820443,0.9444444444444444,0.8152166331538443,37.5,0.35716401338250997,1.0088683062992803,-1.0045287325214198,0.3019147107211287,1.0,0.7394011251890739,0.9814814814814815,True,0.9814814814814815,0.01851851851851849,False
Rq_nm,6090,6063,5.24570107460022,2.776638862530393,2.4690622120698267,0.0,0.44102760118347795,0.3667985423270079,0.4162171448710768,1.2519346189026446,0.2037037037037037,0.24074074074074073,0.22144927302039624,0.7592592592592593,0.6248067626995435,27.0,0.05608841579652694,0.15882706813359326,-0.380033844714133,2.0869345690320604,1.0,0.12406687192397492,0.2037037037037037,False,0.6248067626995435,0.3751932373004565,False
Rq_nm,6090,6070,2.544952154159546,2.590575268106055,0.045623113946509086,0.0800066619988109,0.15687042511170346,0.0461019729916803,0.12002269404328897,0.3940769528288599,0.7592592592592593,0.3148148148148148,0.4889029178682995,0.6111111111111112,0.5805590628004083,27.5,0.03266577696033709,0.10399125380374818,-0.43904016898699655,-0.2704823599509683,1.0,1.0,0.12962962962962962,False,0.5805590628004083,0.41944093719959175,False
Rq_nm,6090,6072,1.470114827156067,1.4963396994731506,0.026224872317083703,0.014906409585304425,0.047190807030324675,0.09762950665764418,0.09151279138221158,0.2698180865287847,0.35185185185185186,0.7592592592592593,0.5168624347019579,0.12962962962962962,0.2264378308977117,37.5,0.15338975809921487,0.42405530399823177,0.8904545916144638,-0.03855021612497675,0.41046911451601564,1.0,0.7592592592592593,False,0.22643783089771174,0.7735621691022883,False
Rq_nm,6090,6078,1.5030123591423035,1.9546137829022836,0.45160142375998014,0.00341975380817372,0.03250804023618391,0.024430049729725643,0.0294876739996795,0.09749372725368932,0.2777777777777778,0.9074074074074074,0.5020533967305911,0.3148148148148148,0.3616244602937589,39.25,0.22507390120457138,0.6009222083164232,-0.9971093525669669,1.2680497540748241,1.0,0.28137984691757284,0.8333333333333334,False,0.36162446029375883,0.6383755397062412,False
Rq_nm,6090,6080,3.9266197681427,2.176675264640373,1.749944503502327,0.03236714116380446,0.07175616029635401,0.15926469412719135,0.14223232757621965,0.38107723807666893,0.5,0.9444444444444444,0.6871842709362768,0.42592592592592593,0.4912405121785136,39.5,0.11952783230575095,0.34943697769690407,0.689917805106671,0.5752724772580532,0.5016172977519193,0.5625515654140025,0.5740740740740741,False,0.4912405121785136,0.5087594878214864,False
Rq_nm,6090,6081,0.9417254328727722,4.349180148132343,3.407454715259571,0.0,0.1501997615270472,0.12871461492108832,0.20832806761027453,0.7505612639806563,0.2037037037037037,0.7962962962962963,0.40275116983206566,0.9814814814814815,0.8367989035691276,37.75,0.1012696364930702,0.28166361163566367,-0.7533171849914702,-0.985795515737568,1.0,1.0,0.5,False,0.8367989035691276,0.16320109643087244,False
Rq_nm,6090,6082,1.863613247871399,2.5519690421265255,0.6883557942551266,0.14419818035462972,0.09737597122174285,0.3846955055972124,0.31298978691135665,1.2935904538449035,0.9074074074074074,0.6111111111111112,0.7446655282549297,0.5370370370370371,0.5889441598415102,32.0,0.09041561477228231,0.24430968894019744,0.918150613350236,-0.03316276623176912,0.3992567388126796,1.0,0.3888888888888889,False,0.5889441598415102,0.41105584015848984,False
Rq_nm,6090,6084,1.391980767250061,2.605980990179383,1.214000222929322,0.07554361153152289,0.21916805029139907,0.12746980135992364,0.2078494594370259,0.7108727584625618,0.7222222222222222,0.5,0.6009252125773316,0.6481481481481481,0.636342414255444,31.0,0.025329634034087004,0.07202301215851092,0.06836384334743596,-1.082479502174793,0.9339206109512571,1.0,0.09259259259259259,False,0.636342414255444,0.363657585744556,False
Rq_nm,6090,6085,2.2395859956741333,3.152087013555239,0.9125010178811057,0.0035679468746154797,0.21321157240544258,0.4277330356398593,0.37518187816790094,1.4290374627136222,0.3148148148148148,0.5370370370370371,0.41117783909582445,0.9074074074074074,0.7833500153295117,31.25,0.01579932817914287,0.04524620324291906,-1.23675182654235,-0.7426952313064338,1.0,1.0,0.018518518518518517,False,0.7833500153295117,0.21664998467048835,False
Rq_nm,6090,6094,4.058265686035156,1.478014750094128,2.580250935941028,0.020498488311752716,0.06340732123575464,0.09163880226644486,0.0855284155244661,0.32524820134847454,0.3888888888888889,0.42592592592592593,0.4069863143673317,0.09259259259259259,0.17119102303627737,30.0,0.10651382776365889,0.2875152718882569,0.14297277676453507,-0.8134367573767031,0.8667776650667773,1.0,0.5370370370370371,False,0.17119102303627742,0.8288089769637226,False
Rq_nm,6090,6095,9.07418346405029,2.770794646772093,6.303388817278196,0.043529539396453654,0.237060010625308,0.08669089223209221,0.17449528586571145,0.7141519893704236,0.5740740740740741,0.35185185185185186,0.4494318925745036,0.7222222222222222,0.6540246398102926,28.75,0.1370941549407986,0.3786193200945178,-0.14930153890042855,-0.40011502845332625,1.0,1.0,0.6481481481481481,False,0.6540246398102926,0.3459753601897074,False
Rq_nm,6090,6099,9.394835472106934,3.076984123396968,6.317851348709965,0.023507893080966902,0.08654727698663016,0.1756742803616936,0.15181776257817095,0.4364581381938035,0.42592592592592593,0.5,0.46147910349544863,0.8333333333333334,0.7403697758738621,31.0,0.09999524350891201,0.27815328399089645,0.35335104691405905,-1.123126129900957,0.7023305991072293,1.0,0.46296296296296297,False,0.7403697758738621,0.2596302241261379,False
Rq_nm,6090,6101,0.481030598282814,2.5781647643216634,2.0971341660388494,0.03802993899491547,0.06463983452397543,0.11654585302071385,0.10229966379865155,0.3741953267778797,0.5370370370370371,0.9074074074074074,0.6980769194433617,0.5740740740740741,0.605074785416396,39.25,0.14227332612576965,0.3823953805986934,-0.5148764172762692,0.8749280489216871,1.0,0.4168920144293964,0.6851851851851852,False,0.605074785416396,0.39492521458360397,False
Rq_nm,6090,N6342,0.8041046559810638,1.6560440857195644,0.8519394297385006,0.12877832153290325,0.31383373536761217,0.0942955094020483,0.22229562952952964,0.8787634732673426,0.8703703703703703,0.05555555555555555,0.21989522383403548,0.2037037037037037,0.20775158373628663,21.0,0.18987726295692295,0.5456049491058529,1.3315621208780735,0.13047495876146037,0.2640644383717775,0.8776784708295099,0.7962962962962963,False,0.20775158373628666,0.7922484162637133,False
Rq_nm,6090,N6358,0.9793977737426758,1.8734917214689923,0.8940939477263166,0.0,0.06886405952314253,0.04982293329853453,0.09959498087112902,0.31651051126906604,0.2037037037037037,0.24074074074074073,0.22144927302039624,0.24074074074074073,0.2359178738106546,27.0,0.23214652499283242,0.6301654830871233,0.1052516108568656,1.0388974034403615,0.9000980196581735,0.35384461480489926,0.8703703703703703,False,0.23591787381065465,0.7640821261893453,False
Rq_nm,6090,N6382,1.1125519275665283,0.6084553470587942,0.5040965805077341,0.08346137524348662,0.04037905926034383,0.37303086763892546,0.30096809658642987,1.1467543650800083,0.7962962962962963,0.018518518518518517,0.12143404674633333,0.018518518518518517,0.04424740057547222,19.5,0.35198666793499866,0.9602408810104958,3.4898121857410165,1.1970613455641044,0.030506601207903227,0.3020806194038627,0.9444444444444444,True,0.9444444444444444,0.05555555555555558,False
Rq_nm,6090,N6389,2.0189785957336426,2.191121822862871,0.17214322712922847,0.028692300402509474,0.042362277558429744,0.05787359831437406,0.05690395680841575,0.23978163431489286,0.46296296296296297,0.09259259259259259,0.2070433312499805,0.46296296296296297,0.3989830550347173,21.5,0.31305322525906204,0.9109943759830919,0.11640991236490981,4.652505057503204,0.8901102812950268,0.009537679543871904,0.9074074074074074,True,0.9074074074074074,0.09259259259259256,False
Rq_nm,6090,N6390,1.9620892405509949,3.0821441742592204,1.1200549337082255,0.09299801488275783,1.178718275524925,0.436108285353116,0.8977839049912917,2.917207994758837,0.8333333333333334,0.12962962962962962,0.32867109906108977,0.8703703703703703,0.7349455525430503,22.0,0.08506166012307972,0.23756032907685032,5.985550796294468,0.13330637796548905,0.0025148281788965068,0.8751969099796395,0.35185185185185186,False,0.7349455525430503,0.2650544474569497,False
Rq_nm,6094,6022,1.649340271949768,1.3184746792935271,0.33086559265624094,1.115245250008831,0.41594585244233595,0.7797381615398373,0.6315480968676276,1.902779714712704,0.9814814814814815,0.2777777777777778,0.5221434140693216,0.12962962962962962,0.22775807573955262,27.0,0.1529940165164698,0.42316471583820264,4.008523490694587,63.55337476915403,0.018160189139462515,2.506801993686064e-28,0.7222222222222222,False,0.22775807573955265,0.7722419242604474,False
Rq_nm,6094,6028,5.214306831359862,3.0765978851732867,2.1377089461865757,0.052685426091395815,0.19533512723909477,0.5361426132505591,0.44681935305139114,1.5800592927396342,0.6111111111111112,0.42592592592592593,0.51018434496133,0.8703703703703703,0.7803238640181103,30.0,0.10231628433155589,0.2941620645605014,-0.5880933579828718,0.32575685790698483,1.0,0.721980709993334,0.46296296296296297,False,0.7803238640181103,0.21967613598188973,False
Rq_nm,6094,6029,2.2897632122039795,1.9600560557117443,0.32970715649223514,0.0,0.3471102400183849,0.044343487096614606,0.2392827478538068,0.9171950136367018,0.24074074074074073,0.6481481481481481,0.39501350014262115,0.35185185185185186,0.3626422639245442,33.5,0.030083212955815893,0.08511514479394555,-0.7028979950562556,75.67477040421618,1.0,1.364158376640503e-33,0.05555555555555555,False,0.36264226392454413,0.6373577360754559,False
Rq_nm,6094,6033,2.0502288341522217,1.9541854298912062,0.09604340426101543,0.016581825299360142,0.19986977276114723,0.18433667563135717,0.20149717646287815,0.7314889304705239,0.35185185185185186,0.9814814814814815,0.5876530241712011,0.3148148148148148,0.3830243671539114,40.25,0.10974604021902806,0.3010592739884249,-0.33543131091889605,1.4867497179892568,1.0,0.2261063719741811,0.5370370370370371,False,0.3830243671539114,0.6169756328460886,False
Rq_nm,6094,6047,3.348536252975464,2.7242730656544416,0.6242631873210223,0.11895743510909895,0.11386974849365922,0.1089422186854214,0.11849751202864484,0.43050851042552374,0.8333333333333334,0.5740740740740741,0.6916610887771518,0.6481481481481481,0.6590263833053991,31.5,0.06725357786425905,0.18621299114638346,-0.680090391331622,-1.7728629338118336,1.0,1.0,0.24074074074074073,False,0.6590263833053991,0.3409736166946009,False
Rq_nm,6094,6048,1.8154829144477844,2.441450508404883,0.6259675939570988,0.2619498925901609,0.22979105961945673,0.3639766467745616,0.3280724712147842,1.0536116231388903,0.9444444444444444,0.3148148148148148,0.5452752542346465,0.46296296296296297,0.4835410357808838,27.25,0.10067236003721747,0.28187637647136876,0.5175512217515916,-0.37829048817195055,0.5959781809378552,1.0,0.42592592592592593,False,0.4835410357808838,0.5164589642191162,False
Rq_nm,6094,6056,2.529426336288452,2.2705878505718813,0.25883848571657087,0.0,0.14841025497250837,0.4659186254923114,0.4136346682070528,1.3176680377046086,0.24074074074074073,0.6851851851851852,0.4061428185085427,0.3888888888888889,0.39320237129380237,34.5,0.04732001618505671,0.1411144720949511,-0.7704197709968996,-0.48333795123405654,1.0,1.0,0.16666666666666666,False,0.3932023712938024,0.6067976287061976,False
Rq_nm,6094,6057,3.9545385837554927,1.2234229596423192,2.7311156241131735,0.0,0.06952487020086015,0.03499054696516195,0.05468075537790658,0.18548816354333075,0.24074074074074073,0.8333333333333334,0.4479032082388083,0.05555555555555555,0.15364246872636875,39.0,0.10773760013739134,0.2965605921875299,-0.4294799359008914,-0.08262860001073473,1.0,1.0,0.5,False,0.15364246872636877,0.8463575312736312,False
Rq_nm,6094,6062,3.0923656225204468,3.880263339639842,0.787897717119395,0.018569016356075885,0.5081264386947804,0.10239229382703058,0.3529095034407852,1.317638229231636,0.42592592592592593,0.7592592592592593,0.5686723160290403,0.9814814814814815,0.8782791901183713,37.5,0.30326244078050835,0.8496155150739961,-0.8139381768026853,-0.06554345946810675,1.0,1.0,0.9444444444444444,True,0.9444444444444444,0.05555555555555558,False
Rq_nm,6094,6063,5.24570107460022,2.7099338315961123,2.5357672430041074,0.0,0.48894027918869226,0.4282062774086546,0.4740009567950858,1.4019218352933867,0.24074074074074073,0.2777777777777778,0.258597037847573,0.6111111111111112,0.5229825927952266,27.0,0.07922802634161817,0.2269734251950588,-0.11548248777903332,2.6812302507686154,1.0,0.06847885614565807,0.3148148148148148,False,0.5229825927952266,0.47701740720477337,False
Rq_nm,6094,6070,2.544952154159546,2.604657416604299,0.05970526244475316,0.08117433281780873,0.16157039668632142,0.046529163447489676,0.12390998724894259,0.3776652746378817,0.7222222222222222,0.35185185185185186,0.5040984292154148,0.5740740740740741,0.5565801628594093,27.5,0.04610681610135704,0.14406596479472933,-0.29403586138137067,-0.2675246916276288,1.0,1.0,0.12962962962962962,False,0.5565801628594093,0.44341983714059074,False
Rq_nm,6094,6072,1.470114827156067,1.401878297531085,0.06823652962498183,0.008830218291661529,0.025110821561391515,0.09455665628935028,0.08352519337800512,0.2509425391588225,0.3148148148148148,0.7592592592592593,0.4889029178682995,0.16666666666666666,0.24722572946707488,37.5,0.14309889490859828,0.39060781240952,1.0525716708617463,-0.056759676315977614,0.3490389805621187,1.0,0.6851851851851852,False,0.24722572946707488,0.7527742705329251,False
Rq_nm,6094,6078,1.5030123591423035,1.68469376819303,0.1816814090507266,0.0016006924582683268,0.02884935422032957,0.01720708758620189,0.02367849754740371,0.08781857305797192,0.2777777777777778,0.9074074074074074,0.5020533967305911,0.2037037037037037,0.27829112696042557,39.25,0.2238035361440326,0.601860065876895,-0.740131669155873,1.1814015531163176,1.0,0.30684837278818894,0.7962962962962963,False,0.27829112696042557,0.7217088730395744,False
Rq_nm,6094,6080,3.9266197681427,2.2880727264928407,1.6385470416498595,0.03644952178150662,0.05480690369563193,0.15506032194170205,0.13744811663548537,0.37492022217205423,0.5,0.9444444444444444,0.6871842709362768,0.42592592592592593,0.4912405121785136,39.5,0.1691103229818268,0.4808027447308948,0.8328156971435946,0.6804274395341093,0.4348232305025368,0.5064004905084238,0.7592592592592593,False,0.4912405121785136,0.5087594878214864,False
Rq_nm,6094,6081,0.9417254328727722,3.797600270144311,2.855874837271539,0.16716351600697354,0.3060061923354731,0.21931809940938876,0.28322582920472433,1.0694760667358567,0.8703703703703703,0.7962962962962963,0.8325098812218157,0.9444444444444444,0.9164608036387871,37.75,0.0788898683687494,0.21998215943429045,-0.5200458018056837,-1.3336546576429122,1.0,1.0,0.2777777777777778,False,0.9164608036387871,0.08353919636121288,False
Rq_nm,6094,6082,1.863613247871399,2.737543044087388,0.8739297962159891,0.1711640792362359,0.14047950127642914,0.4288253535246017,0.35267649473308776,1.4174142071222917,0.9074074074074074,0.6111111111111112,0.7446655282549297,0.6851851851851852,0.7000552709526213,32.0,0.09574950776252375,0.2589051071962952,1.044565177155887,0.010835836915264142,0.351844776267385,0.9892226592898006,0.3888888888888889,False,0.7000552709526213,0.2999447290473787,False
Rq_nm,6094,6084,1.391980767250061,2.540387308669412,1.1484065414193512,0.0753093237580229,0.23050061602999994,0.1242473210914946,0.21269464186576403,0.750017021230732,0.6851851851851852,0.5,0.5853140973807077,0.5370370370370371,0.5491063021229547,31.0,0.020765928224037746,0.06567613490117119,-0.21175265040097876,-1.5104742930138748,1.0,1.0,0.018518518518518517,False,0.5491063021229547,0.45089369787704525,False
Rq_nm,6094,6085,2.2395859956741333,3.284815104611146,1.0452291089370127,0.0,0.23985011365832287,0.43514353098815634,0.3859220754251136,1.4301586153051256,0.24074074074074073,0.5370370370370371,0.3595645896101407,0.9074074074074074,0.7704467029580908,31.25,0.06340732563872006,0.18701763501309454,-1.0716304277952524,-0.6201844434895596,1.0,1.0,0.2037037037037037,False,0.7704467029580908,0.2295532970419092,False
Rq_nm,6094,6090,2.4095938205718994,2.9085420274955998,0.49894820692370034,0.10923446649580892,0.2765718612863377,0.09741746918919478,0.21446957055143195,0.81740933010835,0.7962962962962963,0.16666666666666666,0.364302140239,0.7592592592592593,0.6605199795041944,25.25,0.04128886784120178,0.11715162484589847,-0.6667927186263481,1.67090890156918,1.0,0.1880760453174867,0.09259259259259259,False,0.6605199795041944,0.3394800204958056,False
Rq_nm,6094,6095,9.07418346405029,2.7754017027345665,6.298781761315723,0.04531115469202529,0.29367874946551303,0.09693079381082884,0.21239286974881896,0.8827877954917418,0.5740740740740741,0.3888888888888889,0.47249447489529905,0.7222222222222222,0.6597902853904913,28.75,0.12885014636326272,0.35899775419863666,0.04622747081537261,-0.4705658126782814,0.9548247427233414,1.0,0.6111111111111112,False,0.6597902853904913,0.34020971460950866,False
Rq_nm,6094,6099,9.394835472106934,2.936448144047062,6.458387328059872,0.03870402934169004,0.08210464502661406,0.17698050953668393,0.15019674444480424,0.43115627497358844,0.5370370370370371,0.5,0.5181877251716008,0.7962962962962963,0.7267691535151224,31.0,0.12559062385036962,0.33997901818203247,0.7088287989146073,-1.1869871833862726,0.49222034900745726,1.0,0.5740740740740741,False,0.7267691535151224,0.2732308464848776,False
Rq_nm,6094,6101,0.481030598282814,2.4885878140871593,2.0075572158043453,0.017524928106301463,0.06259627514683784,0.11705783544493346,0.10232406611219763,0.3738042828125203,0.3888888888888889,0.9074074074074074,0.5940375900868682,0.5,0.5235093975217171,39.25,0.13869772632416136,0.3706680488404931,-0.23680099342145405,0.9432105253711823,1.0,0.3893757258226357,0.6481481481481481,False,0.5235093975217171,0.4764906024782829,False
Rq_nm,6094,N6342,0.8041046559810638,1.231898592586085,0.4277939366050212,0.08135701177470334,0.2820956080043393,0.07438453335100749,0.1996489323145416,0.7895418386073382,0.7592592592592593,0.05555555555555555,0.20538030567424848,0.09259259259259259,0.12078952086300657,21.0,0.2731591291559809,0.774118981965923,1.9896495998451222,0.11828125061217845,0.13674333193650182,0.8884461414512601,0.9074074074074074,True,0.9074074074074074,0.09259259259259256,False
Rq_nm,6094,N6358,0.9793977737426758,1.7336849646379342,0.7542871908952584,0.0,0.05845913781505162,0.052251201967951515,0.09804384119330874,0.27776532700918155,0.24074074074074073,0.2777777777777778,0.258597037847573,0.24074074074074073,0.24520481501744879,27.0,0.24851597062883116,0.6801750757144436,1.0976314906625995,1.0553955229040939,0.3336604263817205,0.348054736457903,0.8703703703703703,False,0.24520481501744884,0.7547951849825512,False
Rq_nm,6094,N6382,1.1125519275665283,0.4926684357112497,0.6198834918552787,0.057437140929234076,0.026600214298286684,0.23562213784467803,0.18980534471282903,0.7362377871439432,0.6481481481481481,0.018518518518518517,0.10955703302036326,0.018518518518518517,0.041278147143979704,19.5,0.4188369196794287,1.1311989699023766,4.197877880454506,1.4284386243835698,0.015027433016517456,0.23968286521649046,0.9814814814814815,True,0.9814814814814815,0.01851851851851849,False
Rq_nm,6094,N6389,2.0189785957336426,1.9022262681402782,0.1167523275933644,0.03158566730404466,0.03171413726737171,0.05239967333373031,0.0514032565218283,0.2032062609875258,0.46296296296296297,0.09259259259259259,0.2070433312499805,0.2777777777777778,0.2600941661458285,21.5,0.23991328367638787,0.674529150536588,0.7208919498844807,3.684649353226541,0.4863182909078075,0.025105976509822586,0.8333333333333334,False,0.2600941661458285,0.7399058338541715,False
Rq_nm,6094,N6390,1.9620892405509949,2.940208752622105,0.9781195120711099,0.0,1.1514948738860944,0.4276746379236213,0.9065736354624485,2.8838182606688036,0.24074074074074073,0.12962962962962962,0.17665540766980475,0.8333333333333334,0.6691638519174512,22.0,0.08903548263573921,0.24279678579709252,8.989425489861977,0.08476738491765243,0.0001247217265549088,0.9187259690643048,0.35185185185185186,False,0.6691638519174512,0.3308361480825488,False
Rq_nm,6095,6022,1.649340271949768,2.0360825164427268,0.3867422444929587,0.5350587073878796,0.22257032690204617,0.47209585579987484,0.382005524782912,1.22781968138044,0.9814814814814815,0.2777777777777778,0.5221434140693216,0.3888888888888889,0.42220252018399707,27.0,0.2496093979999121,0.6872395607883145,2.925866694214416,55.70204564212984,0.05361820118426381,6.440342247470343e-25,0.8333333333333334,False,0.42220252018399707,0.5777974798160029,False
Rq_nm,6095,6028,5.214306831359862,2.565232742468133,2.6490740888917292,0.07713668712148314,0.1137001985524729,0.4172108401032755,0.34222125365323164,1.3577107006885847,0.8333333333333334,0.42592592592592593,0.5957669608202005,0.6481481481481481,0.6350528513161613,30.0,0.093174642980734,0.2752532182467806,-0.6680757790809289,0.1659220495699597,1.0,0.8471122643811262,0.46296296296296297,False,0.6350528513161613,0.3649471486838387,False
Rq_nm,6095,6029,2.2897632122039795,1.8702743546209935,0.41948885758298604,0.016748090111948333,0.0755824214875765,0.05086413153140081,0.06702730631863922,0.2774845281113514,0.3888888888888889,0.6481481481481481,0.502053396730591,0.24074074074074073,0.3060689047382033,33.5,0.30248161882038815,0.8239288696141074,-0.7125614415887329,59.500390511572164,1.0,1.4431408818892917e-26,0.9444444444444444,True,0.9444444444444444,0.05555555555555558,False
Rq_nm,6095,6033,2.0502288341522217,1.9247879769301202,0.12544085722210152,0.07239888884006462,0.08269323828327493,0.13362063952747136,0.11681545606135321,0.3898877421188882,0.7962962962962963,0.9814814814814815,0.8840532046133341,0.3148148148148148,0.45712441226444467,40.25,0.13946479496568792,0.376862944994124,-0.012973790619247479,1.587573970669032,1.0,0.20442094184936654,0.6111111111111112,False,0.45712441226444467,0.5428755877355553,False
Rq_nm,6095,6047,3.348536252975464,2.2994610200818353,1.0490752328936286,0.07012536104557165,0.05668572266378443,0.07866340696278194,0.07354353665257182,0.2589720593083924,0.7592592592592593,0.5740740740740741,0.6602053137028107,0.5370370370370371,0.5678291062034805,31.5,0.05557114533347152,0.148870737883528,-0.8765269889465377,-1.7435852545952562,1.0,1.0,0.2777777777777778,False,0.5678291062034805,0.4321708937965195,False
Rq_nm,6095,6048,1.8154829144477844,2.6642892194778938,0.8488063050301093,0.21815083189896134,0.22384743701171217,0.3033217666661269,0.2802481081550972,0.9225294395939447,0.9444444444444444,0.3148148148148148,0.5452752542346465,0.7962962962962963,0.7335410357808838,27.25,0.04646774711912163,0.14391566541768164,0.13720052311875205,-0.27575152332386377,0.8717953934724874,1.0,0.2037037037037037,False,0.7335410357808838,0.2664589642191162,False
Rq_nm,6095,6056,2.529426336288452,2.0442837096039286,0.48514262668452357,0.0,0.07454776970648257,0.18734993202677602,0.1686593725483723,0.5487293062301533,0.12962962962962962,0.6851851851851852,0.2980273507302052,0.42592592592592593,0.3939512821269957,34.5,0.041455296924400524,0.12173550060531235,-0.9396246963825731,-0.32666451649678835,1.0,1.0,0.12962962962962962,False,0.3939512821269957,0.6060487178730043,False
Rq_nm,6095,6057,3.9545385837554927,1.408023132842981,2.5465154509125116,0.0,0.06357533227491696,0.03593975041986091,0.052047156388727304,0.17141992172747234,0.12962962962962962,0.8333333333333334,0.32867109906108977,0.05555555555555555,0.12383444143193911,39.0,0.052112041896448955,0.1484961259987046,-0.51488269880942,-0.19875318884090107,1.0,1.0,0.24074074074074073,False,0.12383444143193911,0.8761655585680609,False
Rq_nm,6095,6062,3.0923656225204468,3.1851762594904445,0.0928106369699977,0.0,0.3698123319645094,0.12005335945641181,0.2670777115324813,0.9539053966955882,0.12962962962962962,0.7592592592592593,0.313723599001804,0.9074074074074074,0.7589864553060066,37.5,0.2969451428980231,0.8154764859593725,-0.8184355519668984,0.005325979702159665,1.0,0.9946881781817152,0.9074074074074074,True,0.9074074074074074,0.09259259259259256,False
Rq_nm,6095,6063,5.24570107460022,2.220743189157034,3.0249578854431856,0.007809012819520067,0.1878883333018075,0.1834316618426119,0.19359458640629987,0.6104639623810273,0.2777777777777778,0.2777777777777778,0.2777777777777778,0.5,0.4444444444444444,27.0,0.014317381720978233,0.04320021210774416,0.31035828471399224,2.4471351324238912,0.7331842204612644,0.08654116066162407,0.018518518518518517,False,0.4444444444444444,0.5555555555555556,False
Rq_nm,6095,6070,2.544952154159546,2.426447296180978,0.11850485797856791,0.09874394000548614,0.1524647149271977,0.08408216060485386,0.14345561721306163,0.5426558852372043,0.8703703703703703,0.35185185185185186,0.5533908443512568,0.5740740740740741,0.5689032666433698,27.5,0.07972479055296838,0.214117770019834,-0.5457714654017015,0.036914641441367954,1.0,0.9637583968657673,0.3888888888888889,False,0.5689032666433698,0.43109673335663024,False
Rq_nm,6095,6072,1.470114827156067,1.5563220988543598,0.0862072716982929,0.008585020127113818,0.03475248198102751,0.09244811962132499,0.08811839043454921,0.2911326518942907,0.3148148148148148,0.7592592592592593,0.4889029178682995,0.12962962962962962,0.2194479516892971,37.5,0.17097181182174115,0.4674307295493988,1.1184619269725622,-0.19530545129217694,0.32678202290742725,1.0,0.7222222222222222,False,0.2194479516892971,0.7805520483107029,False
Rq_nm,6095,6078,1.5030123591423035,1.952231264659738,0.4492189055174345,0.010795973470684839,0.07678564625734485,0.09413168292270457,0.09205020443713838,0.3039953096214476,0.35185185185185186,0.9074074074074074,0.5650424556441614,0.35185185185185186,0.40514950279992923,39.25,0.18923799529602803,0.5257098841726936,-0.7638964678507992,0.5323013938741487,1.0,0.5872519153594989,0.7592592592592593,False,0.40514950279992923,0.5948504972000708,False
Rq_nm,6095,6080,3.9266197681427,2.164712237564277,1.7619075305784233,0.005562413786115439,0.054394833197036294,0.08601270617306514,0.07799453133483629,0.27320217146831904,0.2037037037037037,0.9444444444444444,0.43861923267877817,0.46296296296296297,0.45687703039191674,39.5,0.11838057379454715,0.3301128766813126,0.624161875302127,0.6021199213045085,0.5357102323925843,0.5476494309414923,0.5370370370370371,False,0.45687703039191674,0.5431229696080833,False
Rq_nm,6095,6081,0.9417254328727722,3.6331388518979866,2.6914134190252144,0.05696959742917507,0.12267247895789177,0.15207775459764752,0.1543489196842501,0.5440667766244975,0.6481481481481481,0.7962962962962963,0.7184135089359563,0.9814814814814815,0.9157144883451003,37.75,0.07234715015370731,0.20115221307028563,-0.805023039655126,-1.1592618934243868,1.0,1.0,0.35185185185185186,False,0.9157144883451003,0.08428551165489973,False
Rq_nm,6095,6082,1.863613247871399,2.602853892359151,0.7392406444877522,0.06919120979796123,0.10283312085412892,0.2738249135939555,0.22931348752382197,0.957483747716745,0.7222222222222222,0.6111111111111112,0.6643478190611888,0.7222222222222222,0.7077536214319639,32.0,0.1659095379534429,0.4515443525779661,0.9247567156076121,-0.008880141953973197,0.3966279007161081,1.0,0.6481481481481481,False,0.7077536214319639,0.29224637856803615,False
Rq_nm,6095,6084,1.391980767250061,2.582741552074466,1.190760784824405,0.13329263008088033,0.19687238228291176,0.15265427976897322,0.19408633846345413,0.6461706489027126,0.9074074074074074,0.5,0.6735753140545634,0.6851851851851852,0.6822827174025298,31.0,0.06181184655394488,0.19242406758745356,-0.20874009374087693,-1.567086735621191,1.0,1.0,0.3148148148148148,False,0.6822827174025298,0.31771728259747023,False
Rq_nm,6095,6085,2.2395859956741333,2.8340055618228357,0.5944195661487024,0.029036098302922753,0.19691824094512805,0.31689432796933015,0.28738086236854904,1.0621924683414181,0.5370370370370371,0.5370370370370371,0.5370370370370371,0.8703703703703703,0.7870370370370371,31.25,0.02247528075751952,0.06955615640525759,-1.0211238639369322,-0.6820583789903948,1.0,1.0,0.05555555555555555,False,0.7870370370370371,0.2129629629629629,False
Rq_nm,6095,6090,2.4095938205718994,2.615745802976918,0.20615198240501842,0.03734283570834762,0.053102007937502214,0.07789168935430772,0.07151425286043446,0.24784111012338883,0.5740740740740741,0.16666666666666666,0.30932024237944566,0.7592592592592593,0.6467745050393059,25.25,0.02721860238837648,0.08536179478184924,-0.6903925133683013,1.2407487669506732,1.0,0.28916761770228067,0.09259259259259259,False,0.6467745050393059,0.3532254949606941,False
Rq_nm,6095,6094,4.058265686035156,1.4452315008981904,2.613034185136966,0.024993049697529024,0.06492332395939324,0.09066420129823684,0.08995305135710868,0.33157104772414914,0.46296296296296297,0.42592592592592593,0.44405847438080737,0.09259259259259259,0.1804590630396463,30.0,0.1267288647680952,0.33653303939609686,0.44191833536465946,-1.0549060316512384,0.6428021275134691,1.0,0.5740740740740741,False,0.18045906303964632,0.8195409369603537,False
Rq_nm,6095,6099,9.394835472106934,2.5199263338926414,6.874909138214292,0.0,0.046102516668001685,0.06123168479507244,0.060959901626005515,0.2095512441268439,0.12962962962962962,0.5,0.2545875386086578,0.6111111111111112,0.5219802179854978,31.0,0.04493956876531487,0.13531333124711575,0.6435919874836635,-1.4353191918346555,0.525401793848454,1.0,0.16666666666666666,False,0.5219802179854978,0.47801978201450224,False
Rq_nm,6095,6101,0.481030598282814,2.715567112331192,2.234536514048378,0.05532186817649709,0.03615127387621733,0.07972655749572968,0.06756564324611332,0.25355775833298777,0.6111111111111112,0.9074074074074074,0.7446655282549297,0.8333333333333334,0.8111663820637325,39.25,0.08614593759234598,0.23978748739014777,-0.7183442330372733,0.6854833054203529,1.0,0.5038466588987802,0.42592592592592593,False,0.8111663820637325,0.18883361793626752,False
Rq_nm,6095,N6342,0.8041046559810638,1.6962220272954074,0.8921173713143435,0.06462786203976689,0.2012759778595216,0.03774138491825281,0.14006857206261472,0.516399658938022,0.6851851851851852,0.05555555555555555,0.19510469912690256,0.16666666666666666,0.17377617478172563,21.0,0.10391553705760408,0.3062175476639275,1.7925025883340018,-0.02185192955089931,0.16654285948977895,1.0,0.5,False,0.1737761747817257,0.8262238252182743,False
Rq_nm,6095,N6358,0.9793977737426758,1.7138567486482144,0.7344589749055386,0.0009895407254523203,0.04266974563453488,0.04079826545789496,0.05969829789449495,0.2158182475820829,0.16666666666666666,0.2777777777777778,0.2151657414559676,0.2037037037037037,0.20656921314176965,27.0,0.16794205785027908,0.4563596432450707,0.8103629015634473,1.5576919855541256,0.44469665582501106,0.21062162840967752,0.6851851851851852,False,0.20656921314176968,0.7934307868582303,False
Rq_nm,6095,N6382,1.1125519275665283,0.5281986477812007,0.5843532797853276,0.027001355278598593,0.017821353728411215,0.1847454991080044,0.15287794514168654,0.5687912664896495,0.5,0.018518518518518517,0.09622504486493763,0.018518518518518517,0.037945150105123296,19.5,0.35828535105132764,0.9830489748431662,6.838209968243606,1.073113998870816,0.0010720206341509784,0.34194205063276106,0.9814814814814815,True,0.9814814814814815,0.01851851851851849,False
Rq_nm,6095,N6389,2.0189785957336426,1.888645124217447,0.13033347151619568,0.007678030362603172,0.034262688102552334,0.044482215913892384,0.042549048001246786,0.17293039782870134,0.24074074074074073,0.09259259259259259,0.1493010694129361,0.2777777777777778,0.24565860068656736,21.5,0.2785512678321746,0.7507270905888445,0.16349996459708943,2.6711179622286036,0.84916652906455,0.06917484719816538,0.8703703703703703,False,0.2456586006865673,0.7543413993134327,False
Rq_nm,6095,N6390,1.9620892405509949,3.616772519375409,1.6546832788244141,0.01764299689119264,0.8511490238133466,0.3202178051963901,0.7254261091694691,2.599852068501374,0.42592592592592593,0.12962962962962962,0.23497365815647261,0.9444444444444444,0.7670767478724514,22.0,0.2045071394779193,0.5481640394592715,7.349248763729569,0.49957018036176287,0.0006430752804145793,0.6067914145361284,0.7962962962962963,False,0.7670767478724514,0.2329232521275486,False
Rq_nm,6099,6022,1.649340271949768,0.4382762961346923,1.2110639758150756,1.4760528438817224,0.5784196099068415,0.7744243967083221,0.671972281037531,1.770967723528356,0.9814814814814815,0.2777777777777778,0.5221434140693216,0.018518518518518517,0.1444247424062193,27.0,0.44361757552008374,1.2004780572723377,4.486462604617658,58.31121248572365,0.01126040594892957,4.7398236582852676e-26,0.9814814814814815,True,0.9814814814814815,0.01851851851851849,False
Rq_nm,6099,6028,5.214306831359862,2.720889446215932,2.4934173851439305,0.056634915772065586,0.12383655819689536,0.30871562232077,0.25785940685963693,0.8616064573176772,0.7592592592592593,0.46296296296296297,0.5928818738363749,0.7962962962962963,0.745442690681316,30.0,0.12632308438903783,0.3357072379796886,-0.7974997286443192,0.3800027522742359,1.0,0.6838595270408084,0.5740740740740741,False,0.745442690681316,0.25455730931868403,False
Rq_nm,6099,6029,2.2897632122039795,2.2557683498566,0.033994862347379584,0.0011706276947958116,0.2032885251798163,0.02805368057950242,0.13894858808225888,0.5283187737792487,0.2037037037037037,0.6481481481481481,0.36335957167312194,0.3888888888888889,0.38250655958494717,33.5,0.16939181362973188,0.4852274822186575,-0.6649358727943872,74.06980187454543,1.0,6.790375176112566e-33,0.7592592592592593,False,0.38250655958494717,0.6174934404150528,False
Rq_nm,6099,6033,2.0502288341522217,1.753148612112135,0.29708022204008677,0.07406736021430893,0.12678685818032243,0.19502683249389288,0.17973542524331754,0.5617093339491721,0.8333333333333334,0.9814814814814815,0.9043789220055393,0.2037037037037037,0.3788725082791626,40.25,0.14522500459567714,0.4105659959550867,0.13645575877527866,1.4563903121797281,0.8724449174374719,0.23307609000567406,0.6851851851851852,False,0.37887250827916263,0.6211274917208374,False
Rq_nm,6099,6047,3.348536252975464,3.064934970463422,0.28360128251204175,0.03821368861487562,0.2394676798584316,0.05084898465809372,0.20379675324087043,0.7641936195398888,0.6111111111111112,0.5740740740740741,0.5923031700636843,0.8703703703703703,0.8008535702936989,31.5,0.10303400791067426,0.28142558998003997,-1.0563832919234435,-1.8150646523614338,1.0,1.0,0.46296296296296297,False,0.8008535702936989,0.19914642970630114,False
Rq_nm,6099,6048,1.8154829144477844,2.174460114536141,0.35897720008835643,0.0,0.2120287466583394,0.1810219387337187,0.20289726859894655,0.5500562157734796,0.16666666666666666,0.3148148148148148,0.2290614236454256,0.35185185185185186,0.3211542448002453,27.25,0.13170547854441775,0.3671344347078125,0.8415067987895091,-0.3768075801061778,0.4310605123758769,1.0,0.6111111111111112,False,0.32115424480024535,0.6788457551997547,False
Rq_nm,6099,6056,2.529426336288452,2.6285812765984047,0.09915494030995253,0.0,0.13569701176423818,0.49256092195775936,0.42183120787568007,1.4518742659340726,0.16666666666666666,0.6851851851851852,0.33793125168323446,0.7222222222222222,0.6261494795874752,34.5,0.021014298671445986,0.06585642437922068,-0.9537310587520014,-0.4465327312695066,1.0,1.0,0.09259259259259259,False,0.6261494795874752,0.37385052041252476,False
Rq_nm,6099,6057,3.9545385837554927,1.5701947089379722,2.3843438748175205,0.008762588716172415,0.07639314385678556,0.030247936292925357,0.05662376356889125,0.1943652862336318,0.35185185185185186,0.8333333333333334,0.5414885747116092,0.12962962962962962,0.2325943659001245,39.0,0.016388997451120203,0.04649070295515967,-0.4429779454124496,0.14354259165769948,1.0,0.8662839029340283,0.018518518518518517,False,0.2325943659001245,0.7674056340998755,False
Rq_nm,6099,6062,3.0923656225204468,3.3403013585960193,0.2479357360755725,0.0053380639628755056,0.31572391360279584,0.0874342385669763,0.2241366737524483,0.8266193282490475,0.2777777777777778,0.7592592592592593,0.45924432472730536,0.9444444444444444,0.8231444145151596,37.5,0.2839782186891298,0.792666558664317,-1.047446963656893,-0.10795695494748209,1.0,1.0,0.9074074074074074,True,0.9074074074074074,0.09259259259259256,False
Rq_nm,6099,6063,5.24570107460022,2.549410097140683,2.6962909774595367,0.019843098451370444,0.17216991702102918,0.17818331532175666,0.1825458442423684,0.583119285801581,0.42592592592592593,0.2777777777777778,0.343966215203828,0.6111111111111112,0.5443248871342904,27.0,0.11139725847739315,0.3119134389774294,-0.2620415118333375,2.5970581858220765,1.0,0.07449239898698447,0.5370370370370371,False,0.5443248871342904,0.4556751128657096,False
Rq_nm,6099,6070,2.544952154159546,2.452167127796913,0.09278502636263308,0.020596835142510983,0.11597502495848909,0.04174122618360783,0.08802960989728496,0.32602647324586886,0.46296296296296297,0.35185185185185186,0.40360175403154386,0.5370370370370371,0.5036782162856638,27.5,0.017506544734762708,0.05099502062299044,-0.3066177237531688,-0.26563133286520363,1.0,1.0,0.05555555555555555,False,0.5036782162856638,0.4963217837143362,False
Rq_nm,6099,6072,1.470114827156067,1.877537383625409,0.4074225564693421,0.01447178452176745,0.037933955818490676,0.10331428521017699,0.09332887404228712,0.2852752673721983,0.3888888888888889,0.7592592592592593,0.5433852130044893,0.24074074074074073,0.31640185880667787,37.5,0.055729252817883934,0.15799785805690603,1.1103074211925834,-0.1959865907060614,0.3294576632376976,1.0,0.3148148148148148,False,0.3164018588066779,0.6835981411933221,False
Rq_nm,6099,6078,1.5030123591423035,1.8845075303209253,0.38149517117862186,0.00540308161140457,0.09811147509095433,0.04973585481454501,0.07761760411225738,0.2941760920770493,0.3148148148148148,0.9074074074074074,0.5344766551726597,0.2777777777777778,0.3419524971264983,39.25,0.17163742738717339,0.45993248135998577,-0.7727502267867753,0.8526136553959318,1.0,0.42629927521176797,0.7962962962962963,False,0.3419524971264982,0.6580475028735018,False
Rq_nm,6099,6080,3.9266197681427,2.2784904003509534,1.6481293677917468,0.0,0.05206426439108437,0.12100231638145013,0.12563478497850403,0.4006846470289078,0.16666666666666666,0.9444444444444444,0.3967460238079361,0.46296296296296297,0.44640872817420624,39.5,0.1345151681818337,0.38118493848517465,1.0955882441983689,0.6157815594884776,0.33434287383492484,0.5402185173659735,0.6481481481481481,False,0.4464087281742062,0.5535912718257938,False
Rq_nm,6099,6081,0.9417254328727722,3.360002908794053,2.418277475921281,0.0012722513727934093,0.08086026022336562,0.08764526187516336,0.09957992604199041,0.3742226652035061,0.24074074074074073,0.7962962962962963,0.43783668213099586,0.9814814814814815,0.8455702816438602,37.75,0.04913566521967063,0.13389023950187517,-0.8805708029247686,-1.2730759135540255,1.0,1.0,0.2777777777777778,False,0.8455702816438602,0.15442971835613983,False
Rq_nm,6099,6082,1.863613247871399,2.610104291914116,0.7464910440427173,0.0917002976718293,0.08353552654331153,0.33861302500329765,0.2765801844410534,1.0861313265381234,0.8703703703703703,0.6111111111111112,0.7293099506487117,0.6851851851851852,0.6962163765510669,32.0,0.04133155334351621,0.11601791711935994,1.0184083954174408,-0.053334976797428525,0.36116932170519256,1.0,0.24074074074074073,False,0.6962163765510669,0.30378362344893306,False
Rq_nm,6099,6084,1.391980767250061,2.6096912864068136,1.2177105191567525,0.04584454033318863,0.18619177532483672,0.09119218038124285,0.17247767253290341,0.636779481346474,0.6481481481481481,0.5,0.5692750425533111,0.6481481481481481,0.6284298717494389,31.0,0.02231466008307193,0.07092456629170751,0.17534338233435967,-1.3682109279544228,0.8391688155429445,1.0,0.12962962962962962,False,0.6284298717494389,0.3715701282505611,False
Rq_nm,6099,6085,2.2395859956741333,3.1534670149218407,0.9138810192477074,0.04753876435376103,0.16005346634963166,0.30943386450717836,0.26938608841416206,0.9884729896393103,0.6851851851851852,0.5370370370370371,0.6066051612651556,0.9074074074074074,0.8322068458718445,31.25,0.036095578469000224,0.10919130957215772,-1.2888219322069996,-0.9048367826176571,1.0,1.0,0.2037037037037037,False,0.8322068458718445,0.16779315412815554,False
Rq_nm,6099,6090,2.4095938205718994,2.9556367574511873,0.5460429368792878,0.061757530500382796,0.19132741080322588,0.08795283914047139,0.15281030682970062,0.5803007543141434,0.7962962962962963,0.16666666666666666,0.364302140239,0.8333333333333334,0.71607553505975,25.25,0.06056965506578868,0.17223989124595573,-0.5641873100639982,1.4523021491551034,1.0,0.23403089342496844,0.35185185185185186,False,0.71607553505975,0.28392446494025003,False
Rq_nm,6099,6094,4.058265686035156,1.5757743690777704,2.482491316957386,0.021406810504909668,0.04781946221984884,0.06419058964267291,0.059650267505178156,0.20301036596212785,0.5,0.46296296296296297,0.4811252243246881,0.16666666666666666,0.24528130608117205,30.0,0.025219388149410202,0.07325681769993808,0.44647531489668935,-0.8640600576792733,0.6398795554832307,1.0,0.16666666666666666,False,0.24528130608117205,0.754718693918828,False
Rq_nm,6099,6095,9.07418346405029,2.515199040878038,6.558984423172252,0.03316418175589808,0.12766911125268535,0.04624129120253902,0.09497877160172186,0.37644542968055683,0.5740740740740741,0.3888888888888889,0.47249447489529905,0.5740740740740741,0.5486791742793804,28.75,0.09102838060889004,0.25730375226434865,0.01925103875529292,-0.5522397666721408,0.9809330791115882,1.0,0.42592592592592593,False,0.5486791742793804,0.4513208257206196,False
Rq_nm,6099,6101,0.481030598282814,2.6743974156386594,2.1933668173558454,0.022990360727337844,0.06183618326317169,0.09711496003061694,0.08834611447720293,0.292357478199909,0.5370370370370371,0.9074074074074074,0.6980769194433617,0.7592592592592593,0.7439636743052849,39.25,0.10619494902514093,0.28871680405654554,-0.17339358016337708,0.8296267089067225,1.0,0.4362120900210444,0.5,False,0.7439636743052849,0.25603632569471513,False
Rq_nm,6099,N6342,0.8041046559810638,2.330261298973684,1.5261566429926203,0.09488424525432526,0.2280230025769677,0.08087587394722903,0.1674554849496763,0.6375588452310537,0.9074074074074074,0.05555555555555555,0.22452510468485445,0.5,0.4311312761712136,21.0,0.08390164488697692,0.2527050988287147,2.296497800148898,-0.05968630079848334,0.10061058580637629,1.0,0.3888888888888889,False,0.4311312761712136,0.5688687238287864,False
Rq_nm,6099,N6358,0.9793977737426758,1.9681304052405675,0.9887326314978917,0.0,0.05632630115180046,0.05319298361167765,0.07388204238129732,0.25792859818855063,0.16666666666666666,0.2777777777777778,0.2151657414559676,0.3148148148148148,0.289902546475103,27.0,0.21155540086983785,0.5903453529865625,1.0436606866950198,1.0641155026782338,0.3521631604772592,0.34503290051768726,0.8703703703703703,False,0.28990254647510305,0.710097453524897,False
Rq_nm,6099,N6382,1.1125519275665283,0.5146305041299802,0.5979214234365481,0.052525552497083794,0.031114874997319172,0.25922441476360664,0.21015266850000683,0.796466248222385,0.7222222222222222,0.018518518518518517,0.11564811108145182,0.05555555555555555,0.07057869443702962,19.5,0.4359833447120521,1.17749300410048,3.4541121295817443,1.1356569044320393,0.03161536224326181,0.3212110470537369,0.9444444444444444,True,0.9444444444444444,0.05555555555555558,False
Rq_nm,6099,N6389,2.0189785957336426,2.2575919598561867,0.23861336412254408,0.0,0.20802115005556987,0.0664973673859367,0.15713392188771813,0.5274999242294693,0.16666666666666666,0.09259259259259259,0.12422599874998831,0.42592592592592593,0.3505009441319415,21.5,0.19373821697977628,0.5530076107048134,0.15783634110577716,3.5167256461284433,0.853989533515111,0.02969651303994883,0.8333333333333334,False,0.35050094413194155,0.6494990558680585,False
Rq_nm,6099,N6390,1.9620892405509949,1.4980259049587028,0.46406333559229207,0.10864806396376214,0.7256116510088004,0.29096232518179294,0.5423387568969227,1.795047125906981,0.9444444444444444,0.12962962962962962,0.3498971042165034,0.09259259259259259,0.1569187204985703,22.0,0.1485310167322228,0.40359797236603856,10.314178091430897,-0.11973031465191153,3.315960660092354e-05,1.0,0.7222222222222222,False,0.15691872049857025,0.8430812795014297,False
Rq_nm,6101,6022,1.649340271949768,4.3739228560075505,2.7245825840577824,0.15899392582221683,0.18057554627164127,0.08729927019191963,0.17846071546562692,0.5414336472584891,0.9444444444444444,0.2777777777777778,0.5121969142940493,0.9814814814814815,0.8641603396846235,27.0,0.3520513023153838,0.9419902428756175,2.050248044796394,44.76511196098209,0.12870297552481363,3.620419484784367e-20,0.9444444444444444,True,0.9444444444444444,0.05555555555555558,False
Rq_nm,6101,6028,5.214306831359862,3.0470786493704236,2.167228181989439,0.0,0.11665801269126048,0.3832014249618937,0.31484746297626165,1.1404077939682997,0.3148148148148148,0.46296296296296297,0.38176903940904267,0.7592592592592593,0.664886704296705,30.0,0.11155278031806248,0.31283652800953043,-0.6968128713279426,0.27149614806761774,1.0,0.7622382195524652,0.6481481481481481,False,0.664886704296705,0.33511329570329496,False
Rq_nm,6101,6029,2.2897632122039795,2.3213142188697127,0.03155100666573318,0.0,0.18757997548611555,0.04783646469356569,0.13318202330073206,0.4961072335085839,0.3148148148148148,0.6851851851851852,0.4644420816290538,0.42592592592592593,0.43555496485170786,33.5,0.05119020305815048,0.16286342442856094,-0.7105290010671053,61.263490377274174,1.0,2.4751651809342288e-27,0.2037037037037037,False,0.43555496485170786,0.5644450351482921,False
Rq_nm,6101,6033,2.0502288341522217,1.872941803264937,0.1772870308872847,0.08762867245753725,0.10702859981835082,0.20677185594756323,0.18704102420498558,0.5778211120092789,0.8333333333333334,0.9814814814814815,0.9043789220055393,0.24074074074074073,0.40665028605694037,40.25,0.05285502735478402,0.16698481306846802,-0.15961462966207693,1.5593776626176286,1.0,0.2102668874349519,0.24074074074074073,False,0.4066502860569403,0.5933497139430597,False
Rq_nm,6101,6047,3.348536252975464,2.7937586185564927,0.5547776344189712,0.07601469751215228,0.07415443507070105,0.08740678810078223,0.0877115647353001,0.2964687804329844,0.7222222222222222,0.6111111111111112,0.6643478190611888,0.6481481481481481,0.6521980658764083,31.5,0.04041287526353342,0.10791963200687849,-0.8433637395923625,-1.5744161932388185,1.0,1.0,0.12962962962962962,False,0.6521980658764083,0.3478019341235917,False
Rq_nm,6101,6048,1.8154829144477844,3.193390707255603,1.3779077928078185,0.21283569963646398,0.19470758302732039,0.3226475067862025,0.28543040845303236,0.9808320026865376,0.9814814814814815,0.3148148148148148,0.5558641118445791,0.7962962962962963,0.736188250183367,27.25,0.0044991008516969775,0.013554180374242941,0.35399730708798155,-0.16029394622088508,0.701876857445474,1.0,0.018518518518518517,False,0.736188250183367,0.263811749816633,False
Rq_nm,6101,6056,2.529426336288452,2.562264004714752,0.03283766842629987,0.0,0.08077072178626485,0.24092047714936216,0.21337753650065466,0.6696582890763549,0.3148148148148148,0.7222222222222222,0.4768293773919901,0.46296296296296297,0.4664295665702197,34.5,0.060533718149983644,0.1806211977913913,-0.9344941609335,-0.2952944037448491,1.0,1.0,0.35185185185185186,False,0.4664295665702197,0.5335704334297803,False
Rq_nm,6101,6057,3.9545385837554927,1.539295179932929,2.4152434038225636,0.0,0.05068529071275698,0.030857447863448944,0.041938112167302144,0.13008757678659477,0.3148148148148148,0.8703703703703703,0.5234553342630581,0.12962962962962962,0.22808605578798674,39.0,0.10558507490629386,0.28527039573646584,-0.45441766848966103,0.033962968844310555,1.0,0.966607298560121,0.5740740740740741,False,0.22808605578798669,0.7719139442120133,False
Rq_nm,6101,6062,3.0923656225204468,3.831333794800255,0.738968172279808,0.0,0.36904487167976735,0.07032708721277314,0.2551915456997719,0.9419418804333817,0.3148148148148148,0.7962962962962963,0.500685401281325,0.9444444444444444,0.8335046836536645,37.5,0.2054917073785341,0.5677595652468981,-0.8834471993382021,0.0021486234835651837,1.0,0.9978536831555431,0.8333333333333334,False,0.8335046836536645,0.16649531634633552,False
Rq_nm,6101,6063,5.24570107460022,2.5957244729380897,2.64997660166213,0.0,0.3657747986908327,0.20552651769412011,0.29585061621010983,0.9513548250853607,0.3148148148148148,0.2777777777777778,0.295717026345765,0.5,0.4489292565864412,27.0,0.06465634065130206,0.20376613401261934,-0.33894810316803314,2.773189482707016,1.0,0.06246246374707519,0.42592592592592593,False,0.4489292565864412,0.5510707434135588,False
Rq_nm,6101,6070,2.544952154159546,3.315578014370205,0.770625860210659,0.06024729457666744,0.1473172834244683,0.041177982155885876,0.12187544661542218,0.4397102177196177,0.6481481481481481,0.35185185185185186,0.4775480354899121,0.8333333333333334,0.744387008872478,27.5,0.060213090899806455,0.1797288956879275,-0.338970312818279,-0.16376101691747147,1.0,1.0,0.3148148148148148,False,0.744387008872478,0.255612991127522,False
Rq_nm,6101,6072,1.470114827156067,1.6775845336148294,0.2074697064587625,0.0019005055955860772,0.03651613493509232,0.09400796023787653,0.08435446633915297,0.27429530633324606,0.35185185185185186,0.7962962962962963,0.5293187380724612,0.16666666666666666,0.25732968451811533,37.5,0.13528442011262104,0.3647191777865709,1.139911364343306,-0.02528325872116103,0.31984737044165673,1.0,0.7592592592592593,False,0.25732968451811533,0.7426703154818847,False
Rq_nm,6101,6078,1.5030123591423035,2.0564428311589182,0.5534304720166148,0.008938643701702276,0.014458037953287593,0.022435725130906234,0.022285043889954198,0.08354292980181954,0.46296296296296297,0.9074074074074074,0.6481481481481481,0.2777777777777778,0.37037037037037035,39.25,0.22474784215987323,0.6182075685307843,-0.7153363811002194,1.0001912538734972,1.0,0.3678090895310646,0.9074074074074074,True,0.9074074074074074,0.09259259259259256,False
Rq_nm,6101,6080,3.9266197681427,2.1914568142750395,1.7351629538676607,0.002553153785725293,0.051774072532927,0.09033494343266331,0.08089003642322865,0.2943662538901668,0.3888888888888889,0.9444444444444444,0.6060395619242064,0.3888888888888889,0.4431765571477183,39.5,0.006150744369905686,0.01752848248727712,0.743313915717179,0.589974422746454,0.4755354171673501,0.554341463085337,0.05555555555555555,False,0.4431765571477183,0.5568234428522817,False
Rq_nm,6101,6081,0.9417254328727722,3.807599672545139,2.8658742396723667,0.03865220887725984,0.10453144237981407,0.0931483967852126,0.14185006471350076,0.5035485258144226,0.5740740740740741,0.8333333333333334,0.6916610887771518,0.9074074074074074,0.8534708277498435,37.75,0.058395410645620954,0.165458429334006,-0.7995900647015014,-0.8202107370513873,1.0,1.0,0.2777777777777778,False,0.8534708277498435,0.1465291722501565,False
Rq_nm,6101,6082,1.863613247871399,2.608001912697858,0.744388664826459,0.10299421477039372,0.07414235917264773,0.2625500035481655,0.21605953475020193,0.920775656731212,0.9074074074074074,0.6481481481481481,0.7668992311425428,0.5370370370370371,0.5945025855634135,32.0,0.08038118869009842,0.21658551805216975,0.8506171884319923,0.09275704839672957,0.4271512177861036,0.9114149031119226,0.5,False,0.5945025855634135,0.4054974144365865,False
Rq_nm,6101,6084,1.391980767250061,2.73202044333904,1.340039676088979,0.06183562892325334,0.19231284252037556,0.12485731521754688,0.1822528757277606,0.581388985605074,0.6851851851851852,0.5370370370370371,0.6066051612651556,0.6111111111111112,0.6099846236496222,31.0,0.01185501432845609,0.03700757060026405,-0.08991253531316536,-1.1247488571254756,1.0,1.0,0.09259259259259259,False,0.6099846236496222,0.39001537635037775,False
Rq_nm,6101,6085,2.2395859956741333,3.4176502752233175,1.1780642795491842,0.0,0.16757257360406874,0.33001961542566083,0.28844264190903557,1.088412198386663,0.3148148148148148,0.5740740740740741,0.4251200104907036,0.8703703703703703,0.7590577804004537,31.25,0.10540519750065318,0.2861601542218448,-1.3841693473087078,-0.5481573965024695,1.0,1.0,0.5370370370370371,False,0.7590577804004537,0.24094221959954631,False
Rq_nm,6101,6090,2.4095938205718994,2.9178385227319183,0.5082447021600189,0.09102541992240054,0.12847283862750455,0.04391652334508544,0.09653662429304329,0.3900108863629046,0.8703703703703703,0.16666666666666666,0.3808697000222802,0.6851851851851852,0.609106313894459,25.25,0.06260798438580878,0.18507861879654675,-0.7407986557743578,1.59540280194505,1.0,0.20282681301128028,0.3888888888888889,False,0.609106313894459,0.390893686105541,False
Rq_nm,6101,6094,4.058265686035156,1.4503634727468038,2.6079022132883525,0.020960522243278268,0.030119162833130195,0.07227715895352631,0.06076536733881496,0.26135343282608425,0.5370370370370371,0.46296296296296297,0.4986263710309726,0.05555555555555555,0.16632325942440981,30.0,0.12607722421921605,0.3445102773761867,0.5607527211341756,-0.7447468226069801,0.5707792644942453,1.0,0.7222222222222222,False,0.16632325942440984,0.8336767405755902,False
Rq_nm,6101,6095,9.07418346405029,2.6392997510388403,6.434883713011449,0.0,0.1740111877859926,0.07444906735628079,0.13467440932282781,0.5358361974637877,0.3148148148148148,0.3888888888888889,0.34989710421650344,0.5740740740740741,0.5180298316096814,28.75,0.10855675605439417,0.3051196192404644,-0.17856522138707315,-0.2994034396380589,1.0,1.0,0.6111111111111112,False,0.5180298316096814,0.4819701683903186,False
Rq_nm,6101,6099,9.394835472106934,3.0022962583012567,6.3925392138056765,0.004083697751334547,0.03848806085412295,0.10795282925901245,0.09001011985758138,0.27884007019565704,0.42592592592592593,0.5370370370370371,0.47826561370907256,0.7222222222222222,0.6612330700939347,31.0,0.06843981198355562,0.18235810387021034,0.7612494961535388,-1.1141299225241632,0.46708244452613285,1.0,0.46296296296296297,False,0.6612330700939347,0.3387669299060653,False
Rq_nm,6101,N6342,0.8041046559810638,1.494390659163209,0.6902860031821452,0.07656404924667615,0.2518576096435475,0.08328365569162914,0.18103785162276817,0.7125324172409874,0.7592592592592593,0.05555555555555555,0.20538030567424848,0.09259259259259259,0.12078952086300657,21.0,0.1749257883241357,0.5082766239410291,1.52851410164113,0.22577043649051323,0.21685765647104407,0.797901249653917,0.7962962962962963,False,0.12078952086300654,0.8792104791369935,False
Rq_nm,6101,N6358,0.9793977737426758,1.828539964404122,0.8491421906614463,0.015957333730475476,0.04705101224070205,0.0326882369781405,0.06783781243643808,0.23944059798312622,0.5,0.2777777777777778,0.37267799624996495,0.2037037037037037,0.245947276840269,27.0,0.21543347451359735,0.5855180043409692,0.47033265247052514,0.8117006614841046,0.6247943943108848,0.4441021561995437,0.8703703703703703,False,0.24594727684026907,0.7540527231597309,False
Rq_nm,6101,N6382,1.1125519275665283,0.6930428468169354,0.4195090807495929,0.08459210329192224,0.03746722765506111,0.28749200718589596,0.2304516409024779,0.9031235971841827,0.7962962962962963,0.018518518518518517,0.12143404674633333,0.018518518518518517,0.04424740057547222,19.5,0.37489389712115745,0.9999501859906985,3.3948460945520913,1.4007030503009872,0.03354571664341764,0.24642365480154493,0.9814814814814815,True,0.9814814814814815,0.01851851851851849,False
Rq_nm,6101,N6389,2.0189785957336426,2.1107288219369438,0.0917502262033012,0.0,0.03845344479115975,0.04707798747377983,0.04560908903885155,0.16290491085662273,0.3148148148148148,0.09259259259259259,0.1707323047646831,0.3148148148148148,0.2787941873022819,21.5,0.12434798758603842,0.39161112931716835,0.15251759980491078,3.6546339113353365,0.8585437836203265,0.02587096681744765,0.6851851851851852,False,0.2787941873022819,0.7212058126977181,False
Rq_nm,6101,N6390,1.9620892405509949,2.1484981260507485,0.18640888549975365,0.05870423946835146,0.756065687053132,0.30677314181368537,0.5775230418343085,1.8630257104428507,0.6111111111111112,0.12962962962962962,0.2814571139550123,0.35185185185185186,0.334253167377642,22.0,0.04601469721754106,0.14639801172724465,8.88443432489744,0.12362705981979112,0.00013852852111661694,0.883709350159608,0.16666666666666666,False,0.334253167377642,0.665746832622358,False
Rq_nm,N6342,6022,1.649340271949768,0.7884412954397338,0.8608989765100342,1.203194648778497,0.48806533359037774,0.8184635837215644,0.6708956584736997,1.8966960059234375,0.9814814814814815,0.24074074074074073,0.4860890647558032,0.018518518518518517,0.13541115507783968,27.0,0.5152799144277609,1.4172369329416727,3.9716256666544343,49.06213350677613,0.018842776150019874,4.927040675169386e-22,0.9814814814814815,True,0.9814814814814815,0.01851851851851849,False
Rq_nm,N6342,6028,5.214306831359862,2.696255287498394,2.5180515438614686,0.020911461465926262,0.1886638508938138,0.48414538804279916,0.41209489466359805,1.4627095746707763,0.3888888888888889,0.42592592592592593,0.4069863143673317,0.7592592592592593,0.6711910230362773,30.0,0.05052446606934844,0.15975599579418287,-0.6539696652962843,0.30727080547366226,1.0,0.7354514096700807,0.2777777777777778,False,0.6711910230362773,0.3288089769637227,False
Rq_nm,N6342,6029,2.2897632122039795,1.8344576475415055,0.45530556466247396,0.009397140897411838,0.29152301863291075,0.027568587764647243,0.19975714404000888,0.7722326873056335,0.24074074074074073,0.6481481481481481,0.39501350014262115,0.2037037037037037,0.2515311528134331,33.5,0.2197891028366753,0.6178619055860648,-0.6626309881687913,71.28678549190742,1.0,1.0978485389545089e-31,0.7962962962962963,False,0.2515311528134331,0.7484688471865669,False
Rq_nm,N6342,6033,2.0502288341522217,2.0013790426574625,0.04884979149475921,0.0718039927335572,0.18561873873441953,0.17733298584931756,0.18759160004141495,0.6286352757009246,0.7592592592592593,0.9814814814814815,0.8632490385782715,0.2777777777777778,0.4241455929779012,40.25,0.04749152807460357,0.1506408996708044,-0.5523129723499656,1.4670736221238678,1.0,0.23059931950577947,0.2037037037037037,False,0.4241455929779012,0.5758544070220988,False
Rq_nm,N6342,6047,3.348536252975464,2.5357654308351987,0.8127708221402652,0.06463248184406645,0.10922093160083972,0.08356775345844782,0.1120399947341836,0.4208434380280939,0.7222222222222222,0.5740740740740741,0.6439014315079151,0.6851851851851852,0.6748642467658678,31.5,0.03753300517146809,0.1085073235615035,-0.8744238935609333,-1.8014574016044733,1.0,1.0,0.09259259259259259,False,0.6748642467658678,0.32513575323413224,False
Rq_nm,N6342,6048,1.8154829144477844,2.2468113241038528,0.43132840965606833,0.18206066543846866,0.22601309377945525,0.28950762118025336,0.2790454219929457,0.8503643483987215,0.9444444444444444,0.2777777777777778,0.5121969142940493,0.3888888888888889,0.41971589524017905,27.25,0.10750019958989841,0.309705031855937,0.24274565743244542,-0.22657570588216275,0.7844710127714974,1.0,0.46296296296296297,False,0.41971589524017905,0.580284104759821,False
Rq_nm,N6342,6056,2.529426336288452,2.236065214890011,0.29336112139844106,0.0,0.14163084750508523,0.41271580832406335,0.37048305574854273,1.1237870447701124,0.2037037037037037,0.6851851851851852,0.37359705558948175,0.35185185185185186,0.35728815278625936,34.5,0.048741271991209215,0.1447958963188095,-0.971111142131176,-0.4234060844214434,1.0,1.0,0.24074074074074073,False,0.35728815278625936,0.6427118472137406,False
Rq_nm,N6342,6057,3.9545385837554927,1.299785283722759,2.6547533000327337,0.0,0.07085964029016674,0.037810354507198454,0.05698029140483134,0.19435005637749558,0.2037037037037037,0.8333333333333334,0.41201102706087017,0.05555555555555555,0.14466942343188421,39.0,0.10497747353860588,0.2858111614866585,-0.23277943563680614,-0.0753935526079997,1.0,1.0,0.42592592592592593,False,0.14466942343188416,0.8553305765681158,False
Rq_nm,N6342,6062,3.0923656225204468,3.3948206157919807,0.3024549932715339,0.040445289434349,0.39135679485929775,0.09778508499409186,0.2782976913866502,0.984901228464381,0.5370370370370371,0.7592592592592593,0.6385533203543211,0.8703703703703703,0.8124161078663581,37.5,0.2742766466701826,0.7689776577931522,-0.7845721923381568,-0.08120306699566573,1.0,1.0,0.9074074074074074,True,0.9074074074074074,0.09259259259259256,False
Rq_nm,N6342,6063,5.24570107460022,2.284424639861927,2.9612764347382927,0.0,0.29184809488486096,0.29656060894447345,0.30811206876289243,0.9819424728323536,0.2037037037037037,0.24074074074074073,0.22144927302039624,0.46296296296296297,0.4025845404773213,27.0,0.06522116915824962,0.2063406648296402,-0.10858731706732132,2.7075892555768637,1.0,0.06669740345180399,0.35185185185185186,False,0.4025845404773213,0.5974154595226787,False
Rq_nm,N6342,6070,2.544952154159546,2.368297391097019,0.17665476306252703,0.11642100564426672,0.15987767260936162,0.05969018673255402,0.1272224673734928,0.4165959294623205,0.8703703703703703,0.3148148148148148,0.5234553342630581,0.5370370370370371,0.5336416113435423,27.5,0.017300986413199496,0.0552448044587861,-0.31825335038541025,-0.22539947734205515,1.0,1.0,0.018518518518518517,False,0.5336416113435423,0.46635838865645773,False
Rq_nm,N6342,6072,1.470114827156067,1.6169506450178668,0.1468358178617999,0.0,0.028479085059350383,0.08309064368040836,0.07236592045528752,0.2457238175423493,0.2037037037037037,0.7592592592592593,0.3932733441036167,0.12962962962962962,0.19554055824812638,37.5,0.1375445055834559,0.3835115766343463,0.9224436002412154,-0.05514352533762203,0.39754640870592894,1.0,0.6111111111111112,False,0.19554055824812644,0.8044594417518736,False
Rq_nm,N6342,6078,1.5030123591423035,1.7063203829239755,0.203308023781672,0.016919521772251755,0.021879937309072443,0.06343280644433918,0.053983793125089545,0.168908968212226,0.2777777777777778,0.9074074074074074,0.5020533967305911,0.16666666666666666,0.2505133491826478,39.25,0.17021076589809578,0.46398804523617465,-0.4802506731943206,0.8169387336548062,1.0,0.4417819989347277,0.7592592592592593,False,0.2505133491826478,0.7494866508173522,False
Rq_nm,N6342,6080,3.9266197681427,2.268727255455139,1.6578925126875612,0.07475040045629289,0.052549609628863424,0.1626032405361858,0.1419426626849482,0.41625204981976704,0.7962962962962963,0.9444444444444444,0.8672125536272663,0.42592592592592593,0.536247582851261,39.5,0.16551572781634064,0.464090622488115,0.3978748321666743,0.5693098754216823,0.6717461034044189,0.5659158564073801,0.7222222222222222,False,0.536247582851261,0.46375241714873905,False
Rq_nm,N6342,6081,0.9417254328727722,4.724316468039553,3.7825910351667806,0.04884570945955957,0.29798189775336253,0.2719757437080443,0.3989943865718646,1.5905830564945034,0.6111111111111112,0.7962962962962963,0.6975854889569394,0.9074074074074074,0.8549519277947905,37.75,0.12949978499006862,0.36762335033273374,-0.5611382948231044,-1.1161923459350254,1.0,1.0,0.5370370370370371,False,0.8549519277947905,0.14504807220520954,False
Rq_nm,N6342,6082,1.863613247871399,2.818860818871988,0.955247571000589,0.15132231931551798,0.17929676756723556,0.3881774619180766,0.32891683114350806,1.2291749739978612,0.9074074074074074,0.6111111111111112,0.7446655282549297,0.7962962962962963,0.7833886042859546,32.0,0.130565270706238,0.35486250708342904,0.6209026208659658,0.12464667631330091,0.5374590967928903,0.8828087647346151,0.5740740740740741,False,0.7833886042859546,0.21661139571404542,False
Rq_nm,N6342,6084,1.391980767250061,2.538561812077501,1.1465810448274398,0.04374463711252119,0.19590588809772858,0.09344325457873129,0.1720405851920654,0.601600073870495,0.5740740740740741,0.5,0.5357583756107197,0.7222222222222222,0.6756062605693466,31.0,0.03830592808694831,0.10298068420671025,-0.3293299157069853,-1.3208444406403705,1.0,1.0,0.12962962962962962,False,0.6756062605693466,0.3243937394306534,False
Rq_nm,N6342,6085,2.2395859956741333,2.8914726255164807,0.6518866298423474,0.0,0.20824676958553148,0.322432569756526,0.29714022310176297,1.0258640797938132,0.2037037037037037,0.5370370370370371,0.33075131665725466,0.8333333333333334,0.7076878291643136,31.25,0.03957740467641448,0.11934380351343621,-1.2241158925866222,-0.5685081228747871,1.0,1.0,0.16666666666666666,False,0.7076878291643136,0.2923121708356864,False
Rq_nm,N6342,6090,2.4095938205718994,2.5125585187300126,0.10296469815811315,0.08221489178605124,0.2192644491006153,0.06474277339335344,0.16909399949889495,0.6364119596270958,0.8333333333333334,0.12962962962962962,0.32867109906108977,0.6111111111111112,0.5405011080986059,25.25,0.05467877710013198,0.16518270242935595,-0.8074733925226213,1.4234067441481517,1.0,0.2408919601480151,0.3148148148148148,False,0.5405011080986059,0.45949889190139415,False
Rq_nm,N6342,6094,4.058265686035156,1.3515736544271975,2.706692031607959,0.019258398054507353,0.07077865686130044,0.08449852453408846,0.0847590014987702,0.3070203654133332,0.35185185185185186,0.42592592592592593,0.3871212029697569,0.09259259259259259,0.16622474518688368,30.0,0.1381962837309924,0.380078346837874,0.4090838070193731,-0.9452440315280171,0.6642585604593578,1.0,0.6481481481481481,False,0.16622474518688368,0.8337752548131163,False
Rq_nm,N6342,6095,9.07418346405029,2.531646171611689,6.542537292438601,0.05844388794666555,0.24812771617280158,0.07899548902949871,0.17985616743157332,0.734288703572116,0.6481481481481481,0.35185185185185186,0.4775480354899121,0.6481481481481481,0.6054981199835892,28.75,0.08430856260585629,0.2355662937734344,-0.1101893403950063,-0.39847193839000594,1.0,1.0,0.3888888888888889,False,0.6054981199835892,0.39450188001641084,False
Rq_nm,N6342,6099,9.394835472106934,2.33900477320562,7.055830698901314,0.0188820273716801,0.02740455033212408,0.09537821499803077,0.07791233679695532,0.2955603156666169,0.3148148148148148,0.5,0.3967460238079361,0.5,0.474186505951984,31.0,0.022177205806060637,0.06900889755019646,0.813899271818386,-1.311449809173821,0.4431268211931472,1.0,0.05555555555555555,False,0.4741865059519841,0.5258134940480159,False
Rq_nm,N6342,6101,0.481030598282814,2.442045945472409,1.961015347189595,0.06157968921221224,0.05804191045001933,0.07617181463426663,0.07190500402726746,0.22339512729503896,0.6851851851851852,0.9074074074074074,0.788506253927547,0.5740740740740741,0.6276821190374423,39.25,0.11193368915751083,0.30505042518507597,-0.2695053981375831,0.7891096432131267,1.0,0.45424905901879714,0.5,False,0.6276821190374423,0.3723178809625577,False
Rq_nm,N6342,N6358,0.9793977737426758,1.924174048909453,0.9447762751667772,0.0,0.054232640778213256,0.05448764802740021,0.0935927058731842,0.2697780003345289,0.2037037037037037,0.24074074074074073,0.22144927302039624,0.24074074074074073,0.2359178738106546,27.0,0.22113020605498016,0.5917969994140935,0.22008520167831844,0.9033309612621973,0.8024504249268001,0.40521764495813584,0.8333333333333334,False,0.23591787381065465,0.7640821261893453,False
Rq_nm,N6342,N6382,1.1125519275665283,5.104550083718432,3.9919981561519036,0.03715006667683429,1.2903803288748392,0.9837293321978441,1.2030345357994652,4.603801345111767,0.5,0.018518518518518517,0.09622504486493763,0.9444444444444444,0.7323895945495676,19.5,0.1645843026663457,0.44338030999277644,3.9980665011621164,2.3215687636493927,0.018351086413071063,0.09811953843895937,0.6851851851851852,False,0.7323895945495676,0.26761040545043235,False
Rq_nm,N6342,N6389,2.0189785957336426,2.175700484805637,0.15672188907199436,0.0227231883046235,0.09980061146468941,0.05025604244973732,0.08882885514104076,0.30477538193319575,0.46296296296296297,0.05555555555555555,0.16037507477489604,0.3148148148148148,0.2762048798048351,21.5,0.26350674946633934,0.7605685331062677,0.08751249653448932,3.0246438894446164,0.9162074221616879,0.0485751163019996,0.8703703703703703,False,0.2762048798048351,0.7237951201951649,False
Rq_nm,N6342,N6390,1.9620892405509949,6.836048239358956,4.873958998807961,0.02201703331464433,1.5458941290322055,0.7509534180141035,1.4994632473175245,5.625358512780124,0.42592592592592593,0.09259259259259259,0.19858898694006683,0.9814814814814815,0.7857583578461279,22.0,0.3349783479194273,0.8921557938370059,9.447447775418594,-0.043382226482388264,7.889065521877856e-05,1.0,0.9444444444444444,True,0.9444444444444444,0.05555555555555558,False
Rq_nm,N6358,6022,1.649340271949768,0.5032211970076705,1.1461190749420975,1.639427974514545,0.6543877451291897,1.0055016959957188,0.8418886819435388,2.235468171927908,0.9814814814814815,0.24074074074074073,0.4860890647558032,0.05555555555555555,0.16318893285561747,27.0,0.3103880731545928,0.8478412052487124,4.307843322902653,53.79005218427123,0.0134625526869024,4.357898943786152e-24,0.9074074074074074,True,0.9074074074074074,0.09259259259259256,False
Rq_nm,N6358,6028,5.214306831359862,2.8710559440254584,2.343250887334404,0.10343365637086954,0.13878686335761578,0.48501725601915013,0.3966119688104529,1.4900612128221138,0.7962962962962963,0.42592592592592593,0.5823772293894959,0.6481481481481481,0.631705418458485,30.0,0.10382659960902185,0.29472531214293496,-0.9020351137235983,0.36379904006914526,1.0,0.6950308540618513,0.46296296296296297,False,0.631705418458485,0.36829458154151495,False
Rq_nm,N6358,6029,2.2897632122039795,1.9875731163030121,0.30219009590096735,0.0,0.3163233817596315,0.046398906026618815,0.2174140383352821,0.8456210506082773,0.24074074074074073,0.6481481481481481,0.39501350014262115,0.2777777777777778,0.30708670836898866,33.5,0.20871656713907974,0.5670525895819479,-0.7437718132905269,64.39383160683218,1.0,1.0817185181561508e-28,0.7962962962962963,False,0.30708670836898866,0.6929132916310113,False
Rq_nm,N6358,6033,2.0502288341522217,2.540500554761153,0.49027172060893154,0.0,0.2174221095938038,0.23738514406906103,0.2609789973452827,1.0697460758201083,0.24074074074074073,0.9814814814814815,0.4860890647558032,0.46296296296296297,0.468744488411173,40.25,0.06880891335639616,0.21665140455770282,-8.138728292844701e-05,1.5715849926257894,1.0,0.2077156934648643,0.2037037037037037,False,0.468744488411173,0.531255511588827,False
Rq_nm,N6358,6047,3.348536252975464,3.0817564466922054,0.2667798062832585,0.037885475902757815,0.14968047192457418,0.07297073166893678,0.14680795213562486,0.5852756450108854,0.5370370370370371,0.5740740740740741,0.5552468277987019,0.7222222222222222,0.6804783736163421,31.5,0.0777966647335942,0.20797580666456827,-0.7725981071612109,-1.9337847998235258,1.0,1.0,0.3148148148148148,False,0.6804783736163421,0.3195216263836579,False
Rq_nm,N6358,6048,1.8154829144477844,2.3237356329905303,0.5082527185427459,0.21635388590742766,0.21012346262396903,0.32014811912052843,0.29185242390801536,0.9255599319516361,0.9444444444444444,0.2777777777777778,0.5121969142940493,0.42592592592592593,0.44749367301795673,27.25,0.08881962055069172,0.24954193885763964,0.5344110920409967,-0.2075950499607603,0.586014297029783,1.0,0.42592592592592593,False,0.44749367301795673,0.5525063269820433,False
Rq_nm,N6358,6056,2.529426336288452,2.3088072478883754,0.2206190884000767,0.0,0.1404373523596212,0.4436567850583756,0.3937683719793022,1.2675241274175828,0.24074074074074073,0.6851851851851852,0.4061428185085427,0.35185185185185186,0.3654245935160246,34.5,0.0883992904889342,0.24786667641262006,-0.8425224449694985,-0.4785186712376263,1.0,1.0,0.3888888888888889,False,0.3654245935160245,0.6345754064839755,False
Rq_nm,N6358,6057,3.9545385837554927,1.5223028783347754,2.4322357054207173,0.028702378848153742,0.09019585024674556,0.04249218244853262,0.06923697678883678,0.23027728202496922,0.5,0.8333333333333334,0.6454972243679028,0.09259259259259259,0.23081875053642015,39.0,0.1084548197248233,0.3102997210303303,-0.27621470148936333,-0.018828910784058732,1.0,1.0,0.5370370370370371,False,0.2308187505364201,0.7691812494635799,False
Rq_nm,N6358,6062,3.0923656225204468,3.8548759072038696,0.7625102846834229,0.015038398237080752,0.5037020417918335,0.10799540859800782,0.35241521715391844,1.2987254612724892,0.3888888888888889,0.7592592592592593,0.5433852130044893,0.9074074074074074,0.8164018588066779,37.5,0.2739773060605286,0.7616286760769868,-1.0237411366224645,0.18859457704676233,1.0,0.8281221783848343,0.8703703703703703,False,0.8164018588066779,0.18359814119332207,False
Rq_nm,N6358,6063,5.24570107460022,2.9945071627258977,2.251193911874322,0.011111319718013046,0.3358240903314394,0.3296693284242653,0.34518152368621946,1.0208786108437264,0.3148148148148148,0.24074074074074073,0.2752975693947871,0.6851851851851852,0.5827132812375857,27.0,0.005422734380410183,0.017203992525294476,-0.23267528324706394,2.4163818672755455,1.0,0.08924393040732641,0.018518518518518517,False,0.5827132812375857,0.4172867187624143,False
Rq_nm,N6358,6070,2.544952154159546,2.598392159546204,0.05344000538665794,0.11872999456251332,0.1722039414635501,0.059623512730647,0.13346470660773424,0.44742301723663047,0.8703703703703703,0.3148148148148148,0.5234553342630581,0.5370370370370371,0.5336416113435423,27.5,0.01152013323166824,0.03467175108749165,-0.41822559495307743,-0.2210120132338536,1.0,1.0,0.05555555555555555,False,0.5336416113435423,0.46635838865645773,False
Rq_nm,N6358,6072,1.470114827156067,1.5803433731101868,0.1102285459541199,0.0,0.06433359044197147,0.10384730105717759,0.10233036612009268,0.3157898375753192,0.24074074074074073,0.7592592592592593,0.4275331992820443,0.12962962962962962,0.2041055220427333,37.5,0.22070464106801302,0.5859011338555569,1.1748962646785865,0.007797974700066744,0.30885101678579696,0.9922323506280676,0.8333333333333334,False,0.20410552204273325,0.7958944779572668,False
Rq_nm,N6358,6078,1.5030123591423035,1.8739556770150898,0.37094331787278634,0.0,0.06360738598584138,0.06160150048657523,0.06682928916297631,0.2593062822736969,0.24074074074074073,0.9074074074074074,0.46738627644903563,0.2037037037037037,0.26962434689003667,39.25,0.18492416154357,0.49631461414154354,-0.7538894433124753,0.858800839892588,1.0,0.42366982577784074,0.7592592592592593,False,0.26962434689003667,0.7303756531099633,False
Rq_nm,N6358,6080,3.9266197681427,2.2132701041396388,1.7133496640030614,0.005855838137343472,0.06414678685940003,0.15764011741867895,0.1458181031483284,0.4142004479013133,0.2777777777777778,0.9444444444444444,0.5121969142940493,0.3148148148148148,0.36416033968462347,39.5,0.1392073293736164,0.3967974040822173,0.871949405729339,0.6967618726652942,0.41813563822641414,0.4981959165148368,0.6851851851851852,False,0.36416033968462347,0.6358396603153765,False
Rq_nm,N6358,6081,0.9417254328727722,4.655665703899953,3.713940271027181,0.038169627164866604,0.17790403638236602,0.141043207082809,0.2463831612105473,0.8437719474410086,0.5740740740740741,0.7962962962962963,0.6761161579084698,0.9814814814814815,0.9051401505882286,37.75,0.11654246232888771,0.316330045867244,-0.7511967723112808,-1.1145889509101676,1.0,1.0,0.5740740740740741,False,0.9051401505882286,0.09485984941177139,False
Rq_nm,N6358,6082,1.863613247871399,2.3168016822059925,0.45318843433459355,0.1588191314222076,0.07528476150543305,0.357485262916881,0.28711376875154,1.136685449764882,0.9074074074074074,0.6111111111111112,0.7446655282549297,0.3888888888888889,0.4778330487303991,32.0,0.028844754629875523,0.08688478686852519,0.9005081583794741,0.0990803157780667,0.40636311044548423,0.90566996551445,0.12962962962962962,False,0.4778330487303991,0.5221669512696009,False
Rq_nm,N6358,6084,1.391980767250061,2.7400511901129647,1.3480704228629037,0.08359817159433502,0.23054506559058563,0.14143405591912048,0.22083641345348268,0.764274483964348,0.7592592592592593,0.5,0.6161409170227454,0.6111111111111112,0.6123685625890197,31.0,0.014415727112653707,0.04235126445310666,-0.2838910723379691,-1.670303635742595,1.0,1.0,0.09259259259259259,False,0.6123685625890197,0.3876314374109803,False
Rq_nm,N6358,6085,2.2395859956741333,3.4732468201276965,1.2336608244535632,0.049256188197912554,0.22367572448107087,0.5028341716762649,0.43402678344603335,1.6345029732187273,0.6481481481481481,0.5370370370370371,0.589982678595333,0.8703703703703703,0.8002734474266111,31.25,0.06300907013576504,0.1850429086752371,-1.4762480452078028,-0.6279900383116336,1.0,1.0,0.16666666666666666,False,0.8002734474266111,0.1997265525733889,False
Rq_nm,N6358,6090,2.4095938205718994,3.249403590934547,0.8398097703626477,0.10671291083276735,0.3354431118991459,0.11579356149576595,0.26032457364808326,0.9839062508958234,0.8333333333333334,0.16666666666666666,0.37267799624996495,0.8333333333333334,0.7181694990624913,25.25,0.06928703536513066,0.1897263325776135,-0.7523228627898266,1.526809795919987,1.0,0.21722756334330298,0.24074074074074073,False,0.7181694990624913,0.2818305009375087,False
Rq_nm,N6358,6094,4.058265686035156,1.6049576533297707,2.4533080327053858,0.01117129194938693,0.09723819758171842,0.10954137900222867,0.11226250295477685,0.3891667335126767,0.35185185185185186,0.42592592592592593,0.3871212029697569,0.16666666666666666,0.2217803007424392,30.0,0.10687116079867624,0.2968272951688415,0.6328405436308076,-0.9941778140647967,0.5310810973842862,1.0,0.5,False,0.22178030074243926,0.7782196992575607,False
Rq_nm,N6358,6095,9.07418346405029,3.0852687266200225,5.988914737430267,0.0,0.15326778090777884,0.07209616028058502,0.11846096323379263,0.4400878434258648,0.24074074074074073,0.35185185185185186,0.2910413638055872,0.7592592592592593,0.6422047853958412,28.75,0.12370113270368846,0.35130379879247586,-0.019936996789155535,-0.2983006870306856,1.0,1.0,0.6111111111111112,False,0.6422047853958412,0.35779521460415875,False
Rq_nm,N6358,6099,9.394835472106934,3.0913497792550113,6.303485692851922,0.02087670056298263,0.05381035699179438,0.132223682590649,0.11858556005757503,0.31855398723271655,0.42592592592592593,0.5,0.46147910349544863,0.7962962962962963,0.7125919980960844,31.0,0.07775396462514576,0.2103701876926638,0.9163647827618785,-1.5281730752887197,0.39997038074159036,1.0,0.2777777777777778,False,0.7125919980960844,0.2874080019039156,False
Rq_nm,N6358,6101,0.481030598282814,2.583598263201332,2.102567664918518,0.04062731292774213,0.06707259636697037,0.10902711811645384,0.09772594425698938,0.3512415683854351,0.6111111111111112,0.9074074074074074,0.7446655282549297,0.5,0.5611663820637325,39.25,0.13757034814619562,0.3658575324991964,-0.37192142730016237,0.6636832009278181,1.0,0.5149511686713437,0.6481481481481481,False,0.5611663820637325,0.4388336179362675,False
Rq_nm,N6358,N6342,0.8041046559810638,1.973107404876992,1.1690027488959283,0.08084456117018246,0.19621826589836808,0.07462146613846432,0.14194151766342022,0.5133978892333193,0.7222222222222222,0.05555555555555555,0.20030840419244383,0.24074074074074073,0.2306326566036665,21.0,0.15070056597192014,0.43195744721701934,2.514451258760766,0.028327191028940678,0.0809072971981799,0.9720702620943243,0.7222222222222222,False,0.2306326566036665,0.7693673433963335,False
Rq_nm,N6358,N6382,1.1125519275665283,0.39660419026552146,0.7159477373010068,0.025096870727752796,0.018894770272137127,0.1676778128305778,0.1438313419864785,0.49920392288073795,0.46296296296296297,0.018518518518518517,0.09259259259259259,0.018518518518518517,0.037037037037037035,19.5,0.4645675993772808,1.2543777666909184,6.892401248581425,1.2217405237593946,0.00101547250912414,0.29471675873318104,0.9814814814814815,True,0.9814814814814815,0.01851851851851849,False
Rq_nm,N6358,N6389,2.0189785957336426,2.650497451646306,0.6315188559126632,0.0,0.16042167690970793,0.061125510961585326,0.13866022689578253,0.47094289607461315,0.24074074074074073,0.09259259259259259,0.1493010694129361,0.5740740740740741,0.46788082290878963,21.5,0.3195656726596185,0.8885324901856035,0.23352553433172984,2.8363492463364506,0.7917373789972597,0.05863935350150972,0.9444444444444444,True,0.9444444444444444,0.05555555555555558,False
Rq_nm,N6358,N6390,1.9620892405509949,4.276650028573233,2.314560788022238,0.07081923966031489,1.4821142176974897,0.4918328161576871,1.148320547866749,3.7092206293828123,0.6851851851851852,0.12962962962962962,0.2980273507302052,0.9444444444444444,0.7828401710158845,22.0,0.07837385616150642,0.21681005710555556,9.871263104286832,0.4331953095432777,5.163746390305365e-05,0.6484338341206636,0.35185185185185186,False,0.7828401710158845,0.21715982898411545,False
Rq_nm,N6382,6022,1.649340271949768,0.8879796965424159,0.7613605754073521,1.1522673962298335,0.4583702490734697,0.7524764748933914,0.6264097605219109,1.7539439388815614,0.9814814814814815,0.24074074074074073,0.4860890647558032,0.018518518518518517,0.13541115507783968,27.0,0.3605799148939023,0.9695186274315015,3.6264635117114676,57.99247810678763,0.026610124595791013,6.51908684092811e-26,0.9814814814814815,True,0.9814814814814815,0.01851851851851849,False
Rq_nm,N6382,6028,5.214306831359862,3.387625854303249,1.8266809770566135,0.18501051926999734,0.18712485861422207,0.6502367722817681,0.5312139314483968,1.8441817150917483,0.9074074074074074,0.42592592592592593,0.6216818641331303,0.8333333333333334,0.7804204660332825,30.0,0.13208212151940094,0.3693380902842305,-0.8463793605170561,0.2530296393762748,1.0,0.7764448681410804,0.5,False,0.7804204660332825,0.21957953396671748,False
Rq_nm,N6382,6029,2.2897632122039795,1.928092229775265,0.36167098242871454,0.059465370628080105,0.16731642944376035,0.08505474908129806,0.13275743375860782,0.4886388803182964,0.6851851851851852,0.6481481481481481,0.6664094153869105,0.24074074074074073,0.3471579094022832,33.5,0.04563875221996213,0.13504796580021816,-1.0319897024357614,76.36206863929331,1.0,6.860803221077779e-34,0.09259259259259259,False,0.3471579094022832,0.6528420905977168,False
Rq_nm,N6382,6033,2.0502288341522217,1.9422131181006423,0.10801571605157934,0.0984926531129795,0.17274261417664333,0.24653439344030242,0.22555232952822513,0.7542132314359049,0.7222222222222222,0.9814814814814815,0.8419309571606892,0.2777777777777778,0.4188160726235056,40.25,0.1064358872776737,0.297497594465845,-0.5145335374305522,1.5909363112683856,1.0,0.20373476324677167,0.42592592592592593,False,0.4188160726235056,0.5811839273764944,False
Rq_nm,N6382,6047,3.348536252975464,2.6103571226976134,0.7381791302778504,0.0,0.18775025783828206,0.0732001207508126,0.15601799187429055,0.5842039136555295,0.16666666666666666,0.5740740740740741,0.30932024237944566,0.6111111111111112,0.5356633939281947,31.5,0.055024190377490526,0.15517939503770128,-1.2433312536916203,-1.7734847030399403,1.0,1.0,0.2037037037037037,False,0.5356633939281947,0.46433660607180527,False
Rq_nm,N6382,6048,1.8154829144477844,2.191134744795734,0.37565183034794947,0.11677901487462439,0.17262106613829267,0.3848662728624442,0.33322925457606334,1.0844469862167672,0.7962962962962963,0.2777777777777778,0.470312040711122,0.42592592592592593,0.4370224546222249,27.25,0.1351735229861894,0.3765622168197421,0.3035267952850698,-0.26684241559401556,0.7382101083164899,1.0,0.5370370370370371,False,0.4370224546222249,0.5629775453777751,False
Rq_nm,N6382,6056,2.529426336288452,1.966251489770965,0.5631748465174871,0.0,0.13095904377325707,0.40279771719362023,0.3511634752204594,1.2837474584718946,0.16666666666666666,0.6851851851851852,0.33793125168323446,0.3148148148148148,0.3205939240319197,34.5,0.08832692056509493,0.24564793324462597,-0.9106762473715487,-0.3881173168357829,1.0,1.0,0.35185185185185186,False,0.3205939240319198,0.6794060759680802,False
Rq_nm,N6382,6057,3.9545385837554927,1.049056595797753,2.9054819879577396,0.02974960309926411,0.0774671100897431,0.032481561376878444,0.0590317021435024,0.2023612510347177,0.35185185185185186,0.8333333333333334,0.5414885747116092,0.05555555555555555,0.17703881034456895,39.0,0.15508603333769327,0.41481932032518765,-0.31936168202018456,-0.08618425249119809,1.0,1.0,0.6481481481481481,False,0.17703881034456892,0.8229611896554311,False
Rq_nm,N6382,6062,3.0923656225204468,4.145876556006228,1.0535109334857813,0.0,0.6398145281904825,0.11391517902089618,0.4428201338300155,1.7118530550741715,0.16666666666666666,0.7592592592592593,0.35572912430182496,0.9814814814814815,0.8250433921865674,37.5,0.3272842435511979,0.8946535489388562,-0.9668752704500899,-0.030317878150165904,1.0,1.0,0.9444444444444444,True,0.9444444444444444,0.05555555555555558,False
Rq_nm,N6382,6063,5.24570107460022,2.772187503156354,2.4735135714438656,0.04535679029962436,0.33862220483791894,0.3766808076714189,0.37598598198839284,1.2385592055741568,0.5370370370370371,0.24074074074074073,0.3595645896101407,0.6851851851851852,0.6037800362914241,27.0,0.04989082570778069,0.1570585481342479,-0.19033193072618884,3.191683706737364,1.0,0.04110260790825619,0.12962962962962962,False,0.6037800362914241,0.39621996370857593,False
Rq_nm,N6382,6070,2.544952154159546,2.252524788808703,0.2924273653508429,0.0446135222299211,0.1161784259768919,0.025627161444841465,0.08314621544457154,0.3188283557670255,0.5,0.3148148148148148,0.3967460238079361,0.5,0.474186505951984,27.5,0.024848284554598893,0.07517682953709992,-0.22290194083116588,-0.3198743281998984,1.0,1.0,0.018518518518518517,False,0.4741865059519841,0.5258134940480159,False
Rq_nm,N6382,6072,1.470114827156067,1.2666241542438361,0.20349067291223077,0.018950733800701114,0.0835316607910643,0.09320603682011462,0.11239811299639738,0.4167315485699805,0.3148148148148148,0.7592592592592593,0.4889029178682995,0.09259259259259259,0.1916701739115193,37.5,0.2127191740842635,0.5827100525670531,1.6164152858007914,-0.062385982754947444,0.19860938239747414,1.0,0.7962962962962963,False,0.1916701739115193,0.8083298260884807,False
Rq_nm,N6382,6078,1.5030123591423035,1.907940932376126,0.4049285732338226,0.031189543477146753,0.09879436346568275,0.05683134799404811,0.08104367456743215,0.3007410403952413,0.3888888888888889,0.9074074074074074,0.5940375900868682,0.2037037037037037,0.3012871752994948,39.25,0.18035750689306965,0.4931574270937561,-0.6261968629226411,0.7488670658798661,1.0,0.4729020161909573,0.6851851851851852,False,0.3012871752994948,0.6987128247005052,False
Rq_nm,N6382,6080,3.9266197681427,2.4007198267645897,1.5258999413781105,0.0,0.07717838103193168,0.11647020658936678,0.12658036635709333,0.3776215105619287,0.16666666666666666,0.9444444444444444,0.3967460238079361,0.5370370370370371,0.5019642837297618,39.5,0.14365785105374618,0.4085809997579143,0.6110008630967855,0.6041444896335119,0.5428073212948676,0.5465417988649599,0.5740740740740741,False,0.5019642837297618,0.49803571627023824,False
Rq_nm,N6382,6081,0.9417254328727722,3.843903407740771,2.9021779748679988,0.04617108641949663,0.1289779119250066,0.13280343184200155,0.17616164072100882,0.6116850632156612,0.5740740740740741,0.7962962962962963,0.6761161579084698,0.9444444444444444,0.8773623728104507,37.75,0.06269965861975844,0.17597617337985838,-0.820992688266167,-1.3231525152235257,1.0,1.0,0.24074074074074073,False,0.8773623728104507,0.12263762718954929,False
Rq_nm,N6382,6082,1.863613247871399,2.692458252509502,0.8288450046381031,0.14318750872917274,0.11401882579913718,0.3853675512460168,0.3132761067980517,1.2253812384166147,0.8333333333333334,0.6111111111111112,0.7136240321480628,0.6481481481481481,0.6645171191481268,32.0,0.12417029427145809,0.33730172228792776,0.811281960172773,0.1268561121674815,0.44428814128809274,0.8808604085739968,0.46296296296296297,False,0.6645171191481268,0.33548288085187317,False
Rq_nm,N6382,6084,1.391980767250061,2.5727330603990524,1.1807522931489913,0.11565375443992787,0.23929675860616056,0.18728501490136792,0.25025227540333184,0.9249589479139977,0.7592592592592593,0.5,0.6161409170227454,0.5740740740740741,0.5845907848112419,31.0,0.02642896941747752,0.07622508174292508,-0.22816573809041454,-1.4262667078945306,1.0,1.0,0.05555555555555555,False,0.5845907848112419,0.41540921518875806,False
Rq_nm,N6382,6085,2.2395859956741333,3.8158031814248683,1.576217185750735,0.05351135417385988,0.28615345094985073,0.6541303539636975,0.556643648382614,2.149105800943078,0.6481481481481481,0.5370370370370371,0.589982678595333,0.9074074074074074,0.8280512252043888,31.25,0.07515959474820036,0.217021653649208,-1.8027295537881802,-0.644604363636137,1.0,1.0,0.2777777777777778,False,0.8280512252043888,0.17194877479561121,False
Rq_nm,N6382,6090,2.4095938205718994,3.352952262146628,0.9433584415747287,0.03920814699481756,0.3094816909060569,0.13347377900880145,0.246325159038195,0.9511767527427342,0.42592592592592593,0.12962962962962962,0.23497365815647261,0.7962962962962963,0.6559656367613403,25.25,0.07567414778186124,0.2094756542346493,-0.6917541615157728,1.4629709844048895,1.0,0.23154732831058364,0.3148148148148148,False,0.6559656367613403,0.34403436323865966,False
Rq_nm,N6382,6094,4.058265686035156,1.4875392293958216,2.570726456639335,0.015002893857617883,0.0754117227505049,0.10563634496019737,0.09997363879945968,0.37443631383640685,0.24074074074074073,0.42592592592592593,0.3202151197368626,0.12962962962962962,0.17727600215643785,30.0,0.10600922834553214,0.2866473861358651,0.37189107443329417,-1.0093897326519052,0.6894293349154168,1.0,0.3888888888888889,False,0.1772760021564379,0.8227239978435621,False
Rq_nm,N6382,6095,9.07418346405029,3.274959319710962,5.799224144339327,0.05122942091674609,0.2619228970384799,0.08828367879454026,0.19154229002273593,0.7495885237740207,0.6111111111111112,0.35185185185185186,0.4637031120573672,0.7592592592592593,0.6853702224587862,28.75,0.19392415088714948,0.534144452583179,-0.06577179682147472,-0.542651426116701,1.0,1.0,0.7592592592592593,False,0.6853702224587862,0.3146297775412138,False
Rq_nm,N6382,6099,9.394835472106934,3.495590624431969,5.899244847674964,0.044404427926672874,0.08081428232230431,0.21684914643178532,0.18408936028588485,0.5755935864560797,0.46296296296296297,0.5,0.4811252243246881,0.8703703703703703,0.7730590838589498,31.0,0.14423164657364998,0.39558731702045113,0.37508177162811124,-1.307906773038086,0.6872330803254134,1.0,0.6111111111111112,False,0.7730590838589498,0.22694091614105016,False
Rq_nm,N6382,6101,0.481030598282814,2.1108269360546537,1.6297963377718396,0.01750074868672069,0.06453422508271697,0.10948978339819147,0.09764706491767264,0.352678365116311,0.2777777777777778,0.9074074074074074,0.5020533967305911,0.3888888888888889,0.41718001584931447,39.25,0.21347858470027672,0.5679802134627479,-0.13192019093206425,0.9460821721079159,1.0,0.38825918021976813,0.8333333333333334,False,0.4171800158493144,0.5828199841506856,False
Rq_nm,N6382,N6342,0.8041046559810638,2.028279358404108,1.2241747024230443,0.331836986356993,0.2549675780796029,0.6341817705709922,0.5668238832090284,2.1262915649369516,0.9444444444444444,0.018518518518518517,0.13224867460264536,0.35185185185185186,0.29695105753955026,21.0,0.1855324275259951,0.5111832078059207,2.3068453106145896,0.3606789031710498,0.0995748844233486,0.6972028321473447,0.7222222222222222,False,0.2969510575395502,0.7030489424604498,False
Rq_nm,N6382,N6358,0.9793977737426758,1.7461620228795434,0.7667642491368676,0.0076183808718846,0.11483345813971872,0.05092388654897727,0.13168226233369268,0.48400583340369363,0.2037037037037037,0.24074074074074073,0.22144927302039624,0.16666666666666666,0.18036231825509907,27.0,0.24258420814681284,0.6684325609658777,0.7838787336498882,1.0585891561939398,0.45663142029163256,0.34694495033307166,0.8703703703703703,False,0.18036231825509907,0.8196376817449009,False
Rq_nm,N6382,N6389,2.0189785957336426,2.2024076840935676,0.183429088359925,0.0,0.13338487211632952,0.0754692831546183,0.11179347576059363,0.3836274994032438,0.16666666666666666,0.05555555555555555,0.09622504486493763,0.46296296296296297,0.3712784834384566,21.5,0.2483947814193386,0.703449432367498,0.27700184356860924,3.642521277376866,0.7580530995863216,0.026186237895645812,0.9074074074074074,True,0.9074074074074074,0.09259259259259256,False
Rq_nm,N6382,N6390,1.9620892405509949,2.792247762876877,0.830158522325882,0.15293783604861488,1.1340653371830736,0.4137353967932614,0.8515848294016006,2.6965578661022644,0.8703703703703703,0.09259259259259259,0.2838835132732572,0.7222222222222222,0.6126375449849809,22.0,0.053793954831882526,0.14683929185948041,10.112761308854498,-0.013952351059087414,4.055865707360934e-05,1.0,0.16666666666666666,False,0.6126375449849809,0.3873624550150191,False
Rq_nm,N6389,6022,1.649340271949768,1.7687448042979763,0.11940453234820825,0.6723462765121881,0.2649892363971113,0.5914707533431528,0.47622915990588305,1.458385552538094,0.9814814814814815,0.24074074074074073,0.4860890647558032,0.2037037037037037,0.2743000439667286,27.0,0.17960903372241313,0.517583254821598,3.9149095978083204,49.791693261794755,0.01994235139643574,2.375430737200838e-22,0.8703703703703703,False,0.2743000439667286,0.7256999560332714,False
Rq_nm,N6389,6028,5.214306831359862,2.8377457172223544,2.376561114137508,0.08478802612984992,0.13819408172822742,0.4813206188169875,0.3935615129208221,1.4580397347434098,0.6111111111111112,0.42592592592592593,0.51018434496133,0.6851851851851852,0.6414349751292214,30.0,0.06047678606395598,0.16503653461363943,-0.6092946469050217,0.3122683426863785,1.0,0.7317851326904801,0.2037037037037037,False,0.6414349751292214,0.35856502487077857,False
Rq_nm,N6389,6029,2.2897632122039795,1.7530687714162694,0.5366944407877101,0.0,0.3473426765042005,0.08793995828696106,0.2476323134051195,0.9616985103172511,0.2037037037037037,0.6481481481481481,0.36335957167312194,0.16666666666666666,0.21583989291828048,33.5,0.0692072323389982,0.21782313933484887,-0.8041935533265777,60.26765474019708,1.0,6.700236140604331e-27,0.24074074074074073,False,0.21583989291828054,0.7841601070817195,False
Rq_nm,N6389,6033,2.0502288341522217,2.5991807021027102,0.5489518679504886,0.016104574392401094,0.16880269665498768,0.2693983889176475,0.27619987862175865,1.0946119308461513,0.3148148148148148,0.9814814814814815,0.5558641118445791,0.5370370370370371,0.5417438057389226,40.25,0.03883821048930776,0.11700165778301974,0.6545791362925307,1.3997752397287628,0.5196607229091934,0.2466523953712665,0.16666666666666666,False,0.5417438057389226,0.45825619426107744,False
Rq_nm,N6389,6047,3.348536252975464,2.466994888788654,0.88154136418681,0.08651953207760776,0.11602599035284601,0.12181135395240957,0.13000834291671018,0.49863976716838154,0.6481481481481481,0.5740740740740741,0.6099877441481705,0.46296296296296297,0.49971915825926483,31.5,0.029870673493185666,0.09090240818936324,-0.7003181441318738,-1.5476914480834267,1.0,1.0,0.12962962962962962,False,0.49971915825926483,0.5002808417407352,False
Rq_nm,N6389,6048,1.8154829144477844,2.6521602700194653,0.8366773555716809,0.29287733417979833,0.41473334722867744,0.4753983840494833,0.46549258571984403,1.504867982495441,0.9444444444444444,0.2777777777777778,0.5121969142940493,0.5740740740740741,0.5586047841290679,27.25,0.07919125059968858,0.2251613386569402,0.5084191063722266,-0.1295183685347185,0.6014456492285799,1.0,0.3888888888888889,False,0.5586047841290679,0.4413952158709321,False
Rq_nm,N6389,6056,2.529426336288452,1.9271242054223616,0.6023021308660905,0.0,0.15329447117975967,0.4415025685251735,0.3983139435451479,1.3198073586154397,0.2037037037037037,0.6851851851851852,0.37359705558948175,0.3148148148148148,0.32951037500848157,34.5,0.12884111381629004,0.35274792813119726,-0.7787319923939794,-0.3393645978182106,1.0,1.0,0.6111111111111112,False,0.32951037500848157,0.6704896249915184,False
Rq_nm,N6389,6057,3.9545385837554927,1.4217369147292445,2.5328016690262483,0.0014641125180316905,0.07923582574966317,0.03685461927776791,0.06087741573916555,0.20871881383093327,0.24074074074074073,0.8333333333333334,0.4479032082388083,0.05555555555555555,0.15364246872636875,39.0,0.08218812154202214,0.2235152541994645,-0.33101625463365447,-0.11482287358145223,1.0,1.0,0.42592592592592593,False,0.15364246872636877,0.8463575312736312,False
Rq_nm,N6389,6062,3.0923656225204468,3.669547901859192,0.5771822793387451,0.011724968560353322,0.4246247492157099,0.078217871191539,0.2938084426690679,1.1163058883466985,0.2777777777777778,0.7592592592592593,0.45924432472730536,0.9444444444444444,0.8231444145151596,37.5,0.2971497902703169,0.8213263197375876,-0.854397431455191,0.02561038815511383,1.0,0.9747147760609157,0.9444444444444444,True,0.9444444444444444,0.05555555555555558,False
Rq_nm,N6389,6063,5.24570107460022,2.6872186150284176,2.558482459571802,0.0,0.4231716627274777,0.4388904808412779,0.4507224053262638,1.4424272884443137,0.2037037037037037,0.24074074074074073,0.22144927302039624,0.6111111111111112,0.5136956515884324,27.0,0.07895924767936126,0.2303390945300312,-0.049093170800705785,2.699013259709375,1.0,0.06727185985522494,0.35185185185185186,False,0.5136956515884324,0.48630434841156756,False
Rq_nm,N6389,6070,2.544952154159546,2.466675191233228,0.07827696292631803,0.03330358222620289,0.08417084362713814,0.027966230799883206,0.06604455242751985,0.193741763398267,0.5740740740740741,0.3148148148148148,0.4251200104907036,0.42592592592592593,0.4257244470671203,27.5,0.007068176189667192,0.0218921859099801,-0.3723025804630201,-0.16784989448964616,1.0,1.0,0.018518518518518517,False,0.4257244470671203,0.5742755529328797,False
Rq_nm,N6389,6072,1.470114827156067,1.5008181587073577,0.03070333155129079,0.017630816523728887,0.05656853583835247,0.08917793044319931,0.09071600438327364,0.3125985366083237,0.3888888888888889,0.7592592592592593,0.5433852130044893,0.09259259259259259,0.20529074769556677,37.5,0.17369393150425513,0.47223596114662614,1.0424029389584224,-0.02860745554608217,0.3526063715607036,1.0,0.8333333333333334,False,0.20529074769556677,0.7947092523044332,False
Rq_nm,N6389,6078,1.5030123591423035,2.182842506214161,0.6798301470718577,0.016586221648136057,0.04172545096554406,0.024947866186328608,0.035597630115515484,0.13057419767411815,0.35185185185185186,0.9074074074074074,0.5650424556441614,0.35185185185185186,0.40514950279992923,39.25,0.1577602883532026,0.43757666231927383,-0.5946024076897137,1.0771959968118787,1.0,0.340549088853881,0.7222222222222222,False,0.40514950279992923,0.5948504972000708,False
Rq_nm,N6389,6080,3.9266197681427,2.2716203133142447,1.6549994548284555,0.0,0.07976821295307371,0.09944956445449887,0.11564802246118201,0.35257491053503953,0.2037037037037037,0.9444444444444444,0.43861923267877817,0.3888888888888889,0.4013214748363612,39.5,0.1013785739729433,0.2790996114235911,0.6619463678254898,0.7107303509582024,0.5158463300551086,0.49128525574292403,0.5370370370370371,False,0.40132147483636116,0.5986785251636388,False
Rq_nm,N6389,6081,0.9417254328727722,4.365894560744434,3.4241691278716617,0.13018155169897572,0.19490343690948553,0.24252634094972642,0.2712145584033563,1.0336645042614068,0.7962962962962963,0.7962962962962963,0.7962962962962963,0.9814814814814815,0.9351851851851852,37.75,0.08945450342541769,0.246699756078971,-0.8863262195338212,-0.978343894509394,1.0,1.0,0.5,False,0.9351851851851852,0.06481481481481477,False
Rq_nm,N6389,6082,1.863613247871399,2.9488178558730116,1.0852046080016127,0.1927046714468501,0.1404564846296298,0.4697191961266548,0.385285934277235,1.6001030800586327,0.9074074074074074,0.6111111111111112,0.7446655282549297,0.7592592592592593,0.7556108265081769,32.0,0.16264658713546545,0.45101393810630797,1.2989705742828386,0.08465800506006411,0.2728124887233984,0.9188264646759614,0.7592592592592593,False,0.7556108265081769,0.2443891734918231,False
Rq_nm,N6389,6084,1.391980767250061,2.7700272410091484,1.3780464737590874,0.11025838479285044,0.2538846546576621,0.2183923495043561,0.27346364876928614,0.9772281583369207,0.7592592592592593,0.5,0.6161409170227454,0.6481481481481481,0.6401463403667975,31.0,0.025530026765333235,0.07706439417344324,-0.3716792346242405,-1.3056047065185101,1.0,1.0,0.09259259259259259,False,0.6401463403667975,0.3598536596332025,False
Rq_nm,N6389,6085,2.2395859956741333,3.2175225516980297,0.9779365560238964,0.0,0.23520810325868052,0.4481213344529366,0.39632981068284245,1.5018732802271848,0.2037037037037037,0.5370370370370371,0.33075131665725466,0.9074074074074074,0.7632433847198692,31.25,0.023824505464819977,0.0720208169783132,-1.3191007078439418,-0.650519010395312,1.0,1.0,0.05555555555555555,False,0.7632433847198692,0.2367566152801308,False
Rq_nm,N6389,6090,2.4095938205718994,3.1935150979321483,0.7839212773602489,0.09922312777453302,0.17957902798650177,0.10136300635235639,0.15081538199700847,0.5436565914748255,0.7222222222222222,0.12962962962962962,0.30597614151589453,0.8703703703703703,0.7292718131567514,25.25,0.13101793113170718,0.40071959146312863,-0.571543226994516,1.9056281773145298,1.0,0.14872918497121812,0.6481481481481481,False,0.7292718131567514,0.2707281868432486,False
Rq_nm,N6389,6094,4.058265686035156,1.5605923448541699,2.4976733411809864,0.020185533427929725,0.10508262529874707,0.1317744286875685,0.1358911916982509,0.47679265218091116,0.46296296296296297,0.42592592592592593,0.44405847438080737,0.12962962962962962,0.20823684081742405,30.0,0.0776820634871048,0.21998815547819522,1.1227902954406235,-0.9079694284926662,0.3253706465854138,1.0,0.3148148148148148,False,0.208236840817424,0.791763159182576,False
Rq_nm,N6389,6095,9.07418346405029,2.9696632175915045,6.104520246458785,0.02510452272417396,0.29098735129189773,0.1006644668365089,0.21189142320494972,0.8842932204537082,0.5,0.35185185185185186,0.41943524640393054,0.7962962962962963,0.7020810338232049,28.75,0.15606189074355992,0.42719237198078763,0.10397776055055812,-0.26318304981711094,0.9012453403985141,1.0,0.6851851851851852,False,0.7020810338232049,0.29791896617679514,False
Rq_nm,N6389,6099,9.394835472106934,2.9966992794664837,6.39813619264045,0.13750354378884388,0.14461761676356122,0.25572081680975317,0.2212631722377936,0.7342084609066237,0.8333333333333334,0.5,0.6454972243679028,0.8333333333333334,0.7863743060919757,31.0,0.07326854485712865,0.19869439113262577,0.5339358743428454,-1.2335121026744031,0.5862928475759338,1.0,0.2777777777777778,False,0.7863743060919757,0.21362569390802433,False
Rq_nm,N6389,6101,0.481030598282814,2.5642678529207448,2.0832372546379307,0.019957906270722692,0.04466705860728156,0.1036024175917734,0.0876651022979675,0.3530991507543928,0.42592592592592593,0.9074074074074074,0.6216818641331303,0.5,0.5304204660332825,39.25,0.12675430120474535,0.3566364067387825,-0.42539601559702583,0.8298998771248883,1.0,0.43609294701545315,0.5740740740740741,False,0.5304204660332825,0.4695795339667175,False
Rq_nm,N6389,N6342,0.8041046559810638,1.786785097121594,0.9826804411405301,0.09362190850338847,0.15575946781546363,0.07549912008032199,0.12033564013959001,0.43403922388793315,0.6851851851851852,0.05555555555555555,0.19510469912690256,0.24074074074074073,0.2293317303372812,21.0,0.166985426658211,0.48768233059062194,1.8343379952772851,0.22908675788365054,0.15971920164314554,0.7952595354778249,0.7962962962962963,False,0.22933173033728116,0.7706682696627188,False
Rq_nm,N6389,N6358,0.9793977737426758,1.871050098801877,0.8916523250592012,0.0,0.10266819157412717,0.07217256534478467,0.13630958006660648,0.5032089881510464,0.2037037037037037,0.24074074074074073,0.22144927302039624,0.2777777777777778,0.2636956515884324,27.0,0.2551868896728585,0.7082194069485206,1.2426163765608789,1.3805999196108192,0.28862806947005853,0.25142767141506844,0.9074074074074074,True,0.9074074074074074,0.09259259259259256,False
Rq_nm,N6389,N6382,1.1125519275665283,0.2571872628501857,0.8553646647163426,0.02523914673822114,0.01793012600612857,0.10521889212222497,0.09523191956121783,0.3492290479116965,0.5370370370370371,0.018518518518518517,0.09972527420619452,0.018518518518518517,0.038820207440437515,19.5,0.590972592553118,1.5930431150110833,7.302308870602728,1.4623355672175906,0.0006739808427990465,0.23169450421676357,0.9814814814814815,True,0.9814814814814815,0.01851851851851849,False
Rq_nm,N6389,N6390,1.9620892405509949,2.839894380751861,0.877805140200866,0.16257217914881217,1.265667084759225,0.47321652174864925,0.9478056537328547,3.0312097496935424,0.8703703703703703,0.09259259259259259,0.2838835132732572,0.7222222222222222,0.6126375449849809,22.0,0.08920992539793901,0.27983712593972065,8.534475922832604,0.32523001843911964,0.0001965731516639126,0.7223611781404137,0.46296296296296297,False,0.6126375449849809,0.3873624550150191,False
Rq_nm,N6390,6022,1.649340271949768,0.738962372184852,0.9103778997649161,1.167732759978948,0.46565486422517655,0.783046197384463,0.6499893418424808,1.7788491379945133,0.9814814814814815,0.24074074074074073,0.4860890647558032,0.018518518518518517,0.13541115507783968,27.0,0.36639362063158454,1.0158130635344007,3.7631205653011,49.49142335519118,0.023211195192462782,3.2073616736761295e-22,0.9444444444444444,True,0.9444444444444444,0.05555555555555558,False
Rq_nm,N6390,6028,5.214306831359862,3.8448393176853988,1.3694675136744636,0.19050690755491662,0.31912822758767057,1.0903997191603056,0.8968273658744499,3.294514636678687,0.9074074074074074,0.42592592592592593,0.6216818641331303,0.8333333333333334,0.7804204660332825,30.0,0.17127559367924508,0.47442239994238866,-0.6428918643277985,0.22166242267907077,1.0,0.8011857808383137,0.5740740740740741,False,0.7804204660332825,0.21957953396671748,False
Rq_nm,N6390,6029,2.2897632122039795,1.5269876841192658,0.7627755280847137,0.0001382379241730014,0.29699464879184034,0.07268759232205937,0.21092533352982026,0.8194526608146275,0.16666666666666666,0.6481481481481481,0.32867109906108977,0.16666666666666666,0.20716777476527243,33.5,0.147674569137493,0.44451229868669273,-0.6956780326950414,56.33818328821114,1.0,3.4090853743067877e-25,0.5,False,0.20716777476527248,0.7928322252347275,False
Rq_nm,N6390,6033,2.0502288341522217,1.9675842211466879,0.08264461300553383,0.02368775006076773,0.20503124881120996,0.20165514493460981,0.2167468679677596,0.8106845771402282,0.46296296296296297,0.9814814814814815,0.6740842490074553,0.3888888888888889,0.46018772891853055,40.25,0.12506200440420717,0.3357356472596267,-0.5396861741311794,1.0496956765861614,1.0,0.3500442595675867,0.42592592592592593,False,0.46018772891853055,0.5398122710814695,False
Rq_nm,N6390,6047,3.348536252975464,2.733795086231505,0.6147411667439591,0.011259088029309083,0.13920982372590066,0.08053696767979227,0.13649484259860625,0.574051178962208,0.3148148148148148,0.5740740740740741,0.4251200104907036,0.6851851851851852,0.6201688915115648,31.5,0.0602209631273913,0.16567650127695255,-0.8394464950916228,-1.4574145773084854,1.0,1.0,0.2037037037037037,False,0.6201688915115648,0.37983110848843515,False
Rq_nm,N6390,6048,1.8154829144477844,2.60451587877758,0.7890329643297957,0.32472432538701135,0.331384491130926,0.4553857136872474,0.42468925309856115,1.3113160149970922,0.9444444444444444,0.2777777777777778,0.5121969142940493,0.5370370370370371,0.5308270063512901,27.25,0.08417307155450178,0.2425340809850498,0.8865304591846523,-0.3167358356118457,0.4120830141867307,1.0,0.35185185185185186,False,0.5308270063512901,0.4691729936487099,False
Rq_nm,N6390,6056,2.529426336288452,1.764651391461036,0.7647749448274161,0.0,0.1573046755285061,0.40693407883445426,0.3687480659159803,1.2444214339784985,0.12962962962962962,0.6851851851851852,0.2980273507302052,0.3148148148148148,0.3106179487936624,34.5,0.13999087083108294,0.40302476895330874,-0.6459183511189842,-0.32440014533655226,1.0,1.0,0.46296296296296297,False,0.31061794879366245,0.6893820512063376,False
Rq_nm,N6390,6057,3.9545385837554927,0.7556445688307165,3.198894014924776,0.015379377666100646,0.056047909587849006,0.024672229196949638,0.04286083503754717,0.14180307605125042,0.3888888888888889,0.8333333333333334,0.5692750425533111,0.05555555555555555,0.18398542730499443,39.0,0.2700830870638693,0.7247563788308854,-0.411212779388409,-0.031639935851688485,1.0,1.0,0.7222222222222222,False,0.18398542730499445,0.8160145726950055,False
Rq_nm,N6390,6062,3.0923656225204468,5.025386467745183,1.9330208452247364,0.011482868251848188,0.874976794275876,0.3195032785617142,0.6627051595961568,2.316295635569375,0.35185185185185186,0.7592592592592593,0.5168624347019579,0.9814814814814815,0.8653267197866006,37.5,0.43230124523301894,1.1984139822814857,-0.7387447858570894,0.32743063369723746,1.0,0.720773286919558,0.9814814814814815,True,0.9814814814814815,0.01851851851851849,False
Rq_nm,N6390,6063,5.24570107460022,3.4461163927694876,1.7995846818307322,0.03171539658234046,0.5047036635837925,0.6509809688597586,0.6187208812434543,2.0786008615194334,0.5370370370370371,0.24074074074074073,0.3595645896101407,0.7592592592592593,0.6593355918469797,27.0,0.015270770521453756,0.04727137731126341,-0.11319977967838706,2.0886443000613943,1.0,0.1238549321749449,0.018518518518518517,False,0.6593355918469797,0.34066440815302035,False
Rq_nm,N6390,6070,2.544952154159546,2.060321273785689,0.48463088037385704,0.1346841100759386,0.14545421319505725,0.07226386784337428,0.11296072922641974,0.3489254306212737,0.7962962962962963,0.3148148148148148,0.500685401281325,0.42592592592592593,0.44461579476477564,27.5,0.05229422341635252,0.15601128338830073,-0.2645199866830503,-0.3334681842225217,1.0,1.0,0.16666666666666666,False,0.44461579476477564,0.5553842052352244,False
Rq_nm,N6390,6072,1.470114827156067,0.9958004945453435,0.4743143326107234,0.0011628087700537026,0.03257620848783234,0.07188040178887269,0.07257255868381388,0.23761500600913543,0.2037037037037037,0.7592592592592593,0.3932733441036167,0.12962962962962962,0.19554055824812638,37.5,0.2931117961488051,0.7953608999154803,1.218032528118755,-0.11572708400603496,0.29581159576081956,1.0,0.7962962962962963,False,0.19554055824812644,0.8044594417518736,False
Rq_nm,N6390,6078,1.5030123591423035,1.7297882514638685,0.22677589232156503,0.0,0.05428422849935555,0.05897603293036963,0.06208723407005888,0.2426780975969942,0.12962962962962962,0.9074074074074074,0.3429677625454099,0.2777777777777778,0.2940752739696858,39.25,0.24120173141167064,0.6493221652468376,-0.7985828297691708,0.7229868822772502,1.0,0.48530055338485606,0.6481481481481481,False,0.2940752739696858,0.7059247260303142,False
Rq_nm,N6390,6080,3.9266197681427,2.660988554158847,1.2656312139838533,0.02948805854306835,0.10830291180310152,0.17620654272394667,0.1783854399435635,0.5070588706655763,0.5,0.9444444444444444,0.6871842709362768,0.6111111111111112,0.6301294010674026,39.5,0.17053761395206293,0.4702034929985603,0.804470245750993,0.6515278577925756,0.447324836034491,0.5212487740613435,0.5370370370370371,False,0.6301294010674026,0.36987059893259744,False
Rq_nm,N6390,6081,0.9417254328727722,3.774484317233038,2.8327588843602656,0.04009370326466488,0.14266667655784857,0.16225759994020647,0.21376717369973317,0.8161440853894781,0.5740740740740741,0.7962962962962963,0.6761161579084698,0.7962962962962963,0.7662512616993397,37.75,0.047846061412213814,0.13769303664359422,-0.9827685278886555,-1.2664624871613621,1.0,1.0,0.09259259259259259,False,0.7662512616993397,0.23374873830066034,False
Rq_nm,N6390,6082,1.863613247871399,2.437734354837484,0.5741211069660852,0.1711556554274445,0.07651660532924542,0.3858542920035366,0.30979578958163556,1.2356695546796164,0.8703703703703703,0.6111111111111112,0.7293099506487117,0.5,0.5573274876621779,32.0,0.0750227368977478,0.20726284870907918,1.1536666661149308,-0.13669827893347297,0.3154778939689976,1.0,0.3148148148148148,False,0.5573274876621779,0.4426725123378221,False
Rq_nm,N6390,6084,1.391980767250061,2.702235956363381,1.3102551891133198,0.12441487749423175,0.2790460596445617,0.22082851958539215,0.2919016990347006,1.0180250207055597,0.7592592592592593,0.5,0.6161409170227454,0.6481481481481481,0.6401463403667975,31.0,0.028940255242175004,0.0916840026143515,-0.23363320044746658,-1.3264525562280367,1.0,1.0,0.05555555555555555,False,0.6401463403667975,0.3598536596332025,False
Rq_nm,N6390,6085,2.2395859956741333,3.913393877205593,1.6738078815314599,0.14679580101383571,0.328585475812503,0.8366455226699581,0.7113497798330223,2.7158604302172917,0.8333333333333334,0.5370370370370371,0.668977476599572,0.8703703703703703,0.8200221469276707,31.25,0.07352029437682508,0.21331371675307276,-1.287653279645058,-0.7191605940629046,1.0,1.0,0.2777777777777778,False,0.8200221469276707,0.17997785307232927,False
Rq_nm,N6390,6090,2.4095938205718994,3.3187718524378473,0.9091780318659479,0.1051350181961137,0.4610787508620933,0.14553564812287914,0.3490931376353024,1.3307565241355106,0.7222222222222222,0.12962962962962962,0.30597614151589453,0.7222222222222222,0.6181607020456402,25.25,0.04986348275782428,0.14790176998264193,-0.7959944479746641,1.6611371185578045,1.0,0.18992289242062524,0.12962962962962962,False,0.6181607020456402,0.3818392979543598,False
Rq_nm,N6390,6094,4.058265686035156,1.6887860723177142,2.3694796137174423,0.018581578033066704,0.14924140367730013,0.14073850580595768,0.15386784542100787,0.5271886191094644,0.42592592592592593,0.42592592592592593,0.42592592592592593,0.24074074074074073,0.28703703703703703,30.0,0.0687322824708012,0.18235133901130396,1.0270920475473209,-1.0608702629516906,0.35804663075885995,1.0,0.24074074074074073,False,0.287037037037037,0.712962962962963,False
Rq_nm,N6390,6095,9.07418346405029,4.773681172479793,4.3005022915704965,0.0,0.7296504540186434,0.22627154694301121,0.5239614958030084,2.0438952373376424,0.12962962962962962,0.35185185185185186,0.2135659739753851,0.9444444444444444,0.7617248268271796,28.75,0.2995678683345883,0.8074497678989903,0.19386191200379577,-0.08295380664403673,0.8237716493913724,1.0,0.8703703703703703,False,0.7617248268271796,0.23827517317282043,False
Rq_nm,N6390,6099,9.394835472106934,4.683374160453168,4.711461311653766,0.1038590812032254,0.12764990937934154,0.43871464626748485,0.35980738941958484,1.1877263944365977,0.6851851851851852,0.5,0.5853140973807077,0.9074074074074074,0.8268840799007325,31.0,0.225680230061784,0.6115216819723557,0.43264030565149286,-1.3454744414409596,0.6487938173089602,1.0,0.6111111111111112,False,0.8268840799007325,0.17311592009926746,False
Rq_nm,N6390,6101,0.481030598282814,1.5863878848283883,1.1053572865455743,0.04864300827733081,0.06846813494765952,0.08364861767250047,0.0806873882297742,0.27007034249652606,0.6111111111111112,0.9074074074074074,0.7446655282549297,0.2037037037037037,0.33894415984151016,39.25,0.298221288648593,0.8004471630242268,-0.13365825148852165,0.6698512926404269,1.0,0.5117846782762272,0.8333333333333334,False,0.33894415984151016,0.6610558401584898,False
Rq_nm,N6390,N6342,0.8041046559810638,2.1984448932932095,1.3943402373121456,0.09208670622059323,0.3420668016178645,0.07556653055439304,0.23733670430691334,0.8618361436569935,0.6481481481481481,0.05555555555555555,0.18975834751777032,0.46296296296296297,0.3946618091016648,21.0,0.10661984362244228,0.3160438727655617,2.027924445915397,-0.01880781850315759,0.13160839821345852,1.0,0.3888888888888889,False,0.3946618091016648,0.6053381908983352,False
Rq_nm,N6390,N6358,0.9793977737426758,1.919522425192417,0.9401246514497412,0.0082072802641866,0.09938324064235818,0.07591520702953344,0.12701596436091683,0.4477016877031541,0.2777777777777778,0.24074074074074073,0.258597037847573,0.35185185185185186,0.32853814835078216,27.0,0.2926363498279045,0.8101289381455351,0.8804432495859376,1.788374893966993,0.4145991000679448,0.16723171823388297,0.7592592592592593,False,0.3285381483507821,0.6714618516492179,False
Rq_nm,N6390,N6382,1.1125519275665283,0.8477464140258796,0.26480551354064874,0.007152074775519823,0.012044025586463843,0.17705901499951118,0.15328787077219608,0.541910526841396,0.24074074074074073,0.018518518518518517,0.06676946806414795,0.09259259259259259,0.08613681146048144,19.5,0.2590472965509094,0.7288019657667284,4.564244706334291,1.0082412755509473,0.010417744692586628,0.36486010401106234,0.6851851851851852,False,0.08613681146048147,0.9138631885395185,False
Rq_nm,N6390,N6389,2.0189785957336426,2.6312227286788947,0.6122441329452522,0.0,0.1783507329551858,0.07199161553624168,0.13839218643372406,0.4731547836985768,0.12962962962962962,0.09259259259259259,0.10955703302036325,0.5740740740740741,0.4579448138106464,21.5,0.3389326231445582,0.9418820419860179,0.05164899606909448,3.283488999280341,0.9496621434941591,0.0374972006066969,0.9074074074074074,True,0.9074074074074074,0.09259259259259256,False
FSMI_nm,6022,6028,4.415429811910861,2.4873953292719118,1.928034482638949,0.08313314133283312,0.11543269156351149,0.45146657293573905,0.36737286490925175,1.3940734051247492,0.7592592592592593,0.42592592592592593,0.5686723160290403,0.5740740740740741,0.5727236345628157,30.0,0.06123648496027461,0.1829396165294973,-0.9210322321808716,0.3505527573298441,1.0,0.7042986758474685,0.24074074074074073,False,0.5727236345628157,0.4272763654371843,False
FSMI_nm,6022,6029,2.0210013039871706,1.426269665298116,0.5947316386890547,0.004784054143826877,0.23019400025969244,0.09410934858419641,0.1745108583992244,0.645986497658656,0.2777777777777778,0.6481481481481481,0.424312564347763,0.12962962962962962,0.20330036330916296,33.5,0.8841002860147386,2.789347089812571,-0.7586051347580055,124.6735397200344,1.0,7.16093382273571e-55,0.9814814814814815,True,0.9814814814814815,0.01851851851851849,False
FSMI_nm,6022,6033,1.8207478300807216,2.129788532029199,0.3090407019484773,0.02276191266780847,0.1217500247403412,0.2000636593431222,0.1952799300374241,0.7637572934829924,0.5,0.9814814814814815,0.700528900717694,0.46296296296296297,0.5223544474016457,40.25,0.07637965696613189,0.2093401973732284,0.3966119990494458,2.010866045126658,0.6725949424884134,0.13387268466361976,0.3888888888888889,False,0.5223544474016457,0.4776455525983543,False
FSMI_nm,6022,6047,2.946053864791246,2.0149907726321215,0.9310630921591247,0.07215462378104087,0.08155218033176383,0.12010417259723016,0.11130403626081672,0.40320568333273266,0.7222222222222222,0.5740740740740741,0.6439014315079151,0.42592592592592593,0.48041980232142323,31.5,0.00878447910590995,0.027181657058303665,-0.7144683247671249,-1.711991813725882,1.0,1.0,0.018518518518518517,False,0.48041980232142323,0.5195801976785768,False
FSMI_nm,6022,6048,1.599313301289055,2.686507346065384,1.087194044776329,0.24779105660238487,0.40329341122027557,0.512352044514822,0.4808293879751394,1.4823235160069066,0.9814814814814815,0.2777777777777778,0.5221434140693216,0.7592592592592593,0.6999802979617749,27.25,0.03417965715216289,0.09976613314078242,-0.055821613497710594,-0.17568604852421207,1.0,1.0,0.09259259259259259,False,0.6999802979617749,0.30001970203822514,False
FSMI_nm,6022,6056,2.284561920801109,1.4947885910302787,0.7897733297708305,0.0,0.1235898774739101,0.3239164633373777,0.29687871207617966,0.9938822789226409,0.16666666666666666,0.6851851851851852,0.33793125168323446,0.2037037037037037,0.23726059069858638,34.5,0.1582628149271004,0.4405831157178781,-0.6860512395229279,-0.43292419004708876,1.0,1.0,0.6111111111111112,False,0.2372605906985864,0.7627394093014136,False
FSMI_nm,6022,6057,3.4970517461895976,1.2933764244653065,2.2036753217242913,0.008477120817919959,0.06901744418870186,0.03628729301123719,0.054610412145351415,0.18063389445425315,0.3148148148148148,0.8333333333333334,0.5121969142940493,0.09259259259259259,0.19749367301795678,39.0,0.04722320662307821,0.13974160442599876,-0.527676276498438,-0.011975927551823352,1.0,1.0,0.2037037037037037,False,0.19749367301795684,0.8025063269820432,False
FSMI_nm,6022,6062,2.9196668297119017,3.219008674129525,0.29934184441762346,0.023110067269932255,0.36113327769871406,0.06939492290724131,0.2509718718321976,0.9510180408301538,0.5370370370370371,0.7592592592592593,0.6385533203543211,0.9444444444444444,0.8679716634219136,37.5,0.3580516681512904,0.985791435898324,-1.0280961337766308,0.14232705673578175,1.0,0.8673375415078491,0.9074074074074074,True,0.9074074074074074,0.09259259259259256,False
FSMI_nm,6022,6063,4.4421744453751355,2.3455906474913464,2.096583797883789,0.0,0.415928713902308,0.396108669587574,0.4225853055780427,1.300009874509246,0.16666666666666666,0.24074074074074073,0.20030840419244383,0.5370370370370371,0.45285487882588876,27.0,0.12443951159864214,0.3365174204833429,-0.1938908334195745,3.4544949930910454,1.0,0.03160326019159035,0.5740740740740741,False,0.4528548788258888,0.5471451211741112,False
FSMI_nm,6022,6070,2.307992993047587,2.205228900582395,0.10276409246519203,0.05822771794736603,0.5515955324242827,0.06418297539822959,0.4067782815177039,1.5240390976024911,0.6111111111111112,0.3148148148148148,0.4386192326787782,0.5,0.48465480816969453,27.5,0.03843651975685693,0.12223258286560612,-0.43423738443953414,-0.2797292318117481,1.0,1.0,0.12962962962962962,False,0.48465480816969453,0.5153451918303055,False
FSMI_nm,6022,6072,1.4268834691757484,1.2399620763982455,0.18692139277750286,0.01686200362771273,0.05389828178659872,0.07477356582997254,0.07983812005018144,0.2843105883043855,0.3888888888888889,0.7592592592592593,0.5433852130044893,0.05555555555555555,0.17751296991778898,37.5,0.1792173163444078,0.49005036775778915,0.8841902187818292,0.013270610077666323,0.41304851681933324,0.9868170562445805,0.6851851851851852,False,0.17751296991778898,0.822487030082211,False
FSMI_nm,6022,6078,1.3924063210314295,1.941195733660283,0.5487894126288535,0.022422597267547806,0.02092742311558445,0.03408000041091524,0.03054279476433596,0.09918702297989412,0.46296296296296297,0.9074074074074074,0.6481481481481481,0.35185185185185186,0.42592592592592593,39.25,0.1664413357634398,0.44883521879000765,-0.7550792166861919,0.9193008658292575,1.0,0.3987977567823093,0.6481481481481481,False,0.42592592592592593,0.5740740740740741,False
FSMI_nm,6022,6080,3.486930250089525,1.7706365408136917,1.7162937092758335,0.0,0.06860380542978864,0.06914188291567147,0.08472217334876213,0.26390394097332615,0.16666666666666666,0.9444444444444444,0.3967460238079361,0.3148148148148148,0.33529761706309513,39.5,0.10613648373567057,0.31359497150232096,0.8020802647163596,0.6345896063327755,0.4483952124891472,0.5301530151187693,0.5,False,0.33529761706309513,0.6647023829369049,False
FSMI_nm,6022,6081,0.8928726233487373,3.8924171906581746,2.9995445673094374,0.11467661681993935,0.17247725634690256,0.23048524915171145,0.25041746575718027,0.9597767174315046,0.8703703703703703,0.7962962962962963,0.8325098812218157,0.9814814814814815,0.944238581416565,37.75,0.10263753980664238,0.28196925653385896,-0.8378529010652271,-1.4255896282698153,1.0,1.0,0.46296296296296297,False,0.944238581416565,0.055761418583434974,False
FSMI_nm,6022,6082,1.5697987651446832,2.966843693678794,1.3970449285341107,0.1509639219864578,0.17572849895785778,0.4687779289769615,0.39034255404432444,1.6065000716749602,0.9444444444444444,0.6111111111111112,0.759710796176519,0.9074074074074074,0.8704832545996853,32.0,0.1817524681661674,0.49156007920158484,1.1468560440864384,-0.043470148499824675,0.3176338279554153,1.0,0.7222222222222222,False,0.8704832545996853,0.12951674540031466,False
FSMI_nm,6022,6084,1.3458682689199004,2.5558832936115046,1.2100150246916042,0.12787977353863544,0.26137173631434885,0.22599822663212144,0.270112602498868,0.8306211355818918,0.9074074074074074,0.5,0.6735753140545634,0.6481481481481481,0.654504939624752,31.0,0.045926860095966235,0.14430812114794678,0.16895837891028195,-1.567620227890551,0.8445440534983578,1.0,0.16666666666666666,False,0.654504939624752,0.345495060375248,False
FSMI_nm,6022,6085,1.86691079236755,2.8597678990505204,0.9928571066829703,0.0,0.19924290167165262,0.4292450230106489,0.3731090884175928,1.447798586030542,0.16666666666666666,0.5370370370370371,0.29917582261858355,0.8703703703703703,0.7275717334324237,31.25,0.02209374537764148,0.06435561244798771,-1.560226981228068,-0.8221027671345282,1.0,1.0,0.05555555555555555,False,0.7275717334324237,0.27242826656757635,False
FSMI_nm,6022,6090,2.022297889711494,2.821062204590433,0.7987643148789392,0.06970446444285328,0.14523827110383297,0.09539353566088149,0.12676214510920267,0.455316421043479,0.6851851851851852,0.16666666666666666,0.33793125168323446,0.8333333333333334,0.7094828129208086,25.25,0.06825052899659897,0.19771791957835105,-0.5395114279086756,1.5285232651152958,1.0,0.21685566931061603,0.2777777777777778,False,0.7094828129208086,0.2905171870791914,False
FSMI_nm,6022,6094,3.459780024999232,1.4894937720508674,1.9702862529483645,0.024465215885028258,0.10415963348941848,0.13116188658793831,0.13484031298071622,0.46626074329703404,0.5740740740740741,0.42592592592592593,0.49448258973402553,0.16666666666666666,0.24862064743350637,30.0,0.06994431728153613,0.18795242360000597,0.3745222995236416,-1.2737430890732355,0.6876176756382669,1.0,0.35185185185185186,False,0.24862064743350643,0.7513793525664936,False
FSMI_nm,6022,6095,7.857275141594466,2.684292582770325,5.172982558824142,0.019581087476258308,0.26878173383851073,0.101928921185246,0.1985403883958876,0.8145443768706278,0.42592592592592593,0.35185185185185186,0.3871212029697569,0.7222222222222222,0.6384469674091059,28.75,0.18762719165732575,0.5076316883967033,0.012599696510969538,-0.42955947438751907,0.9874793473406607,1.0,0.7592592592592593,False,0.6384469674091059,0.3615530325908941,False
FSMI_nm,6022,6099,8.69575314178455,2.7806701029067438,5.915083038877807,0.1004071665806352,0.116330864445756,0.25299659116824935,0.21117332329808217,0.7424853112952601,0.8333333333333334,0.5,0.6454972243679028,0.7962962962962963,0.7585965283141979,31.0,0.10060253143702089,0.27490954684801117,0.3322294425133189,-1.5527768526451755,0.7173227196440224,1.0,0.42592592592592593,False,0.7585965283141979,0.24140347168580212,False
FSMI_nm,6022,6101,0.3286650711030523,2.6536696245192988,2.3250045534162465,0.004218111711479011,0.020684238671367917,0.11764288930501575,0.09623077678453602,0.4072187964829941,0.24074074074074073,0.9074074074074074,0.46738627644903563,0.6851851851851852,0.6307354580011478,39.25,0.11278317270848985,0.3037450946061011,-0.4817165731640081,0.6673250163650073,1.0,0.5130792222664754,0.5370370370370371,False,0.6307354580011478,0.36926454199885217,False
FSMI_nm,6022,N6342,0.7560989711345802,1.5453843463398276,0.7892853752052473,0.060620427289974854,0.15083377936371742,0.07493065898504374,0.11767475953891905,0.40234067168447507,0.6481481481481481,0.05555555555555555,0.18975834751777032,0.24074074074074073,0.22799514243499813,21.0,0.20699863014508754,0.5871877970909084,1.9054329766088496,-0.033533885064114456,0.14875821984680165,1.0,0.7962962962962963,False,0.2279951424349982,0.7720048575650018,False
FSMI_nm,6022,N6358,0.8146778778150339,1.67538940268506,0.8607115248700261,0.0032448000662665955,0.09939733415752819,0.07706282201508402,0.13200103054069506,0.497247500008303,0.2037037037037037,0.24074074074074073,0.22144927302039624,0.2777777777777778,0.2636956515884324,27.0,0.26574149555403587,0.7187079380679808,0.2695695218330189,1.1939307858188013,0.7637081832839182,0.3030277826327946,0.8333333333333334,False,0.26369565158843233,0.7363043484115677,False
FSMI_nm,6022,N6382,1.0237676864754848,0.2071124578371742,0.8166552286383106,0.014925707942990196,0.015992476267092732,0.07040597459975236,0.06881105405008565,0.2515535003958902,0.35185185185185186,0.018518518518518517,0.08072035080630877,0.018518518518518517,0.03406897659046608,19.5,0.6752113462418087,1.8412925852647501,7.3931889800338295,1.1162630481323639,0.0006154302261394294,0.3275013675689931,0.9444444444444444,True,0.9444444444444444,0.05555555555555558,False
FSMI_nm,6022,N6389,1.7659275986645624,1.9866313285521235,0.22070372988756115,0.0,0.04509924449904897,0.05156645786236659,0.05177223181653524,0.1918947435989249,0.16666666666666666,0.09259259259259259,0.12422599874998831,0.3888888888888889,0.32272316635416376,21.5,0.3226987712747501,0.8901089389246959,0.5081179642179829,3.0297445039062176,0.6016267971413165,0.04832798415999215,0.8703703703703703,False,0.32272316635416376,0.6772768336458362,False
FSMI_nm,6022,N6390,1.7769079672453123,2.5073160496598184,0.730408082414506,0.08604997990680552,1.1245721459566478,0.4614760554876318,0.8531190044891336,2.712406393389189,0.7962962962962963,0.12962962962962962,0.3212842883869902,0.6111111111111112,0.5386544054300809,22.0,0.06942359451755017,0.20765748843818876,9.09028535095929,0.18370489367825957,0.0001127558889309367,0.8321813495709319,0.3148148148148148,False,0.5386544054300809,0.4613455945699191,False
FSMI_nm,6028,6022,1.2832086750870029,1.2107481567463567,0.07246051834064615,0.4945608619496613,0.20836888795844885,0.4379941115721488,0.35482509401778206,1.047742752864368,0.9814814814814815,0.2777777777777778,0.5221434140693216,0.05555555555555555,0.17220252018399707,27.0,0.2288549741159209,0.614132366650568,3.73874756604505,53.76782589556602,0.023783872214650132,4.4558433015713846e-24,0.8333333333333334,False,0.17220252018399707,0.8277974798160029,False
FSMI_nm,6028,6029,2.0210013039871706,1.4881474273776865,0.5328538766094841,0.02577763540189837,0.10637355164541473,0.04741013157807556,0.08093476345186928,0.2932642719769425,0.3888888888888889,0.6481481481481481,0.502053396730591,0.2037037037037037,0.2782911269604255,33.5,0.034029829458908145,0.09421499928312838,-0.6859420406241831,75.25853321700694,1.0,2.068398945647095e-33,0.16666666666666666,False,0.27829112696042557,0.7217088730395744,False
FSMI_nm,6028,6033,1.8207478300807216,1.5940872806179136,0.226660549462808,0.12398638363923076,0.08151265260418164,0.21260617739570287,0.18324986374245644,0.6057668713342952,0.9074074074074074,0.9814814814814815,0.9437179486104376,0.3148148148148148,0.47204059826372047,40.25,0.12302982102067483,0.3526862864787581,-0.40060174655322756,1.5365469909459446,1.0,0.21512264084558905,0.46296296296296297,False,0.47204059826372047,0.5279594017362795,False
FSMI_nm,6028,6047,2.946053864791246,2.0958364529600138,0.8502174118312325,0.031297368468860665,0.03077037754169555,0.06805765250271703,0.05745636982823389,0.22513864609651701,0.5,0.5740740740740741,0.5357583756107197,0.5740740740740741,0.5644951494582355,31.5,0.028099692519850027,0.08195757456988506,-1.0337109978876156,-1.5289597550215763,1.0,1.0,0.12962962962962962,False,0.5644951494582355,0.43550485054176447,False
FSMI_nm,6028,6048,1.599313301289055,1.870398643129964,0.27108534184090893,0.1758959605989332,0.15407968590578344,0.23997251915536905,0.21638601551808878,0.704407452497104,0.9444444444444444,0.3148148148148148,0.5452752542346465,0.3888888888888889,0.42798548022532834,27.25,0.12300150599415921,0.3323257543967556,0.8666875977637836,-0.0842960370340943,0.42034158620604,1.0,0.42592592592592593,False,0.42798548022532834,0.5720145197746717,False
FSMI_nm,6028,6056,2.284561920801109,1.541881043518369,0.7426808772827402,0.0,0.08491213655397979,0.2199462070964665,0.19808573680217498,0.678164370902484,0.12962962962962962,0.6851851851851852,0.2980273507302052,0.2777777777777778,0.28284017101588466,34.5,0.1301676387327858,0.36246779916991767,-0.981256991346127,-0.2696744526538201,1.0,1.0,0.5740740740740741,False,0.28284017101588466,0.7171598289841153,False
FSMI_nm,6028,6057,3.4970517461895976,1.344123796602687,2.1529279495869105,0.0019914477105922312,0.07875243258076849,0.03636842992524849,0.06051201444620346,0.20857581694151528,0.2037037037037037,0.8333333333333334,0.41201102706087017,0.09259259259259259,0.172447201209662,39.0,0.012706507971759066,0.03794072911552199,-0.4315745455660682,0.000706349259630139,1.0,0.9992939001462822,0.018518518518518517,False,0.17244720120966206,0.8275527987903379,False
FSMI_nm,6028,6062,2.9196668297119017,2.929444068330425,0.00977723861852331,0.03370202455899918,0.4072584141510355,0.08797178764705833,0.28536930777609004,1.0440714246754,0.5370370370370371,0.7592592592592593,0.6385533203543211,0.9444444444444444,0.8679716634219136,37.5,0.3497251737265634,0.9608217878228017,-0.293636940622051,0.18794568625967067,1.0,0.8286597136189439,0.9444444444444444,True,0.9444444444444444,0.05555555555555558,False
FSMI_nm,6028,6063,4.4421744453751355,2.2118554464783986,2.230318998896737,0.02754701271269333,0.1940818358520025,0.26778875614322517,0.2498643132780438,0.8816843277876465,0.42592592592592593,0.2777777777777778,0.343966215203828,0.6481481481481481,0.5721026649120681,27.0,0.1798261887758584,0.490709249104911,-0.4413167171023063,3.0162265359884453,1.0,0.048985715881675274,0.7222222222222222,False,0.5721026649120681,0.42789733508793193,False
FSMI_nm,6028,6070,2.307992993047587,2.002072895104626,0.3059200979429608,0.033764305713777754,0.09034609717891497,0.02710900529654972,0.0718447575310245,0.2572474323953815,0.5740740740740741,0.35185185185185186,0.4494318925745036,0.46296296296296297,0.4595801953658481,27.5,0.017096499651084937,0.05473970229988645,-0.4097050357287035,-0.2596199875207225,1.0,1.0,0.05555555555555555,False,0.45958019536584804,0.540419804634152,False
FSMI_nm,6028,6072,1.4268834691757484,1.344148239119298,0.08273523005645034,0.0,0.07477834472527797,0.09344644398399997,0.09886311612871174,0.32527901534671466,0.12962962962962962,0.7592592592592593,0.313723599001804,0.12962962962962962,0.17565312197267322,37.5,0.19160269644565234,0.5244226943213628,1.1785284808661602,-0.020755536617301864,0.3077312379935096,1.0,0.7592592592592593,False,0.17565312197267324,0.8243468780273268,False
FSMI_nm,6028,6078,1.3924063210314295,2.031636624409605,0.6392303033781757,0.024932666496420897,0.03540313914324374,0.054949030777593874,0.04987744748057439,0.15387111826477784,0.35185185185185186,0.9074074074074074,0.5650424556441614,0.5370370370370371,0.5440383916888182,39.25,0.11652287921021712,0.3125801881643997,-0.7613962999121636,0.7844916675922021,1.0,0.4563516211529631,0.3888888888888889,False,0.5440383916888182,0.4559616083111818,False
FSMI_nm,6028,6080,3.486930250089525,1.9710248882758177,1.5159053618137075,0.0,0.07164385398207337,0.07781646479612798,0.08325184344573645,0.24429016476395926,0.12962962962962962,0.9444444444444444,0.3498971042165034,0.42592592592592593,0.40691872049857025,39.5,0.09978348016877334,0.2882324129692105,0.6707881106793555,0.4631538258142439,0.5113054536657491,0.6292958231200706,0.3148148148148148,False,0.40691872049857025,0.5930812795014297,False
FSMI_nm,6028,6081,0.8928726233487373,4.122213615160869,3.229340991812132,0.0699355266426327,0.15007705309594824,0.16218340720773336,0.19143351163380162,0.6395752721604544,0.7222222222222222,0.7962962962962963,0.7583553788682692,0.9814814814814815,0.9256999558281784,37.75,0.14885281721400184,0.4106719579372865,-0.9023251194825445,-1.1794689178947058,1.0,1.0,0.6111111111111112,False,0.9256999558281784,0.07430004417182157,False
FSMI_nm,6028,6082,1.5697987651446832,2.305140436939024,0.7353416717943406,0.11166468142555397,0.07493171616994523,0.26721922118839314,0.21822180961237295,0.9196577301135003,0.8333333333333334,0.6111111111111112,0.7136240321480628,0.7222222222222222,0.7200726747036823,32.0,0.0901448021974603,0.2430657733287922,0.8698147196228619,0.0007547071952164116,0.41902917994018607,0.9992455775246276,0.2777777777777778,False,0.7200726747036823,0.2799273252963177,False
FSMI_nm,6028,6084,1.3458682689199004,2.3004894237369773,0.9546211548170769,0.07481693792560451,0.19092970515425137,0.1431945513250767,0.19459005273922106,0.6717800901812507,0.7592592592592593,0.5,0.6161409170227454,0.6851851851851852,0.6679241181445753,31.0,0.04369150984544851,0.13886688622715304,0.04101807649226069,-1.342165644067443,0.9598117797607756,1.0,0.2037037037037037,False,0.6679241181445753,0.3320758818554247,False
FSMI_nm,6028,6085,1.86691079236755,2.580612577037363,0.713701784669813,0.0,0.18082371002717434,0.36640568590237704,0.3220243893549064,1.238626196012555,0.12962962962962962,0.5370370370370371,0.26384827497731494,0.7962962962962963,0.663184290966551,31.25,0.019637801744927717,0.06003568986285701,-0.8269165734801407,-0.5931660377234269,1.0,1.0,0.09259259259259259,False,0.663184290966551,0.33681570903344904,False
FSMI_nm,6028,6090,2.022297889711494,2.885158277314833,0.8628603876033392,0.06568409740693992,0.12530053170348934,0.0787661583927541,0.10604356073875083,0.3862172149881662,0.6851851851851852,0.16666666666666666,0.33793125168323446,0.8703703703703703,0.7372605906985864,25.25,0.1263678193265362,0.35323962319069624,-0.7964746876799221,1.6826169973621397,1.0,0.18588687348679156,0.5370370370370371,False,0.7372605906985864,0.2627394093014136,False
FSMI_nm,6028,6094,3.459780024999232,1.5157748553101775,1.9440051696890543,0.029032411525486523,0.06913347182690334,0.10311652378825169,0.09779645388784908,0.37299145440968173,0.46296296296296297,0.42592592592592593,0.44405847438080737,0.24074074074074073,0.29157017415075737,30.0,0.06388660332628389,0.17055294510501123,0.4588472298782848,-1.109962911513254,0.6320117900427917,1.0,0.24074074074074073,False,0.29157017415075737,0.7084298258492426,False
FSMI_nm,6028,6095,7.857275141594466,2.5443857546771387,5.312889386917328,0.03992009772281779,0.16274608247935432,0.07567981166174295,0.12575281966575275,0.4991389410609335,0.6481481481481481,0.3888888888888889,0.502053396730591,0.7592592592592593,0.6949577936270922,28.75,0.15669264116015186,0.4263859398958515,-0.1697261696015823,-0.31923659772721735,1.0,1.0,0.6481481481481481,False,0.6949577936270922,0.3050422063729078,False
FSMI_nm,6028,6099,8.69575314178455,2.6102134996600377,6.0855396421245125,0.008768182802424196,0.037344964831864856,0.11474752207277297,0.1004749330290931,0.2982795444358479,0.24074074074074073,0.5,0.3469443332443555,0.8333333333333334,0.7117360833110888,31.0,0.12468791322471642,0.3404344475349417,0.7170643397126503,-1.2759004066623452,0.48818329472166616,1.0,0.5,False,0.7117360833110888,0.28826391668891116,False
FSMI_nm,6028,6101,0.3286650711030523,2.1347337037759466,1.8060686326728943,0.011431520661413952,0.04681116840349573,0.09610992816777993,0.08267230347586456,0.31980111759024843,0.2777777777777778,0.9074074074074074,0.5020533967305911,0.6111111111111112,0.5838466825159812,39.25,0.17551265565428154,0.46702724912371896,-0.4176320147628685,0.6480563905831637,1.0,0.5230614165325356,0.6851851851851852,False,0.5838466825159812,0.41615331748401885,False
FSMI_nm,6028,N6342,0.7560989711345802,1.3978725106520964,0.6417735395175161,0.1218184611266917,0.29772106500128237,0.07078668107212174,0.208159293396829,0.8318617918837983,0.8703703703703703,0.05555555555555555,0.21989522383403548,0.16666666666666666,0.17997380595850887,21.0,0.19326580873371052,0.5611279878882871,1.780718780081742,0.020988608589992033,0.16851697707989288,0.9792301193177066,0.7962962962962963,False,0.17997380595850887,0.8200261940414911,False
FSMI_nm,6028,N6358,0.8146778778150339,1.6981991405625338,0.8835212627475,0.0005082766589055154,0.07105278404830134,0.03990332030915981,0.08238306918669716,0.3069760685703271,0.16666666666666666,0.2777777777777778,0.2151657414559676,0.35185185185185186,0.3176803242528808,27.0,0.27671535140251663,0.7396892271455555,0.8060506410530479,1.0463539202652907,0.44661844430124453,0.3512159788943995,0.8703703703703703,False,0.31768032425288073,0.6823196757471193,False
FSMI_nm,6028,N6382,1.0237676864754848,0.3775282221111979,0.6462394643642868,0.038138605437448736,0.017957242082752626,0.18617578247174799,0.15449362228291966,0.5557028974153014,0.6111111111111112,0.018518518518518517,0.10638078975070424,0.018518518518518517,0.040484086326564944,19.5,0.4371689621422151,1.1865318822796065,6.960349680648022,1.3631076444682821,0.0009487647518550186,0.2558644045718552,0.9814814814814815,True,0.9814814814814815,0.01851851851851849,False
FSMI_nm,6028,N6389,1.7659275986645624,2.010749021007166,0.2448214223426035,0.0231718601080364,0.0369809018324304,0.061221026699467156,0.05573827634857244,0.17220891039067832,0.3148148148148148,0.09259259259259259,0.1707323047646831,0.5,0.4176830761911708,21.5,0.27763690083011394,0.739777748800442,0.17424945328413366,3.189193317901334,0.8400873089800421,0.041205096949935176,0.9074074074074074,True,0.9074074074074074,0.09259259259259256,False
FSMI_nm,6028,N6390,1.7769079672453123,2.922902235337472,1.1459942680921595,0.0983879583366023,1.1001496626213645,0.40072934064127474,0.837791346716873,2.7060360206814393,0.7962962962962963,0.12962962962962962,0.3212842883869902,0.9074074074074074,0.7608766276523031,22.0,0.1118822328966968,0.2981020258052274,7.115140830898445,0.05014243973954534,0.000812706249123556,0.9510939412785667,0.35185185185185186,False,0.7608766276523031,0.23912337234769687,False
FSMI_nm,6029,6022,1.2832086750870029,0.7132749092596294,0.5699337658273734,1.0686743995081267,0.43917734260031327,0.7819482510769766,0.6370459194432796,1.8031780498858876,0.9814814814814815,0.2777777777777778,0.5221434140693216,0.05555555555555555,0.17220252018399707,27.0,0.9537366656679839,2.9372159743608255,3.1669885976411023,94.18283338113866,0.0421302782843192,1.2500148504669628e-41,0.9814814814814815,True,0.9814814814814815,0.01851851851851849,False
FSMI_nm,6029,6028,4.415429811910861,2.5055025123315047,1.9099272995793561,0.095419272035143,0.1444061095615044,0.4594196580600148,0.3779471231246852,1.398050977248642,0.7222222222222222,0.46296296296296297,0.578240555407259,0.6851851851851852,0.6584490277407037,30.0,0.0638513712678826,0.1903616240160324,-0.8669031357585467,0.4381088860751732,1.0,0.6452555196910008,0.2037037037037037,False,0.6584490277407037,0.3415509722592963,False
FSMI_nm,6029,6033,1.8207478300807216,2.2539123292442538,0.43316449916353217,0.0,0.20095163533793142,0.22611875844872448,0.24977583026597058,1.0267755538437326,0.2777777777777778,0.9814814814814815,0.5221434140693216,0.5,0.5055358535173304,40.25,0.05245775523429647,0.14350226590715143,0.07318038275048956,1.9357548847828738,0.9294331611939525,0.1443152862805364,0.12962962962962962,False,0.5055358535173304,0.49446414648266956,False
FSMI_nm,6029,6047,2.946053864791246,2.479875727988927,0.466178136802319,0.051342321295934745,0.08581247792677707,0.08979832612877285,0.10091938547348173,0.3918349690250431,0.6111111111111112,0.6111111111111112,0.6111111111111112,0.6481481481481481,0.6388888888888888,31.5,0.060970900771920127,0.17478852230844355,-0.46240256599765206,-1.925434832689055,1.0,1.0,0.16666666666666666,False,0.6388888888888888,0.36111111111111116,False
FSMI_nm,6029,6048,1.599313301289055,1.9015052790535556,0.3021919777645006,0.22475038137315817,0.19669809541841796,0.29396371549480865,0.26870222387990483,0.8623245357985001,0.9444444444444444,0.3148148148148148,0.5452752542346465,0.35185185185185186,0.40020770244755055,27.25,0.15852395512088252,0.428202586768883,0.4477123946007294,-0.05595343641171169,0.639088462895293,1.0,0.6111111111111112,False,0.40020770244755055,0.5997922975524494,False
FSMI_nm,6029,6056,2.284561920801109,1.8333007970799173,0.45126112372119187,0.0,0.12135071588688845,0.34690108313710044,0.31345620452603423,0.9798547754288844,0.2777777777777778,0.6851851851851852,0.43626736997739807,0.3148148148148148,0.3451779536054606,34.5,0.1039060312419909,0.2995830944272999,-0.628955761489785,-0.3897260436586407,1.0,1.0,0.5,False,0.34517795360546066,0.6548220463945393,False
FSMI_nm,6029,6057,3.4970517461895976,1.2544721679275972,2.242579578262,0.0,0.0831342662507515,0.04023916822254032,0.06467903786994914,0.22508015953930904,0.2777777777777778,0.8333333333333334,0.4811252243246882,0.09259259259259259,0.1897257505256165,39.0,0.08229934953002699,0.22224326544745626,-0.4944231075140403,-0.08000157895585794,1.0,1.0,0.3148148148148148,False,0.18972575052561647,0.8102742494743835,False
FSMI_nm,6029,6062,2.9196668297119017,3.3034733723134497,0.383806542601548,0.009926613327278844,0.4627162484716338,0.09456689220661091,0.323327598752027,1.1976551129534236,0.3148148148148148,0.7592592592592593,0.4889029178682995,0.9444444444444444,0.8305590628004081,37.5,0.3193372810529555,0.8889250552810561,-1.1763927768047364,-0.04467237954377544,1.0,1.0,0.8703703703703703,False,0.8305590628004081,0.16944093719959186,False
FSMI_nm,6029,6063,4.4421744453751355,2.591412219806754,1.8507622255683813,0.0,0.38983013515546355,0.35855453816495636,0.38773278321973303,1.1823216030629466,0.2777777777777778,0.2777777777777778,0.2777777777777778,0.7222222222222222,0.611111111111111,27.0,0.10156649368703664,0.2723641353747307,-0.45669104242478636,3.2324545087052186,1.0,0.03946052362514361,0.46296296296296297,False,0.611111111111111,0.38888888888888895,False
FSMI_nm,6029,6070,2.307992993047587,2.1227960478226873,0.1851969452248996,0.09785505307888798,0.15543018895068733,0.04975544872927272,0.12125209898598299,0.4107367348943254,0.7592592592592593,0.35185185185185186,0.5168624347019579,0.42592592592592593,0.4486600531199339,27.5,0.02671957118027308,0.07814455671314291,-0.3263190072598115,-0.17248535166799767,1.0,1.0,0.09259259259259259,False,0.44866005311993384,0.5513399468800662,False
FSMI_nm,6029,6072,1.4268834691757484,1.3285765442316848,0.09830692494406357,0.01111018115329987,0.04628245464705206,0.09137965709636091,0.08635191595235267,0.2522756697027351,0.35185185185185186,0.7592592592592593,0.5168624347019579,0.12962962962962962,0.2264378308977117,37.5,0.16973322826162562,0.465790138875091,0.9093489148392555,-0.004979869130844687,0.40278638691866536,1.0,0.6851851851851852,False,0.22643783089771174,0.7735621691022883,False
FSMI_nm,6029,6078,1.3924063210314295,1.5913539914854244,0.19894767045399497,0.0,0.07318046522235452,0.0473918555648686,0.06269102140752705,0.22487641661068314,0.2777777777777778,0.9074074074074074,0.5020533967305911,0.24074074074074073,0.30606890473820336,39.25,0.23441545950999257,0.6252430580010219,-0.6914449413649076,0.8208991291916292,1.0,0.4400358275249787,0.7962962962962963,False,0.30606890473820336,0.6939310952617966,False
FSMI_nm,6029,6080,3.486930250089525,2.0252373162813084,1.4616929338082167,0.04303838956623829,0.0710967623990846,0.15440808447657717,0.1394813007937496,0.38369354484678597,0.5740740740740741,0.9444444444444444,0.7363294574841127,0.3888888888888889,0.47574903103769484,39.5,0.13291549448717815,0.3853619263897047,0.8119588893942651,0.8314356220857344,0.4439874914333091,0.43542373347180635,0.5740740740740741,False,0.47574903103769484,0.5242509689623052,False
FSMI_nm,6029,6081,0.8928726233487373,3.574989435774144,2.6821168124254067,0.0,0.12936290058893302,0.09990619753628807,0.18270825851868525,0.665531798608614,0.2777777777777778,0.7962962962962963,0.470312040711122,0.9814814814814815,0.8536891212888916,37.75,0.06850763023090446,0.19583750718536086,-1.0999364493390071,-1.1368892693162813,1.0,1.0,0.24074074074074073,False,0.8536891212888916,0.14631087871110837,False
FSMI_nm,6029,6082,1.5697987651446832,2.3683936774654217,0.7985949123207385,0.18556524759279158,0.08726900442074213,0.37595249102611883,0.30487672838273444,1.2556021667551163,0.9074074074074074,0.6481481481481481,0.7668992311425428,0.5740740740740741,0.6222803633411913,32.0,0.10537151297758421,0.2857777165837998,0.993872736034422,0.11374557346323637,0.37014045545685165,0.8924849988656784,0.5370370370370371,False,0.6222803633411913,0.3777196366588087,False
FSMI_nm,6029,6084,1.3458682689199004,2.3691400781142904,1.02327180919439,0.08467935056309095,0.21807796047572056,0.13180043538624017,0.20684582651604907,0.7127724154996682,0.6851851851851852,0.5370370370370371,0.6066051612651556,0.6111111111111112,0.6099846236496222,31.0,0.02561214920618355,0.07807389560741329,-0.3196246110187255,-1.6982455584034393,1.0,1.0,0.05555555555555555,False,0.6099846236496222,0.39001537635037775,False
FSMI_nm,6029,6085,1.86691079236755,3.0202089080121155,1.1532981156445654,0.02692463895683117,0.2135553581954999,0.4532993202047359,0.39398729663005505,1.476573528548022,0.5,0.5740740740740741,0.5357583756107197,0.9074074074074074,0.8144951494582355,31.25,0.024597182063434198,0.0723546105516426,-1.7408793460987326,-0.7664180644581343,1.0,1.0,0.018518518518518517,False,0.8144951494582355,0.18550485054176447,False
FSMI_nm,6029,6090,2.022297889711494,2.904693389395131,0.8823954996836374,0.09927789120502828,0.3216758006421486,0.11406961914365135,0.25054143685839375,0.9452364007914724,0.7962962962962963,0.16666666666666666,0.364302140239,0.8333333333333334,0.71607553505975,25.25,0.07161122642369595,0.21035219900478697,-0.9338721848714023,1.6623497755659067,1.0,0.1896927206820246,0.2777777777777778,False,0.71607553505975,0.28392446494025003,False
FSMI_nm,6029,6094,3.459780024999232,1.3944619744348523,2.06531805056438,0.013779188824305288,0.08155242288780304,0.0959881372108667,0.09654142649570252,0.33939022948684006,0.42592592592592593,0.46296296296296297,0.44405847438080737,0.16666666666666666,0.23601461859520184,30.0,0.1005196206801884,0.2673732012755862,-0.15649316998298177,-1.0691744852561236,1.0,1.0,0.42592592592592593,False,0.2360146185952019,0.7639853814047981,False
FSMI_nm,6029,6095,7.857275141594466,2.738106762790527,5.1191683788039395,0.0,0.15647470234262684,0.07607722606335966,0.12219677240342772,0.4658191854257696,0.2777777777777778,0.3888888888888889,0.32867109906108977,0.7592592592592593,0.6516122192097169,28.75,0.1792925293192752,0.48058572527330007,-0.17461365820848399,-0.2612709404233578,1.0,1.0,0.7222222222222222,False,0.6516122192097169,0.3483877807902831,False
FSMI_nm,6029,6099,8.69575314178455,2.7969106327924713,5.898842508992079,0.03961559170285289,0.10682289409939547,0.18122271217420446,0.1599498869296224,0.4542111722825459,0.5370370370370371,0.5370370370370371,0.5370370370370371,0.7962962962962963,0.7314814814814815,31.0,0.09536297636044751,0.2669689674899405,0.28302083671282047,-1.3826421923776206,0.7535040871478692,1.0,0.35185185185185186,False,0.7314814814814815,0.2685185185185185,False
FSMI_nm,6029,6101,0.3286650711030523,2.3186684231978414,1.990003352094789,0.051481001320846875,0.06826369177618234,0.09441600542074911,0.08803810984221468,0.2974981660013647,0.6481481481481481,0.9074074074074074,0.7668992311425428,0.5370370370370371,0.5945025855634135,39.25,0.16761747817263573,0.4463691358020665,-0.08582614526170244,0.7107947956769151,1.0,0.4912535960229718,0.6481481481481481,False,0.5945025855634135,0.4054974144365865,False
FSMI_nm,6029,N6342,0.7560989711345802,1.4809599339202417,0.7248609627856615,0.12227705161537572,0.27985491843289645,0.0828631473451807,0.19756134388589666,0.7901291611965082,0.8703703703703703,0.05555555555555555,0.21989522383403548,0.2037037037037037,0.20775158373628663,21.0,0.22755174194637023,0.6476379048700568,1.4370347906467817,0.1287205193608291,0.23763134170816871,0.8792196560825634,0.7592592592592593,False,0.20775158373628666,0.7922484162637133,False
FSMI_nm,6029,N6358,0.8146778778150339,1.7871974159120205,0.9725195380969867,0.0,0.07015537931723187,0.05197747793883569,0.10156728648355375,0.330034866417656,0.2777777777777778,0.2777777777777778,0.2777777777777778,0.2777777777777778,0.2777777777777778,27.0,0.286512391825095,0.789237349874662,0.04805410302917547,1.6736835147615932,0.9530822210473662,0.18755493032155915,0.8333333333333334,False,0.2777777777777778,0.7222222222222222,False
FSMI_nm,6029,N6382,1.0237676864754848,0.2045790844836872,0.8191886019917975,0.022768734372120597,0.017688598384041722,0.08120821249768517,0.07647040769433748,0.28329752641881134,0.46296296296296297,0.018518518518518517,0.09259259259259259,0.018518518518518517,0.037037037037037035,19.5,0.6924228938376439,1.8632995436437405,10.46962618761083,1.3012176095169001,2.8385668012807857e-05,0.2722001576713162,0.9444444444444444,True,0.9444444444444444,0.05555555555555558,False
FSMI_nm,6029,N6389,1.7659275986645624,2.2225417945959363,0.45661419593137387,0.012617578425723863,0.11404355832802493,0.049855799064668554,0.10491391242374995,0.35725735221256927,0.3888888888888889,0.09259259259259259,0.18975834751777032,0.46296296296296297,0.3946618091016648,21.5,0.3389394630014781,0.9437308242767143,-0.2139864665971882,3.0546833340605435,1.0,0.04713764529388983,0.9074074074074074,True,0.9074074074074074,0.09259259259259256,False
FSMI_nm,6029,N6390,1.7769079672453123,2.9266841732662834,1.149776206020971,0.10094160810501407,1.1014768268781896,0.41374649667389,0.841608181539371,2.7084509197374196,0.8333333333333334,0.12962962962962962,0.32867109906108977,0.8703703703703703,0.7349455525430503,22.0,0.0997418675915882,0.3029128611330243,6.673161841964274,0.4192697053294358,0.0012643946081781514,0.6575268328600293,0.3888888888888889,False,0.7349455525430503,0.2650544474569497,False
FSMI_nm,6033,6022,1.2832086750870029,1.0008779956597715,0.28233067942723133,1.018465549897717,0.3890808588215396,0.7328390749957855,0.5932815824123808,1.7458687671452862,0.9814814814814815,0.2777777777777778,0.5221434140693216,0.05555555555555555,0.17220252018399707,27.0,0.3596379650708973,0.9987070303195806,2.901443474149665,69.86283303495091,0.05494385275672812,4.559918943702661e-31,0.9444444444444444,True,0.9444444444444444,0.05555555555555558,False
FSMI_nm,6033,6028,4.415429811910861,2.4933667194026237,1.9220630925082371,0.09425865175899473,0.13978324142964996,0.45591200303295143,0.37445852268085217,1.3942754054858717,0.7592592592592593,0.46296296296296297,0.5928818738363749,0.6481481481481481,0.6343315795702048,30.0,0.057031856254059876,0.17555107081363663,-0.7256502079976483,0.3180468350845631,1.0,0.7275687118744668,0.2037037037037037,False,0.6343315795702048,0.3656684204297952,False
FSMI_nm,6033,6029,2.0210013039871706,1.6586450545677414,0.36235624941942923,0.0,0.3008584876253166,0.04963690442975568,0.207803545998667,0.8093950808851365,0.16666666666666666,0.6851851851851852,0.33793125168323446,0.24074074074074073,0.2650383684763642,33.5,0.1802652157947141,0.5326187852020036,-0.9708479053953724,67.22482467430218,1.0,6.377193533319133e-30,0.7592592592592593,False,0.2650383684763642,0.7349616315236358,False
FSMI_nm,6033,6047,2.946053864791246,2.4059400441017376,0.5401138206895086,0.07455016366934775,0.09685971876172311,0.09962224295903777,0.11094919831696876,0.43289363671671666,0.6481481481481481,0.6111111111111112,0.6293572395543122,0.6111111111111112,0.6156726432219114,31.5,0.05133668453541153,0.14531887508702113,-1.0030758840879332,-2.1354581171643336,1.0,1.0,0.16666666666666666,False,0.6156726432219114,0.3843273567780886,False
FSMI_nm,6033,6048,1.599313301289055,1.9512330022303557,0.35191970094130065,0.20989635645952154,0.21111112144042746,0.32001274800852403,0.2915026270534204,0.93478357868951,0.9444444444444444,0.3148148148148148,0.5452752542346465,0.3888888888888889,0.42798548022532834,27.25,0.15766158488467666,0.4279347840935459,0.12281985845413763,-0.1122926675262777,0.8844229695324157,1.0,0.6851851851851852,False,0.42798548022532834,0.5720145197746717,False
FSMI_nm,6033,6056,2.284561920801109,1.8313226823101714,0.45323923849093783,0.0,0.131283221512489,0.3906568045928918,0.35088471148644695,1.1224314080318734,0.16666666666666666,0.7222222222222222,0.3469443332443555,0.3148148148148148,0.3228471944222,34.5,0.10035876101008213,0.29064747787426204,-1.032474334313858,-0.4249183399878973,1.0,1.0,0.42592592592592593,False,0.3228471944222,0.6771528055778,False
FSMI_nm,6033,6057,3.4970517461895976,1.3278865167739282,2.169165229415669,0.004854041360361716,0.0841870002259959,0.0425599848521242,0.066269228086003,0.2245421537858434,0.24074074074074073,0.8703703703703703,0.45774841090030643,0.09259259259259259,0.18388154716952104,39.0,0.05127375273252474,0.150827606269672,-0.2621355170334364,-0.015283803651192253,1.0,1.0,0.12962962962962962,False,0.183881547169521,0.816118452830479,False
FSMI_nm,6033,6062,2.9196668297119017,3.2741858291194443,0.3545189994075426,0.006750766010944709,0.42566434683667814,0.08343556609579647,0.29708713754939176,1.1041318733463097,0.2777777777777778,0.7962962962962963,0.470312040711122,0.9444444444444444,0.8259113435111137,37.5,0.2908006418463814,0.8099816589162245,-0.9410608566060734,-0.017169917526326045,1.0,1.0,0.8703703703703703,False,0.8259113435111137,0.17408865648888627,False
FSMI_nm,6033,6063,4.4421744453751355,2.6072788343688726,1.8348956110062629,0.0,0.4319808827124094,0.4445677756391079,0.45805659017757944,1.4421272749015026,0.16666666666666666,0.2777777777777778,0.2151657414559676,0.7222222222222222,0.5954581020306585,27.0,0.11120218295887378,0.31317747678868213,-0.3227106208969271,3.9192680998061267,1.0,0.019855621760975002,0.46296296296296297,False,0.5954581020306585,0.4045418979693415,False
FSMI_nm,6033,6070,2.307992993047587,2.13326212103149,0.17473087201609694,0.08161294752493387,0.13980137670209436,0.04251260846135648,0.10485604817025514,0.34342422970648045,0.7222222222222222,0.35185185185185186,0.5040984292154148,0.46296296296296297,0.4732468295260759,27.5,0.01817810687502301,0.05784298944540378,-0.47704397011410626,-0.23635451822428585,1.0,1.0,0.018518518518518517,False,0.4732468295260759,0.5267531704739241,False
FSMI_nm,6033,6072,1.4268834691757484,1.3607150994070139,0.06616836976873453,0.02040542925313904,0.04303111637534131,0.09286184989478236,0.08729351773473777,0.25745381476669893,0.46296296296296297,0.7962962962962963,0.6071702337316667,0.12962962962962962,0.24901478065513888,37.5,0.1534773688368763,0.42715568898730555,1.2072025157992836,-0.051428382596181155,0.2990326495303232,1.0,0.6111111111111112,False,0.24901478065513882,0.7509852193448612,False
FSMI_nm,6033,6078,1.3924063210314295,1.9274628274832277,0.5350565064517983,0.007928352646646042,0.02959551222574644,0.02268108092118971,0.02735912302319312,0.0982860369632963,0.3148148148148148,0.9444444444444444,0.5452752542346465,0.35185185185185186,0.40020770244755055,39.25,0.14835517025316616,0.4079861332523377,-0.9536728405325092,0.9374998438269571,1.0,0.3916056878350461,0.5740740740740741,False,0.40020770244755055,0.5997922975524494,False
FSMI_nm,6033,6080,3.486930250089525,2.144809053287212,1.3421211968023132,0.03925993745269363,0.07242285121999821,0.1625595778511048,0.14687924047230155,0.3970201085854421,0.5740740740740741,0.9814814814814815,0.7506284518337497,0.5,0.5626571129584375,39.5,0.14244577123264437,0.4097701467189124,0.5033554634082206,0.66672243034597,0.6044988789673168,0.5133884898032605,0.5370370370370371,False,0.5626571129584375,0.43734288704156254,False
FSMI_nm,6033,6081,0.8928726233487373,3.541184419466381,2.648311796117644,0.004160504103029261,0.12309571431674991,0.10799754119794659,0.17104954878526793,0.6473288617870292,0.2037037037037037,0.8333333333333334,0.41201102706087017,0.9814814814814815,0.8391138678763287,37.75,0.058266284687918786,0.16432519814426572,-0.8542665349112951,-1.3465474685243033,1.0,1.0,0.24074074074074073,False,0.8391138678763287,0.1608861321236713,False
FSMI_nm,6033,6082,1.5697987651446832,2.5185923955510567,0.9487936304063735,0.17048542183983395,0.09965690688024992,0.4085318803949775,0.3313167077685266,1.3688531714642047,0.9074074074074074,0.6481481481481481,0.7668992311425428,0.6851851851851852,0.7056136966745247,32.0,0.11519921542983504,0.30981431809379767,0.6993240321683385,0.13842050013839888,0.49692109296100073,0.8707324716285614,0.5,False,0.7056136966745247,0.29438630332547533,False
FSMI_nm,6033,6084,1.3458682689199004,2.377854203375764,1.0319859344558635,0.08142479472776687,0.21541346128998384,0.13166220553211216,0.20548068716883122,0.7182482502929375,0.6851851851851852,0.5370370370370371,0.6066051612651556,0.5740740740740741,0.5822068458718445,31.0,0.030008992122589603,0.08489869261601235,0.034472703965787097,-1.7310084475682617,0.966114710426771,1.0,0.09259259259259259,False,0.5822068458718445,0.41779315412815554,False
FSMI_nm,6033,6085,1.86691079236755,2.8257380216446912,0.9588272292771411,0.0,0.2144643062447844,0.40393377760489174,0.3575356142076895,1.364655780346225,0.16666666666666666,0.5740740740740741,0.30932024237944566,0.8333333333333334,0.7023300605948615,31.25,0.018628039997695963,0.06000177252998451,-1.2352017654718015,-0.6453641610498025,1.0,1.0,0.05555555555555555,False,0.7023300605948615,0.29766993940513853,False
FSMI_nm,6033,6090,2.022297889711494,3.0826980568540923,1.0604001671425984,0.10270188545787118,0.32261417913493345,0.12891394087296365,0.2542132384623467,0.9711969245024346,0.8333333333333334,0.16666666666666666,0.37267799624996495,0.9074074074074074,0.7737250546180469,25.25,0.08242184221234833,0.23675194727964965,-0.12557006023221393,1.5822659597452866,1.0,0.20550889532178226,0.3148148148148148,False,0.7737250546180469,0.22627494538195314,False
FSMI_nm,6033,6094,3.459780024999232,1.4477153232038675,2.0120647017953646,0.019235851425119854,0.07898104077131787,0.09635341332461449,0.09518970156227831,0.33779338453024677,0.3888888888888889,0.46296296296296297,0.424312564347763,0.2037037037037037,0.2588559188647185,30.0,0.08766713983611814,0.23611467449444995,-0.1694031909909452,-1.183663273773516,1.0,1.0,0.3888888888888889,False,0.2588559188647185,0.7411440811352815,False
FSMI_nm,6033,6095,7.857275141594466,2.724959368879551,5.132315772714915,0.043419234340534185,0.2554933950009935,0.09647307061385638,0.18898358606552196,0.7736782405138509,0.6111111111111112,0.3888888888888889,0.48749802152178456,0.7592592592592593,0.6913189498248906,28.75,0.15559040938759502,0.42820880406185613,-0.21507200852430952,-0.37447518733480417,1.0,1.0,0.6481481481481481,False,0.6913189498248906,0.3086810501751094,False
FSMI_nm,6033,6099,8.69575314178455,2.7292010073539337,5.966552134430616,0.03084276420997778,0.09895055674244316,0.1690408338516281,0.14919936142970905,0.42497137831438314,0.5,0.5370370370370371,0.5181877251716008,0.7962962962962963,0.7267691535151224,31.0,0.0861166161114686,0.2474473223985244,0.24282643080864344,-1.5345705597334145,0.7844076509582747,1.0,0.35185185185185186,False,0.7267691535151224,0.2732308464848776,False
FSMI_nm,6033,6101,0.3286650711030523,2.2524040189546928,1.9237389478516405,0.013137722862695433,0.0617085759383027,0.10876051911912044,0.09627020006848758,0.3477120909333973,0.35185185185185186,0.9444444444444444,0.5764586080101253,0.5370370370370371,0.546892429780309,39.25,0.1615841972251133,0.4307305872554864,-0.4488504498182049,0.73894524113859,1.0,0.47761742114316075,0.7222222222222222,False,0.546892429780309,0.45310757021969095,False
FSMI_nm,6033,N6342,0.7560989711345802,1.3909383665245552,0.6348393953899749,0.12335836598271599,0.28978256862833074,0.08393222167015636,0.20446628564248182,0.8170373444882348,0.8703703703703703,0.05555555555555555,0.21989522383403548,0.16666666666666666,0.17997380595850887,21.0,0.2215734060793186,0.6396100172609324,1.53106024699076,0.1201506799222896,0.21630620768977726,0.8867868056826856,0.7962962962962963,False,0.17997380595850887,0.8200261940414911,False
FSMI_nm,6033,N6358,0.8146778778150339,1.794161100320937,0.9794832225059031,0.0,0.07821230368559504,0.05681844184046599,0.10982002656357319,0.36030319538632183,0.16666666666666666,0.2777777777777778,0.2151657414559676,0.2777777777777778,0.26212476869732526,27.0,0.2769803209101737,0.7379951418284887,0.037975177288245995,1.1958331058335017,0.9627368383336316,0.3024518747710836,0.8333333333333334,False,0.26212476869732526,0.7378752313026747,False
FSMI_nm,6033,N6382,1.0237676864754848,0.19294462151791794,0.8308230649575669,0.03286895160463191,0.02088440605237353,0.05667420201201306,0.05722756077544519,0.20694418618548813,0.5370370370370371,0.018518518518518517,0.09972527420619452,0.018518518518518517,0.038820207440437515,19.5,0.6952663925182879,1.8604819000384918,3.8890376313511568,1.3549002217135562,0.02046503146878075,0.2579730332749254,0.9814814814814815,True,0.9814814814814815,0.01851851851851849,False
FSMI_nm,6033,N6389,1.7659275986645624,2.044192903483655,0.2782653048190924,0.01931488973356643,0.0447328129071266,0.05520301638106762,0.0650202104028495,0.25347341230265563,0.42592592592592593,0.09259259259259259,0.19858898694006683,0.42592592592592593,0.3690916911794611,21.5,0.2963320309391445,0.8234757480652533,0.15671110259068022,3.304657750206618,0.8549510162769801,0.0367117742836797,0.9074074074074074,True,0.9074074074074074,0.09259259259259256,False
FSMI_nm,6033,N6390,1.7769079672453123,2.848818610427381,1.0719106431820689,0.10054162799907074,1.1127784525790132,0.4194201485607158,0.8473098499688245,2.7421850195663646,0.7962962962962963,0.12962962962962962,0.3212842883869902,0.8703703703703703,0.7330988498745253,22.0,0.0763839012446544,0.2175340667686092,6.70315909987221,0.2725294209700551,0.0012270294647724468,0.7614510262178077,0.2777777777777778,False,0.7330988498745253,0.26690115012547466,False
FSMI_nm,6047,6022,1.2832086750870029,0.831408356150565,0.4518003189364379,0.9757774220845854,0.37698993087807064,0.701715655113904,0.5685919782005855,1.661897011247466,0.9814814814814815,0.2777777777777778,0.5221434140693216,0.05555555555555555,0.17220252018399707,27.0,0.36460621781376784,0.9793637753343097,3.4266699860814747,53.77219552469883,0.03249496950522292,4.436415396152827e-24,0.9444444444444444,True,0.9444444444444444,0.05555555555555558,False
FSMI_nm,6047,6028,4.415429811910861,2.451031219988596,1.9643985919222646,0.0766122074483353,0.15149412575334154,0.4604851843218541,0.38051802178371646,1.4087044314799662,0.6851851851851852,0.46296296296296297,0.5632187528053908,0.5740740740740741,0.5713602437569033,30.0,0.06437435238610324,0.19524629111311353,-1.0029718861800083,0.25572131626734673,1.0,0.7743577396302297,0.2037037037037037,False,0.5713602437569033,0.4286397562430967,False
FSMI_nm,6047,6029,2.0210013039871706,1.5050388270479818,0.5159624769391888,0.0,0.2779657506582819,0.062461399041240505,0.19578643794953896,0.7557356860324438,0.2777777777777778,0.6481481481481481,0.424312564347763,0.2037037037037037,0.2588559188647185,33.5,0.07312875658987011,0.20506976658856402,-0.4054147962020158,75.64522911472639,1.0,1.405058521283163e-33,0.2777777777777778,False,0.2588559188647185,0.7411440811352815,False
FSMI_nm,6047,6033,1.8207478300807216,2.5275862399606717,0.7068384098799501,0.0,0.2074180801468863,0.2978327716701835,0.32705175073540316,1.3122420352053208,0.2777777777777778,0.9814814814814815,0.5221434140693216,0.7222222222222222,0.6722025201839971,40.25,0.005355005818115697,0.016911876227320488,0.32418061733632214,1.4088463687070156,0.7231196226440189,0.244425097008241,0.018518518518518517,False,0.6722025201839971,0.32779747981600293,False
FSMI_nm,6047,6048,1.599313301289055,2.0373461665021644,0.43803286521310936,0.2288004050405874,0.264414893903947,0.34833618890216167,0.32743500670626513,1.0257976777437152,0.9444444444444444,0.3148148148148148,0.5452752542346465,0.42592592592592593,0.455763258003106,27.25,0.11934199608557979,0.33253328461098774,0.34882572131997464,-0.4628582504238308,0.7055160759666925,1.0,0.5,False,0.455763258003106,0.544236741996894,False
FSMI_nm,6047,6056,2.284561920801109,1.6647802520370227,0.6197816687640865,0.0,0.11981582471266723,0.31478319887597467,0.28935583635265205,0.8978798285938694,0.2777777777777778,0.6851851851851852,0.43626736997739807,0.2777777777777778,0.3174001758276829,34.5,0.12327458707729948,0.34681660543132187,-0.814835442557544,-0.5068768433555129,1.0,1.0,0.5370370370370371,False,0.3174001758276829,0.6825998241723171,False
FSMI_nm,6047,6057,3.4970517461895976,1.2367635748854664,2.260288171304131,0.0,0.07214273789719919,0.031475015936811554,0.05480296704142436,0.1926031451748882,0.2777777777777778,0.8333333333333334,0.4811252243246882,0.09259259259259259,0.1897257505256165,39.0,0.07386108671204929,0.21215893836325522,-0.38577123910767674,-0.15013747358231572,1.0,1.0,0.3148148148148148,False,0.18972575052561647,0.8102742494743835,False
FSMI_nm,6047,6062,2.9196668297119017,3.0534632141370586,0.13379638442515684,0.03841298719090913,0.35719911543910954,0.05199638405779267,0.24460447115693723,0.967216432946838,0.5740740740740741,0.7592592592592593,0.6602053137028107,0.9444444444444444,0.873384661759036,37.5,0.3060080893142835,0.8586867073380225,-1.326783043637703,0.24946554137760296,1.0,0.7792171311155374,0.8703703703703703,False,0.873384661759036,0.12661533824096405,False
FSMI_nm,6047,6063,4.4421744453751355,2.462602031675068,1.9795724137000676,0.0,0.4134045696651325,0.389092069004728,0.4163632192964072,1.2560425512517603,0.2777777777777778,0.2777777777777778,0.2777777777777778,0.6111111111111112,0.5277777777777778,27.0,0.06890564055773246,0.20213819374291708,-0.06757644408872833,2.7718332385923725,1.0,0.0625472355685662,0.24074074074074073,False,0.5277777777777778,0.4722222222222222,False
FSMI_nm,6047,6070,2.307992993047587,2.029815194898574,0.278177798149013,0.12910371494606077,0.177945628996625,0.08173866016565177,0.15111692361939716,0.5501214429528734,0.8703703703703703,0.35185185185185186,0.5533908443512568,0.3888888888888889,0.4300143777544809,27.5,0.0248248948513413,0.0716329728627304,-0.4546781020974142,-0.4184325824354883,1.0,1.0,0.05555555555555555,False,0.4300143777544809,0.5699856222455191,False
FSMI_nm,6047,6072,1.4268834691757484,1.3083994993644366,0.11848396981131182,0.012419922409606432,0.06070770526736549,0.08021369081895403,0.08885348910877962,0.31310051863081845,0.3888888888888889,0.7592592592592593,0.5433852130044893,0.12962962962962962,0.23306852547334453,37.5,0.16131458303597393,0.4439437687029241,1.014166624162264,-0.2553896095009108,0.3627045731430299,1.0,0.6481481481481481,False,0.23306852547334456,0.7669314745266554,False
FSMI_nm,6047,6078,1.3924063210314295,1.6981912891740234,0.3057849681425939,0.026612200696431332,0.0340765972033548,0.11568260332905153,0.09895017171463126,0.3137293596041739,0.5,0.9074074074074074,0.6735753140545634,0.35185185185185186,0.43228271740252977,39.25,0.17485615044386374,0.4811152594920839,-0.8106251669977518,0.813161892102232,1.0,0.4434536944228126,0.7592592592592593,False,0.43228271740252977,0.5677172825974702,False
FSMI_nm,6047,6080,3.486930250089525,2.1839224248342477,1.3030078252552775,0.011027231360255296,0.08180358413431654,0.1522764111707345,0.13479852712530632,0.3782123511547735,0.35185185185185186,0.9444444444444444,0.5764586080101253,0.5,0.5191146520025314,39.5,0.1620401444871769,0.46211110391371546,0.6845772009758027,0.5090363859797216,0.5043034034936841,0.601074503656376,0.6851851851851852,False,0.5191146520025314,0.4808853479974686,False
FSMI_nm,6047,6081,0.8928726233487373,3.78918238162242,2.896309758273683,0.0,0.1750910001233592,0.1434588709648255,0.24004964439830628,0.9006541243420814,0.2777777777777778,0.7962962962962963,0.470312040711122,0.9814814814814815,0.8536891212888916,37.75,0.103865248205058,0.2890394422095285,-1.0108356481219836,-1.2315192562384727,1.0,1.0,0.42592592592592593,False,0.8536891212888916,0.14631087871110837,False
FSMI_nm,6047,6082,1.5697987651446832,2.5184202954939967,0.9486215303493135,0.15494850496712242,0.11421807410071455,0.3892331262601868,0.3195172638034056,1.3250789006946246,0.9074074074074074,0.6111111111111112,0.7446655282549297,0.6851851851851852,0.7000552709526213,32.0,0.12892035256632012,0.3463858147883583,1.0585356113729196,-0.01662821381779984,0.34696352793570384,1.0,0.5740740740740741,False,0.7000552709526213,0.2999447290473787,False
FSMI_nm,6047,6084,1.3458682689199004,2.4963437356265836,1.1504754667066832,0.041849184567068765,0.2544295299631714,0.17865701016305724,0.24588884479082315,0.8430678337749584,0.6111111111111112,0.5370370370370371,0.5728780851206674,0.6481481481481481,0.629330632391278,31.0,0.05126466695046026,0.1612937126870645,-0.22943793812416993,-0.8723957906243636,1.0,1.0,0.16666666666666666,False,0.629330632391278,0.37066936760872204,False
FSMI_nm,6047,6085,1.86691079236755,2.9429885306781425,1.0760777383105924,0.0,0.25521851301201515,0.4894249410358161,0.4317740941200668,1.603567561537782,0.2777777777777778,0.5740740740740741,0.39933071579347823,0.9074074074074074,0.7803882345039251,31.25,0.02650004367404409,0.07728063895501469,-1.312275057819455,-0.8665307749146801,1.0,1.0,0.09259259259259259,False,0.7803882345039251,0.21961176549607486,False
FSMI_nm,6047,6090,2.022297889711494,2.8660904248174988,0.8437925351060049,0.08422824314306654,0.32788332108707935,0.09780775581033087,0.2507723283207885,0.9360399213291144,0.7222222222222222,0.16666666666666666,0.3469443332443555,0.8703703703703703,0.7395138610888666,25.25,0.04921809537524675,0.1338860253206342,-1.0377786279356318,1.5791311670650714,1.0,0.20615413391877901,0.12962962962962962,False,0.7395138610888666,0.26048613891113337,False
FSMI_nm,6047,6094,3.459780024999232,1.393077883225972,2.06670214177326,0.003159131276371685,0.1066040546759417,0.11951862257325227,0.12627491901193436,0.44392105112800717,0.3148148148148148,0.46296296296296297,0.38176903940904267,0.16666666666666666,0.22044225985226068,30.0,0.09408280543315821,0.2529538224159277,-0.267105125409582,-1.1578690666518878,1.0,1.0,0.3888888888888889,False,0.22044225985226062,0.7795577401477394,False
FSMI_nm,6047,6095,7.857275141594466,2.756580910789223,5.100694230805243,0.013443076891676231,0.27883758998490143,0.09472471108819347,0.20501252614586574,0.8517847208741851,0.42592592592592593,0.3888888888888889,0.4069863143673317,0.7592592592592593,0.6711910230362773,28.75,0.17563121852029195,0.4867421063870375,-0.10858364926435098,-0.5151304960773815,1.0,1.0,0.7962962962962963,False,0.6711910230362773,0.3288089769637227,False
FSMI_nm,6047,6099,8.69575314178455,2.7991222036384307,5.896630938146119,0.12500876846760978,0.12424612046843134,0.24992168780919716,0.21139173768896521,0.7275368925203765,0.8333333333333334,0.5370370370370371,0.668977476599572,0.7962962962962963,0.7644665913721151,31.0,0.10778338905791807,0.3067702578597281,0.6529416077079339,-1.4266806119134776,0.5205123793127924,1.0,0.46296296296296297,False,0.7644665913721151,0.23553340862788485,False
FSMI_nm,6047,6101,0.3286650711030523,2.228161217411903,1.8994961463088509,0.05771883511403475,0.05588635600790708,0.08099529635209426,0.07410006298476818,0.25821827429144895,0.6481481481481481,0.9074074074074074,0.7668992311425428,0.5370370370370371,0.5945025855634135,39.25,0.1528056265599682,0.40615546380173606,-0.7060189989331227,0.9877100701242166,1.0,0.3724285505650236,0.6111111111111112,False,0.5945025855634135,0.4054974144365865,False
FSMI_nm,6047,N6342,0.7560989711345802,1.6419463206288711,0.8858473494942909,0.0927343557095881,0.15541243153778211,0.06798373667315862,0.11647738715632544,0.4190095720400733,0.7592592592592593,0.05555555555555555,0.20538030567424848,0.24074074074074073,0.23190063197411767,21.0,0.16467399525401744,0.481787651874403,1.696108277756542,-0.03775002589051912,0.18339586280001738,1.0,0.7222222222222222,False,0.2319006319741177,0.7680993680258823,False
FSMI_nm,6047,N6358,0.8146778778150339,1.6699822741336416,0.8553043963186078,0.0,0.08501400863600624,0.06014784279947484,0.11563736936413757,0.4079169580982982,0.2777777777777778,0.2777777777777778,0.2777777777777778,0.3148148148148148,0.3055555555555556,27.0,0.2595479145136394,0.6894464270962294,0.08523138607605016,1.0342947434314282,0.9182997780346212,0.3554769950266618,0.8333333333333334,False,0.3055555555555556,0.6944444444444444,False
FSMI_nm,6047,N6382,1.0237676864754848,0.19879883532404205,0.8249688511514427,0.021526812974048876,0.01722332006907611,0.08043515039900609,0.07548663383843032,0.279097847153546,0.46296296296296297,0.018518518518518517,0.09259259259259259,0.018518518518518517,0.037037037037037035,19.5,0.6908404327068672,1.8590215514033799,9.510514756178372,1.0706907616310846,7.406890449507677e-05,0.34277166211043614,0.9814814814814815,True,0.9814814814814815,0.01851851851851849,False
FSMI_nm,6047,N6389,1.7659275986645624,2.1542619334197064,0.388334334755144,0.035707792020719165,0.06476518870230237,0.048050613414303237,0.07354821979305995,0.282166500624474,0.5370370370370371,0.09259259259259259,0.2229924921998573,0.46296296296296297,0.40297034527218656,21.5,0.3161623291351162,0.8731822444636783,-0.01284011716991846,3.131831049149171,1.0,0.043637821059802635,0.9074074074074074,True,0.9074074074074074,0.09259259259259256,False
FSMI_nm,6047,N6390,1.7769079672453123,2.812200988664798,1.0352930214194855,0.12055857829710792,1.134129084160612,0.42450076867007225,0.8564480059441937,2.780901779835721,0.7962962962962963,0.12962962962962962,0.3212842883869902,0.8333333333333334,0.7053210720967475,22.0,0.08512765284459095,0.2272577116074651,7.700041638005862,0.05894819541049277,0.0004528083284584346,0.9427556069593018,0.35185185185185186,False,0.7053210720967475,0.29467892790325245,False
FSMI_nm,6048,6022,1.2832086750870029,1.2140834774381895,0.06912519764881342,1.1413119359839716,0.424934537218308,0.8011696386320868,0.6486139304155545,1.9386539210017957,0.9814814814814815,0.2777777777777778,0.5221434140693216,0.05555555555555555,0.17220252018399707,27.0,0.23374265701449798,0.6303414014461004,4.754557823611561,53.61535194855271,0.008612352030173891,5.189774686887906e-24,0.8333333333333334,False,0.17220252018399707,0.8277974798160029,False
FSMI_nm,6048,6028,4.415429811910861,2.6350009063242896,1.7804289055865712,0.10997535009595083,0.1652960717515933,0.5315688234808382,0.4380654127740112,1.640805220619058,0.8703703703703703,0.42592592592592593,0.6088623045471702,0.7222222222222222,0.6938822428034592,30.0,0.057654683879813914,0.17431839957068274,-0.6474424891875677,0.24607326684704103,1.0,0.7818649380480658,0.2037037037037037,False,0.6938822428034592,0.3061177571965408,False
FSMI_nm,6048,6029,2.0210013039871706,1.5854442050719206,0.43555709891524996,0.0,0.28097220340448836,0.05495855675506572,0.1959662108943967,0.7524754576555233,0.2777777777777778,0.6481481481481481,0.424312564347763,0.24074074074074073,0.28663369664249627,33.5,0.08020759510360607,0.23039032098647425,-0.7458206513944374,66.88719965896547,1.0,8.938368971335966e-30,0.3148148148148148,False,0.28663369664249627,0.7133663033575037,False
FSMI_nm,6048,6033,1.8207478300807216,2.36927174294577,0.5485239128650485,0.0,0.2028964259530944,0.25336312011653406,0.28240872032646264,1.159025592904297,0.2777777777777778,0.9814814814814815,0.5221434140693216,0.5740740740740741,0.561091409072886,40.25,0.08172201114780023,0.2463602091345517,0.11535814872190867,1.8830481144810942,0.8910469594228078,0.15212570178365734,0.35185185185185186,False,0.561091409072886,0.438908590927114,False
FSMI_nm,6048,6047,2.946053864791246,2.3603297153862743,0.5857241494049719,0.09042100979067191,0.08108989213506253,0.09460653895966883,0.09467855857407677,0.3448142148952651,0.7962962962962963,0.5740740740740741,0.6761161579084698,0.5370370370370371,0.5718068172548952,31.5,0.05027838499673778,0.1418648724706797,-0.7620462887850263,-1.741242066409083,1.0,1.0,0.16666666666666666,False,0.5718068172548952,0.42819318274510476,False
FSMI_nm,6048,6056,2.284561920801109,1.7678525520666788,0.5167093687344304,0.0,0.11783563458185044,0.33757496343638443,0.30517597993068474,0.958022839564213,0.2777777777777778,0.6851851851851852,0.43626736997739807,0.35185185185185186,0.3729557313832384,34.5,0.11644753816810015,0.32857384109034216,-0.8536816719136363,-0.41074244081910866,1.0,1.0,0.5,False,0.37295573138323834,0.6270442686167617,False
FSMI_nm,6048,6057,3.4970517461895976,1.2497123669809336,2.247339379208664,0.0,0.0728229573882893,0.03593589045988954,0.05710304506536895,0.19588342572803263,0.2777777777777778,0.8333333333333334,0.4811252243246882,0.09259259259259259,0.1897257505256165,39.0,0.05865526825875964,0.15789595847552645,-0.36029210858947736,-0.08439346934043326,1.0,1.0,0.24074074074074073,False,0.18972575052561647,0.8102742494743835,False
FSMI_nm,6048,6062,2.9196668297119017,3.5800550388630508,0.660388209151149,0.04046056477047122,0.5302427018935811,0.11475907778472538,0.3717193486502443,1.4077462020418792,0.5740740740740741,0.7592592592592593,0.6602053137028107,0.9444444444444444,0.873384661759036,37.5,0.31533125871632667,0.8644729667359984,-0.8997500233342808,-0.05079457599900482,1.0,1.0,0.9444444444444444,True,0.9444444444444444,0.05555555555555558,False
FSMI_nm,6048,6063,4.4421744453751355,2.49958600127003,1.9425884441051053,0.0,0.4174611245973289,0.37387259977270487,0.4093558660940123,1.2211490793607882,0.2777777777777778,0.2777777777777778,0.2777777777777778,0.6851851851851852,0.5833333333333334,27.0,0.17442105479362352,0.49510760618091254,-0.09494708369463489,3.1845518438348637,1.0,0.04139679387283455,0.6851851851851852,False,0.5833333333333334,0.41666666666666663,False
FSMI_nm,6048,6070,2.307992993047587,2.1401560963202666,0.16783689672732027,0.12087987803030309,0.17302492494404467,0.06253461048325011,0.1369724786901233,0.4793236800043248,0.9074074074074074,0.3148148148148148,0.5344766551726597,0.42592592592592593,0.4530636082376094,27.5,0.023476633088903583,0.06600103106480348,-0.3030288081176894,-0.21403061179971902,1.0,1.0,0.018518518518518517,False,0.4530636082376094,0.5469363917623906,False
FSMI_nm,6048,6072,1.4268834691757484,1.250409756849214,0.1764737123265343,0.016975300785079694,0.04516179063297382,0.08583013613984408,0.08234036500547844,0.2471982826922925,0.46296296296296297,0.7592592592592593,0.5928818738363749,0.12962962962962962,0.24544269068131594,37.5,0.17498283612655116,0.48211722094773374,1.1612275710202307,-0.08833654602482201,0.3131015904360504,1.0,0.7222222222222222,False,0.24544269068131597,0.754557309318684,False
FSMI_nm,6048,6078,1.3924063210314295,1.586416222953308,0.1940099019218786,0.0,0.05609523111587865,0.05206417141454366,0.057009440773169315,0.21638940360128855,0.2777777777777778,0.9074074074074074,0.5020533967305911,0.2777777777777778,0.33384668251598115,39.25,0.19618608368876078,0.5303073401448991,-0.6843494157506668,0.7491016173722224,1.0,0.47279110932451535,0.7962962962962963,False,0.33384668251598115,0.6661533174840188,False
FSMI_nm,6048,6080,3.486930250089525,2.1435599580939297,1.3433702919955954,0.029676285612588504,0.07451008988311913,0.15991269869619829,0.14207181654431378,0.3969557716026635,0.5,0.9444444444444444,0.6871842709362768,0.46296296296296297,0.5190182899562914,39.5,0.14141132721014868,0.4032990840187344,0.9916559316514013,0.5956812214006296,0.37096189458938195,0.5511869575948968,0.6111111111111112,False,0.5190182899562914,0.4809817100437086,False
FSMI_nm,6048,6081,0.8928726233487373,3.6753040940633435,2.7824314707146063,0.005632035548685632,0.144343716308696,0.12481809466399257,0.20254311779614004,0.70505441013893,0.35185185185185186,0.7962962962962963,0.5293187380724612,0.9814814814814815,0.8684407956292265,37.75,0.07851876309754582,0.22582348030727584,-0.9240793783237757,-1.2583596716815055,1.0,1.0,0.2777777777777778,False,0.8684407956292265,0.1315592043707735,False
FSMI_nm,6048,6082,1.5697987651446832,2.485779389082333,0.9159806239376498,0.15728353990494748,0.12278435394613314,0.39944951968594683,0.3292616958711261,1.3629506290772928,0.9444444444444444,0.6111111111111112,0.759710796176519,0.6481481481481481,0.6760388101552408,32.0,0.09985193938469941,0.2656470691657795,1.2531219866630088,0.04008409278752354,0.28561172750619135,0.9607086470872243,0.42592592592592593,False,0.6760388101552408,0.3239611898447592,False
FSMI_nm,6048,6084,1.3458682689199004,2.3596404904382684,1.013772221518368,0.06583774868935599,0.22335355807572996,0.14849196451664382,0.21399791940530516,0.7317187493224291,0.6481481481481481,0.5,0.5692750425533111,0.5,0.5173187606383278,31.0,0.029462706915989678,0.09120476668349964,-0.21971803919238964,-1.3773427249236878,1.0,1.0,0.09259259259259259,False,0.5173187606383278,0.4826812393616722,False
FSMI_nm,6048,6085,1.86691079236755,3.2651135280825754,1.3982027357150253,0.0,0.2792722045464996,0.6035269503073609,0.5202197505052721,1.928989176289722,0.2777777777777778,0.5370370370370371,0.38623432619655945,0.9074074074074074,0.7771141371046955,31.25,0.026366946565805825,0.07951890370129122,-1.520587611356006,-0.5502688481702174,1.0,1.0,0.05555555555555555,False,0.7771141371046955,0.22288586289530454,False
FSMI_nm,6048,6090,2.022297889711494,2.8548402056693867,0.8325423159578929,0.09096586721914823,0.3333590995473253,0.09735646344342547,0.25285160505386395,0.9629464356532935,0.8333333333333334,0.16666666666666666,0.37267799624996495,0.8333333333333334,0.7181694990624913,25.25,0.039122155441572486,0.11809334080305478,-0.7584595066059683,1.7748980191697579,1.0,0.16950073444371386,0.12962962962962962,False,0.7181694990624913,0.2818305009375087,False
FSMI_nm,6048,6094,3.459780024999232,1.3456200330171417,2.11415999198209,0.012498513305398307,0.08905168420891517,0.10344076366437144,0.105660067832384,0.370386815417995,0.3888888888888889,0.42592592592592593,0.4069863143673317,0.16666666666666666,0.22674657859183292,30.0,0.09911421251348497,0.26882608296232774,-0.0006343542303717986,-1.1929629280136647,1.0,1.0,0.3888888888888889,False,0.2267465785918329,0.7732534214081671,False
FSMI_nm,6048,6095,7.857275141594466,2.75392852141592,5.103346620178547,0.00033694006076112615,0.3060990479689552,0.0973068190340377,0.22290530120834437,0.9293567998892334,0.3148148148148148,0.35185185185185186,0.33281853251132276,0.7592592592592593,0.6526490775722751,28.75,0.16214026941634407,0.44720686311223856,0.08170805059058676,-0.42959911184332844,0.921540962766478,1.0,0.6481481481481481,False,0.6526490775722751,0.3473509224277249,False
FSMI_nm,6048,6099,8.69575314178455,2.8412593838784224,5.854493757906128,0.04603731810861911,0.10892593112290583,0.20941490894372902,0.18078767270537838,0.5617917267599717,0.6111111111111112,0.5,0.5527707983925667,0.7962962962962963,0.7354149218203638,31.0,0.1063640916312058,0.2980626686163329,0.8012676805284065,-1.3053119704217193,0.44875971942499926,1.0,0.46296296296296297,False,0.7354149218203638,0.26458507817963617,False
FSMI_nm,6048,6101,0.3286650711030523,2.411587420290479,2.0829223491874265,0.07467911303746977,0.0647772666796811,0.0866172106590184,0.0810703718092023,0.26985112865976335,0.6851851851851852,0.9074074074074074,0.788506253927547,0.6111111111111112,0.6554598968152201,39.25,0.12947145528165016,0.3456275400544563,-0.51613557098958,0.5807170470399511,1.0,0.559497037002266,0.5740740740740741,False,0.6554598968152201,0.3445401031847799,False
FSMI_nm,6048,N6342,0.7560989711345802,1.5469954341569274,0.7908964630223472,0.08516766065326453,0.136948127057248,0.06059966033832014,0.10523590904121936,0.35547439922623436,0.7592592592592593,0.05555555555555555,0.20538030567424848,0.2037037037037037,0.20412285419633988,21.0,0.17646384768902712,0.5083058408318449,1.3689308264676758,0.05950951984800178,0.25437878927901303,0.9422265636948645,0.7592592592592593,False,0.2041228541963399,0.7958771458036601,False
FSMI_nm,6048,N6358,0.8146778778150339,1.664547204192511,0.849869326377477,0.0,0.07545186265279015,0.04903280613743881,0.10111146798652501,0.33493350517462717,0.2777777777777778,0.2777777777777778,0.2777777777777778,0.3148148148148148,0.3055555555555556,27.0,0.25216443163795904,0.6860522726534566,0.3427179207833443,1.1452271871968582,0.7098384139861788,0.3181516296023494,0.8703703703703703,False,0.3055555555555556,0.6944444444444444,False
FSMI_nm,6048,N6382,1.0237676864754848,0.18309385593348984,0.840673830541995,0.015241797026271764,0.013902552004773479,0.06974997667051114,0.066475656063704,0.24425227562185695,0.42592592592592593,0.018518518518518517,0.08881169487616147,0.018518518518518517,0.036091812607929256,19.5,0.7204459887543677,1.9382953453164022,8.746027953833739,1.1928420061857334,0.0001590919925054941,0.3033578927867746,0.9814814814814815,True,0.9814814814814815,0.01851851851851849,False
FSMI_nm,6048,N6389,1.7659275986645624,2.102320260008888,0.33639266134432555,0.036812205603233394,0.060140135296822564,0.04633645225343826,0.07026602005919409,0.26825057232382177,0.5370370370370371,0.09259259259259259,0.2229924921998573,0.3888888888888889,0.34741478971663103,21.5,0.296720073687639,0.8120602111733142,0.355022722374348,3.651308318394549,0.7011575110641217,0.025957146341650084,0.9074074074074074,True,0.9074074074074074,0.09259259259259256,False
FSMI_nm,6048,N6390,1.7769079672453123,3.067211155370662,1.2903031881253497,0.08509227613679338,1.0671572617726097,0.4046568418138529,0.8234586809967336,2.67025548829523,0.7222222222222222,0.12962962962962962,0.30597614151589453,0.8703703703703703,0.7292718131567514,22.0,0.11780175104527797,0.3238289540575422,9.25841041710897,0.11593620401047153,9.53067027032961e-05,0.8905320338576171,0.5370370370370371,False,0.7292718131567514,0.2707281868432486,False
FSMI_nm,6056,6022,1.2832086750870029,0.42199824365892297,0.86121043142808,1.1787165316307537,0.47968642787219723,0.8043303859929327,0.6613273447556907,1.795139929674728,0.9814814814814815,0.2777777777777778,0.5221434140693216,0.05555555555555555,0.17220252018399707,27.0,0.5952416504164004,1.586490310550587,3.744248944357951,49.27479869614465,0.023653387388144213,3.983151538208126e-22,0.9444444444444444,True,0.9444444444444444,0.05555555555555558,False
FSMI_nm,6056,6028,4.415429811910861,2.4537574506987565,1.9616723612121043,0.08038247666620935,0.13912416873175668,0.41476094449681283,0.3421680547256619,1.2273729539911293,0.6851851851851852,0.46296296296296297,0.5632187528053908,0.6481481481481481,0.6269157993124588,30.0,0.055419768369231334,0.16714004277525352,-0.8290181499752252,0.09685419280448625,1.0,0.9076883439769691,0.16666666666666666,False,0.6269157993124588,0.3730842006875412,False
FSMI_nm,6056,6029,2.0210013039871706,1.6320911796500939,0.3889101243370767,0.0,0.27986360148335343,0.04383245659590044,0.19290380645474564,0.7486595700552969,0.24074074074074073,0.6851851851851852,0.4061428185085427,0.24074074074074073,0.28209126018269126,33.5,0.10808952058326222,0.3333369481519042,-0.48008328058114624,57.88380214657893,1.0,7.267484867738913e-26,0.5370370370370371,False,0.28209126018269126,0.7179087398173087,False
FSMI_nm,6056,6033,1.8207478300807216,2.389024402546785,0.5682765724660632,0.0,0.21159491861741284,0.24890734927340988,0.2788106152000378,1.1519575354463478,0.24074074074074073,0.9814814814814815,0.4860890647558032,0.5740740740740741,0.5520778217445064,40.25,0.020645463939267722,0.061663601647471644,0.26866440357062715,1.0048593178720788,0.764399742431941,0.36609613436460264,0.018518518518518517,False,0.5520778217445064,0.44792217825549363,False
FSMI_nm,6056,6047,2.946053864791246,2.55275323699522,0.39330062779602626,0.0241382252115816,0.057442032661996746,0.08704526409153453,0.08472642861653837,0.306568836696246,0.5370370370370371,0.6111111111111112,0.5728780851206674,0.6851851851851852,0.6571084101690559,31.5,0.06602837094326558,0.17941106349031377,-0.7264370424749572,-1.7562397462549655,1.0,1.0,0.24074074074074073,False,0.6571084101690559,0.34289158983094414,False
FSMI_nm,6056,6048,1.599313301289055,1.902007981410577,0.302694680121522,0.21643574461087356,0.20191332470505835,0.2834147653829457,0.2636314648885527,0.8367255319525226,0.9444444444444444,0.3148148148148148,0.5452752542346465,0.35185185185185186,0.40020770244755055,27.25,0.1565495554725605,0.4313007028286151,0.8054574982261201,-0.4439894412057003,0.4468834314076872,1.0,0.6111111111111112,False,0.40020770244755055,0.5997922975524494,False
FSMI_nm,6056,6057,3.4970517461895976,1.2471107624635456,2.2499409837260522,0.001935451146450884,0.07270446648479309,0.02927174331975227,0.054129823668758584,0.19078868777803404,0.2777777777777778,0.8333333333333334,0.4811252243246882,0.09259259259259259,0.1897257505256165,39.0,0.08086427591088047,0.22641409470830415,-0.34853563694419204,-0.059839421920490826,1.0,1.0,0.3888888888888889,False,0.18972575052561647,0.8102742494743835,False
FSMI_nm,6056,6062,2.9196668297119017,3.3456767141618524,0.4260098844499507,0.0029015608415186023,0.46953698986537257,0.09818970729590841,0.3294005679927254,1.2016305407909438,0.3148148148148148,0.7592592592592593,0.4889029178682995,0.9444444444444444,0.8305590628004081,37.5,0.34210485509534216,0.9394883541114603,-1.1582558074962692,0.17128837412743905,1.0,0.842578560576783,0.8703703703703703,False,0.8305590628004081,0.16944093719959186,False
FSMI_nm,6056,6063,4.4421744453751355,2.6227704240012932,1.8194040213738423,0.0,0.4084511731791989,0.36641428640806595,0.40063076323917646,1.2074001528951754,0.24074074074074073,0.2777777777777778,0.258597037847573,0.7222222222222222,0.6063159261285599,27.0,0.06871921099494477,0.20309341001890446,-0.36986989468077053,2.078902264017022,1.0,0.12506742788739442,0.3148148148148148,False,0.6063159261285599,0.3936840738714401,False
FSMI_nm,6056,6070,2.307992993047587,2.1680036026143776,0.13998939043320924,0.11460911810732011,0.175529090033382,0.06144628808926147,0.14055374798990547,0.49173970925673105,0.8703703703703703,0.35185185185185186,0.5533908443512568,0.42592592592592593,0.4577921555322586,27.5,0.021012951253751907,0.06599679866851849,-0.29496069245922063,-0.29128652047852044,1.0,1.0,0.05555555555555555,False,0.4577921555322586,0.5422078444677414,False
FSMI_nm,6056,6072,1.4268834691757484,1.3605541157699736,0.06632935340577473,0.006252032195337209,0.05224182632076269,0.09372478132341178,0.08977540335716779,0.26639563890848295,0.3888888888888889,0.7592592592592593,0.5433852130044893,0.12962962962962962,0.23306852547334453,37.5,0.16393845516780833,0.46033598139867327,0.955035574095227,0.14663515227161208,0.38479845545259383,0.8636090057280982,0.7222222222222222,False,0.23306852547334456,0.7669314745266554,False
FSMI_nm,6056,6078,1.3924063210314295,1.6520212350559875,0.25961491402455805,0.0,0.0326175818756917,0.08538169389626857,0.07459873102389268,0.2737646672396372,0.24074074074074073,0.9074074074074074,0.46738627644903563,0.2777777777777778,0.32517990244559225,39.25,0.21612128236892855,0.587072463325661,-0.7730084838905844,0.6033078759738831,1.0,0.5469992345212268,0.7962962962962963,False,0.32517990244559225,0.6748200975544077,False
FSMI_nm,6056,6080,3.486930250089525,2.0121724193292905,1.4747578307602347,0.02068241307752494,0.07904008826239835,0.14677536932156762,0.1316124094194441,0.3548025759020508,0.46296296296296297,0.9444444444444444,0.6612433730132269,0.3888888888888889,0.45697750991997343,39.5,0.13030006593874785,0.36600298919376634,0.6873300422439382,0.5585177067138927,0.502917045360327,0.5720563910476855,0.5740740740740741,False,0.45697750991997343,0.5430224900800266,False
FSMI_nm,6056,6081,0.8928726233487373,3.5916578797265264,2.698785256377789,0.0,0.14317125449466592,0.09915843839828364,0.19998027811020597,0.7121286367931794,0.24074074074074073,0.7962962962962963,0.43783668213099586,0.9814814814814815,0.8455702816438602,37.75,0.06457284778543262,0.1826201043185618,-1.126707467326018,-1.3042261637152202,1.0,1.0,0.2037037037037037,False,0.8455702816438602,0.15442971835613983,False
FSMI_nm,6056,6082,1.5697987651446832,2.2696218917921116,0.6998231266474284,0.1698690283948916,0.08221188305728344,0.33953198628816056,0.2758734960492515,1.1350663063166433,0.9074074074074074,0.6481481481481481,0.7668992311425428,0.46296296296296297,0.5389470300078579,32.0,0.08081221923028695,0.21966872563879591,0.9375627869854325,-0.19580960885144624,0.39158103971190034,1.0,0.35185185185185186,False,0.5389470300078579,0.46105296999214207,False
FSMI_nm,6056,6084,1.3458682689199004,2.4421649419780835,1.0962966730581831,0.076068183439987,0.22775558307064286,0.13995501175564243,0.21577028775592985,0.7484262141497526,0.6481481481481481,0.5370370370370371,0.589982678595333,0.6111111111111112,0.6058290029821667,31.0,0.030824186328739237,0.09722201035738831,-0.3654391862957038,-1.378766289384245,1.0,1.0,0.12962962962962962,False,0.6058290029821667,0.3941709970178333,False
FSMI_nm,6056,6085,1.86691079236755,3.092984827008737,1.226074034641187,0.0,0.24372951360688083,0.5005926154228661,0.4380460784436345,1.6216937940488556,0.24074074074074073,0.5740740740740741,0.3717566648126802,0.9074074074074074,0.7734947217587256,31.25,0.02288223903376411,0.06638953084038235,-1.713705838739105,-0.9737787618136847,1.0,1.0,0.09259259259259259,False,0.7734947217587256,0.22650527824127442,False
FSMI_nm,6056,6090,2.022297889711494,2.903868483258226,0.8815705935467322,0.1033920147016878,0.3433768650215039,0.11126607712513728,0.2650727077736938,0.9988291260589235,0.8333333333333334,0.16666666666666666,0.37267799624996495,0.8333333333333334,0.7181694990624913,25.25,0.06829052280622495,0.20312397436967333,-0.8615040957440298,1.3317925133540771,1.0,0.26400360691982006,0.2777777777777778,False,0.7181694990624913,0.2818305009375087,False
FSMI_nm,6056,6094,3.459780024999232,1.3927706271275369,2.0670093978716952,0.008578218878456223,0.09395374325308266,0.10539549713858157,0.10928459775864786,0.3785052084933149,0.42592592592592593,0.46296296296296297,0.44405847438080737,0.16666666666666666,0.23601461859520184,30.0,0.09963554564072218,0.26641108200744434,-0.40851812193688714,-1.2042798889513395,1.0,1.0,0.46296296296296297,False,0.2360146185952019,0.7639853814047981,False
FSMI_nm,6056,6095,7.857275141594466,2.8390820163815524,5.018193125212914,0.03283722113000209,0.2099669448321381,0.09380235974974616,0.16556543446814867,0.6404480065773765,0.5740740740740741,0.3888888888888889,0.47249447489529905,0.7592592592592593,0.6875680631682692,28.75,0.1575035152623915,0.42982183304452914,-0.260796779431404,-0.36161668165848976,1.0,1.0,0.6481481481481481,False,0.6875680631682692,0.31243193683173076,False
FSMI_nm,6056,6099,8.69575314178455,2.879545220799896,5.816207920984654,0.09627541231706971,0.14208606201516558,0.22964801594881598,0.2027718679871426,0.6397874719240608,0.7962962962962963,0.5370370370370371,0.6539423549262806,0.7962962962962963,0.7607078109537924,31.0,0.10440517755244091,0.2930733332769002,0.7154456330014399,-1.5101575441669288,0.4889741602140868,1.0,0.5,False,0.7607078109537924,0.23929218904620764,False
FSMI_nm,6056,6101,0.3286650711030523,2.3362524573874404,2.007587386284388,0.06445401967793929,0.06466379433870198,0.08934515581088427,0.08303739835527485,0.279447522373228,0.6111111111111112,0.9074074074074074,0.7446655282549297,0.5370370370370371,0.5889441598415102,39.25,0.15828246332664953,0.4234035352987453,-0.34780011094794333,0.5115586802759782,1.0,0.5995603272661764,0.6851851851851852,False,0.5889441598415102,0.41105584015848984,False
FSMI_nm,6056,N6342,0.7560989711345802,1.6248826377389376,0.8687836666043574,0.08267244595668677,0.1979115473278179,0.0658794924967422,0.1404745633955254,0.5325105115547824,0.7222222222222222,0.05555555555555555,0.20030840419244383,0.2037037037037037,0.2028548788258887,21.0,0.17872941654168867,0.5150100224685402,1.6241812141381324,-0.13175428677158116,0.19707296972371285,1.0,0.7592592592592593,False,0.2028548788258887,0.7971451211741113,False
FSMI_nm,6056,N6358,0.8146778778150339,1.8098347770873815,0.9951568992723476,0.0,0.07153102021555163,0.053867885835511886,0.1036511841140537,0.33477139005942647,0.24074074074074073,0.2777777777777778,0.258597037847573,0.3148148148148148,0.30076037057300437,27.0,0.27474841726697447,0.754877235714229,-0.05705333054008524,1.332082920686277,1.0,0.26392694946812506,0.8333333333333334,False,0.3007603705730044,0.6992396294269956,False
FSMI_nm,6056,N6382,1.0237676864754848,0.20040594985164562,0.8233617366238392,0.021563854672714572,0.017221512050982993,0.08248032225723649,0.07673862654332558,0.28460435553042107,0.5,0.018518518518518517,0.09622504486493763,0.018518518518518517,0.037945150105123296,19.5,0.6824803712827396,1.8441480365392984,8.794864048877795,0.7623252495865711,0.00015150922422756564,0.4665802491505546,0.9814814814814815,True,0.9814814814814815,0.01851851851851849,False
FSMI_nm,6056,N6389,1.7659275986645624,2.32639276703381,0.5604651683692476,0.0037412947641199956,0.1313654783227763,0.05078513272751909,0.11558275690350424,0.37800900500944046,0.35185185185185186,0.09259259259259259,0.18049619157053637,0.5,0.4201240478926341,21.5,0.3512202433911645,0.9401126068677568,-0.3279231303669501,2.6535474284418616,1.0,0.07040102695878032,0.9074074074074074,True,0.9074074074074074,0.09259259259259256,False
FSMI_nm,6056,N6390,1.7769079672453123,3.085386052302526,1.3084780850572137,0.0955244066913643,1.1797905929298482,0.43172428838040966,0.9046254804106156,2.91347530043717,0.7592592592592593,0.12962962962962962,0.313723599001804,0.8703703703703703,0.7312086775282288,22.0,0.09449804844632222,0.2858695517768236,6.608095787433935,0.39172305720621714,0.0013493992474897761,0.6758912712604535,0.42592592592592593,False,0.7312086775282288,0.2687913224717712,False
FSMI_nm,6057,6022,1.2832086750870029,1.3629675816002842,0.07975890651328132,0.5290444258792559,0.21870731893653939,0.5007771521752342,0.40369940114738867,1.2352393191309863,0.9814814814814815,0.2777777777777778,0.5221434140693216,0.12962962962962962,0.22775807573955262,27.0,0.21012910267426646,0.5631645042124467,3.2496829371774356,49.69672779152308,0.038786503640668775,2.6120732491647594e-22,0.7962962962962963,False,0.22775807573955265,0.7722419242604474,False
FSMI_nm,6057,6028,4.415429811910861,2.64345607431415,1.7719737375967108,0.11670424285929482,0.1919610692882485,0.5829506535559017,0.4835840356233524,1.8040284827596926,0.8703703703703703,0.46296296296296297,0.634782833370467,0.7222222222222222,0.7003623750092833,30.0,0.11921887169911194,0.33862674881924426,-0.6201652133882554,0.29538396638630665,1.0,0.7442457672389703,0.42592592592592593,False,0.7003623750092833,0.29963762499071667,False
FSMI_nm,6057,6029,2.0210013039871706,1.369120352832876,0.6518809511542947,0.0,0.17362963875570536,0.07155790586341385,0.13239854540177878,0.47518608237106297,0.12962962962962962,0.6851851851851852,0.2980273507302052,0.16666666666666666,0.19950683768255129,33.5,0.036993363772378586,0.10197027097577599,-0.8937588947956442,68.99521870243149,1.0,1.0858185075108765e-30,0.09259259259259259,False,0.19950683768255129,0.8004931623174487,False
FSMI_nm,6057,6033,1.8207478300807216,1.7354111142018238,0.0853367158788978,0.07721079100359951,0.12471282677022437,0.1732826576564446,0.1593645858835854,0.541277203867923,0.6851851851851852,0.9814814814814815,0.820058882425353,0.35185185185185186,0.46890360949522714,40.25,0.14717504285026708,0.3980275689475823,0.1567841525641126,1.158807020704593,0.8548885644090365,0.31386038657123305,0.5370370370370371,False,0.46890360949522714,0.5310963905047729,False
FSMI_nm,6057,6047,2.946053864791246,2.122574826886036,0.8234790379052104,0.04361326690350431,0.05442877787713542,0.08160292029266744,0.07253966306299707,0.26953311556879145,0.5370370370370371,0.6111111111111112,0.5728780851206674,0.5,0.5182195212801668,31.5,0.03807805415939982,0.109807087740452,-0.8047521675926497,-1.602170928051199,1.0,1.0,0.12962962962962962,False,0.5182195212801668,0.4817804787198332,False
FSMI_nm,6057,6048,1.599313301289055,2.2916495214432473,0.6923362201541923,0.2688819191803238,0.25660904647724175,0.36157022440064324,0.3306458768441546,1.0846730203272705,0.9444444444444444,0.3148148148148148,0.5452752542346465,0.5740740740740741,0.5668743691142172,27.25,0.09276641529474842,0.257809886195139,0.19717806665432014,-0.4368051223604386,0.821044419662299,1.0,0.3148148148148148,False,0.5668743691142172,0.4331256308857828,False
FSMI_nm,6057,6056,2.284561920801109,1.6725412966727502,0.612020624128359,0.0,0.1031997813030349,0.2556639591776979,0.23140295153466883,0.7663891508986156,0.12962962962962962,0.7222222222222222,0.30597614151589453,0.2777777777777778,0.28482736871230696,34.5,0.08558906042121554,0.24749711730135937,-0.9043717104359095,-0.44725470207433554,1.0,1.0,0.24074074074074073,False,0.28482736871230696,0.715172631287693,False
FSMI_nm,6057,6062,2.9196668297119017,3.346924593310877,0.42725776359897516,0.040152008991329424,0.5543732797968377,0.14315108552430633,0.3912441227662297,1.438345637823534,0.5,0.7962962962962963,0.6309898162000304,0.9074074074074074,0.8383030096055631,37.5,0.34085142460668083,0.9297585477524454,-0.7837989434512728,0.19156555401910014,1.0,0.8256654976405631,0.9444444444444444,True,0.9444444444444444,0.05555555555555558,False
FSMI_nm,6057,6063,4.4421744453751355,2.3124961329081537,2.129678312466982,0.006072216665069963,0.31904829450539274,0.3611797006925306,0.3588622834778173,1.1984294606552592,0.24074074074074073,0.2777777777777778,0.258597037847573,0.6111111111111112,0.5229825927952266,27.0,0.10218445806181087,0.2719006858560864,-0.3105143362847546,2.2657815482618253,1.0,0.1037489180601275,0.3888888888888889,False,0.5229825927952266,0.47701740720477337,False
FSMI_nm,6057,6070,2.307992993047587,1.9996568501352758,0.30833614291231104,0.07689282260689034,0.123611137009274,0.05946604321177374,0.11087366965310938,0.39349313563307464,0.6481481481481481,0.35185185185185186,0.4775480354899121,0.42592592592592593,0.4388314533169224,27.5,0.020268733693126356,0.057612400397363706,-0.46690200943922666,-0.45965062811021257,1.0,1.0,0.05555555555555555,False,0.4388314533169224,0.5611685466830776,False
FSMI_nm,6057,6072,1.4268834691757484,1.178589548032164,0.2482939211435844,0.017619841582228624,0.03699192760705592,0.09000291099150638,0.09025334694374214,0.30999996877586145,0.3148148148148148,0.7962962962962963,0.500685401281325,0.05555555555555555,0.1668380169869979,37.5,0.1633995234849603,0.4561808056740898,0.9598160972682933,-0.11714128151954266,0.38296330749795066,1.0,0.7222222222222222,False,0.16683801698699785,0.8331619830130021,False
FSMI_nm,6057,6078,1.3924063210314295,1.677105152276426,0.2846988312449965,0.025300945394596264,0.030295066618786254,0.06401233666191043,0.055604308005580146,0.17155140221536636,0.3888888888888889,0.9074074074074074,0.5940375900868682,0.3148148148148148,0.38462050863282815,39.25,0.15927541990377458,0.4383716916799613,-0.22630003045474678,0.747701258108675,1.0,0.47345365052376304,0.6111111111111112,False,0.38462050863282815,0.6153794913671718,False
FSMI_nm,6057,6080,3.486930250089525,2.274053294522691,1.2128769555668342,0.0400439219162223,0.07026763166624657,0.09491268280076154,0.09148858878718813,0.2882324281762405,0.46296296296296297,0.9444444444444444,0.6612433730132269,0.5370370370370371,0.5680886210310845,39.5,0.16288695506910597,0.4588833049365695,0.6405014258366375,0.49637474534741866,0.5270280922750975,0.6087334782852901,0.6851851851851852,False,0.5680886210310845,0.4319113789689155,False
FSMI_nm,6057,6081,0.8928726233487373,3.5558753361837536,2.6630027128350164,0.06631840545528034,0.14760938407945345,0.18198326641337703,0.2013360547991113,0.7548447609728117,0.6111111111111112,0.8333333333333334,0.7136240321480628,0.9444444444444444,0.8867393413703489,37.75,0.08814686716936222,0.24761936588869005,-0.9499682111533917,-1.1754735877842035,1.0,1.0,0.2777777777777778,False,0.8867393413703489,0.11326065862965107,False
FSMI_nm,6057,6082,1.5697987651446832,2.6359607493873543,1.066161984242671,0.0987727790466173,0.12428195560307151,0.346413809818024,0.28703178435923976,1.1818454059746017,0.7962962962962963,0.6481481481481481,0.7184135089359563,0.6851851851851852,0.6934922661228781,32.0,0.13137999024359998,0.3492871871138574,0.9307626140921086,-0.0740607477975181,0.3942529328551415,1.0,0.46296296296296297,False,0.6934922661228781,0.30650773387712194,False
FSMI_nm,6057,6084,1.3458682689199004,2.4785733207913934,1.132705051871493,0.12314710217692859,0.2804710037134365,0.21348893840463942,0.27474046751221465,0.8778035062091085,0.9074074074074074,0.5370370370370371,0.6980769194433617,0.6481481481481481,0.6606303409719515,31.0,0.05705501900338173,0.17700213031367162,-0.021542451783138725,-1.3520129871355981,1.0,1.0,0.16666666666666666,False,0.6606303409719515,0.3393696590280485,False
FSMI_nm,6057,6085,1.86691079236755,2.8436901471044904,0.9767793547369403,0.0,0.24530840234352844,0.4555789981870996,0.40360324302251144,1.5154035010178522,0.12962962962962962,0.5740740740740741,0.2727948122714118,0.8333333333333334,0.6931987030678529,31.25,0.015394150303077768,0.0463350193000871,-1.4031311883683582,-0.8069268632300024,1.0,1.0,0.018518518518518517,False,0.6931987030678529,0.3068012969321471,False
FSMI_nm,6057,6090,2.022297889711494,2.7241189286068024,0.7018210388953086,0.08878785295012737,0.17639887061245466,0.08623816596880454,0.14236042422982284,0.5230164340652386,0.7592592592592593,0.16666666666666666,0.35572912430182496,0.7962962962962963,0.6861545032976785,25.25,0.061270650799392264,0.17878141788251722,-0.7082416975485908,1.3990113140397795,1.0,0.24684089146167582,0.2037037037037037,False,0.6861545032976785,0.31384549670232154,False
FSMI_nm,6057,6094,3.459780024999232,1.3399864404190671,2.1197935845801648,0.028817259630253833,0.08573208743691195,0.10399427306935952,0.10734812718362638,0.380212752714838,0.42592592592592593,0.46296296296296297,0.44405847438080737,0.09259259259259259,0.1804590630396463,30.0,0.09432603699050036,0.2528648512276731,0.42881346434829704,-1.0069633123512802,0.6512814050522233,1.0,0.35185185185185186,False,0.18045906303964632,0.8195409369603537,False
FSMI_nm,6057,6095,7.857275141594466,2.6877639346977955,5.16951120689667,0.045970468731777014,0.31788034489916184,0.09999782500971027,0.22854145372523238,0.9451501682844179,0.5740740740740741,0.3888888888888889,0.47249447489529905,0.7592592592592593,0.6875680631682692,28.75,0.15851462874520056,0.4343014470430431,-0.12277088417317064,-0.5737729114518825,1.0,1.0,0.5740740740740741,False,0.6875680631682692,0.31243193683173076,False
FSMI_nm,6057,6099,8.69575314178455,2.8437683533285822,5.851984788455968,0.0030583201406679805,0.04069816517057694,0.1408111478668613,0.12229125402711818,0.34962374835620125,0.16666666666666666,0.5370370370370371,0.29917582261858355,0.8703703703703703,0.7275717334324237,31.0,0.142866155007603,0.3881787718123859,0.3538744620728297,-1.2463338507454464,0.7019630848148545,1.0,0.5,False,0.7275717334324237,0.27242826656757635,False
FSMI_nm,6057,6101,0.3286650711030523,2.094719218782906,1.7660541476798537,0.024152951414835755,0.04302873733636943,0.07933025288458198,0.06926717191096232,0.2674292813533883,0.35185185185185186,0.9074074074074074,0.5650424556441614,0.46296296296296297,0.4884828361332626,39.25,0.1598077872886587,0.42477409323203674,-0.5878214701234936,0.650262944970053,1.0,0.5219085254954351,0.6481481481481481,False,0.4884828361332626,0.5115171638667374,False
FSMI_nm,6057,N6342,0.7560989711345802,1.394303432604845,0.6382044614702647,0.08575355116190964,0.24672835637747706,0.05707783118425751,0.17203307196695547,0.6481067485613421,0.7222222222222222,0.05555555555555555,0.20030840419244383,0.2037037037037037,0.2028548788258887,21.0,0.19683077130953228,0.5656912646965969,2.1333976895695512,-0.03915774315536805,0.1184342067887491,1.0,0.7592592592592593,False,0.2028548788258887,0.7971451211741113,False
FSMI_nm,6057,N6358,0.8146778778150339,1.5777545985358479,0.763076720720814,0.0,0.06548142821652803,0.048897338780175055,0.0873525677899857,0.2929702882453138,0.12962962962962962,0.2777777777777778,0.18975834751777035,0.24074074074074073,0.22799514243499813,27.0,0.24962015658167358,0.7038421368472452,0.765334244341723,0.9179371696295215,0.46517842173136353,0.39934196675189276,0.9074074074074074,True,0.9074074074074074,0.09259259259259256,False
FSMI_nm,6057,N6382,1.0237676864754848,0.1181023526569101,0.9056653338185747,0.012015100522057065,0.013915086398443532,0.04352741447562913,0.045081574337577014,0.1574120557736926,0.2777777777777778,0.018518518518518517,0.07172191381865586,0.018518518518518517,0.031819367343552854,19.5,0.8421314970149543,2.2602691839246933,7.458046270205866,0.8225333735278784,0.0005767819474736347,0.43931728875997295,0.9814814814814815,True,0.9814814814814815,0.01851851851851849,False
FSMI_nm,6057,N6389,1.7659275986645624,1.8178366193328692,0.05190902066830683,0.004685982566797087,0.0380978237915242,0.05236662284132652,0.049636123740745906,0.1857034540828728,0.2037037037037037,0.09259259259259259,0.13733700902029006,0.3888888888888889,0.3260009189217392,21.5,0.24408750101968804,0.6585428617045981,0.1446594456549811,2.6775594789120274,0.8653169303783516,0.06873068833003902,0.8703703703703703,False,0.3260009189217392,0.6739990810782608,False
FSMI_nm,6057,N6390,1.7769079672453123,3.9598218111862153,2.182913843940903,0.11453518952205721,1.5513599614320708,0.5712909875865105,1.1901480819729862,3.903759204702344,0.8333333333333334,0.12962962962962962,0.32867109906108977,0.9814814814814815,0.8182788858763836,22.0,0.2219584300537353,0.5954581761263307,7.671468994999849,0.0054948728383091994,0.0004659328676749034,0.9945201963616987,0.8333333333333334,False,0.8182788858763836,0.18172111412361636,False
FSMI_nm,6062,6022,1.2832086750870029,1.1720626385074735,0.11114603657952937,0.7556530162669683,0.3039334767842376,0.517647438697301,0.4293259441025596,1.207032957645863,0.9814814814814815,0.2777777777777778,0.5221434140693216,0.05555555555555555,0.17220252018399707,27.0,0.3092327743236642,0.845421293839168,3.686588117939534,41.88444593415039,0.025057349082282177,6.45381115295761e-19,0.9444444444444444,True,0.9444444444444444,0.05555555555555558,False
FSMI_nm,6062,6028,4.415429811910861,2.4152611452782193,2.0001686666326415,0.07044393736554344,0.13809027534782214,0.42654641140789595,0.351777683556037,1.3081718970811211,0.7222222222222222,0.46296296296296297,0.578240555407259,0.7592592592592593,0.7140045832962592,30.0,0.09412581872413849,0.2778946955310152,-0.16130883941109092,0.2510208491589448,1.0,0.7780061506159671,0.3148148148148148,False,0.7140045832962592,0.28599541670374085,False
FSMI_nm,6062,6029,2.0210013039871706,1.6614319682439909,0.35956933574317973,0.012702485316686163,0.14641834684661312,0.03668004965647473,0.10297687877002049,0.3974279022086682,0.3888888888888889,0.6851851851851852,0.516198513509865,0.2777777777777778,0.3373829617107996,33.5,0.1833406080404803,0.5376168251538218,-0.8417530951274047,49.12344118658818,1.0,4.634048348028357e-22,0.7962962962962963,False,0.3373829617107996,0.6626170382892004,False
FSMI_nm,6062,6033,1.8207478300807216,1.5187025934528664,0.3020452366278552,0.10046872909100912,0.1043254111541053,0.22471572056057726,0.1994862782809209,0.6289229312656617,0.8703703703703703,0.9814814814814815,0.9242577565531689,0.24074074074074073,0.4116199946938478,40.25,0.15803704870357418,0.4392858137501919,-0.23308153578725616,1.0632584032281773,1.0,0.3453287547971308,0.7592592592592593,False,0.4116199946938478,0.5883800053061522,False
FSMI_nm,6062,6047,2.946053864791246,2.3070665603346145,0.6389873044566317,0.00515613993933739,0.12975408057946244,0.05528427676216744,0.11115692694483519,0.4116586078370321,0.2037037037037037,0.6111111111111112,0.3528251645047713,0.6481481481481481,0.5743174022373039,31.5,0.07019105692627836,0.1995003851630588,-1.2808863317778942,-1.5242724240646752,1.0,1.0,0.16666666666666666,False,0.5743174022373039,0.4256825977626961,False
FSMI_nm,6062,6048,1.599313301289055,1.9030282629711326,0.30371496168207757,0.0,0.1939892439672795,0.2250702093422542,0.22185352881106365,0.6683728110578859,0.12962962962962962,0.3148148148148148,0.20201318730806878,0.42592592592592593,0.3699477412714616,27.25,0.12010404766428256,0.331041637097786,0.6632632726933492,-0.3211054834177144,0.5151674566159706,1.0,0.5,False,0.36994774127146157,0.6300522587285384,False
FSMI_nm,6062,6056,2.284561920801109,1.755988196784211,0.5285737240168982,0.0,0.09519441711898041,0.24274681290015407,0.2193453004891992,0.7210319856952334,0.12962962962962962,0.7222222222222222,0.30597614151589453,0.35185185185185186,0.34038292426786254,34.5,0.11253592110660497,0.3229837965802257,-1.0320674308412252,-0.3401351178830532,1.0,1.0,0.42592592592592593,False,0.34038292426786254,0.6596170757321375,False
FSMI_nm,6062,6057,3.4970517461895976,1.3256913294086565,2.1713604167809413,0.0014491387131723155,0.07507545953411383,0.03435995521623306,0.05753838766323546,0.198247503302853,0.16666666666666666,0.8333333333333334,0.37267799624996495,0.09259259259259259,0.1626139435069357,39.0,0.08299162484316994,0.2267944847684451,-0.492921791836866,-0.11327817447983349,1.0,1.0,0.2037037037037037,False,0.1626139435069357,0.8373860564930643,False
FSMI_nm,6062,6063,4.4421744453751355,2.3298689682474927,2.112305477127643,0.026344394878136335,0.22336830713723232,0.2580059224075048,0.2543474665709603,0.8477687200926212,0.46296296296296297,0.2777777777777778,0.35860956909327935,0.6851851851851852,0.6035412811622087,27.0,0.13684197484740043,0.39108374811661417,-0.44571213829527473,2.179576104078953,1.0,0.11308945864172171,0.5740740740740741,False,0.6035412811622087,0.39645871883779127,False
FSMI_nm,6062,6070,2.307992993047587,2.1774561139929505,0.1305368790546364,0.039548889842748736,0.09281477548881246,0.022985645262209843,0.06953040514246413,0.220906904089615,0.6481481481481481,0.35185185185185186,0.4775480354899121,0.5370370370370371,0.5221647866502558,27.5,0.033408481942631005,0.1048505868116707,-0.3678618058020507,-0.23936086377518356,1.0,1.0,0.09259259259259259,False,0.5221647866502558,0.4778352133497442,False
FSMI_nm,6062,6072,1.4268834691757484,1.395370214889287,0.031513254286461345,0.010435963256564484,0.04730739138528486,0.09198230365537623,0.08843316615062502,0.26785671319162185,0.24074074074074073,0.7592592592592593,0.4275331992820443,0.12962962962962962,0.2041055220427333,37.5,0.1505316333759815,0.4158010095700015,1.0357482132844078,-0.08140483518223021,0.35496069523494744,1.0,0.6851851851851852,False,0.20410552204273325,0.7958944779572668,False
FSMI_nm,6062,6078,1.3924063210314295,1.8557527018687328,0.4633463808373033,0.012672704790408051,0.025993685772265254,0.021595054118648083,0.024720229170268816,0.08275793663089104,0.35185185185185186,0.9074074074074074,0.5650424556441614,0.3888888888888889,0.432927280577707,39.25,0.14746159610824364,0.41429910288088323,-0.7756668713592231,0.6766757496491128,1.0,0.5083039164056768,0.6481481481481481,False,0.432927280577707,0.567072719422293,False
FSMI_nm,6062,6080,3.486930250089525,2.0892369233842523,1.397693326705273,0.0,0.06571838935777992,0.08434677927647498,0.0951198237125024,0.2748783705133764,0.12962962962962962,0.9444444444444444,0.3498971042165034,0.5,0.46247427605412583,39.5,0.137725652368111,0.3908369073404906,0.7825368638214418,0.619402452149136,0.4572445715097984,0.5382659811965199,0.6111111111111112,False,0.46247427605412583,0.5375257239458742,False
FSMI_nm,6062,6081,0.8928726233487373,3.8434002409479224,2.9505276175991852,0.061620905971393025,0.1308612481635459,0.12856528350409865,0.16773154456713268,0.5767173342044525,0.6851851851851852,0.7962962962962963,0.7386544694510789,0.9814814814814815,0.9207747284738809,37.75,0.11484867783851395,0.31776342575214855,-0.8549880275778012,-1.165187193112909,1.0,1.0,0.46296296296296297,False,0.9207747284738809,0.07922527152611913,False
FSMI_nm,6062,6082,1.5697987651446832,2.3402832986092874,0.7704845334646042,0.08459739237674357,0.09853112558437349,0.2840544443553138,0.23534162593726923,0.9023972597165315,0.7962962962962963,0.6481481481481481,0.7184135089359563,0.7222222222222222,0.7212700439006557,32.0,0.09214942591541761,0.2447549800009572,0.6666667864178929,-0.023500794859297944,0.5134170575502661,1.0,0.2777777777777778,False,0.7212700439006557,0.27872995609934426,False
FSMI_nm,6062,6084,1.3458682689199004,2.3053736633731745,0.9595053944532741,0.09049469328093496,0.193499192129222,0.12504131209201358,0.1900812309456449,0.6629981197733674,0.8333333333333334,0.5370370370370371,0.668977476599572,0.6111111111111112,0.6255777024832263,31.0,0.05072049447092663,0.1614543672667259,-0.020610908867419186,-1.2688066166640528,1.0,1.0,0.12962962962962962,False,0.6255777024832263,0.3744222975167737,False
FSMI_nm,6062,6085,1.86691079236755,2.778542273445178,0.9116314810776278,0.0,0.19231662584217804,0.3705056588091036,0.3273600765639206,1.2440463160203965,0.12962962962962962,0.5740740740740741,0.2727948122714118,0.8703703703703703,0.7209764808456307,31.25,0.016115175608672528,0.051132796792730306,-0.7702476799912903,-0.6411035671549241,1.0,1.0,0.018518518518518517,False,0.7209764808456307,0.2790235191543693,False
FSMI_nm,6062,6090,2.022297889711494,2.876618023457243,0.8543201337457491,0.07550471212262888,0.17269443104192608,0.07757372582302935,0.13582039981617397,0.5289349584441618,0.7592592592592593,0.16666666666666666,0.35572912430182496,0.9074074074074074,0.7694878366310118,25.25,0.029513172094085934,0.09104787356285415,-0.8265018266380715,1.3115058848586194,1.0,0.2694140442277309,0.05555555555555555,False,0.7694878366310118,0.23051216336898817,False
FSMI_nm,6062,6094,3.459780024999232,1.4779469265711611,1.9818330984280708,0.028785738966671914,0.06034057949659578,0.09028187096431933,0.08382841607454677,0.3224660811687574,0.5370370370370371,0.46296296296296297,0.4986263710309726,0.2037037037037037,0.2774343705355209,30.0,0.08305712791939629,0.22120467593988574,0.44384909549230656,-1.0557244692593628,0.6415622281549995,1.0,0.24074074074074073,False,0.2774343705355209,0.7225656294644791,False
FSMI_nm,6062,6095,7.857275141594466,2.5658156380542008,5.291459503540265,0.026941028276371792,0.17443146207186913,0.07143183558025692,0.13184310079819941,0.5248156582609065,0.5,0.3888888888888889,0.44095855184409843,0.7962962962962963,0.7074618601832469,28.75,0.15187961348657042,0.4195518112327413,-0.17326190898535263,-0.27985456519946816,1.0,1.0,0.7222222222222222,False,0.7074618601832469,0.29253813981675314,False
FSMI_nm,6062,6099,8.69575314178455,2.5966387862007885,6.099114355583762,0.010727319489924447,0.06275576494764211,0.13408351845730374,0.11614980114718146,0.33265938582033927,0.2777777777777778,0.5370370370370371,0.38623432619655945,0.8333333333333334,0.7215585815491399,31.0,0.0973588619292328,0.27900900832062503,1.039016711549748,-1.1856565020085024,0.3538024007911775,1.0,0.3888888888888889,False,0.7215585815491399,0.2784414184508601,False
FSMI_nm,6062,6101,0.3286650711030523,2.3002015196585446,1.9715364485554923,0.01232193163174422,0.05318851018609726,0.10258214095456879,0.0891969745986941,0.3334086376483709,0.3148148148148148,0.9074074074074074,0.5344766551726597,0.5740740740740741,0.5641747193487205,39.25,0.12047171633155904,0.32050959433649884,-0.40441913485749864,0.6272815386396008,1.0,0.5340416009585354,0.5370370370370371,False,0.5641747193487205,0.43582528065127946,False
FSMI_nm,6062,N6342,0.7560989711345802,1.4548730194908872,0.698774048356307,0.1216485478793019,0.3022158866046282,0.07938429099092104,0.21269915471580617,0.8414357217496866,0.9074074074074074,0.05555555555555555,0.22452510468485445,0.16666666666666666,0.1811312761712136,21.0,0.19370039256054228,0.5547801816457115,1.6683609185079304,0.04629578816459166,0.18855587092935383,0.9547595138561068,0.8333333333333334,False,0.1811312761712136,0.8188687238287864,False
FSMI_nm,6062,N6358,0.8146778778150339,1.752936003697243,0.9382581258822091,0.024944228368458443,0.06096291245713189,0.03966309763198958,0.0791592912967235,0.2838855987314646,0.42592592592592593,0.2777777777777778,0.343966215203828,0.3148148148148148,0.32210266491206807,27.0,0.21715078790728265,0.5990152279374703,0.6445728527327359,1.4212476461539043,0.5248866981481016,0.24141263138384353,0.8703703703703703,False,0.32210266491206807,0.6778973350879319,False
FSMI_nm,6062,N6382,1.0237676864754848,0.33660579289639525,0.6871618935790895,0.03277194028531871,0.01711063808170636,0.17137909797460224,0.1429374583394987,0.508779119261847,0.6111111111111112,0.018518518518518517,0.10638078975070424,0.018518518518518517,0.040484086326564944,19.5,0.48676865091296523,1.3205925448570945,6.445145803720453,1.0267822569969742,0.0015882129848311813,0.3581575674043275,0.9814814814814815,True,0.9814814814814815,0.01851851851851849,False
FSMI_nm,6062,N6389,1.7659275986645624,2.020144797529481,0.25421719886491845,0.03191751121654196,0.07319827994546134,0.06219794271435928,0.07110096808672806,0.21549811091944981,0.5740740740740741,0.09259259259259259,0.2305536962590506,0.46296296296296297,0.40486064628698487,21.5,0.3088775544794151,0.8275584467000767,0.09774093268924658,2.3385328052457184,0.9068838172751073,0.09646907336707054,0.9074074074074074,True,0.9074074074074074,0.09259259259259256,False
FSMI_nm,6062,N6390,1.7769079672453123,3.1590323072111817,1.3821243399658694,0.16806497585204117,1.2151516656338361,0.4489337636970847,0.91960060156927,3.047668892759904,0.9444444444444444,0.12962962962962962,0.3498971042165034,0.9444444444444444,0.7958076093874591,22.0,0.09672720251281909,0.2744398731110851,6.803735732758194,0.37800796007548076,0.001109622143626527,0.6852250462010723,0.35185185185185186,False,0.7958076093874591,0.2041923906125409,False
FSMI_nm,6063,6022,1.2832086750870029,0.8601231014988743,0.4230855735881286,1.032272372609504,0.39429687349621473,0.7145212970293175,0.5803005564961828,1.6898823972292214,0.9814814814814815,0.24074074074074073,0.4860890647558032,0.05555555555555555,0.16318893285561747,27.0,0.3322198277276464,0.9075044470860406,3.2160388285003463,53.99536372099969,0.04011364097801471,3.549044849681506e-24,0.9444444444444444,True,0.9444444444444444,0.05555555555555558,False
FSMI_nm,6063,6028,4.415429811910861,2.248109367814767,2.167320444096094,0.05730718052949557,0.10471881868068261,0.4235398305672485,0.3445274340940494,1.3627672857671267,0.6111111111111112,0.42592592592592593,0.51018434496133,0.6111111111111112,0.5858794195736658,30.0,0.044879111421717216,0.14187749021972018,-0.8068202313420255,0.32137258319932793,1.0,0.7251530208191573,0.2037037037037037,False,0.5858794195736658,0.41412058042633415,False
FSMI_nm,6063,6029,2.0210013039871706,1.5141214614599094,0.5068798425272611,0.0,0.1990176226880854,0.04563112273921189,0.13964113659218164,0.5282193328923959,0.16666666666666666,0.6481481481481481,0.32867109906108977,0.24074074074074073,0.262723330320828,33.5,0.11312508523052682,0.3327855080754427,-0.8953389730104246,62.46256640149623,1.0,7.461945733086484e-28,0.3888888888888889,False,0.26272333032082806,0.7372766696791719,False
FSMI_nm,6063,6033,1.8207478300807216,2.419715939565278,0.5989681094845565,0.015182084673891705,0.16799307422482673,0.26229084923137325,0.2807790517636258,1.1191036853390501,0.3148148148148148,0.9814814814814815,0.5558641118445791,0.7222222222222222,0.6806326946278114,40.25,0.030397843202045628,0.0954053809929638,0.39478827220399554,2.2990329887487,0.6738226911399423,0.10035584204440148,0.09259259259259259,False,0.6806326946278114,0.3193673053721886,False
FSMI_nm,6063,6047,2.946053864791246,2.1635524623990574,0.7825014023921888,0.06717656036180708,0.058279972506720554,0.09329539896051567,0.0823857668131791,0.29645700588867285,0.7962962962962963,0.5740740740740741,0.6761161579084698,0.5370370370370371,0.5718068172548952,31.5,0.034097934499153736,0.10297665489666608,-0.7365854179415725,-1.898549498240698,1.0,1.0,0.16666666666666666,False,0.5718068172548952,0.42819318274510476,False
FSMI_nm,6063,6048,1.599313301289055,1.9464178902389326,0.3471045889498776,0.2463947391795216,0.2210344214376525,0.3046997072532451,0.2826033103483196,0.9184380612620004,0.9444444444444444,0.2777777777777778,0.5121969142940493,0.42592592592592593,0.44749367301795673,27.25,0.1321768713385507,0.3510920761209241,0.3967180453539031,-0.09791595043167152,0.6725236200621726,1.0,0.5740740740740741,False,0.44749367301795673,0.5525063269820433,False
FSMI_nm,6063,6056,2.284561920801109,1.6472899128836613,0.6372720079174479,0.0,0.09989566693411034,0.25647588059015636,0.2358270345824408,0.7208620364639515,0.16666666666666666,0.6851851851851852,0.33793125168323446,0.3148148148148148,0.3205939240319197,34.5,0.11399387786647332,0.326282772753005,-0.9096001613663315,-0.36538298657439494,1.0,1.0,0.42592592592592593,False,0.3205939240319198,0.6794060759680802,False
FSMI_nm,6063,6057,3.4970517461895976,1.260051925657507,2.2369998205320907,0.013000188610775343,0.0802798089252451,0.04477055883316899,0.06484614680233383,0.21316635870995304,0.2777777777777778,0.8333333333333334,0.4811252243246882,0.09259259259259259,0.1897257505256165,39.0,0.06644757054249109,0.19125988149993006,-0.4888428854573316,-0.04030306650170242,1.0,1.0,0.2777777777777778,False,0.18972575052561647,0.8102742494743835,False
FSMI_nm,6063,6062,2.9196668297119017,2.8956115236363935,0.02405530607550821,0.02302184152459219,0.407109449424337,0.10624738035634616,0.28734047942147195,1.055213996413197,0.42592592592592593,0.7592592592592593,0.5686723160290403,0.9074074074074074,0.8227236345628157,37.5,0.26615519466072723,0.7565421576473379,-0.9366373122299415,-0.055881808393376996,1.0,1.0,0.8333333333333334,False,0.8227236345628157,0.17727636543718428,False
FSMI_nm,6063,6070,2.307992993047587,2.0547321830511582,0.25326080999642864,0.11958696733827967,0.17491788591787488,0.07364897493876836,0.1482641424594206,0.5479768917905501,0.8703703703703703,0.3148148148148148,0.5234553342630581,0.5,0.5058638335657646,27.5,0.02647469497285623,0.08494028947888188,-0.545464928462759,-0.26307749043405765,1.0,1.0,0.05555555555555555,False,0.5058638335657646,0.4941361664342354,False
FSMI_nm,6063,6072,1.4268834691757484,1.3057378098996313,0.12114565927611709,0.0,0.06414513669468024,0.09301067329826658,0.09506915827614432,0.3119826879152807,0.16666666666666666,0.7592592592592593,0.35572912430182496,0.12962962962962962,0.18615450329767846,37.5,0.14953512650936918,0.4179431517564834,1.1460847758731851,-0.09735054109479588,0.3178789033276448,1.0,0.6481481481481481,False,0.18615450329767846,0.8138454967023215,False
FSMI_nm,6063,6078,1.3924063210314295,1.7621816495254763,0.3697753284940468,0.030228567709477572,0.05812596732834017,0.13016497803739763,0.11452668643722606,0.35571871019053347,0.5,0.9074074074074074,0.6735753140545634,0.35185185185185186,0.43228271740252977,39.25,0.16703060281638588,0.45681040426127173,-0.7283825679733793,0.680795465970169,1.0,0.5062141560307931,0.7592592592592593,False,0.43228271740252977,0.5677172825974702,False
FSMI_nm,6063,6080,3.486930250089525,1.98355585898067,1.503374391108855,0.0016919610636281224,0.07425586693861463,0.13830587071419118,0.12274728645749419,0.3405620716993645,0.2037037037037037,0.9444444444444444,0.43861923267877817,0.46296296296296297,0.45687703039191674,39.5,0.14228639531475823,0.41759870674587873,0.9421683565030058,0.6609213374938925,0.38978173260918075,0.5163753592790382,0.6111111111111112,False,0.45687703039191674,0.5431229696080833,False
FSMI_nm,6063,6081,0.8928726233487373,3.9636340933944965,3.0707614700457593,0.057981271814583124,0.17220884270743406,0.1299836798323678,0.23341129933572083,0.8218710083834964,0.6481481481481481,0.7962962962962963,0.7184135089359563,0.9814814814814815,0.9157144883451003,37.75,0.12282189530593415,0.3434760817774716,-0.8736713769578374,-1.1295177968184478,1.0,1.0,0.5,False,0.9157144883451003,0.08428551165489973,False
FSMI_nm,6063,6082,1.5697987651446832,2.330179548206405,0.7603807830617217,0.12561769123902922,0.10048477429272086,0.342469367275629,0.2821434542231466,1.1805724117946956,0.9074074074074074,0.6111111111111112,0.7446655282549297,0.6851851851851852,0.7000552709526213,32.0,0.12042761848427237,0.3215000729083841,0.9808593996970589,0.16266706164024258,0.3749886951634028,0.849874097004273,0.46296296296296297,False,0.7000552709526213,0.2999447290473787,False
FSMI_nm,6063,6084,1.3458682689199004,2.3093798186160743,0.9635115496961739,0.039604492020338,0.2114155383228822,0.13962535049374733,0.20088538524980623,0.6519943843890723,0.5370370370370371,0.5,0.5181877251716008,0.6481481481481481,0.6156580424040113,31.0,0.033617812272231165,0.10188984344049812,-0.31348071966178614,-1.4559620339186756,1.0,1.0,0.12962962962962962,False,0.6156580424040113,0.38434195759598866,False
FSMI_nm,6063,6085,1.86691079236755,2.673008164941129,0.8060973725735789,0.0,0.22995468494154558,0.4287845698039988,0.3782090839415265,1.4484097748540767,0.16666666666666666,0.5370370370370371,0.29917582261858355,0.8703703703703703,0.7275717334324237,31.25,0.023295711448962676,0.0693001062980384,-1.0329829154432677,-0.5970932693868294,1.0,1.0,0.018518518518518517,False,0.7275717334324237,0.27242826656757635,False
FSMI_nm,6063,6090,2.022297889711494,2.645518231708497,0.623220341997003,0.07731651844287457,0.22636701135142195,0.0737546062251175,0.1745690746629271,0.6666578460054842,0.8333333333333334,0.16666666666666666,0.37267799624996495,0.8333333333333334,0.7181694990624913,25.25,0.04549992512887976,0.13633657459261783,-0.7014781616633335,1.3753926137989672,1.0,0.2527403469750132,0.24074074074074073,False,0.7181694990624913,0.2818305009375087,False
FSMI_nm,6063,6094,3.459780024999232,1.3377490131473204,2.1220310118519112,0.0054094447637840215,0.09992694873188944,0.12088878350767858,0.12608899070039487,0.4419537056172511,0.24074074074074073,0.42592592592592593,0.3202151197368626,0.16666666666666666,0.20505377993421564,30.0,0.10239803836085268,0.2765432935643169,0.08135045557303669,-1.0272643043115992,0.9218705601509106,1.0,0.35185185185185186,False,0.20505377993421559,0.7949462200657844,False
FSMI_nm,6063,6095,7.857275141594466,2.4635315148357533,5.393743626758713,0.02498153017677751,0.13667905529830535,0.061020562280011736,0.10666921873386538,0.4035279837631167,0.46296296296296297,0.35185185185185186,0.40360175403154386,0.7592592592592593,0.6703448829523304,28.75,0.1604736236350689,0.42762984602561455,0.7007803213988468,-0.3040834047566957,0.49619795879895595,1.0,0.6851851851851852,False,0.6703448829523304,0.3296551170476696,False
FSMI_nm,6063,6099,8.69575314178455,2.4956636928255795,6.200089448958971,0.0,0.03274098595754116,0.0895052930676721,0.08138457799891459,0.2318451353486326,0.16666666666666666,0.5,0.28867513459481287,0.7962962962962963,0.6693910058709254,31.0,0.07006588168075763,0.20593093487998693,0.4723782001801329,-1.241052026083034,0.6235176538305941,1.0,0.3148148148148148,False,0.6693910058709254,0.33060899412907463,False
FSMI_nm,6063,6101,0.3286650711030523,2.1897468878536226,1.8610818167505703,0.05917190268014805,0.057177494881942514,0.08452895818070294,0.07714945459864986,0.2689085236566169,0.7222222222222222,0.9074074074074074,0.8095367775701627,0.5740740740740741,0.6329397499480962,39.25,0.162654031240133,0.43370993007185377,-0.6624165793622344,0.8613557859949674,1.0,0.4225887538361264,0.7222222222222222,False,0.6329397499480962,0.3670602500519038,False
FSMI_nm,6063,N6342,0.7560989711345802,1.3472446472765383,0.591145676141958,0.05107201705814002,0.23653853396302496,0.0506807052094761,0.16598019897137256,0.6241078044089979,0.5740740740740741,0.05555555555555555,0.17858612520357325,0.2037037037037037,0.1974243090786711,21.0,0.22765510974867353,0.6537651104228472,2.093826101006395,0.14986478923423124,0.12321480052011526,0.8608243612777188,0.7962962962962963,False,0.19742430907867115,0.8025756909213289,False
FSMI_nm,6063,N6358,0.8146778778150339,1.5996840978683542,0.7850062200533203,0.018000472481385588,0.05656550441440737,0.035455189958187854,0.07284571274236605,0.2650731455295934,0.35185185185185186,0.24074074074074073,0.2910413638055872,0.2777777777777778,0.28109367428473014,27.0,0.3042375139858771,0.8085591455068027,0.49696909040115683,1.0953427057113356,0.6083717880484751,0.33442497795776516,0.8703703703703703,False,0.2810936742847301,0.7189063257152699,False
FSMI_nm,6063,N6382,1.0237676864754848,0.5610751927459676,0.46269249372951715,0.06643486184132252,0.027527358517091382,0.28892337279148933,0.23342534307388027,0.9027311784680603,0.7592592592592593,0.018518518518518517,0.11857637476727498,0.018518518518518517,0.04353298258070763,19.5,0.3466156091353124,0.9332289270751495,5.535178997938605,1.4346473044631962,0.003945502335991491,0.2381993610526389,0.9814814814814815,True,0.9814814814814815,0.01851851851851849,False
FSMI_nm,6063,N6389,1.7659275986645624,1.9355552615934188,0.16962766292885645,0.02091607180770194,0.038402119598186936,0.048610447430771246,0.05645640579381364,0.22259196840828732,0.3888888888888889,0.09259259259259259,0.18975834751777032,0.3888888888888889,0.33910625354610924,21.5,0.31279015173349894,0.88276160502448,0.1859710404349747,3.289565283259889,0.8302976396922559,0.03727004778878303,0.9074074074074074,True,0.9074074074074074,0.09259259259259256,False
FSMI_nm,6063,N6390,1.7769079672453123,3.0726753709852312,1.295767403739919,0.05917001335468752,0.9843846426629086,0.3540781125612872,0.7674646847001017,2.476445564781638,0.6851851851851852,0.12962962962962962,0.2980273507302052,0.9444444444444444,0.7828401710158845,22.0,0.12486251784948355,0.3409744674494417,7.164480144623318,0.2806668167225565,0.0007735810232073268,0.7552799402085024,0.5370370370370371,False,0.7828401710158845,0.21715982898411545,False
FSMI_nm,6070,6022,1.2832086750870029,1.3952665445476697,0.11205786946066687,0.47395927918785064,0.2030214833645534,0.4498303981100954,0.3632934662605518,1.0917553945807759,0.9814814814814815,0.2777777777777778,0.5221434140693216,0.16666666666666666,0.25553585351733044,27.0,0.2097091953949295,0.5667826622063391,3.3272516765777436,47.86050573251377,0.035891611398292056,1.6385000511285002e-21,0.8333333333333334,False,0.25553585351733044,0.7444641464826696,False
FSMI_nm,6070,6028,4.415429811910861,2.4625347818061507,1.95289503010471,0.050834064253932,0.14088158311689633,0.4171234694406294,0.34399020015169757,1.1962806695295949,0.6481481481481481,0.42592592592592593,0.5254170725596706,0.6851851851851852,0.6452431570288066,30.0,0.07514168474927961,0.223410143425414,-0.706020409138526,0.18797437565852543,1.0,0.828635940210929,0.2037037037037037,False,0.6452431570288066,0.35475684297119336,False
FSMI_nm,6070,6029,2.0210013039871706,1.6082889114713492,0.41271239251582137,0.0,0.2741052871932001,0.03923262249728986,0.1883684833874729,0.7324578990947341,0.2037037037037037,0.6481481481481481,0.36335957167312194,0.24074074074074073,0.271395448473836,33.5,0.16328495369067,0.4698945844763829,-0.5664619326439913,55.94624224722662,1.0,5.044936553565554e-25,0.6481481481481481,False,0.271395448473836,0.728604551526164,False
FSMI_nm,6070,6033,1.8207478300807216,1.9499086911025716,0.12916086102184998,0.029373467876715464,0.17518971996764565,0.1856873353018409,0.19568391961219667,0.7409605771033785,0.5370370370370371,0.9814814814814815,0.7260109549597281,0.42592592592592593,0.5009471831843765,40.25,0.06343556335127329,0.1848434914994459,-0.24845025420870617,1.5512394362794262,1.0,0.21198506894832592,0.16666666666666666,False,0.5009471831843765,0.4990528168156235,False
FSMI_nm,6070,6047,2.946053864791246,2.3405762168579494,0.6054776479332968,0.05132160693175747,0.05783338193223664,0.08781588452769803,0.07934957884721092,0.27139339960402964,0.6851851851851852,0.5740740740740741,0.6271738600694852,0.6111111111111112,0.6151267983507047,31.5,0.05311999382369404,0.15225005571845418,-0.720518198257271,-1.699306694859287,1.0,1.0,0.09259259259259259,False,0.6151267983507047,0.3848732016492953,False
FSMI_nm,6070,6048,1.599313301289055,1.8538347364960253,0.25452143520697024,0.19221147112655124,0.1856284738509937,0.27072791780037675,0.24939789015887062,0.7963854971619484,0.9444444444444444,0.3148148148148148,0.5452752542346465,0.3888888888888889,0.42798548022532834,27.25,0.1489088796682987,0.4000792991796155,0.5057315381182217,-0.12152390633605147,0.6030642495370931,1.0,0.5740740740740741,False,0.42798548022532834,0.5720145197746717,False
FSMI_nm,6070,6056,2.284561920801109,1.7937876051798636,0.4907743156212456,0.0,0.11756680205970217,0.34083752955545615,0.3070681507942626,0.9588184761884193,0.2037037037037037,0.6851851851851852,0.37359705558948175,0.35185185185185186,0.35728815278625936,34.5,0.09099972431860877,0.26483154926315144,-0.7147656624470952,-0.2878966390735417,1.0,1.0,0.42592592592592593,False,0.35728815278625936,0.6427118472137406,False
FSMI_nm,6070,6057,3.4970517461895976,1.2222180874087307,2.274833658780867,0.0,0.06992530105980863,0.02944215123882103,0.0526181291534575,0.1844221033376119,0.2037037037037037,0.8333333333333334,0.41201102706087017,0.05555555555555555,0.14466942343188421,39.0,0.08216707882394152,0.22993357482978177,-0.3970523389760679,-0.14758739622737377,1.0,1.0,0.2777777777777778,False,0.14466942343188416,0.8553305765681158,False
FSMI_nm,6070,6062,2.9196668297119017,3.261960138590677,0.3422933088787752,0.012055430414835921,0.4108581860839093,0.0898005583411165,0.2901124438193052,1.0796381485417785,0.35185185185185186,0.7592592592592593,0.5168624347019579,0.9444444444444444,0.8375489420088227,37.5,0.31726196747826557,0.8808104266109428,-0.8005142316750342,-0.055186894296141174,1.0,1.0,0.9444444444444444,True,0.9444444444444444,0.05555555555555558,False
FSMI_nm,6070,6063,4.4421744453751355,2.4747809370809035,1.967393508294232,0.0,0.3998384336548484,0.3584271841755325,0.39220500060431623,1.1799946364337646,0.2037037037037037,0.2777777777777778,0.23787467738268758,0.7222222222222222,0.6011353360123385,27.0,0.08650809649343032,0.2318888316621025,-0.37119440431011774,2.6403818007407156,1.0,0.0713340289713797,0.3148148148148148,False,0.6011353360123385,0.3988646639876615,False
FSMI_nm,6070,6072,1.4268834691757484,1.2898057598255053,0.1370777093502431,0.025119036477735168,0.033733525343694434,0.08489335407562125,0.0782424782057909,0.2282544149822361,0.42592592592592593,0.7592592592592593,0.5686723160290403,0.09259259259259259,0.21161252345170453,37.5,0.15666221232618355,0.4313871469542404,0.9561710536836084,-0.08616608611304845,0.384361772629921,1.0,0.6111111111111112,False,0.21161252345170456,0.7883874765482954,False
FSMI_nm,6070,6078,1.3924063210314295,1.7213916054586014,0.3289852844271719,0.005851457965128315,0.0640453508746021,0.033528365733426845,0.050972821702846526,0.19658920926368473,0.3148148148148148,0.9074074074074074,0.5344766551726597,0.3148148148148148,0.369730274904276,39.25,0.1807455164853006,0.49400107120723236,-0.7443173973658229,0.9341884899296518,1.0,0.39290458221828317,0.7592592592592593,False,0.369730274904276,0.630269725095724,False
FSMI_nm,6070,6080,3.486930250089525,2.0816351113412033,1.405295138748322,0.0029352948629504105,0.07538261408689291,0.14253813201927482,0.12560912551434525,0.34444632536999165,0.24074074074074073,0.9444444444444444,0.4768293773919901,0.5,0.4942073443479975,39.5,0.1475473180573746,0.4172313645497929,0.444319730295411,0.5916027169465912,0.6412603576830196,0.5534395665718004,0.5370370370370371,False,0.4942073443479975,0.5057926556520025,False
FSMI_nm,6070,6081,0.8928726233487373,3.5157829774429676,2.6229103540942305,0.0,0.134482444991865,0.09995140886725518,0.18917660660159005,0.6729823127166323,0.2037037037037037,0.7962962962962963,0.40275116983206566,0.9814814814814815,0.8367989035691276,37.75,0.05600199958453024,0.16195683645625103,-0.9144810078638698,-0.9855801178041461,1.0,1.0,0.12962962962962962,False,0.8367989035691276,0.16320109643087244,False
FSMI_nm,6070,6082,1.5697987651446832,2.3728259433456715,0.8030271782009883,0.12824380442407346,0.10232615424353786,0.356774440243269,0.2920949984414438,1.209933346870873,0.9074074074074074,0.6111111111111112,0.7446655282549297,0.6481481481481481,0.6722774931748435,32.0,0.13013467304982063,0.34611736265382853,0.7872465499462283,0.15542049869958235,0.4550961562476907,0.856055131719872,0.5,False,0.6722774931748435,0.32772250682515647,False
FSMI_nm,6070,6084,1.3458682689199004,2.2572550631816,0.9113867942616998,0.061792275778861594,0.19506760685608188,0.11296186666903424,0.1851880157336802,0.6508001914740971,0.7222222222222222,0.5,0.6009252125773316,0.5740740740740741,0.5807868586998884,31.0,0.03294172405418696,0.09538143542284705,-0.22978406938447554,-1.3489374350215237,1.0,1.0,0.05555555555555555,False,0.5807868586998884,0.41921314130011156,False
FSMI_nm,6070,6085,1.86691079236755,2.7887989136245253,0.9218881212569752,0.06523344834473077,0.18054450556770332,0.37687937527514004,0.3281413807574366,1.2487100521569472,0.7592592592592593,0.5370370370370371,0.6385533203543211,0.8333333333333334,0.7846383300885803,31.25,0.016330503133155733,0.0517765625959381,-1.4682168456096747,-0.7373045806872638,1.0,1.0,0.018518518518518517,False,0.7846383300885803,0.2153616699114197,False
FSMI_nm,6070,6090,2.022297889711494,2.846296088851925,0.8239981991404313,0.10083097168756128,0.2995938722394123,0.11920992459593174,0.23665798812103053,0.9056509748862429,0.7962962962962963,0.16666666666666666,0.364302140239,0.8703703703703703,0.7438533128375278,25.25,0.07704900924658105,0.2217114772074068,-0.7638004746972651,1.2790235508605012,1.0,0.27830892232686105,0.24074074074074073,False,0.7438533128375278,0.25614668716247224,False
FSMI_nm,6070,6094,3.459780024999232,1.3834884373178136,2.0762915876814185,0.021512752259831514,0.06827190131227069,0.08740962999469272,0.0846981826344421,0.3057384113990804,0.3888888888888889,0.42592592592592593,0.4069863143673317,0.12962962962962962,0.19896880081405513,30.0,0.0879760658871642,0.2373831216672651,0.09427709586219322,-0.9487673459407326,0.9100305615974152,1.0,0.35185185185185186,False,0.1989688008140551,0.8010311991859449,False
FSMI_nm,6070,6095,7.857275141594466,2.657372612545619,5.199902529048847,0.005291253600232526,0.26915980655649163,0.09016824264769674,0.19663510900195333,0.8241453368293605,0.2777777777777778,0.35185185185185186,0.3126285743728543,0.7962962962962963,0.6753793658154358,28.75,0.1669214978544972,0.46461156669128234,-0.17864530292118158,0.08781356395333038,1.0,0.9159316234770569,0.6851851851851852,False,0.6753793658154358,0.3246206341845642,False
FSMI_nm,6070,6099,8.69575314178455,2.6488783470402364,6.046874794744314,0.04425093007541481,0.11228244765059461,0.17954581417970458,0.15984837821013104,0.46069150294433525,0.6111111111111112,0.5,0.5527707983925667,0.7592592592592593,0.7076371440425862,31.0,0.08801763916972159,0.25074557883432447,0.5927817596206557,-1.154738954999339,0.5527874222338462,1.0,0.3888888888888889,False,0.7076371440425862,0.29236285595741385,False
FSMI_nm,6070,6101,0.3286650711030523,2.1931296858255385,1.8644646147224861,0.027329872917069675,0.06540305673864308,0.10329150002675212,0.09352355018343883,0.3260158946453191,0.5,0.9074074074074074,0.6735753140545634,0.5370370370370371,0.5711716062914186,39.25,0.16735191343768638,0.44850919508417597,0.25216754934232843,0.6055946462024894,0.7771145221333563,0.545749802083577,0.7222222222222222,False,0.5711716062914186,0.4288283937085814,False
FSMI_nm,6070,N6342,0.7560989711345802,1.4013974520742942,0.645298480939714,0.12154831872253946,0.27037162611674237,0.08050300655134636,0.19097664021165803,0.7604660141673183,0.8703703703703703,0.05555555555555555,0.21989522383403548,0.2037037037037037,0.20775158373628663,21.0,0.20266279351571778,0.577993788647372,1.295463296044296,-0.0020929034427066,0.27377099792498105,1.0,0.7962962962962963,False,0.20775158373628666,0.7922484162637133,False
FSMI_nm,6070,N6358,0.8146778778150339,1.715459248058608,0.9007813702435741,0.0,0.0655518266535425,0.04865982078325634,0.09557574861787625,0.30487914114435166,0.2037037037037037,0.2777777777777778,0.23787467738268758,0.2777777777777778,0.2678020026790052,27.0,0.2730665310076211,0.7438298538609059,0.04729643376231877,1.1665287568319926,0.95380461578863,0.31144617244316886,0.8703703703703703,False,0.2678020026790052,0.7321979973209948,False
FSMI_nm,6070,N6382,1.0237676864754848,0.3544460516045993,0.6693216348708855,0.0339841417931217,0.017294381863793885,0.16326684800727137,0.13605239754903414,0.4842669729073659,0.5740740740740741,0.018518518518518517,0.10310674745981521,0.018518518518518517,0.03966557575384269,19.5,0.48966068371243815,1.3207783739323116,5.318295375732017,0.8835220400983931,0.0049011011445622725,0.4133245992594258,0.9814814814814815,True,0.9814814814814815,0.01851851851851849,False
FSMI_nm,6070,N6389,1.7659275986645624,1.963743056047121,0.19781545738255857,0.025912112942120258,0.05950240103683814,0.058833131753181694,0.06249487208750686,0.19942027364908954,0.46296296296296297,0.09259259259259259,0.2070433312499805,0.46296296296296297,0.3989830550347173,21.5,0.2964360110807573,0.8119396493892084,0.09638358164844951,2.4385459609310387,0.9081156127686933,0.08728767892899178,0.9074074074074074,True,0.9074074074074074,0.09259259259259256,False
FSMI_nm,6070,N6390,1.7769079672453123,2.920501322260998,1.1435933550156858,0.11032328052081919,1.131021175967752,0.42415856633960775,0.8599559619385415,2.7920477238174444,0.8333333333333334,0.12962962962962962,0.32867109906108977,0.9074074074074074,0.7627233303208281,22.0,0.10093159530564075,0.2897422196132753,7.265359038037622,0.19494822181486895,0.0006993501312689438,0.8228772640442963,0.46296296296296297,False,0.7627233303208281,0.23727666967917194,False
FSMI_nm,6072,6022,1.2832086750870029,0.7541958539154635,0.5290128211715394,1.1503543406357815,0.454189515038725,0.6545136671288608,0.5585484936451821,1.5207144781620392,0.9814814814814815,0.2777777777777778,0.5221434140693216,0.05555555555555555,0.17220252018399707,27.0,0.3938832181666581,1.0460372684013026,3.3764787665352056,46.9311251623074,0.03416755509821711,4.150221849678122e-21,0.9444444444444444,True,0.9444444444444444,0.05555555555555558,False
FSMI_nm,6072,6028,4.415429811910861,2.5592281986711267,1.856201613239734,0.016772983038458644,0.15636446215903427,0.4374153727813631,0.3627792284382993,1.2556054244053658,0.3888888888888889,0.46296296296296297,0.424312564347763,0.7222222222222222,0.6477448077536074,30.0,0.09377667859646481,0.27180806945236957,-0.8567306287652815,0.2506039317070595,1.0,0.7783305825838083,0.42592592592592593,False,0.6477448077536074,0.35225519224639257,False
FSMI_nm,6072,6029,2.0210013039871706,1.7393302256811487,0.2816710783060219,0.0,0.19484937598721858,0.026426903256083746,0.13321791254816392,0.5168767147830413,0.12962962962962962,0.6851851851851852,0.2980273507302052,0.2777777777777778,0.28284017101588466,33.5,0.11071762660684246,0.29404966291670254,-0.6316387952894903,58.39744574659711,1.0,4.348220457837462e-26,0.5,False,0.28284017101588466,0.7171598289841153,False
FSMI_nm,6072,6033,1.8207478300807216,1.6619031854224027,0.15884464465831893,0.06112738830705178,0.13654439894541012,0.1980358724799987,0.1814657093329836,0.5842575962303973,0.7222222222222222,0.9814814814814815,0.8419309571606892,0.2037037037037037,0.36326051706795004,40.25,0.14081949940147703,0.38252618911129266,-0.02666401849424181,1.073683123619653,1.0,0.3417474983165983,0.5740740740740741,False,0.36326051706795004,0.63673948293205,False
FSMI_nm,6072,6047,2.946053864791246,2.535015405645774,0.4110384591454723,0.0004019742444731911,0.17193125833661427,0.05704449279620214,0.1467530534632917,0.5665552437116235,0.16666666666666666,0.6111111111111112,0.3191423692521127,0.6851851851851852,0.5936744812019171,31.5,0.06323816625463667,0.17494603715033186,-1.2915316386174274,-1.7319646403165807,1.0,1.0,0.12962962962962962,False,0.5936744812019171,0.4063255187980829,False
FSMI_nm,6072,6048,1.599313301289055,1.9043934271130822,0.3050801258240272,0.0,0.20727340056573382,0.22334084277270888,0.22629731121193764,0.6639258161799215,0.12962962962962962,0.3148148148148148,0.20201318730806878,0.35185185185185186,0.3143921857159061,27.25,0.14769531088969495,0.40930614318324465,0.583336562429494,-0.2993578405745348,0.5580333438238096,1.0,0.6111111111111112,False,0.3143921857159061,0.6856078142840939,False
FSMI_nm,6072,6056,2.284561920801109,1.990455815736847,0.29410610506426216,0.0,0.09855286082985543,0.3068469914785121,0.27059890206858705,0.8780243105132268,0.12962962962962962,0.7222222222222222,0.30597614151589453,0.3888888888888889,0.36816070204564033,34.5,0.08780408036405143,0.2574124577812088,-0.9537179233238287,-0.3011104711348581,1.0,1.0,0.35185185185185186,False,0.36816070204564033,0.6318392979543597,False
FSMI_nm,6072,6057,3.4970517461895976,1.2764894245423315,2.2205623216472663,0.02134675275613218,0.06984696909703375,0.02756575033546655,0.05147362292617449,0.1752892152267227,0.46296296296296297,0.8333333333333334,0.6211299937499416,0.09259259259259259,0.22472694288192985,39.0,0.08617139573266278,0.2421949055687891,-0.19085907406265695,-0.047897675933261524,1.0,1.0,0.3148148148148148,False,0.22472694288192985,0.7752730571180702,False
FSMI_nm,6072,6062,2.9196668297119017,3.3275203559488253,0.4078535262369236,0.02976929146106011,0.4112194994496096,0.09146644442815063,0.2899282514720723,1.0662798311625874,0.6481481481481481,0.7592592592592593,0.7015072935139189,0.9074074074074074,0.8559323789340353,37.5,0.31812962282221063,0.8756260462755703,-1.0029126341180103,-0.01762396936217222,1.0,1.0,0.9074074074074074,True,0.9074074074074074,0.09259259259259256,False
FSMI_nm,6072,6063,4.4421744453751355,2.4988241189424345,1.943350326432701,0.014237438089972798,0.2727822957076422,0.2517860515225038,0.2708331615520527,0.7845124876996581,0.35185185185185186,0.2777777777777778,0.3126285743728543,0.6481481481481481,0.5642682547043247,27.0,0.08375527123098514,0.2355439261182648,-0.30356071049297356,2.0678081495765452,1.0,0.12646266539707116,0.2777777777777778,False,0.5642682547043247,0.43573174529567527,False
FSMI_nm,6072,6070,2.307992993047587,2.2479456656003007,0.060047327447286136,0.05030381864754396,0.11122859127072289,0.03412022384494348,0.08298729627659145,0.26261703080782484,0.6851851851851852,0.35185185185185186,0.4910027253171427,0.5,0.4977506813292857,27.5,0.022381667664274865,0.06954735626922759,-0.2560085280293677,-0.2577376347098187,1.0,1.0,0.018518518518518517,False,0.4977506813292857,0.5022493186707143,False
FSMI_nm,6072,6078,1.3924063210314295,1.699836354779584,0.3074300337481546,0.00497201778652645,0.07364671512708652,0.04016963671508789,0.059364232898591544,0.22417109661314005,0.2777777777777778,0.9074074074074074,0.5020533967305911,0.24074074074074073,0.30606890473820336,39.25,0.18842596328297614,0.5091938377638181,-0.7697398623109625,0.8427433464713375,1.0,0.43052781491934994,0.7592592592592593,False,0.30606890473820336,0.6939310952617966,False
FSMI_nm,6072,6080,3.486930250089525,2.000656868897915,1.48627338119161,0.0,0.05888778276283955,0.07675614148378326,0.08873817032338858,0.26856828335677774,0.12962962962962962,0.9444444444444444,0.3498971042165034,0.42592592592592593,0.40691872049857025,39.5,0.11759826200698281,0.3492229174234537,0.9208403175013697,0.6720176938926113,0.39818429922408133,0.5106771474196421,0.5370370370370371,False,0.40691872049857025,0.5930812795014297,False
FSMI_nm,6072,6081,0.8928726233487373,3.585976365225988,2.693103741877251,0.010079001287339295,0.11580018991067682,0.10869451361166302,0.16168177560342767,0.5980821187941414,0.3148148148148148,0.7962962962962963,0.500685401281325,0.9444444444444444,0.8335046836536645,37.75,0.06586005809605502,0.1886137477349168,-0.9294475437624212,-1.002287282029144,1.0,1.0,0.16666666666666666,False,0.8335046836536645,0.16649531634633552,False
FSMI_nm,6072,6082,1.5697987651446832,2.3878305808524316,0.8180318157077484,0.07616966282425208,0.09280005154170558,0.2798506161186159,0.23215641606452478,0.8884441681662312,0.8333333333333334,0.6481481481481481,0.7349309197401641,0.6111111111111112,0.6420660632683743,32.0,0.0907777099797941,0.24304695987178715,1.191212178486039,0.05189565640176417,0.3038527170129395,0.949427928400895,0.3888888888888889,False,0.6420660632683743,0.35793393673162566,False
FSMI_nm,6072,6084,1.3458682689199004,2.3432721068195907,0.9974038378996903,0.07350338051664584,0.19415177455771085,0.10334816186980017,0.179149613452704,0.6184559993948264,0.7962962962962963,0.5370370370370371,0.6539423549262806,0.5370370370370371,0.5662633665093479,31.0,0.025371455870605217,0.0742454884921141,-0.039862228785096154,-1.410133350382557,1.0,1.0,0.09259259259259259,False,0.5662633665093479,0.43373663349065206,False
FSMI_nm,6072,6085,1.86691079236755,3.0492196262036146,1.1823088338360646,0.06299765378785871,0.19845308959290206,0.42738889341391134,0.3695136984378505,1.3614867309450194,0.7592592592592593,0.5740740740740741,0.6602053137028107,0.8703703703703703,0.8178291062034805,31.25,0.023225932896971533,0.06751853983934808,-1.4249309910558474,-0.6602031807849359,1.0,1.0,0.05555555555555555,False,0.8178291062034805,0.18217089379651952,False
FSMI_nm,6072,6090,2.022297889711494,2.8518627506801395,0.8295648609686457,0.0957239613925176,0.22768569167720468,0.09743485363632326,0.1816434605732881,0.689685886982033,0.9074074074074074,0.16666666666666666,0.3888888888888889,0.8333333333333334,0.7222222222222222,25.25,0.0697431888175662,0.2062523056420823,-0.696626216764844,1.4003631955527354,1.0,0.2465074172834432,0.2037037037037037,False,0.7222222222222222,0.2777777777777778,False
FSMI_nm,6072,6094,3.459780024999232,1.4267032571899214,2.0330767678093107,0.02135744942962159,0.06228082636497761,0.08037939675363802,0.07749893466530854,0.28013681208201824,0.5,0.46296296296296297,0.4811252243246881,0.12962962962962962,0.21750352830339426,30.0,0.10178630629486056,0.27082922937381726,0.33849303716956197,-0.9382333134383979,0.7128437427817179,1.0,0.46296296296296297,False,0.21750352830339426,0.7824964716966057,False
FSMI_nm,6072,6095,7.857275141594466,2.6335537834301044,5.223721358164362,0.002430059356097747,0.1501335253729031,0.07003943401004481,0.11600321825104937,0.4512179668651837,0.2037037037037037,0.3888888888888889,0.2814571139550123,0.7962962962962963,0.6675865007109753,28.75,0.16044887262220042,0.44547280962888064,-0.023823749493200923,-0.46802970542803113,1.0,1.0,0.7222222222222222,False,0.6675865007109753,0.33241349928902475,False
FSMI_nm,6072,6099,8.69575314178455,2.5996413611199314,6.096111780664619,0.021505870692229756,0.08792006506833296,0.15153612264071611,0.13370863459105503,0.37649559462661397,0.5370370370370371,0.5370370370370371,0.5370370370370371,0.7592592592592593,0.7037037037037037,31.0,0.07288372274652767,0.20860502670551118,0.5862477415353944,-1.3887001676210866,0.5564111711760875,1.0,0.24074074074074073,False,0.7037037037037037,0.2962962962962963,False
FSMI_nm,6072,6101,0.3286650711030523,2.373114264834685,2.0444491937316327,0.02452429784844412,0.061156423408489466,0.10229017964828532,0.09140451809577506,0.32249199212482793,0.6111111111111112,0.9074074074074074,0.7446655282549297,0.5740740740740741,0.6167219376192881,39.25,0.1579667817523322,0.4196610662139302,-0.3416987915320835,0.6825576873465977,1.0,0.5053228801673234,0.6481481481481481,False,0.6167219376192881,0.38327806238071194,False
FSMI_nm,6072,N6342,0.7560989711345802,1.5824648522646114,0.8263658811300312,0.12473717689431285,0.30819462535229886,0.098373127727657,0.22017945968346378,0.8553637935775368,0.9444444444444444,0.05555555555555555,0.2290614236454256,0.16666666666666666,0.1822653559113564,21.0,0.19267875489429057,0.5601491763215214,1.4363182247238542,0.0722035306331213,0.23780168125232404,0.9303415235410251,0.7962962962962963,False,0.1822653559113564,0.8177346440886436,False
FSMI_nm,6072,N6358,0.8146778778150339,1.8681806648712178,1.053502787056184,0.023457145179188066,0.05698073453312285,0.04114310738360834,0.0796856110218932,0.26916772209595896,0.5740740740740741,0.2777777777777778,0.39933071579347823,0.3148148148148148,0.33594379005948066,27.0,0.28094127378569467,0.753255053869675,0.5473091283515383,0.8067381737356529,0.5785043989289125,0.4463114850584807,0.8333333333333334,False,0.3359437900594806,0.6640562099405194,False
FSMI_nm,6072,N6382,1.0237676864754848,0.18899761699235226,0.8347700694831325,0.02037683591929182,0.017039619137201714,0.07159309280995378,0.06756362044809712,0.25101357488417597,0.42592592592592593,0.018518518518518517,0.08881169487616147,0.018518518518518517,0.036091812607929256,19.5,0.7052197026590078,1.8853899177514089,8.30835929331884,1.2154579308544335,0.0002464480608143371,0.29657417272907644,0.9814814814814815,True,0.9814814814814815,0.01851851851851849,False
FSMI_nm,6072,N6389,1.7659275986645624,2.116995132801833,0.35106753413727043,0.004506631547928741,0.14625119189591143,0.06367319995982029,0.11518431415463933,0.3891874154777508,0.24074074074074073,0.09259259259259259,0.1493010694129361,0.46296296296296297,0.38454748957545626,21.5,0.31511300025030287,0.8526196218567771,0.279788139127135,2.7750117617623835,0.7559438794217731,0.06234874335425653,0.8703703703703703,False,0.38454748957545626,0.6154525104245437,False
FSMI_nm,6072,N6390,1.7769079672453123,3.611896492726612,1.8349885254812999,0.07748897000551436,1.3629028168804644,0.4939822232604779,1.048770239479294,3.3620904591540888,0.8703703703703703,0.12962962962962962,0.33589550272624175,0.9814814814814815,0.8200849867926716,22.0,0.15893914847919657,0.42530560087704117,9.117811269575798,0.00584762628578062,0.00010969450648302568,0.9941694378031347,0.6851851851851852,False,0.8200849867926716,0.1799150132073284,False
FSMI_nm,6078,6022,1.2832086750870029,1.3360148224725723,0.052806147385569435,0.5047023158829471,0.21375215361345312,0.45896761092358,0.37181241552471045,1.1027641093087779,0.9814814814814815,0.2777777777777778,0.5221434140693216,0.09259259259259259,0.19998029796177486,27.0,0.2735824181137017,0.7685118417383187,2.9110752737615475,53.39104546217464,0.05441718502772719,6.494766960722321e-24,0.8703703703703703,False,0.19998029796177486,0.8000197020382251,False
FSMI_nm,6078,6028,4.415429811910861,2.4322223057651757,1.983207506145685,0.06496503235582152,0.14370319277139285,0.4584977764721202,0.3771993457742683,1.3888234150860208,0.6851851851851852,0.46296296296296297,0.5632187528053908,0.6851851851851852,0.6546935770902367,30.0,0.05597534743862424,0.1741580282173959,-0.6829333774434739,0.27610095587793565,1.0,0.758736328002442,0.2037037037037037,False,0.6546935770902367,0.3453064229097633,False
FSMI_nm,6078,6029,2.0210013039871706,1.716001671822019,0.3049996321651516,0.0,0.3103389422094839,0.03925486213568528,0.21245668318196986,0.8343803988554421,0.2037037037037037,0.6851851851851852,0.37359705558948175,0.2777777777777778,0.3017325972307038,33.5,0.2050046634096994,0.5881676991083704,-0.7248330536540786,63.847634559096015,1.0,1.8677753023256676e-28,0.7962962962962963,False,0.3017325972307038,0.6982674027692962,False
FSMI_nm,6078,6033,1.8207478300807216,1.594039186672243,0.22670864340847863,0.09187405820675809,0.10933488212828633,0.22461810609322086,0.19763602461194488,0.6448599847150176,0.7962962962962963,0.9814814814814815,0.8840532046133341,0.24074074074074073,0.4015688567088891,40.25,0.12228450978437687,0.3275194429981805,-0.5540994412096345,1.2193429088921102,1.0,0.29542422379101935,0.46296296296296297,False,0.4015688567088891,0.5984311432911109,False
FSMI_nm,6078,6047,2.946053864791246,2.303582206908279,0.6424716578829672,0.06797865768678513,0.07511478865714487,0.10139723694944688,0.09809064512325653,0.3552216688968497,0.7222222222222222,0.6111111111111112,0.6643478190611888,0.6111111111111112,0.6244202880986306,31.5,0.029185093679692204,0.08402550355709881,-0.759002733289807,-1.456340086281389,1.0,1.0,0.16666666666666666,False,0.6244202880986306,0.3755797119013694,False
FSMI_nm,6078,6048,1.599313301289055,1.8354307422044633,0.23611744091540832,0.1809083444758155,0.1740540442288816,0.2607496999048998,0.23896512107924775,0.7392709357680036,0.9444444444444444,0.3148148148148148,0.5452752542346465,0.3888888888888889,0.42798548022532834,27.25,0.15070209466218656,0.415860046895592,0.28896303888609537,-0.34346127338054894,0.7490398902397373,1.0,0.6481481481481481,False,0.42798548022532834,0.5720145197746717,False
FSMI_nm,6078,6056,2.284561920801109,1.7526365465344218,0.5319253742666874,0.0,0.12958425842748164,0.364453865314319,0.3308716093151653,1.0425813121556042,0.2037037037037037,0.7222222222222222,0.3835613921705181,0.3148148148148148,0.33200145915374063,34.5,0.12898287074019527,0.36124305024460757,-0.8134539424948151,-0.2898360082964959,1.0,1.0,0.5740740740740741,False,0.3320014591537406,0.6679985408462594,False
FSMI_nm,6078,6057,3.4970517461895976,1.2839891101308953,2.2130626360587025,0.00019078199749489322,0.0765971970138885,0.03415837116520154,0.05835201595101088,0.20254697564059687,0.24074074074074073,0.8703703703703703,0.45774841090030643,0.05555555555555555,0.15610376939174328,39.0,0.0991441037915831,0.28035150139151127,0.2809768082763432,0.06881625470652127,0.7550458460917674,0.9334981902195525,0.3888888888888889,False,0.1561037693917433,0.8438962306082567,False
FSMI_nm,6078,6062,2.9196668297119017,3.2203149311819432,0.3006481014700415,0.01112860225936485,0.42282906475734416,0.08320668797941219,0.2954700715523097,1.094361307664094,0.2777777777777778,0.7962962962962963,0.470312040711122,0.9444444444444444,0.8259113435111137,37.5,0.33039010018319676,0.9132849392449062,-0.8835898505355033,0.2911710654248579,1.0,0.7473878148678368,0.9444444444444444,True,0.9444444444444444,0.05555555555555558,False
FSMI_nm,6078,6063,4.4421744453751355,2.403074996742765,2.0390994486323706,0.0,0.3908070440726366,0.40129684393922377,0.4138235418270307,1.3193247625081652,0.2037037037037037,0.2777777777777778,0.23787467738268758,0.6481481481481481,0.545579780456783,27.0,0.07748418386505261,0.2287965922845372,-0.28518090717465167,2.1537871792777867,1.0,0.11604384568167457,0.2777777777777778,False,0.545579780456783,0.454420219543217,False
FSMI_nm,6078,6070,2.307992993047587,2.1364643890807065,0.1715286039668804,0.04271597917048542,0.0935753625032146,0.02497554429264497,0.06909260182707588,0.2248273667203584,0.5740740740740741,0.35185185185185186,0.4494318925745036,0.5,0.4873579731436259,27.5,0.017588031522640976,0.05300771730935416,-0.40682794101289366,-0.26685124777859176,1.0,1.0,0.018518518518518517,False,0.48735797314362594,0.5126420268563741,False
FSMI_nm,6078,6072,1.4268834691757484,1.3570390797338743,0.0698443894418741,0.024779274109800298,0.04033967472517394,0.08912532123568953,0.0842417541054725,0.24971256215186322,0.42592592592592593,0.7962962962962963,0.5823772293894959,0.12962962962962962,0.24281652956959618,37.5,0.14009949588487525,0.3909360079812174,1.0585112236290115,0.0025148153018583314,0.3469719896965498,0.9974883441970692,0.6111111111111112,False,0.2428165295695962,0.7571834704304038,False
FSMI_nm,6078,6080,3.486930250089525,2.011345663247571,1.4755845868419541,0.0,0.06345802129708153,0.08935556407220384,0.09812932505527779,0.2845931442520231,0.2037037037037037,0.9444444444444444,0.43861923267877817,0.42592592592592593,0.42909925261413895,39.5,0.12543473118120513,0.3634337182768272,0.28127388852659324,0.5430739762039019,0.754821570198479,0.5809596485844956,0.5,False,0.42909925261413895,0.570900747385861,False
FSMI_nm,6078,6081,0.8928726233487373,4.259461427828067,3.36658880447933,0.03940995944584813,0.16003010593049366,0.1809016933238583,0.20202615989413253,0.6626737290350873,0.5370370370370371,0.8333333333333334,0.668977476599572,0.9814814814814815,0.9033554802610042,37.75,0.1266143856674959,0.34835308831365497,-0.565447280795498,-1.0209792141546834,1.0,1.0,0.5370370370370371,False,0.9033554802610042,0.0966445197389958,False
FSMI_nm,6078,6082,1.5697987651446832,2.5348772244589224,0.9650784593142392,0.16885187712245164,0.1105875927756798,0.39756236821135416,0.32494380792930194,1.3439009640026027,0.9074074074074074,0.6481481481481481,0.7668992311425428,0.7222222222222222,0.7333914744523023,32.0,0.1202872001498125,0.3230671196726005,0.582624282440946,-0.016752644661245753,0.5584309613982679,1.0,0.42592592592592593,False,0.7333914744523023,0.26660852554769765,False
FSMI_nm,6078,6084,1.3458682689199004,2.2507935769860046,0.9049253080661042,0.048155766599347505,0.1821303491912014,0.11139284748279779,0.1802384420138496,0.6591456625381991,0.6481481481481481,0.5370370370370371,0.589982678595333,0.5370370370370371,0.5502734474266111,31.0,0.024478254542651977,0.07003564255751382,-0.24829543134489843,-1.1077864472464407,1.0,1.0,0.09259259259259259,False,0.5502734474266111,0.4497265525733889,False
FSMI_nm,6078,6085,1.86691079236755,2.8128943167565295,0.9459835243889794,0.0,0.20248100073109682,0.40134277201160123,0.3530403000690438,1.3418279780043867,0.2037037037037037,0.5740740740740741,0.3419663946781368,0.8703703703703703,0.7382693764473119,31.25,0.026255327247640268,0.08219487231421341,-1.5121026928834094,-0.7658537656654293,1.0,1.0,0.12962962962962962,False,0.7382693764473119,0.26173062355268806,False
FSMI_nm,6078,6090,2.022297889711494,2.98834404778129,0.9660461580697963,0.08395308262928136,0.21038835045747614,0.10047614471622537,0.16916019325737552,0.6432422538453433,0.7592592592592593,0.16666666666666666,0.35572912430182496,0.9074074074074074,0.7694878366310118,25.25,0.01767219395931102,0.05090278911183854,-0.8942452795390788,2.043435731446099,1.0,0.12958273371514936,0.05555555555555555,False,0.7694878366310118,0.23051216336898817,False
FSMI_nm,6078,6094,3.459780024999232,1.4712515268693014,1.9885284981299305,0.026317132980262947,0.06364883749184781,0.09261157394040974,0.08684653094820642,0.33002653272679283,0.46296296296296297,0.46296296296296297,0.46296296296296297,0.2037037037037037,0.2685185185185185,30.0,0.08685661637086854,0.23838956799908795,0.3234555950860641,-0.8545645846024064,0.7236440905625151,1.0,0.35185185185185186,False,0.2685185185185185,0.7314814814814815,False
FSMI_nm,6078,6095,7.857275141594466,2.6801607037525508,5.177114437841915,0.023902020184195294,0.24186884435154002,0.09025502079258146,0.1780595179649086,0.7422445836538492,0.3888888888888889,0.3888888888888889,0.3888888888888889,0.7592592592592593,0.6666666666666666,28.75,0.15841525077398055,0.44431386853105614,-0.22341662924349245,-0.3621602826261615,1.0,1.0,0.6851851851851852,False,0.6666666666666666,0.33333333333333337,False
FSMI_nm,6078,6099,8.69575314178455,2.691834276123469,6.003918865661081,0.04318720132942211,0.10941972716464646,0.1772097328971502,0.15740617694548237,0.4556957779580104,0.6111111111111112,0.5370370370370371,0.5728780851206674,0.7962962962962963,0.7404417435023891,31.0,0.08031275091088023,0.23002540290895201,0.4877667829667516,-1.1977900256331835,0.6139960506838025,1.0,0.3148148148148148,False,0.7404417435023891,0.2595582564976109,False
FSMI_nm,6078,6101,0.3286650711030523,2.26369459095716,1.9350295198541079,0.01158617731078948,0.04915780976534537,0.10305788387137922,0.08835696747119837,0.342771053699507,0.3148148148148148,0.9074074074074074,0.5344766551726597,0.5740740740740741,0.5641747193487205,39.25,0.17824253235616438,0.4803430111548259,-0.3771253002310881,0.7969937065461385,1.0,0.4506818113496703,0.7222222222222222,False,0.5641747193487205,0.43582528065127946,False
FSMI_nm,6078,N6342,0.7560989711345802,1.4010189393031045,0.6449199681685243,0.1248842608865739,0.3045271682157407,0.08459236963653406,0.2148472885737195,0.856217263865515,0.8703703703703703,0.05555555555555555,0.21989522383403548,0.16666666666666666,0.17997380595850887,21.0,0.1948489517324163,0.5575866422345772,1.1333799387988028,0.05763877007380285,0.3219432668722216,0.9439908836121345,0.7592592592592593,False,0.17997380595850887,0.8200261940414911,False
FSMI_nm,6078,N6358,0.8146778778150339,1.7741134018841629,0.959435524069129,0.0,0.07439309932227732,0.057535571790807816,0.10770944416213324,0.3525212494006087,0.2037037037037037,0.2777777777777778,0.23787467738268758,0.35185185185185186,0.3233575582345608,27.0,0.23169154072443912,0.6170589337911824,-0.10889265933916367,0.9447974706724492,1.0,0.38875829788587296,0.8333333333333334,False,0.3233575582345608,0.6766424417654392,False
FSMI_nm,6078,N6382,1.0237676864754848,0.31994448633254763,0.7038232001429372,0.027326431338384638,0.017257912148305094,0.14652061609536643,0.12421437669198443,0.4413153415784234,0.5,0.018518518518518517,0.09622504486493763,0.018518518518518517,0.037945150105123296,19.5,0.4968411452204228,1.3375840242477928,5.4980817642701085,1.0603967921847655,0.004094618353167161,0.3463183666422458,0.9814814814814815,True,0.9814814814814815,0.01851851851851849,False
FSMI_nm,6078,N6389,1.7659275986645624,2.099932892299885,0.3340052936353226,0.017100005486566427,0.058927799548534894,0.06664173823146972,0.06788846442708361,0.2085720075547859,0.35185185185185186,0.09259259259259259,0.18049619157053637,0.46296296296296297,0.3923462701148563,21.5,0.2895733010924025,0.8192622700963019,-0.008459436534859003,3.3678122214516435,1.0,0.034464956615239864,0.9074074074074074,True,0.9074074074074074,0.09259259259259256,False
FSMI_nm,6078,N6390,1.7769079672453123,2.8017261568876197,1.0248181896423074,0.10552193008985444,1.1054987455803966,0.4121047633876279,0.8371509656664763,2.720522696391126,0.8333333333333334,0.12962962962962962,0.32867109906108977,0.8333333333333334,0.7071677747652725,22.0,0.06238113917836547,0.1670669074593546,5.883376621334634,0.12976253825766243,0.002785364258006182,0.8783039697505434,0.24074074074074073,False,0.7071677747652725,0.2928322252347275,False
FSMI_nm,6080,6022,1.2832086750870029,1.0646808048254528,0.21852787026155007,1.2371374604495842,0.4880735239149265,0.7431021569176695,0.6258589281725202,1.723702878488178,0.9814814814814815,0.2777777777777778,0.5221434140693216,0.05555555555555555,0.17220252018399707,27.0,0.23873123921985404,0.6661567442562819,4.008822316907761,52.90987313097795,0.01815476320965685,1.050833866837636e-23,0.8333333333333334,False,0.17220252018399707,0.8277974798160029,False
FSMI_nm,6080,6028,4.415429811910861,2.334992027601893,2.080437784308968,0.037604433115363545,0.07673540994546214,0.3692162256017668,0.30067702075601094,1.0952169716564346,0.5370370370370371,0.46296296296296297,0.4986263710309726,0.6851851851851852,0.638545481646632,30.0,0.0112930851629007,0.03514004697179485,-1.0425180062386625,0.22549476056975487,1.0,0.7981212421375116,0.018518518518518517,False,0.638545481646632,0.36145451835336795,False
FSMI_nm,6080,6029,2.0210013039871706,1.527214178078871,0.49378712590829954,0.0,0.3175389780706849,0.05653457591722385,0.21998972496339678,0.8750559823311164,0.16666666666666666,0.6851851851851852,0.33793125168323446,0.24074074074074073,0.2650383684763642,33.5,0.0817583050358054,0.25319827182838217,-0.7955417706655609,73.02051664958584,1.0,1.9390658300959162e-32,0.3888888888888889,False,0.2650383684763642,0.7349616315236358,False
FSMI_nm,6080,6033,1.8207478300807216,2.4752264872635044,0.6544786571827828,0.007677795067071003,0.19618257762686503,0.2784284988067381,0.30442235291237546,1.2308039633097765,0.35185185185185186,0.9814814814814815,0.5876530241712011,0.7592592592592593,0.7163577004872447,40.25,0.03706251324586841,0.10195741569387518,0.21468815866827692,1.5586410627271823,0.806792992354266,0.2104218270584502,0.2037037037037037,False,0.7163577004872447,0.2836422995127553,False
FSMI_nm,6080,6047,2.946053864791246,2.287469726471759,0.6585841383194873,0.03744076482609415,0.04888264284026031,0.0912796134394438,0.07932528009820362,0.29286488076152306,0.5,0.6111111111111112,0.5527707983925667,0.6111111111111112,0.596526032931475,31.5,0.05458993649236938,0.1553740360886271,-0.8202047219346876,-1.5208150231793187,1.0,1.0,0.2777777777777778,False,0.596526032931475,0.403473967068525,False
FSMI_nm,6080,6048,1.599313301289055,2.0140987173383667,0.41478541604931163,0.21952059139266034,0.22540301278099753,0.3286408024542986,0.3019226654810194,0.982072544707336,0.9444444444444444,0.3148148148148148,0.5452752542346465,0.42592592592592593,0.455763258003106,27.25,0.11294606487020026,0.31543860100062227,0.4992609624458285,-0.21705973450957441,0.6069790743251272,1.0,0.5740740740740741,False,0.455763258003106,0.544236741996894,False
FSMI_nm,6080,6056,2.284561920801109,1.6659989967117492,0.61856292408936,0.0,0.11640407486265936,0.3198790511775075,0.29266398440240377,0.925096998630722,0.16666666666666666,0.7222222222222222,0.3469443332443555,0.2777777777777778,0.2950694166444222,34.5,0.12217803760636911,0.34357533197997303,-0.8167058687109635,-0.34085426709378097,1.0,1.0,0.6111111111111112,False,0.2950694166444222,0.7049305833555778,False
FSMI_nm,6080,6057,3.4970517461895976,1.2722342850228072,2.2248174611667904,0.01041508796495405,0.06777935675535479,0.02864137052835063,0.05072730145563932,0.17072624808232884,0.3888888888888889,0.8703703703703703,0.5817880767557411,0.12962962962962962,0.24266924141115748,39.0,0.090583779319808,0.24971536960541152,-0.26267314374778783,-0.004610897689867139,1.0,1.0,0.42592592592592593,False,0.24266924141115753,0.7573307585888425,False
FSMI_nm,6080,6062,2.9196668297119017,3.188084467022631,0.26841763731072943,0.004043065638533516,0.33959154513347173,0.05229993194717305,0.23509852334285775,0.9170167295965568,0.2037037037037037,0.7962962962962963,0.40275116983206566,0.9444444444444444,0.8090211257913497,37.5,0.3118036682087334,0.8733701244148611,-1.2533060795255018,0.09608371078772551,1.0,0.9083879710132409,0.9074074074074074,True,0.9074074074074074,0.09259259259259256,False
FSMI_nm,6080,6063,4.4421744453751355,2.3797340150980104,2.062440430277125,0.0,0.39560544146654636,0.3677859110749574,0.3957860669335845,1.1794623631668395,0.16666666666666666,0.2777777777777778,0.2151657414559676,0.7222222222222222,0.5954581020306585,27.0,0.06319465294870548,0.18882837199532188,-0.15114124877032675,2.4141680060639517,1.0,0.08944172294505423,0.35185185185185186,False,0.5954581020306585,0.4045418979693415,False
FSMI_nm,6080,6070,2.307992993047587,2.1275918780979093,0.1804011149496776,0.12613108064429746,0.17756086743906882,0.08433681354233216,0.1497228272631352,0.5738721403566462,0.7962962962962963,0.35185185185185186,0.5293187380724612,0.5,0.5073296845181153,27.5,0.02155185181702991,0.0673363204564289,-0.4444166488582094,-0.2024928466202358,1.0,1.0,0.09259259259259259,False,0.5073296845181153,0.49267031548188467,False
FSMI_nm,6080,6072,1.4268834691757484,1.2096994983252953,0.21718397085045305,0.00450123638712796,0.05593029765583011,0.06871023376879755,0.07501520632900331,0.256709211314597,0.24074074074074073,0.7962962962962963,0.43783668213099586,0.09259259259259259,0.17890361497719343,37.5,0.1308296741385631,0.3778957092646269,1.3343146564744732,-0.053913894952074326,0.26333859102402596,1.0,0.6851851851851852,False,0.17890361497719343,0.8210963850228066,False
FSMI_nm,6080,6078,1.3924063210314295,1.9526529049796988,0.5602465839482693,0.052937017194486735,0.12668555765112968,0.08847701187160138,0.11166913257281252,0.3792131825982179,0.5740740740740741,0.9444444444444444,0.7363294574841127,0.35185185185185186,0.44797125325991705,39.25,0.14180971522626498,0.3930978055882485,-0.5564425968592783,0.6016323893593538,1.0,0.5479164926290843,0.7592592592592593,False,0.44797125325991705,0.552028746740083,False
FSMI_nm,6080,6081,0.8928726233487373,3.7783592419766396,2.8854866186279025,0.0,0.16008950183315862,0.13826128313574854,0.22144685658129354,0.8243836527047028,0.16666666666666666,0.8333333333333334,0.37267799624996495,0.9814814814814815,0.8292806101736024,37.75,0.1242586713052684,0.35245889340292214,-0.8659806133444957,-1.0957705724064797,1.0,1.0,0.6481481481481481,False,0.8292806101736024,0.17071938982639756,False
FSMI_nm,6080,6082,1.5697987651446832,2.0266122038160197,0.4568134386713365,0.1446067755091207,0.06848466516393485,0.27737351631505996,0.2277144742824917,0.9542977353809412,0.9074074074074074,0.6481481481481481,0.7668992311425428,0.46296296296296297,0.5389470300078579,32.0,0.10332625993580206,0.2843524613169709,2.1435180182181233,0.09144667026623579,0.11724165836230448,0.912609984101758,0.46296296296296297,False,0.5389470300078579,0.46105296999214207,False
FSMI_nm,6080,6084,1.3458682689199004,2.2700741497734147,0.9242058808535143,0.07556847309661752,0.192464083486863,0.14057501802541453,0.19452824796601922,0.6643582224269617,0.6851851851851852,0.5370370370370371,0.6066051612651556,0.5740740740740741,0.5822068458718445,31.0,0.024854733973167755,0.0720363794196971,-0.3984699064087986,-1.231134586507266,1.0,1.0,0.16666666666666666,False,0.5822068458718445,0.41779315412815554,False
FSMI_nm,6080,6085,1.86691079236755,2.755176984350847,0.888266191983297,0.07680996302807674,0.16844951520966286,0.37776331474666186,0.3272524627889504,1.270868601843342,0.7222222222222222,0.5740740740740741,0.6439014315079151,0.8333333333333334,0.7859753578769788,31.25,0.019665835302335885,0.058955263077062114,-1.8352715106110284,-0.5397509504664963,1.0,1.0,0.05555555555555555,False,0.7859753578769788,0.2140246421230212,False
FSMI_nm,6080,6090,2.022297889711494,2.880890774188088,0.858592884476594,0.08776850331630737,0.34177076171001547,0.1064006705920022,0.26343007903585575,0.9896334369156623,0.7592592592592593,0.16666666666666666,0.35572912430182496,0.9074074074074074,0.7694878366310118,25.25,0.047783755213265444,0.14068540443364652,-0.8031010476877543,1.2289240289501078,1.0,0.2926072452888027,0.24074074074074073,False,0.7694878366310118,0.23051216336898817,False
FSMI_nm,6080,6094,3.459780024999232,1.3868168079900463,2.0729632170091854,0.007466170660124893,0.09459397019596591,0.1127289016096999,0.1146669693651682,0.3997636659898818,0.3148148148148148,0.46296296296296297,0.38176903940904267,0.16666666666666666,0.22044225985226068,30.0,0.05998293003037595,0.17244622746453853,-0.1606130175252218,-0.8939862721086782,1.0,1.0,0.3148148148148148,False,0.22044225985226062,0.7795577401477394,False
FSMI_nm,6080,6095,7.857275141594466,2.652970465819243,5.204304675775223,0.021260419020552757,0.20965916853960287,0.08206751303451619,0.15857868373076325,0.6445182043300086,0.42592592592592593,0.3888888888888889,0.4069863143673317,0.7962962962962963,0.6989688008140551,28.75,0.14084583854186147,0.3909318557638496,-0.009709299701405733,-0.2883558677331989,1.0,1.0,0.7222222222222222,False,0.6989688008140551,0.3010311991859449,False
FSMI_nm,6080,6099,8.69575314178455,2.790737446896195,5.905015694888355,0.1281728363087522,0.1378774007664098,0.25105420144243357,0.21575221983130458,0.7399481588519734,0.8333333333333334,0.5370370370370371,0.668977476599572,0.8703703703703703,0.8200221469276707,31.0,0.10882814720987366,0.30738505145698525,0.830988618512122,-1.058375768728243,0.43561841294467235,1.0,0.5,False,0.8200221469276707,0.17997785307232927,False
FSMI_nm,6080,6101,0.3286650711030523,2.3070109038511477,1.9783458327480954,0.0578172734198934,0.042985756839268974,0.09335260247303041,0.07957919081709734,0.31076435882332554,0.6111111111111112,0.9444444444444444,0.759710796176519,0.6481481481481481,0.6760388101552408,39.25,0.11212177517451144,0.302511616862179,-0.6565488596299761,0.7133232803283905,1.0,0.4900130378724985,0.5370370370370371,False,0.6760388101552408,0.3239611898447592,False
FSMI_nm,6080,N6342,0.7560989711345802,1.4676204143674518,0.7115214432328716,0.06786016692310204,0.16322553557551797,0.06264758449161789,0.11903385300942552,0.4159244370231667,0.6481481481481481,0.05555555555555555,0.18975834751777032,0.2037037037037037,0.20021736465722034,21.0,0.21404209538254038,0.6094968842472502,1.3753447777851733,0.07242526528334707,0.2527524373549129,0.9301352574577263,0.7962962962962963,False,0.2002173646572203,0.7997826353427797,False
FSMI_nm,6080,N6358,0.8146778778150339,1.7207915576473813,0.9061136798323475,0.0,0.09771801220690712,0.06499556751841944,0.1253986561507999,0.4602624145930716,0.16666666666666666,0.2777777777777778,0.2151657414559676,0.3148148148148148,0.289902546475103,27.0,0.31332777518571775,0.8323992266602993,0.2773490944719218,1.0886526011589353,0.7577899106616719,0.3366698167555926,0.9444444444444444,True,0.9444444444444444,0.05555555555555558,False
FSMI_nm,6080,N6382,1.0237676864754848,0.26004801396743177,0.7637196725080531,0.025860644629988494,0.017218490415185642,0.1047828156517865,0.0936989784345007,0.34052090563195836,0.46296296296296297,0.018518518518518517,0.09259259259259259,0.018518518518518517,0.037037037037037035,19.5,0.6041903460685252,1.6189315585899366,7.282622979789922,1.1006393270479966,0.0006873802126224779,0.3326583382249895,0.9814814814814815,True,0.9814814814814815,0.01851851851851849,False
FSMI_nm,6080,N6389,1.7659275986645624,2.0106429926811167,0.2447153940165543,0.0063286855013990895,0.1162752393432228,0.07246523747873153,0.10250860847725671,0.35218351766422873,0.2777777777777778,0.09259259259259259,0.16037507477489604,0.3888888888888889,0.3317604353603907,21.5,0.25256775817603117,0.7100104587962031,0.3764541262114092,3.0952522862869736,0.6862905997145468,0.04526359163618784,0.8703703703703703,False,0.3317604353603907,0.6682395646396093,False
FSMI_nm,6080,N6390,1.7769079672453123,2.173642617072426,0.3967346498271138,0.13162540500430975,0.9809647166560398,0.3674570549972444,0.7270170977570503,2.347499253688363,0.8703703703703703,0.12962962962962962,0.33589550272624175,0.5370370370370371,0.48675165345933824,22.0,0.02461894912502264,0.07369523629477626,8.54628294633188,0.24505166335775663,0.0001942658557953009,0.7826641021418326,0.12962962962962962,False,0.48675165345933824,0.5132483465406618,False
FSMI_nm,6081,6022,1.2832086750870029,0.5664414318226907,0.7167672432643122,1.197392922586646,0.4955215045467761,0.8457356048763536,0.6938755576491233,1.874337291143596,0.9814814814814815,0.2777777777777778,0.5221434140693216,0.018518518518518517,0.1444247424062193,27.0,0.4984198467538485,1.3221407615084355,3.0484656796445275,68.14381185313657,0.04743164392611291,2.544008372844198e-30,0.9814814814814815,True,0.9814814814814815,0.01851851851851849,False
FSMI_nm,6081,6028,4.415429811910861,2.4001942686950084,2.0152355432158524,0.050487433782293145,0.09976599310620257,0.49719529818238156,0.4039443750431006,1.5392137815553444,0.5740740740740741,0.46296296296296297,0.5155337372990761,0.6481481481481481,0.6149945454358802,30.0,0.02326802144318285,0.06638490962595367,-0.8726322579174841,0.24147317072993588,1.0,0.7854698770897528,0.09259259259259259,False,0.6149945454358802,0.38500545456411983,False
FSMI_nm,6081,6029,2.0210013039871706,1.7543868108169256,0.266614493170245,0.030126499197197232,0.22120284951350536,0.0406536914035252,0.15258652382432733,0.6059267176400116,0.42592592592592593,0.6851851851851852,0.5402204498449934,0.24074074074074073,0.31561066801680393,33.5,0.10027740989516055,0.2886944562669387,-0.9437433297928838,75.0105426749781,1.0,2.650545303739532e-33,0.46296296296296297,False,0.31561066801680393,0.6843893319831961,False
FSMI_nm,6081,6033,1.8207478300807216,1.9797133427835343,0.15896551270281267,0.053994633402713266,0.14478547854004334,0.22928235668574876,0.20549795427036424,0.718812356766084,0.6111111111111112,0.9814814814814815,0.7744638394935736,0.3888888888888889,0.48528262654006005,40.25,0.14330979074504874,0.4013911901016196,-0.05750868725099137,1.4364372623092265,1.0,0.237773375599142,0.5740740740740741,False,0.48528262654006005,0.51471737345994,False
FSMI_nm,6081,6047,2.946053864791246,2.6235254488419124,0.3225284159493338,0.027321240944848224,0.11320930879481714,0.0890049713298399,0.13326267011471188,0.548162313291038,0.3888888888888889,0.6111111111111112,0.48749802152178456,0.7222222222222222,0.6635411720471127,31.5,0.054087842719479626,0.15561376450590136,-0.9579070616538473,-1.6635138224096697,1.0,1.0,0.3148148148148148,False,0.6635411720471127,0.3364588279528873,False
FSMI_nm,6081,6048,1.599313301289055,1.6529020037369644,0.053588702447909364,0.11892086339964747,0.15494086940794902,0.2528920814136026,0.22684909133689224,0.7146491188123509,0.9074074074074074,0.3148148148148148,0.5344766551726597,0.2037037037037037,0.2863969415709427,27.25,0.2115449055428768,0.5681159931917376,0.15459609999857568,-0.3745488189396558,0.8567611534401602,1.0,0.7962962962962963,False,0.28639694157094264,0.7136030584290574,False
FSMI_nm,6081,6056,2.284561920801109,1.8064940650170083,0.47806785578410094,0.0,0.12181794325376805,0.39307743936320255,0.3482094888154083,1.161945304460142,0.09259259259259259,0.7222222222222222,0.258597037847573,0.3148148148148148,0.30076037057300437,34.5,0.10946221940154523,0.3140694288708248,-1.1807133888272963,-0.5374443323597203,1.0,1.0,0.5,False,0.3007603705730044,0.6992396294269956,False
FSMI_nm,6081,6057,3.4970517461895976,1.477970024288372,2.019081721901226,0.03924322603272867,0.11770121154555008,0.05674617913309481,0.09053087385787607,0.29593797971312275,0.5,0.8333333333333334,0.6454972243679028,0.16666666666666666,0.28637430609197567,39.0,0.05188272049931866,0.14443052998640982,-0.17397865965005277,-0.0046701930496834574,1.0,1.0,0.2777777777777778,False,0.28637430609197567,0.7136256939080243,False
FSMI_nm,6081,6062,2.9196668297119017,3.2942127794183893,0.3745459497064876,0.0038541359922303897,0.5070874333273477,0.09160025396757689,0.35205543764045566,1.321492662239887,0.16666666666666666,0.7962962962962963,0.364302140239,0.9444444444444444,0.7994088683930832,37.5,0.27756097467509266,0.7776268095955065,-1.06105739120335,-0.0701078524488477,1.0,1.0,0.8333333333333334,False,0.7994088683930832,0.20059113160691677,False
FSMI_nm,6081,6063,4.4421744453751355,3.1312201247445253,1.3109543206306102,0.06200923778840295,0.3240146828396696,0.48556290913550854,0.4436366926360385,1.5262823432990245,0.6481481481481481,0.2777777777777778,0.424312564347763,0.8703703703703703,0.7588559188647186,27.0,0.021239148950680235,0.05816172025447619,-0.4976708546387713,2.475729434988042,1.0,0.08410162121260374,0.05555555555555555,False,0.7588559188647186,0.2411440811352814,False
FSMI_nm,6081,6070,2.307992993047587,2.109080561683035,0.19891243136455206,0.062053239500843294,0.11754302522107364,0.03473031470616099,0.08619823462992593,0.3215078992361047,0.6851851851851852,0.35185185185185186,0.4910027253171427,0.5,0.4977506813292857,27.5,0.05053108038849022,0.15539698411756064,-0.6253205957401193,-0.2824708892669994,1.0,1.0,0.2037037037037037,False,0.4977506813292857,0.5022493186707143,False
FSMI_nm,6081,6072,1.4268834691757484,1.476876459043724,0.049992989867975623,0.01084572479536905,0.09992083145301907,0.11399913131859453,0.12494255149913601,0.434767287225964,0.24074074074074073,0.7962962962962963,0.43783668213099586,0.12962962962962962,0.20668139275497116,37.5,0.14433803087382607,0.4058981886188289,0.9674116931655397,-0.10271902894368155,0.38006549221961944,1.0,0.6111111111111112,False,0.2066813927549711,0.7933186072450289,False
FSMI_nm,6081,6078,1.3924063210314295,2.7382040107855414,1.345797689754112,0.017995902851855483,0.04682214646743564,0.06479390779285785,0.06045575297488567,0.19192940230133404,0.3148148148148148,0.9074074074074074,0.5344766551726597,0.7962962962962963,0.7308413860153872,39.25,0.03426451186562909,0.09765478485992207,-0.4296227308841329,0.8396715455853714,1.0,0.43185234394585403,0.12962962962962962,False,0.7308413860153872,0.2691586139846128,False
FSMI_nm,6081,6080,3.486930250089525,2.0875229952407053,1.39940725484882,0.0,0.09104057013443809,0.17235412626696475,0.1624900610299355,0.4441168061598699,0.09259259259259259,0.9444444444444444,0.295717026345765,0.42592592592592593,0.39337370103088565,39.5,0.07405341492254121,0.2293248595210201,0.5860078780346565,0.653708082363336,0.5565446499151544,0.5201135726233603,0.3888888888888889,False,0.39337370103088565,0.6066262989691144,False
FSMI_nm,6081,6082,1.5697987651446832,2.253951286318506,0.6841525211738229,0.16089585290310637,0.13114381644755088,0.3794338768635346,0.3136042395626627,1.2588742194846245,0.9444444444444444,0.6481481481481481,0.78239371015843,0.5740740740740741,0.626153983095163,32.0,0.11216913753492219,0.2984330715536351,0.698680617875776,-0.010898193792918228,0.4972409219747333,1.0,0.5370370370370371,False,0.626153983095163,0.373846016904837,False
FSMI_nm,6081,6084,1.3458682689199004,2.522304351241598,1.1764360823216977,0.08831485243082238,0.20914582584843344,0.1639895468187529,0.22389396316481527,0.8126469282291664,0.7592592592592593,0.5370370370370371,0.6385533203543211,0.6851851851851852,0.6735272189774693,31.0,0.038620243933972294,0.12265019641678843,-0.24934935584147616,-1.3173153460448084,1.0,1.0,0.16666666666666666,False,0.6735272189774693,0.32647278102253074,False
FSMI_nm,6081,6085,1.86691079236755,2.960703141394906,1.093792349027356,0.08311562586959376,0.21280844289301892,0.48638433489390037,0.4201258442715597,1.6661822910020212,0.7222222222222222,0.5740740740740741,0.6439014315079151,0.8333333333333334,0.7859753578769788,31.25,0.01812821576141057,0.052596971261075876,-1.3762556200154474,-0.7911552927626685,1.0,1.0,0.018518518518518517,False,0.7859753578769788,0.2140246421230212,False
FSMI_nm,6081,6090,2.022297889711494,3.881798936470582,1.859501046759088,0.04997080212949001,0.23822622162241694,0.17072707716644098,0.21555406095751525,0.856972485794365,0.5370370370370371,0.16666666666666666,0.29917582261858355,0.9814814814814815,0.810905066765757,25.25,0.1681373683374507,0.47344806258984073,-0.5754667836486274,1.4598909520588232,1.0,0.23226160099824827,0.6481481481481481,False,0.810905066765757,0.18909493323424298,False
FSMI_nm,6081,6094,3.459780024999232,1.7567433157703671,1.7030367092288647,0.021823388660960008,0.15881725186374154,0.34706708059962277,0.30468905002169,1.1207952163127073,0.35185185185185186,0.46296296296296297,0.40360175403154386,0.2777777777777778,0.3092337718412193,30.0,0.051842303940063686,0.1430255495061712,-0.41230471056304946,-1.0457352240243598,1.0,1.0,0.24074074074074073,False,0.30923377184121925,0.6907662281587807,False
FSMI_nm,6081,6095,7.857275141594466,3.1321080753824684,4.7251670662119984,0.0014724300754389574,0.10222598620375906,0.08382396203419651,0.10022361332408103,0.2961745221843928,0.12962962962962962,0.3888888888888889,0.22452510468485445,0.9074074074074074,0.7366868317267692,28.75,0.19287068037090802,0.5282268106288478,-0.23879079774618356,-0.414800607053319,1.0,1.0,0.7222222222222222,False,0.7366868317267692,0.2633131682732308,False
FSMI_nm,6081,6099,8.69575314178455,2.7242178856940407,5.97153525609051,0.014772918627563136,0.06882078106560294,0.15724616460581547,0.13684959487445658,0.42014943486474454,0.2777777777777778,0.5370370370370371,0.38623432619655945,0.7592592592592593,0.6660030259935843,31.0,0.06796031688301736,0.1981545441849406,-0.09627482831880724,-1.3253735586932502,1.0,1.0,0.35185185185185186,False,0.6660030259935843,0.3339969740064157,False
FSMI_nm,6081,6101,0.3286650711030523,2.136155836613299,1.8074907655102468,0.007845178783370876,0.061125739718431195,0.12738499424121869,0.10977596750932267,0.41476384362412366,0.2037037037037037,0.9074074074074074,0.4299328431942185,0.5370370370370371,0.5102609885763324,39.25,0.18838075092026924,0.5006548997211737,-0.5315045426663222,0.6618146313192861,1.0,0.5159142903246939,0.6851851851851852,False,0.5102609885763324,0.4897390114236676,False
FSMI_nm,6081,N6342,0.7560989711345802,1.1006124813167404,0.34451351018216014,0.10509554565057655,0.3135446726435687,0.0784036946829275,0.22082902139477956,0.8821160917419694,0.8333333333333334,0.05555555555555555,0.2151657414559676,0.09259259259259259,0.12323587980843634,21.0,0.31501948588716305,0.8916495594266637,1.858126158986904,0.05950139147106448,0.15596460960329536,0.9422342224986613,0.8703703703703703,False,0.12323587980843631,0.8767641201915637,False
FSMI_nm,6081,N6358,0.8146778778150339,2.0997573663690003,1.2850794885539665,0.0,0.1395272055932906,0.0701021187062779,0.15489004337858966,0.5792345500482061,0.09259259259259259,0.2777777777777778,0.16037507477489604,0.46296296296296297,0.3873159909159462,27.0,0.20839141637772993,0.5655905492358912,0.11060378695634279,1.139447155420823,0.8952934055897888,0.3199958809121244,0.7592592592592593,False,0.38731599091594626,0.6126840090840537,False
FSMI_nm,6081,N6382,1.0237676864754848,0.6091443218786712,0.4146233645968136,0.09283411031538491,0.0550920940590316,0.5445131446444966,0.4413630909221334,1.6595633694934682,0.7962962962962963,0.018518518518518517,0.12143404674633333,0.05555555555555555,0.07202517835325,19.5,0.3651485335835732,0.9918167237408386,3.2547431954917876,1.2425869138920311,0.03859072966433453,0.28863657334856235,0.9444444444444444,True,0.9444444444444444,0.05555555555555558,False
FSMI_nm,6081,N6389,1.7659275986645624,2.2577871002388212,0.49185950157425884,0.03228556373406688,0.06466860405950746,0.06876868900165804,0.09493845742049975,0.3366045365117216,0.46296296296296297,0.09259259259259259,0.2070433312499805,0.6111111111111112,0.5100941661458285,21.5,0.3471492753401986,0.9491821060377388,0.03300614109131855,3.2303075145073104,0.9675326178646277,0.03954533615383751,0.9074074074074074,True,0.9074074074074074,0.09259259259259256,False
FSMI_nm,6081,N6390,1.7769079672453123,1.8482735948188678,0.07136562757355547,0.1139569231985984,0.8611696428082344,0.34131560315669035,0.644647733757743,2.0375276539196596,0.8703703703703703,0.12962962962962962,0.33589550272624175,0.35185185185185186,0.34786276457044935,22.0,0.0945900417801935,0.26364179256435594,7.146714293665457,0.10884012277434785,0.0007874471554823581,0.8968737957306946,0.42592592592592593,False,0.3478627645704493,0.6521372354295507,False
FSMI_nm,6082,6022,1.2832086750870029,0.5932076155337376,0.6900010595532653,0.9762152698096862,0.40483553497568237,0.7020980167064537,0.5735222790757722,1.6240763673071332,0.9814814814814815,0.2777777777777778,0.5221434140693216,0.05555555555555555,0.17220252018399707,27.0,0.4862699417071072,1.2939604484807652,4.3385342838766885,42.31137613004854,0.013055650063203273,4.2111704969816038e-19,0.9444444444444444,True,0.9444444444444444,0.05555555555555558,False
FSMI_nm,6082,6028,4.415429811910861,2.5915098171258513,1.8239199947850095,0.09105105383342016,0.16803604031418334,0.4738274038343617,0.3937982926488676,1.4374945021866645,0.7222222222222222,0.46296296296296297,0.578240555407259,0.6851851851851852,0.6584490277407037,30.0,0.07703428631687786,0.22951481496366644,-0.9105655093825961,0.2449233484932293,1.0,0.7827645360235115,0.2777777777777778,False,0.6584490277407037,0.3415509722592963,False
FSMI_nm,6082,6029,2.0210013039871706,1.569773828085378,0.4512274759017927,0.0,0.2791008006220153,0.06541897572688883,0.1974811699518028,0.7558121429753542,0.24074074074074073,0.6481481481481481,0.39501350014262115,0.2037037037037037,0.2515311528134331,33.5,0.09598475382320705,0.26835154374837356,-0.791937669438978,57.239023483384294,1.0,1.3848666334527322e-25,0.42592592592592593,False,0.2515311528134331,0.7484688471865669,False
FSMI_nm,6082,6033,1.8207478300807216,2.591463783274992,0.7707159531942704,0.0,0.234947538330227,0.29884667656750397,0.33892178372389936,1.3800974432439834,0.24074074074074073,0.9814814814814815,0.4860890647558032,0.6481481481481481,0.607633377300062,40.25,0.011559973201156063,0.03268814599118164,0.3081742761417603,1.1556063021627179,0.7347872509627651,0.3148665747336463,0.018518518518518517,False,0.607633377300062,0.39236662269993805,False
FSMI_nm,6082,6047,2.946053864791246,2.4263639219632616,0.5196899428279846,0.08747011564105112,0.07736081412211558,0.10277292144158212,0.09615009017636882,0.3222726303028747,0.6851851851851852,0.6111111111111112,0.6470890818391166,0.5740740740740741,0.5923278260153347,31.5,0.052901963054785624,0.14967466319188294,-0.8134478414385643,-1.6760349618844157,1.0,1.0,0.12962962962962962,False,0.5923278260153347,0.40767217398466526,False
FSMI_nm,6082,6048,1.599313301289055,2.0922218323187303,0.49290853102967525,0.21061436767108432,0.3141859969434966,0.3650199543110859,0.35818398538354107,1.1520467626497297,0.9444444444444444,0.3148148148148148,0.5452752542346465,0.3888888888888889,0.42798548022532834,27.25,0.12527013906270276,0.3507548492623729,0.6145663066199769,-0.21412518358829896,0.540875418538492,1.0,0.5740740740740741,False,0.42798548022532834,0.5720145197746717,False
FSMI_nm,6082,6056,2.284561920801109,1.7281183236212403,0.5564435971798689,0.0,0.12958289263047704,0.32972480047980335,0.3040942493694913,0.9361231673274366,0.24074074074074073,0.6851851851851852,0.4061428185085427,0.3148148148148148,0.3376468157382468,34.5,0.11790313761124231,0.33553018939603174,-0.7671558364789807,-0.4208740955485574,1.0,1.0,0.5370370370370371,False,0.33764681573824684,0.6623531842617532,False
FSMI_nm,6082,6057,3.4970517461895976,1.2488217735442193,2.2482299726453783,0.0,0.07673364322421013,0.029682247073359747,0.057190661234138296,0.2055241629001554,0.24074074074074073,0.8333333333333334,0.4479032082388083,0.09259259259259259,0.1814202465041465,39.0,0.08436494746893176,0.23730953981442293,-0.30464128821129527,-0.11048102825319427,1.0,1.0,0.35185185185185186,False,0.18142024650414657,0.8185797534958534,False
FSMI_nm,6082,6062,2.9196668297119017,3.296657453784538,0.3769906240726364,0.02710559268902113,0.41834754620681425,0.0601545788202963,0.28624317072512,1.1396145706744698,0.42592592592592593,0.7592592592592593,0.5686723160290403,0.9444444444444444,0.8505014123405934,37.5,0.30832662593031723,0.8542767564698206,-1.195491899889652,-0.02586331427551639,1.0,1.0,0.8703703703703703,False,0.8505014123405934,0.1494985876594066,False
FSMI_nm,6082,6063,4.4421744453751355,2.5872466524262885,1.854927792948847,0.0,0.44922565056512853,0.3970500227755954,0.4376893728600148,1.3145850370120642,0.24074074074074073,0.2777777777777778,0.258597037847573,0.6111111111111112,0.5229825927952266,27.0,0.05964631806594486,0.18059014935493223,-0.14724282592941143,2.338707556913973,1.0,0.09645221670847218,0.2037037037037037,False,0.5229825927952266,0.47701740720477337,False
FSMI_nm,6082,6070,2.307992993047587,2.092631608058146,0.2153613849894409,0.13583941947296485,0.1923668223253453,0.08846406405967519,0.16759994252590943,0.5884477328761599,0.8703703703703703,0.35185185185185186,0.5533908443512568,0.42592592592592593,0.4577921555322586,27.5,0.02024390948316047,0.06027543507362365,-0.35626424064332884,-0.15413097272886667,1.0,1.0,0.05555555555555555,False,0.4577921555322586,0.5422078444677414,False
FSMI_nm,6082,6072,1.4268834691757484,1.4508607107076754,0.02397724153192704,0.027118640427311824,0.06079936026266844,0.0917596191046614,0.09695830168828246,0.33146503290897367,0.46296296296296297,0.7592592592592593,0.5928818738363749,0.16666666666666666,0.27322046845909376,37.5,0.13683360769126285,0.3785820120158546,1.3041043136684012,-0.05942944359570959,0.27141552938585456,1.0,0.6111111111111112,False,0.27322046845909376,0.7267795315409062,False
FSMI_nm,6082,6078,1.3924063210314295,1.694963948253168,0.3025576272217385,0.03338640066164089,0.02864760974382065,0.1125115983479445,0.09570559717370446,0.3158011661200968,0.5,0.9074074074074074,0.6735753140545634,0.2777777777777778,0.3767271618469742,39.25,0.20441349266074813,0.5605254876888173,-0.7331508977954213,0.9937226888917985,1.0,0.3701959981414687,0.7962962962962963,False,0.3767271618469742,0.6232728381530258,False
FSMI_nm,6082,6080,3.486930250089525,2.372154325662578,1.1147759244269473,0.02517028482897965,0.09105744314941285,0.1461701823006744,0.12946161158493782,0.37881991430857553,0.35185185185185186,0.9444444444444444,0.5764586080101253,0.5370370370370371,0.546892429780309,39.5,0.19104715018992466,0.5385589375535916,1.2175899769321132,0.5402973002213881,0.29594253650539976,0.5825750269408011,0.7592592592592593,False,0.546892429780309,0.45310757021969095,False
FSMI_nm,6082,6081,0.8928726233487373,3.881044206006645,2.9881715826579076,0.007980667693238797,0.18771473728604082,0.14502312294068304,0.2507187257465573,0.9374176909973873,0.2777777777777778,0.7962962962962963,0.470312040711122,0.9814814814814815,0.8536891212888916,37.75,0.08447676790857954,0.24042152213045942,-0.8916103591714583,-0.8149865576093009,1.0,1.0,0.3888888888888889,False,0.8536891212888916,0.14631087871110837,False
FSMI_nm,6082,6084,1.3458682689199004,2.6749988331217756,1.3291305642018751,0.049616293305180026,0.29334296333498944,0.19095517812358853,0.27500632820108656,0.9515192324362047,0.6111111111111112,0.5370370370370371,0.5728780851206674,0.7222222222222222,0.6848861879468335,31.0,0.058047834174766846,0.1837175908255999,-0.4002768371735022,-1.322575991261751,1.0,1.0,0.16666666666666666,False,0.6848861879468335,0.31511381205316646,False
FSMI_nm,6082,6085,1.86691079236755,3.148491255679049,1.2815804633114989,0.03571284668828412,0.31226726362284357,0.517584401197108,0.46742106250590054,1.6772275555009002,0.5740740740740741,0.5740740740740741,0.5740740740740741,0.9074074074074074,0.8240740740740741,31.25,0.027675356260033885,0.08322443547735192,-1.7861320954689541,-0.683121577524391,1.0,1.0,0.09259259259259259,False,0.8240740740740741,0.17592592592592593,False
FSMI_nm,6082,6090,2.022297889711494,2.987332850492698,0.9650349607812041,0.10117608993183591,0.3551497641631184,0.10572593886424479,0.2731109351597737,1.0154516653496302,0.7592592592592593,0.16666666666666666,0.35572912430182496,0.8703703703703703,0.741710058853234,25.25,0.07305634564998731,0.21182049092987598,-0.7484560327849068,1.6930046582350462,1.0,0.18396593797057728,0.24074074074074073,False,0.741710058853234,0.25828994114676596,False
FSMI_nm,6082,6094,3.459780024999232,1.384355337710875,2.075424687288357,0.0,0.10832682531235499,0.1165060224491737,0.12567032373229886,0.44514419770450897,0.24074074074074073,0.46296296296296297,0.33384734032073976,0.12962962962962962,0.18068405730240716,30.0,0.09884450798503958,0.2687297636288996,-0.028888865010058204,-0.8581013850019401,1.0,1.0,0.5,False,0.1806840573024071,0.8193159426975929,False
FSMI_nm,6082,6095,7.857275141594466,2.909470122311345,4.9478050192831216,0.013127079491588756,0.31858965803283,0.10372793884953899,0.23407562274363622,0.9723635960771384,0.3148148148148148,0.3888888888888889,0.34989710421650344,0.8333333333333334,0.7124742760541258,28.75,0.18250524807562152,0.5049617081350519,0.06328152485369637,-0.40939288137179436,0.9386791749701484,1.0,0.7222222222222222,False,0.7124742760541258,0.28752572394587417,False
FSMI_nm,6082,6099,8.69575314178455,2.773552968945991,5.92220017283856,0.13223252213649817,0.12382394696079964,0.2486567843673969,0.21056714511881564,0.7236637184009305,0.8333333333333334,0.5370370370370371,0.668977476599572,0.7592592592592593,0.7366888135943375,31.0,0.09755093884753734,0.27745244172027483,0.8574650404428208,-1.1832070532206023,0.42423614185614134,1.0,0.46296296296296297,False,0.7366888135943375,0.26331118640566253,False
FSMI_nm,6082,6101,0.3286650711030523,2.263766171012023,1.9351010999089708,0.055694047619265774,0.0664603339770062,0.07399706565100916,0.07327554265403462,0.2250580368610935,0.6481481481481481,0.9074074074074074,0.7668992311425428,0.5,0.5667248077856357,39.25,0.16736867941030217,0.4505691031002569,-0.6075502478350545,0.7765265178104714,1.0,0.4600010449779084,0.6851851851851852,False,0.5667248077856357,0.4332751922143643,False
FSMI_nm,6082,N6342,0.7560989711345802,1.7500351211327232,0.993936149998143,0.11239894634610215,0.18411946139239463,0.07937164212326876,0.13621286260192575,0.4426906062079474,0.7962962962962963,0.05555555555555555,0.21032993873334346,0.35185185185185186,0.31647137357222477,21.0,0.1519681542153367,0.44376780389935433,1.6269455364079644,0.18368829997138025,0.19652894879573388,0.8321951586588887,0.6481481481481481,False,0.31647137357222477,0.6835286264277752,False
FSMI_nm,6082,N6358,0.8146778778150339,1.6901195191219132,0.8754416413068793,0.0,0.08554152421129878,0.06102036071464127,0.11848152593456615,0.4090297163790473,0.24074074074074073,0.2777777777777778,0.258597037847573,0.24074074074074073,0.24520481501744879,27.0,0.276890131226604,0.7374330359199052,0.3529407141724034,0.7389324669810247,0.7026188474823383,0.47762352234232314,0.8333333333333334,False,0.24520481501744884,0.7547951849825512,False
FSMI_nm,6082,N6382,1.0237676864754848,0.22923654843255434,0.7945311380429304,0.025514667186912948,0.017719275192192272,0.09091763628699215,0.08186356837463028,0.30235031578516547,0.3888888888888889,0.018518518518518517,0.08486251286955258,0.018518518518518517,0.03510451710627703,19.5,0.6428639469861751,1.7169939149194529,8.638358337192523,1.1264234143507024,0.00017717752938171933,0.3241906811118751,0.9814814814814815,True,0.9814814814814815,0.01851851851851849,False
FSMI_nm,6082,N6389,1.7659275986645624,2.117848038616925,0.3519204399523628,0.03563163674124015,0.07026123255796586,0.04998903818173739,0.07682399855073466,0.28370466276299977,0.5370370370370371,0.09259259259259259,0.2229924921998573,0.46296296296296297,0.40297034527218656,21.5,0.313035824193703,0.8586999434954312,0.23019334205401268,3.2765647958688913,0.7943800005939767,0.037757739823371,0.9074074074074074,True,0.9074074074074074,0.09259259259259256,False
FSMI_nm,6082,N6390,1.7769079672453123,2.775183726509306,0.9982757592639935,0.14462544694941126,1.1621654998989905,0.441748053700633,0.8781074468154603,2.8767953904041015,0.9074074074074074,0.12962962962962962,0.3429677625454099,0.7962962962962963,0.6829641628585746,22.0,0.07974508468803257,0.21791303243504234,9.263100480527127,-0.054229418349135854,9.486075480285727e-05,1.0,0.3148148148148148,False,0.6829641628585746,0.31703583714142536,False
FSMI_nm,6084,6022,1.2832086750870029,1.1001016192984496,0.18310705578855324,0.8202776331246948,0.3070226731414941,0.6075023012837661,0.4903305143548282,1.478494760372749,0.9814814814814815,0.2777777777777778,0.5221434140693216,0.05555555555555555,0.17220252018399707,27.0,0.30026814641050104,0.8089570212189363,4.2677572866645,59.03637897886616,0.014013175473700127,2.2952308782081162e-26,0.8703703703703703,False,0.17220252018399707,0.8277974798160029,False
FSMI_nm,6084,6028,4.415429811910861,2.5451437613928656,1.8702860505179952,0.07359834506234542,0.16203382974481956,0.4640081387819455,0.38477127875385947,1.3915020772468973,0.7222222222222222,0.46296296296296297,0.578240555407259,0.6481481481481481,0.6306712499629259,30.0,0.07072220971223768,0.21501690217476388,-0.7543345876033277,0.2628229737623042,1.0,0.7688779968432391,0.2037037037037037,False,0.6306712499629259,0.3693287500370741,False
FSMI_nm,6084,6029,2.0210013039871706,1.6832104420080856,0.33779086197908503,0.0,0.2604705427485524,0.03973843969285219,0.17910779870165228,0.6888345918909768,0.2777777777777778,0.6481481481481481,0.424312564347763,0.24074074074074073,0.28663369664249627,33.5,0.14582317575122888,0.39778300028375474,-0.8715301082510087,82.87735396668212,1.0,1.0158334221154869e-36,0.6481481481481481,False,0.28663369664249627,0.7133663033575037,False
FSMI_nm,6084,6033,1.8207478300807216,2.0716586387647444,0.2509108086840228,0.03822444573172801,0.19092594090906229,0.2022026235862844,0.21468646112618195,0.8227549857673895,0.5740740740740741,0.9814814814814815,0.7506284518337497,0.42592592592592593,0.5071015574028819,40.25,0.07157674299552065,0.19952684682626076,-0.19302714969196014,1.446995636068317,1.0,0.23527608230724348,0.24074074074074073,False,0.5071015574028819,0.4928984425971181,False
FSMI_nm,6084,6047,2.946053864791246,2.5517173650082525,0.3943364997829937,0.06083177945424456,0.08512337648728717,0.08894588294068642,0.09779108677380377,0.37432914338685563,0.6851851851851852,0.5740740740740741,0.6271738600694852,0.6851851851851852,0.6706823539062603,31.5,0.06369696240020373,0.18010286968635147,-0.809379253522602,-1.3101022238581062,1.0,1.0,0.12962962962962962,False,0.6706823539062603,0.3293176460937397,False
FSMI_nm,6084,6048,1.599313301289055,1.9162557898791555,0.31694248859010044,0.22807951398210857,0.19365006919203245,0.2890895977663529,0.26436204761844234,0.8525989030643664,0.9444444444444444,0.3148148148148148,0.5452752542346465,0.3888888888888889,0.42798548022532834,27.25,0.13898760956456688,0.38445656734817657,0.4136900845110138,-0.40670037573121964,0.6612058374460048,1.0,0.5740740740740741,False,0.42798548022532834,0.5720145197746717,False
FSMI_nm,6084,6056,2.284561920801109,1.8819341437589876,0.4026277770421216,0.0,0.12275540774005764,0.354010910324973,0.31887168690370354,0.994837781947713,0.2777777777777778,0.6851851851851852,0.43626736997739807,0.35185185185185186,0.3729557313832384,34.5,0.07538208942618288,0.21970673919749173,-0.9127094069329875,-0.5418128002866381,1.0,1.0,0.2777777777777778,False,0.37295573138323834,0.6270442686167617,False
FSMI_nm,6084,6057,3.4970517461895976,1.3084259554387792,2.1886257907508186,0.0,0.08251302425844041,0.04044548777328629,0.06470253484492952,0.22214576757180127,0.2777777777777778,0.8333333333333334,0.4811252243246882,0.09259259259259259,0.1897257505256165,39.0,0.06643990181244895,0.19103285373326329,-0.40766502916941744,-0.10259340757125815,1.0,1.0,0.16666666666666666,False,0.18972575052561647,0.8102742494743835,False
FSMI_nm,6084,6062,2.9196668297119017,3.356893862326941,0.43722703261503915,0.023382156516212227,0.4669190566222171,0.09555108428330321,0.3264741882462026,1.2063269818823055,0.46296296296296297,0.7592592592592593,0.5928818738363749,0.9444444444444444,0.856553801792427,37.5,0.3068595019665331,0.8680362426293622,-0.908159313841367,0.23029595127313068,1.0,0.794298494064165,0.9074074074074074,True,0.9074074074074074,0.09259259259259256,False
FSMI_nm,6084,6063,4.4421744453751355,2.5775878818732654,1.8645865635018701,0.005298798660173354,0.38556668352440693,0.327477724827048,0.3676980411839156,1.115237669282882,0.3148148148148148,0.2777777777777778,0.295717026345765,0.7222222222222222,0.6155959232531079,27.0,0.05348854114600812,0.1574159402578622,-0.33240475798958713,2.7280056791729774,1.0,0.0653494876409475,0.09259259259259259,False,0.6155959232531079,0.38440407674689214,False
FSMI_nm,6084,6070,2.307992993047587,2.1802772788121403,0.1277157142354466,0.08060299001319082,0.14945436038051696,0.04270642366534448,0.1154269948164787,0.38159410409321803,0.7592592592592593,0.35185185185185186,0.5168624347019579,0.5,0.5042156086754894,27.5,0.021133515682198605,0.06309752134831426,-0.36154710541578033,-0.3524217042135239,1.0,1.0,0.05555555555555555,False,0.5042156086754894,0.4957843913245106,False
FSMI_nm,6084,6072,1.4268834691757484,1.3789518017873263,0.04793166738842203,0.011318555767156013,0.04406965101476304,0.09818005828952288,0.09173556701461993,0.2740489495460958,0.35185185185185186,0.7592592592592593,0.5168624347019579,0.12962962962962962,0.2264378308977117,37.5,0.14415344108602648,0.4018560186482309,1.3542421844588646,-0.2622073657560186,0.2581428450066214,1.0,0.6111111111111112,False,0.22643783089771174,0.7735621691022883,False
FSMI_nm,6084,6078,1.3924063210314295,1.7027539818698645,0.310347660838435,0.0,0.07119832209415773,0.03650657547180678,0.056074958012113166,0.21818645089471733,0.2777777777777778,0.9074074074074074,0.5020533967305911,0.2777777777777778,0.33384668251598115,39.25,0.20179458679018292,0.5563600698821436,-0.7209421850782988,0.831990757048685,1.0,0.435182081614561,0.7592592592592593,False,0.33384668251598115,0.6661533174840188,False
FSMI_nm,6084,6080,3.486930250089525,2.080008362504878,1.4069218875846472,0.04917918129039167,0.06379540633865263,0.15290982565399705,0.13687092708746662,0.3837505606069189,0.6481481481481481,0.9444444444444444,0.78239371015843,0.46296296296296297,0.5428206497618298,39.5,0.13241876010907633,0.38503977978449444,1.418589125484676,0.5922475637472223,0.24205528573061327,0.5530827978808911,0.5370370370370371,False,0.5428206497618298,0.45717935023817025,False
FSMI_nm,6084,6081,0.8928726233487373,3.7785064311267433,2.885633807778006,0.0,0.14208534846169968,0.111939062969526,0.19565660979502272,0.7076441034285565,0.2777777777777778,0.7962962962962963,0.470312040711122,0.9814814814814815,0.8536891212888916,37.75,0.0970461563879345,0.27154342979434687,-0.8537342870356672,-1.3450038353031062,1.0,1.0,0.46296296296296297,False,0.8536891212888916,0.14631087871110837,False
FSMI_nm,6084,6082,1.5697987651446832,2.5438288159733333,0.9740300508286501,0.15830691365893212,0.1039371656690725,0.39000163179258346,0.3177831511063052,1.3044766249739292,0.9074074074074074,0.6111111111111112,0.7446655282549297,0.6111111111111112,0.6444997153970657,32.0,0.1012441783817778,0.2763500243266229,1.5379111304796,-0.1236175954895563,0.2148293836139951,1.0,0.5,False,0.6444997153970657,0.35550028460293426,False
FSMI_nm,6084,6085,1.86691079236755,2.9680836980452736,1.1011729056777235,0.012412130910008035,0.21241382900524394,0.4213385343702362,0.36938609884549617,1.3757476955483776,0.3888888888888889,0.5370370370370371,0.4569986177501136,0.9074074074074074,0.794805209993084,31.25,0.01953387124157123,0.05416611874784438,-1.3640321779993596,-0.8636023617570617,1.0,1.0,0.018518518518518517,False,0.794805209993084,0.20519479000691598,False
FSMI_nm,6084,6090,2.022297889711494,2.935366686902876,0.9130687971913822,0.10818989073459129,0.30032629814910927,0.11130536967737159,0.23443347906565415,0.8919577245730008,0.8333333333333334,0.16666666666666666,0.37267799624996495,0.8703703703703703,0.7459472768402691,25.25,0.08127607465503126,0.2343795387517531,-0.45517344045564395,1.4921324433338405,1.0,0.22489257317864247,0.3148148148148148,False,0.7459472768402691,0.25405272315973093,False
FSMI_nm,6084,6094,3.459780024999232,1.3897002282119875,2.0700797967872444,0.01642578334080569,0.0744163419507992,0.09173670397520299,0.09058868550766389,0.3230723274121332,0.42592592592592593,0.46296296296296297,0.44405847438080737,0.16666666666666666,0.23601461859520184,30.0,0.09534673636288798,0.2557819522190899,0.02432968407901303,-1.1956216153316739,0.975963896954028,1.0,0.3888888888888889,False,0.2360146185952019,0.7639853814047981,False
FSMI_nm,6084,6095,7.857275141594466,2.6949741647532464,5.16230097684122,0.0,0.1629339236884089,0.06899856165983767,0.12285231295818388,0.49154023425553905,0.2777777777777778,0.3888888888888889,0.32867109906108977,0.7592592592592593,0.6516122192097169,28.75,0.15187389359634657,0.4207638344979123,-0.14037425856921473,-0.5979882339511963,1.0,1.0,0.6851851851851852,False,0.6516122192097169,0.3483877807902831,False
FSMI_nm,6084,6099,8.69575314178455,2.741875986722238,5.953877155062312,0.029995073405662875,0.10074263319649869,0.1744280441505788,0.15348692795718938,0.43735900692214,0.5,0.5,0.5,0.7962962962962963,0.7222222222222222,31.0,0.09663996283483778,0.27566863468381164,0.6740417189480429,-1.4995319984076967,0.5096445694124191,1.0,0.42592592592592593,False,0.7222222222222222,0.2777777777777778,False
FSMI_nm,6084,6101,0.3286650711030523,2.277799205544271,1.9491341344412185,0.04350843589114106,0.06787664258657561,0.09631209625714124,0.08927507316427917,0.3051119223116068,0.6111111111111112,0.9074074074074074,0.7446655282549297,0.5740740740740741,0.6167219376192881,39.25,0.17004201392415422,0.4514537833051231,-0.47331032977721116,0.7310070643234386,1.0,0.48142392102800724,0.7222222222222222,False,0.6167219376192881,0.38327806238071194,False
FSMI_nm,6084,N6342,0.7560989711345802,1.4375245530991978,0.6814255819646176,0.12914755244571952,0.30001315304125037,0.08851527530070269,0.21208276458939102,0.8443782560606105,0.8703703703703703,0.05555555555555555,0.21989522383403548,0.2037037037037037,0.20775158373628663,21.0,0.23178475050039773,0.6707820534284544,1.3400815462393696,0.15504816157056003,0.2618243169213436,0.8563739321768418,0.7962962962962963,False,0.20775158373628666,0.7922484162637133,False
FSMI_nm,6084,N6358,0.8146778778150339,1.7478761443568571,0.9331982665418233,0.0,0.06353851741974209,0.0486277727302619,0.09324328417531981,0.2936132516483634,0.2777777777777778,0.2777777777777778,0.2777777777777778,0.3148148148148148,0.3055555555555556,27.0,0.2573299796870596,0.6891509336095666,0.11158331584924383,1.0934829139799456,0.8944168691978354,0.3350475174840351,0.8333333333333334,False,0.3055555555555556,0.6944444444444444,False
FSMI_nm,6084,N6382,1.0237676864754848,0.28040706400263665,0.7433606224728482,0.030410797691745595,0.017294050858724427,0.13145941362579364,0.11220610278962505,0.3985872861455775,0.5370370370370371,0.018518518518518517,0.09972527420619452,0.018518518518518517,0.038820207440437515,19.5,0.5746982841410502,1.5417515851868981,6.430930244628435,1.0767408681695654,0.0016109515582142533,0.34070411777470716,0.9814814814814815,True,0.9814814814814815,0.01851851851851849,False
FSMI_nm,6084,N6389,1.7659275986645624,2.236332017390153,0.47040441872559047,0.0,0.14055583723566037,0.052915522067127706,0.12248191148771814,0.4032432461397202,0.2777777777777778,0.09259259259259259,0.16037507477489604,0.5370370370370371,0.4428715464715018,21.5,0.3510518413684008,0.9467448159474632,-0.26589040513542755,3.338047215394014,1.0,0.03550622607819843,0.9444444444444444,True,0.9444444444444444,0.05555555555555558,False
FSMI_nm,6084,N6390,1.7769079672453123,2.8609208420274537,1.0840128747821414,0.10199392603177948,1.1052159166944804,0.41593455762555087,0.8472015375415229,2.75033077147217,0.7962962962962963,0.12962962962962962,0.3212842883869902,0.8333333333333334,0.7053210720967475,22.0,0.09426666087115826,0.2532342756053845,7.108858034405947,0.05493020243503804,0.0008178283909332044,0.9465512126176332,0.35185185185185186,False,0.7053210720967475,0.29467892790325245,False
FSMI_nm,6085,6022,1.2832086750870029,1.5002686259002693,0.21705995081326646,0.539994471748342,0.2171579122264687,0.4987773628262546,0.4016154248266831,1.2344453632586416,0.9814814814814815,0.2777777777777778,0.5221434140693216,0.2037037037037037,0.28331363129510817,27.0,0.16088453000053915,0.42863426758419276,4.555794133703707,54.11028149811776,0.010506153627699636,3.163758544864142e-24,0.7592592592592593,False,0.2833136312951081,0.7166863687048919,False
FSMI_nm,6085,6028,4.415429811910861,2.5045904407500035,1.9108393711608573,0.0909142611637388,0.15356942208634639,0.4878683282997294,0.4023069850584396,1.5142229630343367,0.7592592592592593,0.46296296296296297,0.5928818738363749,0.7222222222222222,0.6898871351257604,30.0,0.06474149348158391,0.19214729114558948,-0.31385866366665216,0.15997330390396447,1.0,0.8521665381822939,0.16666666666666666,False,0.6898871351257604,0.3101128648742396,False
FSMI_nm,6085,6029,2.0210013039871706,1.6354079731260498,0.3855933308611208,0.002666101458515646,0.1661470309301692,0.040111531046465004,0.11669563226454428,0.44930816847840926,0.12962962962962962,0.6481481481481481,0.2898606637499727,0.24074074074074073,0.2530207214930487,33.5,0.09082469483420524,0.2507005750004416,-0.966797268292326,70.27059039883808,1.0,3.032985609270753e-31,0.2777777777777778,False,0.25302072149304866,0.7469792785069513,False
FSMI_nm,6085,6033,1.8207478300807216,1.6612534385000026,0.15949439158071899,0.09485753049127332,0.0981163030444278,0.20383965672664245,0.1757110032165937,0.5849284211012915,0.7962962962962963,0.9814814814814815,0.8840532046133341,0.2777777777777778,0.4293466344866669,40.25,0.13067878914480902,0.3499247203843047,-0.22402679675250825,1.1549212481837687,1.0,0.315082349233657,0.5370370370370371,False,0.4293466344866669,0.5706533655133331,False
FSMI_nm,6085,6047,2.946053864791246,2.2237824691226806,0.7222713956685656,0.06913773578212545,0.059056360182492613,0.09882675528310021,0.08543202496301469,0.32527981414099916,0.6111111111111112,0.5740740740740741,0.5923031700636843,0.5370370370370371,0.5508535702936989,31.5,0.023722045273102937,0.07253767574016867,-0.6797033252251411,-1.7208783237671217,1.0,1.0,0.05555555555555555,False,0.5508535702936989,0.44914642970630114,False
FSMI_nm,6085,6048,1.599313301289055,2.131388954307612,0.5320756530185569,0.28401814458132524,0.2430373975871411,0.34581769485840647,0.31760104864020194,1.0480208132281654,0.9444444444444444,0.3148148148148148,0.5452752542346465,0.46296296296296297,0.4835410357808838,27.25,0.12858190061261487,0.3569131941727649,0.41726961018746467,0.003985298787841625,0.6588432651402001,0.9960226319763862,0.5,False,0.4835410357808838,0.5164589642191162,False
FSMI_nm,6085,6056,2.284561920801109,1.7295663437151523,0.5549955770859569,0.0,0.10371004205736283,0.26063259596616156,0.23937449062812374,0.7461658486244731,0.09259259259259259,0.6851851851851852,0.2518790834951008,0.35185185185185186,0.3268586597626641,34.5,0.11378664901884529,0.32739584497963536,-0.9564248149424353,-0.5216357222343602,1.0,1.0,0.46296296296296297,False,0.32685865976266415,0.6731413402373359,False
FSMI_nm,6085,6057,3.4970517461895976,1.2824064973479883,2.2146452488416095,0.0,0.07660933897246673,0.03607006436466642,0.059292294049331444,0.2044209245432731,0.09259259259259259,0.8333333333333334,0.2777777777777778,0.05555555555555555,0.1111111111111111,39.0,0.06570495560262167,0.18869069368007607,-0.5996498067645879,-0.14263725569597616,1.0,1.0,0.2037037037037037,False,0.11111111111111116,0.8888888888888888,False
FSMI_nm,6085,6062,2.9196668297119017,3.242108930561881,0.32244210084997915,0.009354722514405722,0.45720045991996144,0.09791205959808422,0.3188276115728484,1.1745656693858404,0.2037037037037037,0.7592592592592593,0.3932733441036167,0.9444444444444444,0.8066516693592374,37.5,0.30047069514040875,0.8350262587629631,-0.2994816750476312,-0.024672757609129223,1.0,1.0,0.9444444444444444,True,0.9444444444444444,0.05555555555555558,False
FSMI_nm,6085,6063,4.4421744453751355,2.309012865702547,2.1331615796725885,0.014072310072115624,0.2873282187496229,0.33930391587801695,0.3324468085675877,1.1340698681399504,0.2777777777777778,0.2777777777777778,0.2777777777777778,0.6111111111111112,0.5277777777777778,27.0,0.0965819756062293,0.2769677045288359,-0.25380872512213304,2.080743465713569,1.0,0.12483736538771081,0.3888888888888889,False,0.5277777777777778,0.4722222222222222,False
FSMI_nm,6085,6070,2.307992993047587,2.181743094461005,0.1262498985865821,0.045058653367868295,0.09756490394800703,0.03419316995377672,0.08144773740415077,0.2660146422752552,0.5740740740740741,0.35185185185185186,0.4494318925745036,0.5,0.4873579731436259,27.5,0.022013479478866286,0.06801256389545662,-0.50509293127601,-0.2552083265144122,1.0,1.0,0.018518518518518517,False,0.48735797314362594,0.5126420268563741,False
FSMI_nm,6085,6072,1.4268834691757484,1.3720374442693113,0.054846024906437085,0.00445406354364275,0.049558467408496475,0.09580083345803884,0.0917459312574272,0.27360242709182514,0.16666666666666666,0.7592592592592593,0.35572912430182496,0.09259259259259259,0.15837672551990067,37.5,0.151958337958985,0.41982562320813216,1.264283983070544,-0.13330423162747512,0.2824414566212441,1.0,0.7222222222222222,False,0.15837672551990067,0.8416232744800993,False
FSMI_nm,6085,6078,1.3924063210314295,1.9193163253197474,0.5269100042883179,0.022076364844072938,0.030447355956544957,0.05249236184015832,0.04664932419439338,0.13999711859763275,0.46296296296296297,0.9074074074074074,0.6481481481481481,0.3888888888888889,0.4537037037037037,39.25,0.16938004123035963,0.46893085139447144,-1.0681393125123513,1.2621524973402267,1.0,0.2830441186102277,0.7962962962962963,False,0.4537037037037037,0.5462962962962963,False
FSMI_nm,6085,6080,3.486930250089525,2.2772418929600127,1.2096883571295125,0.012772853548090435,0.07043847662493033,0.0953411123148829,0.0917870013854619,0.29334688484522253,0.24074074074074073,0.9444444444444444,0.4768293773919901,0.5740740740740741,0.5497628999035531,39.5,0.14671601975072554,0.4144721272940626,0.8907093628832565,0.5373967999441686,0.41036455209922557,0.5842672389122225,0.6481481481481481,False,0.5497628999035531,0.4502371000964469,False
FSMI_nm,6085,6081,0.8928726233487373,3.947045575757187,3.0541729524084498,0.07058848800710527,0.14324768357711634,0.14715038722434948,0.18236572822870392,0.647964847431505,0.6481481481481481,0.7962962962962963,0.7184135089359563,0.9814814814814815,0.9157144883451003,37.75,0.09651263382785713,0.2698581982948203,-1.0131350233780532,-1.0681092239072714,1.0,1.0,0.35185185185185186,False,0.9157144883451003,0.08428551165489973,False
FSMI_nm,6085,6082,1.5697987651446832,2.732182484121668,1.1623837189769848,0.1231628072268589,0.13644761650369244,0.3781144339212164,0.3157393177695614,1.319076992052754,0.8333333333333334,0.6111111111111112,0.7136240321480628,0.7962962962962963,0.7756282302592379,32.0,0.13779377942451151,0.3663181670315855,1.4860855390506238,-0.04597163207019929,0.22625659694694614,1.0,0.5740740740740741,False,0.7756282302592379,0.22437176974076212,False
FSMI_nm,6085,6084,1.3458682689199004,2.390961852339377,1.0450935834194768,0.07421578474523649,0.21076029302370408,0.1379954085121912,0.2046057072375532,0.7033241893756634,0.6851851851851852,0.5370370370370371,0.6066051612651556,0.6851851851851852,0.6655401792051778,31.0,0.02995591655944177,0.08683012499624965,-0.003937117024099483,-1.3850537542786685,1.0,1.0,0.09259259259259259,False,0.6655401792051778,0.33445982079482217,False
FSMI_nm,6085,6090,2.022297889711494,2.9079105429542604,0.8856126532427666,0.08264757343925,0.13858172282369227,0.07866177877757694,0.11395708759001927,0.42378059219429387,0.7222222222222222,0.16666666666666666,0.3469443332443555,0.8703703703703703,0.7395138610888666,25.25,0.04673276289209676,0.13531507253860708,-0.8902506723677559,1.9788865527928685,1.0,0.13822305573602378,0.12962962962962962,False,0.7395138610888666,0.26048613891113337,False
FSMI_nm,6085,6094,3.459780024999232,1.4802608066927831,1.9795192183064487,0.021923487970056943,0.07153158430485647,0.10219798116657566,0.09831110984676357,0.3719627099355882,0.42592592592592593,0.46296296296296297,0.44405847438080737,0.16666666666666666,0.23601461859520184,30.0,0.08705716997471913,0.23222494862633075,0.3930245113551677,-0.7868211007805656,0.6750122019195319,1.0,0.24074074074074073,False,0.2360146185952019,0.7639853814047981,False
FSMI_nm,6085,6095,7.857275141594466,2.65848196165786,5.198793179936606,0.034231182582852515,0.246884549447981,0.09255660654455808,0.18230038717594182,0.7479011923669976,0.5370370370370371,0.3888888888888889,0.4569986177501136,0.7592592592592593,0.6836940988819729,28.75,0.1501948302162486,0.41501489693437266,-0.20612556506817892,-0.3480466565080022,1.0,1.0,0.6851851851851852,False,0.6836940988819729,0.31630590111802714,False
FSMI_nm,6085,6099,8.69575314178455,2.7421924389139285,5.953560702870622,0.015296397762700753,0.04238088557895993,0.13319798376596034,0.11307844988879934,0.3259635847004043,0.3148148148148148,0.5370370370370371,0.41117783909582445,0.8333333333333334,0.7277944597739561,31.0,0.092904397835574,0.265286288196112,1.0011740044886182,-1.3892172587121931,0.3674478024786949,1.0,0.3148148148148148,False,0.7277944597739561,0.27220554022604393,False
FSMI_nm,6085,6101,0.3286650711030523,2.338940575691525,2.010275504588473,0.016546820211338797,0.04711039323101049,0.09977935420459845,0.08534375687107654,0.33366418377188767,0.3888888888888889,0.9074074074074074,0.5940375900868682,0.6481481481481481,0.6346205086328282,39.25,0.13952627627010497,0.37589965150730853,-0.5708848706650537,0.6580798551687962,1.0,0.5178447173243668,0.6111111111111112,False,0.6346205086328282,0.36537949136717185,False
FSMI_nm,6085,N6342,0.7560989711345802,1.4498678804209078,0.6937689092863275,0.12774026147008088,0.30214576734016924,0.07347653152605123,0.21152120927397272,0.8295764709386519,0.9074074074074074,0.05555555555555555,0.22452510468485445,0.12962962962962962,0.15335349839343582,21.0,0.21882349701146397,0.619363487517415,2.04802177405334,0.05858825851005928,0.12898982237466883,0.9430950005668145,0.8333333333333334,False,0.15335349839343582,0.8466465016065642,False
FSMI_nm,6085,N6358,0.8146778778150339,1.7247756099625124,0.9100977321474786,0.015839408548312006,0.0605564149681833,0.041312079557425774,0.082684400903445,0.2905802941175424,0.35185185185185186,0.2777777777777778,0.3126285743728543,0.3148148148148148,0.3142682547043247,27.0,0.25018293462153945,0.6767229443594189,0.68156578098456,1.0219003895943235,0.5058243618173477,0.3599103200295471,0.8703703703703703,False,0.31426825470432473,0.6857317452956753,False
FSMI_nm,6085,N6382,1.0237676864754848,0.22619892344339645,0.7975687630320883,0.026717207066674603,0.015985662792316162,0.10937677891194,0.095252680703802,0.34167539220733345,0.5,0.018518518518518517,0.09622504486493763,0.018518518518518517,0.037945150105123296,19.5,0.6506416839782432,1.7550471086175736,9.277936923913913,0.9780269064877496,9.346374752001069e-05,0.3760523537877903,0.9814814814814815,True,0.9814814814814815,0.01851851851851849,False
FSMI_nm,6085,N6389,1.7659275986645624,1.9516740137048691,0.18574641504030676,0.0,0.0334792550647566,0.056448716755350806,0.05101214655596653,0.17862318891365647,0.09259259259259259,0.09259259259259259,0.09259259259259259,0.42592592592592593,0.34259259259259256,21.5,0.27425726460277905,0.7477013989783429,0.149127117949087,3.301456632417208,0.8614596009608166,0.0368294812939087,0.9074074074074074,True,0.9074074074074074,0.09259259259259256,False
FSMI_nm,6085,N6390,1.7769079672453123,3.054436861360853,1.2775288941155405,0.12499707378176739,1.1984776235329153,0.4521013986880499,0.9146022055362653,2.9750480701441036,0.8703703703703703,0.12962962962962962,0.33589550272624175,0.9074074074074074,0.764529431237116,22.0,0.09970931123278304,0.2781466211753487,8.474743696289034,0.15769340371266852,0.00020867267202183954,0.8541116092771615,0.42592592592592593,False,0.764529431237116,0.23547056876288397,False
FSMI_nm,6090,6022,1.2832086750870029,1.2075088151900248,0.07569985989697803,0.8024726116727467,0.29779601985645254,0.6052662956538784,0.48807389961961345,1.4901350477171473,0.9814814814814815,0.24074074074074073,0.4860890647558032,0.05555555555555555,0.16318893285561747,27.0,0.2183325332122677,0.5841395156741231,3.0503552898124986,46.520452730273064,0.047342101236498554,6.257834649273385e-21,0.8333333333333334,False,0.16318893285561753,0.8368110671443825,False
FSMI_nm,6090,6028,4.415429811910861,2.442781557039169,1.9726482548716917,0.060012135631925645,0.15738308753450714,0.45936223669709514,0.38069483163338064,1.3903394871369,0.6851851851851852,0.42592592592592593,0.5402204498449934,0.7222222222222222,0.676721779127915,30.0,0.06770624548517165,0.20329221224067762,-0.8108763873916964,0.29450786452620326,1.0,0.7448980880480353,0.24074074074074073,False,0.676721779127915,0.323278220872085,False
FSMI_nm,6090,6029,2.0210013039871706,1.6301912479803249,0.3908100560068457,0.0,0.26487097300427276,0.03507948309594374,0.18125704828420508,0.7046580298009117,0.24074074074074073,0.6481481481481481,0.39501350014262115,0.24074074074074073,0.27930893059121087,33.5,0.07558735973349334,0.21162015706105497,-0.9051588638489708,59.81232053066962,1.0,1.0564263952599138e-26,0.2777777777777778,False,0.27930893059121087,0.7206910694087891,False
FSMI_nm,6090,6033,1.8207478300807216,1.9278983240117922,0.10715049393107057,0.04952344158622779,0.16817542325358592,0.19069074354875162,0.19046781493919063,0.6401318901708117,0.6481481481481481,0.9814814814814815,0.7975872395317789,0.42592592592592593,0.5188412543273891,40.25,0.08114448916182133,0.2162804641523488,-0.24719750774105445,1.1269527669251327,1.0,0.3240191153536164,0.35185185185185186,False,0.5188412543273891,0.48115874567261085,False
FSMI_nm,6090,6047,2.946053864791246,2.3754717854813494,0.5705820793098968,0.03908248389559432,0.06595736109501461,0.09507944241508404,0.09185261247009129,0.3335779169332356,0.5740740740740741,0.5740740740740741,0.5740740740740741,0.6481481481481481,0.6296296296296297,31.5,0.05732337562097138,0.1644825807356819,-1.0307759511861578,-1.4697278216997878,1.0,1.0,0.16666666666666666,False,0.6296296296296297,0.37037037037037035,False
FSMI_nm,6090,6048,1.599313301289055,1.87923877263828,0.27992547134922496,0.22418450026898018,0.1995490069656356,0.2937756783196136,0.2693652381208937,0.8675206550586263,0.9444444444444444,0.2777777777777778,0.5121969142940493,0.3888888888888889,0.41971589524017905,27.25,0.14908114232226527,0.4223130296285861,0.3271041606177387,-0.2901281070014573,0.7210086384100316,1.0,0.6851851851851852,False,0.41971589524017905,0.580284104759821,False
FSMI_nm,6090,6056,2.284561920801109,1.8306936010952493,0.45386831970585995,0.0,0.1209417653283463,0.3567485971501837,0.32120891692770875,0.999498889789681,0.24074074074074073,0.6851851851851852,0.4061428185085427,0.35185185185185186,0.3654245935160246,34.5,0.08170250100850343,0.23761885576288821,-0.9638045592588382,-0.39052105080071425,1.0,1.0,0.3888888888888889,False,0.3654245935160245,0.6345754064839755,False
FSMI_nm,6090,6057,3.4970517461895976,1.2838542109664601,2.2131975352231374,0.0,0.07833725682144278,0.03756712887950825,0.06109873383851562,0.21067942094491832,0.24074074074074073,0.8333333333333334,0.4479032082388083,0.09259259259259259,0.1814202465041465,39.0,0.06684004637553777,0.19368747190758373,-0.5246799613466056,0.028940199862096186,1.0,0.9714745570420966,0.2037037037037037,False,0.18142024650414657,0.8185797534958534,False
FSMI_nm,6090,6062,2.9196668297119017,3.20248028080707,0.2828134510951683,0.0013849908513847708,0.4252365974940692,0.08764112941630793,0.29729897898981056,1.0900977633705602,0.2777777777777778,0.7592592592592593,0.45924432472730536,0.9444444444444444,0.8231444145151596,37.5,0.35483534830368374,1.0073025230441042,-1.0045287325214198,0.3019147107211287,1.0,0.7394011251890739,0.9444444444444444,True,0.9444444444444444,0.05555555555555558,False
FSMI_nm,6090,6063,4.4421744453751355,2.4833066243192423,1.9588678210558932,0.0,0.4025983567472142,0.34625644207642203,0.38645658409049194,1.1651892400206245,0.24074074074074073,0.24074074074074073,0.24074074074074073,0.7592592592592593,0.6296296296296297,27.0,0.05525596280076265,0.1582978661008153,-0.380033844714133,2.0869345690320604,1.0,0.12406687192397492,0.12962962962962962,False,0.6296296296296297,0.37037037037037035,False
FSMI_nm,6090,6070,2.307992993047587,2.167658803525405,0.14033418952218168,0.07348024887949567,0.13921542316676,0.039920107541041194,0.10683835621885567,0.35785783871064325,0.7592592592592593,0.3148148148148148,0.4889029178682995,0.5370370370370371,0.5250035072448527,27.5,0.026086513602501436,0.08154860642690342,-0.43904016898699655,-0.2704823599509683,1.0,1.0,0.05555555555555555,False,0.5250035072448527,0.4749964927551473,False
FSMI_nm,6090,6072,1.4268834691757484,1.3327092078040228,0.09417426137172558,0.014749740192521399,0.04662966942942915,0.08994182797857612,0.08533476666723196,0.25391917107609974,0.3888888888888889,0.7592592592592593,0.5433852130044893,0.12962962962962962,0.23306852547334453,37.5,0.14748397606843158,0.41272628454017185,0.8904545916144638,-0.03855021612497675,0.41046911451601564,1.0,0.6481481481481481,False,0.23306852547334456,0.7669314745266554,False
FSMI_nm,6090,6078,1.3924063210314295,1.7648980328991428,0.37249171186771335,0.005863597506328144,0.028692421204239742,0.026485660141584266,0.028678187148356755,0.09414936356007164,0.3148148148148148,0.9074074074074074,0.5344766551726597,0.3148148148148148,0.369730274904276,39.25,0.20012929105862606,0.5326749317036893,-0.9971093525669669,1.2680497540748241,1.0,0.28137984691757284,0.7962962962962963,False,0.369730274904276,0.630269725095724,False
FSMI_nm,6090,6080,3.486930250089525,2.001508779595641,1.485421470493884,0.04171838867343669,0.06785317906341841,0.15141572710671156,0.1344817389092454,0.36572619641934256,0.6111111111111112,0.9444444444444444,0.759710796176519,0.5,0.5649276990441298,39.5,0.1387804213399969,0.40774137799955007,0.689917805106671,0.5752724772580532,0.5016172977519193,0.5625515654140025,0.5740740740740741,False,0.5649276990441298,0.43507230095587024,False
FSMI_nm,6090,6081,0.8928726233487373,3.8578769417557766,2.9650043184070394,0.0,0.13856007621429892,0.11607022281072124,0.19509070305555234,0.7060381103164217,0.24074074074074073,0.7962962962962963,0.43783668213099586,0.9814814814814815,0.8455702816438602,37.75,0.101070326074612,0.2831306868817023,-0.7533171849914702,-0.985795515737568,1.0,1.0,0.5,False,0.8455702816438602,0.15442971835613983,False
FSMI_nm,6090,6082,1.5697987651446832,2.4198026389421927,0.8500038737975095,0.1485178521498618,0.10145826980130246,0.3732505932923626,0.3046389174399897,1.2545150727273633,0.9074074074074074,0.6111111111111112,0.7446655282549297,0.6851851851851852,0.7000552709526213,32.0,0.11493710074468236,0.3084457968306298,0.918150613350236,-0.03316276623176912,0.3992567388126796,1.0,0.5370370370370371,False,0.7000552709526213,0.2999447290473787,False
FSMI_nm,6090,6084,1.3458682689199004,2.2950966423940007,0.9492283734741003,0.06461657494866824,0.19866908935031488,0.11240184752653877,0.18738225312482967,0.6471114089581769,0.7222222222222222,0.5,0.6009252125773316,0.6111111111111112,0.6085646364776662,31.0,0.0298364757041188,0.08685283913868447,0.06836384334743596,-1.082479502174793,0.9339206109512571,1.0,0.09259259259259259,False,0.6085646364776662,0.39143536352233377,False
FSMI_nm,6090,6085,1.86691079236755,2.728565922702768,0.861655130335218,0.0,0.1958248607109138,0.3790240910001904,0.33458314103753223,1.268969434643469,0.24074074074074073,0.5370370370370371,0.3595645896101407,0.8703703703703703,0.7426689251803129,31.25,0.021816094584275594,0.06516864257470556,-1.23675182654235,-0.7426952313064338,1.0,1.0,0.018518518518518517,False,0.7426689251803129,0.2573310748196871,False
FSMI_nm,6090,6094,3.459780024999232,1.3493389967502956,2.1104410282489363,0.021785551482253807,0.06284270910726115,0.08644560710667898,0.08216047542246917,0.3059015202488522,0.42592592592592593,0.42592592592592593,0.42592592592592593,0.16666666666666666,0.23148148148148148,30.0,0.10063645675211114,0.2736396115869833,0.14297277676453507,-0.8134367573767031,0.8667776650667773,1.0,0.46296296296296297,False,0.2314814814814815,0.7685185185185185,False
FSMI_nm,6090,6095,7.857275141594466,2.4986235757662025,5.358651565828264,0.033243280154420685,0.21367222592691343,0.07880440133804319,0.15737084251449385,0.6477487114503853,0.5,0.35185185185185186,0.41943524640393054,0.7962962962962963,0.7020810338232049,28.75,0.14111531636520255,0.3889006946856519,-0.14930153890042855,-0.40011502845332625,1.0,1.0,0.6111111111111112,False,0.7020810338232049,0.29791896617679514,False
FSMI_nm,6090,6099,8.69575314178455,2.6149162247554307,6.080836917029119,0.01446769384261204,0.08044634950289377,0.15260879951683703,0.133263415787224,0.38156076320205123,0.35185185185185186,0.5,0.41943524640393054,0.8333333333333334,0.7298588116009826,31.0,0.09058004866623945,0.2584299460056969,0.35335104691405905,-1.123126129900957,0.7023305991072293,1.0,0.42592592592592593,False,0.7298588116009826,0.27014118839901735,False
FSMI_nm,6090,6101,0.3286650711030523,2.259218364666021,1.9305532935629688,0.0343230270055388,0.06158741120896868,0.10208273391616968,0.09118258852336955,0.3254491328003062,0.5370370370370371,0.9074074074074074,0.6980769194433617,0.5740740740740741,0.605074785416396,39.25,0.15961267256973685,0.426046931331058,-0.5148764172762692,0.8749280489216871,1.0,0.4168920144293964,0.7222222222222222,False,0.605074785416396,0.39492521458360397,False
FSMI_nm,6090,N6342,0.7560989711345802,1.4746069598733358,0.7185079887387555,0.1250667444051825,0.30111120713467804,0.08841756354982924,0.2128210158033823,0.8448765229245784,0.8703703703703703,0.05555555555555555,0.21989522383403548,0.2037037037037037,0.20775158373628663,21.0,0.19517915368049765,0.5612066864479102,1.3315621208780735,0.13047495876146037,0.2640644383717775,0.8776784708295099,0.7592592592592593,False,0.20775158373628666,0.7922484162637133,False
FSMI_nm,6090,N6358,0.8146778778150339,1.698231075766697,0.8835531979516631,0.0,0.06418551316291658,0.048615259589157855,0.09275240844270774,0.29539926930115956,0.24074074074074073,0.24074074074074073,0.24074074074074073,0.2777777777777778,0.26851851851851855,27.0,0.2531196408427185,0.6778361275489643,0.1052516108568656,1.0388974034403615,0.9000980196581735,0.35384461480489926,0.8703703703703703,False,0.2685185185185186,0.7314814814814814,False
FSMI_nm,6090,N6382,1.0237676864754848,0.5682862923716352,0.4554813941038496,0.08315829242109607,0.04286051839416531,0.37770359887289484,0.30427793536316294,1.160687933514952,0.7962962962962963,0.018518518518518517,0.12143404674633333,0.018518518518518517,0.04424740057547222,19.5,0.3328697513397095,0.9105420035350957,3.4898121857410165,1.1970613455641044,0.030506601207903227,0.3020806194038627,0.9074074074074074,True,0.9074074074074074,0.09259259259259256,False
FSMI_nm,6090,N6389,1.7659275986645624,1.959468922368169,0.19354132370360655,0.027132706765687686,0.03836682483938868,0.05378550913245791,0.053208488814610926,0.2233981421783222,0.46296296296296297,0.09259259259259259,0.2070433312499805,0.46296296296296297,0.3989830550347173,21.5,0.35938644370359885,1.0286453404436442,0.11640991236490981,4.652505057503204,0.8901102812950268,0.009537679543871904,0.9814814814814815,True,0.9814814814814815,0.01851851851851849,False
FSMI_nm,6090,N6390,1.7769079672453123,2.7551448583799343,0.978236891134622,0.09044198613748522,1.085973827020505,0.404754958759732,0.8262453457399414,2.6827472939504107,0.8333333333333334,0.12962962962962962,0.32867109906108977,0.9074074074074074,0.7627233303208281,22.0,0.08082436465385053,0.2176850842316287,5.985550796294468,0.13330637796548905,0.0025148281788965068,0.8751969099796395,0.3148148148148148,False,0.7627233303208281,0.23727666967917194,False
FSMI_nm,6094,6022,1.2832086750870029,1.037856304801012,0.24535237028599077,0.9715683980937491,0.3626739119628186,0.6806891829585925,0.5512836549560685,1.6529374411436861,0.9814814814814815,0.2777777777777778,0.5221434140693216,0.05555555555555555,0.17220252018399707,27.0,0.2309403822017778,0.6332431858472928,4.008523490694587,63.55337476915403,0.018160189139462515,2.506801993686064e-28,0.7962962962962963,False,0.17220252018399707,0.8277974798160029,False
FSMI_nm,6094,6028,4.415429811910861,2.6270417392361844,1.7883880726746764,0.056155644821136,0.1776269957004665,0.4693894385234595,0.39246367601728793,1.383451259211836,0.6111111111111112,0.42592592592592593,0.51018434496133,0.7962962962962963,0.7247683084625547,30.0,0.08608560291340564,0.2537482010210137,-0.5880933579828718,0.32575685790698483,1.0,0.721980709993334,0.35185185185185186,False,0.7247683084625547,0.2752316915374453,False
FSMI_nm,6094,6029,2.0210013039871706,1.6736600607874637,0.34734124319970694,0.0,0.3024730750303134,0.0373187770362436,0.20800945830265544,0.8004163563137783,0.24074074074074073,0.6481481481481481,0.39501350014262115,0.2777777777777778,0.30708670836898866,33.5,0.05848654732183941,0.16156765474177037,-0.7028979950562556,75.67477040421618,1.0,1.364158376640503e-33,0.12962962962962962,False,0.30708670836898866,0.6929132916310113,False
FSMI_nm,6094,6033,1.8207478300807216,1.7671919034294632,0.05355592665125841,0.021674221498500845,0.18348209020025902,0.17111099254383022,0.18706059702223296,0.687374512307384,0.42592592592592593,0.9814814814814815,0.6465588981517071,0.35185185185185186,0.4255286134268157,40.25,0.09966613459151333,0.266789757029939,-0.33543131091889605,1.4867497179892568,1.0,0.2261063719741811,0.42592592592592593,False,0.4255286134268157,0.5744713865731843,False
FSMI_nm,6094,6047,2.946053864791246,2.3726209980693866,0.5734328667218596,0.10136647501835894,0.09637785009900932,0.09597308542135388,0.10416781207593231,0.3845050945006645,0.7962962962962963,0.5740740740740741,0.6761161579084698,0.6111111111111112,0.6273623728104508,31.5,0.060350477863088926,0.17019058869074732,-0.680090391331622,-1.7728629338118336,1.0,1.0,0.16666666666666666,False,0.6273623728104508,0.3726376271895492,False
FSMI_nm,6094,6048,1.599313301289055,1.9801268498248676,0.3808135485358126,0.22482201025699045,0.19711025352521241,0.303872919225984,0.2758815559555566,0.8793818286509532,0.9444444444444444,0.3148148148148148,0.5452752542346465,0.42592592592592593,0.455763258003106,27.25,0.12802154281618208,0.35645843461390614,0.5175512217515916,-0.37829048817195055,0.5959781809378552,1.0,0.5740740740740741,False,0.455763258003106,0.544236741996894,False
FSMI_nm,6094,6056,2.284561920801109,1.9093008150081223,0.3752611057929869,0.0,0.13345379667006674,0.406839166410747,0.3630914987651709,1.1478130419217936,0.24074074074074073,0.6851851851851852,0.4061428185085427,0.3888888888888889,0.39320237129380237,34.5,0.07410029390331084,0.21645170757209797,-0.7704197709968996,-0.48333795123405654,1.0,1.0,0.24074074074074073,False,0.3932023712938024,0.6067976287061976,False
FSMI_nm,6094,6057,3.4970517461895976,1.1047121122514842,2.3923396339381133,0.0,0.0671181171016498,0.032061611925173816,0.05221616039555769,0.17991591398380424,0.24074074074074073,0.8333333333333334,0.4479032082388083,0.12962962962962962,0.2091980242819243,39.0,0.10309672500906465,0.28645100273785884,-0.4294799359008914,-0.08262860001073473,1.0,1.0,0.46296296296296297,False,0.20919802428192424,0.7908019757180758,False
FSMI_nm,6094,6062,2.9196668297119017,3.2820134299366885,0.3623466002247868,0.01933882104676332,0.4431269957539364,0.09073300085312436,0.30834722953442234,1.1474989203440864,0.3888888888888889,0.7592592592592593,0.5433852130044893,0.9444444444444444,0.8441796365844556,37.5,0.2974448912056875,0.8362856885940773,-0.8139381768026853,-0.06554345946810675,1.0,1.0,0.9444444444444444,True,0.9444444444444444,0.05555555555555558,False
FSMI_nm,6094,6063,4.4421744453751355,2.4097529976053513,2.032421447769784,0.0,0.43470831942779053,0.39877276531630684,0.43186697644485467,1.2988714620686994,0.24074074074074073,0.2777777777777778,0.258597037847573,0.6481481481481481,0.5507603705730043,27.0,0.08028472856621371,0.23238415969397708,-0.11548248777903332,2.6812302507686154,1.0,0.06847885614565807,0.3148148148148148,False,0.5507603705730043,0.4492396294269957,False
FSMI_nm,6094,6070,2.307992993047587,2.174027234691676,0.13396575835591085,0.07497456507773537,0.1403362556912527,0.03967070278412627,0.1079807829910838,0.3170370276622785,0.7222222222222222,0.35185185185185186,0.5040984292154148,0.5,0.5010246073038537,27.5,0.03683636806157171,0.11709032673961228,-0.29403586138137067,-0.2675246916276288,1.0,1.0,0.05555555555555555,False,0.5010246073038537,0.4989753926961463,False
FSMI_nm,6094,6072,1.4268834691757484,1.249758444280029,0.17712502489571946,0.014144130133318278,0.022944754424742204,0.08629909752821484,0.07660307924490876,0.2321338439458438,0.3148148148148148,0.7592592592592593,0.4889029178682995,0.16666666666666666,0.24722572946707488,37.5,0.1385919405974558,0.38312509603250294,1.0525716708617463,-0.056759676315977614,0.3490389805621187,1.0,0.6481481481481481,False,0.24722572946707488,0.7527742705329251,False
FSMI_nm,6094,6078,1.3924063210314295,1.5227033264501968,0.13029700541876732,0.003559681064989162,0.025623145818314822,0.02001938151842182,0.023405012111767445,0.0825522063696138,0.2777777777777778,0.9074074074074074,0.5020533967305911,0.2037037037037037,0.27829112696042557,39.25,0.20249659962575692,0.5473478945042842,-0.740131669155873,1.1814015531163176,1.0,0.30684837278818894,0.7592592592592593,False,0.27829112696042557,0.7217088730395744,False
FSMI_nm,6094,6080,3.486930250089525,2.0943219311812706,1.3926083189082545,0.04985728462052785,0.05210796521374512,0.1469955764771608,0.12946415893401902,0.355106905667794,0.5740740740740741,0.9444444444444444,0.7363294574841127,0.46296296296296297,0.5313045865932504,39.5,0.18454348442039792,0.5294222481999135,0.8328156971435946,0.6804274395341093,0.4348232305025368,0.5064004905084238,0.7222222222222222,False,0.5313045865932504,0.4686954134067496,False
FSMI_nm,6094,6081,0.8928726233487373,3.37024237934388,2.477369755995143,0.1529753844450239,0.2752791857523302,0.19472061206485147,0.2556857688256233,0.9817508011014859,0.8703703703703703,0.7962962962962963,0.8325098812218157,0.9814814814814815,0.944238581416565,37.75,0.07779902081610596,0.21924903614380908,-0.5200458018056837,-1.3336546576429122,1.0,1.0,0.2777777777777778,False,0.944238581416565,0.055761418583434974,False
FSMI_nm,6094,6082,1.5697987651446832,2.5818805617168765,1.0120817965721933,0.16654085413602715,0.14258064815371224,0.4117202775479077,0.33991352719398005,1.3591122311298645,0.9074074074074074,0.6111111111111112,0.7446655282549297,0.7592592592592593,0.7556108265081769,32.0,0.11895575660219553,0.3177640418987885,1.044565177155887,0.010835836915264142,0.351844776267385,0.9892226592898006,0.5370370370370371,False,0.7556108265081769,0.2443891734918231,False
FSMI_nm,6094,6084,1.3458682689199004,2.2320091610713577,0.8861408921514573,0.06360208194016348,0.20633540934532152,0.10907504575233153,0.19001921551386203,0.6756175104385251,0.6851851851851852,0.5,0.5853140973807077,0.5740740740740741,0.5768840799007325,31.0,0.02473815778387207,0.07716964151468753,-0.21175265040097876,-1.5104742930138748,1.0,1.0,0.018518518518518517,False,0.5768840799007325,0.42311592009926746,False
FSMI_nm,6094,6085,1.86691079236755,2.8332748449167906,0.9663640525492405,0.0,0.21789735913601846,0.38239004499541396,0.3415340865902945,1.260898260589307,0.24074074074074073,0.5370370370370371,0.3595645896101407,0.9074074074074074,0.7704467029580908,31.25,0.041353103866071016,0.12516239796443585,-1.0716304277952524,-0.6201844434895596,1.0,1.0,0.09259259259259259,False,0.7704467029580908,0.2295532970419092,False
FSMI_nm,6094,6090,2.022297889711494,2.640335564269991,0.6180376745584972,0.10244803644151945,0.26035051968231643,0.09665712728039012,0.20348296374196245,0.7723776962958282,0.8333333333333334,0.16666666666666666,0.37267799624996495,0.8333333333333334,0.7181694990624913,25.25,0.06699379666455957,0.19145947519518958,-0.6667927186263481,1.67090890156918,1.0,0.1880760453174867,0.2037037037037037,False,0.7181694990624913,0.2818305009375087,False
FSMI_nm,6094,6095,7.857275141594466,2.496165629683663,5.361109511910803,0.037166372777164725,0.26760718481281126,0.08814238907620926,0.19343158661642124,0.8083027431090088,0.5370370370370371,0.3888888888888889,0.4569986177501136,0.6851851851851852,0.6281385433264174,28.75,0.13284412252099273,0.36917042502556763,0.04622747081537261,-0.4705658126782814,0.9548247427233414,1.0,0.6111111111111112,False,0.6281385433264174,0.3718614566735826,False
FSMI_nm,6094,6099,8.69575314178455,2.4968109269110244,6.198942214873526,0.027742369205688178,0.07602861565452995,0.15319640277411717,0.13124693305085977,0.3751968368906642,0.46296296296296297,0.5,0.4811252243246881,0.7222222222222222,0.6619479727478387,31.0,0.11389146206891954,0.31625247092403463,0.7088287989146073,-1.1869871833862726,0.49222034900745726,1.0,0.5,False,0.6619479727478387,0.3380520272521613,False
FSMI_nm,6094,6101,0.3286650711030523,2.1817185573817284,1.853053486278676,0.014748802892791346,0.057451506025129766,0.10071462362594372,0.08913642343934253,0.3208614115109043,0.35185185185185186,0.9074074074074074,0.5650424556441614,0.5370370370370371,0.5440383916888182,39.25,0.1554451670669023,0.41458292784033235,-0.23680099342145405,0.9432105253711823,1.0,0.3893757258226357,0.6851851851851852,False,0.5440383916888182,0.4559616083111818,False
FSMI_nm,6094,N6342,0.7560989711345802,1.1010822582155348,0.3449832870809546,0.0786451438109812,0.26382843733094774,0.06817654020691374,0.1863800845729303,0.739257657600649,0.7592592592592593,0.05555555555555555,0.20538030567424848,0.09259259259259259,0.12078952086300657,21.0,0.27728564595641025,0.7856155274623834,1.9896495998451222,0.11828125061217845,0.13674333193650182,0.8884461414512601,0.9074074074074074,True,0.9074074074074074,0.09259259259259256,False
FSMI_nm,6094,N6358,0.8146778778150339,1.5791339709366703,0.7644560931216364,0.0,0.05499601506643529,0.05055606579937107,0.09146437236045266,0.26399812829859637,0.24074074074074073,0.2777777777777778,0.258597037847573,0.24074074074074073,0.24520481501744879,27.0,0.2677356450989579,0.723036818424003,1.0976314906625995,1.0553955229040939,0.3336604263817205,0.348054736457903,0.8333333333333334,False,0.24520481501744884,0.7547951849825512,False
FSMI_nm,6094,N6382,1.0237676864754848,0.45503260140332297,0.5687350850721618,0.06013127879000951,0.02680042969766733,0.2323366716650942,0.18691980746021208,0.7254336060493964,0.6481481481481481,0.018518518518518517,0.10955703302036326,0.018518518518518517,0.041278147143979704,19.5,0.4046104230957123,1.0933720402399427,4.197877880454506,1.4284386243835698,0.015027433016517456,0.23968286521649046,0.9814814814814815,True,0.9814814814814815,0.01851851851851849,False
FSMI_nm,6094,N6389,1.7659275986645624,1.708111045016596,0.05781655364796645,0.03077825384112609,0.03141211181504419,0.048310874403282245,0.04879867825391422,0.18846554237199498,0.5,0.09259259259259259,0.2151657414559676,0.3148148148148148,0.289902546475103,21.5,0.2739546667282817,0.7598498548918539,0.7208919498844807,3.684649353226541,0.4863182909078075,0.025105976509822586,0.8703703703703703,False,0.28990254647510305,0.710097453524897,False
FSMI_nm,6094,N6390,1.7769079672453123,2.701768020214048,0.9248600529687359,0.0,1.0756447561477702,0.400820728100698,0.8466619825192508,2.692181581927987,0.24074074074074073,0.12962962962962962,0.17665540766980475,0.8703703703703703,0.696941629695229,22.0,0.09155022464376354,0.2429236743780182,8.989425489861977,0.08476738491765243,0.0001247217265549088,0.9187259690643048,0.3888888888888889,False,0.696941629695229,0.303058370304771,False
FSMI_nm,6095,6022,1.2832086750870029,1.6361285370539156,0.3529198619669127,0.49023238758424603,0.20492558485498183,0.4294415835105055,0.3476642755556263,1.1117371850902225,0.9814814814814815,0.2777777777777778,0.5221434140693216,0.2777777777777778,0.33886918685066375,27.0,0.3238226191399383,0.8802473084871013,2.925866694214416,55.70204564212984,0.05361820118426381,6.440342247470343e-25,0.9444444444444444,True,0.9444444444444444,0.05555555555555558,False
FSMI_nm,6095,6028,4.415429811910861,2.1933570867335623,2.2220727251772985,0.08177529083085444,0.10562084507766646,0.3661243754762908,0.3011785491679841,1.1861976716024547,0.8333333333333334,0.42592592592592593,0.5957669608202005,0.6851851851851852,0.6628306290939391,30.0,0.07832551033652611,0.23791071002976028,-0.6680757790809289,0.1659220495699597,1.0,0.8471122643811262,0.42592592592592593,False,0.6628306290939391,0.3371693709060609,False
FSMI_nm,6095,6029,2.0210013039871706,1.5908130479990445,0.43018825598812604,0.011356037171369238,0.06862826872589536,0.04142531946055506,0.05800701690812387,0.2354856883176255,0.3148148148148148,0.6481481481481481,0.45171521917223956,0.24074074074074073,0.29348436034861547,33.5,0.3879595318911861,1.0379554630353554,-0.7125614415887329,59.500390511572164,1.0,1.4431408818892917e-26,0.9814814814814815,True,0.9814814814814815,0.01851851851851849,False
FSMI_nm,6095,6033,1.8207478300807216,1.7286848172435283,0.09206301283719331,0.07444196455091823,0.0758834402566275,0.12396872018397097,0.10842337411350589,0.3648057746150961,0.7592592592592593,0.9814814814814815,0.8632490385782715,0.3888888888888889,0.5074789263112346,40.25,0.12868706268938404,0.3474983522233218,-0.012973790619247479,1.587573970669032,1.0,0.20442094184936654,0.5740740740740741,False,0.5074789263112346,0.4925210736887654,False
FSMI_nm,6095,6047,2.946053864791246,1.984001627159016,0.9620522376322302,0.06966986162726707,0.05193145785237224,0.0722667434759999,0.06710198765391592,0.2341277515253597,0.7222222222222222,0.5740740740740741,0.6439014315079151,0.5,0.5359753578769788,31.5,0.046494801929912365,0.12388241360932373,-0.8765269889465377,-1.7435852545952562,1.0,1.0,0.16666666666666666,False,0.5359753578769788,0.4640246421230212,False
FSMI_nm,6095,6048,1.599313301289055,2.182995213459455,0.5836819121704,0.20581905575798887,0.20766130745958042,0.2662134993958398,0.25018332959587125,0.8166926066582338,0.9444444444444444,0.3148148148148148,0.5452752542346465,0.6481481481481481,0.6224299246697728,27.25,0.0690153499383356,0.20763260990422094,0.13720052311875205,-0.27575152332386377,0.8717953934724874,1.0,0.2777777777777778,False,0.6224299246697728,0.37757007533022724,False
FSMI_nm,6095,6056,2.284561920801109,1.7106062055261657,0.5739557152749435,0.0,0.0701393189030416,0.16468673124855351,0.15100331200202133,0.4714606174543787,0.12962962962962962,0.6851851851851852,0.2980273507302052,0.35185185185185186,0.3383957265714402,34.5,0.07071615145472039,0.20377837646350783,-0.9396246963825731,-0.32666451649678835,1.0,1.0,0.3148148148148148,False,0.3383957265714401,0.6616042734285599,False
FSMI_nm,6095,6057,3.4970517461895976,1.257986666319312,2.2390650798702856,0.0,0.062031121234231976,0.032587689378346066,0.049866799468987144,0.1677832163043238,0.12962962962962962,0.8333333333333334,0.32867109906108977,0.05555555555555555,0.12383444143193911,39.0,0.04885331401659753,0.14080794222879228,-0.51488269880942,-0.19875318884090107,1.0,1.0,0.2037037037037037,False,0.12383444143193911,0.8761655585680609,False
FSMI_nm,6095,6062,2.9196668297119017,2.689594021116533,0.23007280859536872,0.0,0.32352901344420637,0.09787277946581575,0.23160288984480293,0.8336298764660017,0.12962962962962962,0.7592592592592593,0.313723599001804,0.9074074074074074,0.7589864553060066,37.5,0.2901869327494113,0.8004593257200141,-0.8184355519668984,0.005325979702159665,1.0,0.9946881781817152,0.8333333333333334,False,0.7589864553060066,0.2410135446939934,False
FSMI_nm,6095,6063,4.4421744453751355,1.9646285131643006,2.477545932210835,0.00896259250021858,0.16275372974232452,0.1668753550641566,0.1725143263994856,0.5545662045248905,0.24074074074074073,0.2777777777777778,0.258597037847573,0.46296296296296297,0.41187148168411547,27.0,0.016727399726763213,0.04998778593587383,0.31035828471399224,2.4471351324238912,0.7331842204612644,0.08654116066162407,0.018518518518518517,False,0.41187148168411547,0.5881285183158845,False
FSMI_nm,6095,6070,2.307992993047587,2.0151989625488924,0.29279403049869446,0.09127932028679941,0.14382313165139954,0.07672663290342532,0.13409279365601767,0.5093076778399248,0.8703703703703703,0.35185185185185186,0.5533908443512568,0.5740740740740741,0.5689032666433698,27.5,0.07104224140057647,0.18986433436436145,-0.5457714654017015,0.036914641441367954,1.0,0.9637583968657673,0.3888888888888889,False,0.5689032666433698,0.43109673335663024,False
FSMI_nm,6095,6072,1.4268834691757484,1.3820967270798183,0.04478674209593003,0.0008350225940214617,0.03596696060995382,0.08505032387080731,0.0816769492366536,0.2652419729223894,0.16666666666666666,0.7592592592592593,0.35572912430182496,0.12962962962962962,0.18615450329767846,37.5,0.16376159025108164,0.45209996394363716,1.1184619269725622,-0.19530545129217694,0.32678202290742725,1.0,0.6481481481481481,False,0.18615450329767846,0.8138454967023215,False
FSMI_nm,6095,6078,1.3924063210314295,1.750154507454568,0.35774818642313844,0.01472231789941314,0.07330604340005419,0.09290141949402277,0.0900101600084158,0.2936784886665933,0.35185185185185186,0.9074074074074074,0.5650424556441614,0.42592592592592593,0.4607050583554848,39.25,0.17110968307788438,0.47902471349275844,-0.7638964678507992,0.5323013938741487,1.0,0.5872519153594989,0.6851851851851852,False,0.4607050583554848,0.5392949416445152,False
FSMI_nm,6095,6080,3.486930250089525,1.9972614086749012,1.489668841414624,0.02699878930846311,0.051334712440051146,0.08487867342684607,0.07562082388935967,0.2637775663904054,0.5,0.9444444444444444,0.6871842709362768,0.5370370370370371,0.574573845511847,39.5,0.1414077977550363,0.3965430158227372,0.624161875302127,0.6021199213045085,0.5357102323925843,0.5476494309414923,0.6111111111111112,False,0.574573845511847,0.425426154488153,False
FSMI_nm,6095,6081,0.8928726233487373,3.197861053023758,2.3049884296750207,0.056860574674191255,0.10981322427374168,0.12967705197795695,0.13573895919577306,0.4842917868406804,0.6481481481481481,0.7962962962962963,0.7184135089359563,0.9444444444444444,0.8879367105673224,37.75,0.07077680471710529,0.19883727457717237,-0.805023039655126,-1.1592618934243868,1.0,1.0,0.35185185185185186,False,0.8879367105673224,0.11206328943267763,False
FSMI_nm,6095,6082,1.5697987651446832,2.483501913578116,0.9137031484334326,0.07783046073056665,0.11817013874486079,0.2723072051973314,0.23182392625612921,0.9542100699597202,0.7962962962962963,0.6111111111111112,0.6975854889569394,0.8703703703703703,0.8271741500170127,32.0,0.1917917425060146,0.5174395478837088,0.9247567156076121,-0.008880141953973197,0.3966279007161081,1.0,0.7222222222222222,False,0.8271741500170127,0.17282584998298733,False
FSMI_nm,6095,6084,1.3458682689199004,2.2623754208266327,0.9165071519067323,0.10549639346870165,0.17801114014862973,0.13006079350035593,0.17174052569176546,0.5719706850679616,0.9074074074074074,0.5,0.6735753140545634,0.7222222222222222,0.7100604951803074,31.0,0.06493747109915032,0.20391130841086746,-0.20874009374087693,-1.567086735621191,1.0,1.0,0.24074074074074073,False,0.7100604951803074,0.28993950481969255,False
FSMI_nm,6095,6085,1.86691079236755,2.4431349289343687,0.5762241365668186,0.02681818398398672,0.1821754788760552,0.2809649482594546,0.25735938265940816,0.9437659139900152,0.46296296296296297,0.5370370370370371,0.4986263710309726,0.8333333333333334,0.7496565927577432,31.25,0.028088378028760644,0.08100557792603114,-1.0211238639369322,-0.6820583789903948,1.0,1.0,0.09259259259259259,False,0.7496565927577432,0.2503434072422568,False
FSMI_nm,6095,6090,2.022297889711494,2.359388450748505,0.33709056103701096,0.03618385505588462,0.050938227442312585,0.07119506106459837,0.06620698679354688,0.22108066590952236,0.5370370370370371,0.16666666666666666,0.29917582261858355,0.7592592592592593,0.6442384000990903,25.25,0.024505662695736473,0.07633881209486226,-0.6903925133683013,1.2407487669506732,1.0,0.28916761770228067,0.05555555555555555,False,0.6442384000990903,0.3557615999009097,False
FSMI_nm,6095,6094,3.459780024999232,1.3153766776095597,2.144403347389672,0.022016112874372995,0.06502249161400978,0.08590521423604044,0.08741658635123371,0.31420219376026526,0.42592592592592593,0.42592592592592593,0.42592592592592593,0.09259259259259259,0.17592592592592593,30.0,0.12058020920604458,0.3224544916075354,0.44191833536465946,-1.0549060316512384,0.6428021275134691,1.0,0.5370370370370371,False,0.17592592592592593,0.8240740740740741,False
FSMI_nm,6095,6099,8.69575314178455,2.1277600633909097,6.56799307839364,0.0,0.033441580992313646,0.052338951123549,0.050235642740823885,0.1767934672145608,0.12962962962962962,0.5,0.2545875386086578,0.6111111111111112,0.5219802179854978,31.0,0.03624062880709679,0.11420771485904224,0.6435919874836635,-1.4353191918346555,0.525401793848454,1.0,0.12962962962962962,False,0.5219802179854978,0.47801978201450224,False
FSMI_nm,6095,6101,0.3286650711030523,2.368840283877417,2.040175212774365,0.03871986018440321,0.0387876600532871,0.06751882982661316,0.059114121965551075,0.20327676544193185,0.5740740740740741,0.9074074074074074,0.7217472322187065,0.7962962962962963,0.7776590302768989,39.25,0.10289518386394782,0.28565817792188786,-0.7183442330372733,0.6854833054203529,1.0,0.5038466588987802,0.46296296296296297,False,0.7776590302768989,0.22234096972310113,False
FSMI_nm,6095,N6342,0.7560989711345802,1.511165919769649,0.7550669486350687,0.06900654855539456,0.2037910137610877,0.0382038253024596,0.14200771271075047,0.5306627381756539,0.6851851851851852,0.05555555555555555,0.19510469912690256,0.16666666666666666,0.17377617478172563,21.0,0.10807308070217388,0.3183429799675122,1.7925025883340018,-0.02185192955089931,0.16654285948977895,1.0,0.5,False,0.1737761747817257,0.8262238252182743,False
FSMI_nm,6095,N6358,0.8146778778150339,1.5456325273651026,0.7309546495500687,0.003766324367889373,0.03974109893528513,0.036954833225134355,0.05384586688701646,0.19952644423201105,0.2037037037037037,0.2777777777777778,0.23787467738268758,0.2037037037037037,0.21224644712344964,27.0,0.1958115882648873,0.5223969341191348,0.8103629015634473,1.5576919855541256,0.44469665582501106,0.21062162840967752,0.7592592592592593,False,0.21224644712344964,0.7877535528765504,False
FSMI_nm,6095,N6382,1.0237676864754848,0.5311943418048144,0.4925733446706704,0.04050093546939504,0.019251666973580987,0.21407564585580693,0.1739489876399895,0.6703822546973164,0.6111111111111112,0.018518518518518517,0.10638078975070424,0.018518518518518517,0.040484086326564944,19.5,0.3137318732458884,0.8667045597328218,6.838209968243606,1.073113998870816,0.0010720206341509784,0.34194205063276106,0.9074074074074074,True,0.9074074074074074,0.09259259259259256,False
FSMI_nm,6095,N6389,1.7659275986645624,1.6731626171746405,0.09276498148992185,0.010366536723849684,0.029867438778129002,0.041189680926583754,0.038913051202712594,0.16108148772436115,0.2777777777777778,0.09259259259259259,0.16037507477489604,0.3148148148148148,0.2762048798048351,21.5,0.3118273599845021,0.8349557467001187,0.16349996459708943,2.6711179622286036,0.84916652906455,0.06917484719816538,0.8703703703703703,False,0.2762048798048351,0.7237951201951649,False
FSMI_nm,6095,N6390,1.7769079672453123,3.2582287270377552,1.481320759792443,0.020064797031378312,0.8132782880264575,0.3076592495285693,0.6844482057837935,2.4056767111055377,0.3888888888888889,0.12962962962962962,0.22452510468485445,0.9814814814814815,0.7922423872823248,22.0,0.20087301020322193,0.5410919575379238,7.349248763729569,0.49957018036176287,0.0006430752804145793,0.6067914145361284,0.7962962962962963,False,0.7922423872823248,0.20775761271767523,False
FSMI_nm,6099,6022,1.2832086750870029,0.3542192414547205,0.9289894336322824,1.2150301747491854,0.4768623796058658,0.6404792572180783,0.5553680290929849,1.4648262977508977,0.9814814814814815,0.2777777777777778,0.5221434140693216,0.018518518518518517,0.1444247424062193,27.0,0.5108086761228966,1.3784165091126672,4.486462604617658,58.31121248572365,0.01126040594892957,4.7398236582852676e-26,0.9814814814814815,True,0.9814814814814815,0.01851851851851849,False
FSMI_nm,6099,6028,4.415429811910861,2.3311473679836174,2.0842824439272434,0.05256549616238626,0.11691334239361079,0.26450339751059865,0.2231749891247093,0.7260723846893187,0.7592592592592593,0.46296296296296297,0.5928818738363749,0.7222222222222222,0.6898871351257604,30.0,0.11215788293827467,0.30271226716428434,-0.7974997286443192,0.3800027522742359,1.0,0.6838595270408084,0.5370370370370371,False,0.6898871351257604,0.3101128648742396,False
FSMI_nm,6099,6029,2.0210013039871706,1.936543498822197,0.08445780516497359,0.0010604045250057759,0.17123032077781034,0.024135520367132228,0.11704464436187043,0.4494870814116727,0.24074074074074073,0.6481481481481481,0.39501350014262115,0.3888888888888889,0.390420041702322,33.5,0.08644068481482166,0.2608001981439425,-0.6649358727943872,74.06980187454543,1.0,6.790375176112566e-33,0.42592592592592593,False,0.39042004170232203,0.609579958297678,False
FSMI_nm,6099,6033,1.8207478300807216,1.5615878747053222,0.2591599553753994,0.07065388376674253,0.11560234567474924,0.17495494494890565,0.160851655200347,0.5081372294352844,0.8333333333333334,0.9814814814814815,0.9043789220055393,0.2037037037037037,0.3788725082791626,40.25,0.13858276097272243,0.38183412717139353,0.13645575877527866,1.4563903121797281,0.8724449174374719,0.23307609000567406,0.6481481481481481,False,0.37887250827916263,0.6211274917208374,False
FSMI_nm,6099,6047,2.946053864791246,2.65131639487363,0.2947374699176164,0.03185546159625474,0.20323571584103878,0.04343588711389076,0.1750556386142265,0.6599871008282383,0.6111111111111112,0.5740740740740741,0.5923031700636843,0.8703703703703703,0.8008535702936989,31.5,0.095241339537567,0.2631517590027477,-1.0563832919234435,-1.8150646523614338,1.0,1.0,0.5,False,0.8008535702936989,0.19914642970630114,False
FSMI_nm,6099,6048,1.599313301289055,1.773254628303105,0.17394132701404996,0.0,0.18253750205703256,0.14775614589711503,0.17011678122289134,0.47231629408384945,0.2037037037037037,0.3148148148148148,0.2532369320588397,0.3148148148148148,0.299420344125821,27.25,0.15719570056013252,0.4365677239333623,0.8415067987895091,-0.3768075801061778,0.4310605123758769,1.0,0.6851851851851852,False,0.29942034412582097,0.700579655874179,False
FSMI_nm,6099,6056,2.284561920801109,2.2178783294462434,0.06668359135486579,0.0,0.12081609874851598,0.41827210990593244,0.35995150042093943,1.2298538269665176,0.2037037037037037,0.6851851851851852,0.37359705558948175,0.5740740740740741,0.523954819452926,34.5,0.01296280166252595,0.035327413574191446,-0.9537310587520014,-0.4465327312695066,1.0,1.0,0.018518518518518517,False,0.523954819452926,0.476045180547074,False
FSMI_nm,6099,6057,3.4970517461895976,1.390274619802406,2.1067771263871915,0.00664521704128318,0.0709631303459191,0.025672654050140742,0.051844836439498145,0.18240472388352313,0.3148148148148148,0.8333333333333334,0.5121969142940493,0.12962962962962962,0.22527145079573455,39.0,0.017234385169089223,0.04575255748252588,-0.4429779454124496,0.14354259165769948,1.0,0.8662839029340283,0.09259259259259259,False,0.22527145079573452,0.7747285492042655,False
FSMI_nm,6099,6062,2.9196668297119017,2.7979020121223006,0.12176481758960112,0.009948106109137544,0.26979986312598353,0.08016533974139854,0.19304985471469016,0.7052599435739864,0.35185185185185186,0.7592592592592593,0.5168624347019579,0.9444444444444444,0.8375489420088227,37.5,0.27574957876851075,0.7732835297938655,-1.047446963656893,-0.10795695494748209,1.0,1.0,0.9074074074074074,True,0.9074074074074074,0.09259259259259256,False
FSMI_nm,6099,6063,4.4421744453751355,2.25680541731912,2.1853690280560154,0.020244584641262886,0.14315377292199577,0.15692476239537229,0.15712098569995261,0.5129934719491474,0.5370370370370371,0.2777777777777778,0.38623432619655945,0.6481481481481481,0.5826696926602509,27.0,0.11368724033332779,0.3206070329943198,-0.2620415118333375,2.5970581858220765,1.0,0.07449239898698447,0.5740740740740741,False,0.5826696926602509,0.4173303073397491,False
FSMI_nm,6099,6070,2.307992993047587,2.0354242159165947,0.27256877713099215,0.0169044377517511,0.099520144928329,0.03693462289617258,0.07674625886436583,0.27695631090048867,0.3888888888888889,0.35185185185185186,0.36990711769329965,0.46296296296296297,0.4396990016455471,27.5,0.015602120387320863,0.04954020189296593,-0.3066177237531688,-0.26563133286520363,1.0,1.0,0.05555555555555555,False,0.4396990016455471,0.5603009983544529,False
FSMI_nm,6099,6072,1.4268834691757484,1.691978377270797,0.26509490809504865,0.01709383898580019,0.03560327516562151,0.094234633470404,0.08551611181513352,0.26569502738809136,0.42592592592592593,0.7592592592592593,0.5686723160290403,0.2777777777777778,0.3505014123405934,37.5,0.04454443079080198,0.13082278232306532,1.1103074211925834,-0.1959865907060614,0.3294576632376976,1.0,0.24074074074074073,False,0.3505014123405934,0.6494985876594066,False
FSMI_nm,6099,6078,1.3924063210314295,1.6644999378752343,0.27209361684380484,0.006430353606395212,0.09032913939085657,0.044159433078558824,0.0706872934087162,0.2708704312691932,0.2777777777777778,0.9074074074074074,0.5020533967305911,0.24074074074074073,0.30606890473820336,39.25,0.1572414267863121,0.4193874768170076,-0.7727502267867753,0.8526136553959318,1.0,0.42629927521176797,0.7222222222222222,False,0.30606890473820336,0.6939310952617966,False
FSMI_nm,6099,6080,3.486930250089525,2.1125160010324415,1.3744142490570836,0.0,0.04265162418044792,0.11400765870009534,0.11544127040950346,0.35837296228380455,0.2037037037037037,0.9444444444444444,0.43861923267877817,0.5370370370370371,0.5124325859474723,39.5,0.15798683456589707,0.4500873077304004,1.0955882441983689,0.6157815594884776,0.33434287383492484,0.5402185173659735,0.7592592592592593,False,0.5124325859474723,0.4875674140525277,False
FSMI_nm,6099,6081,0.8928726233487373,2.925555252224014,2.0326826288752766,0.0,0.0712035856202377,0.07904302216952307,0.09154841565181292,0.34718156942745537,0.2037037037037037,0.7962962962962963,0.40275116983206566,0.9814814814814815,0.8367989035691276,37.75,0.044822799113874726,0.12467706105067244,-0.8805708029247686,-1.2730759135540255,1.0,1.0,0.2777777777777778,False,0.8367989035691276,0.16320109643087244,False
FSMI_nm,6099,6082,1.5697987651446832,2.5165470386346915,0.9467482734900083,0.09261814941854762,0.06776638584784618,0.32228315336472557,0.2614144859245109,1.02948501644366,0.8703703703703703,0.6111111111111112,0.7293099506487117,0.7962962962962963,0.7795497098844002,32.0,0.06795795014648447,0.18557714589176943,1.0184083954174408,-0.053334976797428525,0.36116932170519256,1.0,0.3148148148148148,False,0.7795497098844002,0.2204502901155998,False
FSMI_nm,6099,6084,1.3458682689199004,2.291905588582463,0.9460373196625627,0.03818951991133668,0.16752824793254198,0.07723888062745696,0.15313838779779224,0.5610054701673737,0.6481481481481481,0.5,0.5692750425533111,0.6851851851851852,0.6562076495272167,31.0,0.026605621755843224,0.08421832198519241,0.17534338233435967,-1.3682109279544228,0.8391688155429445,1.0,0.2037037037037037,False,0.6562076495272167,0.34379235047278334,False
FSMI_nm,6099,6085,1.86691079236755,2.719145257679115,0.852234465311565,0.04818064719035409,0.1456963644196368,0.26556673121574886,0.23346188764669476,0.8441272342887629,0.6851851851851852,0.5370370370370371,0.6066051612651556,0.9074074074074074,0.8322068458718445,31.25,0.021775402012271152,0.059075870108110884,-1.2888219322069996,-0.9048367826176571,1.0,1.0,0.16666666666666666,False,0.8322068458718445,0.16779315412815554,False
FSMI_nm,6099,6090,2.022297889711494,2.639525146328411,0.6172272566169172,0.06062048691686872,0.1798169418538255,0.08576042426443747,0.14504092325993628,0.5499310676893305,0.7962962962962963,0.16666666666666666,0.364302140239,0.8333333333333334,0.71607553505975,25.25,0.08395045725802057,0.23998859588270371,-0.5641873100639982,1.4523021491551034,1.0,0.23403089342496844,0.35185185185185186,False,0.71607553505975,0.28392446494025003,False
FSMI_nm,6099,6094,3.459780024999232,1.4303796627523568,2.029400362246875,0.0200958009666814,0.048090087558538566,0.058488207068331764,0.05622601876579181,0.18225389314895746,0.5,0.46296296296296297,0.4811252243246881,0.16666666666666666,0.24528130608117205,30.0,0.019109156785630393,0.05341241203517422,0.44647531489668935,-0.8640600576792733,0.6398795554832307,1.0,0.12962962962962962,False,0.24528130608117205,0.754718693918828,False
FSMI_nm,6099,6095,7.857275141594466,2.235707147770608,5.6215679938238585,0.021236370753937805,0.11159382440356785,0.03965593053343902,0.08237998103068733,0.33219668485532683,0.5740740740740741,0.3888888888888889,0.47249447489529905,0.6111111111111112,0.5764569520571581,28.75,0.0906854398605835,0.2556984937674552,0.01925103875529292,-0.5522397666721408,0.9809330791115882,1.0,0.46296296296296297,False,0.5764569520571581,0.4235430479428419,False
FSMI_nm,6099,6101,0.3286650711030523,2.3486944522482607,2.0200293811452084,0.018221529363251054,0.05790491986336934,0.08060777882399467,0.07586663128549233,0.2376176126011118,0.46296296296296297,0.9074074074074074,0.6481481481481481,0.7592592592592593,0.7314814814814814,39.25,0.1207495700038139,0.32628997073556754,-0.17339358016337708,0.8296267089067225,1.0,0.4362120900210444,0.6111111111111112,False,0.7314814814814814,0.2685185185185186,False
FSMI_nm,6099,N6342,0.7560989711345802,2.1052570214741,1.34915805033952,0.09498692500720018,0.23146271949532973,0.07584617956914268,0.16875957758447732,0.6364877954137642,0.9074074074074074,0.05555555555555555,0.22452510468485445,0.5,0.4311312761712136,21.0,0.08448422837719193,0.2547738789485785,2.296497800148898,-0.05968630079848334,0.10061058580637629,1.0,0.3888888888888889,False,0.4311312761712136,0.5688687238287864,False
FSMI_nm,6099,N6358,0.8146778778150339,1.7870476426867674,0.9723697648717335,0.0,0.05267864891502963,0.04823896286334051,0.06612776898934244,0.23760378815618788,0.2037037037037037,0.2777777777777778,0.23787467738268758,0.35185185185185186,0.3233575582345608,27.0,0.22959148321530273,0.6316699338994574,1.0436606866950198,1.0641155026782338,0.3521631604772592,0.34503290051768726,0.8703703703703703,False,0.3233575582345608,0.6766424417654392,False
FSMI_nm,6099,N6382,1.0237676864754848,0.46600024677311497,0.5577674397023697,0.04843403815937869,0.029230816643764302,0.240196838354533,0.19447721892209507,0.738042404401569,0.7222222222222222,0.018518518518518517,0.11564811108145182,0.05555555555555555,0.07057869443702962,19.5,0.42749658400114615,1.1557042476941892,3.4541121295817443,1.1356569044320393,0.03161536224326181,0.3212110470537369,0.9444444444444444,True,0.9444444444444444,0.05555555555555558,False
FSMI_nm,6099,N6389,1.7659275986645624,1.9946908752871717,0.2287632766226093,0.0,0.19187641804730957,0.059703199347215935,0.14429411170388318,0.4839407411823322,0.2037037037037037,0.09259259259259259,0.13733700902029006,0.42592592592592593,0.35377869669951695,21.5,0.22283223154655432,0.6238789957991507,0.15783634110577716,3.5167256461284433,0.853989533515111,0.02969651303994883,0.8333333333333334,False,0.3537786966995169,0.6462213033004831,False
FSMI_nm,6099,N6390,1.7769079672453123,1.2717781121762557,0.5051298550690566,0.09720206122367614,0.6347357253251519,0.25861169812991264,0.4753906156074889,1.570498251763805,0.9444444444444444,0.12962962962962962,0.3498971042165034,0.09259259259259259,0.1569187204985703,22.0,0.16916931070731178,0.4526491295408491,10.314178091430897,-0.11973031465191153,3.315960660092354e-05,1.0,0.7962962962962963,False,0.15691872049857025,0.8430812795014297,False
FSMI_nm,6101,6022,1.2832086750870029,3.890300171387642,2.6070914963006393,0.1527332695167778,0.16855202580920325,0.0829619848719097,0.16355843036348788,0.5141190539445222,0.9444444444444444,0.2777777777777778,0.5121969142940493,0.9814814814814815,0.8641603396846235,27.0,0.32333244176097015,0.8694196355220878,2.050248044796394,44.76511196098209,0.12870297552481363,3.620419484784367e-20,0.9444444444444444,True,0.9444444444444444,0.05555555555555558,False
FSMI_nm,6101,6028,4.415429811910861,2.6538699812553537,1.7615598306555071,0.0,0.10591232063592797,0.33304755910604744,0.2743998917099531,0.9894986651996596,0.35185185185185186,0.46296296296296297,0.40360175403154386,0.7592592592592593,0.6703448829523304,30.0,0.09900401560177667,0.28292153743175663,-0.6968128713279426,0.27149614806761774,1.0,0.7622382195524652,0.5740740740740741,False,0.6703448829523304,0.3296551170476696,False
FSMI_nm,6101,6029,2.0210013039871706,2.0402940399326552,0.01929273594548464,0.0,0.17092160828409805,0.04047397117441485,0.12037310859086646,0.45185795422515285,0.35185185185185186,0.6851851851851852,0.4910027253171427,0.42592592592592593,0.4421951257737301,33.5,0.04619614380188131,0.13983083962189158,-0.7105290010671053,61.263490377274174,1.0,2.4751651809342288e-27,0.24074074074074073,False,0.4421951257737301,0.5578048742262699,False
FSMI_nm,6101,6033,1.8207478300807216,1.6858134374245726,0.13493439265614904,0.08143202593323373,0.09667487811745222,0.18814327304326964,0.16936816125030163,0.528661357659026,0.8333333333333334,0.9814814814814815,0.9043789220055393,0.24074074074074073,0.40665028605694037,40.25,0.037447239536625904,0.11823591682295898,-0.15961462966207693,1.5593776626176286,1.0,0.2102668874349519,0.2037037037037037,False,0.4066502860569403,0.5933497139430597,False
FSMI_nm,6101,6047,2.946053864791246,2.473373432908615,0.472680431882631,0.07707603128422846,0.06827870679738744,0.07956773545080993,0.0800879120517416,0.2662758624687913,0.7592592592592593,0.6111111111111112,0.6811694132499824,0.6481481481481481,0.6564034644236068,31.5,0.03412003336296752,0.09205585623084278,-0.8433637395923625,-1.5744161932388185,1.0,1.0,0.12962962962962962,False,0.6564034644236068,0.34359653557639325,False
FSMI_nm,6101,6048,1.599313301289055,2.6775845560051197,1.0782712547160647,0.19600084868377232,0.17263065673903544,0.27634977752890943,0.24653695524894803,0.8470088191027307,0.9814814814814815,0.3148148148148148,0.5558641118445791,0.7962962962962963,0.736188250183367,27.25,0.012785219520983312,0.03687022361951686,0.35399730708798155,-0.16029394622088508,0.701876857445474,1.0,0.05555555555555555,False,0.736188250183367,0.263811749816633,False
FSMI_nm,6101,6056,2.284561920801109,2.221343082816784,0.06321883798432504,0.0,0.07494793516337406,0.2134933411285555,0.1910747945445249,0.5809395511006308,0.35185185185185186,0.7222222222222222,0.5040984292154148,0.46296296296296297,0.4732468295260759,34.5,0.050536049666805104,0.15490490194003093,-0.9344941609335,-0.2952944037448491,1.0,1.0,0.3148148148148148,False,0.4732468295260759,0.5267531704739241,False
FSMI_nm,6101,6057,3.4970517461895976,1.4005458189886588,2.0965059272009388,0.0,0.04902026813060637,0.02845819911934462,0.040062647107726744,0.12853833394910796,0.35185185185185186,0.8703703703703703,0.5533908443512568,0.12962962962962962,0.23556993331003642,39.0,0.10749617246592261,0.2907638099725896,-0.45441766848966103,0.033962968844310555,1.0,0.966607298560121,0.6111111111111112,False,0.2355699333100364,0.7644300666899636,False
FSMI_nm,6101,6062,2.9196668297119017,3.28400599694396,0.36433916723205817,0.0,0.3195138905987444,0.061267623359083076,0.22108849875378103,0.8139017979890837,0.35185185185185186,0.7962962962962963,0.5293187380724612,0.9074074074074074,0.8128852400736709,37.5,0.18510591757875497,0.511931966593325,-0.8834471993382021,0.0021486234835651837,1.0,0.9978536831555431,0.8333333333333334,False,0.8128852400736709,0.1871147599263291,False
FSMI_nm,6101,6063,4.4421744453751355,2.313075997106423,2.1290984482687123,0.0,0.3353574874075106,0.1883610707368755,0.2714100309080976,0.8635454762688659,0.35185185185185186,0.2777777777777778,0.3126285743728543,0.5,0.4531571435932136,27.0,0.06532531035832363,0.20709596262000896,-0.33894810316803314,2.773189482707016,1.0,0.06246246374707519,0.46296296296296297,False,0.4531571435932136,0.5468428564067864,False
FSMI_nm,6101,6070,2.307992993047587,2.8598560310005983,0.5518630379530114,0.05155977193557737,0.13390393728930222,0.03585787530100948,0.11082039896447414,0.4014636911582632,0.6111111111111112,0.35185185185185186,0.4637031120573672,0.8333333333333334,0.7409257780143418,27.5,0.05273095585122492,0.15901106844678337,-0.338970312818279,-0.16376101691747147,1.0,1.0,0.35185185185185186,False,0.7409257780143418,0.2590742219856582,False
FSMI_nm,6101,6072,1.4268834691757484,1.5089746651443188,0.0820911959685704,0.003750634044035195,0.03480148226539942,0.08529217500902508,0.0768620682191136,0.24622405337060949,0.42592592592592593,0.7962962962962963,0.5823772293894959,0.16666666666666666,0.270594307347374,37.5,0.1288950572918211,0.3509156533229416,1.139911364343306,-0.02528325872116103,0.31984737044165673,1.0,0.7222222222222222,False,0.270594307347374,0.729405692652626,False
FSMI_nm,6101,6078,1.3924063210314295,1.860247294262063,0.46784097323063345,0.010780656633923691,0.017116360634747536,0.02157247920053131,0.02201734695809874,0.08091833741591015,0.5,0.9074074074074074,0.6735753140545634,0.3148148148148148,0.404504939624752,39.25,0.20918417878319115,0.5795077751154815,-0.7153363811002194,1.0001912538734972,1.0,0.3678090895310646,0.8703703703703703,False,0.404504939624752,0.595495060375248,False
FSMI_nm,6101,6080,3.486930250089525,2.005497779068081,1.4814324710214444,0.0,0.046351740622212326,0.08688724216290575,0.07639894816089955,0.2799965359446752,0.35185185185185186,0.9444444444444444,0.5764586080101253,0.3888888888888889,0.435781318669198,39.5,0.005573587340659419,0.015491689472968861,0.743313915717179,0.589974422746454,0.4755354171673501,0.554341463085337,0.018518518518518517,False,0.435781318669198,0.564218681330802,False
FSMI_nm,6101,6081,0.8928726233487373,3.335803950295199,2.4429313269464616,0.012307409737314146,0.0928767274915923,0.07881066751366571,0.12733792205929031,0.4440902385033856,0.5370370370370371,0.8333333333333334,0.668977476599572,0.9444444444444444,0.8755777024832263,37.75,0.05332319594119493,0.15313877849882362,-0.7995900647015014,-0.8202107370513873,1.0,1.0,0.3888888888888889,False,0.8755777024832263,0.1244222975167737,False
FSMI_nm,6101,6082,1.5697987651446832,2.463053837343102,0.8932550721984187,0.08357339435726097,0.08213182711688241,0.2511704551089476,0.2090260223207589,0.8837428647023362,0.9074074074074074,0.6481481481481481,0.7668992311425428,0.6111111111111112,0.6500581411189691,32.0,0.09799027683303893,0.26736116184566927,0.8506171884319923,0.09275704839672957,0.4271512177861036,0.9114149031119226,0.5370370370370371,False,0.6500581411189691,0.3499418588810309,False
FSMI_nm,6101,6084,1.3458682689199004,2.4182641234139917,1.0723958544940912,0.0568330667769148,0.17140778167269016,0.10773888537486766,0.1609180695714972,0.5260891258283564,0.6851851851851852,0.5370370370370371,0.6066051612651556,0.5740740740740741,0.5822068458718445,31.0,0.013904580485716125,0.04273707494771717,-0.08991253531316536,-1.1247488571254756,1.0,1.0,0.09259259259259259,False,0.5822068458718445,0.41779315412815554,False
FSMI_nm,6101,6085,1.86691079236755,2.9944354355367193,1.1275246431691692,0.0,0.15570821100905144,0.28738394938740325,0.2539362783459848,0.9500833409093827,0.35185185185185186,0.5740740740740741,0.4494318925745036,0.8703703703703703,0.7651357509214037,31.25,0.09674210019663694,0.26337624559614414,-1.3841693473087078,-0.5481573965024695,1.0,1.0,0.5,False,0.7651357509214037,0.23486424907859627,False
FSMI_nm,6101,6090,2.022297889711494,2.6411834289506686,0.6188855392391748,0.07861142452876191,0.12023239811700892,0.0419615566317038,0.09066597151818218,0.3664543568196339,0.7962962962962963,0.16666666666666666,0.364302140239,0.7222222222222222,0.6327422017264166,25.25,0.04841028991597401,0.14382484037227572,-0.7407986557743578,1.59540280194505,1.0,0.20282681301128028,0.2777777777777778,False,0.6327422017264166,0.3672577982735834,False
FSMI_nm,6101,6094,3.459780024999232,1.3186331388543564,2.1411468861448757,0.0176808306301659,0.028906757197220207,0.06606041168215387,0.056017444190769004,0.23901727745924028,0.5740740740740741,0.46296296296296297,0.5155337372990761,0.09259259259259259,0.19832787876921348,30.0,0.12502688728924435,0.34466155256249564,0.5607527211341756,-0.7447468226069801,0.5707792644942453,1.0,0.6851851851851852,False,0.19832787876921354,0.8016721212307865,False
FSMI_nm,6101,6095,7.857275141594466,2.3650838625074986,5.492191279086968,0.0016877531721317673,0.17114225956624635,0.06836002939494017,0.1314439186789931,0.5287393570030741,0.3888888888888889,0.3888888888888889,0.3888888888888889,0.5370370370370371,0.5,28.75,0.10785595372337117,0.30293696167023976,-0.17856522138707315,-0.2994034396380589,1.0,1.0,0.6481481481481481,False,0.5,0.5,False
FSMI_nm,6101,6099,8.69575314178455,2.553398969284978,6.142354172499572,0.0,0.037608503161544,0.0910069805042273,0.07683599956450637,0.2367428946012069,0.35185185185185186,0.5370370370370371,0.4346923923816853,0.6851851851851852,0.6225619869843103,31.0,0.05424400024543111,0.14747174265361818,0.7612494961535388,-1.1141299225241632,0.46708244452613285,1.0,0.42592592592592593,False,0.6225619869843103,0.3774380130156897,False
FSMI_nm,6101,N6342,0.7560989711345802,1.3113175589377346,0.5552185878031544,0.07230561944325142,0.23714419482855892,0.07681242263709046,0.17010986992890456,0.672719962327751,0.7222222222222222,0.05555555555555555,0.20030840419244383,0.05555555555555555,0.09174376771477763,21.0,0.1785725602996928,0.5197414254536739,1.52851410164113,0.22577043649051323,0.21685765647104407,0.797901249653917,0.7962962962962963,False,0.09174376771477766,0.9082562322852223,False
FSMI_nm,6101,N6358,0.8146778778150339,1.6543314897634045,0.8396536119483706,0.00916300484554422,0.04199589759858613,0.030417566337767207,0.061052432368710406,0.21409769232424525,0.46296296296296297,0.2777777777777778,0.35860956909327935,0.2037037037037037,0.2424301700510976,27.0,0.23301022701334956,0.6240953902892479,0.47033265247052514,0.8117006614841046,0.6247943943108848,0.4441021561995437,0.9074074074074074,True,0.9074074074074074,0.09259259259259256,False
FSMI_nm,6101,N6382,1.0237676864754848,0.6347509849663718,0.38901670150911294,0.08179203413441039,0.0369193607600634,0.2745813202120723,0.21988436185051002,0.8624749814896666,0.8703703703703703,0.018518518518518517,0.1269565666740934,0.018518518518518517,0.04562803055741224,19.5,0.37045860608680575,0.9869022356523137,3.3948460945520913,1.4007030503009872,0.03354571664341764,0.24642365480154493,0.9814814814814815,True,0.9814814814814815,0.01851851851851849,False
FSMI_nm,6101,N6389,1.7659275986645624,1.8804701046923964,0.114542506027834,0.0,0.036334918765057005,0.041537596666612345,0.04118417785926525,0.1419017719740574,0.35185185185185186,0.09259259259259259,0.18049619157053637,0.35185185185185186,0.309012936781523,21.5,0.13428956333984027,0.4189917324926622,0.15251759980491078,3.6546339113353365,0.8585437836203265,0.02587096681744765,0.7592592592592593,False,0.309012936781523,0.690987063218477,False
FSMI_nm,6101,N6390,1.7769079672453123,1.8232800045103508,0.04637203726503847,0.0542924474978832,0.6604272075415857,0.2696498931625151,0.503883190979584,1.6241261851706372,0.6481481481481481,0.12962962962962962,0.2898606637499727,0.2777777777777778,0.2807984992708265,22.0,0.034606500675803176,0.10954501318827337,8.88443432489744,0.12362705981979112,0.00013852852111661694,0.883709350159608,0.16666666666666666,False,0.28079849927082656,0.7192015007291734,False
FSMI_nm,N6342,6022,1.2832086750870029,0.6196428123870193,0.6635658626999835,1.01492951963401,0.41302595449599977,0.6996037123953488,0.5727843186191689,1.6165222058243978,0.9814814814814815,0.24074074074074073,0.4860890647558032,0.018518518518518517,0.13541115507783968,27.0,0.591446505175991,1.6194121177933116,3.9716256666544343,49.06213350677613,0.018842776150019874,4.927040675169386e-22,0.9814814814814815,True,0.9814814814814815,0.01851851851851849,False
FSMI_nm,N6342,6028,4.415429811910861,2.3073927064550523,2.1080371054558085,0.021224087896513755,0.1752195070070946,0.43389054843726804,0.37053918734978275,1.3069098066003535,0.35185185185185186,0.42592592592592593,0.3871212029697569,0.7592592592592593,0.6662247451868837,30.0,0.04146726959528181,0.12148177373705005,-0.6539696652962843,0.30727080547366226,1.0,0.7354514096700807,0.2037037037037037,False,0.6662247451868837,0.3337752548131163,False
FSMI_nm,N6342,6029,2.0210013039871706,1.5498601641139267,0.4711411398732439,0.007118292625172495,0.2536865797289808,0.023463967175398993,0.1734489879520519,0.673015766130665,0.24074074074074073,0.6481481481481481,0.39501350014262115,0.2037037037037037,0.2515311528134331,33.5,0.30029348585682253,0.8231450199162191,-0.6626309881687913,71.28678549190742,1.0,1.0978485389545089e-31,0.8703703703703703,False,0.2515311528134331,0.7484688471865669,False
FSMI_nm,N6342,6033,1.8207478300807216,1.7902635149698147,0.03048431511090688,0.06522144911009331,0.1713323149190715,0.16896981341908313,0.17638003094689556,0.5874498152355716,0.7222222222222222,0.9814814814814815,0.8419309571606892,0.2777777777777778,0.4188160726235056,40.25,0.037725650986570235,0.11779493477422531,-0.5523129723499656,1.4670736221238678,1.0,0.23059931950577947,0.12962962962962962,False,0.4188160726235056,0.5811839273764944,False
FSMI_nm,N6342,6047,2.946053864791246,2.203452678730048,0.7426011860611981,0.04068925992471106,0.09234988405296253,0.07548040662807774,0.09914074492515818,0.37265477707232675,0.5740740740740741,0.5740740740740741,0.5740740740740741,0.6111111111111112,0.6018518518518519,31.5,0.03205488011733294,0.09557256412707227,-0.8744238935609333,-1.8014574016044733,1.0,1.0,0.09259259259259259,False,0.6018518518518519,0.39814814814814814,False
FSMI_nm,N6342,6048,1.599313301289055,1.8192464680051335,0.21993316671607843,0.16277939872042912,0.19782771673044192,0.24787194360229842,0.2406873150797642,0.730389365852804,0.9444444444444444,0.2777777777777778,0.5121969142940493,0.3148148148148148,0.36416033968462347,27.25,0.13615289147658888,0.3875344463932835,0.24274565743244542,-0.22657570588216275,0.7844710127714974,1.0,0.5,False,0.36416033968462347,0.6358396603153765,False
FSMI_nm,N6342,6056,2.284561920801109,1.8634551520146947,0.4211067687864145,0.0,0.1272880628067195,0.35997791507836086,0.32520320927092655,0.9776015171453298,0.16666666666666666,0.6851851851851852,0.33793125168323446,0.35185185185185186,0.3483717018096975,34.5,0.07886862889351884,0.22908979938813157,-0.971111142131176,-0.4234060844214434,1.0,1.0,0.3148148148148148,False,0.34837170180969745,0.6516282981903025,False
FSMI_nm,N6342,6057,3.4970517461895976,1.158408824221401,2.3386429219681966,0.0,0.06865776143053631,0.03407494885538822,0.054262355788963136,0.18842616645814414,0.16666666666666666,0.8333333333333334,0.37267799624996495,0.05555555555555555,0.1348361657291579,39.0,0.10222416084489706,0.28066538547843745,-0.23277943563680614,-0.0753935526079997,1.0,1.0,0.42592592592592593,False,0.1348361657291579,0.8651638342708421,False
FSMI_nm,N6342,6062,2.9196668297119017,2.8968369984905076,0.022829831221394148,0.02501032429604466,0.35287246840144915,0.08750630187100573,0.2514203267021534,0.8860941747943665,0.42592592592592593,0.7592592592592593,0.5686723160290403,0.8703703703703703,0.7949458567850378,37.5,0.27187535160131837,0.7618437260530657,-0.7845721923381568,-0.08120306699566573,1.0,1.0,0.8333333333333334,False,0.7949458567850378,0.20505414321496218,False
FSMI_nm,N6342,6063,4.4421744453751355,2.0092569244875187,2.432917520887617,0.0,0.2579840620108141,0.2725772880452584,0.2788630154095113,0.9031905345395694,0.16666666666666666,0.24074074074074073,0.20030840419244383,0.5,0.425077101048111,27.0,0.07315002212468534,0.23260237592792166,-0.10858731706732132,2.7075892555768637,1.0,0.06669740345180399,0.2777777777777778,False,0.4250771010481109,0.5749228989518891,False
FSMI_nm,N6342,6070,2.307992993047587,1.9838057014358945,0.32418729161169235,0.10127132354245649,0.14329598224509052,0.05192870442459336,0.11419322854160112,0.3837013351807965,0.8703703703703703,0.3148148148148148,0.5234553342630581,0.42592592592592593,0.45030827801020895,27.5,0.018561883533644834,0.05731544559468793,-0.31825335038541025,-0.22539947734205515,1.0,1.0,0.05555555555555555,False,0.450308278010209,0.549691721989791,False
FSMI_nm,N6342,6072,1.4268834691757484,1.4128960620771227,0.01398740709862567,0.001617765273875138,0.02818528910491538,0.07789239129849329,0.06846795940591728,0.23414797261631626,0.2037037037037037,0.7592592592592593,0.3932733441036167,0.12962962962962962,0.19554055824812638,37.5,0.13644237864677172,0.3843067810129509,0.9224436002412154,-0.05514352533762203,0.39754640870592894,1.0,0.5740740740740741,False,0.19554055824812644,0.8044594417518736,False
FSMI_nm,N6342,6078,1.3924063210314295,1.5230654503032643,0.13065912927183487,0.015546841524233912,0.022113352928300068,0.06313047298987813,0.053755638340115125,0.17264514830958566,0.2777777777777778,0.9074074074074074,0.5020533967305911,0.16666666666666666,0.2505133491826478,39.25,0.15332542774842106,0.4161111392624751,-0.4802506731943206,0.8169387336548062,1.0,0.4417819989347277,0.6851851851851852,False,0.2505133491826478,0.7494866508173522,False
FSMI_nm,N6342,6080,3.486930250089525,2.0662920787026486,1.4206381713868765,0.08351203848987043,0.05216843521907054,0.15499317922403635,0.13474688405389715,0.39593470007791587,0.7962962962962963,0.9444444444444444,0.8672125536272663,0.5370370370370371,0.6195809161845944,39.5,0.18293182470698224,0.5174605979103544,0.3978748321666743,0.5693098754216823,0.6717461034044189,0.5659158564073801,0.7222222222222222,False,0.6195809161845944,0.38041908381540557,False
FSMI_nm,N6342,6081,0.8928726233487373,4.308887613157931,3.416014989809194,0.0321941734088913,0.2834387500797255,0.248315698901855,0.37687502432255554,1.4934184667471913,0.5,0.7962962962962963,0.6309898162000304,0.9074074074074074,0.8383030096055631,37.75,0.14007375722602697,0.39720870034443545,-0.5611382948231044,-1.1161923459350254,1.0,1.0,0.6111111111111112,False,0.8383030096055631,0.16169699039443686,False
FSMI_nm,N6342,6082,1.5697987651446832,2.638996957126992,1.0691981919823088,0.14723780583393298,0.17706700848622772,0.37407964855444037,0.31786026138539547,1.1872320756886143,0.9074074074074074,0.6111111111111112,0.7446655282549297,0.8333333333333334,0.8111663820637325,32.0,0.15240904579562156,0.41006429242791564,0.6209026208659658,0.12464667631330091,0.5374590967928903,0.8828087647346151,0.6481481481481481,False,0.8111663820637325,0.18883361793626752,False
FSMI_nm,N6342,6084,1.3458682689199004,2.23142916657393,0.8855608976540297,0.0405457365262869,0.17894938129469423,0.08545234342639169,0.15751617823737357,0.5525725649304978,0.5370370370370371,0.5,0.5181877251716008,0.6481481481481481,0.6156580424040113,31.0,0.03898550299595663,0.11445205306176975,-0.3293299157069853,-1.3208444406403705,1.0,1.0,0.16666666666666666,False,0.6156580424040113,0.38434195759598866,False
FSMI_nm,N6342,6085,1.86691079236755,2.50748383590462,0.6405730435370698,0.0,0.1929101701878545,0.2921958480229083,0.2710580422454397,0.9433670002521755,0.16666666666666666,0.5370370370370371,0.29917582261858355,0.7962962962962963,0.6720161778768681,31.25,0.05922566473588925,0.17525652274286574,-1.2241158925866222,-0.5685081228747871,1.0,1.0,0.24074074074074073,False,0.6720161778768681,0.32798382212313193,False
FSMI_nm,N6342,6090,2.022297889711494,2.276439809361932,0.2541419196504382,0.0796948472275063,0.20794261860845378,0.06499043201605341,0.16139162244867084,0.6072159949622158,0.7592592592592593,0.12962962962962962,0.313723599001804,0.7222222222222222,0.6200975664171177,25.25,0.08054950665181261,0.2414693938068596,-0.8074733925226213,1.4234067441481517,1.0,0.2408919601480151,0.35185185185185186,False,0.6200975664171177,0.37990243358288234,False
FSMI_nm,N6342,6094,3.459780024999232,1.2149819469909573,2.244798078008275,0.020107448972688236,0.06876004799094214,0.08004537225730547,0.08150047560533072,0.2926662656442456,0.3148148148148148,0.42592592592592593,0.36617999876454055,0.09259259259259259,0.16098944413557958,30.0,0.13618277533364537,0.37664210390537045,0.4090838070193731,-0.9452440315280171,0.6642585604593578,1.0,0.5370370370370371,False,0.16098944413557958,0.8390105558644204,False
FSMI_nm,N6342,6095,7.857275141594466,2.275065728668693,5.582209412925773,0.043779139618105756,0.2243423519082455,0.07250321362058398,0.16253781262786476,0.6709685981070004,0.6111111111111112,0.35185185185185186,0.4637031120573672,0.6851851851851852,0.6298146669032307,28.75,0.0910115084975867,0.2536439140200051,-0.1101893403950063,-0.39847193839000594,1.0,1.0,0.3888888888888889,False,0.6298146669032307,0.37018533309676926,False
FSMI_nm,N6342,6099,8.69575314178455,2.0036420525196523,6.692111089264898,0.021535726703695746,0.027011037145314613,0.08657737723945835,0.07102092789206695,0.26965519888277756,0.3888888888888889,0.5,0.44095855184409843,0.46296296296296297,0.4574618601832468,31.0,0.018480275688333072,0.058493301548698806,0.813899271818386,-1.311449809173821,0.4431268211931472,1.0,0.018518518518518517,False,0.45746186018324675,0.5425381398167533,False
FSMI_nm,N6342,6101,0.3286650711030523,2.1340824018331057,1.8054173307300534,0.05717893634487181,0.055802032604698557,0.06868791302416158,0.0662381783616245,0.20069638156226666,0.6851851851851852,0.9074074074074074,0.788506253927547,0.5740740740740741,0.6276821190374423,39.25,0.12994962644802108,0.35115417328555487,-0.2695053981375831,0.7891096432131267,1.0,0.45424905901879714,0.46296296296296297,False,0.6276821190374423,0.3723178809625577,False
FSMI_nm,N6342,N6358,0.8146778778150339,1.7172590536252819,0.902581175810248,0.0,0.051474953111744215,0.052236374696525666,0.08719439803938896,0.25591477388060824,0.16666666666666666,0.24074074074074073,0.20030840419244383,0.24074074074074073,0.2306326566036665,27.0,0.24551727691862912,0.6647907533332758,0.22008520167831844,0.9033309612621973,0.8024504249268001,0.40521764495813584,0.7962962962962963,False,0.2306326566036665,0.7693673433963335,False
FSMI_nm,N6342,N6382,1.0237676864754848,5.1111225543165535,4.087354867841069,0.09271094189678752,1.447674530287801,1.114905690690406,1.3586745888025467,5.217237484241347,0.8333333333333334,0.018518518518518517,0.12422599874998831,0.9444444444444444,0.7393898330208304,19.5,0.21256415592889188,0.568480419959372,3.9980665011621164,2.3215687636493927,0.018351086413071063,0.09811953843895937,0.7592592592592593,False,0.7393898330208304,0.2606101669791696,False
FSMI_nm,N6342,N6389,1.7659275986645624,1.940360719034956,0.1744331203703937,0.029028775713539456,0.09336335191845263,0.04596099759430434,0.08311919165496325,0.28446268731977287,0.46296296296296297,0.05555555555555555,0.16037507477489604,0.3888888888888889,0.3317604353603907,21.5,0.30179178254951766,0.8555359564134967,0.08751249653448932,3.0246438894446164,0.9162074221616879,0.0485751163019996,0.9074074074074074,True,0.9074074074074074,0.09259259259259256,False
FSMI_nm,N6342,N6390,1.7769079672453123,5.756107267413691,3.979199300168379,0.04909137110462236,1.446126845145429,0.6558420526712131,1.3431249591075156,4.94202302951488,0.6481481481481481,0.09259259259259259,0.24497697324672135,0.9814814814814815,0.7973553544227915,22.0,0.3135531843948415,0.8354468714698111,9.447447775418594,-0.043382226482388264,7.889065521877856e-05,1.0,0.9444444444444444,True,0.9444444444444444,0.05555555555555558,False
FSMI_nm,N6358,6022,1.2832086750870029,0.3985785444809424,0.8846301306060604,1.3706050792938833,0.5484768076397321,0.8469185343055785,0.7088143529926133,1.8819610350621532,0.9814814814814815,0.24074074074074073,0.4860890647558032,0.05555555555555555,0.16318893285561747,27.0,0.37967614116811954,1.0343503200226305,4.307843322902653,53.79005218427123,0.0134625526869024,4.357898943786152e-24,0.9444444444444444,True,0.9444444444444444,0.05555555555555558,False
FSMI_nm,N6358,6028,4.415429811910861,2.472481554788543,1.942948257122318,0.08605782726615008,0.1347691599950714,0.4286404111004238,0.352390793352801,1.3008686408502719,0.7962962962962963,0.42592592592592593,0.5823772293894959,0.6481481481481481,0.631705418458485,30.0,0.09202341418334072,0.26715825887022704,-0.9020351137235983,0.36379904006914526,1.0,0.6950308540618513,0.35185185185185186,False,0.631705418458485,0.36829458154151495,False
FSMI_nm,N6358,6029,2.0210013039871706,1.6937704180031303,0.32723088598404027,0.0,0.2787195513583253,0.03908226162399329,0.1911748504456854,0.7457330752333999,0.16666666666666666,0.6481481481481481,0.32867109906108977,0.24074074074074073,0.262723330320828,33.5,0.13880157668290954,0.37708384543569784,-0.7437718132905269,64.39383160683218,1.0,1.0817185181561508e-28,0.6481481481481481,False,0.26272333032082806,0.7372766696791719,False
FSMI_nm,N6358,6033,1.8207478300807216,2.3135079915919152,0.4927601615111936,0.0,0.20331018134650478,0.22475275684242743,0.25001928713604293,1.029855113905822,0.16666666666666666,0.9814814814814815,0.4044505494044732,0.5370370370370371,0.5038904151288961,40.25,0.058963347203137215,0.18464959094323308,-8.138728292844701e-05,1.5715849926257894,1.0,0.2077156934648643,0.2037037037037037,False,0.5038904151288961,0.4961095848711039,False
FSMI_nm,N6358,6047,2.946053864791246,2.681093025665599,0.26496083912564705,0.017319197232330552,0.13008026325054226,0.06226673998457433,0.13091577686863576,0.5182282745697413,0.46296296296296297,0.5740740740740741,0.5155337372990761,0.7592592592592593,0.6983278787692134,31.5,0.07023102331145094,0.18962548033942106,-0.7725981071612109,-1.9337847998235258,1.0,1.0,0.3148148148148148,False,0.6983278787692134,0.30167212123078657,False
FSMI_nm,N6358,6048,1.599313301289055,1.8861682664523602,0.2868549651633052,0.18232010819328526,0.18184483349532513,0.2665121891279543,0.24554597002186565,0.7699446733754425,0.9444444444444444,0.2777777777777778,0.5121969142940493,0.3148148148148148,0.36416033968462347,27.25,0.11109602550409155,0.3093954949676958,0.5344110920409967,-0.2075950499607603,0.586014297029783,1.0,0.46296296296296297,False,0.36416033968462347,0.6358396603153765,False
FSMI_nm,N6358,6056,2.284561920801109,1.9428832502999054,0.3416786705012038,0.0,0.12660815167139405,0.38768768025752265,0.34592820303811334,1.1039011621688766,0.16666666666666666,0.6851851851851852,0.33793125168323446,0.35185185185185186,0.3483717018096975,34.5,0.12102172700996473,0.3359321171747436,-0.8425224449694985,-0.4785186712376263,1.0,1.0,0.5740740740740741,False,0.34837170180969745,0.6516282981903025,False
FSMI_nm,N6358,6057,3.4970517461895976,1.3560459838824668,2.141005762307131,0.027671531189382703,0.0838013291171866,0.036915362313679305,0.06330768332174785,0.210732820412169,0.5740740740740741,0.8333333333333334,0.6916610887771518,0.09259259259259259,0.2423597166387324,39.0,0.11641445046841677,0.33483152510468744,-0.27621470148936333,-0.018828910784058732,1.0,1.0,0.5,False,0.24235971663873235,0.7576402833612677,False
FSMI_nm,N6358,6062,2.9196668297119017,3.280050639040936,0.36038380932903413,0.0,0.4415334114503126,0.0947763895703324,0.309740926042402,1.1367426303902546,0.16666666666666666,0.7592592592592593,0.35572912430182496,0.9074074074074074,0.7694878366310118,37.5,0.26359331612662773,0.7339288354354,-1.0237411366224645,0.18859457704676233,1.0,0.8281221783848343,0.8703703703703703,False,0.7694878366310118,0.23051216336898817,False
FSMI_nm,N6358,6063,4.4421744453751355,2.6767232104821246,1.765451234893011,0.0114478471143733,0.3001644744962569,0.30724129069487277,0.3161657704835477,0.9498194203114809,0.35185185185185186,0.24074074074074073,0.2910413638055872,0.7222222222222222,0.6144270076180635,27.0,0.009315812232597726,0.02943334935815356,-0.23267528324706394,2.4163818672755455,1.0,0.08924393040732641,0.018518518518518517,False,0.6144270076180635,0.38557299238193654,False
FSMI_nm,N6358,6070,2.307992993047587,2.159883541701425,0.14810945134616205,0.10236690409003035,0.15211800940637016,0.05098388154308227,0.11759821763220987,0.3997978108885638,0.8703703703703703,0.3148148148148148,0.5234553342630581,0.42592592592592593,0.45030827801020895,27.5,0.020820037808458886,0.06301736472074515,-0.41822559495307743,-0.2210120132338536,1.0,1.0,0.09259259259259259,False,0.450308278010209,0.549691721989791,False
FSMI_nm,N6358,6072,1.4268834691757484,1.397169665668727,0.029713803507021463,0.0,0.06144104313411229,0.09338080384542252,0.0929919145502643,0.28395164848951837,0.16666666666666666,0.7592592592592593,0.35572912430182496,0.12962962962962962,0.18615450329767846,37.5,0.2218313710759757,0.5907797048222565,1.1748962646785865,0.007797974700066744,0.30885101678579696,0.9922323506280676,0.8333333333333334,False,0.18615450329767846,0.8138454967023215,False
FSMI_nm,N6358,6078,1.3924063210314295,1.6607648272070128,0.2683585061755833,0.0011532115811108135,0.060830449627250774,0.06156399374014783,0.06562253195675284,0.25702633038928013,0.2037037037037037,0.9074074074074074,0.4299328431942185,0.2037037037037037,0.2602609885763324,39.25,0.165935967026144,0.4481233859820598,-0.7538894433124753,0.858800839892588,1.0,0.42366982577784074,0.7962962962962963,False,0.2602609885763324,0.7397390114236676,False
FSMI_nm,N6358,6080,3.486930250089525,2.027665286951697,1.4592649631378283,0.018974023974708043,0.058760748788390445,0.14835579890693248,0.13606835183025584,0.391552605982318,0.5,0.9444444444444444,0.6871842709362768,0.3888888888888889,0.4634627344007359,39.5,0.16473458930650386,0.47232703680480415,0.871949405729339,0.6967618726652942,0.41813563822641414,0.4981959165148368,0.7592592592592593,False,0.4634627344007358,0.5365372655992642,False
FSMI_nm,N6358,6081,0.8928726233487373,4.124559141312185,3.2316865179634475,0.004303071666194924,0.1652661387078515,0.12375524785544062,0.23024241798531758,0.7892533977367902,0.2777777777777778,0.7962962962962963,0.470312040711122,0.9814814814814815,0.8536891212888916,37.75,0.11671575982840436,0.3183278153729949,-0.7511967723112808,-1.1145889509101676,1.0,1.0,0.5370370370370371,False,0.8536891212888916,0.14631087871110837,False
FSMI_nm,N6358,6082,1.5697987651446832,2.1795754830796144,0.6097767179349312,0.1501552391095906,0.0704607531201734,0.3391767711793254,0.2720768072161076,1.075527872722377,0.9074074074074074,0.6111111111111112,0.7446655282549297,0.46296296296296297,0.5333886042859546,32.0,0.04713506117485498,0.13706022833862408,0.9005081583794741,0.0990803157780667,0.40636311044548423,0.90566996551445,0.12962962962962962,False,0.5333886042859546,0.4666113957140454,False
FSMI_nm,N6358,6084,1.3458682689199004,2.401795458180999,1.0559271892610984,0.0702668077201305,0.2069578814619775,0.1233460087523659,0.19680205651636642,0.6889711567279455,0.7222222222222222,0.5,0.6009252125773316,0.6111111111111112,0.6085646364776662,31.0,0.01737639254306849,0.05212753024925798,-0.2838910723379691,-1.670303635742595,1.0,1.0,0.05555555555555555,False,0.6085646364776662,0.39143536352233377,False
FSMI_nm,N6358,6085,1.86691079236755,3.031290559357587,1.164379766990037,0.0397590252827289,0.20533894281592247,0.453252083989591,0.3923490797276043,1.4660622182775014,0.6481481481481481,0.5370370370370371,0.589982678595333,0.8703703703703703,0.8002734474266111,31.25,0.050907675547408604,0.15252169727962306,-1.4762480452078028,-0.6279900383116336,1.0,1.0,0.16666666666666666,False,0.8002734474266111,0.1997265525733889,False
FSMI_nm,N6358,6090,2.022297889711494,2.927263511345705,0.904965621634211,0.10090002494367845,0.3234027125105506,0.11558336884957958,0.25251514526328034,0.9493324698973868,0.8333333333333334,0.16666666666666666,0.37267799624996495,0.8333333333333334,0.7181694990624913,25.25,0.09780653482105285,0.27117146114715474,-0.7523228627898266,1.526809795919987,1.0,0.21722756334330298,0.3888888888888889,False,0.7181694990624913,0.2818305009375087,False
FSMI_nm,N6358,6094,3.459780024999232,1.4646152575027342,1.9951647674964976,0.012851701051638464,0.09522580297973042,0.10242643574582058,0.10729121145160866,0.370131256885301,0.3888888888888889,0.42592592592592593,0.4069863143673317,0.16666666666666666,0.22674657859183292,30.0,0.10266745774712097,0.2843167698503202,0.6328405436308076,-0.9941778140647967,0.5310810973842862,1.0,0.42592592592592593,False,0.2267465785918329,0.7732534214081671,False
FSMI_nm,N6358,6095,7.857275141594466,2.7833565745628213,5.073918567031646,0.006273165759937527,0.14058634498385672,0.06805566645064741,0.10923035684522366,0.4117113052671977,0.3148148148148148,0.35185185185185186,0.33281853251132276,0.7962962962962963,0.6804268553500529,28.75,0.1228029085118771,0.35012419428111174,-0.019936996789155535,-0.2983006870306856,1.0,1.0,0.6111111111111112,False,0.6804268553500529,0.3195731446499471,False
FSMI_nm,N6358,6099,8.69575314178455,2.6338400794064607,6.061913062378089,0.015069585354238857,0.03731254856995703,0.11131020479922382,0.09869472552677448,0.27263228992124944,0.42592592592592593,0.5,0.46147910349544863,0.6851851851851852,0.6292586647627512,31.0,0.06734401073568877,0.17898510728278572,0.9163647827618785,-1.5281730752887197,0.39997038074159036,1.0,0.2777777777777778,False,0.6292586647627512,0.37074133523724884,False
FSMI_nm,N6358,6101,0.3286650711030523,2.253374935879539,1.9247098647764869,0.03966498947513486,0.06422282135185632,0.09320107201188588,0.0859263945141603,0.296025217154845,0.6111111111111112,0.9074074074074074,0.7446655282549297,0.5,0.5611663820637325,39.25,0.1528865718431866,0.40596330550920023,-0.37192142730016237,0.6636832009278181,1.0,0.5149511686713437,0.7222222222222222,False,0.5611663820637325,0.4388336179362675,False
FSMI_nm,N6358,N6342,0.7560989711345802,1.7781396589032674,1.0220406877686872,0.07610163175037443,0.19557988542345037,0.07122421874873729,0.14046901918987953,0.5157818665945555,0.7592592592592593,0.05555555555555555,0.20538030567424848,0.2777777777777778,0.2596784097518955,21.0,0.15164127584429424,0.4343075745559415,2.514451258760766,0.028327191028940678,0.0809072971981799,0.9720702620943243,0.6851851851851852,False,0.2596784097518955,0.7403215902481045,False
FSMI_nm,N6358,N6382,1.0237676864754848,0.3972916595560893,0.6264760269193954,0.023547338914220783,0.01655346418914751,0.18209137122253213,0.15297816441788098,0.5413901353519783,0.5370370370370371,0.018518518518518517,0.09972527420619452,0.018518518518518517,0.038820207440437515,19.5,0.41588374455994503,1.124247090226524,6.892401248581425,1.2217405237593946,0.00101547250912414,0.29471675873318104,0.9814814814814815,True,0.9814814814814815,0.01851851851851849,False
FSMI_nm,N6358,N6389,1.7659275986645624,2.375804319425843,0.6098767207612807,0.0020809759054882804,0.15500128318115505,0.057499603859857244,0.13250990986975958,0.4487846036826433,0.24074074074074073,0.09259259259259259,0.1493010694129361,0.5740740740740741,0.46788082290878963,21.5,0.3552543036639552,0.9778311754040014,0.23352553433172984,2.8363492463364506,0.7917373789972597,0.05863935350150972,0.9074074074074074,True,0.9074074074074074,0.09259259259259256,False
FSMI_nm,N6358,N6390,1.7769079672453123,3.836310355911396,2.0594023886660837,0.06933699286412232,1.36204872200995,0.4577955265246214,1.0504394831099737,3.402966121741867,0.6851851851851852,0.12962962962962962,0.2980273507302052,0.9444444444444444,0.7828401710158845,22.0,0.06319868123221122,0.1697069876386419,9.871263104286832,0.4331953095432777,5.163746390305365e-05,0.6484338341206636,0.24074074074074073,False,0.7828401710158845,0.21715982898411545,False
FSMI_nm,N6382,6022,1.2832086750870029,0.7360422770226198,0.547166398064383,0.937039756253589,0.37427636145814086,0.6297766846845024,0.522341350729013,1.4647223773996823,0.9814814814814815,0.24074074074074073,0.4860890647558032,0.018518518518518517,0.13541115507783968,27.0,0.41611215145395375,1.1184392485273462,3.6264635117114676,57.99247810678763,0.026610124595791013,6.51908684092811e-26,0.9814814814814815,True,0.9814814814814815,0.01851851851851849,False
FSMI_nm,N6382,6028,4.415429811910861,2.912880936891518,1.5025488750193428,0.171132028458429,0.17938803931894284,0.5797852567825834,0.475342578712057,1.652738107632395,0.9074074074074074,0.42592592592592593,0.6216818641331303,0.7592592592592593,0.7248649104777269,30.0,0.11824558484009966,0.3364169031398747,-0.8463793605170561,0.2530296393762748,1.0,0.7764448681410804,0.3888888888888889,False,0.7248649104777269,0.27513508952227306,False
FSMI_nm,N6382,6029,2.0210013039871706,1.6282008415523788,0.39280046243479183,0.04837302595983184,0.14451288396386486,0.07194913741573442,0.11386486542040082,0.4174706721910304,0.6851851851851852,0.6481481481481481,0.6664094153869105,0.2037037037037037,0.3193801316245054,33.5,0.12483866903834749,0.35658382136302985,-1.0319897024357614,76.36206863929331,1.0,6.860803221077779e-34,0.46296296296296297,False,0.3193801316245054,0.6806198683754946,False
FSMI_nm,N6382,6033,1.8207478300807216,1.7310872438525697,0.08966058622815187,0.09328088920013577,0.15719929989003883,0.22740356554775734,0.2070446650308353,0.694067219231568,0.7592592592592593,0.9814814814814815,0.8632490385782715,0.3148148148148148,0.451923370755679,40.25,0.10042283250780457,0.2681852910091401,-0.5145335374305522,1.5909363112683856,1.0,0.20373476324677167,0.2777777777777778,False,0.451923370755679,0.548076629244321,False
FSMI_nm,N6382,6047,2.946053864791246,2.2552259037411857,0.6908279610500605,0.006161420674886564,0.15061069941907507,0.06436397078534983,0.12783061015937489,0.489145212878334,0.2037037037037037,0.5740740740740741,0.3419663946781368,0.5740740740740741,0.5160471542250897,31.5,0.046795791881395515,0.13527338682482282,-1.2433312536916203,-1.7734847030399403,1.0,1.0,0.09259259259259259,False,0.5160471542250897,0.48395284577491027,False
FSMI_nm,N6382,6048,1.599313301289055,1.8050313535753695,0.20571805228631446,0.08629880193865658,0.14477033417611768,0.32599493028319876,0.28160711847458214,0.9257486765175678,0.7222222222222222,0.2777777777777778,0.4479032082388083,0.3888888888888889,0.4036424687263688,27.25,0.1578013244875154,0.4380822308458774,0.3035267952850698,-0.26684241559401556,0.7382101083164899,1.0,0.6111111111111112,False,0.4036424687263688,0.5963575312736312,False
FSMI_nm,N6382,6056,2.284561920801109,1.6385633687974326,0.6459985520036766,0.0,0.11564337270349333,0.33956124947669625,0.29854258308880827,1.0747322950037348,0.12962962962962962,0.6851851851851852,0.2980273507302052,0.24074074074074073,0.25506239323810687,34.5,0.11934006743723166,0.3312991315222995,-0.9106762473715487,-0.3881173168357829,1.0,1.0,0.42592592592592593,False,0.25506239323810687,0.7449376067618931,False
FSMI_nm,N6382,6057,3.4970517461895976,0.9312908412676245,2.565760904921973,0.024627849991258777,0.07197482731710607,0.028908429446286705,0.05403818101753709,0.18462735952925868,0.42592592592592593,0.8333333333333334,0.5957669608202005,0.05555555555555555,0.1906084068717168,39.0,0.15361834503329444,0.4087408956497426,-0.31936168202018456,-0.08618425249119809,1.0,1.0,0.5370370370370371,False,0.19060840687171676,0.8093915931282832,False
FSMI_nm,N6382,6062,2.9196668297119017,3.5237006576080843,0.6040338278961825,0.0,0.568484520380887,0.10005513477749757,0.39338962207291606,1.5164492410598465,0.12962962962962962,0.7592592592592593,0.313723599001804,0.9814814814814815,0.8145420108615622,37.5,0.32435694994650854,0.8873968024158274,-0.9668752704500899,-0.030317878150165904,1.0,1.0,0.9444444444444444,True,0.9444444444444444,0.05555555555555558,False
FSMI_nm,N6382,6063,4.4421744453751355,2.4624402947535033,1.9797341506216322,0.042546058372659346,0.3065014904691823,0.3446609513525062,0.3427194180549424,1.1313483121707464,0.6481481481481481,0.24074074074074073,0.39501350014262115,0.6481481481481481,0.5848644861467664,27.0,0.05502395927986486,0.17333832158967666,-0.19033193072618884,3.191683706737364,1.0,0.04110260790825619,0.16666666666666666,False,0.5848644861467664,0.41513551385323355,False
FSMI_nm,N6382,6070,2.307992993047587,1.8744871168195003,0.43350587622808656,0.04073674162197327,0.10128085025053639,0.023559507334032746,0.0744723061951171,0.26434662550101495,0.6111111111111112,0.3148148148148148,0.4386192326787782,0.46296296296296297,0.45687703039191674,27.5,0.034185673382701925,0.1031805922390443,-0.22290194083116588,-0.3198743281998984,1.0,1.0,0.05555555555555555,False,0.45687703039191674,0.5431229696080833,False
FSMI_nm,N6382,6072,1.4268834691757484,1.1054481743021585,0.3214352948735899,0.017336111158439582,0.07424986456395259,0.0864111202421619,0.10272635882834229,0.3811710805930053,0.35185185185185186,0.7592592592592593,0.5168624347019579,0.09259259259259259,0.19866005311993393,37.5,0.21318378645701147,0.5881454141206756,1.6164152858007914,-0.062385982754947444,0.19860938239747414,1.0,0.7962962962962963,False,0.19866005311993395,0.801339946880066,False
FSMI_nm,N6382,6078,1.3924063210314295,1.6989088373985717,0.3065025163671422,0.012377142524232942,0.08147145688722374,0.04533681925249194,0.0660051612331741,0.24934249411279508,0.24074074074074073,0.9074074074074074,0.46738627644903563,0.2777777777777778,0.32517990244559225,39.25,0.1664629272244603,0.4579869540310635,-0.6261968629226411,0.7488670658798661,1.0,0.4729020161909573,0.6481481481481481,False,0.32517990244559225,0.6748200975544077,False
FSMI_nm,N6382,6080,3.486930250089525,2.234529724480561,1.252400525608964,0.0,0.06731155961109732,0.11184591865440677,0.11700573874520072,0.33572764693452317,0.12962962962962962,0.9444444444444444,0.3498971042165034,0.5370370370370371,0.4902520538319036,39.5,0.16768126577891743,0.4801679104909074,0.6110008630967855,0.6041444896335119,0.5428073212948676,0.5465417988649599,0.6851851851851852,False,0.4902520538319036,0.5097479461680964,False
FSMI_nm,N6382,6081,0.8928726233487373,3.3800293934172427,2.4871567700685056,0.03728279797612055,0.11789965127804035,0.11370002964514059,0.16075172295843337,0.549073405141479,0.5370370370370371,0.7962962962962963,0.6539423549262806,0.9444444444444444,0.8718189220649034,37.75,0.061255391091066945,0.17434285211856437,-0.820992688266167,-1.3231525152235257,1.0,1.0,0.24074074074074073,False,0.8718189220649034,0.1281810779350966,False
FSMI_nm,N6382,6082,1.5697987651446832,2.5942186074221794,1.0244198422774962,0.14884914995383047,0.10160122931268979,0.37744427454076945,0.30489328354444956,1.2114694695485508,0.8703703703703703,0.6111111111111112,0.7293099506487117,0.7222222222222222,0.7239941543288446,32.0,0.15397236633066466,0.41941956663629776,0.811281960172773,0.1268561121674815,0.44428814128809274,0.8808604085739968,0.5740740740740741,False,0.7239941543288446,0.2760058456711554,False
FSMI_nm,N6382,6084,1.3458682689199004,2.2811797520744594,0.935311483154559,0.0988328321193439,0.2225348678749308,0.1687824260915719,0.22895840968431058,0.8392303257916962,0.7962962962962963,0.5,0.6309898162000304,0.6111111111111112,0.6160807873833409,31.0,0.0326873404937733,0.09592838385555824,-0.22816573809041454,-1.4262667078945306,1.0,1.0,0.018518518518518517,False,0.6160807873833409,0.38391921261665907,False
FSMI_nm,N6382,6085,1.86691079236755,3.2985432596910957,1.4316324673235457,0.023405891447920713,0.2668689825141785,0.578209407437737,0.4958720629231402,1.9030040236743466,0.3888888888888889,0.5370370370370371,0.4569986177501136,0.9074074074074074,0.794805209993084,31.25,0.055949724343720475,0.16616498117463818,-1.8027295537881802,-0.644604363636137,1.0,1.0,0.2037037037037037,False,0.794805209993084,0.20519479000691598,False
FSMI_nm,N6382,6090,2.022297889711494,3.031946187693864,1.0096482979823702,0.037439921091852124,0.2883081151858234,0.12737768839528973,0.23067615849479026,0.8875281072834791,0.5740740740740741,0.12962962962962962,0.2727948122714118,0.8703703703703703,0.7209764808456307,25.25,0.10168513870027648,0.2851174242307122,-0.6917541615157728,1.4629709844048895,1.0,0.23154732831058364,0.3148148148148148,False,0.7209764808456307,0.2790235191543693,False
FSMI_nm,N6382,6094,3.459780024999232,1.3482053449299596,2.111574680069272,0.015936025876231108,0.07379154510182806,0.09877283140603914,0.0951622421950359,0.3496158428610605,0.3148148148148148,0.42592592592592593,0.36617999876454055,0.12962962962962962,0.18876722191335735,30.0,0.10171216532128129,0.2779639209632675,0.37189107443329417,-1.0093897326519052,0.6894293349154168,1.0,0.35185185185185186,False,0.18876722191335737,0.8112327780866426,False
FSMI_nm,N6382,6095,7.857275141594466,2.9621573361823423,4.895117805412124,0.036488192313234524,0.24754936740919606,0.08308119496129197,0.1799228025165336,0.7213686241695054,0.5,0.35185185185185186,0.41943524640393054,0.8333333333333334,0.7298588116009826,28.75,0.2014415257173844,0.5532141596829824,-0.06577179682147472,-0.542651426116701,1.0,1.0,0.7592592592592593,False,0.7298588116009826,0.27014118839901735,False
FSMI_nm,N6382,6099,8.69575314178455,2.9606313410377036,5.735121800746846,0.03280062476850576,0.07450090165928673,0.18619963798788716,0.15900927117515032,0.4912605884473078,0.46296296296296297,0.5,0.4811252243246881,0.7962962962962963,0.7175035283033943,31.0,0.1338713785137815,0.3744077738637981,0.37508177162811124,-1.307906773038086,0.6872330803254134,1.0,0.5,False,0.7175035283033943,0.28249647169660574,False
FSMI_nm,N6382,6101,0.3286650711030523,1.8442824315839614,1.5156173604809091,0.01460325705302723,0.05892529916450427,0.0932462623358195,0.084442588149495,0.3001621450952774,0.2777777777777778,0.9074074074074074,0.5020533967305911,0.42592592592592593,0.4449577936270922,39.25,0.2291607817791585,0.6085517082799501,-0.13192019093206425,0.9460821721079159,1.0,0.38825918021976813,0.8333333333333334,False,0.4449577936270922,0.5550422063729078,False
FSMI_nm,N6382,N6342,0.7560989711345802,1.800671674427669,1.0445727032930887,0.33195981675708075,0.22283536151918668,0.6671810284633067,0.5924942253980566,2.2387258889222315,0.9444444444444444,0.018518518518518517,0.13224867460264536,0.35185185185185186,0.29695105753955026,21.0,0.18566828653989928,0.5133129263925761,2.3068453106145896,0.3606789031710498,0.0995748844233486,0.6972028321473447,0.7222222222222222,False,0.2969510575395502,0.7030489424604498,False
FSMI_nm,N6382,N6358,0.8146778778150339,1.5704922263352905,0.7558143485202566,0.0038485878791907346,0.10248059477369774,0.04667949189173848,0.11806293105993376,0.4311864000626655,0.16666666666666666,0.24074074074074073,0.20030840419244383,0.16666666666666666,0.17507710104811097,27.0,0.266323642477242,0.7235557177879302,0.7838787336498882,1.0585891561939398,0.45663142029163256,0.34694495033307166,0.8703703703703703,False,0.17507710104811092,0.8249228989518891,False
FSMI_nm,N6382,N6389,1.7659275986645624,1.9476077440965025,0.1816801454319401,0.0,0.11910722674460397,0.0666469874984149,0.09966172362419486,0.34077668130590477,0.12962962962962962,0.05555555555555555,0.08486251286955258,0.5,0.39621562821738815,21.5,0.29109274889948916,0.8163463830317939,0.27700184356860924,3.642521277376866,0.7580530995863216,0.026186237895645812,0.9074074074074074,True,0.9074074074074074,0.09259259259259256,False
FSMI_nm,N6382,N6390,1.7769079672453123,2.514520150701056,0.7376121834557439,0.14418412915387302,1.0368278513734792,0.3805028586508204,0.7801054490931328,2.466323561150011,0.8333333333333334,0.09259259259259259,0.2777777777777778,0.6851851851851852,0.5833333333333334,22.0,0.054159073290989075,0.153282804971283,10.112761308854498,-0.013952351059087414,4.055865707360934e-05,1.0,0.12962962962962962,False,0.5833333333333334,0.41666666666666663,False
FSMI_nm,N6389,6022,1.2832086750870029,1.433692710984598,0.15048403589759518,0.603638176717447,0.23261844875628748,0.5199251030425633,0.41858318259798855,1.2826274640255384,0.9814814814814815,0.24074074074074073,0.4860890647558032,0.16666666666666666,0.2465222661889508,27.0,0.2486994795231754,0.7075758528266263,3.9149095978083204,49.791693261794755,0.01994235139643574,2.375430737200838e-22,0.8703703703703703,False,0.2465222661889508,0.7534777338110492,False
FSMI_nm,N6389,6028,4.415429811910861,2.426474709614339,1.9889551022965217,0.0839821204998703,0.1320090290075419,0.43070854111389245,0.3536122180026735,1.3101246685315446,0.6481481481481481,0.42592592592592593,0.5254170725596706,0.6481481481481481,0.6174653792510287,30.0,0.04181218674037402,0.11595338475328643,-0.6092946469050217,0.3122683426863785,1.0,0.7317851326904801,0.2037037037037037,False,0.6174653792510287,0.38253462074897127,False
FSMI_nm,N6389,6029,2.0210013039871706,1.4840332207332732,0.5369680832538974,0.0,0.30004839913293785,0.07587691013895932,0.2137100149929597,0.8313303065747899,0.2037037037037037,0.6481481481481481,0.36335957167312194,0.2037037037037037,0.24361767069605825,33.5,0.15368526765570922,0.4782068069410539,-0.8041935533265777,60.26765474019708,1.0,6.700236140604331e-27,0.6111111111111112,False,0.24361767069605822,0.7563823293039418,False
FSMI_nm,N6389,6033,1.8207478300807216,2.3724090330488856,0.551661202968164,0.025714863602033677,0.15783440586283232,0.2606991001708766,0.2699421040508436,1.0612309057557785,0.46296296296296297,0.9814814814814815,0.6740842490074553,0.6111111111111112,0.6268543955851972,40.25,0.02442368368426999,0.06814455881817805,0.6545791362925307,1.3997752397287628,0.5196607229091934,0.2466523953712665,0.12962962962962962,False,0.6268543955851972,0.3731456044148028,False
FSMI_nm,N6389,6047,2.946053864791246,2.1246223094077994,0.8214315553834468,0.08104041256449479,0.09957974070509203,0.10704664033501446,0.11433097361643767,0.4416697393934863,0.6111111111111112,0.5740740740740741,0.5923031700636843,0.46296296296296297,0.4952980147381433,31.5,0.022837274806250703,0.07205020912028781,-0.7003181441318738,-1.5476914480834267,1.0,1.0,0.09259259259259259,False,0.4952980147381433,0.5047019852618567,False
FSMI_nm,N6389,6048,1.599313301289055,2.171979291726375,0.5726659904373199,0.2576924428530516,0.35658670273046955,0.4025687824460161,0.396531351599096,1.2915808291783002,0.9444444444444444,0.2777777777777778,0.5121969142940493,0.5,0.5030492285735123,27.25,0.10170779097209412,0.2879304965928061,0.5084191063722266,-0.1295183685347185,0.6014456492285799,1.0,0.46296296296296297,False,0.5030492285735123,0.4969507714264877,False
FSMI_nm,N6389,6056,2.284561920801109,1.606111255790939,0.6784506650101703,0.0,0.13521559711552822,0.38086061899544965,0.34512620359137447,1.1370894736727095,0.2037037037037037,0.6851851851851852,0.37359705558948175,0.2777777777777778,0.3017325972307038,34.5,0.16170688681614873,0.44214806752317126,-0.7787319923939794,-0.3393645978182106,1.0,1.0,0.6851851851851852,False,0.3017325972307038,0.6982674027692962,False
FSMI_nm,N6389,6057,3.4970517461895976,1.2667465749443745,2.230305171245223,0.00043224973568478653,0.07562619821325944,0.033907267343939666,0.057788098425736636,0.20102801641149148,0.24074074074074073,0.8333333333333334,0.4479032082388083,0.05555555555555555,0.15364246872636875,39.0,0.08141601038870105,0.22041478916260404,-0.33101625463365447,-0.11482287358145223,1.0,1.0,0.3148148148148148,False,0.15364246872636877,0.8463575312736312,False
FSMI_nm,N6389,6062,2.9196668297119017,3.096099241658288,0.17643241194638648,0.0017765600492558598,0.37569121841336417,0.06982336525440014,0.2602678240070521,0.9844499197386041,0.2777777777777778,0.7592592592592593,0.45924432472730536,0.9444444444444444,0.8231444145151596,37.5,0.2914194802782382,0.8062977711945489,-0.854397431455191,0.02561038815511383,1.0,0.9747147760609157,0.9444444444444444,True,0.9444444444444444,0.05555555555555558,False
FSMI_nm,N6389,6063,4.4421744453751355,2.371601420832925,2.0705730245422105,0.0,0.3739507953490648,0.40396799950472556,0.4083447703503016,1.3301935992487746,0.2037037037037037,0.24074074074074073,0.22144927302039624,0.5740740740740741,0.48591787381065465,27.0,0.08327800216165337,0.24390763846839314,-0.049093170800705785,2.699013259709375,1.0,0.06727185985522494,0.35185185185185186,False,0.48591787381065465,0.5140821261893453,False
FSMI_nm,N6389,6070,2.307992993047587,2.046334729141366,0.26165826390622104,0.03245935690200108,0.07896028261566364,0.0271867636531472,0.06405362790587973,0.19342355922984633,0.5740740740740741,0.3148148148148148,0.4251200104907036,0.3888888888888889,0.3979466692893426,27.5,0.012086430827799375,0.03638153406694389,-0.3723025804630201,-0.16784989448964616,1.0,1.0,0.018518518518518517,False,0.3979466692893425,0.6020533307106575,False
FSMI_nm,N6389,6072,1.4268834691757484,1.3296842426854434,0.09719922649030499,0.012875903921212961,0.04861510834161429,0.08167977342395091,0.08268030566794413,0.2793618874994388,0.35185185185185186,0.7592592592592593,0.5168624347019579,0.09259259259259259,0.19866005311993393,37.5,0.16932842759094666,0.46470366686787756,1.0424029389584224,-0.02860745554608217,0.3526063715607036,1.0,0.7592592592592593,False,0.19866005311993395,0.801339946880066,False
FSMI_nm,N6389,6078,1.3924063210314295,1.9503727534205269,0.5579664323890974,0.008476223526972415,0.030212182008116723,0.019603151533554526,0.02630059359245724,0.09553508988262216,0.3148148148148148,0.9074074074074074,0.5344766551726597,0.35185185185185186,0.3975080526820538,39.25,0.13548814762166678,0.3789155868155205,-0.5946024076897137,1.0771959968118787,1.0,0.340549088853881,0.5370370370370371,False,0.3975080526820538,0.6024919473179462,False
FSMI_nm,N6389,6080,3.486930250089525,2.097486085415656,1.3894441646738693,0.0,0.06947226494436576,0.09316874656763793,0.10454615870623901,0.3086005726140362,0.2037037037037037,0.9444444444444444,0.43861923267877817,0.42592592592592593,0.42909925261413895,39.5,0.1223942065868422,0.34132332222247935,0.6619463678254898,0.7107303509582024,0.5158463300551086,0.49128525574292403,0.5,False,0.42909925261413895,0.570900747385861,False
FSMI_nm,N6389,6081,0.8928726233487373,3.8452008093639707,2.9523281860152335,0.12813661139738164,0.17827353561482623,0.21457392532407266,0.24604821542201108,0.9405627465059863,0.8333333333333334,0.7962962962962963,0.8146043499230656,0.9814814814814815,0.9397621985918776,37.75,0.08794580371914802,0.24425610826094668,-0.8863262195338212,-0.978343894509394,1.0,1.0,0.3888888888888889,False,0.9397621985918776,0.060237801408122404,False
FSMI_nm,N6389,6082,1.5697987651446832,2.8015207733520997,1.2317220082074165,0.1862685787981655,0.1484973941726123,0.45522909777711745,0.37540127949409474,1.5495810534937176,0.9074074074074074,0.6111111111111112,0.7446655282549297,0.8703703703703703,0.8389441598415102,32.0,0.19304034955087152,0.5355229865791967,1.2989705742828386,0.08465800506006411,0.2728124887233984,0.9188264646759614,0.8333333333333334,False,0.8389441598415102,0.16105584015848984,False
FSMI_nm,N6389,6084,1.3458682689199004,2.4290278617779415,1.083159592858041,0.09892835119859056,0.22845420654817103,0.19396009750286256,0.24481300707293918,0.8745680074317677,0.7592592592592593,0.5,0.6161409170227454,0.6851851851851852,0.6679241181445753,31.0,0.02976558446126705,0.09027499524759319,-0.3716792346242405,-1.3056047065185101,1.0,1.0,0.16666666666666666,False,0.6679241181445753,0.3320758818554247,False
FSMI_nm,N6389,6085,1.86691079236755,2.771936866808743,0.9050260744411931,0.0,0.21835325783195084,0.39799291625899225,0.354805994677315,1.3347225493559365,0.2037037037037037,0.5370370370370371,0.33075131665725466,0.8333333333333334,0.7076878291643136,31.25,0.013130222128572153,0.041837099521309096,-1.3191007078439418,-0.650519010395312,1.0,1.0,0.05555555555555555,False,0.7076878291643136,0.2923121708356864,False
FSMI_nm,N6389,6090,2.022297889711494,2.872785533232841,0.8504876435213471,0.09195480755794172,0.1720991160365283,0.09591703953290569,0.14432718563815453,0.5258252792583713,0.7222222222222222,0.12962962962962962,0.30597614151589453,0.9074074074074074,0.7570495909345292,25.25,0.16681336188856966,0.49480435061480765,-0.571543226994516,1.9056281773145298,1.0,0.14872918497121812,0.7222222222222222,False,0.7570495909345292,0.24295040906547083,False
FSMI_nm,N6389,6094,3.459780024999232,1.4183294334914744,2.0414505915077577,0.01459621086035634,0.10278219092256226,0.12445853811974025,0.13065823386360592,0.4609459660217632,0.3888888888888889,0.42592592592592593,0.4069863143673317,0.12962962962962962,0.19896880081405513,30.0,0.07101163134219843,0.2040616780571115,1.1227902954406235,-0.9079694284926662,0.3253706465854138,1.0,0.2777777777777778,False,0.1989688008140551,0.8010311991859449,False
FSMI_nm,N6389,6095,7.857275141594466,2.6559840514518895,5.201291090142577,0.02064937682898016,0.2736231182517081,0.09432893531514511,0.19906307156930686,0.8345437047507045,0.42592592592592593,0.35185185185185186,0.3871212029697569,0.7962962962962963,0.6940025229646615,28.75,0.16001259294297437,0.4358455063584933,0.10397776055055812,-0.26318304981711094,0.9012453403985141,1.0,0.6481481481481481,False,0.6940025229646615,0.3059974770353385,False
FSMI_nm,N6389,6099,8.69575314178455,2.5248349101432552,6.170918231641295,0.11911295208575812,0.12520720558501458,0.21577805724761684,0.18757353587666895,0.6177900388323385,0.7962962962962963,0.5,0.6309898162000304,0.7222222222222222,0.6994141207166742,31.0,0.060897639094199554,0.17118932056474556,0.5339358743428454,-1.2335121026744031,0.5862928475759338,1.0,0.24074074074074073,False,0.6994141207166742,0.3005858792833258,False
FSMI_nm,N6389,6101,0.3286650711030523,2.2395820846802947,1.9109170135772424,0.026483718622737573,0.042201829315509864,0.08457135964102419,0.0728656669109285,0.2886120912452199,0.5370370370370371,0.9074074074074074,0.6980769194433617,0.5370370370370371,0.5772970076386182,39.25,0.14109805810424383,0.39359008998627343,-0.42539601559702583,0.8298998771248883,1.0,0.43609294701545315,0.5740740740740741,False,0.5772970076386182,0.42270299236138176,False
FSMI_nm,N6389,N6342,0.7560989711345802,1.5901649298963758,0.8340659587617956,0.0919205416359532,0.15643302203037499,0.07245151677137843,0.11939802072093476,0.4245364587548388,0.6851851851851852,0.05555555555555555,0.19510469912690256,0.24074074074074073,0.2293317303372812,21.0,0.16992866805687537,0.49625795637389103,1.8343379952772851,0.22908675788365054,0.15971920164314554,0.7952595354778249,0.7962962962962963,False,0.22933173033728116,0.7706682696627188,False
FSMI_nm,N6389,N6358,0.8146778778150339,1.6860817469511122,0.8714038691360784,0.0,0.09434205947241113,0.06816223891501896,0.12493937591729436,0.46228691089802765,0.2037037037037037,0.24074074074074073,0.22144927302039624,0.3148148148148148,0.2914734293662102,27.0,0.27919270171119087,0.7652786094279775,1.2426163765608789,1.3805999196108192,0.28862806947005853,0.25142767141506844,0.9074074074074074,True,0.9074074074074074,0.09259259259259256,False
FSMI_nm,N6389,N6382,1.0237676864754848,0.2517114584784429,0.7720562279970419,0.025994410730437234,0.015458332885950325,0.11191343998290572,0.09818366572788657,0.35207049107681565,0.5,0.018518518518518517,0.09622504486493763,0.018518518518518517,0.037945150105123296,19.5,0.5471037593315139,1.4802994037826802,7.302308870602728,1.4623355672175906,0.0006739808427990465,0.23169450421676357,0.9814814814814815,True,0.9814814814814815,0.01851851851851849,False
FSMI_nm,N6389,N6390,1.7769079672453123,2.6197539956022986,0.8428460283569863,0.1529595243415991,1.169202765564476,0.43787317037917406,0.8772933610216702,2.804605395231427,0.8703703703703703,0.09259259259259259,0.2838835132732572,0.7592592592592593,0.6404153227627587,22.0,0.0967647247704599,0.29966249242269694,8.534475922832604,0.32523001843911964,0.0001965731516639126,0.7223611781404137,0.42592592592592593,False,0.6404153227627587,0.3595846772372413,False
FSMI_nm,N6390,6022,1.2832086750870029,0.6091923356410459,0.674016339445957,0.9608809182069776,0.38458358568685913,0.6643554844655137,0.5496015211161566,1.5050353778148708,0.9814814814814815,0.24074074074074073,0.4860890647558032,0.018518518518518517,0.13541115507783968,27.0,0.429598795221828,1.1845318695767428,3.7631205653011,49.49142335519118,0.023211195192462782,3.2073616736761295e-22,0.9444444444444444,True,0.9444444444444444,0.05555555555555558,False
FSMI_nm,N6390,6028,4.415429811910861,3.31409509350939,1.1013347184014708,0.1791762736567537,0.29054071008577254,0.9625529290444972,0.7932017663248716,2.905654975534251,0.9074074074074074,0.42592592592592593,0.6216818641331303,0.7962962962962963,0.7526426882555048,30.0,0.1577023764892942,0.44172190885327256,-0.6428918643277985,0.22166242267907077,1.0,0.8011857808383137,0.5,False,0.7526426882555048,0.24735731174449516,False
FSMI_nm,N6390,6029,2.0210013039871706,1.2909280110153585,0.7300732929718121,0.0013398166279470214,0.2540213078694824,0.062223656294637254,0.18020413581064754,0.7011835854440438,0.12962962962962962,0.6481481481481481,0.2898606637499727,0.16666666666666666,0.1974651659374932,33.5,0.07773254762165918,0.21008047402613333,-0.6956780326950414,56.33818328821114,1.0,3.4090853743067877e-25,0.3148148148148148,False,0.1974651659374932,0.8025348340625068,False
FSMI_nm,N6390,6033,1.8207478300807216,1.7523008971856189,0.06844693289510273,0.02850920501857357,0.18628129223364798,0.18501482720944665,0.19868384032575226,0.7452133413039392,0.46296296296296297,0.9814814814814815,0.6740842490074553,0.42592592592592593,0.4879655066963082,40.25,0.11894748834016285,0.3222638016690732,-0.5396861741311794,1.0496956765861614,1.0,0.3500442595675867,0.46296296296296297,False,0.4879655066963082,0.5120344933036918,False
FSMI_nm,N6390,6047,2.946053864791246,2.336014270726791,0.6100395940644554,0.012273711873151516,0.11669078246597044,0.07240268707078573,0.11796662023394547,0.49806230151648023,0.3148148148148148,0.5740740740740741,0.4251200104907036,0.5740740740740741,0.5368355581782315,31.5,0.0489461323987298,0.13750012855679783,-0.8394464950916228,-1.4574145773084854,1.0,1.0,0.12962962962962962,False,0.5368355581782315,0.4631644418217685,False
FSMI_nm,N6390,6048,1.599313301289055,2.1227311770275,0.5234178757384451,0.2770936350960813,0.2826347130003214,0.3787819550885462,0.35602209344729346,1.0918773764541427,0.9444444444444444,0.2777777777777778,0.5121969142940493,0.5,0.5030492285735123,27.25,0.1085446851572676,0.31052405126063176,0.8865304591846523,-0.3167358356118457,0.4120830141867307,1.0,0.3888888888888889,False,0.5030492285735123,0.4969507714264877,False
FSMI_nm,N6390,6056,2.284561920801109,1.4641666278382415,0.8203952929628677,0.0,0.13705052829579467,0.34750016598102634,0.3163107539105334,1.062259887706701,0.09259259259259259,0.6851851851851852,0.2518790834951008,0.24074074074074073,0.24352532642933075,34.5,0.17239536284463697,0.4933966185041385,-0.6459183511189842,-0.32440014533655226,1.0,1.0,0.5370370370370371,False,0.24352532642933078,0.7564746735706692,False
FSMI_nm,N6390,6057,3.4970517461895976,0.6688274028525857,2.828224343337012,0.01619101267812484,0.052057601817045655,0.021887680399665908,0.039338059907066944,0.13293406260461482,0.35185185185185186,0.8333333333333334,0.5414885747116092,0.05555555555555555,0.17703881034456895,39.0,0.26900795486109713,0.7238566075421324,-0.411212779388409,-0.031639935851688485,1.0,1.0,0.7222222222222222,False,0.17703881034456892,0.8229611896554311,False
FSMI_nm,N6390,6062,2.9196668297119017,4.266575948856072,1.3469091191441707,0.018737480350104363,0.7638437369070169,0.2737778858805188,0.5775509185379837,2.0197586666965495,0.3888888888888889,0.7592592592592593,0.5433852130044893,0.9444444444444444,0.8441796365844556,37.5,0.4302434363820799,1.1972209244713652,-0.7387447858570894,0.32743063369723746,1.0,0.720773286919558,0.9814814814814815,True,0.9814814814814815,0.01851851851851849,False
FSMI_nm,N6390,6063,4.4421744453751355,3.1022223353911254,1.3399521099840102,0.03151881175942117,0.45265977366250687,0.6048220094017149,0.5688426887651853,1.9280845100421375,0.5,0.24074074074074073,0.3469443332443555,0.7592592592592593,0.6561805277555333,27.0,0.018993735256079676,0.054730665167878834,-0.11319977967838706,2.0886443000613943,1.0,0.1238549321749449,0.018518518518518517,False,0.6561805277555333,0.34381947224446674,False
FSMI_nm,N6390,6070,2.307992993047587,1.696060764373465,0.6119322286741218,0.11476737444923968,0.12494872402831864,0.062253880416030395,0.09766469522272318,0.2900147890826379,0.7962962962962963,0.3148148148148148,0.500685401281325,0.35185185185185186,0.38906023920922017,27.5,0.0658823718842878,0.19412343987262048,-0.2645199866830503,-0.3334681842225217,1.0,1.0,0.24074074074074073,False,0.38906023920922017,0.6109397607907798,False
FSMI_nm,N6390,6072,1.4268834691757484,0.8667283700231173,0.5601550991526311,0.0017757868234851149,0.03056680489934369,0.06452156074165094,0.06570117485468607,0.21821844931452905,0.16666666666666666,0.7592592592592593,0.35572912430182496,0.12962962962962962,0.18615450329767846,37.5,0.2935468882825925,0.800617661229562,1.218032528118755,-0.11572708400603496,0.29581159576081956,1.0,0.7592592592592593,False,0.18615450329767846,0.8138454967023215,False
FSMI_nm,N6390,6078,1.3924063210314295,1.5403451493290299,0.1479388282976004,0.0,0.04848839185571169,0.05900279213141844,0.059758913902048405,0.23500580885924816,0.09259259259259259,0.9074074074074074,0.2898606637499727,0.2777777777777778,0.2807984992708265,39.25,0.22455745246240785,0.6063353980881119,-0.7985828297691708,0.7229868822772502,1.0,0.48530055338485606,0.6481481481481481,False,0.28079849927082656,0.7192015007291734,False
FSMI_nm,N6390,6080,3.486930250089525,2.4832103064035587,1.0037199436859665,0.03780491689035159,0.09995675115679073,0.17130233634294045,0.16877206853946236,0.4637944799910181,0.5740740740740741,0.9444444444444444,0.7363294574841127,0.6851851851851852,0.6979712532599172,39.5,0.19686552123046747,0.5467052001968873,0.804470245750993,0.6515278577925756,0.447324836034491,0.5212487740613435,0.5740740740740741,False,0.6979712532599172,0.30202874674008284,False
FSMI_nm,N6390,6081,0.8928726233487373,3.3221829725186125,2.4293103491698753,0.03431719341718287,0.13007511626505988,0.13886873456057927,0.19283276406078337,0.7296889085907625,0.5370370370370371,0.7962962962962963,0.6539423549262806,0.8333333333333334,0.7884855887315702,37.75,0.046487404869345265,0.1349372102945785,-0.9827685278886555,-1.2664624871613621,1.0,1.0,0.09259259259259259,False,0.7884855887315702,0.21151441126842985,False
FSMI_nm,N6390,6082,1.5697987651446832,2.360552925483686,0.7907541603390027,0.16301803079895372,0.08081625728884494,0.3789480437750977,0.3043288642062037,1.2040484298345764,0.8703703703703703,0.6111111111111112,0.7293099506487117,0.6111111111111112,0.6406608209955114,32.0,0.10752340843908849,0.2916399638201486,1.1536666661149308,-0.13669827893347297,0.3154778939689976,1.0,0.35185185185185186,False,0.6406608209955114,0.35933917900448864,False
FSMI_nm,N6390,6084,1.3458682689199004,2.369589192834263,1.0237209239143628,0.10566344343651757,0.25057189337515023,0.19580477506988334,0.26107021091903815,0.9147385647883188,0.7592592592592593,0.5,0.6161409170227454,0.6481481481481481,0.6401463403667975,31.0,0.0333615012546889,0.1053739789145709,-0.23363320044746658,-1.3264525562280367,1.0,1.0,0.05555555555555555,False,0.6401463403667975,0.3598536596332025,False
FSMI_nm,N6390,6085,1.86691079236755,3.390665072324275,1.5237542799567247,0.1200281339793805,0.2973594238001074,0.7410963840206907,0.6318415333312841,2.4089726787164825,0.8333333333333334,0.5370370370370371,0.668977476599572,0.8703703703703703,0.8200221469276707,31.25,0.05532063911019281,0.16513697410690042,-1.287653279645058,-0.7191605940629046,1.0,1.0,0.16666666666666666,False,0.8200221469276707,0.17997785307232927,False
FSMI_nm,N6390,6090,2.022297889711494,2.998649058256339,0.9763511685448454,0.09577237471350575,0.4315976384096047,0.13939947531847197,0.3277197863702032,1.2486865990336264,0.7222222222222222,0.12962962962962962,0.30597614151589453,0.7222222222222222,0.6181607020456402,25.25,0.077042582047059,0.22774176877991614,-0.7959944479746641,1.6611371185578045,1.0,0.18992289242062524,0.2777777777777778,False,0.6181607020456402,0.3818392979543598,False
FSMI_nm,N6390,6094,3.459780024999232,1.5412926256063535,1.9184873993928784,0.021662889137262553,0.14393011840404635,0.1331706661414337,0.14736845541923296,0.5079598694832703,0.42592592592592593,0.42592592592592593,0.42592592592592593,0.3148148148148148,0.34259259259259256,30.0,0.06328967886820659,0.17006558912026354,1.0270920475473209,-1.0608702629516906,0.35804663075885995,1.0,0.2037037037037037,False,0.34259259259259256,0.6574074074074074,False
FSMI_nm,N6390,6095,7.857275141594466,4.438979073512708,3.4182960680817587,0.007052532912561915,0.7021636048073281,0.21746153258137055,0.5041733356470882,1.9706405186573175,0.24074074074074073,0.35185185185185186,0.2910413638055872,0.9814814814814815,0.808871452062508,28.75,0.31443775806183655,0.8461963403459272,0.19386191200379577,-0.08295380664403673,0.8237716493913724,1.0,0.7962962962962963,False,0.808871452062508,0.191128547937492,False
FSMI_nm,N6390,6099,8.69575314178455,3.9471307092770442,4.748622432507506,0.08755078143078165,0.10835049323920107,0.3733887898033556,0.3059029403703449,1.0124473139335795,0.6481481481481481,0.5,0.5692750425533111,0.9074074074074074,0.8228743161938834,31.0,0.21387988342645312,0.5861030700995811,0.43264030565149286,-1.3454744414409596,0.6487938173089602,1.0,0.6111111111111112,False,0.8228743161938834,0.1771256838061166,False
FSMI_nm,N6390,6101,0.3286650711030523,1.3897358894582945,1.0610708183552422,0.042299204243042565,0.061597548575344434,0.07211045442367545,0.07055119159101207,0.23243459395980648,0.6111111111111112,0.9074074074074074,0.7446655282549297,0.2037037037037037,0.33894415984151016,39.25,0.31500284044452925,0.8468553524768079,-0.13365825148852165,0.6698512926404269,1.0,0.5117846782762272,0.8333333333333334,False,0.33894415984151016,0.6610558401584898,False
FSMI_nm,N6390,N6342,0.7560989711345802,1.929599900143948,1.1735009290093679,0.08877378357508481,0.33492658664772174,0.06982791412613595,0.23187937634802352,0.8668993362102613,0.6851851851851852,0.05555555555555555,0.19510469912690256,0.46296296296296297,0.39599839700394784,21.0,0.11473208550292559,0.3388957015657972,2.027924445915397,-0.01880781850315759,0.13160839821345852,1.0,0.42592592592592593,False,0.3959983970039478,0.6040016029960522,False
FSMI_nm,N6390,N6358,0.8146778778150339,1.740948757803813,0.9262708799887791,0.006785123253893799,0.0915712571000328,0.0705463695413221,0.11651746396766959,0.40979586410212576,0.2037037037037037,0.24074074074074073,0.22144927302039624,0.3888888888888889,0.34702898492176576,27.0,0.31955086895770934,0.8709159060962328,0.8804432495859376,1.788374893966993,0.4145991000679448,0.16723171823388297,0.8703703703703703,False,0.3470289849217658,0.6529710150782342,False
FSMI_nm,N6390,N6382,1.0237676864754848,0.7807019416592906,0.24306574481619414,0.009279944474137602,0.010601431881154252,0.17592087732571238,0.1497504089449697,0.5269417770811081,0.2777777777777778,0.018518518518518517,0.07172191381865586,0.09259259259259259,0.08737492289910842,19.5,0.24254261436727212,0.6881277746717666,4.564244706334291,1.0082412755509473,0.010417744692586628,0.36486010401106234,0.6851851851851852,False,0.08737492289910842,0.9126250771008916,False
FSMI_nm,N6390,N6389,1.7659275986645624,2.335217916926668,0.5692903182621056,0.0,0.16393804815687882,0.06632706972965666,0.1273243306974195,0.4357320808468881,0.09259259259259259,0.09259259259259259,0.09259259259259259,0.5370370370370371,0.42592592592592593,21.5,0.3756685807257873,1.0298418555043087,0.05164899606909448,3.283488999280341,0.9496621434941591,0.0374972006066969,0.9074074074074074,True,0.9074074074074074,0.09259259259259256,False
