target,growth_run_id,method,true_target,raw_predicted_target,predicted_target,range_calibration_log_scale,absolute_error,predicted_absolute_error,confidence,interval_lower,interval_upper,interval_radius,interval_covered,outer_target_used_for_training,outer_fit_growth_count,inner_selection_score,selected_by_inner_cv,uncertainty_risk_score,nearest_training_rheed_distance,knn_training_rheed_distance,maximum_absolute_robust_z,ledoit_wolf_mahalanobis,density_ood_z,support_confidence,core_head_disagreement_log_std,core_head_log_range,selected_candidate
Rq_nm,6022,M12a_frozen_alpha1,1.6493401527404783,4.660564894688267,4.032660573198353,0.8333333333333334,2.383320420457874,2.178696693952833,0.49613129764221503,0.0,9.289553743741491,5.2568931705431385,True,False,22,5.7630669403685655,False,3.3022674146099096,1.4277915150252303,1.4346711497503188,3.4061135371181748,1.770139515599866,2.2109426742108544,0.10959728526982919,0.1287600312945858,0.3647658903439521,
Rq_nm,6022,M14a_regularized_alpha10,1.6493401527404783,3.98505280296155,3.6029956674060304,1.1428503758598165,1.953655514665552,1.3487008537399667,0.647980700991541,0.0,7.550577881768201,3.947582214362171,True,False,22,3.1458651785682927,False,3.3022674146099096,1.4277915150252303,1.4346711497503188,3.4061135371181748,1.770139515599866,2.2109426742108544,0.10959728526982919,0.1287600312945858,0.3647658903439521,
Rq_nm,6022,M14b_rheed_density_weighted,1.6493401527404783,3.80347343103824,3.4269657319277806,1.2,1.7776255791873024,1.3838622145766872,0.6406921348277326,0.0,7.231361223634061,3.8043954917062806,True,False,22,2.8100736056451803,False,3.3022674146099096,1.4277915150252303,1.4346711497503188,3.4061135371181748,1.770139515599866,2.2109426742108544,0.10959728526982919,0.1287600312945858,0.3647658903439521,
Rq_nm,6022,M14c_residual_self_paced,1.6493401527404783,3.616922679557709,3.328539062264015,1.1315855582516914,1.6791989095235367,1.4131190077091398,0.6346900484273982,0.0,8.01776719646344,4.689228134199425,True,False,22,3.421152151292426,False,3.3022674146099096,1.4277915150252303,1.4346711497503188,3.4061135371181748,1.770139515599866,2.2109426742108544,0.10959728526982919,0.1287600312945858,0.3647658903439521,
Rq_nm,6022,M14d_r3d_causal_temporal,1.6493401527404783,2.767058028569527,2.6767219833625284,1.2,1.0273818306220501,1.6301210009472462,0.591892151717092,0.0,7.7600926580341145,5.0833706746715865,True,False,22,1.9371481006250015,False,3.3022674146099096,1.4277915150252303,1.4346711497503188,3.4061135371181748,1.770139515599866,2.2109426742108544,0.10959728526982919,0.1287600312945858,0.3647658903439521,
Rq_nm,6022,M14e_multiview_curated20_r3d80,1.6493401527404783,2.976469451436638,2.841563015681485,1.2,1.1922228629410065,1.5031838360299379,0.6165637702397216,0.0,7.655351879552118,4.8137888638706325,True,False,22,1.9176976789534268,True,3.3022674146099096,1.4277915150252303,1.4346711497503188,3.4061135371181748,1.770139515599866,2.2109426742108544,0.10959728526982919,0.1287600312945858,0.3647658903439521,
Rq_nm,6022,M14f_multiview_curated40_r3d60,1.6493401527404783,3.201729166451745,3.016555481770878,1.2,1.3672153290303999,1.4012319301519205,0.6371218931879163,0.0,7.60291834997526,4.5863628682043815,True,False,22,2.005034253123161,False,3.3022674146099096,1.4277915150252303,1.4346711497503188,3.4061135371181748,1.770139515599866,2.2109426742108544,0.10959728526982919,0.1287600312945858,0.3647658903439521,
Rq_nm,6022,M14g_multiview_curated60_r3d40,1.6493401527404783,3.4440365750637727,3.202324539130308,1.2,1.5529843863898296,1.3072262571744608,0.6566845874540278,0.0,7.549730972375146,4.347406433244838,True,False,22,2.1790298130680004,False,3.3022674146099096,1.4277915150252303,1.4346711497503188,3.4061135371181748,1.770139515599866,2.2109426742108544,0.10959728526982919,0.1287600312945858,0.3647658903439521,
Rq_nm,6028,M12a_frozen_alpha1,6.072564601898193,4.868197728363144,5.4692124767466535,0.8333333333333334,0.6033521251515399,2.2376090063405853,0.48347552111453374,0.0,15.56326928222494,10.094056805478287,True,False,22,2.611935220992383,False,4.199958749397963,1.3892959248704397,1.4283284630357578,5.133824415794975,2.5146448536868973,2.244632180691996,0.10596650973454647,0.20219202354542887,0.5889533788174466,
Rq_nm,6028,M14a_regularized_alpha10,6.072564601898193,4.2270181953373305,4.604699989508222,1.1376853333288737,1.4678646123899712,1.8177099264367933,0.5541192968768743,0.0,12.299585603045953,7.694885613537731,True,False,22,2.0209565903939475,False,4.199958749397963,1.3892959248704397,1.4283284630357578,5.133824415794975,2.5146448536868973,2.244632180691996,0.10596650973454647,0.20219202354542887,0.5889533788174466,
Rq_nm,6028,M14b_rheed_density_weighted,6.072564601898193,4.896995962059382,5.012827341993831,1.2,1.0597372599043622,1.7087623058519503,0.5740779421178059,0.0,10.33058243901663,5.317755097022799,True,False,22,1.8715286593878597,False,4.199958749397963,1.3892959248704397,1.4283284630357578,5.133824415794975,2.5146448536868973,2.244632180691996,0.10596650973454647,0.20219202354542887,0.5889533788174466,
Rq_nm,6028,M14c_residual_self_paced,6.072564601898193,3.9341003420852223,4.071171217118353,1.2,2.00139338477984,2.064664570186013,0.5114099041740321,0.0,9.788429243009851,5.717258025891499,True,False,22,2.0357170061253385,False,4.199958749397963,1.3892959248704397,1.4283284630357578,5.133824415794975,2.5146448536868973,2.244632180691996,0.10596650973454647,0.20219202354542887,0.5889533788174466,
Rq_nm,6028,M14d_r3d_causal_temporal,6.072564601898193,2.717381055766153,2.6394454725297933,1.2,3.4331191293684,1.4657336702186503,0.621228280152856,0.0,8.36326427599528,5.723818803465488,True,False,22,1.7478455900624723,False,4.199958749397963,1.3892959248704397,1.4283284630357578,5.133824415794975,2.5146448536868973,2.244632180691996,0.10596650973454647,0.20219202354542887,0.5889533788174466,
Rq_nm,6028,M14e_multiview_curated20_r3d80,6.072564601898193,2.9684330490846795,2.9601536467937613,1.2,3.112410955104432,1.4348851244060041,0.6274838515174934,0.0,9.420730544805116,6.460576898011355,True,False,22,1.7152274108126693,True,4.199958749397963,1.3892959248704397,1.4283284630357578,5.133824415794975,2.5146448536868973,2.244632180691996,0.10596650973454647,0.20219202354542887,0.5889533788174466,
Rq_nm,6028,M14f_multiview_curated40_r3d60,6.072564601898193,3.2426791039116063,3.3198297535686234,1.2,2.75273484832957,1.4447462308417334,0.6254773638644816,0.0,9.436573961330907,6.116744207762284,True,False,22,1.7350245248477782,False,4.199958749397963,1.3892959248704397,1.4283284630357578,5.133824415794975,2.5146448536868973,2.244632180691996,0.10596650973454647,0.20219202354542887,0.5889533788174466,
Rq_nm,6028,M14g_multiview_curated60_r3d40,6.072564601898193,3.542262061186554,3.72320862622013,1.2,2.3493559756780633,1.5067387344599605,0.6130095725907715,0.0,9.480345543658522,5.757136917438393,True,False,22,1.8093297543648188,False,4.199958749397963,1.3892959248704397,1.4283284630357578,5.133824415794975,2.5146448536868973,2.244632180691996,0.10596650973454647,0.20219202354542887,0.5889533788174466,
Rq_nm,6029,M12a_frozen_alpha1,2.561024904251098,1.9878124204827066,2.4065989771293146,0.8333333333333334,0.1544259271217836,2.1936924325844647,0.4937435649921167,0.0,14.802733687074658,12.396134709945343,True,False,22,2.69406235730361,False,6.2343781574776,1.6849710160778784,1.960534344311144,7.899998399803669,3.7922956507512,5.408792236674996,0.004477044157085056,0.08500156710542384,0.27023977604203986,
Rq_nm,6029,M14a_regularized_alpha10,2.561024904251098,2.382017359119359,2.3764342279505453,1.167777823670491,0.18459067630055292,1.8164244459864098,0.5574585963862158,0.0,12.541780115848695,10.16534588789815,True,False,22,2.116846806148657,False,6.2343781574776,1.6849710160778784,1.960534344311144,7.899998399803669,3.7922956507512,5.408792236674996,0.004477044157085056,0.08500156710542384,0.27023977604203986,
Rq_nm,6029,M14b_rheed_density_weighted,2.561024904251098,2.738408099464315,2.5260167035368335,1.2,0.03500820071426469,1.608468988587858,0.5960295058250079,0.0,10.757854682203135,8.2318379786663,True,False,22,1.932047342211829,False,6.2343781574776,1.6849710160778784,1.960534344311144,7.899998399803669,3.7922956507512,5.408792236674996,0.004477044157085056,0.08500156710542384,0.27023977604203986,
Rq_nm,6029,M14c_residual_self_paced,2.561024904251098,3.011035550226192,2.948446475716403,1.2,0.38742157146530465,1.5694033008296289,0.6035676347747095,0.0,11.252251200583942,8.30380472486754,True,False,22,2.1185087597798438,False,6.2343781574776,1.6849710160778784,1.960534344311144,7.899998399803669,3.7922956507512,5.408792236674996,0.004477044157085056,0.08500156710542384,0.27023977604203986,
Rq_nm,6029,M14d_r3d_causal_temporal,2.561024904251098,3.12110633828742,3.0477689888556547,1.2,0.48674408460455654,1.6669472354430632,0.5849211021975689,0.0,10.832821363274398,7.7850523744187425,True,False,22,2.04254246913117,False,6.2343781574776,1.6849710160778784,1.960534344311144,7.899998399803669,3.7922956507512,5.408792236674996,0.004477044157085056,0.08500156710542384,0.27023977604203986,
Rq_nm,6029,M14e_multiview_curated20_r3d80,2.561024904251098,2.9568945508052984,2.895982865085445,1.2,0.3349579608343469,1.6159725101881237,0.594592438247185,0.0,11.610994303594858,8.715011438509412,True,False,22,1.9617371416542426,False,6.2343781574776,1.6849710160778784,1.960534344311144,7.899998399803669,3.7922956507512,5.408792236674996,0.004477044157085056,0.08500156710542384,0.27023977604203986,
Rq_nm,6029,M14f_multiview_curated40_r3d60,2.561024904251098,2.8013224917480875,2.7517560502567684,1.2,0.1907311460056702,1.589891737942656,0.5996023659464355,0.0,11.824954474736272,9.073198424479504,True,False,22,1.9067779884409597,True,6.2343781574776,1.6849710160778784,1.960534344311144,7.899998399803669,3.7922956507512,5.408792236674996,0.004477044157085056,0.08500156710542384,0.27023977604203986,
Rq_nm,6029,M14g_multiview_curated60_r3d40,2.561024904251098,2.6539355962614577,2.6147120728565922,1.2,0.05368716860549405,1.6428951234274078,0.5894647036190822,0.0,11.26634221977539,8.651630146918798,True,False,22,1.9722757258809327,False,6.2343781574776,1.6849710160778784,1.960534344311144,7.899998399803669,3.7922956507512,5.408792236674996,0.004477044157085056,0.08500156710542384,0.27023977604203986,
Rq_nm,6033,M12a_frozen_alpha1,2.5392112094198453,5.371648019938827,6.180340500155115,0.8333333333333334,3.6411292907352695,1.8575478848257023,0.5501320257330716,0.4957712937556531,11.864909706554577,5.684569206399462,True,False,22,2.1749586957061013,False,1.7203465214484757,0.9123982500956862,0.9649114167648808,2.8502110613989142,1.827423610068692,0.017899707965845314,0.9822595402257981,0.1796366618734991,0.5061678668631738,
Rq_nm,6033,M14a_regularized_alpha10,2.5392112094198453,4.374530953632655,4.563395398754687,0.9588096203871537,2.0241841893348416,1.608466471803777,0.5960299884194009,1.0892986830785456,8.037492114430828,3.4740967156761413,True,False,22,1.9099620865340623,False,1.7203465214484757,0.9123982500956862,0.9649114167648808,2.8502110613989142,1.827423610068692,0.017899707965845314,0.9822595402257981,0.1796366618734991,0.5061678668631738,
Rq_nm,6033,M14b_rheed_density_weighted,2.5392112094198453,4.123448793704629,4.048376710464904,1.2,1.5091655010450586,1.5694490061608075,0.6035587599866833,0.8823488937185111,7.214404527211297,3.166027816746393,True,False,22,1.8199142267365283,True,1.7203465214484757,0.9123982500956862,0.9649114167648808,2.8502110613989142,1.827423610068692,0.017899707965845314,0.9822595402257981,0.1796366618734991,0.5061678668631738,
Rq_nm,6033,M14c_residual_self_paced,2.5392112094198453,3.741635402102898,3.772788878038182,1.2,1.2335776686183366,1.6777358791128272,0.5828944508088102,0.6252386198534379,6.9203391362229265,3.147550258184744,True,False,22,1.9223225512663626,False,1.7203465214484757,0.9123982500956862,0.9649114167648808,2.8502110613989142,1.827423610068692,0.017899707965845314,0.9822595402257981,0.1796366618734991,0.5061678668631738,
Rq_nm,6033,M14d_r3d_causal_temporal,2.5392112094198453,2.6369723887228447,2.572970971730662,1.2,0.033759762310816566,1.7554611428107396,0.5684997711616179,0.0,5.817285299813641,3.244314328082979,True,False,22,2.150751971288592,False,1.7203465214484757,0.9123982500956862,0.9649114167648808,2.8502110613989142,1.827423610068692,0.017899707965845314,0.9822595402257981,0.1796366618734991,0.5061678668631738,
Rq_nm,6033,M14e_multiview_curated20_r3d80,2.5392112094198453,2.9179024233401156,2.9234428381205975,1.2,0.3842316287007521,1.6657190535547617,0.5851522629816225,0.0,6.267717018597299,3.344274180476701,True,False,22,2.044148216002413,False,1.7203465214484757,0.9123982500956862,0.9649114167648808,2.8502110613989142,1.827423610068692,0.017899707965845314,0.9822595402257981,0.1796366618734991,0.5061678668631738,
Rq_nm,6033,M14f_multiview_curated40_r3d60,2.5392112094198453,3.22876135849786,3.321653497711228,1.2,0.7824422882913828,1.621515929862358,0.5935329934850936,0.0,6.700699422928675,3.3790459252174476,True,False,22,1.9902067296593247,False,1.7203465214484757,0.9123982500956862,0.9649114167648808,2.8502110613989142,1.827423610068692,0.017899707965845314,0.9822595402257981,0.1796366618734991,0.5061678668631738,
Rq_nm,6033,M14g_multiview_curated60_r3d40,2.5392112094198453,3.572737671671553,3.7741055904996945,1.2,1.2348943810798492,1.6070253921763609,0.596306380213013,0.30040315665629214,7.247808024343097,3.4737024338434024,True,False,22,1.9671926853390742,False,1.7203465214484757,0.9123982500956862,0.9649114167648808,2.8502110613989142,1.827423610068692,0.017899707965845314,0.9822595402257981,0.1796366618734991,0.5061678668631738,
Rq_nm,6047,M12a_frozen_alpha1,3.066597064069266,3.438237150121503,3.9223745726714014,0.8333333333333334,0.8557775086021353,2.1995309496433104,0.49281702414429274,0.0,8.825462313124675,4.903087740453274,True,False,22,2.6242733872914163,False,1.3375450204812218,0.9190394611569475,0.9882415529208148,2.509565949082446,1.5503914652461885,-0.00830663027611683,1.0,0.15844511245001286,0.4424608301006624,
Rq_nm,6047,M14a_regularized_alpha10,3.066597064069266,3.7094343337167484,3.973962648091088,1.1894513104065652,0.907365584021822,1.7931700148017489,0.5616447220492017,0.0,8.037713693050254,4.063751044959166,True,False,22,2.0883615194579344,False,1.3375450204812218,0.9190394611569475,0.9882415529208148,2.509565949082446,1.5503914652461885,-0.00830663027611683,1.0,0.15844511245001286,0.4424608301006624,
Rq_nm,6047,M14b_rheed_density_weighted,3.066597064069266,3.917489739814541,3.9554146238680237,1.2,0.8888175597987575,1.6478422544360694,0.5885272839998688,0.8438080045641989,7.067021243171848,3.1116066193038248,True,False,22,1.912311155761342,True,1.3375450204812218,0.9190394611569475,0.9882415529208148,2.509565949082446,1.5503914652461885,-0.00830663027611683,1.0,0.15844511245001286,0.4424608301006624,
Rq_nm,6047,M14c_residual_self_paced,3.066597064069266,3.7210257790395547,3.776667020219077,1.2,0.7100699561498107,1.7484714943633517,0.5697795719899286,0.864074299883443,6.689259740554711,2.912592720335634,True,False,22,2.0666461301014807,False,1.3375450204812218,0.9190394611569475,0.9882415529208148,2.509565949082446,1.5503914652461885,-0.00830663027611683,1.0,0.15844511245001286,0.4424608301006624,
Rq_nm,6047,M14d_r3d_causal_temporal,3.066597064069266,2.5168050153770705,2.391119621557133,1.2,0.675477442512133,1.6420245620654252,0.5896298185660137,0.0,5.250370228537395,2.859250606980263,True,False,22,1.9781538268740915,False,1.3375450204812218,0.9190394611569475,0.9882415529208148,2.509565949082446,1.5503914652461885,-0.00830663027611683,1.0,0.15844511245001286,0.4424608301006624,
Rq_nm,6047,M14e_multiview_curated20_r3d80,3.066597064069266,2.7198264570659196,2.6476254559966454,1.2,0.4189716080726207,1.598186722613201,0.5980043984077561,0.0,5.694146151753175,3.0465206957565303,True,False,22,1.944038655261374,False,1.3375450204812218,0.9190394611569475,0.9882415529208148,2.509565949082446,1.5503914652461885,-0.00830663027611683,1.0,0.15844511245001286,0.4424608301006624,
Rq_nm,6047,M14f_multiview_curated40_r3d60,3.066597064069266,2.9392248948007826,2.931647790450766,1.2,0.13494927361850007,1.5808761591817904,0.6013439935513346,0.0,6.139501598764493,3.2078538083137276,True,False,22,1.9218819315259013,False,1.3375450204812218,0.9190394611569475,0.9882415529208148,2.509565949082446,1.5503914652461885,-0.00830663027611683,1.0,0.15844511245001286,0.4424608301006624,
Rq_nm,6047,M14g_multiview_curated60_r3d40,3.066597064069266,3.176321400864765,3.246138439932627,1.2,0.17954137586336083,1.6206907743842838,0.5936905755099918,0.17115032699000654,6.321126552875247,3.0749881129426204,True,False,22,1.9123881099369109,False,1.3375450204812218,0.9190394611569475,0.9882415529208148,2.509565949082446,1.5503914652461885,-0.00830663027611683,1.0,0.15844511245001286,0.4424608301006624,
Rq_nm,6048,M12a_frozen_alpha1,2.455431633201468,3.9410666070412446,4.532502680841329,0.8333333333333334,2.077071047639861,2.032310208653777,0.5200552286188688,0.0,11.850855708092823,7.3183530272514945,True,False,22,2.3831174247636637,False,2.9279296863023485,1.2561304922650727,1.3202566310123431,4.618779341970763,2.1504456253429267,1.9738041701340763,0.13892734641889745,0.1234574710036329,0.3575888725850951,
Rq_nm,6048,M14a_regularized_alpha10,2.455431633201468,3.0318091026523275,3.214278898158033,1.0561737669616271,0.758847264956565,1.7282024325595233,0.5735071406055872,0.0,7.991248892451312,4.776969994293278,True,False,22,2.0892347254679553,False,2.9279296863023485,1.2561304922650727,1.3202566310123431,4.618779341970763,2.1504456253429267,1.9738041701340763,0.13892734641889745,0.1234574710036329,0.3575888725850951,
Rq_nm,6048,M14b_rheed_density_weighted,2.455431633201468,2.7921224381278305,2.6458935102030137,1.2,0.1904618770015456,1.6142252786141835,0.5949267566586904,0.0,7.089570457364452,4.443676947161438,True,False,22,1.9861192957591964,False,2.9279296863023485,1.2561304922650727,1.3202566310123431,4.618779341970763,2.1504456253429267,1.9738041701340763,0.13892734641889745,0.1234574710036329,0.3575888725850951,
Rq_nm,6048,M14c_residual_self_paced,2.455431633201468,2.9205106420078843,2.8872132549505842,1.2,0.43178162174911616,1.5821892281829195,0.6010900207685289,0.0,7.384827439877532,4.497614184926948,True,False,22,2.0723770116616183,False,2.9279296863023485,1.2561304922650727,1.3202566310123431,4.618779341970763,2.1504456253429267,1.9738041701340763,0.13892734641889745,0.1234574710036329,0.3575888725850951,
Rq_nm,6048,M14d_r3d_causal_temporal,2.455431633201468,3.9923934360648254,4.102293108840107,1.2,1.646861475638639,1.6376968902129634,0.5904513127657115,0.0,9.224665314179875,5.122372205339768,True,False,22,1.9398009440016577,False,2.9279296863023485,1.2561304922650727,1.3202566310123431,4.618779341970763,2.1504456253429267,1.9738041701340763,0.13892734641889745,0.1234574710036329,0.3575888725850951,
Rq_nm,6048,M14e_multiview_curated20_r3d80,2.455431633201468,3.778566212311405,3.9069973768399797,1.2,1.4515657436385117,1.5804809538423965,0.6014204548672245,0.0,8.860103098697143,4.953105721857163,True,False,22,1.8767291059015494,True,2.9279296863023485,1.2561304922650727,1.3202566310123431,4.618779341970763,2.1504456253429267,1.9738041701340763,0.13892734641889745,0.1234574710036329,0.3575888725850951,
Rq_nm,6048,M14f_multiview_curated40_r3d60,2.455431633201468,3.576191287122817,3.7209989870641964,1.2,1.2655673538627283,1.5564001793030016,0.6060978102707099,0.0,8.801458595324778,5.080459608260582,True,False,22,1.92233021978459,False,2.9279296863023485,1.2561304922650727,1.3202566310123431,4.618779341970763,2.1504456253429267,1.9738041701340763,0.13892734641889745,0.1234574710036329,0.3575888725850951,
Rq_nm,6048,M14g_multiview_curated60_r3d40,2.455431633201468,3.384655290788154,3.543855325782541,1.2,1.088423692581073,1.5677380037984106,0.6038910812110948,0.0,8.328762227664448,4.784906901881907,True,False,22,1.897782235406162,False,2.9279296863023485,1.2561304922650727,1.3202566310123431,4.618779341970763,2.1504456253429267,1.9738041701340763,0.13892734641889745,0.1234574710036329,0.3575888725850951,
Rq_nm,6056,M12a_frozen_alpha1,3.2253758907318115,2.4658959567747667,3.015636165931316,0.8333333333333334,0.20973972480049552,2.1554202708009704,0.49655528264442367,0.0,7.086069980930077,4.070433814998761,True,False,22,2.611397417268761,False,1.0792833258209826,0.9534960664176152,1.0867607870520188,2.7094198350911043,1.445949647049424,0.6563977498659392,0.5187165196955683,0.05243119451938942,0.1551517847842716,
Rq_nm,6056,M14a_regularized_alpha10,3.2253758907318115,3.008184127607618,3.2146456252688824,1.0309942583022258,0.0107302654629291,1.7421620911214333,0.5678840355707185,0.0,6.614558229043387,3.399912603774504,True,False,22,2.120906071638716,False,1.0792833258209826,0.9534960664176152,1.0867607870520188,2.7094198350911043,1.445949647049424,0.6563977498659392,0.5187165196955683,0.05243119451938942,0.1551517847842716,
Rq_nm,6056,M14b_rheed_density_weighted,3.2253758907318115,2.865760975196853,2.7689399587810333,1.2,0.45643593195077825,1.5932928674938462,0.5960166329991418,0.18346360854245303,5.354416309019614,2.5854763502385802,True,False,22,1.9304110401489272,True,1.0792833258209826,0.9534960664176152,1.0867607870520188,2.7094198350911043,1.445949647049424,0.6563977498659392,0.5187165196955683,0.05243119451938942,0.1551517847842716,
Rq_nm,6056,M14c_residual_self_paced,3.2253758907318115,2.8462674395792082,2.877547734112623,1.2,0.34782815661918853,1.616379310873348,0.5915642574755725,0.49353210828628535,5.261563359938961,2.3840156258263376,True,False,22,2.052472041768689,False,1.0792833258209826,0.9534960664176152,1.0867607870520188,2.7094198350911043,1.445949647049424,0.6563977498659392,0.5187165196955683,0.05243119451938942,0.1551517847842716,
Rq_nm,6056,M14d_r3d_causal_temporal,3.2253758907318115,3.346736562449991,3.306552928390673,1.2,0.08117703765886164,1.6417862375770853,0.5867027943889809,0.74869887959616,5.864406977185187,2.557854048794513,True,False,22,1.9887024806246933,False,1.0792833258209826,0.9534960664176152,1.0867607870520188,2.7094198350911043,1.445949647049424,0.6563977498659392,0.5187165196955683,0.05243119451938942,0.1551517847842716,
Rq_nm,6056,M14e_multiview_curated20_r3d80,3.2253758907318115,3.2761072115943177,3.289235390609662,1.2,0.06385949987785056,1.6038352074357025,0.5939793297941756,0.8974732444075841,5.68099753681174,2.391762146202078,True,False,22,1.9561006953496425,False,1.0792833258209826,0.9534960664176152,1.0867607870520188,2.7094198350911043,1.445949647049424,0.6563977498659392,0.5187165196955683,0.05243119451938942,0.1551517847842716,
Rq_nm,6056,M14f_multiview_curated40_r3d60,3.2253758907318115,3.2069684188119205,3.272008550640325,1.2,0.046632659908513396,1.6023642380935004,0.5942631754718857,0.6593403123125179,5.884676788968132,2.612668238327807,True,False,22,1.9392561422368026,False,1.0792833258209826,0.9534960664176152,1.0867607870520188,2.7094198350911043,1.445949647049424,0.6563977498659392,0.5187165196955683,0.05243119451938942,0.1551517847842716,
Rq_nm,6056,M14g_multiview_curated60_r3d40,3.2253758907318115,3.139288727444304,3.2548719334675003,1.2,0.029496042735688732,1.6350520963846802,0.5879874271310386,0.2852836372555734,6.224460229679427,2.969588296211927,True,False,22,1.968662111454736,False,1.0792833258209826,0.9534960664176152,1.0867607870520188,2.7094198350911043,1.445949647049424,0.6563977498659392,0.5187165196955683,0.05243119451938942,0.1551517847842716,
Rq_nm,6057,M12a_frozen_alpha1,5.337333679199219,3.5954779147886087,4.066279111030214,0.8333333333333334,1.2710545681690046,2.153785990338896,0.4968189237026469,0.0,9.372117782399032,5.305838671368818,True,False,22,2.480700409398181,False,2.1253185489310917,0.9876133502031075,1.0095810759503905,2.1728547449218625,1.4782339760582663,0.12232649722904436,0.8848594171864868,0.19182258877623443,0.5347941567242954,
Rq_nm,6057,M14a_regularized_alpha10,5.337333679199219,3.7667567040891137,4.026053700759861,1.060407939137119,1.3112799784393578,1.751513470062187,0.5661618516160467,0.0,8.07538319369505,4.049329492935189,True,False,22,2.0067078717185773,False,2.1253185489310917,0.9876133502031075,1.0095810759503905,2.1728547449218625,1.4782339760582663,0.12232649722904436,0.8848594171864868,0.19182258877623443,0.5347941567242954,
Rq_nm,6057,M14b_rheed_density_weighted,5.337333679199219,4.014431678068666,4.121320373557514,1.2,1.216013305641705,1.566985926226999,0.6011309659816749,0.314028886566704,7.928611860548323,3.8072914869908097,True,False,22,1.8195823256198782,False,2.1253185489310917,0.9876133502031075,1.0095810759503905,2.1728547449218625,1.4782339760582663,0.12232649722904436,0.8848594171864868,0.19182258877623443,0.5347941567242954,
Rq_nm,6057,M14c_residual_self_paced,5.337333679199219,3.6133516114757773,3.806681303213997,1.2,1.530652375985222,1.7648584938468423,0.5637132243032633,0.0,7.7083599486493455,3.9016786454353487,True,False,22,1.9873413306612262,False,2.1253185489310917,0.9876133502031075,1.0095810759503905,2.1728547449218625,1.4782339760582663,0.12232649722904436,0.8848594171864868,0.19182258877623443,0.5347941567242954,
Rq_nm,6057,M14d_r3d_causal_temporal,5.337333679199219,2.3516133652103144,2.2270162061905454,1.2,3.1103174730086733,1.5464534116476483,0.6051531666530224,0.0,5.799997218438879,3.5729810122483334,True,False,22,1.836568174658087,False,2.1253185489310917,0.9876133502031075,1.0095810759503905,2.1728547449218625,1.4782339760582663,0.12232649722904436,0.8848594171864868,0.19182258877623443,0.5347941567242954,
Rq_nm,6057,M14e_multiview_curated20_r3d80,5.337333679199219,2.5839627569928,2.5200924264468094,1.2,2.8172412527524093,1.4803185284680977,0.6182924644533636,0.0,6.157435529953323,3.637343103506514,True,False,22,1.781880927996358,False,2.1253185489310917,0.9876133502031075,1.0095810759503905,2.1728547449218625,1.4782339760582663,0.12232649722904436,0.8848594171864868,0.19182258877623443,0.5347941567242954,
Rq_nm,6057,M14f_multiview_curated40_r3d60,5.337333679199219,2.839269255866256,2.851737594086992,1.2,2.4855960851122267,1.4971922816258239,0.6149132192121085,0.0,7.118346140823338,4.266608546736346,True,False,22,1.7785375738185873,True,2.1253185489310917,0.9876133502031075,1.0095810759503905,2.1728547449218625,1.4782339760582663,0.12232649722904436,0.8848594171864868,0.19182258877623443,0.5347941567242954,
Rq_nm,6057,M14g_multiview_curated60_r3d40,5.337333679199219,3.1198011215491315,3.2270273979575057,1.2,2.110306281241713,1.539146887446988,0.6065909555769281,0.0,7.32099263245508,4.093965234497574,True,False,22,1.7938902982791805,False,2.1253185489310917,0.9876133502031075,1.0095810759503905,2.1728547449218625,1.4782339760582663,0.12232649722904436,0.8848594171864868,0.19182258877623443,0.5347941567242954,
Rq_nm,6062,M12a_frozen_alpha1,3.0912147342364586,2.127562374741453,2.5481412052748853,0.8333333333333334,0.5430735289615733,1.9585005387414014,0.5312196417439156,0.0,7.198672495428187,4.650531290153301,True,False,22,2.3081262368928437,False,1.7571868715380425,1.0681210244562322,1.180005073443779,3.1121051160190056,2.0284500353427215,0.7490737394839023,0.4728042899259826,0.11125688628696359,0.333048004330201,
Rq_nm,6062,M14a_regularized_alpha10,3.0912147342364586,2.8710965052987,2.9609253804629954,1.1691383223825162,0.1302893537734633,1.7737070234342291,0.56389179055858,0.0,7.3397654734276845,4.378840092964689,True,False,22,2.0573304342606447,False,1.7571868715380425,1.0681210244562322,1.180005073443779,3.1121051160190056,2.0284500353427215,0.7490737394839023,0.4728042899259826,0.11125688628696359,0.333048004330201,
Rq_nm,6062,M14b_rheed_density_weighted,3.0912147342364586,3.2515195879703063,3.155033104971471,1.2,0.0638183707350124,1.6572462992445274,0.5855070574772641,0.055821383729842466,6.2542448262131,3.0992117212416286,True,False,22,1.9235787443362926,False,1.7571868715380425,1.0681210244562322,1.180005073443779,3.1121051160190056,2.0284500353427215,0.7490737394839023,0.4728042899259826,0.11125688628696359,0.333048004330201,
Rq_nm,6062,M14c_residual_self_paced,3.0912147342364586,2.9774900778061943,2.9254169472007048,1.2,0.16579778703575387,1.6425708760879498,0.5882889735253627,0.049066742949155806,5.801767151452253,2.876350204251549,True,False,22,2.075867802917856,False,1.7571868715380425,1.0681210244562322,1.180005073443779,3.1121051160190056,2.0284500353427215,0.7490737394839023,0.4728042899259826,0.11125688628696359,0.333048004330201,
Rq_nm,6062,M14d_r3d_causal_temporal,3.0912147342364586,2.3304804505322196,2.186511231897788,1.2,0.9047035023386707,1.6721851964622727,0.5826887077218441,0.0,5.492384151602196,3.305872919704408,True,False,22,2.0295946710767625,False,1.7571868715380425,1.0681210244562322,1.180005073443779,3.1121051160190056,2.0284500353427215,0.7490737394839023,0.4728042899259826,0.11125688628696359,0.333048004330201,
Rq_nm,6062,M14e_multiview_curated20_r3d80,3.0912147342364586,2.4297742735465735,2.32246307934898,1.2,0.7687516548874784,1.6183564184178856,0.5929080637500816,0.0,5.821261399940875,3.498798320591894,True,False,22,1.94343008648399,False,1.7571868715380425,1.0681210244562322,1.180005073443779,3.1121051160190056,2.0284500353427215,0.7490737394839023,0.4728042899259826,0.11125688628696359,0.333048004330201,
Rq_nm,6062,M14f_multiview_curated40_r3d60,3.0912147342364586,2.5332986676805236,2.466868075613569,1.2,0.6243466586228896,1.5882194722116023,0.5987076042057123,0.0,5.767877010995005,3.3010089353814362,True,False,22,1.9058507825040492,False,1.7571868715380425,1.0681210244562322,1.180005073443779,3.1121051160190056,2.0284500353427215,0.7490737394839023,0.4728042899259826,0.11125688628696359,0.333048004330201,
Rq_nm,6062,M14g_multiview_curated60_r3d40,3.0912147342364586,2.6412338831395172,2.6202518165271447,1.2,0.470962917709314,1.6046831674232052,0.5955323430398073,0.0,5.782052602645528,3.161800786118383,True,False,22,1.9044189257700097,True,1.7571868715380425,1.0681210244562322,1.180005073443779,3.1121051160190056,2.0284500353427215,0.7490737394839023,0.4728042899259826,0.11125688628696359,0.333048004330201,
Rq_nm,6063,M12a_frozen_alpha1,5.865590098313159,2.6551489357763147,3.1460069367520425,0.8333333333333334,2.719583161561116,2.040756767177569,0.5153964763737634,0.0,23.904898996088175,20.758892059336134,True,False,22,2.407805759262081,False,8.68898453565845,2.789944881106354,2.8320193881403406,8.375553395840946,5.035528390580862,7.941338674256478,0.0003557299528918498,0.09341386015403355,0.2575357447573381,
Rq_nm,6063,M14a_regularized_alpha10,5.865590098313159,2.659933030541663,2.805904075881407,0.9415833563900337,3.0596860224317517,1.4688926491363845,0.6205912224750977,0.0,13.360159220176357,10.554255144294949,True,False,22,1.8062886707501782,False,8.68898453565845,2.789944881106354,2.8320193881403406,8.375553395840946,5.035528390580862,7.941338674256478,0.0003557299528918498,0.09341386015403355,0.2575357447573381,
Rq_nm,6063,M14b_rheed_density_weighted,5.865590098313159,2.710617563434558,2.5412142535683597,1.2,3.324375844744799,1.4366430360758982,0.6271256897603469,0.0,13.088787366102885,10.547573112534526,True,False,22,1.6744262538100065,True,8.68898453565845,2.789944881106354,2.8320193881403406,8.375553395840946,5.035528390580862,7.941338674256478,0.0003557299528918498,0.09341386015403355,0.2575357447573381,
Rq_nm,6063,M14c_residual_self_paced,5.865590098313159,2.389122100604093,2.2974732386481387,1.2,3.56811685966502,1.3550966386758907,0.6439573480119882,0.0,12.987207897649466,10.689734659001326,True,False,22,1.7165341647873031,False,8.68898453565845,2.789944881106354,2.8320193881403406,8.375553395840946,5.035528390580862,7.941338674256478,0.0003557299528918498,0.09341386015403355,0.2575357447573381,
Rq_nm,6063,M14d_r3d_causal_temporal,5.865590098313159,3.44125658405094,3.44239917072414,1.2,2.4231909275890184,1.4709566790770172,0.6201753313591588,0.0,15.55619488040088,12.11379570967674,True,False,22,1.746247718882353,False,8.68898453565845,2.789944881106354,2.8320193881403406,8.375553395840946,5.035528390580862,7.941338674256478,0.0003557299528918498,0.09341386015403355,0.2575357447573381,
Rq_nm,6063,M14e_multiview_curated20_r3d80,5.865590098313159,3.2684946975945457,3.29125998628904,1.2,2.5743301120241187,1.4182093481327527,0.6308916101591773,0.0,15.469694936916941,12.178434950627901,True,False,22,1.70120913020466,False,8.68898453565845,2.789944881106354,2.8320193881403406,8.375553395840946,5.035528390580862,7.941338674256478,0.0003557299528918498,0.09341386015403355,0.2575357447573381,
Rq_nm,6063,M14f_multiview_curated40_r3d60,5.865590098313159,3.104406000330234,3.146756596234201,1.2,2.7188335020789576,1.4083971166050726,0.6329054194422544,0.0,15.416808438011648,12.270051841777446,True,False,22,1.6971734930429978,False,8.68898453565845,2.789944881106354,2.8320193881403406,8.375553395840946,5.035528390580862,7.941338674256478,0.0003557299528918498,0.09341386015403355,0.2575357447573381,
Rq_nm,6063,M14g_multiview_curated60_r3d40,5.865590098313159,2.94855507092576,3.0085976547566036,1.2,2.856992443556555,1.4214539045076588,0.6302271256654647,0.0,14.520504468775432,11.511906814018827,True,False,22,1.7150465364475165,False,8.68898453565845,2.789944881106354,2.8320193881403406,8.375553395840946,5.035528390580862,7.941338674256478,0.0003557299528918498,0.09341386015403355,0.2575357447573381,
Rq_nm,6070,M12a_frozen_alpha1,3.047229528427124,4.67090751575505,5.174788929025459,0.8333333333333334,2.1275594005983347,2.0992381157958913,0.5089773153951109,0.0,17.34334643579498,12.168557506769522,True,False,22,2.5523510180043365,False,4.739224880066889,1.3159531454921551,1.516811339097849,3.866666666666509,2.4395609982787962,2.848862891603648,0.05791013354876719,0.21808136649853355,0.5881792937569059,
Rq_nm,6070,M14a_regularized_alpha10,3.047229528427124,3.730297760512966,3.9463207072447672,1.022043791555609,0.8990911788176432,1.7645792837273122,0.5668345644869285,0.0,12.79881958497859,8.852498877733822,True,False,22,2.0558568386659624,False,4.739224880066889,1.3159531454921551,1.516811339097849,3.866666666666509,2.4395609982787962,2.848862891603648,0.05791013354876719,0.21808136649853355,0.5881792937569059,
Rq_nm,6070,M14b_rheed_density_weighted,3.047229528427124,3.66201178676352,3.604977361762716,1.2,0.5577478333355921,1.6843161060959544,0.5816618014155175,0.0,10.324291982920542,6.719314621157825,True,False,22,1.919443688930531,False,4.739224880066889,1.3159531454921551,1.516811339097849,3.866666666666509,2.4395609982787962,2.848862891603648,0.05791013354876719,0.21808136649853355,0.5881792937569059,
Rq_nm,6070,M14c_residual_self_paced,3.047229528427124,3.330755240400037,3.3269065459718,1.2,0.2796770175446759,1.9818413735808325,0.5285680123658714,0.0,10.27220673146625,6.94530018549445,True,False,22,2.092955854266784,False,4.739224880066889,1.3159531454921551,1.516811339097849,3.866666666666509,2.4395609982787962,2.848862891603648,0.05791013354876719,0.21808136649853355,0.5881792937569059,
Rq_nm,6070,M14d_r3d_causal_temporal,3.047229528427124,2.071574125257861,1.905152782336113,1.2,1.142076746091011,1.633257427602784,0.591295216768405,0.0,9.458342791635507,7.553190009299395,True,False,22,1.9611888244419449,False,4.739224880066889,1.3159531454921551,1.516811339097849,3.866666666666509,2.4395609982787962,2.848862891603648,0.05791013354876719,0.21808136649853355,0.5881792937569059,
Rq_nm,6070,M14e_multiview_curated20_r3d80,3.047229528427124,2.3301779173028425,2.2162528947451303,1.2,0.8309766336819937,1.5901348241157927,0.599555476512385,0.0,10.04230240520186,7.8260495104567305,True,False,22,1.9162130018973877,True,4.739224880066889,1.3159531454921551,1.516811339097849,3.866666666666509,2.4395609982787962,2.848862891603648,0.05791013354876719,0.21808136649853355,0.5881792937569059,
Rq_nm,6070,M14f_multiview_curated40_r3d60,3.047229528427124,2.621064368435255,2.578153804254644,1.2,0.4690757241724799,1.5957771561059726,0.5984681442352915,0.0,10.051251500556383,7.473097696301739,True,False,22,1.939719269374623,False,4.739224880066889,1.3159531454921551,1.516811339097849,3.866666666666509,2.4395609982787962,2.848862891603648,0.05791013354876719,0.21808136649853355,0.5881792937569059,
Rq_nm,6070,M14g_multiview_curated60_r3d40,3.047229528427124,2.9482634662647706,2.9991509787320947,1.2,0.04807854969502934,1.6299971604721226,0.5919157338031781,0.0,11.141435493794422,8.142284515062327,True,False,22,1.963795595826512,False,4.739224880066889,1.3159531454921551,1.516811339097849,3.866666666666509,2.4395609982787962,2.848862891603648,0.05791013354876719,0.21808136649853355,0.5881792937569059,
Rq_nm,6072,M12a_frozen_alpha1,1.470114827156067,2.082327144685198,2.561484053284454,0.8333333333333334,1.091369226128387,2.1307701371858934,0.5038402193890025,0.021859913056315516,5.101108193512593,2.5396241402281383,True,False,22,2.5778430282198004,False,0.02973663832883117,0.9078384626064411,0.9753451787181319,2.1562745148748856,1.7513740708882677,-0.02712856592321633,1.0,0.003551814115871099,0.009752792799130217,
Rq_nm,6072,M14a_regularized_alpha10,1.470114827156067,2.5689248955233746,2.769392271730338,0.8969372739992891,1.2992774445742712,1.7206004805302852,0.5749114522783583,1.517501909225497,4.021282634235179,1.251890362504841,False,False,22,2.0351036138625473,False,0.02973663832883117,0.9078384626064411,0.9753451787181319,2.1562745148748856,1.7513740708882677,-0.02712856592321633,1.0,0.003551814115871099,0.009752792799130217,
Rq_nm,6072,M14b_rheed_density_weighted,1.470114827156067,2.5705662850022364,2.410685848488639,1.2,0.940571021332572,1.6376506913227638,0.5904600885762961,1.0474918734348644,3.7738798235424134,1.3631939750537745,True,False,22,1.9322442708637013,True,0.02973663832883117,0.9078384626064411,0.9753451787181319,2.1562745148748856,1.7513740708882677,-0.02712856592321633,1.0,0.003551814115871099,0.009752792799130217,
Rq_nm,6072,M14c_residual_self_paced,1.470114827156067,2.5988580750115853,2.5502818448014937,1.2,1.0801670176454268,1.7030440395772903,0.5781678157302643,1.2242573330249016,3.8763063565780858,1.326024511776592,True,False,22,2.0105832643627704,False,0.02973663832883117,0.9078384626064411,0.9753451787181319,2.1562745148748856,1.7513740708882677,-0.02712856592321633,1.0,0.003551814115871099,0.009752792799130217,
Rq_nm,6072,M14d_r3d_causal_temporal,1.470114827156067,2.594101660068782,2.4986221476628034,1.2,1.0285073205067365,1.7593695793260964,0.5677853920895243,1.117789106169345,3.879455189156262,1.3808330414934584,True,False,22,2.1217468461095237,False,0.02973663832883117,0.9078384626064411,0.9753451787181319,2.1562745148748856,1.7513740708882677,-0.02712856592321633,1.0,0.003551814115871099,0.009752792799130217,
Rq_nm,6072,M14e_multiview_curated20_r3d80,1.470114827156067,2.589046644525321,2.529181846080607,1.2,1.05906701892454,1.6654579314292106,0.5852014215448483,1.1670525066869668,3.8913111854742466,1.36212933939364,True,False,22,2.035373958253528,False,0.02973663832883117,0.9078384626064411,0.9753451787181319,2.1562745148748856,1.7513740708882677,-0.02712856592321633,1.0,0.003551814115871099,0.009752792799130217,
Rq_nm,6072,M14f_multiview_curated40_r3d60,1.470114827156067,2.5840014794755923,2.5601153085620396,1.2,1.0900004814059727,1.6326619825531048,0.5914084974962615,1.2168306144127339,3.9034000027113454,1.3432846941493057,True,False,22,2.0016273113184013,False,0.02973663832883117,0.9078384626064411,0.9753451787181319,2.1562745148748856,1.7513740708882677,-0.02712856592321633,1.0,0.003551814115871099,0.009752792799130217,
Rq_nm,6072,M14g_multiview_curated60_r3d40,1.470114827156067,2.5789661457243587,2.5914271064733962,1.2,1.1213122793173294,1.6466772941980012,0.5887478951544382,1.1517891697880702,4.031065043158723,1.439637936685326,True,False,22,2.016131409285654,False,0.02973663832883117,0.9078384626064411,0.9753451787181319,2.1562745148748856,1.7513740708882677,-0.02712856592321633,1.0,0.003551814115871099,0.009752792799130217,
Rq_nm,6078,M12a_frozen_alpha1,2.0597975274126674,3.3917380730314384,3.9562680618284705,0.8333333333333334,1.896470534415803,2.0509617780067484,0.516944007377807,1.1601690275232883,6.752367096133653,2.796099034305182,True,False,22,2.42610838475298,False,0.3183134387658144,0.668331224024758,0.743634410138375,0.9724770642201427,1.172346429019086,-1.2517934989086172,1.0,0.03822477428421062,0.12152893575481127,
Rq_nm,6078,M14a_regularized_alpha10,2.0597975274126674,2.9710136035786134,3.1297757420741457,0.9637677143668704,1.0699782146614782,1.6436869278809985,0.5893145662470227,1.379199946532367,4.880351537615924,1.7505757955417787,True,False,22,2.0183020396887597,False,0.3183134387658144,0.668331224024758,0.743634410138375,0.9724770642201427,1.172346429019086,-1.2517934989086172,1.0,0.03822477428421062,0.12152893575481127,
Rq_nm,6078,M14b_rheed_density_weighted,2.0597975274126674,3.1971402955461965,3.0517376386582984,1.2,0.991940111245631,1.6121093643438666,0.5953318711433245,1.6783767669851584,4.425098510331439,1.37336087167314,True,False,22,1.8793636166652465,False,0.3183134387658144,0.668331224024758,0.743634410138375,0.9724770642201427,1.172346429019086,-1.2517934989086172,1.0,0.03822477428421062,0.12152893575481127,
Rq_nm,6078,M14c_residual_self_paced,2.0597975274126674,2.9204458998655465,2.8468016207229785,1.2,0.7870040933103111,1.6174841388494536,0.5943033521001002,1.4015942508975228,4.292008990548434,1.4452073698254557,True,False,22,2.0175411030663115,False,0.3183134387658144,0.668331224024758,0.743634410138375,0.9724770642201427,1.172346429019086,-1.2517934989086172,1.0,0.03822477428421062,0.12152893575481127,
Rq_nm,6078,M14d_r3d_causal_temporal,2.0597975274126674,3.354934043324345,3.3118092561280585,1.2,1.2520117287153911,1.5832113993431371,0.6008923874725607,1.6790356105836193,4.944582901672498,1.6327736455444393,True,False,22,1.8872925919719323,False,0.3183134387658144,0.668331224024758,0.743634410138375,0.9724770642201427,1.172346429019086,-1.2517934989086172,1.0,0.03822477428421062,0.12152893575481127,
Rq_nm,6078,M14e_multiview_curated20_r3d80,2.0597975274126674,3.2743727494616377,3.2702208863472424,1.2,1.210423358934575,1.5366951938703786,0.6099522788521627,1.7249490603435562,4.815492712350928,1.5452718260036862,True,False,22,1.8747087931396302,False,0.3183134387658144,0.668331224024758,0.743634410138375,0.9724770642201427,1.172346429019086,-1.2517934989086172,1.0,0.03822477428421062,0.12152893575481127,
Rq_nm,6078,M14f_multiview_curated40_r3d60,2.0597975274126674,3.195745956243361,3.2291547666017553,1.2,1.1693572391890878,1.5322925944344299,0.6108168107220074,1.5849425571624345,4.873366976041076,1.6442122094393208,True,False,22,1.8730548856399658,True,0.3183134387658144,0.668331224024758,0.743634410138375,0.9724770642201427,1.172346429019086,-1.2517934989086172,1.0,0.03822477428421062,0.12152893575481127,
Rq_nm,6078,M14g_multiview_curated60_r3d40,2.0597975274126674,3.119007210930688,3.188604338685526,1.2,1.1288068112728586,1.5564638267796567,0.6060853998119105,1.2993645841871626,5.07784409318389,1.8892397544983635,True,False,22,1.906084866074419,False,0.3183134387658144,0.668331224024758,0.743634410138375,0.9724770642201427,1.172346429019086,-1.2517934989086172,1.0,0.03822477428421062,0.12152893575481127,
Rq_nm,6080,M12a_frozen_alpha1,4.336027222470414,1.9195116597061876,2.2293461727515744,0.8333333333333334,2.1066810497188397,1.5642598205746472,0.601663451311332,0.0,4.672619434080607,2.443273261329032,True,False,22,2.052920141969796,False,0.5414199510374109,0.7828659864661281,0.8375983722141789,1.3394495412840617,1.3452468132845339,-0.494537699212313,1.0,0.0443139905533308,0.1326076065566142,
Rq_nm,6080,M14a_regularized_alpha10,4.336027222470414,2.7257081471529396,2.797145554895262,1.2,1.538881667575152,1.4471598033127862,0.6249872406048441,0.5559960149494834,5.038295094841041,2.241149539945779,True,False,22,1.8681918460259161,False,0.5414199510374109,0.7828659864661281,0.8375983722141789,1.3394495412840617,1.3452468132845339,-0.494537699212313,1.0,0.0443139905533308,0.1326076065566142,
Rq_nm,6080,M14b_rheed_density_weighted,4.336027222470414,2.863307224162616,2.7202698952357656,1.2,1.6157573272346486,1.2803499649683017,0.659782027123752,1.3031877598938575,4.137352030577674,1.417082135341908,False,False,22,1.769141442033252,False,0.5414199510374109,0.7828659864661281,0.8375983722141789,1.3394495412840617,1.3452468132845339,-0.494537699212313,1.0,0.0443139905533308,0.1326076065566142,
Rq_nm,6080,M14c_residual_self_paced,4.336027222470414,2.764527237629259,2.7299712445363515,1.2,1.6060559779340626,1.2743413669804604,0.6610708731976861,1.3143313343263805,4.145611154746323,1.415639910209971,False,False,22,1.9581907465210189,False,0.5414199510374109,0.7828659864661281,0.8375983722141789,1.3394495412840617,1.3452468132845339,-0.494537699212313,1.0,0.0443139905533308,0.1326076065566142,
Rq_nm,6080,M14d_r3d_causal_temporal,4.336027222470414,2.5077093384055096,2.3681105338172372,1.2,1.967916688653177,1.4551499970893305,0.6233674135757906,0.985096210745319,3.7511248568891555,1.3830143230719183,False,False,22,1.7362033037378473,False,0.5414199510374109,0.7828659864661281,0.8375983722141789,1.3394495412840617,1.3452468132845339,-0.494537699212313,1.0,0.0443139905533308,0.1326076065566142,
Rq_nm,6080,M14e_multiview_curated20_r3d80,4.336027222470414,2.549867586081767,2.44829975417428,1.2,1.8877274682961342,1.4297035999476047,0.6285407400387164,1.067877605910318,3.8287219024382417,1.3804221482639618,False,False,22,1.682330369640546,False,0.5414199510374109,0.7828659864661281,0.8375983722141789,1.3394495412840617,1.3452468132845339,-0.494537699212313,1.0,0.0443139905533308,0.1326076065566142,
Rq_nm,6080,M14f_multiview_curated40_r3d60,4.336027222470414,2.592734575325444,2.531204350764672,1.2,1.804822871705742,1.3912813082362565,0.6364335732273871,1.12258976364497,3.9398189378843744,1.4086145871197022,False,False,22,1.6697981822372452,True,0.5414199510374109,0.7828659864661281,0.8375983722141789,1.3394495412840617,1.3452468132845339,-0.494537699212313,1.0,0.0443139905533308,0.1326076065566142,
Rq_nm,6080,M14g_multiview_curated60_r3d40,4.336027222470414,2.6363222211149138,2.6169162719582277,1.2,1.7191109505121864,1.3678464201352,0.6412962275801181,0.9333842091100084,4.300448334806447,1.6835320628482193,False,False,22,1.72751488247275,False,0.5414199510374109,0.7828659864661281,0.8375983722141789,1.3394495412840617,1.3452468132845339,-0.494537699212313,1.0,0.0443139905533308,0.1326076065566142,
Rq_nm,6081,M12a_frozen_alpha1,3.181477069854736,1.8276247012436657,2.269546546001352,0.8333333333333334,0.9119305238533837,2.0199309124296905,0.5188944576925302,0.0,7.106304429833845,4.836757883832493,True,False,22,2.2972693848569223,False,1.59544616274911,0.6699731525875137,0.9669459648652697,3.4316375059254143,1.8526331669295049,-0.047351520594129434,1.0,0.17813968076938813,0.4734259742965983,
Rq_nm,6081,M14a_regularized_alpha10,3.181477069854736,2.4138459078621035,2.4958678261391585,1.0634006315490303,0.6856092437155774,1.759137595652208,0.5647616304763383,0.0,6.257730198191885,3.7618623720527262,True,False,22,2.0068032310477886,False,1.59544616274911,0.6699731525875137,0.9669459648652697,3.4316375059254143,1.8526331669295049,-0.047351520594129434,1.0,0.17813968076938813,0.4734259742965983,
Rq_nm,6081,M14b_rheed_density_weighted,3.181477069854736,2.4081750509845192,2.233559009488216,1.2,0.9479180603665198,1.56196784568543,0.6021115036279584,0.0,5.363124465524862,3.129565456036646,True,False,22,1.7688434879771333,True,1.59544616274911,0.6699731525875137,0.9669459648652697,3.4316375059254143,1.8526331669295049,-0.047351520594129434,1.0,0.17813968076938813,0.4734259742965983,
Rq_nm,6081,M14c_residual_self_paced,3.181477069854736,2.279546794735351,2.1539606856950932,1.2,1.0275163841596426,1.7347502115061728,0.5692527550450901,0.0,5.418601718816613,3.26464103312152,True,False,22,1.925378310626619,False,1.59544616274911,0.6699731525875137,0.9669459648652697,3.4316375059254143,1.8526331669295049,-0.047351520594129434,1.0,0.17813968076938813,0.4734259742965983,
Rq_nm,6081,M14d_r3d_causal_temporal,3.181477069854736,3.866289241381704,3.8962073972913496,1.2,0.7147303274366137,1.5644570876760555,0.6016249036561524,1.0435931247597017,6.7488216698229975,2.852614272531648,True,False,22,1.888132520137394,False,1.59544616274911,0.6699731525875137,0.9669459648652697,3.4316375059254143,1.8526331669295049,-0.047351520594129434,1.0,0.17813968076938813,0.4734259742965983,
Rq_nm,6081,M14e_multiview_curated20_r3d80,3.181477069854736,3.5186606264183644,3.5471096029866236,1.2,0.3656325331318877,1.5404804131372434,0.6063282877658783,0.7740252027780787,6.320194003195168,2.773084400208545,True,False,22,1.870795621516243,False,1.59544616274911,0.6699731525875137,0.9669459648652697,3.4316375059254143,1.8526331669295049,-0.047351520594129434,1.0,0.17813968076938813,0.4734259742965983,
Rq_nm,6081,M14f_multiview_curated40_r3d60,3.181477069854736,3.202288248740092,3.2292907570441294,1.2,0.047813687189393494,1.5424386120657494,0.6059427826694382,0.37673476480870693,6.081846749279552,2.8525559922354224,True,False,22,1.85818866301815,False,1.59544616274911,0.6699731525875137,0.9669459648652697,3.4316375059254143,1.8526331669295049,-0.047351520594129434,1.0,0.17813968076938813,0.4734259742965983,
Rq_nm,6081,M14g_multiview_curated60_r3d40,3.181477069854736,2.9143617747691306,2.93994828486555,1.2,0.24152878498918584,1.5877676926522495,0.5970871602430227,0.0,6.278522821758742,3.3385745368931916,True,False,22,1.9039698945872017,False,1.59544616274911,0.6699731525875137,0.9669459648652697,3.4316375059254143,1.8526331669295049,-0.047351520594129434,1.0,0.17813968076938813,0.4734259742965983,
Rq_nm,6082,M12a_frozen_alpha1,1.863613247871399,1.886607253501503,2.3195438777068222,0.8333333333333334,0.4559306298354233,2.198283591919542,0.493014826856723,0.0,8.273411313148998,5.9538674354421754,True,False,22,2.6135809613061767,False,1.0083696894546572,0.9645516510212903,0.9951802778817549,2.257679505995431,1.6963171316944552,0.1431461911639637,0.8666273663709073,0.13358810677166671,0.38440599893572247,
Rq_nm,6082,M14a_regularized_alpha10,1.863613247871399,2.578068037854232,2.697961492824825,1.0473178043364546,0.8343482449534259,1.7835271101474577,0.5633897876233939,0.0,6.136994038890251,3.4390325460654254,True,False,22,2.0966864734364883,False,1.0083696894546572,0.9645516510212903,0.9951802778817549,2.257679505995431,1.6963171316944552,0.1431461911639637,0.8666273663709073,0.13358810677166671,0.38440599893572247,
Rq_nm,6082,M14b_rheed_density_weighted,1.863613247871399,2.7427492058617227,2.60749558822024,1.2,0.7438823403488413,1.6640401778041256,0.5854683983696227,0.0,5.321336044047864,2.7138404558276235,True,False,22,1.9311391111571297,True,1.0083696894546572,0.9645516510212903,0.9951802778817549,2.257679505995431,1.6963171316944552,0.1431461911639637,0.8666273663709073,0.13358810677166671,0.38440599893572247,
Rq_nm,6082,M14c_residual_self_paced,1.863613247871399,2.8172971772092668,2.74978410821999,1.2,0.8861708603485909,1.7029766827840547,0.5781803444991768,0.03433585731264088,5.465232359127339,2.715448250907349,True,False,22,2.0096786080830316,False,1.0083696894546572,0.9645516510212903,0.9951802778817549,2.257679505995431,1.6963171316944552,0.1431461911639637,0.8666273663709073,0.13358810677166671,0.38440599893572247,
Rq_nm,6082,M14d_r3d_causal_temporal,1.863613247871399,3.7865158474927023,3.797316286945773,1.2,1.933703039074374,1.7875781133046864,0.5626560226754448,0.9006650249859871,6.693967548905558,2.8966512619597857,True,False,22,2.1469470612565225,False,1.0083696894546572,0.9645516510212903,0.9951802778817549,2.257679505995431,1.6963171316944552,0.1431461911639637,0.8666273663709073,0.13358810677166671,0.38440599893572247,
Rq_nm,6082,M14e_multiview_curated20_r3d80,1.863613247871399,3.5063131297176624,3.531594517944912,1.2,1.667981270073513,1.6925845437887213,0.5801166007627389,0.4204184416444021,6.642770594245421,3.11117607630051,True,False,22,2.0492067906136384,False,1.0083696894546572,0.9645516510212903,0.9951802778817549,2.257679505995431,1.6963171316944552,0.1431461911639637,0.8666273663709073,0.13358810677166671,0.38440599893572247,
Rq_nm,6082,M14f_multiview_curated40_r3d60,1.863613247871399,3.2468454533925373,3.2844669489488516,1.2,1.4208537010774527,1.635496202165934,0.5908694941560728,0.0,6.615594126118145,3.3311271771692934,True,False,22,1.9882588971185964,False,1.0083696894546572,0.9645516510212903,0.9951802778817549,2.257679505995431,1.6963171316944552,0.1431461911639637,0.8666273663709073,0.13358810677166671,0.38440599893572247,
Rq_nm,6082,M14g_multiview_curated60_r3d40,1.863613247871399,3.0065784224652687,3.0546324284745214,1.2,1.1910191806031225,1.6362288969854841,0.5907302323949303,0.0,6.611274247957178,3.5566418194826572,True,False,22,1.9905821800365036,False,1.0083696894546572,0.9645516510212903,0.9951802778817549,2.257679505995431,1.6963171316944552,0.1431461911639637,0.8666273663709073,0.13358810677166671,0.38440599893572247,
Rq_nm,6084,M12a_frozen_alpha1,1.9596685775258926,2.8177975222652614,3.281820954264108,0.8333333333333334,1.3221523767382153,2.016854665086209,0.5226475108672823,0.0,6.825154113075677,3.5433331588115693,True,False,22,2.596145850175605,False,0.686014954305041,0.6111868481336836,0.8241908883350287,2.721735425997602,1.5029239272225778,-0.48168616780876206,1.0,0.08375695579918632,0.2404254437940787,
Rq_nm,6084,M14a_regularized_alpha10,1.9596685775258926,2.9621531110687256,3.06242003932883,1.1227948970266801,1.1027514618029373,1.650544922716863,0.5880157918980009,0.2123534580123354,5.912486620645325,2.8500665813164945,True,False,22,2.0921912330592503,False,0.686014954305041,0.6111868481336836,0.8241908883350287,2.721735425997602,1.5029239272225778,-0.48168616780876206,1.0,0.08375695579918632,0.2404254437940787,
Rq_nm,6084,M14b_rheed_density_weighted,1.9596685775258926,3.0751916354532596,2.9727047316917745,1.2,1.0130361541658819,1.5780083930756121,0.6018990478083789,0.9672664005993075,4.978143062784241,2.005438331092467,True,False,22,1.896125923030949,False,0.686014954305041,0.6111868481336836,0.8241908883350287,2.721735425997602,1.5029239272225778,-0.48168616780876206,1.0,0.08375695579918632,0.2404254437940787,
Rq_nm,6084,M14c_residual_self_paced,1.9596685775258926,2.974940475643114,2.8935874277484777,1.2,0.933918850222585,1.5623111117344128,0.6049463360451369,0.946181280875438,4.840993574621518,1.9474061468730397,True,False,22,2.0676911834817173,False,0.686014954305041,0.6111868481336836,0.8241908883350287,2.721735425997602,1.5029239272225778,-0.48168616780876206,1.0,0.08375695579918632,0.2404254437940787,
Rq_nm,6084,M14d_r3d_causal_temporal,1.9596685775258926,3.767237032293067,3.780841773564548,1.2,1.8211731960386555,1.6096074254547346,0.5958112501417465,1.6544165245682585,5.907267022560838,2.1264252489962896,True,False,22,1.9306214402923085,False,0.686014954305041,0.6111868481336836,0.8241908883350287,2.721735425997602,1.5029239272225778,-0.48168616780876206,1.0,0.08375695579918632,0.2404254437940787,
Rq_nm,6084,M14e_multiview_curated20_r3d80,1.9596685775258926,3.590375385825147,3.6223135173686267,1.2,1.662644939842734,1.5400307760667784,0.609298090384932,1.5873254003395645,5.6573016343976885,2.0349881170290622,True,False,22,1.8578463125359592,True,0.686014954305041,0.6111868481336836,0.8241908883350287,2.721735425997602,1.5029239272225778,-0.48168616780876206,1.0,0.08375695579918632,0.2404254437940787,
Rq_nm,6084,M14f_multiview_curated40_r3d60,1.9596685775258926,3.4218169179794393,3.4704322486738035,1.2,1.5107636711479109,1.5160188091285491,0.6140231192383401,1.3226534710119946,5.618211026335612,2.147778777661809,True,False,22,1.8599717108745866,False,0.686014954305041,0.6111868481336836,0.8241908883350287,2.721735425997602,1.5029239272225778,-0.48168616780876206,1.0,0.08375695579918632,0.2404254437940787,
Rq_nm,6084,M14g_multiview_curated60_r3d40,1.9596685775258926,3.261171816851503,3.3249192635827454,1.2,1.3652506860568527,1.5599095646555323,0.6054139033274729,1.0386952790374968,5.611143248127994,2.2862239845452486,True,False,22,1.8979088134638957,False,0.686014954305041,0.6111868481336836,0.8241908883350287,2.721735425997602,1.5029239272225778,-0.48168616780876206,1.0,0.08375695579918632,0.2404254437940787,
Rq_nm,6085,M12a_frozen_alpha1,3.1255097083820487,4.808397981777321,5.277086105287854,0.8333333333333334,2.151576396905805,1.9607029710656698,0.5289728937151477,2.8527549185353744,7.7014172920403325,2.4243311867524793,True,False,22,2.3932081599510417,False,0.4494970921122055,0.7608374027216313,0.7950366422056891,1.7182105218609411,1.0329788607590067,-0.6570368820896003,1.0,0.042811727492121164,0.1136373550119576,
Rq_nm,6085,M14a_regularized_alpha10,3.1255097083820487,3.9481745976166684,4.271636471834401,1.1189549714730145,1.1461267634523522,1.6727970922510376,0.5808231616782773,1.7666944322656475,6.776578511403154,2.5049420395687534,True,False,22,2.026646031900555,False,0.4494970921122055,0.7608374027216313,0.7950366422056891,1.7182105218609411,1.0329788607590067,-0.6570368820896003,1.0,0.042811727492121164,0.1136373550119576,
Rq_nm,6085,M14b_rheed_density_weighted,3.1255097083820487,3.9471656114419114,3.9354769811423185,1.2,0.8099672727602698,1.516579608344121,0.6110533843659015,2.1726944556336107,5.698259506651026,1.762782525508708,True,False,22,1.8669760881964432,False,0.4494970921122055,0.7608374027216313,0.7950366422056891,1.7182105218609411,1.0329788607590067,-0.6570368820896003,1.0,0.042811727492121164,0.1136373550119576,
Rq_nm,6085,M14c_residual_self_paced,3.1255097083820487,3.568412274024831,3.6484428337481876,1.2,0.5229331253661389,1.5574766150768897,0.6029904505657088,1.8629379035315234,5.433947763964852,1.7855049302166641,True,False,22,2.077540916042979,False,0.4494970921122055,0.7608374027216313,0.7950366422056891,1.7182105218609411,1.0329788607590067,-0.6570368820896003,1.0,0.042811727492121164,0.1136373550119576,
Rq_nm,6085,M14d_r3d_causal_temporal,3.1255097083820487,4.42219027033613,4.6189164963018765,1.2,1.4934067879198278,1.5629893016372955,0.6019117806128882,2.9850708720435346,6.252762120560218,1.6338456242583417,True,False,22,1.8573942208638465,False,0.4494970921122055,0.7608374027216313,0.7950366422056891,1.7182105218609411,1.0329788607590067,-0.6570368820896003,1.0,0.042811727492121164,0.1136373550119576,
Rq_nm,6085,M14e_multiview_curated20_r3d80,3.1255097083820487,4.323039559949688,4.562251074283086,1.2,1.4367413659010375,1.5182628492269592,0.6107194121795432,3.052973321383039,6.071528827183133,1.5092777529000472,True,False,22,1.8035821946764754,False,0.4494970921122055,0.7608374027216313,0.7950366422056891,1.7182105218609411,1.0329788607590067,-0.6570368820896003,1.0,0.042811727492121164,0.1136373550119576,
Rq_nm,6085,M14f_multiview_curated40_r3d60,3.1255097083820487,4.226111925181699,4.506280830463586,1.2,1.3807711220815375,1.5009728869815038,0.6141586272931315,2.768525892818986,6.244035768108186,1.7377549376445998,True,False,22,1.7849988476800474,True,0.4494970921122055,0.7608374027216313,0.7950366422056891,1.7182105218609411,1.0329788607590067,-0.6570368820896003,1.0,0.042811727492121164,0.1136373550119576,
Rq_nm,6085,M14g_multiview_curated60_r3d40,3.1255097083820487,4.13135752206043,4.450997236313776,1.2,1.325487527931727,1.5409034910960124,0.6062449768369896,2.542041109498645,6.3599533631289065,1.9089561268151307,True,False,22,1.8339228390620086,False,0.4494970921122055,0.7608374027216313,0.7950366422056891,1.7182105218609411,1.0329788607590067,-0.6570368820896003,1.0,0.042811727492121164,0.1136373550119576,
Rq_nm,6090,M12a_frozen_alpha1,4.685108184814453,8.935300675349016,8.269986562032416,0.8333333333333334,3.5848783772179633,1.5284757606113641,0.6086969762064668,5.532874109977648,11.007099014087185,2.737112452054769,False,False,22,1.9979969538761582,False,1.0497834158889103,0.9184305373182361,1.1083626990743956,5.5781393563572435,2.309046043117737,0.5642438646331475,0.5687900664838847,0.059901935389423365,0.1860335450565327,
Rq_nm,6090,M14a_regularized_alpha10,4.685108184814453,6.794962314564476,7.7678347856718775,1.2,3.0827266008574243,1.422020716511001,0.6301111145134214,5.527310221204647,10.008359350139107,2.2405245644672296,False,False,22,1.7668500564130916,False,1.0497834158889103,0.9184305373182361,1.1083626990743956,5.5781393563572435,2.309046043117737,0.5642438646331475,0.5687900664838847,0.059901935389423365,0.1860335450565327,
Rq_nm,6090,M14b_rheed_density_weighted,4.685108184814453,6.3429925147364985,6.754348500422899,1.2,2.069240315608446,1.3725553681947893,0.6403161643356844,4.4104659044979995,9.0982310963478,2.3438825959248994,True,False,22,1.7954842199840106,False,1.0497834158889103,0.9184305373182361,1.1083626990743956,5.5781393563572435,2.309046043117737,0.5642438646331475,0.5687900664838847,0.059901935389423365,0.1860335450565327,
Rq_nm,6090,M14c_residual_self_paced,4.685108184814453,5.706840376541916,6.108235128949011,1.2,1.423126944134558,1.4019412175847767,0.6342338979258929,3.7358817886234483,8.480588469274574,2.3723533403255628,True,False,22,1.9917609456551748,False,1.0497834158889103,0.9184305373182361,1.1083626990743956,5.5781393563572435,2.309046043117737,0.5642438646331475,0.5687900664838847,0.059901935389423365,0.1860335450565327,
Rq_nm,6090,M14d_r3d_causal_temporal,4.685108184814453,5.641488541454013,6.110109114001481,1.2,1.4250009291870276,1.6434752806409847,0.5863810260229693,3.501444984783744,8.718773243219218,2.6086641292177366,True,False,22,2.0049178227187854,False,1.0497834158889103,0.9184305373182361,1.1083626990743956,5.5781393563572435,2.309046043117737,0.5642438646331475,0.5687900664838847,0.059901935389423365,0.1860335450565327,
Rq_nm,6090,M14e_multiview_curated20_r3d80,4.685108184814453,5.855343513787118,6.410607225852732,1.2,1.7254990410382787,1.5541425362511256,0.6036437692024613,3.6650652291996084,9.156149222505855,2.7455419966531234,True,False,22,1.8655965098050566,False,1.0497834158889103,0.9184305373182361,1.1083626990743956,5.5781393563572435,2.309046043117737,0.5642438646331475,0.5687900664838847,0.059901935389423365,0.1860335450565327,
Rq_nm,6090,M14f_multiview_curated40_r3d60,4.685108184814453,6.077305202788267,6.725883979712066,1.2,2.0407757948976126,1.4391166422910244,0.6266220566269495,4.100309135842791,9.35145882358134,2.6255748438692743,True,False,22,1.7500985600098433,False,1.0497834158889103,0.9184305373182361,1.1083626990743956,5.5781393563572435,2.309046043117737,0.5642438646331475,0.5687900664838847,0.059901935389423365,0.1860335450565327,
Rq_nm,6090,M14g_multiview_curated60_r3d40,4.685108184814453,6.307680914172261,7.056666196318084,1.2,2.371558011503631,1.3992287457380705,0.6347928950727426,4.555155883762184,9.558176508873984,2.5015103125559,True,False,22,1.6701808816146158,True,1.0497834158889103,0.9184305373182361,1.1083626990743956,5.5781393563572435,2.309046043117737,0.5642438646331475,0.5687900664838847,0.059901935389423365,0.1860335450565327,
Rq_nm,6094,M12a_frozen_alpha1,4.092223385079066,3.9909187248868476,4.738796700556274,0.8333333333333334,0.646573315477208,2.2520782246349063,0.48120877402647777,0.8544721425325403,8.623121258580008,3.8843245580237338,True,False,22,2.737854951131226,False,0.7014961026937185,0.8253430228985845,0.8798189276169041,1.9594030505603268,1.2755242608620796,-0.4622298971980687,1.0,0.08999331669731865,0.24237361421862436,
Rq_nm,6094,M14a_regularized_alpha10,4.092223385079066,3.450843491598625,3.6549223733109284,0.9078120116219077,0.43730101176813774,1.7211130608536538,0.5717796926097811,1.4284297493911708,5.881414997230686,2.2264926239197576,True,False,22,2.047584236555515,False,0.7014961026937185,0.8253430228985845,0.8798189276169041,1.9594030505603268,1.2755242608620796,-0.4622298971980687,1.0,0.08999331669731865,0.24237361421862436,
Rq_nm,6094,M14b_rheed_density_weighted,4.092223385079066,3.421684934643698,3.402737196823833,1.2,0.6894861882552332,1.6124570105100482,0.5923183471903097,1.3930713012040896,5.412403092443576,2.0096658956197433,True,False,22,1.8759006577657416,True,0.7014961026937185,0.8253430228985845,0.8798189276169041,1.9594030505603268,1.2755242608620796,-0.4622298971980687,1.0,0.08999331669731865,0.24237361421862436,
Rq_nm,6094,M14c_residual_self_paced,4.092223385079066,3.0724967056945705,3.143671903701382,1.2,0.9485514813776841,1.695838203137192,0.5764927727023815,1.0982203400703554,5.189123467332409,2.0454515636310266,True,False,22,1.972763140570609,False,0.7014961026937185,0.8253430228985845,0.8798189276169041,1.9594030505603268,1.2755242608620796,-0.4622298971980687,1.0,0.08999331669731865,0.24237361421862436,
Rq_nm,6094,M14d_r3d_causal_temporal,4.092223385079066,4.360151109572104,4.711021680224825,1.2,0.6187982951457585,1.8289656729632424,0.5520972670086195,2.43019979869923,6.99184356175042,2.2808218815255947,True,False,22,2.269289165523932,False,0.7014961026937185,0.8253430228985845,0.8798189276169041,1.9594030505603268,1.2755242608620796,-0.4622298971980687,1.0,0.08999331669731865,0.24237361421862436,
Rq_nm,6094,M14e_multiview_curated20_r3d80,4.092223385079066,4.160890484879252,4.510796977946816,1.2,0.41857359286774987,1.7158900739935927,0.5727504700162039,2.208851572591194,6.812742383302438,2.301945405355622,True,False,22,2.1314396760007046,False,0.7014961026937185,0.8253430228985845,0.8798189276169041,1.9594030505603268,1.2755242608620796,-0.4622298971980687,1.0,0.08999331669731865,0.24237361421862436,
Rq_nm,6094,M14f_multiview_curated40_r3d60,4.092223385079066,3.9707361492931716,4.319082092460905,1.2,0.22685870738183844,1.6532172980333288,0.5845285802831149,2.120372633751281,6.517791551170529,2.1987094587096236,True,False,22,2.0469358292657054,False,0.7014961026937185,0.8253430228985845,0.8798189276169041,1.9594030505603268,1.2755242608620796,-0.4622298971980687,1.0,0.08999331669731865,0.24237361421862436,
Rq_nm,6094,M14g_multiview_curated60_r3d40,4.092223385079066,3.789271941811542,4.1355153452079,1.2,0.043291960128834184,1.610970501217527,0.5926043901359912,1.6006673786531707,6.67036331176263,2.5348479665547297,True,False,22,1.9671466167140435,False,0.7014961026937185,0.8253430228985845,0.8798189276169041,1.9594030505603268,1.2755242608620796,-0.4622298971980687,1.0,0.08999331669731865,0.24237361421862436,
Rq_nm,6095,M12a_frozen_alpha1,9.867135047912596,4.381053550519164,4.551130391967414,0.8333333333333334,5.316004655945182,1.9049149790689306,0.5386449375342375,2.823101311990572,6.279159471944256,1.7280290799768419,False,False,22,2.265545948956942,False,0.4874531600620587,0.9065762240762578,0.9246964916532775,3.0699788813309867,1.6509470376843822,-0.31825892127709143,1.0,0.04434777551065215,0.12510805728857566,
Rq_nm,6095,M14a_regularized_alpha10,9.867135047912596,4.384945400094422,4.71342833381627,1.2,5.153706714096326,1.5194440862926666,0.6104851516783789,3.4114848779965046,6.015371789636036,1.3019434558197658,False,False,22,1.7644778444763904,False,0.4874531600620587,0.9065762240762578,0.9246964916532775,3.0699788813309867,1.6509470376843822,-0.31825892127709143,1.0,0.04434777551065215,0.12510805728857566,
Rq_nm,6095,M14b_rheed_density_weighted,9.867135047912596,4.303064677420527,4.3762363860746705,1.2,5.490898661837925,1.2483756467949056,0.6666695392213967,3.0593776930889574,5.693095079060384,1.316858692985713,False,False,22,1.7401724865101207,False,0.4874531600620587,0.9065762240762578,0.9246964916532775,3.0699788813309867,1.6509470376843822,-0.31825892127709143,1.0,0.04434777551065215,0.12510805728857566,
Rq_nm,6095,M14c_residual_self_paced,9.867135047912596,4.178068853580215,4.344268074163491,1.2,5.522866973749105,1.280934805823083,0.6596567128557173,2.8634571568220855,5.825078991504896,1.4808109173414052,False,False,22,1.9043362185785837,False,0.4874531600620587,0.9065762240762578,0.9246964916532775,3.0699788813309867,1.6509470376843822,-0.31825892127709143,1.0,0.04434777551065215,0.12510805728857566,
Rq_nm,6095,M14d_r3d_causal_temporal,9.867135047912596,4.876537999670329,5.202664010856095,1.2,4.664471037056501,1.504867721197213,0.6133822041820267,3.4422885015742257,6.963039520137965,1.7603755092818694,False,False,22,1.8301962123397075,False,0.4874531600620587,0.9065762240762578,0.9246964916532775,3.0699788813309867,1.6509470376843822,-0.31825892127709143,1.0,0.04434777551065215,0.12510805728857566,
Rq_nm,6095,M14e_multiview_curated20_r3d80,9.867135047912596,4.773996850946459,5.1009140481690745,1.2,4.766220999743521,1.4715914350600767,0.6200474874305766,3.4242287443753723,6.777599351962777,1.676685303793702,False,False,22,1.7570403988550403,False,0.4874531600620587,0.9065762240762578,0.9246964916532775,3.0699788813309867,1.6509470376843822,-0.31825892127709143,1.0,0.04434777551065215,0.12510805728857566,
Rq_nm,6095,M14f_multiview_curated40_r3d60,9.867135047912596,4.67361188088506,5.001154038107333,1.2,4.865981009805263,1.4346031906623515,0.6275413125043201,3.411978688384796,6.59032938782987,1.5891753497225374,False,False,22,1.7117914802757923,False,0.4874531600620587,0.9065762240762578,0.9246964916532775,3.0699788813309867,1.6509470376843822,-0.31825892127709143,1.0,0.04434777551065215,0.12510805728857566,
Rq_nm,6095,M14g_multiview_curated60_r3d40,9.867135047912596,4.57533775055164,4.903345062607932,1.2,4.963789985304664,1.424784767018323,0.6295456937243384,3.384462866477337,6.422227258738527,1.5188821961305952,False,False,22,1.6951471513569174,True,0.4874531600620587,0.9065762240762578,0.9246964916532775,3.0699788813309867,1.6509470376843822,-0.31825892127709143,1.0,0.04434777551065215,0.12510805728857566,
Rq_nm,6099,M12a_frozen_alpha1,10.321437835693361,3.197213081620528,3.6793317656689526,0.8333333333333334,6.642106070024409,1.6347445701381376,0.5880461592271412,0.0,10.043430623631107,6.364098857962154,False,False,22,1.934898498252409,False,2.510521485452283,0.6379942856664902,0.7278280345507137,0.951681109185442,1.0551117640396086,-1.2832704743009133,1.0,0.2631076997564014,0.7123274859483357,
Rq_nm,6099,M14a_regularized_alpha10,10.321437835693361,3.240821679349536,3.4014998109082915,1.0765337849236836,6.91993802478507,1.3893232067136208,0.6368384566337058,0.0,7.413923462709413,4.012423651801122,False,False,22,1.6367560889072958,False,2.510521485452283,0.6379942856664902,0.7278280345507137,0.951681109185442,1.0551117640396086,-1.2832704743009133,1.0,0.2631076997564014,0.7123274859483357,
Rq_nm,6099,M14b_rheed_density_weighted,10.321437835693361,3.3310917714093784,3.2761225506003586,1.2,7.045315285093002,1.2776450797657906,0.6603619145416029,0.22610482115213992,6.326140280048577,3.0500177294482187,False,False,22,1.561465977588818,True,2.510521485452283,0.6379942856664902,0.7278280345507137,0.951681109185442,1.0551117640396086,-1.2832704743009133,1.0,0.2631076997564014,0.7123274859483357,
Rq_nm,6099,M14c_residual_self_paced,10.321437835693361,3.111817238266304,3.0938621434791655,1.2,7.227575692214195,1.3108122896794416,0.6532864095068247,0.29879460339962893,5.888929683558702,2.7950675400795366,False,False,22,1.6566738279920004,False,2.510521485452283,0.6379942856664902,0.7278280345507137,0.951681109185442,1.0551117640396086,-1.2832704743009133,1.0,0.2631076997564014,0.7123274859483357,
Rq_nm,6099,M14d_r3d_causal_temporal,10.321437835693361,6.60716316379631,7.266454310633777,1.2,3.0549835250595843,1.5669921365623662,0.6011297534661725,3.128528285873596,11.404380335393958,4.137926024760181,True,False,22,1.8884526719555719,False,2.510521485452283,0.6379942856664902,0.7278280345507137,0.951681109185442,1.0551117640396086,-1.2832704743009133,1.0,0.2631076997564014,0.7123274859483357,
Rq_nm,6099,M14e_multiview_curated20_r3d80,10.321437835693361,5.729847357248511,6.255787240507665,1.2,4.065650595185696,1.4563477460429746,0.6231249597681766,2.3730912445475405,10.13848323646779,3.8826959959601246,False,False,22,1.7420349437669524,False,2.510521485452283,0.6379942856664902,0.7278280345507137,0.951681109185442,1.0551117640396086,-1.2832704743009133,1.0,0.2631076997564014,0.7123274859483357,
Rq_nm,6099,M14f_multiview_curated40_r3d60,10.321437835693361,4.969023758526918,5.385690506748014,1.2,4.9357473289453475,1.3774501377475263,0.6392990140393924,1.618124280815775,9.153256732680251,3.7675662259322387,False,False,22,1.6881364178209144,False,2.510521485452283,0.6379942856664902,0.7278280345507137,0.951681109185442,1.0551117640396086,-1.2832704743009133,1.0,0.2631076997564014,0.7123274859483357,
Rq_nm,6099,M14g_multiview_curated60_r3d40,10.321437835693361,4.3092242381587225,4.6366126467117255,1.2,5.684825188981636,1.363902902097552,0.6421181375657757,0.9824159529355474,8.290809340487904,3.654196693776178,False,False,22,1.6335346695894861,False,2.510521485452283,0.6379942856664902,0.7278280345507137,0.951681109185442,1.0551117640396086,-1.2832704743009133,1.0,0.2631076997564014,0.7123274859483357,
Rq_nm,6101,M12a_frozen_alpha1,1.2270276091477796,0.015847801203138473,0.0070670937866817735,1.2,1.219960515361098,6.976752890374314,0.10597936208629168,0.0,127.13208895754669,127.12502186376,True,False,22,2.661756445335695,False,61.586159244775075,11.193902536367013,11.564851400784462,46.60262008734036,43.72953941026902,55.29166230042766,9.708143063570135e-25,0.6011098855441939,1.7282215735417483,
Rq_nm,6101,M14a_regularized_alpha10,1.2270276091477796,0.41770681443585744,0.3036027358279247,1.2,0.9234248733198549,4.203754497028057,0.25861837834342466,0.0,77.06024422128088,76.75664148545296,True,False,22,1.9354565009951394,False,61.586159244775075,11.193902536367013,11.564851400784462,46.60262008734036,43.72953941026902,55.29166230042766,9.708143063570135e-25,0.6011098855441939,1.7282215735417483,
Rq_nm,6101,M14b_rheed_density_weighted,1.2270276091477796,2.3519530782565803,2.2009294485300277,1.2,0.9739018393822481,3.882166468902354,0.28680786347858156,0.0,62.49860316866346,60.29767372013343,True,False,22,1.810633133001506,True,61.586159244775075,11.193902536367013,11.564851400784462,46.60262008734036,43.72953941026902,55.29166230042766,9.708143063570135e-25,0.6011098855441939,1.7282215735417483,
Rq_nm,6101,M14c_residual_self_paced,1.2270276091477796,3.4792351735831297,3.637873242502026,1.2,2.4108456333542465,4.417926980028714,0.24139907993520524,0.0,70.67602688434647,67.03815364184445,True,False,22,1.887124038544987,False,61.586159244775075,11.193902536367013,11.564851400784462,46.60262008734036,43.72953941026902,55.29166230042766,9.708143063570135e-25,0.6011098855441939,1.7282215735417483,
Rq_nm,6101,M14d_r3d_causal_temporal,1.2270276091477796,2.206180726280823,2.0333352127702478,1.2,0.8063076036224681,5.806897477521171,0.1544085282471273,0.0,68.20067539309308,66.16734018032282,True,False,22,1.9954676333828245,False,61.586159244775075,11.193902536367013,11.564851400784462,46.60262008734036,43.72953941026902,55.29166230042766,9.708143063570135e-25,0.6011098855441939,1.7282215735417483,
Rq_nm,6101,M14e_multiview_curated20_r3d80,1.2270276091477796,1.5815654935394214,1.3900432767592434,1.2,0.1630156676114638,5.752191768084891,0.15715009995712453,0.0,74.71968181307561,73.32963853631637,True,False,22,1.9538486247559141,False,61.586159244775075,11.193902536367013,11.564851400784462,46.60262008734036,43.72953941026902,55.29166230042766,9.708143063570135e-25,0.6011098855441939,1.7282215735417483,
Rq_nm,6101,M14f_multiview_curated40_r3d60,1.2270276091477796,1.1337917064352954,0.9502714058795491,1.2,0.2767562032682306,5.132960010036873,0.1917929105877928,0.0,70.63074040095603,69.68046899507648,True,False,22,1.8751386640239236,False,61.586159244775075,11.193902536367013,11.564851400784462,46.60262008734036,43.72953941026902,55.29166230042766,9.708143063570135e-25,0.6011098855441939,1.7282215735417483,
Rq_nm,6101,M14g_multiview_curated60_r3d40,1.2270276091477796,0.8127919070266549,0.6496313891302664,1.2,0.5773962200175132,4.739370215712738,0.21768282778743123,0.0,66.54253235374301,65.89290096461275,True,False,22,1.8582660792460128,False,61.586159244775075,11.193902536367013,11.564851400784462,46.60262008734036,43.72953941026902,55.29166230042766,9.708143063570135e-25,0.6011098855441939,1.7282215735417483,
FSMI_nm,6022,M12a_frozen_alpha1,1.283204177965711,4.223761772945895,3.746607620940948,0.9216516972806634,2.463403442975237,1.588216100803155,0.5481467060805321,0.0,9.397490415872875,5.650882794931927,True,False,22,3.2454884119018583,False,3.3127316023277418,1.4277915150252303,1.4346711497503188,3.4061135371181748,1.770139515599866,2.2109426742108544,0.10959728526982919,0.14649839105741647,0.4204670803527235,
FSMI_nm,6022,M14a_regularized_alpha10,1.283204177965711,3.5050964727899796,3.2185323243600843,1.2,1.9353281463943732,1.3793125261551404,0.5932539212107616,0.0,7.852894399725935,4.634362075365851,True,False,22,2.522693954161678,False,3.3127316023277418,1.4277915150252303,1.4346711497503188,3.4061135371181748,1.770139515599866,2.2109426742108544,0.10959728526982919,0.14649839105741647,0.4204670803527235,
FSMI_nm,6022,M14b_rheed_density_weighted,1.283204177965711,3.2832990037251433,3.0010455171575297,1.2,1.7178413391918186,1.3460452412750312,0.6007721180887913,0.0,7.322971363437314,4.321925846279784,True,False,22,2.189024216722761,False,3.3127316023277418,1.4277915150252303,1.4346711497503188,3.4061135371181748,1.770139515599866,2.2109426742108544,0.10959728526982919,0.14649839105741647,0.4204670803527235,
FSMI_nm,6022,M14c_residual_self_paced,1.283204177965711,3.030638066861172,2.8303104629527063,1.2,1.5471062849869952,1.398920775937822,0.5888667264116685,0.0,6.5638699996883,3.7335595367355934,True,False,22,2.616416271224465,False,3.3127316023277418,1.4277915150252303,1.4346711497503188,3.4061135371181748,1.770139515599866,2.2109426742108544,0.10959728526982919,0.14649839105741647,0.4204670803527235,
FSMI_nm,6022,M14d_r3d_causal_temporal,1.283204177965711,2.301937049883361,2.242876652493779,1.2,0.9596724745280678,1.5832866257613303,0.5491705199807079,0.0,7.422050997495176,5.179174345001397,True,False,22,1.9397296188535162,False,3.3127316023277418,1.4277915150252303,1.4346711497503188,3.4061135371181748,1.770139515599866,2.2109426742108544,0.10959728526982919,0.14649839105741647,0.4204670803527235,
FSMI_nm,6022,M14e_multiview_curated20_r3d80,1.283204177965711,2.5038871395550344,2.4108816262130084,1.2,1.1276774482472973,1.518033516920189,0.5629046626245983,0.0,7.071506294588375,4.660624668375367,True,False,22,1.9180715357544034,False,3.3127316023277418,1.4277915150252303,1.4346711497503188,3.4061135371181748,1.770139515599866,2.2109426742108544,0.10959728526982919,0.14649839105741647,0.4204670803527235,
FSMI_nm,6022,M14f_multiview_curated40_r3d60,1.283204177965711,2.7235544116841783,2.5914711846275305,1.2,1.3082670066618194,1.4317390775704377,0.5815963563736598,0.0,7.216903367206772,4.6254321825792415,True,False,22,1.908905676104489,True,3.3127316023277418,1.4277915150252303,1.4346711497503188,3.4061135371181748,1.770139515599866,2.2109426742108544,0.10959728526982919,0.14649839105741647,0.4204670803527235,
FSMI_nm,6022,M14g_multiview_curated60_r3d40,1.283204177965711,2.962493203556515,2.7855879889481807,1.2,1.5023838109824696,1.3757947759395397,0.5940444416106726,0.0,7.413996061496613,4.6284080725484325,True,False,22,1.98789845126171,False,3.3127316023277418,1.4277915150252303,1.4346711497503188,3.4061135371181748,1.770139515599866,2.2109426742108544,0.10959728526982919,0.14649839105741647,0.4204670803527235,
FSMI_nm,6028,M12a_frozen_alpha1,4.936413231860014,3.770781905873253,4.439430861474872,0.8333333333333334,0.49698237038514215,2.001468284447002,0.45439962259233485,0.0,15.219629730148387,10.780198868673516,True,False,22,2.3656377646459688,False,4.017053422933741,1.3892959248704397,1.4283284630357578,5.133824415794975,2.5146448536868973,2.244632180691996,0.10596650973454647,0.19677739035547623,0.574790526125607,
FSMI_nm,6028,M14a_regularized_alpha10,4.936413231860014,3.4117006829954164,3.6120313016613688,0.9622091762868024,1.324381930198645,1.5554461647033972,0.5417227087996681,0.0,11.005132761443761,7.393101459782393,True,False,22,1.8048879481655904,False,4.017053422933741,1.3892959248704397,1.4283284630357578,5.133824415794975,2.5146448536868973,2.244632180691996,0.10596650973454647,0.19677739035547623,0.574790526125607,
FSMI_nm,6028,M14b_rheed_density_weighted,4.936413231860014,3.961551178061704,4.099589228782017,1.2,0.8368240030779965,1.4288266895971722,0.5694408830091283,0.0,10.57316573247742,6.473576503695403,True,False,22,1.638552904481012,True,4.017053422933741,1.3892959248704397,1.4283284630357578,5.133824415794975,2.5146448536868973,2.244632180691996,0.10596650973454647,0.19677739035547623,0.574790526125607,
FSMI_nm,6028,M14c_residual_self_paced,4.936413231860014,3.331008710594576,3.477511069158081,1.2,1.458902162701933,1.6596844424329962,0.5199194933863703,0.0,8.850737381121522,5.373226311963442,True,False,22,1.7637766442636116,False,4.017053422933741,1.3892959248704397,1.4283284630357578,5.133824415794975,2.5146448536868973,2.244632180691996,0.10596650973454647,0.19677739035547623,0.574790526125607,
FSMI_nm,6028,M14d_r3d_causal_temporal,4.936413231860014,2.2296511406718786,2.1688722897138812,1.2,2.7675409421461326,1.449109167017312,0.5649073030081896,0.0,8.480229981138955,6.311357691425074,True,False,22,1.7773097376421902,False,4.017053422933741,1.3892959248704397,1.4283284630357578,5.133824415794975,2.5146448536868973,2.244632180691996,0.10596650973454647,0.19677739035547623,0.574790526125607,
FSMI_nm,6028,M14e_multiview_curated20_r3d80,4.936413231860014,2.4276368329829374,2.4329713950774114,1.2,2.5034418367826023,1.4369749572261228,0.567615209913438,0.0,8.46235385772429,6.029382462646879,True,False,22,1.7276034784255894,False,4.017053422933741,1.3892959248704397,1.4283284630357578,5.133824415794975,2.5146448536868973,2.244632180691996,0.10596650973454647,0.19677739035547623,0.574790526125607,
FSMI_nm,6028,M14f_multiview_curated40_r3d60,4.936413231860014,2.643203003981831,2.7292293037898543,1.2,2.2071839280701595,1.4534837090483057,0.5639342383857022,0.0,8.744534736902029,6.015305433112175,True,False,22,1.7335770451927288,False,4.017053422933741,1.3892959248704397,1.4283284630357578,5.133824415794975,2.5146448536868973,2.244632180691996,0.10596650973454647,0.19677739035547623,0.574790526125607,
FSMI_nm,6028,M14g_multiview_curated60_r3d40,4.936413231860014,2.877910742388081,3.0615619270066485,1.2,1.8748513048533653,1.4880397942169876,0.5563063323456519,0.0,10.11019709868826,7.048635171681612,True,False,22,1.7643837815205838,False,4.017053422933741,1.3892959248704397,1.4283284630357578,5.133824415794975,2.5146448536868973,2.244632180691996,0.10596650973454647,0.19677739035547623,0.574790526125607,
FSMI_nm,6029,M12a_frozen_alpha1,2.2241852747386375,1.5056233246767774,1.9009476537454117,0.8333333333333334,0.3232376209932257,2.023477686752989,0.46487873077423925,0.0,16.74096623237527,14.840018578629861,True,False,22,2.4615092955710605,False,6.288362030308886,1.6849710160778784,1.960534344311144,7.899998399803669,3.7922956507512,5.408792236674996,0.004477044157085056,0.11046736901355853,0.3470812300870523,
FSMI_nm,6029,M14a_regularized_alpha10,2.2241852747386375,1.7853527280811006,1.8636872307897918,1.0087719369172612,0.36049804394884566,1.619085857435352,0.54177855642438,0.0,12.737458653070409,10.873771422280617,True,False,22,1.8508239943749434,False,6.288362030308886,1.6849710160778784,1.960534344311144,7.899998399803669,3.7922956507512,5.408792236674996,0.004477044157085056,0.11046736901355853,0.3470812300870523,
FSMI_nm,6029,M14b_rheed_density_weighted,2.2241852747386375,2.06720576132025,1.8943969255835615,1.2,0.32978834915507593,1.473046770376334,0.5725727567781161,0.0,10.699854131571028,8.805457205987466,True,False,22,1.677498652154859,True,6.288362030308886,1.6849710160778784,1.960534344311144,7.899998399803669,3.7922956507512,5.408792236674996,0.004477044157085056,0.11046736901355853,0.3470812300870523,
FSMI_nm,6029,M14c_residual_self_paced,2.2241852747386375,2.26890686722495,2.1996188877447067,1.2,0.024566386993930767,1.4512177022784805,0.5773236988860629,0.0,10.436339776728499,8.236720888983792,True,False,22,1.7998696297356518,False,6.288362030308886,1.6849710160778784,1.960534344311144,7.899998399803669,3.7922956507512,5.408792236674996,0.004477044157085056,0.11046736901355853,0.3470812300870523,
FSMI_nm,6029,M14d_r3d_causal_temporal,2.2241852747386375,2.5261520915952085,2.469103445123434,1.2,0.24491817038479669,1.619004895455135,0.5417951610031546,0.0,12.30300782444199,9.833904379318556,True,False,22,1.9643937409420291,False,6.288362030308886,1.6849710160778784,1.960534344311144,7.899998399803669,3.7922956507512,5.408792236674996,0.004477044157085056,0.11046736901355853,0.3470812300870523,
FSMI_nm,6029,M14e_multiview_curated20_r3d80,2.2241852747386375,2.3567439555416714,2.3105962471338084,1.2,0.08641097239517093,1.5779418298625627,0.5502827536367769,0.0,11.77952111239619,9.46892486526238,True,False,22,1.9203864350392836,False,6.288362030308886,1.6849710160778784,1.960534344311144,7.899998399803669,3.7922956507512,5.408792236674996,0.004477044157085056,0.11046736901355853,0.3470812300870523,
FSMI_nm,6029,M14f_multiview_curated40_r3d60,2.2241852747386375,2.198696622607083,2.1622646178770957,1.2,0.0619206568615418,1.5613755973522385,0.5537444612796094,0.0,11.252788047499049,9.090523429621953,True,False,22,1.8691075528474848,False,6.288362030308886,1.6849710160778784,1.960534344311144,7.899998399803669,3.7922956507512,5.408792236674996,0.004477044157085056,0.11046736901355853,0.3470812300870523,
FSMI_nm,6029,M14g_multiview_curated60_r3d40,2.2241852747386375,2.0512482176506497,2.0234553239332884,1.2,0.20072995080534906,1.5640280059239753,0.5531887488865883,0.0,11.973118218490558,9.949662894557271,True,False,22,1.8523159510445544,False,6.288362030308886,1.6849710160778784,1.960534344311144,7.899998399803669,3.7922956507512,5.408792236674996,0.004477044157085056,0.11046736901355853,0.3470812300870523,
FSMI_nm,6033,M12a_frozen_alpha1,2.1349665471520227,4.52500036678056,5.373958999836338,0.8333333333333334,3.2389924526843155,1.8548427119420858,0.49552242784218486,0.0,10.99311823342982,5.619159233593482,True,False,22,2.104842322440584,False,1.657085014038912,0.9123982500956862,0.9649114167648808,2.8502110613989142,1.827423610068692,0.017899707965845314,0.9822595402257981,0.1834253449862071,0.513423560350081,
FSMI_nm,6033,M14a_regularized_alpha10,2.1349665471520227,3.681286226610091,3.7702993234763937,0.8497378557583387,1.635332776324371,1.5068741386967397,0.5652875896513778,0.19195055370049063,7.348648093252297,3.578348769775903,True,False,22,1.7695179964874987,False,1.657085014038912,0.9123982500956862,0.9649114167648808,2.8502110613989142,1.827423610068692,0.017899707965845314,0.9822595402257981,0.1834253449862071,0.513423560350081,
FSMI_nm,6033,M14b_rheed_density_weighted,2.1349665471520227,3.491113505659565,3.4830210580810217,1.2,1.348054510928999,1.4387284229463322,0.5800596105049644,0.0,6.979329609778714,3.496308551697692,True,False,22,1.6413492789698438,True,1.657085014038912,0.9123982500956862,0.9649114167648808,2.8502110613989142,1.827423610068692,0.017899707965845314,0.9822595402257981,0.1834253449862071,0.513423560350081,
FSMI_nm,6033,M14c_residual_self_paced,2.1349665471520227,2.927924626128714,2.954546859473753,1.2,0.8195803123217305,1.4865252724812086,0.5696587998937557,0.0,6.111410411741504,3.1568635522677515,True,False,22,1.6974297522646464,False,1.657085014038912,0.9123982500956862,0.9649114167648808,2.8502110613989142,1.827423610068692,0.017899707965845314,0.9822595402257981,0.1834253449862071,0.513423560350081,
FSMI_nm,6033,M14d_r3d_causal_temporal,2.1349665471520227,2.203040934420009,2.1561104152552457,1.2,0.021143868103222996,1.7092155440709624,0.523605819583683,0.0,5.598129818845322,3.442019403590076,True,False,22,2.1016683907040377,False,1.657085014038912,0.9123982500956862,0.9649114167648808,2.8502110613989142,1.827423610068692,0.017899707965845314,0.9822595402257981,0.1834253449862071,0.513423560350081,
FSMI_nm,6033,M14e_multiview_curated20_r3d80,2.1349665471520227,2.44128212150838,2.4625399050605816,1.2,0.3275733579085589,1.6284594763207065,0.539859547065303,0.0,5.813807442044623,3.3512675369840412,True,False,22,2.001987952007252,False,1.657085014038912,0.9123982500956862,0.9649114167648808,2.8502110613989142,1.827423610068692,0.017899707965845314,0.9822595402257981,0.1834253449862071,0.513423560350081,
FSMI_nm,6033,M14f_multiview_curated40_r3d60,2.1349665471520227,2.7052871799522404,2.8125195913484276,1.2,0.6775530441964048,1.6022028246607032,0.5452521505875226,0.0,6.635936831617904,3.823417240269477,True,False,22,1.9411991938590212,False,1.657085014038912,0.9123982500956862,0.9649114167648808,2.8502110613989142,1.827423610068692,0.017899707965845314,0.9822595402257981,0.1834253449862071,0.513423560350081,
FSMI_nm,6033,M14g_multiview_curated60_r3d40,2.1349665471520227,2.9978422655600583,3.2122388902055676,1.2,1.077272343053545,1.5927086314848027,0.5472153046505268,0.0,7.537823234312702,4.325584344107134,True,False,22,1.9156473741974687,False,1.657085014038912,0.9123982500956862,0.9649114167648808,2.8502110613989142,1.827423610068692,0.017899707965845314,0.9822595402257981,0.1834253449862071,0.513423560350081,
FSMI_nm,6047,M12a_frozen_alpha1,2.946047980770432,2.7754112530576354,3.293371063333567,0.8333333333333334,0.3473230825631348,2.044763678241364,0.44671210691057994,0.0,8.599850473369877,5.306479410036309,True,False,22,2.389404042881582,False,1.2338010720707349,0.9190394611569475,0.9882415529208148,2.509565949082446,1.5503914652461885,-0.00830663027611683,1.0,0.1661526081327719,0.466447627369039,
FSMI_nm,6047,M14a_regularized_alpha10,2.946047980770432,3.0647358999494267,3.2519743683949924,0.9919043627796003,0.30592638762456037,1.6184967776813066,0.528427718898758,0.0,7.077081136974742,3.8251067685797495,True,False,22,1.8447860320687441,False,1.2338010720707349,0.9190394611569475,0.9882415529208148,2.509565949082446,1.5503914652461885,-0.00830663027611683,1.0,0.1661526081327719,0.466447627369039,
FSMI_nm,6047,M14b_rheed_density_weighted,2.946047980770432,3.2675648786659606,3.3611449751931555,1.2,0.4150969944227234,1.4566766786297172,0.5632250587837204,0.0,6.914709236222414,3.5535642610292593,True,False,22,1.6361666795536707,True,1.2338010720707349,0.9190394611569475,0.9882415529208148,2.509565949082446,1.5503914652461885,-0.00830663027611683,1.0,0.1661526081327719,0.466447627369039,
FSMI_nm,6047,M14c_residual_self_paced,2.946047980770432,3.0509137766521888,3.1442774013924217,1.2,0.19822942062198967,1.4701826949450416,0.5602351347929235,0.29963800494432746,5.988916797840516,2.8446393964480943,True,False,22,1.7217877522600427,False,1.2338010720707349,0.9190394611569475,0.9882415529208148,2.509565949082446,1.5503914652461885,-0.00830663027611683,1.0,0.1661526081327719,0.466447627369039,
FSMI_nm,6047,M14d_r3d_causal_temporal,2.946047980770432,2.0495031433998574,1.9541499664617539,1.2,0.9918980143086782,1.5758155611423577,0.5373913973617737,0.0,5.26640447538228,3.312254508920526,True,False,22,1.9273609934873757,False,1.2338010720707349,0.9190394611569475,0.9882415529208148,2.509565949082446,1.5503914652461885,-0.00830663027611683,1.0,0.1661526081327719,0.466447627369039,
FSMI_nm,6047,M14e_multiview_curated20_r3d80,2.946047980770432,2.221250211300646,2.178731485292386,1.2,0.7673164954780463,1.5366555791612069,0.5457492543083113,0.0,5.39588317084174,3.217151685549355,True,False,22,1.8535774761553254,False,1.2338010720707349,0.9190394611569475,0.9882415529208148,2.509565949082446,1.5503914652461885,-0.00830663027611683,1.0,0.1661526081327719,0.466447627369039,
FSMI_nm,6047,M14f_multiview_curated40_r3d60,2.946047980770432,2.407389574928088,2.4291231310149675,1.2,0.5169248497554646,1.5393775007077197,0.5451641382069181,0.0,5.548528263414598,3.1194051323996304,True,False,22,1.8528695216742945,False,1.2338010720707349,0.9190394611569475,0.9882415529208148,2.509565949082446,1.5503914652461885,-0.00830663027611683,1.0,0.1661526081327719,0.466447627369039,
FSMI_nm,6047,M14g_multiview_curated60_r3d40,2.946047980770432,2.609127299566531,2.7082911434770436,1.2,0.23775683729338848,1.5652883786662657,0.5396255367948962,0.0,5.913628583369976,3.205337439892933,True,False,22,1.842752401014336,False,1.2338010720707349,0.9190394611569475,0.9882415529208148,2.509565949082446,1.5503914652461885,-0.00830663027611683,1.0,0.1661526081327719,0.466447627369039,
FSMI_nm,6048,M12a_frozen_alpha1,1.9658126479353135,3.0289349436709903,3.648889040525739,0.8333333333333334,1.6830763925904253,1.9326381948376665,0.48114249478474785,0.0,12.366087919223265,8.717198878697527,True,False,22,2.167150673556481,False,3.079604687322518,1.2561304922650727,1.3202566310123431,4.618779341970763,2.1504456253429267,1.9738041701340763,0.13892734641889745,0.15589187434209642,0.4530078188213429,
FSMI_nm,6048,M14a_regularized_alpha10,1.9658126479353135,2.5171426869300397,2.7186164092875855,0.886347136314821,0.752803761352272,1.5720036502894976,0.5515211102091767,0.0,7.593797948249616,4.875181538962031,True,False,22,1.8239078981242343,False,3.079604687322518,1.2561304922650727,1.3202566310123431,4.618779341970763,2.1504456253429267,1.9738041701340763,0.13892734641889745,0.15589187434209642,0.4530078188213429,
FSMI_nm,6048,M14b_rheed_density_weighted,1.9658126479353135,2.2563618635188374,2.1631844113495577,1.2,0.19737176341424423,1.4812363252870344,0.5708004608282616,0.0,6.938393371093818,4.77520895974426,True,False,22,1.694994509832838,False,3.079604687322518,1.2561304922650727,1.3202566310123431,4.618779341970763,2.1504456253429267,1.9738041701340763,0.13892734641889745,0.15589187434209642,0.4530078188213429,
FSMI_nm,6048,M14c_residual_self_paced,1.9658126479353135,2.3829639387848998,2.3868763268886277,1.2,0.4210636789533142,1.408320790577737,0.5867750650872854,0.0,7.037183748755883,4.6503074218672555,True,False,22,1.6768992036965584,True,3.079604687322518,1.2561304922650727,1.3202566310123431,4.618779341970763,2.1504456253429267,1.9738041701340763,0.13892734641889745,0.15589187434209642,0.4530078188213429,
FSMI_nm,6048,M14d_r3d_causal_temporal,1.9658126479353135,3.5493395363865554,3.698150909614203,1.2,1.7323382616788896,1.5614767697491798,0.5537232541743262,0.0,9.311725329863632,5.613574420249429,True,False,22,1.8727468229843052,False,3.079604687322518,1.2561304922650727,1.3202566310123431,4.618779341970763,2.1504456253429267,1.9738041701340763,0.13892734641889745,0.15589187434209642,0.4530078188213429,
FSMI_nm,6048,M14e_multiview_curated20_r3d80,1.9658126479353135,3.3135963589498,3.4826790392443803,1.2,1.5168663913090668,1.5095109996054004,0.564723616778595,0.0,8.993917161037356,5.5112381217929745,True,False,22,1.8243071930814474,False,3.079604687322518,1.2561304922650727,1.3202566310123431,4.618779341970763,2.1504456253429267,1.9738041701340763,0.13892734641889745,0.15589187434209642,0.4530078188213429,
FSMI_nm,6048,M14f_multiview_curated40_r3d60,1.9658126479353135,3.093510980700257,3.279761585407416,1.2,1.3139489374721025,1.4981034751924684,0.5671675181160356,0.0,8.55142338663409,5.271661801226674,True,False,22,1.8195258356617487,False,3.079604687322518,1.2561304922650727,1.3202566310123431,4.618779341970763,2.1504456253429267,1.9738041701340763,0.13892734641889745,0.15589187434209642,0.4530078188213429,
FSMI_nm,6048,M14g_multiview_curated60_r3d40,1.9658126479353135,2.888043428061374,3.0886670680534554,1.2,1.1228544201181418,1.5148927446772547,0.5635743124529974,0.0,8.111538639335368,5.022871571281912,True,False,22,1.8179349649311507,False,3.079604687322518,1.2561304922650727,1.3202566310123431,4.618779341970763,2.1504456253429267,1.9738041701340763,0.13892734641889745,0.15589187434209642,0.4530078188213429,
FSMI_nm,6056,M12a_frozen_alpha1,2.6635524818908394,2.3869153408766604,2.9451514449423684,0.8333333333333334,0.281598963051529,2.0071839160003244,0.45337722608262393,0.0,6.922837064755214,3.977685619812846,True,False,22,2.3524903915979314,False,0.8772767162185167,0.9534960664176152,1.0867607870520188,2.7094198350911043,1.445949647049424,0.6563977498659392,0.5187165196955683,0.02749853576535176,0.08105851089745686,
FSMI_nm,6056,M14a_regularized_alpha10,2.6635524818908394,2.688670687893764,2.8924206477338066,0.9104817326894937,0.2288681658429672,1.6034384377879178,0.5315729907722395,0.0,6.032346503588027,3.13992585585422,True,False,22,1.866213008288332,False,0.8772767162185167,0.9534960664176152,1.0867607870520188,2.7094198350911043,1.445949647049424,0.6563977498659392,0.5187165196955683,0.02749853576535176,0.08105851089745686,
FSMI_nm,6056,M14b_rheed_density_weighted,2.6635524818908394,2.53402474708364,2.498240337958582,1.2,0.16531214393225735,1.4760015410689982,0.5589518721369384,0.0,5.530967985604146,3.032727647645564,True,False,22,1.7017279366294105,True,0.8772767162185167,0.9534960664176152,1.0867607870520188,2.7094198350911043,1.445949647049424,0.6563977498659392,0.5187165196955683,0.02749853576535176,0.08105851089745686,
FSMI_nm,6056,M14c_residual_self_paced,2.6635524818908394,2.4401607510967978,2.492469311588559,1.2,0.1710831703022806,1.4058814016514372,0.5746135372591421,0.22831088494112262,4.756627738235995,2.264158426647436,True,False,22,1.7285269245823196,False,0.8772767162185167,0.9534960664176152,1.0867607870520188,2.7094198350911043,1.445949647049424,0.6563977498659392,0.5187165196955683,0.02749853576535176,0.08105851089745686,
FSMI_nm,6056,M14d_r3d_causal_temporal,2.6635524818908394,2.7479834691926204,2.72120343446188,1.2,0.05765095257104047,1.612052412174261,0.5297714846732904,0.3487379587494388,5.093668910174321,2.372465475712441,True,False,22,1.967403067293867,False,0.8772767162185167,0.9534960664176152,1.0867607870520188,2.7094198350911043,1.445949647049424,0.6563977498659392,0.5187165196955683,0.02749853576535176,0.08105851089745686,
FSMI_nm,6056,M14e_multiview_curated20_r3d80,2.6635524818908394,2.7360171491152343,2.7681724870296134,1.2,0.10462000513877401,1.573842339507693,0.5378094602945415,0.29858203844851916,5.237762935610707,2.469590448581094,True,False,22,1.9199471267984123,False,0.8772767162185167,0.9534960664176152,1.0867607870520188,2.7094198350911043,1.445949647049424,0.6563977498659392,0.5187165196955683,0.02749853576535176,0.08105851089745686,
FSMI_nm,6056,M14f_multiview_curated40_r3d60,2.6635524818908394,2.7241029373630252,2.8159522441081415,1.2,0.15239976221730211,1.5700184532766588,0.5386205462665227,0.0,5.697456946779087,2.8815047026709455,True,False,22,1.9043199703801292,False,0.8772767162185167,0.9534960664176152,1.0867607870520188,2.7094198350911043,1.445949647049424,0.6563977498659392,0.5187165196955683,0.02749853576535176,0.08105851089745686,
FSMI_nm,6056,M14g_multiview_curated60_r3d40,2.6635524818908394,2.7122406070260046,2.8645566987794595,1.2,0.20100421688862014,1.5839925532023906,0.5356624135954543,0.0,6.189180864688206,3.3246241659087463,True,False,22,1.8757267079991178,False,0.8772767162185167,0.9534960664176152,1.0867607870520188,2.7094198350911043,1.445949647049424,0.6563977498659392,0.5187165196955683,0.02749853576535176,0.08105851089745686,
FSMI_nm,6057,M12a_frozen_alpha1,4.20513929744002,2.972203677055503,3.4812034558595712,0.8333333333333334,0.7239358415804489,1.9770380538549939,0.45879568751848737,0.0,9.149583916560601,5.668380460701029,True,False,22,2.2781161410118873,False,1.656828668416055,0.9876133502031075,1.0095810759503905,2.1728547449218625,1.4782339760582663,0.12232649722904436,0.8848594171864868,0.1915461155946002,0.5445883655282331,
FSMI_nm,6057,M14a_regularized_alpha10,4.20513929744002,3.1734692750281077,3.349817207677305,0.9126212066031061,0.8553220897627152,1.55621694377771,0.5415581780005726,0.0,7.049697245721677,3.699880038044372,True,False,22,1.7880604406973943,False,1.656828668416055,0.9876133502031075,1.0095810759503905,2.1728547449218625,1.4782339760582663,0.12232649722904436,0.8848594171864868,0.1915461155946002,0.5445883655282331,
FSMI_nm,6057,M14b_rheed_density_weighted,4.20513929744002,3.4863407257765626,3.6419250689624807,1.2,0.5632142284775394,1.4230149084987378,0.5707466375829623,0.03292492082768117,7.25092521709728,3.6090001481347995,True,False,22,1.6134983095496187,True,1.656828668416055,0.9876133502031075,1.0095810759503905,2.1728547449218625,1.4782339760582663,0.12232649722904436,0.8848594171864868,0.1915461155946002,0.5445883655282331,
FSMI_nm,6057,M14c_residual_self_paced,4.20513929744002,3.0725989303838497,3.253191555481453,1.2,0.9519477419585671,1.482823473759518,0.5574511358606248,0.059991662517284716,6.446391448445621,3.1931998929641683,True,False,22,1.6554494964128827,False,1.656828668416055,0.9876133502031075,1.0095810759503905,2.1728547449218625,1.4782339760582663,0.12232649722904436,0.8848594171864868,0.1915461155946002,0.5445883655282331,
FSMI_nm,6057,M14d_r3d_causal_temporal,4.20513929744002,2.0223583248517287,1.9327105450923043,1.2,2.272428752347716,1.5506871477602568,0.5427396780733331,0.0,5.737180186999228,3.8044696419069237,True,False,22,1.8779022868734465,False,1.656828668416055,0.9876133502031075,1.0095810759503905,2.1728547449218625,1.4782339760582663,0.12232649722904436,0.8848594171864868,0.1915461155946002,0.5445883655282331,
FSMI_nm,6057,M14e_multiview_curated20_r3d80,4.20513929744002,2.2130607983902233,2.184523584891697,1.2,2.0206157125483233,1.4852671111803624,0.5569145482047241,0.0,5.8580025347565385,3.6734789498648417,True,False,22,1.8032915525093407,False,1.656828668416055,0.9876133502031075,1.0095810759503905,2.1728547449218625,1.4782339760582663,0.12232649722904436,0.8848594171864868,0.1915461155946002,0.5445883655282331,
FSMI_nm,6057,M14f_multiview_curated40_r3d60,4.20513929744002,2.4217459572752262,2.469145369473916,1.2,1.735993927966104,1.4865548565724607,0.5566319856686752,0.0,6.0068751531493785,3.537729783675463,True,False,22,1.7732329149123514,False,1.656828668416055,0.9876133502031075,1.0095810759503905,2.1728547449218625,1.4782339760582663,0.12232649722904436,0.8848594171864868,0.1915461155946002,0.5445883655282331,
FSMI_nm,6057,M14g_multiview_curated60_r3d40,4.20513929744002,2.650109516125805,2.7908505533011856,1.2,1.4142887441388345,1.5053114435033896,0.5525325504671124,0.0,6.371996658100064,3.5811461047988793,True,False,22,1.7489751876206494,False,1.656828668416055,0.9876133502031075,1.0095810759503905,2.1728547449218625,1.4782339760582663,0.12232649722904436,0.8848594171864868,0.1915461155946002,0.5445883655282331,
FSMI_nm,6062,M12a_frozen_alpha1,2.919662839275907,1.7845033020059564,2.2079255001373053,0.8333333333333334,0.7117373391386019,1.8017348497633034,0.491613059512276,0.0,7.69827873409625,5.4903532339589445,True,False,22,2.0497712446318337,False,1.637615771478817,1.0681210244562322,1.180005073443779,3.1121051160190056,2.0284500353427215,0.7490737394839023,0.4728042899259826,0.1304209976209721,0.3875239231152545,
FSMI_nm,6062,M14a_regularized_alpha10,2.919662839275907,2.4025214096006176,2.5400360924498933,0.9951614376900486,0.37962674682601394,1.5636673771365852,0.5399703793522026,0.0,6.988017735160938,4.447981642711045,True,False,22,1.795081938950567,False,1.637615771478817,1.0681210244562322,1.180005073443779,3.1121051160190056,2.0284500353427215,0.7490737394839023,0.4728042899259826,0.1304209976209721,0.3875239231152545,
FSMI_nm,6062,M14b_rheed_density_weighted,2.919662839275907,2.73250071899913,2.6896060848455425,1.2,0.23005675443036466,1.4304562122059945,0.569075308587928,0.0,6.690431962661184,4.000825877815641,True,False,22,1.6221379909280036,True,1.637615771478817,1.0681210244562322,1.180005073443779,3.1121051160190056,2.0284500353427215,0.7490737394839023,0.4728042899259826,0.1304209976209721,0.3875239231152545,
FSMI_nm,6062,M14c_residual_self_paced,2.919662839275907,2.5361761329885275,2.520945254326095,1.2,0.39871758494981213,1.4457394684544775,0.5656579968524789,0.0,5.676951920638775,3.1560066663126793,True,False,22,1.7196006358001024,False,1.637615771478817,1.0681210244562322,1.180005073443779,3.1121051160190056,2.0284500353427215,0.7490737394839023,0.4728042899259826,0.1304209976209721,0.3875239231152545,
FSMI_nm,6062,M14d_r3d_causal_temporal,2.919662839275907,1.8546449591979839,1.737078215782198,1.2,1.1825846234937092,1.5863500907615804,0.5351649580608712,0.0,5.338791820548491,3.601713604766293,True,False,22,1.9208359974444458,False,1.637615771478817,1.0681210244562322,1.180005073443779,3.1121051160190056,2.0284500353427215,0.7490737394839023,0.4728042899259826,0.1304209976209721,0.3875239231152545,
FSMI_nm,6062,M14e_multiview_curated20_r3d80,2.919662839275907,1.9531791522434696,1.8725774634145629,1.2,1.0470853758613443,1.5359551902454278,0.5458999145168478,0.0,5.304489225098907,3.4319117616843444,True,False,22,1.8396954819914328,False,1.637615771478817,1.0681210244562322,1.180005073443779,3.1121051160190056,2.0284500353427215,0.7490737394839023,0.4728042899259826,0.1304209976209721,0.3875239231152545,
FSMI_nm,6062,M14f_multiview_curated40_r3d60,2.919662839275907,2.056948302605704,2.0186462098421614,1.2,0.9010166294337458,1.5197619858573879,0.5493948450465435,0.0,5.492343248410775,3.4736970385686132,True,False,22,1.831757729691839,False,1.637615771478817,1.0681210244562322,1.180005073443779,3.1121051160190056,2.0284500353427215,0.7490737394839023,0.4728042899259826,0.1304209976209721,0.3875239231152545,
FSMI_nm,6062,M14g_multiview_curated60_r3d40,2.919662839275907,2.166230534834767,2.1761089194567487,1.2,0.7435539198191585,1.5352245451755016,0.5460571274327084,0.0,6.211095444896346,4.034986525439597,True,False,22,1.8091909987091792,False,1.637615771478817,1.0681210244562322,1.180005073443779,3.1121051160190056,2.0284500353427215,0.7490737394839023,0.4728042899259826,0.1304209976209721,0.3875239231152545,
FSMI_nm,6063,M12a_frozen_alpha1,4.880341349767348,1.69431572379346,2.163417180775592,0.8333333333333334,2.716924168991756,1.8287904646008297,0.486399027068266,0.0,24.764377509978434,22.60096032920284,True,False,22,2.080107375729183,False,9.147433296026309,2.789944881106354,2.8320193881403406,8.375553395840946,5.035528390580862,7.941338674256478,0.0003557299528918498,0.14672758463631433,0.4047960432660245,
FSMI_nm,6063,M14a_regularized_alpha10,4.880341349767348,1.8759021758413155,2.06847605865154,0.8333333333333334,2.811865291115808,1.2957655473115,0.6000988198607221,0.0,12.377589194262601,10.309113135611062,True,False,22,1.5177156779990724,False,9.147433296026309,2.789944881106354,2.8320193881403406,8.375553395840946,5.035528390580862,7.941338674256478,0.0003557299528918498,0.14672758463631433,0.4047960432660245,
FSMI_nm,6063,M14b_rheed_density_weighted,4.880341349767348,1.933438256941412,1.7941826541429826,1.2,3.0861586956243654,1.2588584063789976,0.6088911025209898,0.0,14.1498670710058,12.355684416862818,True,False,22,1.4183157972102824,False,9.147433296026309,2.789944881106354,2.8320193881403406,8.375553395840946,5.035528390580862,7.941338674256478,0.0003557299528918498,0.14672758463631433,0.4047960432660245,
FSMI_nm,6063,M14c_residual_self_paced,4.880341349767348,1.798778891436861,1.707835534323096,1.2,3.172505815444252,1.2381606167489618,0.6138781359473542,0.0,11.740833766187015,10.03299823186392,True,False,22,1.4087048004547367,True,9.147433296026309,2.789944881106354,2.8320193881403406,8.375553395840946,5.035528390580862,7.941338674256478,0.0003557299528918498,0.14672758463631433,0.4047960432660245,
FSMI_nm,6063,M14d_r3d_causal_temporal,4.880341349767348,2.811971243139372,2.8153735275454816,1.2,2.0649678222218664,1.4935311954896022,0.5551036981825083,0.0,15.854036035430507,13.038662507885025,True,False,22,1.8110147316012672,False,9.147433296026309,2.789944881106354,2.8320193881403406,8.375553395840946,5.035528390580862,7.941338674256478,0.0003557299528918498,0.14672758463631433,0.4047960432660245,
FSMI_nm,6063,M14e_multiview_curated20_r3d80,4.880341349767348,2.5932879224962666,2.6129041634617076,1.2,2.2674371863056404,1.4086822598657347,0.5739796186243068,0.0,15.01732389225744,12.404419728795732,True,False,22,1.6957330696435435,False,9.147433296026309,2.789944881106354,2.8320193881403406,8.375553395840946,5.035528390580862,7.941338674256478,0.0003557299528918498,0.14672758463631433,0.4047960432660245,
FSMI_nm,6063,M14f_multiview_curated40_r3d60,4.880341349767348,2.391611317282478,2.424995511479332,1.2,2.4553458382880162,1.3821059098630475,0.5800229212605499,0.0,14.159566712085411,11.734571200606078,True,False,22,1.6353898498835715,False,9.147433296026309,2.789944881106354,2.8320193881403406,8.375553395840946,5.035528390580862,7.941338674256478,0.0003557299528918498,0.14672758463631433,0.4047960432660245,
FSMI_nm,6063,M14g_multiview_curated60_r3d40,4.880341349767348,2.2056188375133523,2.2521442236201317,1.192053551063544,2.6281971261472163,1.3699331683867506,0.5828121356443038,0.0,15.208682298463778,12.956538074843646,True,False,22,1.593432946408408,False,9.147433296026309,2.789944881106354,2.8320193881403406,8.375553395840946,5.035528390580862,7.941338674256478,0.0003557299528918498,0.14672758463631433,0.4047960432660245,
FSMI_nm,6070,M12a_frozen_alpha1,2.619825980056949,3.9298913638196042,4.517328956125036,0.8333333333333334,1.897502976068087,1.9325288216331347,0.4699621977949078,0.0,17.608332487879345,13.091003531754307,True,False,22,2.2673034810683985,False,4.382880123869201,1.3159531454921551,1.516811339097849,3.866666666666509,2.4395609982787962,2.848862891603648,0.05791013354876719,0.20102551521005094,0.5501011857907896,
FSMI_nm,6070,M14a_regularized_alpha10,2.619825980056949,2.9415082953570737,3.105714387101739,0.8695974537421733,0.48588840704478997,1.5718314535035878,0.541091648160242,0.0,11.604406574372899,8.498692187271159,True,False,22,1.830125402589422,False,4.382880123869201,1.3159531454921551,1.516811339097849,3.866666666666509,2.4395609982787962,2.848862891603648,0.05791013354876719,0.20102551521005094,0.5501011857907896,
FSMI_nm,6070,M14b_rheed_density_weighted,2.619825980056949,2.84772763076134,2.813030120028174,1.2,0.193204139971225,1.4583450954108836,0.5656251323709156,0.0,11.244061277145097,8.431031157116923,True,False,22,1.6749996101475946,True,4.382880123869201,1.3159531454921551,1.516811339097849,3.866666666666509,2.4395609982787962,2.848862891603648,0.05791013354876719,0.20102551521005094,0.5501011857907896,
FSMI_nm,6070,M14c_residual_self_paced,2.619825980056949,2.5789688146692695,2.605766082401232,1.2,0.014059897655716913,1.50409761787639,0.5556032845542223,0.0,9.460193030635423,6.854426948234192,True,False,22,1.7224629519265977,False,4.382880123869201,1.3159531454921551,1.516811339097849,3.866666666666509,2.4395609982787962,2.848862891603648,0.05791013354876719,0.20102551521005094,0.5501011857907896,
FSMI_nm,6070,M14d_r3d_causal_temporal,2.619825980056949,1.6969309392525274,1.5645727713257476,1.2,1.0552532087312014,1.570620964460858,0.5413476332260927,0.0,8.982094910253359,7.417522138927611,True,False,22,1.9217057615248436,False,4.382880123869201,1.3159531454921551,1.516811339097849,3.866666666666509,2.4395609982787962,2.848862891603648,0.05791013354876719,0.20102551521005094,0.5501011857907896,
FSMI_nm,6070,M14e_multiview_curated20_r3d80,2.619825980056949,1.8942851291306333,1.8116920775794945,1.2,0.8081339024774545,1.5276351098404886,0.5505168944056376,0.0,9.311931085885146,7.500239008305652,True,False,22,1.8574838006650833,False,4.382880123869201,1.3159531454921551,1.516811339097849,3.866666666666509,2.4395609982787962,2.848862891603648,0.05791013354876719,0.20102551521005094,0.5501011857907896,
FSMI_nm,6070,M14f_multiview_curated40_r3d60,2.619825980056949,2.1145917417393894,2.097843094369522,1.2,0.5219828856874269,1.5512655418779384,0.5454572602012906,0.0,10.722385148638985,8.624542054269464,True,False,22,1.894403825276305,False,4.382880123869201,1.3159531454921551,1.516811339097849,3.866666666666509,2.4395609982787962,2.848862891603648,0.05791013354876719,0.20102551521005094,0.5501011857907896,
FSMI_nm,6070,M14g_multiview_curated60_r3d40,2.619825980056949,2.360520159013539,2.429190756562651,1.2,0.19063522349429807,1.5861559305291464,0.5380715920252048,0.0,12.256471862868457,9.827281106305806,True,False,22,1.904915797481669,False,4.382880123869201,1.3159531454921551,1.516811339097849,3.866666666666509,2.4395609982787962,2.848862891603648,0.05791013354876719,0.20102551521005094,0.5501011857907896,
FSMI_nm,6072,M12a_frozen_alpha1,1.4268805447108657,1.8315288362726754,2.3139655239072514,0.8333333333333334,0.8870849791963857,1.975995294465684,0.4733101260177394,0.0,5.429222045975061,3.1152565220678095,True,False,22,2.3479947264221157,False,0.10012315221092083,0.9078384626064411,0.9753451787181319,2.1562745148748856,1.7513740708882677,-0.02712856592321633,1.0,0.013249990288971772,0.03891564591620811,
FSMI_nm,6072,M14a_regularized_alpha10,1.4268805447108657,2.160364943308734,2.37617759753219,0.8333333333333334,0.9492970528213245,1.550690085443125,0.555988868457354,0.8200485769105585,3.932306618153822,1.5561290206216316,True,False,22,1.8304842545263058,False,0.10012315221092083,0.9078384626064411,0.9753451787181319,2.1562745148748856,1.7513740708882677,-0.02712856592321633,1.0,0.013249990288971772,0.03891564591620811,
FSMI_nm,6072,M14b_rheed_density_weighted,1.4268805447108657,2.142991949129816,2.0345675933382155,1.2,0.6076870486273498,1.4484235153165887,0.5779346730198848,0.3088840715690011,3.7602511151074296,1.7256835217692144,True,False,22,1.6815037531237365,True,0.10012315221092083,0.9078384626064411,0.9753451787181319,2.1562745148748856,1.7513740708882677,-0.02712856592321633,1.0,0.013249990288971772,0.03891564591620811,
FSMI_nm,6072,M14c_residual_self_paced,1.4268805447108657,2.157303228445929,2.129501075526913,1.2,0.7026205308160474,1.4637746679698276,0.5745859690321845,0.5145343095356107,3.7444678415182153,1.6149667659913023,True,False,22,1.6924299964364007,False,0.10012315221092083,0.9078384626064411,0.9753451787181319,2.1562745148748856,1.7513740708882677,-0.02712856592321633,1.0,0.013249990288971772,0.03891564591620811,
FSMI_nm,6072,M14d_r3d_causal_temporal,1.4268805447108657,2.0779077888572743,1.9961634603477871,1.2,0.5692829156369215,1.6846874936551863,0.5284901331650353,0.4763965898341318,3.5159303308614422,1.5197668705136553,True,False,22,2.035239610292733,False,0.10012315221092083,0.9078384626064411,0.9753451787181319,2.1562745148748856,1.7513740708882677,-0.02712856592321633,1.0,0.013249990288971772,0.03891564591620811,
FSMI_nm,6072,M14e_multiview_curated20_r3d80,1.4268805447108657,2.094143514022641,2.0513802146357087,1.2,0.6244996699248431,1.6092737094720027,0.5437946513852956,0.5716179730666393,3.531142456204778,1.4797622415690694,True,False,22,1.9536115227233697,False,0.10012315221092083,0.9078384626064411,0.9753451787181319,2.1562745148748856,1.7513740708882677,-0.02712856592321633,1.0,0.013249990288971772,0.03891564591620811,
FSMI_nm,6072,M14f_multiview_curated40_r3d60,1.4268805447108657,2.1105060969692144,2.1081243438178503,1.2,0.6812437991069846,1.5875054867575276,0.5482941773042664,0.4242534550515129,3.7919952325841875,1.6838708887663374,True,False,22,1.9383093273731458,False,0.10012315221092083,0.9078384626064411,0.9753451787181319,2.1562745148748856,1.7513740708882677,-0.02712856592321633,1.0,0.013249990288971772,0.03891564591620811,
FSMI_nm,6072,M14g_multiview_curated60_r3d40,1.4268805447108657,2.1269965288998183,2.166438097282055,1.2,0.7395575525711895,1.5894403144256584,0.5478927423697655,0.2240542173752602,4.10882197718885,1.942383879906795,True,False,22,1.9284328251853888,False,0.10012315221092083,0.9078384626064411,0.9753451787181319,2.1562745148748856,1.7513740708882677,-0.02712856592321633,1.0,0.013249990288971772,0.03891564591620811,
FSMI_nm,6078,M12a_frozen_alpha1,1.7124178830987482,3.0707738446271677,3.6830379923119296,0.8333333333333334,1.9706201092131814,1.9133691412349896,0.4846648833016424,0.8183521556962057,6.547723828927653,2.864685836615724,True,False,22,2.1919352129210443,False,0.25629487651114613,0.668331224024758,0.743634410138375,0.9724770642201427,1.172346429019086,-1.2517934989086172,1.0,0.030779283512851325,0.0944626950416203,
FSMI_nm,6078,M14a_regularized_alpha10,1.7124178830987482,2.572938419657512,2.749962632514734,0.8333333333333334,1.0375447494159857,1.518227882577971,0.562863247718988,0.9859284231175343,4.513996841911934,1.7640342093971997,True,False,22,1.7737316646743158,False,0.25629487651114613,0.668331224024758,0.743634410138375,0.9724770642201427,1.172346429019086,-1.2517934989086172,1.0,0.030779283512851325,0.0944626950416203,
FSMI_nm,6078,M14b_rheed_density_weighted,1.7124178830987482,2.7729223854385454,2.7083515730421066,1.2,0.9959336899433584,1.3948811738971585,0.5897678948454136,0.8603191631984857,4.556383982885728,1.848032409843621,True,False,22,1.6058355737079264,True,0.25629487651114613,0.668331224024758,0.743634410138375,0.9724770642201427,1.172346429019086,-1.2517934989086172,1.0,0.030779283512851325,0.0944626950416203,
FSMI_nm,6078,M14c_residual_self_paced,1.7124178830987482,2.424606001010831,2.3833981844392835,1.2,0.6709803013405353,1.395592960663105,0.5896090069535598,0.7829025550621855,3.9838938138163815,1.600495629377098,True,False,22,1.6544111300562097,False,0.25629487651114613,0.668331224024758,0.743634410138375,0.9724770642201427,1.172346429019086,-1.2517934989086172,1.0,0.030779283512851325,0.0944626950416203,
FSMI_nm,6078,M14d_r3d_causal_temporal,1.7124178830987482,2.827834698999019,2.8103407335442743,1.2,1.097922850445526,1.5367567059994574,0.5589291347444428,1.2616317252560483,4.3590497418325,1.548709008288226,True,False,22,1.852106929584081,False,0.25629487651114613,0.668331224024758,0.743634410138375,0.9724770642201427,1.172346429019086,-1.2517934989086172,1.0,0.030779283512851325,0.0944626950416203,
FSMI_nm,6078,M14e_multiview_curated20_r3d80,1.7124178830987482,2.7749112251824295,2.803737007560951,1.2,1.0913191244622027,1.4877196736591796,0.569401295210721,1.0323097588821226,4.575164256239779,1.7714272486788283,True,False,22,1.8066582484237554,False,0.25629487651114613,0.668331224024758,0.743634410138375,0.9724770642201427,1.172346429019086,-1.2517934989086172,1.0,0.030779283512851325,0.0944626950416203,
FSMI_nm,6078,M14f_multiview_curated40_r3d60,1.7124178830987482,2.7229782244234797,2.7971487989831663,1.2,1.084730915884418,1.483524209324623,0.5703063224941702,0.789390117630179,4.804907480336153,2.0077586813529873,True,False,22,1.790271033526603,False,0.25629487651114613,0.668331224024758,0.743634410138375,0.9724770642201427,1.172346429019086,-1.2517934989086172,1.0,0.030779283512851325,0.0944626950416203,
FSMI_nm,6078,M14g_multiview_curated60_r3d40,1.7124178830987482,2.672017159827154,2.7905760713481884,1.2,1.0781581882494402,1.5063892993848431,0.5653913485626103,0.5320406867855003,5.049111455910877,2.258535384562688,True,False,22,1.8192041327772532,False,0.25629487651114613,0.668331224024758,0.743634410138375,0.9724770642201427,1.172346429019086,-1.2517934989086172,1.0,0.030779283512851325,0.0944626950416203,
FSMI_nm,6080,M12a_frozen_alpha1,3.8146875917994403,1.5402835907918357,1.8546471730657925,0.8333333333333334,1.9600404187336478,1.5883348136750963,0.5347465269907089,0.0,4.795380505345456,2.940733332279663,True,False,22,1.8972151055492819,False,0.5032275948623484,0.7828659864661281,0.8375983722141789,1.3394495412840617,1.3452468132845339,-0.494537699212313,1.0,0.044465974556290505,0.13411544193255376,
FSMI_nm,6080,M14a_regularized_alpha10,3.8146875917994403,2.238064534696893,2.358502590539094,1.0577733428902845,1.4561850012603461,1.430032226337353,0.569170404887649,0.0,4.78917277414569,2.4306701836065963,True,False,22,1.670799839691419,False,0.5032275948623484,0.7828659864661281,0.8375983722141789,1.3394495412840617,1.3452468132845339,-0.494537699212313,1.0,0.044465974556290505,0.13411544193255376,
FSMI_nm,6080,M14b_rheed_density_weighted,3.8146875917994403,2.372330574177192,2.284459437194036,1.2,1.5302281546054042,1.284789635434181,0.6027002323787007,0.2860969316853721,4.2828219427027,1.998362505508664,True,False,22,1.5431389027615836,True,0.5032275948623484,0.7828659864661281,0.8375983722141789,1.3394495412840617,1.3452468132845339,-0.494537699212313,1.0,0.044465974556290505,0.13411544193255376,
FSMI_nm,6080,M14c_residual_self_paced,3.8146875917994403,2.3140875387336224,2.2906360965128942,1.2,1.524051495286546,1.1578151218643864,0.6336270777389241,0.9464677046587684,3.63480448836702,1.3441683918541258,False,False,22,1.5876711109462318,False,0.5032275948623484,0.7828659864661281,0.8375983722141789,1.3394495412840617,1.3452468132845339,-0.494537699212313,1.0,0.044465974556290505,0.13411544193255376,
FSMI_nm,6080,M14d_r3d_causal_temporal,3.8146875917994403,2.074577243099608,1.9667172872685714,1.2,1.8479703045308689,1.4045614985894161,0.5749125137626716,0.5853162612413143,3.3481183132958288,1.3814010260272571,False,False,22,1.7210145456231314,False,0.5032275948623484,0.7828659864661281,0.8375983722141789,1.3394495412840617,1.3452468132845339,-0.494537699212313,1.0,0.044465974556290505,0.13411544193255376,
FSMI_nm,6080,M14e_multiview_curated20_r3d80,3.8146875917994403,2.1062902080222723,2.0357182298461636,1.2,1.7789693619532767,1.4123230635369388,0.5731566402802408,0.46215580409379875,3.6092806555985284,1.5735624257523648,False,False,22,1.6682824382723973,False,0.5032275948623484,0.7828659864661281,0.8375983722141789,1.3394495412840617,1.3452468132845339,-0.494537699212313,1.0,0.044465974556290505,0.13411544193255376,
FSMI_nm,6080,M14f_multiview_curated40_r3d60,3.8146875917994403,2.1384879522644487,2.1071400237110343,1.2,1.707547568088406,1.4067339884481218,0.5744204970828491,0.26588752748965705,3.9483925199324115,1.8412524962213772,True,False,22,1.6433128992523156,False,0.5032275948623484,0.7828659864661281,0.8375983722141789,1.3394495412840617,1.3452468132845339,-0.494537699212313,1.0,0.044465974556290505,0.13411544193255376,
FSMI_nm,6080,M14g_multiview_curated60_r3d40,3.8146875917994403,2.1711778863911606,2.1810676027892457,1.2,1.6336199890101946,1.4120606342862214,0.5732159211049405,0.11265479611170681,4.249480409466784,2.068412806677539,True,False,22,1.6617402089241102,False,0.5032275948623484,0.7828659864661281,0.8375983722141789,1.3394495412840617,1.3452468132845339,-0.494537699212313,1.0,0.044465974556290505,0.13411544193255376,
FSMI_nm,6081,M12a_frozen_alpha1,2.064223001846959,1.4986980352855894,1.927413144589032,0.8333333333333334,0.13680985725792727,1.9380810524627299,0.4801521837068073,0.0,7.095339791701587,5.167926647112555,True,False,22,2.1909005216533277,False,1.6353948739793291,0.6699731525875137,0.9669459648652697,3.4316375059254143,1.8526331669295049,-0.047351520594129434,1.0,0.18420210453799513,0.49113527635331966,
FSMI_nm,6081,M14a_regularized_alpha10,2.064223001846959,2.044436412175244,2.2131029373269557,0.894650287424599,0.14887993547999656,1.5962584539734876,0.546480467029138,0.0,6.221949949601801,4.008847012274845,True,False,22,1.8311165189308638,False,1.6353948739793291,0.6699731525875137,0.9669459648652697,3.4316375059254143,1.8526331669295049,-0.047351520594129434,1.0,0.18420210453799513,0.49113527635331966,
FSMI_nm,6081,M14b_rheed_density_weighted,2.064223001846959,2.032197819727796,1.9147662157689889,1.2,0.1494567860779703,1.4443498362825418,0.5788265782954596,0.0,5.793523447262923,3.8787572314939345,True,False,22,1.6329190858907467,True,1.6353948739793291,0.6699731525875137,0.9669459648652697,3.4316375059254143,1.8526331669295049,-0.047351520594129434,1.0,0.18420210453799513,0.49113527635331966,
FSMI_nm,6081,M14c_residual_self_paced,2.064223001846959,1.9182539044176117,1.826407685070155,1.2,0.23781531677680423,1.5258628888462185,0.5612388098062314,0.0,4.858451615141631,3.0320439300714757,True,False,22,1.7032486866205698,False,1.6353948739793291,0.6699731525875137,0.9669459648652697,3.4316375059254143,1.8526331669295049,-0.047351520594129434,1.0,0.18420210453799513,0.49113527635331966,
FSMI_nm,6081,M14d_r3d_causal_temporal,2.064223001846959,3.320957528549785,3.3642638999542984,1.2,1.3000408981073392,1.4789538876707966,0.5712938494567115,0.36673527176128573,6.361792528147311,2.9975286281930127,True,False,22,1.8004950161127273,False,1.6353948739793291,0.6699731525875137,0.9669459648652697,3.4316375059254143,1.8526331669295049,-0.047351520594129434,1.0,0.18420210453799513,0.49113527635331966,
FSMI_nm,6081,M14e_multiview_curated20_r3d80,2.064223001846959,3.01387598950772,3.0664598945859254,1.2,1.0022368927389662,1.4563333707855775,0.5762067851976389,0.0,6.464505426447129,3.3980455318612033,True,False,22,1.7741133002521194,False,1.6353948739793291,0.6699731525875137,0.9669459648652697,3.4316375059254143,1.8526331669295049,-0.047351520594129434,1.0,0.18420210453799513,0.49113527635331966,
FSMI_nm,6081,M14f_multiview_curated40_r3d60,2.064223001846959,2.7351895957843673,2.795017443557761,1.2,0.7307944417108017,1.488311109746405,0.5692738287492564,0.0,6.0628756593482445,3.2678582157904836,True,False,22,1.8036478859443277,False,1.6353948739793291,0.6699731525875137,0.9669459648652697,3.4316375059254143,1.8526331669295049,-0.047351520594129434,1.0,0.18420210453799513,0.49113527635331966,
FSMI_nm,6081,M14g_multiview_curated60_r3d40,2.064223001846959,2.482272711595218,2.5476030270557497,1.2,0.48338002520879053,1.5281023218911363,0.5607632337481422,0.0,6.3656275968222875,3.8180245697665383,True,False,22,1.8302665456939593,False,1.6353948739793291,0.6699731525875137,0.9669459648652697,3.4316375059254143,1.8526331669295049,-0.047351520594129434,1.0,0.18420210453799513,0.49113527635331966,
FSMI_nm,6082,M12a_frozen_alpha1,1.569797187543049,1.6939696440033554,2.1373035998437615,0.8333333333333334,0.5675064123007125,2.0458511552502614,0.4609581223986586,0.0,8.04445599964689,5.907152399803129,True,False,22,2.3962742841907723,False,0.8104220721987714,0.9645516510212903,0.9951802778817549,2.257679505995431,1.6963171316944552,0.1431461911639637,0.8666273663709073,0.11250181579540684,0.33309885829163766,
FSMI_nm,6082,M14a_regularized_alpha10,1.569797187543049,2.235025051944496,2.4205102365766944,0.8898377140011385,0.8507130490336454,1.5917544229100735,0.5474130008237976,0.0,5.752103607183257,3.331593370606563,True,False,22,1.8588718317671367,False,0.8104220721987714,0.9645516510212903,0.9951802778817549,2.257679505995431,1.6963171316944552,0.1431461911639637,0.8666273663709073,0.11250181579540684,0.33309885829163766,
FSMI_nm,6082,M14b_rheed_density_weighted,1.569797187543049,2.4105552467258353,2.3473960960539255,1.2,0.7775989085108765,1.463912644953767,0.5745559588524418,0.0,5.471873058777518,3.1244769627235933,True,False,22,1.6554075077302044,True,0.8104220721987714,0.9645516510212903,0.9951802778817549,2.257679505995431,1.6963171316944552,0.1431461911639637,0.8666273663709073,0.11250181579540684,0.33309885829163766,
FSMI_nm,6082,M14c_residual_self_paced,1.569797187543049,2.2411852089374524,2.2222925522831427,1.2,0.6524953647400937,1.49193019845844,0.5684944630900418,0.0,4.595852718060039,2.3735601657768957,True,False,22,1.729776703119782,False,0.8104220721987714,0.9645516510212903,0.9951802778817549,2.257679505995431,1.6963171316944552,0.1431461911639637,0.8666273663709073,0.11250181579540684,0.33309885829163766,
FSMI_nm,6082,M14d_r3d_causal_temporal,1.569797187543049,3.1184974373238505,3.138611420185076,1.2,1.5688142326420271,1.6863241458255256,0.5281628097886165,0.0,6.397525310566032,3.2589138903809562,True,False,22,2.036258372885249,False,0.8104220721987714,0.9645516510212903,0.9951802778817549,2.257679505995431,1.6963171316944552,0.1431461911639637,0.8666273663709073,0.11250181579540684,0.33309885829163766,
FSMI_nm,6082,M14e_multiview_curated20_r3d80,1.569797187543049,2.917512949005773,2.9646193210942546,1.2,1.3948221335512057,1.6069608937738387,0.5442709555292605,0.0,6.489478376660011,3.524859055565756,True,False,22,1.9181378223085614,False,0.8104220721987714,0.9645516510212903,0.9951802778817549,2.257679505995431,1.6963171316944552,0.1431461911639637,0.8666273663709073,0.11250181579540684,0.33309885829163766,
FSMI_nm,6082,M14f_multiview_curated40_r3d60,1.569797187543049,2.729481738782784,2.800272650026582,1.2,1.230475462483533,1.5760557031943792,0.5506757876001648,0.0,6.601719715850255,3.801447065823673,True,False,22,1.90113232129099,False,0.8104220721987714,0.9645516510212903,0.9951802778817549,2.257679505995431,1.6963171316944552,0.1431461911639637,0.8666273663709073,0.11250181579540684,0.33309885829163766,
FSMI_nm,6082,M14g_multiview_curated60_r3d40,1.569797187543049,2.553568978978318,2.6450367029223014,1.2,1.0752395153792524,1.5670623963944805,0.5525536904715848,0.0,6.734140539514028,4.089103836591727,True,False,22,1.8796810249402172,False,0.8104220721987714,0.9645516510212903,0.9951802778817549,2.257679505995431,1.6963171316944552,0.1431461911639637,0.8666273663709073,0.11250181579540684,0.33309885829163766,
FSMI_nm,6084,M12a_frozen_alpha1,1.6004098868850862,2.1050436867120856,2.579164793667247,0.8333333333333334,0.9787549067821608,2.002054312408482,0.46866409803920145,0.0,6.6436747201733715,4.064509926506124,True,False,22,2.3256047134878877,False,0.7198792479379863,0.6111868481336836,0.8241908883350287,2.721735425997602,1.5029239272225778,-0.48168616780876206,1.0,0.09901851255277415,0.2793536370504459,
FSMI_nm,6084,M14a_regularized_alpha10,1.6004098868850862,2.3543821631616626,2.499187361028492,0.9553016997726023,0.8987774741434058,1.5861774683204795,0.5485698826459077,0.0,5.41594225028924,2.916754889260748,True,False,22,1.8515045232105667,False,0.7198792479379863,0.6111868481336836,0.8241908883350287,2.721735425997602,1.5029239272225778,-0.48168616780876206,1.0,0.09901851255277415,0.2793536370504459,
FSMI_nm,6084,M14b_rheed_density_weighted,1.6004098868850862,2.434181170157708,2.371668043150582,1.2,0.7712581562654957,1.4456096898050153,0.578550594719587,0.0,5.151284580085548,2.7796165369349657,True,False,22,1.6685889452728104,True,0.7198792479379863,0.6111868481336836,0.8241908883350287,2.721735425997602,1.5029239272225778,-0.48168616780876206,1.0,0.09901851255277415,0.2793536370504459,
FSMI_nm,6084,M14c_residual_self_paced,1.6004098868850862,2.2828629943451375,2.22347293286332,1.2,0.6230630459782338,1.388148071112283,0.5912730047902596,0.14926035847632457,4.297685507250316,2.0742125743869955,True,False,22,1.7142744496120064,False,0.7198792479379863,0.6111868481336836,0.8241908883350287,2.721735425997602,1.5029239272225778,-0.48168616780876206,1.0,0.09901851255277415,0.2793536370504459,
FSMI_nm,6084,M14d_r3d_causal_temporal,1.6004098868850862,3.113140360676891,3.1349696374220626,1.2,1.5345597505369764,1.5982380849166273,0.5460710985160757,0.8128682936885134,5.457070981155612,2.322101343733549,True,False,22,1.9264755841023318,False,0.7198792479379863,0.6111868481336836,0.8241908883350287,2.721735425997602,1.5029239272225778,-0.48168616780876206,1.0,0.09901851255277415,0.2793536370504459,
FSMI_nm,6084,M14e_multiview_curated20_r3d80,1.6004098868850862,2.9439765974214005,2.9878915526834766,1.2,1.3874816657983904,1.5311494344788106,0.5601167823814015,0.6201739415179066,5.355609163849047,2.36771761116557,True,False,22,1.823176530958644,False,0.7198792479379863,0.6111868481336836,0.8241908883350287,2.721735425997602,1.5029239272225778,-0.48168616780876206,1.0,0.09901851255277415,0.2793536370504459,
FSMI_nm,6084,M14f_multiview_curated40_r3d60,1.6004098868850862,2.784004960277608,2.8477136824644034,1.2,1.2473037955793171,1.5047180455923312,0.5657491542367127,0.17229437518881419,5.523132989739993,2.675419307275589,True,False,22,1.826598955110462,False,0.7198792479379863,0.6111868481336836,0.8241908883350287,2.721735425997602,1.5029239272225778,-0.48168616780876206,1.0,0.09901851255277415,0.2793536370504459,
FSMI_nm,6084,M14g_multiview_curated60_r3d40,1.6004098868850862,2.6327259617617456,2.7141123010343913,1.2,1.113702414149305,1.5229016984756896,0.5618682808118628,0.0,5.715810128809245,3.0016978277748545,True,False,22,1.8210826124101822,False,0.7198792479379863,0.6111868481336836,0.8241908883350287,2.721735425997602,1.5029239272225778,-0.48168616780876206,1.0,0.09901851255277415,0.2793536370504459,
FSMI_nm,6085,M12a_frozen_alpha1,2.455030747789686,4.163898826749893,4.70643727957955,0.8333333333333334,2.251406531789864,1.8313316916968445,0.499952258334219,2.0492223569033974,7.363652202255702,2.6572149226761526,True,False,22,2.1213604880023196,False,0.3381465872959287,0.7608374027216313,0.7950366422056891,1.7182105218609411,1.0329788607590067,-0.6570368820896003,1.0,0.03785582892335185,0.100717613206045,
FSMI_nm,6085,M14a_regularized_alpha10,2.455030747789686,3.321285500278809,3.5336552041813176,0.9612118310885718,1.0786244563916316,1.543865095677646,0.5574271619356683,1.2017725091014246,5.865537899261211,2.331882695079893,True,False,22,1.7881517854731994,False,0.3381465872959287,0.7608374027216313,0.7950366422056891,1.7182105218609411,1.0329788607590067,-0.6570368820896003,1.0,0.03785582892335185,0.100717613206045,
FSMI_nm,6085,M14b_rheed_density_weighted,2.455030747789686,3.31880107948009,3.3554476655113477,1.2,0.9004169177216617,1.3902316082900552,0.5908068433746406,1.3095492210338047,5.401346109988891,2.045898444477543,True,False,22,1.577645803900974,True,0.3381465872959287,0.7608374027216313,0.7950366422056891,1.7182105218609411,1.0329788607590067,-0.6570368820896003,1.0,0.03785582892335185,0.100717613206045,
FSMI_nm,6085,M14c_residual_self_paced,2.455030747789686,2.9967424637224505,3.07816426088678,1.2,0.6231335130970939,1.3524759454849131,0.5993114280101488,1.377694683053114,4.778633838720445,1.7004695778336658,True,False,22,1.7136413104196258,False,0.3381465872959287,0.7608374027216313,0.7950366422056891,1.7182105218609411,1.0329788607590067,-0.6570368820896003,1.0,0.03785582892335185,0.100717613206045,
FSMI_nm,6085,M14d_r3d_causal_temporal,2.455030747789686,3.6704754727271682,3.8379105812548193,1.2,1.3828798334651333,1.5407866740231375,0.5580771233540407,2.1600277591314314,5.515793403378208,1.677882822123388,True,False,22,1.8579389802584747,False,0.3381465872959287,0.7608374027216313,0.7950366422056891,1.7182105218609411,1.0329788607590067,-0.6570368820896003,1.0,0.03785582892335185,0.100717613206045,
FSMI_nm,6085,M14e_multiview_curated20_r3d80,2.455030747789686,3.5978172768481884,3.8168690230586604,1.2,1.3618382752689744,1.495769189440462,0.5676689079647795,2.045167485785415,5.588570560331906,1.7717015372732452,True,False,22,1.8040955560968102,False,0.3381465872959287,0.7608374027216313,0.7950366422056891,1.7182105218609411,1.0329788607590067,-0.6570368820896003,1.0,0.03785582892335185,0.100717613206045,
FSMI_nm,6085,M14f_multiview_curated40_r3d60,2.455030747789686,3.526597372402461,3.7959428263754775,1.2,1.3409120785857915,1.481146949777863,0.5708197728821668,1.80762086085331,5.784264791897645,1.9883219655221676,True,False,22,1.7682021448607708,False,0.3381465872959287,0.7608374027216313,0.7950366422056891,1.7182105218609411,1.0329788607590067,-0.6570368820896003,1.0,0.03785582892335185,0.100717613206045,
FSMI_nm,6085,M14g_multiview_curated60_r3d40,2.455030747789686,3.4567872879667436,3.7751313587293627,1.2,1.3201006109396767,1.484685077635756,0.5700557611924576,1.4892791103091585,6.060983607149566,2.285852248420204,True,False,22,1.7505063296242187,False,0.3381465872959287,0.7608374027216313,0.7950366422056891,1.7182105218609411,1.0329788607590067,-0.6570368820896003,1.0,0.03785582892335185,0.100717613206045,
FSMI_nm,6090,M12a_frozen_alpha1,3.1749521180513365,8.013794027211624,7.397084656583751,0.8333333333333334,4.222132538532415,1.427191614442265,0.5698079391606271,4.2717289710662705,10.522440342101232,3.1253556855174804,False,False,22,1.6369040424645003,False,1.0821684212642362,0.9184305373182361,1.1083626990743956,5.5781393563572435,2.309046043117737,0.5642438646331475,0.5687900664838847,0.07155086422848744,0.2207068838977313,
FSMI_nm,6090,M14a_regularized_alpha10,3.1749521180513365,6.043175991538858,7.023829811615885,1.2,3.8488776935645483,1.2484083676203492,0.6114039049082453,4.848963301539003,9.198696321692767,2.1748665100768823,False,False,22,1.451184730452938,True,1.0821684212642362,0.9184305373182361,1.1083626990743956,5.5781393563572435,2.309046043117737,0.5642438646331475,0.5687900664838847,0.07155086422848744,0.2207068838977313,
FSMI_nm,6090,M14b_rheed_density_weighted,3.1749521180513365,5.600357056442359,6.045022237330305,1.2,2.8700701192789686,1.2485992134342858,0.6113579215458717,3.7914579604971346,8.298586514163475,2.2535642768331705,False,False,22,1.4659204072935532,False,1.0821684212642362,0.9184305373182361,1.1083626990743956,5.5781393563572435,2.309046043117737,0.5642438646331475,0.5687900664838847,0.07155086422848744,0.2207068838977313,
FSMI_nm,6090,M14c_residual_self_paced,3.1749521180513365,4.906517818199881,5.370743029263519,1.2,2.1957909112121823,1.2849272875879365,0.6026675375700671,3.109031698778612,7.632454359748426,2.2617113304849066,True,False,22,1.525442410149457,False,1.0821684212642362,0.9184305373182361,1.1083626990743956,5.5781393563572435,2.309046043117737,0.5642438646331475,0.5687900664838847,0.07155086422848744,0.2207068838977313,
FSMI_nm,6090,M14d_r3d_causal_temporal,3.1749521180513365,4.846335325095645,5.296206083297093,1.2,2.121253965245757,1.5403247801791484,0.5449606540731962,2.5610226410889316,8.031389525505254,2.735183442208162,True,False,22,1.9003457712251453,False,1.0821684212642362,0.9184305373182361,1.1083626990743956,5.5781393563572435,2.309046043117737,0.5642438646331475,0.5687900664838847,0.07155086422848744,0.2207068838977313,
FSMI_nm,6090,M14e_multiview_curated20_r3d80,3.1749521180513365,5.065050930570102,5.603852513245553,1.2,2.428900395194216,1.4330465619844415,0.5684946608927262,2.9731687658846293,8.234536260606475,2.6306837473609233,True,False,22,1.7239459174297007,False,1.0821684212642362,0.9184305373182361,1.1083626990743956,5.5781393563572435,2.309046043117737,0.5642438646331475,0.5687900664838847,0.07155086422848744,0.2207068838977313,
FSMI_nm,6090,M14f_multiview_curated40_r3d60,3.1749521180513365,5.293637193535044,5.929369532890004,1.2,2.754417414838667,1.3261545106236294,0.5929547310345541,3.4068374541565,8.451901611623507,2.5225320787335037,False,False,22,1.5998687268694711,False,1.0821684212642362,0.9184305373182361,1.1083626990743956,5.5781393563572435,2.309046043117737,0.5642438646331475,0.5687900664838847,0.07155086422848744,0.2207068838977313,
FSMI_nm,6090,M14g_multiview_curated60_r3d40,3.1749521180513365,5.532539577765602,6.273795210431455,1.2,3.0988430923801187,1.2393419678612625,0.6135923990815776,3.863194400435093,8.684396020427817,2.410600809996362,False,False,22,1.478298993142885,False,1.0821684212642362,0.9184305373182361,1.1083626990743956,5.5781393563572435,2.309046043117737,0.5642438646331475,0.5687900664838847,0.07155086422848744,0.2207068838977313,
FSMI_nm,6094,M12a_frozen_alpha1,3.616631849567126,3.255138165550638,4.111720345899605,0.8333333333333334,0.4950884963324791,2.1346254079438918,0.4311688780014347,0.4377131188174701,7.78572757298174,3.674007227082135,True,False,22,2.5077537641905376,False,0.5328535702130714,0.8253430228985845,0.8798189276169041,1.9594030505603268,1.2755242608620796,-0.4622298971980687,1.0,0.07041182470964241,0.1868552973198503,
FSMI_nm,6094,M14a_regularized_alpha10,3.616631849567126,2.8360593968176624,3.038623451636281,0.8333333333333334,0.5780083979308448,1.5416185893600765,0.5446828549507827,0.8868075384701983,5.190439364802364,2.151815913166083,True,False,22,1.7895393470080845,False,0.5328535702130714,0.8253430228985845,0.8798189276169041,1.9594030505603268,1.2755242608620796,-0.4622298971980687,1.0,0.07041182470964241,0.1868552973198503,
FSMI_nm,6094,M14b_rheed_density_weighted,3.616631849567126,2.836826421613036,2.8779622070103046,1.2,0.7386696425568213,1.4347508685076988,0.568112950078644,0.46550574734448746,5.290418666676121,2.412456459665817,True,False,22,1.638411160566971,False,0.5328535702130714,0.8253430228985845,0.8798189276169041,1.9594030505603268,1.2755242608620796,-0.4622298971980687,1.0,0.07041182470964241,0.1868552973198503,
FSMI_nm,6094,M14c_residual_self_paced,3.616631849567126,2.4877228002665523,2.574251796922651,1.2,1.042380052644475,1.4030324512482744,0.5752590588625779,0.660382733203742,4.48812086064156,1.9138690637189089,True,False,22,1.5877003891346164,True,0.5328535702130714,0.8253430228985845,0.8798189276169041,1.9594030505603268,1.2755242608620796,-0.4622298971980687,1.0,0.07041182470964241,0.1868552973198503,
FSMI_nm,6094,M14d_r3d_causal_temporal,3.616631849567126,3.418735854790741,3.654867909001486,1.2,0.03823605943436004,1.7409754992511723,0.5035269269585733,1.5806181001928987,5.729117717810073,2.0742498088085872,True,False,22,2.1487555813062205,False,0.5328535702130714,0.8253430228985845,0.8798189276169041,1.9594030505603268,1.2755242608620796,-0.4622298971980687,1.0,0.07041182470964241,0.1868552973198503,
FSMI_nm,6094,M14e_multiview_curated20_r3d80,3.616631849567126,3.2933319076022203,3.560869518236098,1.2,0.05576233133102804,1.6375628312759705,0.5244720311441072,1.3425050550986533,5.779233981373542,2.2183644631374446,True,False,22,2.0017923583723283,False,0.5328535702130714,0.8253430228985845,0.8798189276169041,1.9594030505603268,1.2755242608620796,-0.4622298971980687,1.0,0.07041182470964241,0.1868552973198503,
FSMI_nm,6094,M14f_multiview_curated40_r3d60,3.616631849567126,3.172527950187236,3.46928864232664,1.2,0.14734320724048589,1.5819563469291336,0.5360924383139389,0.9406376849083711,5.9979395997449085,2.528650957418269,True,False,22,1.9336696124987114,False,0.5328535702130714,0.8253430228985845,0.8798189276169041,1.9594030505603268,1.2755242608620796,-0.4622298971980687,1.0,0.07041182470964241,0.1868552973198503,
FSMI_nm,6094,M14g_multiview_curated60_r3d40,3.616631849567126,3.0561552485753594,3.3496177781697885,1.1486372617628664,0.26701407139733746,1.5319384655303327,0.5467647531704051,0.49021356759897383,6.209021988740603,2.8594042105708146,True,False,22,1.849479924279697,False,0.5328535702130714,0.8253430228985845,0.8798189276169041,1.9594030505603268,1.2755242608620796,-0.4622298971980687,1.0,0.07041182470964241,0.1868552973198503,
FSMI_nm,6095,M12a_frozen_alpha1,8.567125493610352,3.5025165826933837,3.770303999033806,0.8333333333333334,4.7968214945765455,1.7224179545194016,0.5072229826426239,2.1097007762066857,5.4309072218609264,1.6606032228271204,False,False,22,2.0949687866647286,False,0.3615780993944335,0.9065762240762578,0.9246964916532775,3.0699788813309867,1.6509470376843822,-0.31825892127709143,1.0,0.033086369159078324,0.09226266390792714,
FSMI_nm,6095,M14a_regularized_alpha10,8.567125493610352,3.6237285179198033,3.976868716784467,1.2,4.590256776825885,1.402807494021968,0.5753100610586205,2.8431074559348106,5.110629977634123,1.1337612608496563,False,False,22,1.6233781247474575,False,0.3615780993944335,0.9065762240762578,0.9246964916532775,3.0699788813309867,1.6509470376843822,-0.31825892127709143,1.0,0.033086369159078324,0.09226266390792714,
FSMI_nm,6095,M14b_rheed_density_weighted,8.567125493610352,3.583956806798806,3.6973252437797544,1.2,4.869800249830597,1.2642102960038997,0.6076081958481131,2.6575322824599716,4.737118205099537,1.039792961319783,False,False,22,1.4980097801397154,True,0.3615780993944335,0.9065762240762578,0.9246964916532775,3.0699788813309867,1.6509470376843822,-0.31825892127709143,1.0,0.033086369159078324,0.09226266390792714,
FSMI_nm,6095,M14c_residual_self_paced,8.567125493610352,3.6209707010890364,3.7835649116069026,1.2,4.7835605820034495,1.1449619349676876,0.6368448193817261,2.8089410673679245,4.758188755845881,0.9746238442389783,False,False,22,1.5624192507394121,False,0.3615780993944335,0.9065762240762578,0.9246964916532775,3.0699788813309867,1.6509470376843822,-0.31825892127709143,1.0,0.033086369159078324,0.09226266390792714,
FSMI_nm,6095,M14d_r3d_causal_temporal,8.567125493610352,3.930356394030959,4.1881948495474655,1.2,4.378930644062886,1.4561487990443034,0.5633422427575399,2.856338955077094,5.520050744017837,1.3318558944703713,False,False,22,1.7477639101370266,False,0.3615780993944335,0.9065762240762578,0.9246964916532775,3.0699788813309867,1.6509470376843822,-0.31825892127709143,1.0,0.033086369159078324,0.09226266390792714,
FSMI_nm,6095,M14e_multiview_curated20_r3d80,8.567125493610352,3.867022304200504,4.145049808735817,1.2,4.422075684874534,1.4153051961596241,0.5724834291109878,2.905676583373251,5.384423034098383,1.239373225362566,False,False,22,1.7066993952988367,False,0.3615780993944335,0.9065762240762578,0.9246964916532775,3.0699788813309867,1.6509470376843822,-0.31825892127709143,1.0,0.033086369159078324,0.09226266390792714,
FSMI_nm,6095,M14f_multiview_curated40_r3d60,8.567125493610352,3.8047087851612225,4.102349230183809,1.2,4.464776263426542,1.3849725029135296,0.5793680255943661,2.963332140960387,5.241366319407231,1.139017089223422,False,False,22,1.6586606555839534,False,0.3615780993944335,0.9065762240762578,0.9246964916532775,3.0699788813309867,1.6509470376843822,-0.31825892127709143,1.0,0.033086369159078324,0.09226266390792714,
FSMI_nm,6095,M14g_multiview_curated60_r3d40,8.567125493610352,3.7433993913505024,4.06008853522616,1.2,4.507036958384192,1.3629893322085294,0.5844092228674189,2.9437470460968562,5.176430024355463,1.1163414891293033,False,False,22,1.6162446106357988,False,0.3615780993944335,0.9065762240762578,0.9246964916532775,3.0699788813309867,1.6509470376843822,-0.31825892127709143,1.0,0.033086369159078324,0.09226266390792714,
FSMI_nm,6099,M12a_frozen_alpha1,9.324230493376989,2.603742230044734,3.105678119946829,0.8333333333333334,6.21855237343016,1.5291218883901732,0.5473720058343647,0.0,8.511162139568079,5.40548401962125,False,False,22,1.8346185997779223,False,2.055787122959078,0.6379942856664902,0.7278280345507137,0.951681109185442,1.0551117640396086,-1.2832704743009133,1.0,0.2197766567091507,0.5983492800748388,
FSMI_nm,6099,M14a_regularized_alpha10,9.324230493376989,2.616946691083071,2.7538844015524857,0.9050677548294482,6.570346091824503,1.2028091356583739,0.6224905479891367,0.0,6.094251193567356,3.3403667920148705,False,False,22,1.4026168707345452,False,2.055787122959078,0.6379942856664902,0.7278280345507137,0.951681109185442,1.0551117640396086,-1.2832704743009133,1.0,0.2197766567091507,0.5983492800748388,
FSMI_nm,6099,M14b_rheed_density_weighted,9.324230493376989,2.6950424795978254,2.682221104359752,1.2,6.642009389017237,1.1139988265799976,0.6446635604091947,0.0,5.8612323762436045,3.1790112718838524,False,False,22,1.29041313140138,True,2.055787122959078,0.6379942856664902,0.7278280345507137,0.951681109185442,1.0551117640396086,-1.2832704743009133,1.0,0.2197766567091507,0.5983492800748388,
FSMI_nm,6099,M14c_residual_self_paced,9.324230493376989,2.472557774588301,2.50305735586876,1.2,6.821173137508229,1.1121112595361884,0.6451432974611131,0.0,5.035987371054437,2.532930015185677,False,False,22,1.2965343007849548,False,2.055787122959078,0.6379942856664902,0.7278280345507137,0.951681109185442,1.0551117640396086,-1.2832704743009133,1.0,0.2197766567091507,0.5983492800748388,
FSMI_nm,6099,M14d_r3d_causal_temporal,9.324230493376989,4.7605229858069915,5.116395502622509,1.2,4.20783499075448,1.4580857987999787,0.5629123676071351,2.4862120520047926,7.746578953240225,2.630183450617716,False,False,22,1.7777798389787134,False,2.055787122959078,0.6379942856664902,0.7278280345507137,0.951681109185442,1.0551117640396086,-1.2832704743009133,1.0,0.2197766567091507,0.5983492800748388,
FSMI_nm,6099,M14e_multiview_curated20_r3d80,9.324230493376989,4.223599291324839,4.543143498590183,1.2,4.781086994786806,1.3714711966756339,0.5824589788992709,2.0463508921796314,7.039936105000734,2.4967926064105517,False,False,22,1.670726199845956,False,2.055787122959078,0.6379942856664902,0.7278280345507137,0.951681109185442,1.0551117640396086,-1.2832704743009133,1.0,0.2197766567091507,0.5983492800748388,
FSMI_nm,6099,M14f_multiview_curated40_r3d60,9.324230493376989,3.7472334503717772,4.034119887370461,1.2,5.290110606006528,1.3131146774575753,0.596009765963061,1.4329765363937224,6.6352632383472,2.6011433509767388,False,False,22,1.5846038009143044,False,2.055787122959078,0.6379942856664902,0.7278280345507137,0.951681109185442,1.0551117640396086,-1.2832704743009133,1.0,0.2197766567091507,0.5983492800748388,
FSMI_nm,6099,M14g_multiview_curated60_r3d40,9.324230493376989,3.3245953422775143,3.582128381092961,1.2,5.742102112284028,1.2762580705445519,0.6047300947044811,0.36069929311268734,6.803557469073235,3.221429087980274,False,False,22,1.5205450682965582,False,2.055787122959078,0.6379942856664902,0.7278280345507137,0.951681109185442,1.0551117640396086,-1.2832704743009133,1.0,0.2197766567091507,0.5983492800748388,
FSMI_nm,6101,M12a_frozen_alpha1,0.8380821497217993,0.003952934755004051,0.0017305625895938143,1.1686670939273989,0.8363515871322055,6.588362874927671,0.08257930380310019,0.0,148.13185511993157,148.130124557342,True,False,22,2.4364539930281848,False,62.73453863258769,11.193902536367013,11.564851400784462,46.60262008734036,43.72953941026902,55.29166230042766,9.708143063570135e-25,0.7455982766081393,2.2544532173491296,
FSMI_nm,6101,M14a_regularized_alpha10,0.8380821497217993,0.19935972218714312,0.13418426695106522,1.2,0.7038978827707341,3.275156993132337,0.2894431212366098,0.0,97.44671527983682,97.31253101288576,True,False,22,1.7179620342938213,False,62.73453863258769,11.193902536367013,11.564851400784462,46.60262008734036,43.72953941026902,55.29166230042766,9.708143063570135e-25,0.7455982766081393,2.2544532173491296,
FSMI_nm,6101,M14b_rheed_density_weighted,0.8380821497217993,1.3177280384649095,1.1686025388950836,1.2,0.3305203891732843,2.877011768192602,0.33652584558895154,0.0,81.77805838842362,80.60945584952853,True,False,22,1.568103733888807,True,62.73453863258769,11.193902536367013,11.564851400784462,46.60262008734036,43.72953941026902,55.29166230042766,9.708143063570135e-25,0.7455982766081393,2.2544532173491296,
FSMI_nm,6101,M14c_residual_self_paced,0.8380821497217993,3.0338828580156147,3.2605991109796473,1.2,2.422516961257848,3.498159321848973,0.26601221826111016,0.0,70.67142986300675,67.41083075202711,True,False,22,1.579538208145898,False,62.73453863258769,11.193902536367013,11.564851400784462,46.60262008734036,43.72953941026902,55.29166230042766,9.708143063570135e-25,0.7455982766081393,2.2544532173491296,
FSMI_nm,6101,M14d_r3d_causal_temporal,0.8380821497217993,1.8999143010441673,1.7658271119012297,1.2,0.9277449621794304,5.990305063734949,0.10356001297627189,0.0,76.19075207856834,74.4249249666671,True,False,22,1.9897161707169548,False,62.73453863258769,11.193902536367013,11.564851400784462,46.60262008734036,43.72953941026902,55.29166230042766,9.708143063570135e-25,0.7455982766081393,2.2544532173491296,
FSMI_nm,6101,M14e_multiview_curated20_r3d80,0.8380821497217993,1.2103603642608174,1.0546269473384837,1.2,0.21654479761668444,5.38288348587221,0.13033239656111226,0.0,72.43544799775987,71.38082105042139,True,False,22,1.9105743009431777,False,62.73453863258769,11.193902536367013,11.564851400784462,46.60262008734036,43.72953941026902,55.29166230042766,9.708143063570135e-25,0.7455982766081393,2.2544532173491296,
FSMI_nm,6101,M14f_multiview_curated40_r3d60,0.8380821497217993,0.7710727850032231,0.629868003813219,1.2,0.20821414590858034,4.934865884313207,0.15442108722626055,0.0,68.849809413587,68.21994140977378,True,False,22,1.8409244191969953,False,62.73453863258769,11.193902536367013,11.564851400784462,46.60262008734036,43.72953941026902,55.29166230042766,9.708143063570135e-25,0.7455982766081393,2.2544532173491296,
FSMI_nm,6101,M14g_multiview_curated60_r3d40,0.8380821497217993,0.49122001787932656,0.37618392288274916,1.2,0.46189822683905013,4.525140933541171,0.18032897226065975,0.0,77.38943175613166,77.01324783324891,True,False,22,1.7858593052086893,False,62.73453863258769,11.193902536367013,11.564851400784462,46.60262008734036,43.72953941026902,55.29166230042766,9.708143063570135e-25,0.7455982766081393,2.2544532173491296,
Rq_nm,6022,M14h_nested_support_aware_selector,1.6493401527404783,2.976469451436638,2.841563015681485,1.2,1.1922228629410065,1.5031838360299379,0.6165637702397216,0.0,7.655351879552118,4.8137888638706325,True,False,22,1.9176976789534268,True,3.3022674146099096,1.4277915150252303,1.4346711497503188,3.4061135371181748,1.770139515599866,2.2109426742108544,0.10959728526982919,0.1287600312945858,0.3647658903439521,M14e_multiview_curated20_r3d80
Rq_nm,6028,M14h_nested_support_aware_selector,6.072564601898193,2.9684330490846795,2.9601536467937613,1.2,3.112410955104432,1.4348851244060041,0.6274838515174934,0.0,9.420730544805116,6.460576898011355,True,False,22,1.7152274108126693,True,4.199958749397963,1.3892959248704397,1.4283284630357578,5.133824415794975,2.5146448536868973,2.244632180691996,0.10596650973454647,0.20219202354542887,0.5889533788174466,M14e_multiview_curated20_r3d80
Rq_nm,6029,M14h_nested_support_aware_selector,2.561024904251098,2.8013224917480875,2.7517560502567684,1.2,0.1907311460056702,1.589891737942656,0.5996023659464355,0.0,11.824954474736272,9.073198424479504,True,False,22,1.9067779884409597,True,6.2343781574776,1.6849710160778784,1.960534344311144,7.899998399803669,3.7922956507512,5.408792236674996,0.004477044157085056,0.08500156710542384,0.27023977604203986,M14f_multiview_curated40_r3d60
Rq_nm,6033,M14h_nested_support_aware_selector,2.5392112094198453,4.123448793704629,4.048376710464904,1.2,1.5091655010450586,1.5694490061608075,0.6035587599866833,0.8823488937185111,7.214404527211297,3.166027816746393,True,False,22,1.8199142267365283,True,1.7203465214484757,0.9123982500956862,0.9649114167648808,2.8502110613989142,1.827423610068692,0.017899707965845314,0.9822595402257981,0.1796366618734991,0.5061678668631738,M14b_rheed_density_weighted
Rq_nm,6047,M14h_nested_support_aware_selector,3.066597064069266,3.917489739814541,3.9554146238680237,1.2,0.8888175597987575,1.6478422544360694,0.5885272839998688,0.8438080045641989,7.067021243171848,3.1116066193038248,True,False,22,1.912311155761342,True,1.3375450204812218,0.9190394611569475,0.9882415529208148,2.509565949082446,1.5503914652461885,-0.00830663027611683,1.0,0.15844511245001286,0.4424608301006624,M14b_rheed_density_weighted
Rq_nm,6048,M14h_nested_support_aware_selector,2.455431633201468,3.778566212311405,3.9069973768399797,1.2,1.4515657436385117,1.5804809538423965,0.6014204548672245,0.0,8.860103098697143,4.953105721857163,True,False,22,1.8767291059015494,True,2.9279296863023485,1.2561304922650727,1.3202566310123431,4.618779341970763,2.1504456253429267,1.9738041701340763,0.13892734641889745,0.1234574710036329,0.3575888725850951,M14e_multiview_curated20_r3d80
Rq_nm,6056,M14h_nested_support_aware_selector,3.2253758907318115,2.865760975196853,2.7689399587810333,1.2,0.45643593195077825,1.5932928674938462,0.5960166329991418,0.18346360854245303,5.354416309019614,2.5854763502385802,True,False,22,1.9304110401489272,True,1.0792833258209826,0.9534960664176152,1.0867607870520188,2.7094198350911043,1.445949647049424,0.6563977498659392,0.5187165196955683,0.05243119451938942,0.1551517847842716,M14b_rheed_density_weighted
Rq_nm,6057,M14h_nested_support_aware_selector,5.337333679199219,2.839269255866256,2.851737594086992,1.2,2.4855960851122267,1.4971922816258239,0.6149132192121085,0.0,7.118346140823338,4.266608546736346,True,False,22,1.7785375738185873,True,2.1253185489310917,0.9876133502031075,1.0095810759503905,2.1728547449218625,1.4782339760582663,0.12232649722904436,0.8848594171864868,0.19182258877623443,0.5347941567242954,M14f_multiview_curated40_r3d60
Rq_nm,6062,M14h_nested_support_aware_selector,3.0912147342364586,2.6412338831395172,2.6202518165271447,1.2,0.470962917709314,1.6046831674232052,0.5955323430398073,0.0,5.782052602645528,3.161800786118383,True,False,22,1.9044189257700097,True,1.7571868715380425,1.0681210244562322,1.180005073443779,3.1121051160190056,2.0284500353427215,0.7490737394839023,0.4728042899259826,0.11125688628696359,0.333048004330201,M14g_multiview_curated60_r3d40
Rq_nm,6063,M14h_nested_support_aware_selector,5.865590098313159,2.710617563434558,2.5412142535683597,1.2,3.324375844744799,1.4366430360758982,0.6271256897603469,0.0,13.088787366102885,10.547573112534526,True,False,22,1.6744262538100065,True,8.68898453565845,2.789944881106354,2.8320193881403406,8.375553395840946,5.035528390580862,7.941338674256478,0.0003557299528918498,0.09341386015403355,0.2575357447573381,M14b_rheed_density_weighted
Rq_nm,6070,M14h_nested_support_aware_selector,3.047229528427124,2.3301779173028425,2.2162528947451303,1.2,0.8309766336819937,1.5901348241157927,0.599555476512385,0.0,10.04230240520186,7.8260495104567305,True,False,22,1.9162130018973877,True,4.739224880066889,1.3159531454921551,1.516811339097849,3.866666666666509,2.4395609982787962,2.848862891603648,0.05791013354876719,0.21808136649853355,0.5881792937569059,M14e_multiview_curated20_r3d80
Rq_nm,6072,M14h_nested_support_aware_selector,1.470114827156067,2.5705662850022364,2.410685848488639,1.2,0.940571021332572,1.6376506913227638,0.5904600885762961,1.0474918734348644,3.7738798235424134,1.3631939750537745,True,False,22,1.9322442708637013,True,0.02973663832883117,0.9078384626064411,0.9753451787181319,2.1562745148748856,1.7513740708882677,-0.02712856592321633,1.0,0.003551814115871099,0.009752792799130217,M14b_rheed_density_weighted
Rq_nm,6078,M14h_nested_support_aware_selector,2.0597975274126674,3.195745956243361,3.2291547666017553,1.2,1.1693572391890878,1.5322925944344299,0.6108168107220074,1.5849425571624345,4.873366976041076,1.6442122094393208,True,False,22,1.8730548856399658,True,0.3183134387658144,0.668331224024758,0.743634410138375,0.9724770642201427,1.172346429019086,-1.2517934989086172,1.0,0.03822477428421062,0.12152893575481127,M14f_multiview_curated40_r3d60
Rq_nm,6080,M14h_nested_support_aware_selector,4.336027222470414,2.592734575325444,2.531204350764672,1.2,1.804822871705742,1.3912813082362565,0.6364335732273871,1.12258976364497,3.9398189378843744,1.4086145871197022,False,False,22,1.6697981822372452,True,0.5414199510374109,0.7828659864661281,0.8375983722141789,1.3394495412840617,1.3452468132845339,-0.494537699212313,1.0,0.0443139905533308,0.1326076065566142,M14f_multiview_curated40_r3d60
Rq_nm,6081,M14h_nested_support_aware_selector,3.181477069854736,2.4081750509845192,2.233559009488216,1.2,0.9479180603665198,1.56196784568543,0.6021115036279584,0.0,5.363124465524862,3.129565456036646,True,False,22,1.7688434879771333,True,1.59544616274911,0.6699731525875137,0.9669459648652697,3.4316375059254143,1.8526331669295049,-0.047351520594129434,1.0,0.17813968076938813,0.4734259742965983,M14b_rheed_density_weighted
Rq_nm,6082,M14h_nested_support_aware_selector,1.863613247871399,2.7427492058617227,2.60749558822024,1.2,0.7438823403488413,1.6640401778041256,0.5854683983696227,0.0,5.321336044047864,2.7138404558276235,True,False,22,1.9311391111571297,True,1.0083696894546572,0.9645516510212903,0.9951802778817549,2.257679505995431,1.6963171316944552,0.1431461911639637,0.8666273663709073,0.13358810677166671,0.38440599893572247,M14b_rheed_density_weighted
Rq_nm,6084,M14h_nested_support_aware_selector,1.9596685775258926,3.590375385825147,3.6223135173686267,1.2,1.662644939842734,1.5400307760667784,0.609298090384932,1.5873254003395645,5.6573016343976885,2.0349881170290622,True,False,22,1.8578463125359592,True,0.686014954305041,0.6111868481336836,0.8241908883350287,2.721735425997602,1.5029239272225778,-0.48168616780876206,1.0,0.08375695579918632,0.2404254437940787,M14e_multiview_curated20_r3d80
Rq_nm,6085,M14h_nested_support_aware_selector,3.1255097083820487,4.226111925181699,4.506280830463586,1.2,1.3807711220815375,1.5009728869815038,0.6141586272931315,2.768525892818986,6.244035768108186,1.7377549376445998,True,False,22,1.7849988476800474,True,0.4494970921122055,0.7608374027216313,0.7950366422056891,1.7182105218609411,1.0329788607590067,-0.6570368820896003,1.0,0.042811727492121164,0.1136373550119576,M14f_multiview_curated40_r3d60
Rq_nm,6090,M14h_nested_support_aware_selector,4.685108184814453,6.307680914172261,7.056666196318084,1.2,2.371558011503631,1.3992287457380705,0.6347928950727426,4.555155883762184,9.558176508873984,2.5015103125559,True,False,22,1.6701808816146158,True,1.0497834158889103,0.9184305373182361,1.1083626990743956,5.5781393563572435,2.309046043117737,0.5642438646331475,0.5687900664838847,0.059901935389423365,0.1860335450565327,M14g_multiview_curated60_r3d40
Rq_nm,6094,M14h_nested_support_aware_selector,4.092223385079066,3.421684934643698,3.402737196823833,1.2,0.6894861882552332,1.6124570105100482,0.5923183471903097,1.3930713012040896,5.412403092443576,2.0096658956197433,True,False,22,1.8759006577657416,True,0.7014961026937185,0.8253430228985845,0.8798189276169041,1.9594030505603268,1.2755242608620796,-0.4622298971980687,1.0,0.08999331669731865,0.24237361421862436,M14b_rheed_density_weighted
Rq_nm,6095,M14h_nested_support_aware_selector,9.867135047912596,4.57533775055164,4.903345062607932,1.2,4.963789985304664,1.424784767018323,0.6295456937243384,3.384462866477337,6.422227258738527,1.5188821961305952,False,False,22,1.6951471513569174,True,0.4874531600620587,0.9065762240762578,0.9246964916532775,3.0699788813309867,1.6509470376843822,-0.31825892127709143,1.0,0.04434777551065215,0.12510805728857566,M14g_multiview_curated60_r3d40
Rq_nm,6099,M14h_nested_support_aware_selector,10.321437835693361,3.3310917714093784,3.2761225506003586,1.2,7.045315285093002,1.2776450797657906,0.6603619145416029,0.22610482115213992,6.326140280048577,3.0500177294482187,False,False,22,1.561465977588818,True,2.510521485452283,0.6379942856664902,0.7278280345507137,0.951681109185442,1.0551117640396086,-1.2832704743009133,1.0,0.2631076997564014,0.7123274859483357,M14b_rheed_density_weighted
Rq_nm,6101,M14h_nested_support_aware_selector,1.2270276091477796,2.3519530782565803,2.2009294485300277,1.2,0.9739018393822481,3.882166468902354,0.28680786347858156,0.0,62.49860316866346,60.29767372013343,True,False,22,1.810633133001506,True,61.586159244775075,11.193902536367013,11.564851400784462,46.60262008734036,43.72953941026902,55.29166230042766,9.708143063570135e-25,0.6011098855441939,1.7282215735417483,M14b_rheed_density_weighted
FSMI_nm,6022,M14h_nested_support_aware_selector,1.283204177965711,2.7235544116841783,2.5914711846275305,1.2,1.3082670066618194,1.4317390775704377,0.5815963563736598,0.0,7.216903367206772,4.6254321825792415,True,False,22,1.908905676104489,True,3.3127316023277418,1.4277915150252303,1.4346711497503188,3.4061135371181748,1.770139515599866,2.2109426742108544,0.10959728526982919,0.14649839105741647,0.4204670803527235,M14f_multiview_curated40_r3d60
FSMI_nm,6028,M14h_nested_support_aware_selector,4.936413231860014,3.961551178061704,4.099589228782017,1.2,0.8368240030779965,1.4288266895971722,0.5694408830091283,0.0,10.57316573247742,6.473576503695403,True,False,22,1.638552904481012,True,4.017053422933741,1.3892959248704397,1.4283284630357578,5.133824415794975,2.5146448536868973,2.244632180691996,0.10596650973454647,0.19677739035547623,0.574790526125607,M14b_rheed_density_weighted
FSMI_nm,6029,M14h_nested_support_aware_selector,2.2241852747386375,2.06720576132025,1.8943969255835615,1.2,0.32978834915507593,1.473046770376334,0.5725727567781161,0.0,10.699854131571028,8.805457205987466,True,False,22,1.677498652154859,True,6.288362030308886,1.6849710160778784,1.960534344311144,7.899998399803669,3.7922956507512,5.408792236674996,0.004477044157085056,0.11046736901355853,0.3470812300870523,M14b_rheed_density_weighted
FSMI_nm,6033,M14h_nested_support_aware_selector,2.1349665471520227,3.491113505659565,3.4830210580810217,1.2,1.348054510928999,1.4387284229463322,0.5800596105049644,0.0,6.979329609778714,3.496308551697692,True,False,22,1.6413492789698438,True,1.657085014038912,0.9123982500956862,0.9649114167648808,2.8502110613989142,1.827423610068692,0.017899707965845314,0.9822595402257981,0.1834253449862071,0.513423560350081,M14b_rheed_density_weighted
FSMI_nm,6047,M14h_nested_support_aware_selector,2.946047980770432,3.2675648786659606,3.3611449751931555,1.2,0.4150969944227234,1.4566766786297172,0.5632250587837204,0.0,6.914709236222414,3.5535642610292593,True,False,22,1.6361666795536707,True,1.2338010720707349,0.9190394611569475,0.9882415529208148,2.509565949082446,1.5503914652461885,-0.00830663027611683,1.0,0.1661526081327719,0.466447627369039,M14b_rheed_density_weighted
FSMI_nm,6048,M14h_nested_support_aware_selector,1.9658126479353135,2.3829639387848998,2.3868763268886277,1.2,0.4210636789533142,1.408320790577737,0.5867750650872854,0.0,7.037183748755883,4.6503074218672555,True,False,22,1.6768992036965584,True,3.079604687322518,1.2561304922650727,1.3202566310123431,4.618779341970763,2.1504456253429267,1.9738041701340763,0.13892734641889745,0.15589187434209642,0.4530078188213429,M14c_residual_self_paced
FSMI_nm,6056,M14h_nested_support_aware_selector,2.6635524818908394,2.53402474708364,2.498240337958582,1.2,0.16531214393225735,1.4760015410689982,0.5589518721369384,0.0,5.530967985604146,3.032727647645564,True,False,22,1.7017279366294105,True,0.8772767162185167,0.9534960664176152,1.0867607870520188,2.7094198350911043,1.445949647049424,0.6563977498659392,0.5187165196955683,0.02749853576535176,0.08105851089745686,M14b_rheed_density_weighted
FSMI_nm,6057,M14h_nested_support_aware_selector,4.20513929744002,3.4863407257765626,3.6419250689624807,1.2,0.5632142284775394,1.4230149084987378,0.5707466375829623,0.03292492082768117,7.25092521709728,3.6090001481347995,True,False,22,1.6134983095496187,True,1.656828668416055,0.9876133502031075,1.0095810759503905,2.1728547449218625,1.4782339760582663,0.12232649722904436,0.8848594171864868,0.1915461155946002,0.5445883655282331,M14b_rheed_density_weighted
FSMI_nm,6062,M14h_nested_support_aware_selector,2.919662839275907,2.73250071899913,2.6896060848455425,1.2,0.23005675443036466,1.4304562122059945,0.569075308587928,0.0,6.690431962661184,4.000825877815641,True,False,22,1.6221379909280036,True,1.637615771478817,1.0681210244562322,1.180005073443779,3.1121051160190056,2.0284500353427215,0.7490737394839023,0.4728042899259826,0.1304209976209721,0.3875239231152545,M14b_rheed_density_weighted
FSMI_nm,6063,M14h_nested_support_aware_selector,4.880341349767348,1.798778891436861,1.707835534323096,1.2,3.172505815444252,1.2381606167489618,0.6138781359473542,0.0,11.740833766187015,10.03299823186392,True,False,22,1.4087048004547367,True,9.147433296026309,2.789944881106354,2.8320193881403406,8.375553395840946,5.035528390580862,7.941338674256478,0.0003557299528918498,0.14672758463631433,0.4047960432660245,M14c_residual_self_paced
FSMI_nm,6070,M14h_nested_support_aware_selector,2.619825980056949,2.84772763076134,2.813030120028174,1.2,0.193204139971225,1.4583450954108836,0.5656251323709156,0.0,11.244061277145097,8.431031157116923,True,False,22,1.6749996101475946,True,4.382880123869201,1.3159531454921551,1.516811339097849,3.866666666666509,2.4395609982787962,2.848862891603648,0.05791013354876719,0.20102551521005094,0.5501011857907896,M14b_rheed_density_weighted
FSMI_nm,6072,M14h_nested_support_aware_selector,1.4268805447108657,2.142991949129816,2.0345675933382155,1.2,0.6076870486273498,1.4484235153165887,0.5779346730198848,0.3088840715690011,3.7602511151074296,1.7256835217692144,True,False,22,1.6815037531237365,True,0.10012315221092083,0.9078384626064411,0.9753451787181319,2.1562745148748856,1.7513740708882677,-0.02712856592321633,1.0,0.013249990288971772,0.03891564591620811,M14b_rheed_density_weighted
FSMI_nm,6078,M14h_nested_support_aware_selector,1.7124178830987482,2.7729223854385454,2.7083515730421066,1.2,0.9959336899433584,1.3948811738971585,0.5897678948454136,0.8603191631984857,4.556383982885728,1.848032409843621,True,False,22,1.6058355737079264,True,0.25629487651114613,0.668331224024758,0.743634410138375,0.9724770642201427,1.172346429019086,-1.2517934989086172,1.0,0.030779283512851325,0.0944626950416203,M14b_rheed_density_weighted
FSMI_nm,6080,M14h_nested_support_aware_selector,3.8146875917994403,2.372330574177192,2.284459437194036,1.2,1.5302281546054042,1.284789635434181,0.6027002323787007,0.2860969316853721,4.2828219427027,1.998362505508664,True,False,22,1.5431389027615836,True,0.5032275948623484,0.7828659864661281,0.8375983722141789,1.3394495412840617,1.3452468132845339,-0.494537699212313,1.0,0.044465974556290505,0.13411544193255376,M14b_rheed_density_weighted
FSMI_nm,6081,M14h_nested_support_aware_selector,2.064223001846959,2.032197819727796,1.9147662157689889,1.2,0.1494567860779703,1.4443498362825418,0.5788265782954596,0.0,5.793523447262923,3.8787572314939345,True,False,22,1.6329190858907467,True,1.6353948739793291,0.6699731525875137,0.9669459648652697,3.4316375059254143,1.8526331669295049,-0.047351520594129434,1.0,0.18420210453799513,0.49113527635331966,M14b_rheed_density_weighted
FSMI_nm,6082,M14h_nested_support_aware_selector,1.569797187543049,2.4105552467258353,2.3473960960539255,1.2,0.7775989085108765,1.463912644953767,0.5745559588524418,0.0,5.471873058777518,3.1244769627235933,True,False,22,1.6554075077302044,True,0.8104220721987714,0.9645516510212903,0.9951802778817549,2.257679505995431,1.6963171316944552,0.1431461911639637,0.8666273663709073,0.11250181579540684,0.33309885829163766,M14b_rheed_density_weighted
FSMI_nm,6084,M14h_nested_support_aware_selector,1.6004098868850862,2.434181170157708,2.371668043150582,1.2,0.7712581562654957,1.4456096898050153,0.578550594719587,0.0,5.151284580085548,2.7796165369349657,True,False,22,1.6685889452728104,True,0.7198792479379863,0.6111868481336836,0.8241908883350287,2.721735425997602,1.5029239272225778,-0.48168616780876206,1.0,0.09901851255277415,0.2793536370504459,M14b_rheed_density_weighted
FSMI_nm,6085,M14h_nested_support_aware_selector,2.455030747789686,3.31880107948009,3.3554476655113477,1.2,0.9004169177216617,1.3902316082900552,0.5908068433746406,1.3095492210338047,5.401346109988891,2.045898444477543,True,False,22,1.577645803900974,True,0.3381465872959287,0.7608374027216313,0.7950366422056891,1.7182105218609411,1.0329788607590067,-0.6570368820896003,1.0,0.03785582892335185,0.100717613206045,M14b_rheed_density_weighted
FSMI_nm,6090,M14h_nested_support_aware_selector,3.1749521180513365,6.043175991538858,7.023829811615885,1.2,3.8488776935645483,1.2484083676203492,0.6114039049082453,4.848963301539003,9.198696321692767,2.1748665100768823,False,False,22,1.451184730452938,True,1.0821684212642362,0.9184305373182361,1.1083626990743956,5.5781393563572435,2.309046043117737,0.5642438646331475,0.5687900664838847,0.07155086422848744,0.2207068838977313,M14a_regularized_alpha10
FSMI_nm,6094,M14h_nested_support_aware_selector,3.616631849567126,2.4877228002665523,2.574251796922651,1.2,1.042380052644475,1.4030324512482744,0.5752590588625779,0.660382733203742,4.48812086064156,1.9138690637189089,True,False,22,1.5877003891346164,True,0.5328535702130714,0.8253430228985845,0.8798189276169041,1.9594030505603268,1.2755242608620796,-0.4622298971980687,1.0,0.07041182470964241,0.1868552973198503,M14c_residual_self_paced
FSMI_nm,6095,M14h_nested_support_aware_selector,8.567125493610352,3.583956806798806,3.6973252437797544,1.2,4.869800249830597,1.2642102960038997,0.6076081958481131,2.6575322824599716,4.737118205099537,1.039792961319783,False,False,22,1.4980097801397154,True,0.3615780993944335,0.9065762240762578,0.9246964916532775,3.0699788813309867,1.6509470376843822,-0.31825892127709143,1.0,0.033086369159078324,0.09226266390792714,M14b_rheed_density_weighted
FSMI_nm,6099,M14h_nested_support_aware_selector,9.324230493376989,2.6950424795978254,2.682221104359752,1.2,6.642009389017237,1.1139988265799976,0.6446635604091947,0.0,5.8612323762436045,3.1790112718838524,False,False,22,1.29041313140138,True,2.055787122959078,0.6379942856664902,0.7278280345507137,0.951681109185442,1.0551117640396086,-1.2832704743009133,1.0,0.2197766567091507,0.5983492800748388,M14b_rheed_density_weighted
FSMI_nm,6101,M14h_nested_support_aware_selector,0.8380821497217993,1.3177280384649095,1.1686025388950836,1.2,0.3305203891732843,2.877011768192602,0.33652584558895154,0.0,81.77805838842362,80.60945584952853,True,False,22,1.568103733888807,True,62.73453863258769,11.193902536367013,11.564851400784462,46.60262008734036,43.72953941026902,55.29166230042766,9.708143063570135e-25,0.7455982766081393,2.2544532173491296,M14b_rheed_density_weighted
