cross_validation_fold,growth_run_id,method,island_feature_mae_z,island_feature_rmse_z,afm_prior_mahalanobis,held_real_afm_prior_mahalanobis,afm_likeness_percentile,held_real_likeness_percentile,boundary_ratio_q70_absolute_error,median_area_q70_log_absolute_error,component_count_q70_log_absolute_error,generated__log_component_count_q55,true__log_component_count_q55,generated__log_component_count_q70,true__log_component_count_q70,generated__log_component_count_q82,true__log_component_count_q82,generated__log_median_area_q55,true__log_median_area_q55,generated__log_median_area_q70,true__log_median_area_q70,generated__log_median_area_q82,true__log_median_area_q82,generated__median_solidity_q70,true__median_solidity_q70,generated__median_eccentricity_q70,true__median_eccentricity_q70,generated__boundary_gradient_ratio_q55,true__boundary_gradient_ratio_q55,generated__boundary_gradient_ratio_q70,true__boundary_gradient_ratio_q70,generated__boundary_gradient_ratio_q82,true__boundary_gradient_ratio_q82,generated__log_valley_component_count_q18,true__log_valley_component_count_q18,generated__log_valley_median_area_q18,true__log_valley_median_area_q18,generated__gradient_p90,true__gradient_p90,generated__laplacian_rms,true__laplacian_rms,generated__flat_fraction,true__flat_fraction
0,6022,M10_dense_island_spectral_pareto,1.6813076650456065,2.116031320467401,4.159915375735234,7.230646592150729,14.814814814814815,7.407407407407407,0.1807042956352234,1.113968582011875,0.37360720091511057,2.4814223151299535,1.9459101490553132,2.858513850703111,2.4849066497880004,3.1567740231385475,2.833213344056216,3.0677824455408693,3.8918202981106265,3.4078199950371655,4.5217885770490405,3.4782727215757845,3.912023005428146,0.895435612634502,0.875,0.8184777625717516,0.8332163932399214,1.3192960023880005,1.4820700883865356,1.3104220032691956,1.491126298904419,1.2620753049850464,1.3911908864974976,3.2188758248682006,2.6390573296152584,3.564648774464686,4.343805421853684,0.4912300407886505,0.5511141419410706,0.220249243080616,0.2186577022075653,0.077667236328125,0.2662353515625
0,6022,M16b_baseline_dense_microisland_terrace,1.6250270018143633,2.097845278943763,4.309075435480445,7.230646592150729,11.11111111111111,7.407407407407407,0.12220048904418945,1.1332500993790302,0.3179943833599981,2.5619819897016294,1.9459101490553132,2.8029010331479984,2.4849066497880004,3.113268334643733,2.833213344056216,3.2483874950929312,3.8918202981106265,3.3885384776700103,4.5217885770490405,3.594961085372904,3.912023005428146,0.9118135252057922,0.875,0.8154748745549432,0.8332163932399214,1.3932825326919556,1.4820700883865356,1.3689258098602295,1.491126298904419,1.3052774667739868,1.3911908864974976,3.218075184184714,2.6390573296152584,3.4923581600591325,4.343805421853684,0.48419390618801117,0.5511141419410706,0.1956869661808014,0.2186577022075653,0.073883056640625,0.2662353515625
0,6022,M17a_fixed_sparse_peak_terrace,1.6974941444168428,2.139617215037812,3.9519047587755685,7.230646592150729,14.814814814814815,7.407407407407407,0.12816256284713745,0.8648451612323096,0.3430892556219258,2.5619819897016294,1.9459101490553132,2.827995905409926,2.4849066497880004,3.091042453358316,2.833213344056216,3.394485871496085,3.8918202981106265,3.656943415816731,4.5217885770490405,3.545038417888046,3.912023005428146,0.9064802108912321,0.875,0.7728798092335427,0.8332163932399214,1.3828814029693604,1.4820700883865356,1.3629637360572815,1.491126298904419,1.2760870456695557,1.3911908864974976,3.2769667020129054,2.6390573296152584,3.5015327293932312,4.343805421853684,0.4886568784713745,0.5511141419410706,0.20848776400089264,0.2186577022075653,0.07501220703125,0.2662353515625
0,6022,M17b_topology_sparse_peak_terrace,1.6969690110959155,2.1388882433905616,3.9510658629131568,7.230646592150729,14.814814814814815,7.407407407407407,0.12824374437332153,0.8648451612323096,0.3430892556219258,2.5619819897016294,1.9459101490553132,2.827995905409926,2.4849066497880004,3.091042453358316,2.833213344056216,3.394485871496085,3.8918202981106265,3.656943415816731,4.5217885770490405,3.545038417888046,3.912023005428146,0.9064802108912321,0.875,0.7728798092335427,0.8332163932399214,1.38313490152359,1.4820700883865356,1.3628825545310974,1.491126298904419,1.2764570116996765,1.3911908864974976,3.2769667020129054,2.6390573296152584,3.5015327293932312,4.343805421853684,0.4887135773897171,0.5511141419410706,0.2084364965558052,0.2186577022075653,0.07513427734375,0.2662353515625
0,6022,M17c_topology_sparse_finetexture_terrace,1.7241712694254363,2.2151957276501215,4.65287706515332,7.230646592150729,7.407407407407407,7.407407407407407,0.1380900740623474,1.1755916429940494,0.3913796696248162,2.470821211304652,1.9459101490553132,2.8762863194128165,2.4849066497880004,3.1354942159291497,2.833213344056216,3.198464827608073,3.8918202981106265,3.346196934054991,4.5217885770490405,3.2975486102300895,3.912023005428146,0.8955344729524772,0.875,0.8125320242392469,0.8332163932399214,1.3766837120056152,1.4820700883865356,1.3530362248420715,1.491126298904419,1.261827290058136,1.3911908864974976,3.3140206880897667,2.6390573296152584,3.4965075614664807,4.343805421853684,0.49593015015125275,0.5511141419410706,0.22215888649225235,0.2186577022075653,0.070159912109375,0.2662353515625
0,6022,M17d_multiscale_texture_no_peak_terrace,1.6130320485684986,2.129264303583824,4.495131534135487,7.230646592150729,11.11111111111111,7.407407407407407,0.14842146635055542,1.1444865273050593,0.3143043297111867,2.470821211304652,1.9459101490553132,2.799210979499187,2.4849066497880004,3.1549591391132585,2.833213344056216,3.0868930519509683,3.8918202981106265,3.377302049743981,4.5217885770490405,3.4796992560669877,3.912023005428146,0.8919468644250846,0.875,0.8312920769888628,0.8332163932399214,1.3751572966575623,1.4820700883865356,1.3427048325538635,1.491126298904419,1.256216585636139,1.3911908864974976,3.331566347995402,2.6390573296152584,3.5400132499612953,4.343805421853684,0.4982164204120636,0.5511141419410706,0.22745927423238754,0.2186577022075653,0.068634033203125,0.2662353515625
0,6022,M17e_broad_sparse_peak_terrace,1.6480570210367715,2.104475972275876,4.07461421172583,7.230646592150729,14.814814814814815,7.407407407407407,0.12962061166763306,0.7673949917319023,0.2798078939677109,2.5184763012068148,1.9459101490553132,2.7647145437557112,2.4849066497880004,3.0677824455408693,2.833213344056216,3.2769667020129054,3.8918202981106265,3.754393585317138,4.5217885770490405,3.5654494151481733,3.912023005428146,0.9035714285714286,0.875,0.7790114923722985,0.8332163932399214,1.3828945755958557,1.4820700883865356,1.3615056872367859,1.491126298904419,1.291766345500946,1.3911908864974976,3.257356345436265,2.6390573296152584,3.4538776394910684,4.343805421853684,0.4883204698562622,0.5511141419410706,0.20398636907339096,0.2186577022075653,0.076019287109375,0.2662353515625
0,6022,M17f_broad_sparse_finetexture_terrace,1.6562899954514172,2.116464763558157,3.8241269373085434,7.230646592150729,14.814814814814815,7.407407407407407,0.13400495052337646,1.113968582011875,0.4236489301936017,2.4814223151299535,1.9459101490553132,2.908555579981602,2.4849066497880004,3.1354942159291497,2.833213344056216,3.394485871496085,3.8918202981106265,3.4078199950371655,4.5217885770490405,3.584482515551402,3.912023005428146,0.9079670329670331,0.875,0.8052485937308793,0.8332163932399214,1.3813312649726868,1.4820700883865356,1.3571213483810425,1.491126298904419,1.2729610204696655,1.3911908864974976,3.295836866004329,2.6390573296152584,3.5015327293932312,4.343805421853684,0.4911944568157196,0.5511141419410706,0.21363073587417603,0.2186577022075653,0.073486328125,0.2662353515625
0,6022,M17g_moderate_broad_topology_terrace,1.747092005426556,2.208894249682627,4.091156800376893,7.230646592150729,14.814814814814815,7.407407407407407,0.12869787216186523,0.9809342839962527,0.35688323388134036,2.4814223151299535,1.9459101490553132,2.8417898836693407,2.4849066497880004,3.1354942159291497,2.833213344056216,3.394485871496085,3.8918202981106265,3.5408542930527878,4.5217885770490405,3.575350728796263,3.912023005428146,0.9072311990335247,0.875,0.760828905458041,0.8332163932399214,1.3836809396743774,1.4820700883865356,1.3624284267425537,1.491126298904419,1.2798210978507996,1.3911908864974976,3.295836866004329,2.6390573296152584,3.4782727215757845,4.343805421853684,0.4896368384361267,0.5511141419410706,0.20917870849370956,0.2186577022075653,0.075347900390625,0.2662353515625
0,6022,M17h_hierarchical_sparse_island_terrace,1.6615910255037107,2.091801607184336,3.787052073719166,7.230646592150729,14.814814814814815,7.407407407407407,0.13012999296188354,1.0103545340077194,0.37360720091511057,2.5619819897016294,1.9459101490553132,2.858513850703111,2.4849066497880004,3.1967953769753157,2.833213344056216,3.436581917106259,3.8918202981106265,3.511434043041321,4.5217885770490405,3.5345117132891293,3.912023005428146,0.910701754385965,0.875,0.7960537317849153,0.8332163932399214,1.3872959613800049,1.4820700883865356,1.3609963059425354,1.491126298904419,1.2939299941062927,1.3911908864974976,3.257356345436265,2.6390573296152584,3.528733776105232,4.343805421853684,0.49111776053905487,0.5511141419410706,0.2110375165939331,0.2186577022075653,0.0765380859375,0.2662353515625
0,6022,M17i_soft_hierarchical_island_terrace,1.681734694822099,2.1347525693929694,3.905043168667956,7.230646592150729,14.814814814814815,7.407407407407407,0.1396847367286682,1.056052674249314,0.39925384810888565,2.5619819897016294,1.9459101490553132,2.884160497896886,2.4849066497880004,3.1780538303479458,2.833213344056216,3.4440313228182005,3.8918202981106265,3.4657359027997265,4.5217885770490405,3.5192821095467757,3.912023005428146,0.9115384615384616,0.875,0.8053825797381269,0.8332163932399214,1.382090985774994,1.4820700883865356,1.3514415621757507,1.491126298904419,1.276276707649231,1.3911908864974976,3.295836866004329,2.6390573296152584,3.4965075614664807,4.343805421853684,0.49321720004081726,0.5511141419410706,0.2170216217637062,0.2186577022075653,0.0732421875,0.2662353515625
1,6028,M10_dense_island_spectral_pareto,1.3814236030574845,1.62280447619081,4.482363569232459,2.3343683930115557,14.814814814814815,70.37037037037037,0.18252038955688477,0.7228649610770681,0.32850406697203605,2.3937458713910233,2.3978952727983707,2.8903717578961645,3.2188758248682006,3.1457845697791598,3.4339872044851463,3.310036603265178,4.7140245909001735,3.6838542861871852,4.406719247264253,3.4011973816621555,4.102643365036796,0.9077460106382979,0.8669724770642202,0.816496580927726,0.8187819961961784,1.3194454908370972,1.2051212787628174,1.297902226448059,1.1153818368911743,1.2902958393096924,0.9653605818748474,3.1567740231385475,3.7612001156935624,3.40064151723581,3.7013019741124933,0.47364045679569244,0.6298157572746277,0.2037796974182129,0.2675158679485321,0.08367919921875,0.10345458984375
1,6028,M16b_baseline_dense_microisland_terrace,1.7785966614972444,2.1615437439188976,4.661505860126354,2.3343683930115557,11.11111111111111,70.37037037037037,0.45441752672195435,0.7674047761039118,0.43853500936043677,2.2499048351651325,2.3978952727983707,2.780340815507764,3.2188758248682006,3.113268334643733,3.4339872044851463,3.5524827241349213,4.7140245909001735,3.6393144711603416,4.406719247264253,3.7461015213093707,4.102643365036796,0.9217914438502673,0.8669724770642202,0.7875566508467597,0.8187819961961784,1.6404894590377808,1.2051212787628174,1.5697993636131287,1.1153818368911743,1.396624207496643,0.9653605818748474,3.255129170261575,3.7612001156935624,3.7488808503112843,3.7013019741124933,0.4908810555934906,0.6298157572746277,0.18776391446590424,0.2675158679485321,0.132171630859375,0.10345458984375
1,6028,M17a_fixed_sparse_peak_terrace,1.7785966614972444,2.1615437439188976,4.661505860126354,2.3343683930115557,11.11111111111111,70.37037037037037,0.45441752672195435,0.7674047761039118,0.43853500936043677,2.2499048351651325,2.3978952727983707,2.780340815507764,3.2188758248682006,3.113268334643733,3.4339872044851463,3.5524827241349213,4.7140245909001735,3.6393144711603416,4.406719247264253,3.7461015213093707,4.102643365036796,0.9217914438502673,0.8669724770642202,0.7875566508467597,0.8187819961961784,1.6404894590377808,1.2051212787628174,1.5697993636131287,1.1153818368911743,1.396624207496643,0.9653605818748474,3.255129170261575,3.7612001156935624,3.7488808503112843,3.7013019741124933,0.4908810555934906,0.6298157572746277,0.18776391446590424,0.2675158679485321,0.132171630859375,0.10345458984375
1,6028,M17b_topology_sparse_peak_terrace,1.7785966614972444,2.1615437439188976,4.661505860126354,2.3343683930115557,11.11111111111111,70.37037037037037,0.45441752672195435,0.7674047761039118,0.43853500936043677,2.2499048351651325,2.3978952727983707,2.780340815507764,3.2188758248682006,3.113268334643733,3.4339872044851463,3.5524827241349213,4.7140245909001735,3.6393144711603416,4.406719247264253,3.7461015213093707,4.102643365036796,0.9217914438502673,0.8669724770642202,0.7875566508467597,0.8187819961961784,1.6404894590377808,1.2051212787628174,1.5697993636131287,1.1153818368911743,1.396624207496643,0.9653605818748474,3.255129170261575,3.7612001156935624,3.7488808503112843,3.7013019741124933,0.4908810555934906,0.6298157572746277,0.18776391446590424,0.2675158679485321,0.132171630859375,0.10345458984375
1,6028,M17c_topology_sparse_finetexture_terrace,1.7785966614972444,2.1615437439188976,4.661505860126354,2.3343683930115557,11.11111111111111,70.37037037037037,0.45441752672195435,0.7674047761039118,0.43853500936043677,2.2499048351651325,2.3978952727983707,2.780340815507764,3.2188758248682006,3.113268334643733,3.4339872044851463,3.5524827241349213,4.7140245909001735,3.6393144711603416,4.406719247264253,3.7461015213093707,4.102643365036796,0.9217914438502673,0.8669724770642202,0.7875566508467597,0.8187819961961784,1.6404894590377808,1.2051212787628174,1.5697993636131287,1.1153818368911743,1.396624207496643,0.9653605818748474,3.255129170261575,3.7612001156935624,3.7488808503112843,3.7013019741124933,0.4908810555934906,0.6298157572746277,0.18776391446590424,0.2675158679485321,0.132171630859375,0.10345458984375
1,6028,M17d_multiscale_texture_no_peak_terrace,1.7785966614972444,2.1615437439188976,4.661505860126354,2.3343683930115557,11.11111111111111,70.37037037037037,0.45441752672195435,0.7674047761039118,0.43853500936043677,2.2499048351651325,2.3978952727983707,2.780340815507764,3.2188758248682006,3.113268334643733,3.4339872044851463,3.5524827241349213,4.7140245909001735,3.6393144711603416,4.406719247264253,3.7461015213093707,4.102643365036796,0.9217914438502673,0.8669724770642202,0.7875566508467597,0.8187819961961784,1.6404894590377808,1.2051212787628174,1.5697993636131287,1.1153818368911743,1.396624207496643,0.9653605818748474,3.255129170261575,3.7612001156935624,3.7488808503112843,3.7013019741124933,0.4908810555934906,0.6298157572746277,0.18776391446590424,0.2675158679485321,0.132171630859375,0.10345458984375
1,6028,M17e_broad_sparse_peak_terrace,1.7785966614972444,2.1615437439188976,4.661505860126354,2.3343683930115557,11.11111111111111,70.37037037037037,0.45441752672195435,0.7674047761039118,0.43853500936043677,2.2499048351651325,2.3978952727983707,2.780340815507764,3.2188758248682006,3.113268334643733,3.4339872044851463,3.5524827241349213,4.7140245909001735,3.6393144711603416,4.406719247264253,3.7461015213093707,4.102643365036796,0.9217914438502673,0.8669724770642202,0.7875566508467597,0.8187819961961784,1.6404894590377808,1.2051212787628174,1.5697993636131287,1.1153818368911743,1.396624207496643,0.9653605818748474,3.255129170261575,3.7612001156935624,3.7488808503112843,3.7013019741124933,0.4908810555934906,0.6298157572746277,0.18776391446590424,0.2675158679485321,0.132171630859375,0.10345458984375
1,6028,M17f_broad_sparse_finetexture_terrace,1.7785966614972444,2.1615437439188976,4.661505860126354,2.3343683930115557,11.11111111111111,70.37037037037037,0.45441752672195435,0.7674047761039118,0.43853500936043677,2.2499048351651325,2.3978952727983707,2.780340815507764,3.2188758248682006,3.113268334643733,3.4339872044851463,3.5524827241349213,4.7140245909001735,3.6393144711603416,4.406719247264253,3.7461015213093707,4.102643365036796,0.9217914438502673,0.8669724770642202,0.7875566508467597,0.8187819961961784,1.6404894590377808,1.2051212787628174,1.5697993636131287,1.1153818368911743,1.396624207496643,0.9653605818748474,3.255129170261575,3.7612001156935624,3.7488808503112843,3.7013019741124933,0.4908810555934906,0.6298157572746277,0.18776391446590424,0.2675158679485321,0.132171630859375,0.10345458984375
1,6028,M17g_moderate_broad_topology_terrace,1.7785966614972444,2.1615437439188976,4.661505860126354,2.3343683930115557,11.11111111111111,70.37037037037037,0.45441752672195435,0.7674047761039118,0.43853500936043677,2.2499048351651325,2.3978952727983707,2.780340815507764,3.2188758248682006,3.113268334643733,3.4339872044851463,3.5524827241349213,4.7140245909001735,3.6393144711603416,4.406719247264253,3.7461015213093707,4.102643365036796,0.9217914438502673,0.8669724770642202,0.7875566508467597,0.8187819961961784,1.6404894590377808,1.2051212787628174,1.5697993636131287,1.1153818368911743,1.396624207496643,0.9653605818748474,3.255129170261575,3.7612001156935624,3.7488808503112843,3.7013019741124933,0.4908810555934906,0.6298157572746277,0.18776391446590424,0.2675158679485321,0.132171630859375,0.10345458984375
1,6028,M17h_hierarchical_sparse_island_terrace,1.7785966614972444,2.1615437439188976,4.661505860126354,2.3343683930115557,11.11111111111111,70.37037037037037,0.45441752672195435,0.7674047761039118,0.43853500936043677,2.2499048351651325,2.3978952727983707,2.780340815507764,3.2188758248682006,3.113268334643733,3.4339872044851463,3.5524827241349213,4.7140245909001735,3.6393144711603416,4.406719247264253,3.7461015213093707,4.102643365036796,0.9217914438502673,0.8669724770642202,0.7875566508467597,0.8187819961961784,1.6404894590377808,1.2051212787628174,1.5697993636131287,1.1153818368911743,1.396624207496643,0.9653605818748474,3.255129170261575,3.7612001156935624,3.7488808503112843,3.7013019741124933,0.4908810555934906,0.6298157572746277,0.18776391446590424,0.2675158679485321,0.132171630859375,0.10345458984375
1,6028,M17i_soft_hierarchical_island_terrace,1.7785966614972444,2.1615437439188976,4.661505860126354,2.3343683930115557,11.11111111111111,70.37037037037037,0.45441752672195435,0.7674047761039118,0.43853500936043677,2.2499048351651325,2.3978952727983707,2.780340815507764,3.2188758248682006,3.113268334643733,3.4339872044851463,3.5524827241349213,4.7140245909001735,3.6393144711603416,4.406719247264253,3.7461015213093707,4.102643365036796,0.9217914438502673,0.8669724770642202,0.7875566508467597,0.8187819961961784,1.6404894590377808,1.2051212787628174,1.5697993636131287,1.1153818368911743,1.396624207496643,0.9653605818748474,3.255129170261575,3.7612001156935624,3.7488808503112843,3.7013019741124933,0.4908810555934906,0.6298157572746277,0.18776391446590424,0.2675158679485321,0.132171630859375,0.10345458984375
2,6029,M10_dense_island_spectral_pareto,1.4327755259717168,1.640444715133059,3.5256020670713966,2.3838947757800972,22.22222222222222,70.37037037037037,0.1254788637161255,1.0434575498350345,0.6007738604289301,2.1972245773362196,2.4849066497880004,2.833213344056216,3.4339872044851463,2.884160497896886,3.5263605246161616,2.9925974670471933,4.848116364598481,3.3447996345894833,4.388257184424518,3.7365345440160986,4.197201947661808,0.9155639267201133,0.8620689655172413,0.7925992771658013,0.8168899108266634,1.351113200187683,1.330017328262329,1.3674647808074951,1.2419859170913696,1.326417326927185,1.154369592666626,3.2059091338549486,3.6375861597263857,3.8543175796724825,3.58351893845611,0.47248588502407074,0.6206924915313721,0.2043272703886032,0.28249117732048035,0.085723876953125,0.08056640625
2,6029,M16b_baseline_dense_microisland_terrace,1.9338478810480744,2.0670146912535494,5.076658737707061,2.3838947757800972,11.11111111111111,70.37037037037037,0.3638623356819153,0.8132987663584634,0.992586243191961,1.9459101490553132,2.4849066497880004,2.4414009612931853,3.4339872044851463,2.9144728088051037,3.5263605246161616,3.359959270750036,4.848116364598481,3.5749584180660543,4.388257184424518,3.921532008346027,4.197201947661808,0.9089558502601981,0.8620689655172413,0.7883050320447827,0.8168899108266634,1.6935301423072815,1.330017328262329,1.605848252773285,1.2419859170913696,1.4214513897895813,1.154369592666626,3.0342127941220554,3.6375861597263857,4.022794140401764,3.58351893845611,0.48105980455875397,0.6206924915313721,0.18914064019918442,0.28249117732048035,0.140716552734375,0.08056640625
2,6029,M17a_fixed_sparse_peak_terrace,1.9342980235387903,2.067882921646306,5.081822721808233,2.3838947757800972,11.11111111111111,70.37037037037037,0.3638869524002075,0.8132987663584634,0.992586243191961,1.9459101490553132,2.4849066497880004,2.4414009612931853,3.4339872044851463,2.9144728088051037,3.5263605246161616,3.359959270750036,4.848116364598481,3.5749584180660543,4.388257184424518,3.921532008346027,4.197201947661808,0.9089558502601981,0.8620689655172413,0.7883050320447827,0.8168899108266634,1.6941405534744263,1.330017328262329,1.6058728694915771,1.2419859170913696,1.4217770099639893,1.154369592666626,3.0342127941220554,3.6375861597263857,4.022794140401764,3.58351893845611,0.48108600080013275,0.6206924915313721,0.1891661360859871,0.28249117732048035,0.140655517578125,0.08056640625
2,6029,M17b_topology_sparse_peak_terrace,1.9342960859108376,2.0678785026795605,5.081793707082006,2.3838947757800972,11.11111111111111,70.37037037037037,0.3638826012611389,0.8132987663584634,0.992586243191961,1.9459101490553132,2.4849066497880004,2.4414009612931853,3.4339872044851463,2.9144728088051037,3.5263605246161616,3.359959270750036,4.848116364598481,3.5749584180660543,4.388257184424518,3.921532008346027,4.197201947661808,0.9089558502601981,0.8620689655172413,0.7883050320447827,0.8168899108266634,1.6941386461257935,1.330017328262329,1.6058685183525085,1.2419859170913696,1.421778917312622,1.154369592666626,3.0342127941220554,3.6375861597263857,4.022794140401764,3.58351893845611,0.48108550906181335,0.6206924915313721,0.18916576355695724,0.28249117732048035,0.140655517578125,0.08056640625
2,6029,M17c_topology_sparse_finetexture_terrace,1.9341878940593666,2.0677339276722777,5.081276982506135,2.3838947757800972,11.11111111111111,70.37037037037037,0.363778293132782,0.8132987663584634,0.992586243191961,1.9459101490553132,2.4849066497880004,2.4414009612931853,3.4339872044851463,2.9144728088051037,3.5263605246161616,3.359959270750036,4.848116364598481,3.5749584180660543,4.388257184424518,3.921532008346027,4.197201947661808,0.9089558502601981,0.8620689655172413,0.7883050320447827,0.8168899108266634,1.6941127181053162,1.330017328262329,1.6057642102241516,1.2419859170913696,1.4217479825019836,1.154369592666626,3.0342127941220554,3.6375861597263857,4.022794140401764,3.58351893845611,0.4810909032821655,0.6206924915313721,0.1891823559999466,0.28249117732048035,0.140655517578125,0.08056640625
2,6029,M17d_multiscale_texture_no_peak_terrace,1.9370517292014653,2.069740224223298,5.085268754090164,2.3838947757800972,11.11111111111111,70.37037037037037,0.3643984794616699,0.8132987663584634,0.992586243191961,1.9459101490553132,2.4849066497880004,2.4414009612931853,3.4339872044851463,2.9144728088051037,3.5263605246161616,3.359959270750036,4.848116364598481,3.5749584180660543,4.388257184424518,3.921532008346027,4.197201947661808,0.9089558502601981,0.8620689655172413,0.7873719277855303,0.8168899108266634,1.694098174571991,1.330017328262329,1.6063843965530396,1.2419859170913696,1.4217432141304016,1.154369592666626,3.0342127941220554,3.6375861597263857,4.022794140401764,3.58351893845611,0.48110273480415344,0.6206924915313721,0.1891879066824913,0.28249117732048035,0.14068603515625,0.08056640625
2,6029,M17e_broad_sparse_peak_terrace,1.9343693586995465,2.0679560083264072,5.0819491015113085,2.3838947757800972,11.11111111111111,70.37037037037037,0.3639006018638611,0.8132987663584634,0.992586243191961,1.9459101490553132,2.4849066497880004,2.4414009612931853,3.4339872044851463,2.9144728088051037,3.5263605246161616,3.359959270750036,4.848116364598481,3.5749584180660543,4.388257184424518,3.921532008346027,4.197201947661808,0.9089558502601981,0.8620689655172413,0.7883050320447827,0.8168899108266634,1.694165289402008,1.330017328262329,1.6058865189552307,1.2419859170913696,1.4217852354049683,1.154369592666626,3.0342127941220554,3.6375861597263857,4.022794140401764,3.58351893845611,0.4810807704925537,0.6206924915313721,0.1891651451587677,0.28249117732048035,0.14068603515625,0.08056640625
2,6029,M17f_broad_sparse_finetexture_terrace,1.9343046621501503,2.067869280744489,5.0816163088352155,2.3838947757800972,11.11111111111111,70.37037037037037,0.36387187242507935,0.8132987663584634,0.992586243191961,1.9459101490553132,2.4849066497880004,2.4414009612931853,3.4339872044851463,2.9144728088051037,3.5263605246161616,3.359959270750036,4.848116364598481,3.5749584180660543,4.388257184424518,3.921532008346027,4.197201947661808,0.9089558502601981,0.8620689655172413,0.7883050320447827,0.8168899108266634,1.694134533405304,1.330017328262329,1.605857789516449,1.2419859170913696,1.4217602014541626,1.154369592666626,3.0342127941220554,3.6375861597263857,4.022794140401764,3.58351893845611,0.4810898005962372,0.6206924915313721,0.18917491286993027,0.28249117732048035,0.14068603515625,0.08056640625
2,6029,M17g_moderate_broad_topology_terrace,1.9342938058394918,2.0678830426596724,5.081866753693115,2.3838947757800972,11.11111111111111,70.37037037037037,0.3638826608657837,0.8132987663584634,0.992586243191961,1.9459101490553132,2.4849066497880004,2.4414009612931853,3.4339872044851463,2.9144728088051037,3.5263605246161616,3.359959270750036,4.848116364598481,3.5749584180660543,4.388257184424518,3.921532008346027,4.197201947661808,0.9089558502601981,0.8620689655172413,0.7883050320447827,0.8168899108266634,1.6941474676132202,1.330017328262329,1.6058685779571533,1.2419859170913696,1.4217720031738281,1.154369592666626,3.0342127941220554,3.6375861597263857,4.022794140401764,3.58351893845611,0.4810873568058014,0.6206924915313721,0.1891692727804184,0.28249117732048035,0.140655517578125,0.08056640625
2,6029,M17h_hierarchical_sparse_island_terrace,1.93405626205825,2.067220869536994,5.076229564881251,2.3838947757800972,11.11111111111111,70.37037037037037,0.3634706735610962,0.8132987663584634,0.992586243191961,1.9459101490553132,2.4849066497880004,2.4414009612931853,3.4339872044851463,2.9144728088051037,3.5263605246161616,3.359959270750036,4.848116364598481,3.5749584180660543,4.388257184424518,3.921532008346027,4.197201947661808,0.9089558502601981,0.8620689655172413,0.7883050320447827,0.8168899108266634,1.6936622262001038,1.330017328262329,1.6054565906524658,1.2419859170913696,1.4224717020988464,1.154369592666626,3.0342127941220554,3.6375861597263857,4.022794140401764,3.58351893845611,0.4810883104801178,0.6206924915313721,0.1891746073961258,0.28249117732048035,0.140655517578125,0.08056640625
2,6029,M17i_soft_hierarchical_island_terrace,1.9339236987638218,2.067195906299521,5.077570868577897,2.3838947757800972,11.11111111111111,70.37037037037037,0.36387407779693604,0.8132987663584634,0.992586243191961,1.9459101490553132,2.4849066497880004,2.4414009612931853,3.4339872044851463,2.9144728088051037,3.5263605246161616,3.359959270750036,4.848116364598481,3.5749584180660543,4.388257184424518,3.921532008346027,4.197201947661808,0.9089558502601981,0.8620689655172413,0.7883050320447827,0.8168899108266634,1.6936375498771667,1.330017328262329,1.6058599948883057,1.2419859170913696,1.4217633605003357,1.154369592666626,3.0342127941220554,3.6375861597263857,4.022794140401764,3.58351893845611,0.48109106719493866,0.6206924915313721,0.1891801729798317,0.28249117732048035,0.140655517578125,0.08056640625
3,6033,M10_dense_island_spectral_pareto,1.1340663137038625,1.3358438924422453,3.7771512254453703,2.4278038394743167,18.51851851851852,62.96296296296296,0.12618684768676758,0.8983007537491856,0.6164801705995937,2.4849066497880004,2.6390573296152584,2.93886789088982,3.5553480614894135,3.091042453358316,3.5263605246161616,3.473487996067709,4.976733742420574,3.612558752767664,4.51085950651685,3.699393137709974,4.069026754237811,0.8833806818181817,0.8677156177156178,0.7834797832332991,0.7928278926368593,1.3506982922554016,1.3430805206298828,1.3647199869155884,1.2385331392288208,1.3352898955345154,1.2252105474472046,3.1967953769753157,3.713572066704308,3.3379116108174243,3.5263605246161616,0.4945964366197586,0.6502653956413269,0.2123357653617859,0.29801705479621887,0.084320068359375,0.07080078125
3,6033,M16b_baseline_dense_microisland_terrace,1.6450147563638198,1.8559865154722144,5.498440377220689,2.4278038394743167,11.11111111111111,62.96296296296296,0.3616577386856079,0.8609608231377694,0.5119606980332603,2.5184763012068148,2.6390573296152584,3.0433873634561532,3.5553480614894135,3.1771850203986753,3.5263605246161616,3.901921651769386,4.976733742420574,3.6498986833790803,4.51085950651685,3.83846857290904,4.069026754237811,0.9256431912681913,0.8677156177156178,0.7454441617674974,0.7928278926368593,1.661852478981018,1.3430805206298828,1.6001908779144287,1.2385331392288208,1.4400502443313599,1.2252105474472046,3.198464827608073,3.713572066704308,3.4652473829758135,3.5263605246161616,0.5126566588878632,0.6502653956413269,0.199564591050148,0.29801705479621887,0.13616943359375,0.07080078125
3,6033,M17a_fixed_sparse_peak_terrace,1.6450147563638198,1.8559865154722144,5.498440377220689,2.4278038394743167,11.11111111111111,62.96296296296296,0.3616577386856079,0.8609608231377694,0.5119606980332603,2.5184763012068148,2.6390573296152584,3.0433873634561532,3.5553480614894135,3.1771850203986753,3.5263605246161616,3.901921651769386,4.976733742420574,3.6498986833790803,4.51085950651685,3.83846857290904,4.069026754237811,0.9256431912681913,0.8677156177156178,0.7454441617674974,0.7928278926368593,1.661852478981018,1.3430805206298828,1.6001908779144287,1.2385331392288208,1.4400502443313599,1.2252105474472046,3.198464827608073,3.713572066704308,3.4652473829758135,3.5263605246161616,0.5126566588878632,0.6502653956413269,0.199564591050148,0.29801705479621887,0.13616943359375,0.07080078125
3,6033,M17b_topology_sparse_peak_terrace,1.6450147563638198,1.8559865154722144,5.498440377220689,2.4278038394743167,11.11111111111111,62.96296296296296,0.3616577386856079,0.8609608231377694,0.5119606980332603,2.5184763012068148,2.6390573296152584,3.0433873634561532,3.5553480614894135,3.1771850203986753,3.5263605246161616,3.901921651769386,4.976733742420574,3.6498986833790803,4.51085950651685,3.83846857290904,4.069026754237811,0.9256431912681913,0.8677156177156178,0.7454441617674974,0.7928278926368593,1.661852478981018,1.3430805206298828,1.6001908779144287,1.2385331392288208,1.4400502443313599,1.2252105474472046,3.198464827608073,3.713572066704308,3.4652473829758135,3.5263605246161616,0.5126566588878632,0.6502653956413269,0.199564591050148,0.29801705479621887,0.13616943359375,0.07080078125
3,6033,M17c_topology_sparse_finetexture_terrace,1.6450147563638198,1.8559865154722144,5.498440377220689,2.4278038394743167,11.11111111111111,62.96296296296296,0.3616577386856079,0.8609608231377694,0.5119606980332603,2.5184763012068148,2.6390573296152584,3.0433873634561532,3.5553480614894135,3.1771850203986753,3.5263605246161616,3.901921651769386,4.976733742420574,3.6498986833790803,4.51085950651685,3.83846857290904,4.069026754237811,0.9256431912681913,0.8677156177156178,0.7454441617674974,0.7928278926368593,1.661852478981018,1.3430805206298828,1.6001908779144287,1.2385331392288208,1.4400502443313599,1.2252105474472046,3.198464827608073,3.713572066704308,3.4652473829758135,3.5263605246161616,0.5126566588878632,0.6502653956413269,0.199564591050148,0.29801705479621887,0.13616943359375,0.07080078125
3,6033,M17d_multiscale_texture_no_peak_terrace,1.6450147563638198,1.8559865154722144,5.498440377220689,2.4278038394743167,11.11111111111111,62.96296296296296,0.3616577386856079,0.8609608231377694,0.5119606980332603,2.5184763012068148,2.6390573296152584,3.0433873634561532,3.5553480614894135,3.1771850203986753,3.5263605246161616,3.901921651769386,4.976733742420574,3.6498986833790803,4.51085950651685,3.83846857290904,4.069026754237811,0.9256431912681913,0.8677156177156178,0.7454441617674974,0.7928278926368593,1.661852478981018,1.3430805206298828,1.6001908779144287,1.2385331392288208,1.4400502443313599,1.2252105474472046,3.198464827608073,3.713572066704308,3.4652473829758135,3.5263605246161616,0.5126566588878632,0.6502653956413269,0.199564591050148,0.29801705479621887,0.13616943359375,0.07080078125
3,6033,M17e_broad_sparse_peak_terrace,1.6450147563638198,1.8559865154722144,5.498440377220689,2.4278038394743167,11.11111111111111,62.96296296296296,0.3616577386856079,0.8609608231377694,0.5119606980332603,2.5184763012068148,2.6390573296152584,3.0433873634561532,3.5553480614894135,3.1771850203986753,3.5263605246161616,3.901921651769386,4.976733742420574,3.6498986833790803,4.51085950651685,3.83846857290904,4.069026754237811,0.9256431912681913,0.8677156177156178,0.7454441617674974,0.7928278926368593,1.661852478981018,1.3430805206298828,1.6001908779144287,1.2385331392288208,1.4400502443313599,1.2252105474472046,3.198464827608073,3.713572066704308,3.4652473829758135,3.5263605246161616,0.5126566588878632,0.6502653956413269,0.199564591050148,0.29801705479621887,0.13616943359375,0.07080078125
3,6033,M17f_broad_sparse_finetexture_terrace,1.6450147563638198,1.8559865154722144,5.498440377220689,2.4278038394743167,11.11111111111111,62.96296296296296,0.3616577386856079,0.8609608231377694,0.5119606980332603,2.5184763012068148,2.6390573296152584,3.0433873634561532,3.5553480614894135,3.1771850203986753,3.5263605246161616,3.901921651769386,4.976733742420574,3.6498986833790803,4.51085950651685,3.83846857290904,4.069026754237811,0.9256431912681913,0.8677156177156178,0.7454441617674974,0.7928278926368593,1.661852478981018,1.3430805206298828,1.6001908779144287,1.2385331392288208,1.4400502443313599,1.2252105474472046,3.198464827608073,3.713572066704308,3.4652473829758135,3.5263605246161616,0.5126566588878632,0.6502653956413269,0.199564591050148,0.29801705479621887,0.13616943359375,0.07080078125
3,6033,M17g_moderate_broad_topology_terrace,1.6450147563638198,1.8559865154722144,5.498440377220689,2.4278038394743167,11.11111111111111,62.96296296296296,0.3616577386856079,0.8609608231377694,0.5119606980332603,2.5184763012068148,2.6390573296152584,3.0433873634561532,3.5553480614894135,3.1771850203986753,3.5263605246161616,3.901921651769386,4.976733742420574,3.6498986833790803,4.51085950651685,3.83846857290904,4.069026754237811,0.9256431912681913,0.8677156177156178,0.7454441617674974,0.7928278926368593,1.661852478981018,1.3430805206298828,1.6001908779144287,1.2385331392288208,1.4400502443313599,1.2252105474472046,3.198464827608073,3.713572066704308,3.4652473829758135,3.5263605246161616,0.5126566588878632,0.6502653956413269,0.199564591050148,0.29801705479621887,0.13616943359375,0.07080078125
3,6033,M17h_hierarchical_sparse_island_terrace,1.6450147563638198,1.8559865154722144,5.498440377220689,2.4278038394743167,11.11111111111111,62.96296296296296,0.3616577386856079,0.8609608231377694,0.5119606980332603,2.5184763012068148,2.6390573296152584,3.0433873634561532,3.5553480614894135,3.1771850203986753,3.5263605246161616,3.901921651769386,4.976733742420574,3.6498986833790803,4.51085950651685,3.83846857290904,4.069026754237811,0.9256431912681913,0.8677156177156178,0.7454441617674974,0.7928278926368593,1.661852478981018,1.3430805206298828,1.6001908779144287,1.2385331392288208,1.4400502443313599,1.2252105474472046,3.198464827608073,3.713572066704308,3.4652473829758135,3.5263605246161616,0.5126566588878632,0.6502653956413269,0.199564591050148,0.29801705479621887,0.13616943359375,0.07080078125
3,6033,M17i_soft_hierarchical_island_terrace,1.6450147563638198,1.8559865154722144,5.498440377220689,2.4278038394743167,11.11111111111111,62.96296296296296,0.3616577386856079,0.8609608231377694,0.5119606980332603,2.5184763012068148,2.6390573296152584,3.0433873634561532,3.5553480614894135,3.1771850203986753,3.5263605246161616,3.901921651769386,4.976733742420574,3.6498986833790803,4.51085950651685,3.83846857290904,4.069026754237811,0.9256431912681913,0.8677156177156178,0.7454441617674974,0.7928278926368593,1.661852478981018,1.3430805206298828,1.6001908779144287,1.2385331392288208,1.4400502443313599,1.2252105474472046,3.198464827608073,3.713572066704308,3.4652473829758135,3.5263605246161616,0.5126566588878632,0.6502653956413269,0.199564591050148,0.29801705479621887,0.13616943359375,0.07080078125
4,6047,M10_dense_island_spectral_pareto,1.262943735058389,1.4667360704091517,3.4726334849528304,1.6959569154574234,25.925925925925927,100.0,0.17036551237106323,1.0408240785182974,0.4787668452041025,2.596478425445105,2.2975599250672953,2.9700856263602153,3.448852471564318,3.0868930519509683,3.5614333292995415,3.3595065771926302,4.619561086700818,3.528087642050205,4.568911720568503,3.7012257604091223,3.959132343047637,0.8808760683760684,0.8882567368032483,0.8125796713443492,0.8193906873265215,1.3619690537452698,1.2353611588478088,1.2983063459396362,1.127940833568573,1.2847415208816528,1.0942679047584534,3.017740716262378,3.7494348669884654,3.7060801674726025,3.604115086616335,0.48739390075206757,0.6803716719150543,0.2049122303724289,0.30773158371448517,0.08673095703125,0.091400146484375
4,6047,M16b_baseline_dense_microisland_terrace,1.7612221871830733,2.099681966906887,5.1776406806136155,1.6959569154574234,11.11111111111111,100.0,0.39060312509536743,1.0887378560178487,0.4088858740165229,2.0794415416798357,2.2975599250672953,3.039966597547795,3.448852471564318,3.113268334643733,3.5614333292995415,3.8066624897703196,4.619561086700818,3.480173864550654,4.568911720568503,3.7365345440160986,3.959132343047637,0.9102860211808639,0.8882567368032483,0.7488694016533295,0.8193906873265215,1.6567108035087585,1.2353611588478088,1.5185439586639404,1.127940833568573,1.322029709815979,1.0942679047584534,3.091042453358316,3.7494348669884654,3.6635616461296463,3.604115086616335,0.5027558207511902,0.6803716719150543,0.19273458421230316,0.30773158371448517,0.131683349609375,0.091400146484375
4,6047,M17a_fixed_sparse_peak_terrace,1.7612221871830733,2.099681966906887,5.1776406806136155,1.6959569154574234,11.11111111111111,100.0,0.39060312509536743,1.0887378560178487,0.4088858740165229,2.0794415416798357,2.2975599250672953,3.039966597547795,3.448852471564318,3.113268334643733,3.5614333292995415,3.8066624897703196,4.619561086700818,3.480173864550654,4.568911720568503,3.7365345440160986,3.959132343047637,0.9102860211808639,0.8882567368032483,0.7488694016533295,0.8193906873265215,1.6567108035087585,1.2353611588478088,1.5185439586639404,1.127940833568573,1.322029709815979,1.0942679047584534,3.091042453358316,3.7494348669884654,3.6635616461296463,3.604115086616335,0.5027558207511902,0.6803716719150543,0.19273458421230316,0.30773158371448517,0.131683349609375,0.091400146484375
4,6047,M17b_topology_sparse_peak_terrace,1.7612221871830733,2.099681966906887,5.1776406806136155,1.6959569154574234,11.11111111111111,100.0,0.39060312509536743,1.0887378560178487,0.4088858740165229,2.0794415416798357,2.2975599250672953,3.039966597547795,3.448852471564318,3.113268334643733,3.5614333292995415,3.8066624897703196,4.619561086700818,3.480173864550654,4.568911720568503,3.7365345440160986,3.959132343047637,0.9102860211808639,0.8882567368032483,0.7488694016533295,0.8193906873265215,1.6567108035087585,1.2353611588478088,1.5185439586639404,1.127940833568573,1.322029709815979,1.0942679047584534,3.091042453358316,3.7494348669884654,3.6635616461296463,3.604115086616335,0.5027558207511902,0.6803716719150543,0.19273458421230316,0.30773158371448517,0.131683349609375,0.091400146484375
4,6047,M17c_topology_sparse_finetexture_terrace,1.7612221871830733,2.099681966906887,5.1776406806136155,1.6959569154574234,11.11111111111111,100.0,0.39060312509536743,1.0887378560178487,0.4088858740165229,2.0794415416798357,2.2975599250672953,3.039966597547795,3.448852471564318,3.113268334643733,3.5614333292995415,3.8066624897703196,4.619561086700818,3.480173864550654,4.568911720568503,3.7365345440160986,3.959132343047637,0.9102860211808639,0.8882567368032483,0.7488694016533295,0.8193906873265215,1.6567108035087585,1.2353611588478088,1.5185439586639404,1.127940833568573,1.322029709815979,1.0942679047584534,3.091042453358316,3.7494348669884654,3.6635616461296463,3.604115086616335,0.5027558207511902,0.6803716719150543,0.19273458421230316,0.30773158371448517,0.131683349609375,0.091400146484375
4,6047,M17d_multiscale_texture_no_peak_terrace,1.7612221871830733,2.099681966906887,5.1776406806136155,1.6959569154574234,11.11111111111111,100.0,0.39060312509536743,1.0887378560178487,0.4088858740165229,2.0794415416798357,2.2975599250672953,3.039966597547795,3.448852471564318,3.113268334643733,3.5614333292995415,3.8066624897703196,4.619561086700818,3.480173864550654,4.568911720568503,3.7365345440160986,3.959132343047637,0.9102860211808639,0.8882567368032483,0.7488694016533295,0.8193906873265215,1.6567108035087585,1.2353611588478088,1.5185439586639404,1.127940833568573,1.322029709815979,1.0942679047584534,3.091042453358316,3.7494348669884654,3.6635616461296463,3.604115086616335,0.5027558207511902,0.6803716719150543,0.19273458421230316,0.30773158371448517,0.131683349609375,0.091400146484375
4,6047,M17e_broad_sparse_peak_terrace,1.7612221871830733,2.099681966906887,5.1776406806136155,1.6959569154574234,11.11111111111111,100.0,0.39060312509536743,1.0887378560178487,0.4088858740165229,2.0794415416798357,2.2975599250672953,3.039966597547795,3.448852471564318,3.113268334643733,3.5614333292995415,3.8066624897703196,4.619561086700818,3.480173864550654,4.568911720568503,3.7365345440160986,3.959132343047637,0.9102860211808639,0.8882567368032483,0.7488694016533295,0.8193906873265215,1.6567108035087585,1.2353611588478088,1.5185439586639404,1.127940833568573,1.322029709815979,1.0942679047584534,3.091042453358316,3.7494348669884654,3.6635616461296463,3.604115086616335,0.5027558207511902,0.6803716719150543,0.19273458421230316,0.30773158371448517,0.131683349609375,0.091400146484375
4,6047,M17f_broad_sparse_finetexture_terrace,1.7612221871830733,2.099681966906887,5.1776406806136155,1.6959569154574234,11.11111111111111,100.0,0.39060312509536743,1.0887378560178487,0.4088858740165229,2.0794415416798357,2.2975599250672953,3.039966597547795,3.448852471564318,3.113268334643733,3.5614333292995415,3.8066624897703196,4.619561086700818,3.480173864550654,4.568911720568503,3.7365345440160986,3.959132343047637,0.9102860211808639,0.8882567368032483,0.7488694016533295,0.8193906873265215,1.6567108035087585,1.2353611588478088,1.5185439586639404,1.127940833568573,1.322029709815979,1.0942679047584534,3.091042453358316,3.7494348669884654,3.6635616461296463,3.604115086616335,0.5027558207511902,0.6803716719150543,0.19273458421230316,0.30773158371448517,0.131683349609375,0.091400146484375
4,6047,M17g_moderate_broad_topology_terrace,1.7612221871830733,2.099681966906887,5.1776406806136155,1.6959569154574234,11.11111111111111,100.0,0.39060312509536743,1.0887378560178487,0.4088858740165229,2.0794415416798357,2.2975599250672953,3.039966597547795,3.448852471564318,3.113268334643733,3.5614333292995415,3.8066624897703196,4.619561086700818,3.480173864550654,4.568911720568503,3.7365345440160986,3.959132343047637,0.9102860211808639,0.8882567368032483,0.7488694016533295,0.8193906873265215,1.6567108035087585,1.2353611588478088,1.5185439586639404,1.127940833568573,1.322029709815979,1.0942679047584534,3.091042453358316,3.7494348669884654,3.6635616461296463,3.604115086616335,0.5027558207511902,0.6803716719150543,0.19273458421230316,0.30773158371448517,0.131683349609375,0.091400146484375
4,6047,M17h_hierarchical_sparse_island_terrace,1.7612221871830733,2.099681966906887,5.1776406806136155,1.6959569154574234,11.11111111111111,100.0,0.39060312509536743,1.0887378560178487,0.4088858740165229,2.0794415416798357,2.2975599250672953,3.039966597547795,3.448852471564318,3.113268334643733,3.5614333292995415,3.8066624897703196,4.619561086700818,3.480173864550654,4.568911720568503,3.7365345440160986,3.959132343047637,0.9102860211808639,0.8882567368032483,0.7488694016533295,0.8193906873265215,1.6567108035087585,1.2353611588478088,1.5185439586639404,1.127940833568573,1.322029709815979,1.0942679047584534,3.091042453358316,3.7494348669884654,3.6635616461296463,3.604115086616335,0.5027558207511902,0.6803716719150543,0.19273458421230316,0.30773158371448517,0.131683349609375,0.091400146484375
4,6047,M17i_soft_hierarchical_island_terrace,1.7612221871830733,2.099681966906887,5.1776406806136155,1.6959569154574234,11.11111111111111,100.0,0.39060312509536743,1.0887378560178487,0.4088858740165229,2.0794415416798357,2.2975599250672953,3.039966597547795,3.448852471564318,3.113268334643733,3.5614333292995415,3.8066624897703196,4.619561086700818,3.480173864550654,4.568911720568503,3.7365345440160986,3.959132343047637,0.9102860211808639,0.8882567368032483,0.7488694016533295,0.8193906873265215,1.6567108035087585,1.2353611588478088,1.5185439586639404,1.127940833568573,1.322029709815979,1.0942679047584534,3.091042453358316,3.7494348669884654,3.6635616461296463,3.604115086616335,0.5027558207511902,0.6803716719150543,0.19273458421230316,0.30773158371448517,0.131683349609375,0.091400146484375
5,6048,M10_dense_island_spectral_pareto,0.9736165180778489,1.1399569004295818,3.322973922369363,2.324291730569547,25.925925925925927,70.37037037037037,0.09564822912216187,0.287777048233242,0.4847002785940515,2.3502401828962083,2.5619819897016294,2.962127898707266,3.4468281773013176,3.1771850203986753,3.4578617243156566,3.2283848277860816,4.488573242404236,3.937749646222604,4.225526694455846,3.8231768612229997,4.118210263632696,0.9004145217575723,0.8901665276039494,0.7881661090296731,0.8201878635727755,1.3657426834106445,1.348897635936737,1.388609528541565,1.292961299419403,1.3358752131462097,1.222836971282959,3.0816574020173206,3.7461015213093707,3.483954600900942,3.475407384221292,0.47995686531066895,0.6227208375930786,0.1969018206000328,0.29569336771965027,0.088653564453125,0.07244873046875
5,6048,M16b_baseline_dense_microisland_terrace,1.400868805602721,1.686141027254502,5.507748056462231,2.324291730569547,11.11111111111111,70.37037037037037,0.33939772844314575,0.05913196024686762,0.6476171978021306,2.3502401828962083,2.5619819897016294,2.799210979499187,3.4468281773013176,3.1967953769753157,3.4578617243156566,3.896587173594603,4.488573242404236,4.166394734208978,4.225526694455846,4.011776196202174,4.118210263632696,0.9045454545454545,0.8901665276039494,0.7703338234396193,0.8201878635727755,1.6892632246017456,1.348897635936737,1.6323590278625488,1.292961299419403,1.424718976020813,1.222836971282959,2.8762863194128165,3.7461015213093707,3.633326375636983,3.475407384221292,0.49405835568904877,0.6227208375930786,0.19214466214179993,0.29569336771965027,0.131500244140625,0.07244873046875
5,6048,M17a_fixed_sparse_peak_terrace,1.400868805602721,1.686141027254502,5.507748056462231,2.324291730569547,11.11111111111111,70.37037037037037,0.33939772844314575,0.05913196024686762,0.6476171978021306,2.3502401828962083,2.5619819897016294,2.799210979499187,3.4468281773013176,3.1967953769753157,3.4578617243156566,3.896587173594603,4.488573242404236,4.166394734208978,4.225526694455846,4.011776196202174,4.118210263632696,0.9045454545454545,0.8901665276039494,0.7703338234396193,0.8201878635727755,1.6892632246017456,1.348897635936737,1.6323590278625488,1.292961299419403,1.424718976020813,1.222836971282959,2.8762863194128165,3.7461015213093707,3.633326375636983,3.475407384221292,0.49405835568904877,0.6227208375930786,0.19214466214179993,0.29569336771965027,0.131500244140625,0.07244873046875
5,6048,M17b_topology_sparse_peak_terrace,1.400868805602721,1.686141027254502,5.507748056462231,2.324291730569547,11.11111111111111,70.37037037037037,0.33939772844314575,0.05913196024686762,0.6476171978021306,2.3502401828962083,2.5619819897016294,2.799210979499187,3.4468281773013176,3.1967953769753157,3.4578617243156566,3.896587173594603,4.488573242404236,4.166394734208978,4.225526694455846,4.011776196202174,4.118210263632696,0.9045454545454545,0.8901665276039494,0.7703338234396193,0.8201878635727755,1.6892632246017456,1.348897635936737,1.6323590278625488,1.292961299419403,1.424718976020813,1.222836971282959,2.8762863194128165,3.7461015213093707,3.633326375636983,3.475407384221292,0.49405835568904877,0.6227208375930786,0.19214466214179993,0.29569336771965027,0.131500244140625,0.07244873046875
5,6048,M17c_topology_sparse_finetexture_terrace,1.400868805602721,1.686141027254502,5.507748056462231,2.324291730569547,11.11111111111111,70.37037037037037,0.33939772844314575,0.05913196024686762,0.6476171978021306,2.3502401828962083,2.5619819897016294,2.799210979499187,3.4468281773013176,3.1967953769753157,3.4578617243156566,3.896587173594603,4.488573242404236,4.166394734208978,4.225526694455846,4.011776196202174,4.118210263632696,0.9045454545454545,0.8901665276039494,0.7703338234396193,0.8201878635727755,1.6892632246017456,1.348897635936737,1.6323590278625488,1.292961299419403,1.424718976020813,1.222836971282959,2.8762863194128165,3.7461015213093707,3.633326375636983,3.475407384221292,0.49405835568904877,0.6227208375930786,0.19214466214179993,0.29569336771965027,0.131500244140625,0.07244873046875
5,6048,M17d_multiscale_texture_no_peak_terrace,1.400868805602721,1.686141027254502,5.507748056462231,2.324291730569547,11.11111111111111,70.37037037037037,0.33939772844314575,0.05913196024686762,0.6476171978021306,2.3502401828962083,2.5619819897016294,2.799210979499187,3.4468281773013176,3.1967953769753157,3.4578617243156566,3.896587173594603,4.488573242404236,4.166394734208978,4.225526694455846,4.011776196202174,4.118210263632696,0.9045454545454545,0.8901665276039494,0.7703338234396193,0.8201878635727755,1.6892632246017456,1.348897635936737,1.6323590278625488,1.292961299419403,1.424718976020813,1.222836971282959,2.8762863194128165,3.7461015213093707,3.633326375636983,3.475407384221292,0.49405835568904877,0.6227208375930786,0.19214466214179993,0.29569336771965027,0.131500244140625,0.07244873046875
5,6048,M17e_broad_sparse_peak_terrace,1.400868805602721,1.686141027254502,5.507748056462231,2.324291730569547,11.11111111111111,70.37037037037037,0.33939772844314575,0.05913196024686762,0.6476171978021306,2.3502401828962083,2.5619819897016294,2.799210979499187,3.4468281773013176,3.1967953769753157,3.4578617243156566,3.896587173594603,4.488573242404236,4.166394734208978,4.225526694455846,4.011776196202174,4.118210263632696,0.9045454545454545,0.8901665276039494,0.7703338234396193,0.8201878635727755,1.6892632246017456,1.348897635936737,1.6323590278625488,1.292961299419403,1.424718976020813,1.222836971282959,2.8762863194128165,3.7461015213093707,3.633326375636983,3.475407384221292,0.49405835568904877,0.6227208375930786,0.19214466214179993,0.29569336771965027,0.131500244140625,0.07244873046875
5,6048,M17f_broad_sparse_finetexture_terrace,1.400868805602721,1.686141027254502,5.507748056462231,2.324291730569547,11.11111111111111,70.37037037037037,0.33939772844314575,0.05913196024686762,0.6476171978021306,2.3502401828962083,2.5619819897016294,2.799210979499187,3.4468281773013176,3.1967953769753157,3.4578617243156566,3.896587173594603,4.488573242404236,4.166394734208978,4.225526694455846,4.011776196202174,4.118210263632696,0.9045454545454545,0.8901665276039494,0.7703338234396193,0.8201878635727755,1.6892632246017456,1.348897635936737,1.6323590278625488,1.292961299419403,1.424718976020813,1.222836971282959,2.8762863194128165,3.7461015213093707,3.633326375636983,3.475407384221292,0.49405835568904877,0.6227208375930786,0.19214466214179993,0.29569336771965027,0.131500244140625,0.07244873046875
5,6048,M17g_moderate_broad_topology_terrace,1.400868805602721,1.686141027254502,5.507748056462231,2.324291730569547,11.11111111111111,70.37037037037037,0.33939772844314575,0.05913196024686762,0.6476171978021306,2.3502401828962083,2.5619819897016294,2.799210979499187,3.4468281773013176,3.1967953769753157,3.4578617243156566,3.896587173594603,4.488573242404236,4.166394734208978,4.225526694455846,4.011776196202174,4.118210263632696,0.9045454545454545,0.8901665276039494,0.7703338234396193,0.8201878635727755,1.6892632246017456,1.348897635936737,1.6323590278625488,1.292961299419403,1.424718976020813,1.222836971282959,2.8762863194128165,3.7461015213093707,3.633326375636983,3.475407384221292,0.49405835568904877,0.6227208375930786,0.19214466214179993,0.29569336771965027,0.131500244140625,0.07244873046875
5,6048,M17h_hierarchical_sparse_island_terrace,1.400868805602721,1.686141027254502,5.507748056462231,2.324291730569547,11.11111111111111,70.37037037037037,0.33939772844314575,0.05913196024686762,0.6476171978021306,2.3502401828962083,2.5619819897016294,2.799210979499187,3.4468281773013176,3.1967953769753157,3.4578617243156566,3.896587173594603,4.488573242404236,4.166394734208978,4.225526694455846,4.011776196202174,4.118210263632696,0.9045454545454545,0.8901665276039494,0.7703338234396193,0.8201878635727755,1.6892632246017456,1.348897635936737,1.6323590278625488,1.292961299419403,1.424718976020813,1.222836971282959,2.8762863194128165,3.7461015213093707,3.633326375636983,3.475407384221292,0.49405835568904877,0.6227208375930786,0.19214466214179993,0.29569336771965027,0.131500244140625,0.07244873046875
5,6048,M17i_soft_hierarchical_island_terrace,1.400868805602721,1.686141027254502,5.507748056462231,2.324291730569547,11.11111111111111,70.37037037037037,0.33939772844314575,0.05913196024686762,0.6476171978021306,2.3502401828962083,2.5619819897016294,2.799210979499187,3.4468281773013176,3.1967953769753157,3.4578617243156566,3.896587173594603,4.488573242404236,4.166394734208978,4.225526694455846,4.011776196202174,4.118210263632696,0.9045454545454545,0.8901665276039494,0.7703338234396193,0.8201878635727755,1.6892632246017456,1.348897635936737,1.6323590278625488,1.292961299419403,1.424718976020813,1.222836971282959,2.8762863194128165,3.7461015213093707,3.633326375636983,3.475407384221292,0.49405835568904877,0.6227208375930786,0.19214466214179993,0.29569336771965027,0.131500244140625,0.07244873046875
6,6056,M10_dense_island_spectral_pareto,1.1533974489801122,1.4022417782108874,4.09484493131224,2.038723547545781,14.814814814814815,85.18518518518519,0.0863349437713623,0.6779996067860568,0.7761397492970765,2.470821211304652,2.3502401828962083,2.7647145437557112,3.5408542930527878,3.218075184184714,3.6762205501217915,3.170179651863876,4.584133797777137,3.659269774283951,4.337269381070008,3.589653984752017,3.886692048027032,0.8848684210526316,0.8622497294372294,0.8070231522640448,0.8158927448970099,1.3385396003723145,1.2984737753868103,1.3097804188728333,1.223445475101471,1.271324098110199,1.2222270965576172,3.1567740231385475,3.951058773138224,3.414356035820842,3.4175922930736506,0.4775681644678116,0.6727236807346344,0.20663560926914215,0.3298550099134445,0.083984375,0.068328857421875
6,6056,M16b_baseline_dense_microisland_terrace,1.8313977906604597,2.023181808099212,4.971259460202697,2.038723547545781,11.11111111111111,85.18518518518519,0.32809120416641235,0.40949704211217597,0.7682655708130066,1.9560115027140732,2.3502401828962083,2.772588722239781,3.5408542930527878,3.0677824455408693,3.6762205501217915,3.214859739019569,4.584133797777137,3.9277723389578316,4.337269381070008,4.060443010546419,3.886692048027032,0.9115384615384616,0.8622497294372294,0.7973186893135765,0.8158927448970099,1.6892750263214111,1.2984737753868103,1.5515366792678833,1.223445475101471,1.3980528116226196,1.2222270965576172,3.1354942159291497,3.951058773138224,3.824846311855757,3.4175922930736506,0.48496247828006744,0.6727236807346344,0.18830040842294693,0.3298550099134445,0.136383056640625,0.068328857421875
6,6056,M17a_fixed_sparse_peak_terrace,1.8313977906604597,2.023181808099212,4.971259460202697,2.038723547545781,11.11111111111111,85.18518518518519,0.32809120416641235,0.40949704211217597,0.7682655708130066,1.9560115027140732,2.3502401828962083,2.772588722239781,3.5408542930527878,3.0677824455408693,3.6762205501217915,3.214859739019569,4.584133797777137,3.9277723389578316,4.337269381070008,4.060443010546419,3.886692048027032,0.9115384615384616,0.8622497294372294,0.7973186893135765,0.8158927448970099,1.6892750263214111,1.2984737753868103,1.5515366792678833,1.223445475101471,1.3980528116226196,1.2222270965576172,3.1354942159291497,3.951058773138224,3.824846311855757,3.4175922930736506,0.48496247828006744,0.6727236807346344,0.18830040842294693,0.3298550099134445,0.136383056640625,0.068328857421875
6,6056,M17b_topology_sparse_peak_terrace,1.8313977906604597,2.023181808099212,4.971259460202697,2.038723547545781,11.11111111111111,85.18518518518519,0.32809120416641235,0.40949704211217597,0.7682655708130066,1.9560115027140732,2.3502401828962083,2.772588722239781,3.5408542930527878,3.0677824455408693,3.6762205501217915,3.214859739019569,4.584133797777137,3.9277723389578316,4.337269381070008,4.060443010546419,3.886692048027032,0.9115384615384616,0.8622497294372294,0.7973186893135765,0.8158927448970099,1.6892750263214111,1.2984737753868103,1.5515366792678833,1.223445475101471,1.3980528116226196,1.2222270965576172,3.1354942159291497,3.951058773138224,3.824846311855757,3.4175922930736506,0.48496247828006744,0.6727236807346344,0.18830040842294693,0.3298550099134445,0.136383056640625,0.068328857421875
6,6056,M17c_topology_sparse_finetexture_terrace,1.8313977906604597,2.023181808099212,4.971259460202697,2.038723547545781,11.11111111111111,85.18518518518519,0.32809120416641235,0.40949704211217597,0.7682655708130066,1.9560115027140732,2.3502401828962083,2.772588722239781,3.5408542930527878,3.0677824455408693,3.6762205501217915,3.214859739019569,4.584133797777137,3.9277723389578316,4.337269381070008,4.060443010546419,3.886692048027032,0.9115384615384616,0.8622497294372294,0.7973186893135765,0.8158927448970099,1.6892750263214111,1.2984737753868103,1.5515366792678833,1.223445475101471,1.3980528116226196,1.2222270965576172,3.1354942159291497,3.951058773138224,3.824846311855757,3.4175922930736506,0.48496247828006744,0.6727236807346344,0.18830040842294693,0.3298550099134445,0.136383056640625,0.068328857421875
6,6056,M17d_multiscale_texture_no_peak_terrace,1.8313977906604597,2.023181808099212,4.971259460202697,2.038723547545781,11.11111111111111,85.18518518518519,0.32809120416641235,0.40949704211217597,0.7682655708130066,1.9560115027140732,2.3502401828962083,2.772588722239781,3.5408542930527878,3.0677824455408693,3.6762205501217915,3.214859739019569,4.584133797777137,3.9277723389578316,4.337269381070008,4.060443010546419,3.886692048027032,0.9115384615384616,0.8622497294372294,0.7973186893135765,0.8158927448970099,1.6892750263214111,1.2984737753868103,1.5515366792678833,1.223445475101471,1.3980528116226196,1.2222270965576172,3.1354942159291497,3.951058773138224,3.824846311855757,3.4175922930736506,0.48496247828006744,0.6727236807346344,0.18830040842294693,0.3298550099134445,0.136383056640625,0.068328857421875
6,6056,M17e_broad_sparse_peak_terrace,1.8313977906604597,2.023181808099212,4.971259460202697,2.038723547545781,11.11111111111111,85.18518518518519,0.32809120416641235,0.40949704211217597,0.7682655708130066,1.9560115027140732,2.3502401828962083,2.772588722239781,3.5408542930527878,3.0677824455408693,3.6762205501217915,3.214859739019569,4.584133797777137,3.9277723389578316,4.337269381070008,4.060443010546419,3.886692048027032,0.9115384615384616,0.8622497294372294,0.7973186893135765,0.8158927448970099,1.6892750263214111,1.2984737753868103,1.5515366792678833,1.223445475101471,1.3980528116226196,1.2222270965576172,3.1354942159291497,3.951058773138224,3.824846311855757,3.4175922930736506,0.48496247828006744,0.6727236807346344,0.18830040842294693,0.3298550099134445,0.136383056640625,0.068328857421875
6,6056,M17f_broad_sparse_finetexture_terrace,1.8313977906604597,2.023181808099212,4.971259460202697,2.038723547545781,11.11111111111111,85.18518518518519,0.32809120416641235,0.40949704211217597,0.7682655708130066,1.9560115027140732,2.3502401828962083,2.772588722239781,3.5408542930527878,3.0677824455408693,3.6762205501217915,3.214859739019569,4.584133797777137,3.9277723389578316,4.337269381070008,4.060443010546419,3.886692048027032,0.9115384615384616,0.8622497294372294,0.7973186893135765,0.8158927448970099,1.6892750263214111,1.2984737753868103,1.5515366792678833,1.223445475101471,1.3980528116226196,1.2222270965576172,3.1354942159291497,3.951058773138224,3.824846311855757,3.4175922930736506,0.48496247828006744,0.6727236807346344,0.18830040842294693,0.3298550099134445,0.136383056640625,0.068328857421875
6,6056,M17g_moderate_broad_topology_terrace,1.8313977906604597,2.023181808099212,4.971259460202697,2.038723547545781,11.11111111111111,85.18518518518519,0.32809120416641235,0.40949704211217597,0.7682655708130066,1.9560115027140732,2.3502401828962083,2.772588722239781,3.5408542930527878,3.0677824455408693,3.6762205501217915,3.214859739019569,4.584133797777137,3.9277723389578316,4.337269381070008,4.060443010546419,3.886692048027032,0.9115384615384616,0.8622497294372294,0.7973186893135765,0.8158927448970099,1.6892750263214111,1.2984737753868103,1.5515366792678833,1.223445475101471,1.3980528116226196,1.2222270965576172,3.1354942159291497,3.951058773138224,3.824846311855757,3.4175922930736506,0.48496247828006744,0.6727236807346344,0.18830040842294693,0.3298550099134445,0.136383056640625,0.068328857421875
6,6056,M17h_hierarchical_sparse_island_terrace,1.8313977906604597,2.023181808099212,4.971259460202697,2.038723547545781,11.11111111111111,85.18518518518519,0.32809120416641235,0.40949704211217597,0.7682655708130066,1.9560115027140732,2.3502401828962083,2.772588722239781,3.5408542930527878,3.0677824455408693,3.6762205501217915,3.214859739019569,4.584133797777137,3.9277723389578316,4.337269381070008,4.060443010546419,3.886692048027032,0.9115384615384616,0.8622497294372294,0.7973186893135765,0.8158927448970099,1.6892750263214111,1.2984737753868103,1.5515366792678833,1.223445475101471,1.3980528116226196,1.2222270965576172,3.1354942159291497,3.951058773138224,3.824846311855757,3.4175922930736506,0.48496247828006744,0.6727236807346344,0.18830040842294693,0.3298550099134445,0.136383056640625,0.068328857421875
6,6056,M17i_soft_hierarchical_island_terrace,1.8313977906604597,2.023181808099212,4.971259460202697,2.038723547545781,11.11111111111111,85.18518518518519,0.32809120416641235,0.40949704211217597,0.7682655708130066,1.9560115027140732,2.3502401828962083,2.772588722239781,3.5408542930527878,3.0677824455408693,3.6762205501217915,3.214859739019569,4.584133797777137,3.9277723389578316,4.337269381070008,4.060443010546419,3.886692048027032,0.9115384615384616,0.8622497294372294,0.7973186893135765,0.8158927448970099,1.6892750263214111,1.2984737753868103,1.5515366792678833,1.223445475101471,1.3980528116226196,1.2222270965576172,3.1354942159291497,3.951058773138224,3.824846311855757,3.4175922930736506,0.48496247828006744,0.6727236807346344,0.18830040842294693,0.3298550099134445,0.136383056640625,0.068328857421875
7,6057,M10_dense_island_spectral_pareto,1.1727623810203727,1.4634534424169692,2.9718268214338344,2.3140907276414198,40.74074074074074,74.07407407407408,0.1561337113380432,1.2690460461637945,0.2879290470184226,2.2975599250672953,2.302585092994046,3.113268334643733,3.4011973816621555,3.331566347995402,3.58351893845611,3.425592463746871,5.231108616854587,3.4758860821994557,4.74493212836325,3.774804582577266,3.9219733362813143,0.9000112268096214,0.8657296650717703,0.8082106945598796,0.8312899444812171,1.3084670901298523,1.2468736171722412,1.3186439871788025,1.1625102758407593,1.3182204365730286,1.11772620677948,3.1780538303479458,3.6375861597263857,3.5537127370553523,3.713572066704308,0.506248950958252,0.638017475605011,0.2365407720208168,0.28033095598220825,0.075164794921875,0.09112548828125
7,6057,M16b_baseline_dense_microisland_terrace,1.7329521699423722,2.178967881056191,5.093881844654645,2.3140907276414198,11.11111111111111,74.07407407407408,0.18408805131912231,1.5386126539025868,0.020410997260127406,2.6020033435383976,2.302585092994046,3.380786384402028,3.4011973816621555,3.6762205501217915,3.58351893845611,3.1780538303479458,5.231108616854587,3.2063194744606633,4.74493212836325,3.1780538303479458,3.9219733362813143,0.9299107142857144,0.8657296650717703,0.7404644336218655,0.8312899444812171,1.3325831890106201,1.2468736171722412,1.3465983271598816,1.1625102758407593,1.3241395354270935,1.11772620677948,3.1780538303479458,3.6375861597263857,3.594961085372904,3.713572066704308,0.5086163282394409,0.638017475605011,0.2160385176539421,0.28033095598220825,0.04974365234375,0.09112548828125
7,6057,M17a_fixed_sparse_peak_terrace,1.183468071024509,1.5359308962567582,4.253684106936237,2.3140907276414198,14.814814814814815,74.07407407407408,0.05664646625518799,1.2224795697985646,0.2879290470184226,2.6020033435383976,2.302585092994046,3.113268334643733,3.4011973816621555,3.5263605246161616,3.58351893845611,3.06561324474157,5.231108616854587,3.5224525585646855,4.74493212836325,3.4165158663931003,3.9219733362813143,0.8949169523750955,0.8657296650717703,0.8140675702964716,0.8312899444812171,1.2070561647415161,1.2468736171722412,1.2191567420959473,1.1625102758407593,1.2333879470825195,1.11772620677948,3.3140206880897667,3.6375861597263857,3.4782727215757845,3.713572066704308,0.5175552070140839,0.638017475605011,0.2528296709060669,0.28033095598220825,0.0501708984375,0.09112548828125
7,6057,M17b_topology_sparse_peak_terrace,1.1919069304284213,1.545508482770133,4.26927751360045,2.3140907276414198,14.814814814814815,74.07407407407408,0.054692089557647705,1.2388744812100603,0.2879290470184226,2.6020033435383976,2.302585092994046,3.113268334643733,3.4011973816621555,3.511434043041321,3.58351893845611,3.06561324474157,5.231108616854587,3.50605764715319,4.74493212836325,3.4165158663931003,3.9219733362813143,0.8967207041788472,0.8657296650717703,0.8140675702964716,0.8312899444812171,1.2057527899742126,1.2468736171722412,1.217202365398407,1.1625102758407593,1.2289488911628723,1.11772620677948,3.3140206880897667,3.6375861597263857,3.4782727215757845,3.713572066704308,0.517234742641449,0.638017475605011,0.2525889426469803,0.28033095598220825,0.05010986328125,0.09112548828125
7,6057,M17c_topology_sparse_finetexture_terrace,1.2459598897150663,1.7534418461316457,5.139150913867794,2.3140907276414198,11.11111111111111,74.07407407407408,0.03831768035888672,1.339585345293747,0.1823215567939549,2.736135336835737,2.302585092994046,3.2188758248682006,3.4011973816621555,3.5549397315361357,3.58351893845611,2.943052015725078,5.231108616854587,3.4053467830695032,4.74493212836325,3.101267758593961,3.9219733362813143,0.8892262708052182,0.8657296650717703,0.8133218227613991,0.8312899444812171,1.1975699067115784,1.2468736171722412,1.200827956199646,1.1625102758407593,1.2025431990623474,1.11772620677948,3.448852471564318,3.6375861597263857,3.4011973816621555,3.713572066704308,0.531912237405777,0.638017475605011,0.2909121811389923,0.28033095598220825,0.04754638671875,0.09112548828125
7,6057,M17d_multiscale_texture_no_peak_terrace,1.3053018498345592,1.7916016518846691,5.047224225786457,2.3140907276414198,11.11111111111111,74.07407407407408,0.040300607681274414,1.329360040058102,0.14310084364067333,2.8314802400679726,2.302585092994046,3.258096538021482,3.4011973816621555,3.5972184255501674,3.58351893845611,2.8762863194128165,5.231108616854587,3.415572088305148,4.74493212836325,3.1269144057877365,3.9219733362813143,0.8848684210526316,0.8657296650717703,0.7982139020353347,0.8312899444812171,1.1994354128837585,1.2468736171722412,1.2028108835220337,1.1625102758407593,1.1915122270584106,1.11772620677948,3.4811217321331034,3.6375861597263857,3.30467462158369,3.713572066704308,0.5373982191085815,0.638017475605011,0.3067020922899246,0.28033095598220825,0.046600341796875,0.09112548828125
7,6057,M17e_broad_sparse_peak_terrace,1.1394558731234468,1.488579292708029,4.277708756941908,2.3140907276414198,14.814814814814815,74.07407407407408,0.036172568798065186,1.2406795373221104,0.2657031657330058,2.5053176470481278,2.302585092994046,3.1354942159291497,3.4011973816621555,3.4652473829758135,3.58351893845611,3.1549591391132585,5.231108616854587,3.5042525910411397,4.74493212836325,3.4637789531391583,3.9219733362813143,0.8817708212200852,0.8657296650717703,0.8100618367920052,0.8312899444812171,1.203427493572235,1.2468736171722412,1.1986828446388245,1.1625102758407593,1.2317278385162354,1.11772620677948,3.295836866004329,3.6375861597263857,3.518952981723591,3.713572066704308,0.5043597519397736,0.638017475605011,0.23592308908700943,0.28033095598220825,0.053863525390625,0.09112548828125
7,6057,M17f_broad_sparse_finetexture_terrace,1.242796287330852,1.7424007247943032,5.364353592069673,2.3140907276414198,11.11111111111111,74.07407407407408,0.03622281551361084,1.3338334330530048,0.24623824254889692,2.6735537653587342,2.302585092994046,3.1549591391132585,3.4011973816621555,3.5408542930527878,3.58351893845611,2.9753212762938634,5.231108616854587,3.4110986953102453,4.74493212836325,3.091042453358316,3.9219733362813143,0.8837869502523432,0.8657296650717703,0.816496580927726,0.8312899444812171,1.1970211863517761,1.2468736171722412,1.1987330913543701,1.1625102758407593,1.2206217050552368,1.11772620677948,3.332204510175204,3.6375861597263857,3.4811217321331034,3.713572066704308,0.5201484262943268,0.638017475605011,0.26399949193000793,0.28033095598220825,0.049774169921875,0.09112548828125
7,6057,M17g_moderate_broad_topology_terrace,1.0976259933123134,1.4622802319475878,4.173072661346361,2.3140907276414198,14.814814814814815,74.07407407407408,0.03486168384552002,1.2716845747142163,0.2879290470184226,2.4849066497880004,2.302585092994046,3.113268334643733,3.4011973816621555,3.496048213707944,3.58351893845611,3.1771850203986753,5.231108616854587,3.473247553649034,4.74493212836325,3.496048213707944,3.9219733362813143,0.8845613919118261,0.8657296650717703,0.816496580927726,0.8312899444812171,1.1986870765686035,1.2468736171722412,1.1973719596862793,1.1625102758407593,1.22486013174057,1.11772620677948,3.295836866004329,3.6375861597263857,3.511099706686503,3.713572066704308,0.5159352123737335,0.638017475605011,0.2520589083433151,0.28033095598220825,0.05084228515625,0.09112548828125
7,6057,M17h_hierarchical_sparse_island_terrace,1.161788040338951,1.5245452320317852,4.495673384176897,2.3140907276414198,14.814814814814815,74.07407407407408,0.062438249588012695,1.1447196818907717,0.2879290470184226,2.596478425445105,2.302585092994046,3.113268334643733,3.4011973816621555,3.49466763298728,3.58351893845611,2.886887423238118,5.231108616854587,3.6002124464724785,4.74493212836325,3.5537127370553523,3.9219733362813143,0.8673667002012073,0.8657296650717703,0.804219439466219,0.8312899444812171,1.179189920425415,1.2468736171722412,1.224948525428772,1.1625102758407593,1.3306729793548584,1.11772620677948,3.349750170080839,3.6375861597263857,3.449861553642436,3.713572066704308,0.5192837417125702,0.638017475605011,0.2560620605945587,0.28033095598220825,0.055511474609375,0.09112548828125
7,6057,M17i_soft_hierarchical_island_terrace,1.1842252644409754,1.6101068358557509,4.380513997738531,2.3140907276414198,14.814814814814815,74.07407407407408,0.0571293830871582,1.3872404351959098,0.1823215567939549,2.6364997792818734,2.302585092994046,3.2188758248682006,3.4011973816621555,3.5408542930527878,3.58351893845611,2.9472014171324252,5.231108616854587,3.3576916931673404,4.74493212836325,3.424267959661083,3.9219733362813143,0.8869622073509517,0.8657296650717703,0.8137207487492129,0.8312899444812171,1.1881145238876343,1.2468736171722412,1.2196396589279175,1.1625102758407593,1.2763635516166687,1.11772620677948,3.40064151723581,3.6375861597263857,3.4394206344087475,3.713572066704308,0.5274556577205658,0.638017475605011,0.2746463418006897,0.28033095598220825,0.05010986328125,0.09112548828125
8,6062,M10_dense_island_spectral_pareto,1.9504873023241194,2.1611766211220256,3.2092200976150145,2.7952723522433525,37.03703703703704,48.148148148148145,0.331762433052063,0.3226782583617984,0.915978134177196,2.171902710926842,2.799210979499187,2.772588722239781,3.688566856416977,3.0433873634561532,3.9112223647446593,3.4782727215757845,4.544538142241572,3.977537136631348,4.300215394993146,3.8442276782749722,3.6762205501217915,0.9064004278837583,0.8787944165062809,0.7814500137996625,0.8141217596533903,1.3949382305145264,1.142972469329834,1.3814083337783813,1.0496459007263184,1.330961287021637,1.0124452710151672,3.0677824455408693,4.158394563535758,3.6022604850834803,3.295836866004329,0.48240865767002106,0.7587103843688965,0.19108454138040543,0.37602052092552185,0.09332275390625,0.07135009765625
8,6062,M16b_baseline_dense_microisland_terrace,2.55263714069876,2.960664177948543,5.722988858638485,2.7952723522433525,11.11111111111111,48.148148148148145,0.5671386122703552,0.3035742309423508,1.0150130910582429,2.1910133173369406,2.799210979499187,2.6735537653587342,3.688566856416977,2.9944807084449314,3.9112223647446593,3.838931750339105,4.544538142241572,3.9966411640507955,4.300215394993146,3.6305247573806962,3.6762205501217915,0.9256410256410257,0.8787944165062809,0.7622205852758137,0.8141217596533903,1.7031943202018738,1.142972469329834,1.6167845129966736,1.0496459007263184,1.4035608768463135,1.0124452710151672,2.943052015725078,4.158394563535758,4.013493427426491,3.295836866004329,0.5023941993713379,0.7587103843688965,0.18573463708162308,0.37602052092552185,0.14178466796875,0.07135009765625
8,6062,M17a_fixed_sparse_peak_terrace,2.55263714069876,2.960664177948543,5.722988858638485,2.7952723522433525,11.11111111111111,48.148148148148145,0.5671386122703552,0.3035742309423508,1.0150130910582429,2.1910133173369406,2.799210979499187,2.6735537653587342,3.688566856416977,2.9944807084449314,3.9112223647446593,3.838931750339105,4.544538142241572,3.9966411640507955,4.300215394993146,3.6305247573806962,3.6762205501217915,0.9256410256410257,0.8787944165062809,0.7622205852758137,0.8141217596533903,1.7031943202018738,1.142972469329834,1.6167845129966736,1.0496459007263184,1.4035608768463135,1.0124452710151672,2.943052015725078,4.158394563535758,4.013493427426491,3.295836866004329,0.5023941993713379,0.7587103843688965,0.18573463708162308,0.37602052092552185,0.14178466796875,0.07135009765625
8,6062,M17b_topology_sparse_peak_terrace,2.55263714069876,2.960664177948543,5.722988858638485,2.7952723522433525,11.11111111111111,48.148148148148145,0.5671386122703552,0.3035742309423508,1.0150130910582429,2.1910133173369406,2.799210979499187,2.6735537653587342,3.688566856416977,2.9944807084449314,3.9112223647446593,3.838931750339105,4.544538142241572,3.9966411640507955,4.300215394993146,3.6305247573806962,3.6762205501217915,0.9256410256410257,0.8787944165062809,0.7622205852758137,0.8141217596533903,1.7031943202018738,1.142972469329834,1.6167845129966736,1.0496459007263184,1.4035608768463135,1.0124452710151672,2.943052015725078,4.158394563535758,4.013493427426491,3.295836866004329,0.5023941993713379,0.7587103843688965,0.18573463708162308,0.37602052092552185,0.14178466796875,0.07135009765625
8,6062,M17c_topology_sparse_finetexture_terrace,2.55263714069876,2.960664177948543,5.722988858638485,2.7952723522433525,11.11111111111111,48.148148148148145,0.5671386122703552,0.3035742309423508,1.0150130910582429,2.1910133173369406,2.799210979499187,2.6735537653587342,3.688566856416977,2.9944807084449314,3.9112223647446593,3.838931750339105,4.544538142241572,3.9966411640507955,4.300215394993146,3.6305247573806962,3.6762205501217915,0.9256410256410257,0.8787944165062809,0.7622205852758137,0.8141217596533903,1.7031943202018738,1.142972469329834,1.6167845129966736,1.0496459007263184,1.4035608768463135,1.0124452710151672,2.943052015725078,4.158394563535758,4.013493427426491,3.295836866004329,0.5023941993713379,0.7587103843688965,0.18573463708162308,0.37602052092552185,0.14178466796875,0.07135009765625
8,6062,M17d_multiscale_texture_no_peak_terrace,2.55263714069876,2.960664177948543,5.722988858638485,2.7952723522433525,11.11111111111111,48.148148148148145,0.5671386122703552,0.3035742309423508,1.0150130910582429,2.1910133173369406,2.799210979499187,2.6735537653587342,3.688566856416977,2.9944807084449314,3.9112223647446593,3.838931750339105,4.544538142241572,3.9966411640507955,4.300215394993146,3.6305247573806962,3.6762205501217915,0.9256410256410257,0.8787944165062809,0.7622205852758137,0.8141217596533903,1.7031943202018738,1.142972469329834,1.6167845129966736,1.0496459007263184,1.4035608768463135,1.0124452710151672,2.943052015725078,4.158394563535758,4.013493427426491,3.295836866004329,0.5023941993713379,0.7587103843688965,0.18573463708162308,0.37602052092552185,0.14178466796875,0.07135009765625
8,6062,M17e_broad_sparse_peak_terrace,2.55263714069876,2.960664177948543,5.722988858638485,2.7952723522433525,11.11111111111111,48.148148148148145,0.5671386122703552,0.3035742309423508,1.0150130910582429,2.1910133173369406,2.799210979499187,2.6735537653587342,3.688566856416977,2.9944807084449314,3.9112223647446593,3.838931750339105,4.544538142241572,3.9966411640507955,4.300215394993146,3.6305247573806962,3.6762205501217915,0.9256410256410257,0.8787944165062809,0.7622205852758137,0.8141217596533903,1.7031943202018738,1.142972469329834,1.6167845129966736,1.0496459007263184,1.4035608768463135,1.0124452710151672,2.943052015725078,4.158394563535758,4.013493427426491,3.295836866004329,0.5023941993713379,0.7587103843688965,0.18573463708162308,0.37602052092552185,0.14178466796875,0.07135009765625
8,6062,M17f_broad_sparse_finetexture_terrace,2.55263714069876,2.960664177948543,5.722988858638485,2.7952723522433525,11.11111111111111,48.148148148148145,0.5671386122703552,0.3035742309423508,1.0150130910582429,2.1910133173369406,2.799210979499187,2.6735537653587342,3.688566856416977,2.9944807084449314,3.9112223647446593,3.838931750339105,4.544538142241572,3.9966411640507955,4.300215394993146,3.6305247573806962,3.6762205501217915,0.9256410256410257,0.8787944165062809,0.7622205852758137,0.8141217596533903,1.7031943202018738,1.142972469329834,1.6167845129966736,1.0496459007263184,1.4035608768463135,1.0124452710151672,2.943052015725078,4.158394563535758,4.013493427426491,3.295836866004329,0.5023941993713379,0.7587103843688965,0.18573463708162308,0.37602052092552185,0.14178466796875,0.07135009765625
8,6062,M17g_moderate_broad_topology_terrace,2.55263714069876,2.960664177948543,5.722988858638485,2.7952723522433525,11.11111111111111,48.148148148148145,0.5671386122703552,0.3035742309423508,1.0150130910582429,2.1910133173369406,2.799210979499187,2.6735537653587342,3.688566856416977,2.9944807084449314,3.9112223647446593,3.838931750339105,4.544538142241572,3.9966411640507955,4.300215394993146,3.6305247573806962,3.6762205501217915,0.9256410256410257,0.8787944165062809,0.7622205852758137,0.8141217596533903,1.7031943202018738,1.142972469329834,1.6167845129966736,1.0496459007263184,1.4035608768463135,1.0124452710151672,2.943052015725078,4.158394563535758,4.013493427426491,3.295836866004329,0.5023941993713379,0.7587103843688965,0.18573463708162308,0.37602052092552185,0.14178466796875,0.07135009765625
8,6062,M17h_hierarchical_sparse_island_terrace,2.55263714069876,2.960664177948543,5.722988858638485,2.7952723522433525,11.11111111111111,48.148148148148145,0.5671386122703552,0.3035742309423508,1.0150130910582429,2.1910133173369406,2.799210979499187,2.6735537653587342,3.688566856416977,2.9944807084449314,3.9112223647446593,3.838931750339105,4.544538142241572,3.9966411640507955,4.300215394993146,3.6305247573806962,3.6762205501217915,0.9256410256410257,0.8787944165062809,0.7622205852758137,0.8141217596533903,1.7031943202018738,1.142972469329834,1.6167845129966736,1.0496459007263184,1.4035608768463135,1.0124452710151672,2.943052015725078,4.158394563535758,4.013493427426491,3.295836866004329,0.5023941993713379,0.7587103843688965,0.18573463708162308,0.37602052092552185,0.14178466796875,0.07135009765625
8,6062,M17i_soft_hierarchical_island_terrace,2.55263714069876,2.960664177948543,5.722988858638485,2.7952723522433525,11.11111111111111,48.148148148148145,0.5671386122703552,0.3035742309423508,1.0150130910582429,2.1910133173369406,2.799210979499187,2.6735537653587342,3.688566856416977,2.9944807084449314,3.9112223647446593,3.838931750339105,4.544538142241572,3.9966411640507955,4.300215394993146,3.6305247573806962,3.6762205501217915,0.9256410256410257,0.8787944165062809,0.7622205852758137,0.8141217596533903,1.7031943202018738,1.142972469329834,1.6167845129966736,1.0496459007263184,1.4035608768463135,1.0124452710151672,2.943052015725078,4.158394563535758,4.013493427426491,3.295836866004329,0.5023941993713379,0.7587103843688965,0.18573463708162308,0.37602052092552185,0.14178466796875,0.07135009765625
9,6063,M10_dense_island_spectral_pareto,1.3687266116911407,1.7023976771689144,3.7490894978300915,2.760950526222978,22.22222222222222,55.55555555555556,0.14106297492980957,1.4612098704612615,0.22670975061510035,2.4849066497880004,2.1972245773362196,2.9700856263602153,3.1967953769753157,3.1269144057877365,3.329646959841819,3.2365593967868462,5.129206733907794,3.128833793941319,4.590043664402581,3.7949207560913285,4.150760827470364,0.895021645021645,0.8889213818473769,0.7977567592184905,0.8428002163606365,1.3431713581085205,1.2177042961120605,1.245025873184204,1.1039628982543945,1.19597989320755,1.0288426876068115,3.1771850203986753,3.713572066704308,3.7302451529126683,3.7612001156935624,0.4850353002548218,0.6828520596027374,0.21822978556156158,0.27527424693107605,0.08380126953125,0.113189697265625
9,6063,M16b_baseline_dense_microisland_terrace,2.08529672272625,2.384764226057336,5.794818660238235,2.760950526222978,11.11111111111111,55.55555555555556,0.4185503125190735,1.276022976312814,0.42420665473553454,2.3978952727983707,2.1972245773362196,2.772588722239781,3.1967953769753157,2.9174053685313024,3.329646959841819,3.6176294228102948,5.129206733907794,3.3140206880897667,4.590043664402581,3.5400132499612953,4.150760827470364,0.9305882352941177,0.8889213818473769,0.7757067454453621,0.8428002163606365,1.6374053955078125,1.2177042961120605,1.522513210773468,1.1039628982543945,1.3204317688941956,1.0288426876068115,3.1780538303479458,3.713572066704308,3.349750170080839,3.7612001156935624,0.4904829114675522,0.6828520596027374,0.19474400579929352,0.27527424693107605,0.128936767578125,0.113189697265625
9,6063,M17a_fixed_sparse_peak_terrace,2.08529672272625,2.384764226057336,5.794818660238235,2.760950526222978,11.11111111111111,55.55555555555556,0.4185503125190735,1.276022976312814,0.42420665473553454,2.3978952727983707,2.1972245773362196,2.772588722239781,3.1967953769753157,2.9174053685313024,3.329646959841819,3.6176294228102948,5.129206733907794,3.3140206880897667,4.590043664402581,3.5400132499612953,4.150760827470364,0.9305882352941177,0.8889213818473769,0.7757067454453621,0.8428002163606365,1.6374053955078125,1.2177042961120605,1.522513210773468,1.1039628982543945,1.3204317688941956,1.0288426876068115,3.1780538303479458,3.713572066704308,3.349750170080839,3.7612001156935624,0.4904829114675522,0.6828520596027374,0.19474400579929352,0.27527424693107605,0.128936767578125,0.113189697265625
9,6063,M17b_topology_sparse_peak_terrace,2.08529672272625,2.384764226057336,5.794818660238235,2.760950526222978,11.11111111111111,55.55555555555556,0.4185503125190735,1.276022976312814,0.42420665473553454,2.3978952727983707,2.1972245773362196,2.772588722239781,3.1967953769753157,2.9174053685313024,3.329646959841819,3.6176294228102948,5.129206733907794,3.3140206880897667,4.590043664402581,3.5400132499612953,4.150760827470364,0.9305882352941177,0.8889213818473769,0.7757067454453621,0.8428002163606365,1.6374053955078125,1.2177042961120605,1.522513210773468,1.1039628982543945,1.3204317688941956,1.0288426876068115,3.1780538303479458,3.713572066704308,3.349750170080839,3.7612001156935624,0.4904829114675522,0.6828520596027374,0.19474400579929352,0.27527424693107605,0.128936767578125,0.113189697265625
9,6063,M17c_topology_sparse_finetexture_terrace,2.08529672272625,2.384764226057336,5.794818660238235,2.760950526222978,11.11111111111111,55.55555555555556,0.4185503125190735,1.276022976312814,0.42420665473553454,2.3978952727983707,2.1972245773362196,2.772588722239781,3.1967953769753157,2.9174053685313024,3.329646959841819,3.6176294228102948,5.129206733907794,3.3140206880897667,4.590043664402581,3.5400132499612953,4.150760827470364,0.9305882352941177,0.8889213818473769,0.7757067454453621,0.8428002163606365,1.6374053955078125,1.2177042961120605,1.522513210773468,1.1039628982543945,1.3204317688941956,1.0288426876068115,3.1780538303479458,3.713572066704308,3.349750170080839,3.7612001156935624,0.4904829114675522,0.6828520596027374,0.19474400579929352,0.27527424693107605,0.128936767578125,0.113189697265625
9,6063,M17d_multiscale_texture_no_peak_terrace,2.08529672272625,2.384764226057336,5.794818660238235,2.760950526222978,11.11111111111111,55.55555555555556,0.4185503125190735,1.276022976312814,0.42420665473553454,2.3978952727983707,2.1972245773362196,2.772588722239781,3.1967953769753157,2.9174053685313024,3.329646959841819,3.6176294228102948,5.129206733907794,3.3140206880897667,4.590043664402581,3.5400132499612953,4.150760827470364,0.9305882352941177,0.8889213818473769,0.7757067454453621,0.8428002163606365,1.6374053955078125,1.2177042961120605,1.522513210773468,1.1039628982543945,1.3204317688941956,1.0288426876068115,3.1780538303479458,3.713572066704308,3.349750170080839,3.7612001156935624,0.4904829114675522,0.6828520596027374,0.19474400579929352,0.27527424693107605,0.128936767578125,0.113189697265625
9,6063,M17e_broad_sparse_peak_terrace,2.08529672272625,2.384764226057336,5.794818660238235,2.760950526222978,11.11111111111111,55.55555555555556,0.4185503125190735,1.276022976312814,0.42420665473553454,2.3978952727983707,2.1972245773362196,2.772588722239781,3.1967953769753157,2.9174053685313024,3.329646959841819,3.6176294228102948,5.129206733907794,3.3140206880897667,4.590043664402581,3.5400132499612953,4.150760827470364,0.9305882352941177,0.8889213818473769,0.7757067454453621,0.8428002163606365,1.6374053955078125,1.2177042961120605,1.522513210773468,1.1039628982543945,1.3204317688941956,1.0288426876068115,3.1780538303479458,3.713572066704308,3.349750170080839,3.7612001156935624,0.4904829114675522,0.6828520596027374,0.19474400579929352,0.27527424693107605,0.128936767578125,0.113189697265625
9,6063,M17f_broad_sparse_finetexture_terrace,2.08529672272625,2.384764226057336,5.794818660238235,2.760950526222978,11.11111111111111,55.55555555555556,0.4185503125190735,1.276022976312814,0.42420665473553454,2.3978952727983707,2.1972245773362196,2.772588722239781,3.1967953769753157,2.9174053685313024,3.329646959841819,3.6176294228102948,5.129206733907794,3.3140206880897667,4.590043664402581,3.5400132499612953,4.150760827470364,0.9305882352941177,0.8889213818473769,0.7757067454453621,0.8428002163606365,1.6374053955078125,1.2177042961120605,1.522513210773468,1.1039628982543945,1.3204317688941956,1.0288426876068115,3.1780538303479458,3.713572066704308,3.349750170080839,3.7612001156935624,0.4904829114675522,0.6828520596027374,0.19474400579929352,0.27527424693107605,0.128936767578125,0.113189697265625
9,6063,M17g_moderate_broad_topology_terrace,2.08529672272625,2.384764226057336,5.794818660238235,2.760950526222978,11.11111111111111,55.55555555555556,0.4185503125190735,1.276022976312814,0.42420665473553454,2.3978952727983707,2.1972245773362196,2.772588722239781,3.1967953769753157,2.9174053685313024,3.329646959841819,3.6176294228102948,5.129206733907794,3.3140206880897667,4.590043664402581,3.5400132499612953,4.150760827470364,0.9305882352941177,0.8889213818473769,0.7757067454453621,0.8428002163606365,1.6374053955078125,1.2177042961120605,1.522513210773468,1.1039628982543945,1.3204317688941956,1.0288426876068115,3.1780538303479458,3.713572066704308,3.349750170080839,3.7612001156935624,0.4904829114675522,0.6828520596027374,0.19474400579929352,0.27527424693107605,0.128936767578125,0.113189697265625
9,6063,M17h_hierarchical_sparse_island_terrace,2.08529672272625,2.384764226057336,5.794818660238235,2.760950526222978,11.11111111111111,55.55555555555556,0.4185503125190735,1.276022976312814,0.42420665473553454,2.3978952727983707,2.1972245773362196,2.772588722239781,3.1967953769753157,2.9174053685313024,3.329646959841819,3.6176294228102948,5.129206733907794,3.3140206880897667,4.590043664402581,3.5400132499612953,4.150760827470364,0.9305882352941177,0.8889213818473769,0.7757067454453621,0.8428002163606365,1.6374053955078125,1.2177042961120605,1.522513210773468,1.1039628982543945,1.3204317688941956,1.0288426876068115,3.1780538303479458,3.713572066704308,3.349750170080839,3.7612001156935624,0.4904829114675522,0.6828520596027374,0.19474400579929352,0.27527424693107605,0.128936767578125,0.113189697265625
9,6063,M17i_soft_hierarchical_island_terrace,2.08529672272625,2.384764226057336,5.794818660238235,2.760950526222978,11.11111111111111,55.55555555555556,0.4185503125190735,1.276022976312814,0.42420665473553454,2.3978952727983707,2.1972245773362196,2.772588722239781,3.1967953769753157,2.9174053685313024,3.329646959841819,3.6176294228102948,5.129206733907794,3.3140206880897667,4.590043664402581,3.5400132499612953,4.150760827470364,0.9305882352941177,0.8889213818473769,0.7757067454453621,0.8428002163606365,1.6374053955078125,1.2177042961120605,1.522513210773468,1.1039628982543945,1.3204317688941956,1.0288426876068115,3.1780538303479458,3.713572066704308,3.349750170080839,3.7612001156935624,0.4904829114675522,0.6828520596027374,0.19474400579929352,0.27527424693107605,0.128936767578125,0.113189697265625
10,6070,M10_dense_island_spectral_pareto,1.4993048918680203,1.764156077315953,5.261092740482117,3.8763151071997526,11.11111111111111,18.51851851851852,0.1747339367866516,0.3038852608185567,0.7316277011280095,2.5249280036247685,2.5649493574615367,2.8518912373281005,3.58351893845611,3.091042453358316,3.7612001156935624,3.2769667020129054,3.9219733362813143,3.647358457762871,3.9512437185814275,3.540539067656195,3.5115454388310208,0.9022023809523809,0.8414327607875995,0.7982767256520202,0.8333069209571575,1.3452014327049255,1.246923804283142,1.3153954148292542,1.1406614780426025,1.317042887210846,1.0861395597457886,3.275540167521702,3.871201010907891,2.983073369561846,3.4965075614664802,0.4762139618396759,0.6992306709289551,0.21100087463855743,0.3946378827095032,0.082855224609375,0.072509765625
10,6070,M16b_baseline_dense_microisland_terrace,2.0791311365645493,2.441862140860993,4.938693381402717,3.8763151071997526,11.11111111111111,18.51851851851852,0.4275363087654114,0.28147487087759027,0.812887165876897,2.4414009612931853,2.5649493574615367,2.770631772579213,3.58351893845611,3.020127355638707,3.7612001156935624,3.7877923257788964,3.9219733362813143,3.6697688477038373,3.9512437185814275,3.63965941770731,3.5115454388310208,0.9134432476694381,0.8414327607875995,0.7743276838854214,0.8333069209571575,1.6676944494247437,1.246923804283142,1.568197786808014,1.1406614780426025,1.437381088733673,1.0861395597457886,3.0677824455408693,3.871201010907891,3.764971685300794,3.4965075614664802,0.4871513396501541,0.6992306709289551,0.19006593525409698,0.3946378827095032,0.141937255859375,0.072509765625
10,6070,M17a_fixed_sparse_peak_terrace,2.0791311365645493,2.441862140860993,4.938693381402717,3.8763151071997526,11.11111111111111,18.51851851851852,0.4275363087654114,0.28147487087759027,0.812887165876897,2.4414009612931853,2.5649493574615367,2.770631772579213,3.58351893845611,3.020127355638707,3.7612001156935624,3.7877923257788964,3.9219733362813143,3.6697688477038373,3.9512437185814275,3.63965941770731,3.5115454388310208,0.9134432476694381,0.8414327607875995,0.7743276838854214,0.8333069209571575,1.6676944494247437,1.246923804283142,1.568197786808014,1.1406614780426025,1.437381088733673,1.0861395597457886,3.0677824455408693,3.871201010907891,3.764971685300794,3.4965075614664802,0.4871513396501541,0.6992306709289551,0.19006593525409698,0.3946378827095032,0.141937255859375,0.072509765625
10,6070,M17b_topology_sparse_peak_terrace,2.0791311365645493,2.441862140860993,4.938693381402717,3.8763151071997526,11.11111111111111,18.51851851851852,0.4275363087654114,0.28147487087759027,0.812887165876897,2.4414009612931853,2.5649493574615367,2.770631772579213,3.58351893845611,3.020127355638707,3.7612001156935624,3.7877923257788964,3.9219733362813143,3.6697688477038373,3.9512437185814275,3.63965941770731,3.5115454388310208,0.9134432476694381,0.8414327607875995,0.7743276838854214,0.8333069209571575,1.6676944494247437,1.246923804283142,1.568197786808014,1.1406614780426025,1.437381088733673,1.0861395597457886,3.0677824455408693,3.871201010907891,3.764971685300794,3.4965075614664802,0.4871513396501541,0.6992306709289551,0.19006593525409698,0.3946378827095032,0.141937255859375,0.072509765625
10,6070,M17c_topology_sparse_finetexture_terrace,2.0791311365645493,2.441862140860993,4.938693381402717,3.8763151071997526,11.11111111111111,18.51851851851852,0.4275363087654114,0.28147487087759027,0.812887165876897,2.4414009612931853,2.5649493574615367,2.770631772579213,3.58351893845611,3.020127355638707,3.7612001156935624,3.7877923257788964,3.9219733362813143,3.6697688477038373,3.9512437185814275,3.63965941770731,3.5115454388310208,0.9134432476694381,0.8414327607875995,0.7743276838854214,0.8333069209571575,1.6676944494247437,1.246923804283142,1.568197786808014,1.1406614780426025,1.437381088733673,1.0861395597457886,3.0677824455408693,3.871201010907891,3.764971685300794,3.4965075614664802,0.4871513396501541,0.6992306709289551,0.19006593525409698,0.3946378827095032,0.141937255859375,0.072509765625
10,6070,M17d_multiscale_texture_no_peak_terrace,2.0791311365645493,2.441862140860993,4.938693381402717,3.8763151071997526,11.11111111111111,18.51851851851852,0.4275363087654114,0.28147487087759027,0.812887165876897,2.4414009612931853,2.5649493574615367,2.770631772579213,3.58351893845611,3.020127355638707,3.7612001156935624,3.7877923257788964,3.9219733362813143,3.6697688477038373,3.9512437185814275,3.63965941770731,3.5115454388310208,0.9134432476694381,0.8414327607875995,0.7743276838854214,0.8333069209571575,1.6676944494247437,1.246923804283142,1.568197786808014,1.1406614780426025,1.437381088733673,1.0861395597457886,3.0677824455408693,3.871201010907891,3.764971685300794,3.4965075614664802,0.4871513396501541,0.6992306709289551,0.19006593525409698,0.3946378827095032,0.141937255859375,0.072509765625
10,6070,M17e_broad_sparse_peak_terrace,2.0791311365645493,2.441862140860993,4.938693381402717,3.8763151071997526,11.11111111111111,18.51851851851852,0.4275363087654114,0.28147487087759027,0.812887165876897,2.4414009612931853,2.5649493574615367,2.770631772579213,3.58351893845611,3.020127355638707,3.7612001156935624,3.7877923257788964,3.9219733362813143,3.6697688477038373,3.9512437185814275,3.63965941770731,3.5115454388310208,0.9134432476694381,0.8414327607875995,0.7743276838854214,0.8333069209571575,1.6676944494247437,1.246923804283142,1.568197786808014,1.1406614780426025,1.437381088733673,1.0861395597457886,3.0677824455408693,3.871201010907891,3.764971685300794,3.4965075614664802,0.4871513396501541,0.6992306709289551,0.19006593525409698,0.3946378827095032,0.141937255859375,0.072509765625
10,6070,M17f_broad_sparse_finetexture_terrace,2.0791311365645493,2.441862140860993,4.938693381402717,3.8763151071997526,11.11111111111111,18.51851851851852,0.4275363087654114,0.28147487087759027,0.812887165876897,2.4414009612931853,2.5649493574615367,2.770631772579213,3.58351893845611,3.020127355638707,3.7612001156935624,3.7877923257788964,3.9219733362813143,3.6697688477038373,3.9512437185814275,3.63965941770731,3.5115454388310208,0.9134432476694381,0.8414327607875995,0.7743276838854214,0.8333069209571575,1.6676944494247437,1.246923804283142,1.568197786808014,1.1406614780426025,1.437381088733673,1.0861395597457886,3.0677824455408693,3.871201010907891,3.764971685300794,3.4965075614664802,0.4871513396501541,0.6992306709289551,0.19006593525409698,0.3946378827095032,0.141937255859375,0.072509765625
10,6070,M17g_moderate_broad_topology_terrace,2.0791311365645493,2.441862140860993,4.938693381402717,3.8763151071997526,11.11111111111111,18.51851851851852,0.4275363087654114,0.28147487087759027,0.812887165876897,2.4414009612931853,2.5649493574615367,2.770631772579213,3.58351893845611,3.020127355638707,3.7612001156935624,3.7877923257788964,3.9219733362813143,3.6697688477038373,3.9512437185814275,3.63965941770731,3.5115454388310208,0.9134432476694381,0.8414327607875995,0.7743276838854214,0.8333069209571575,1.6676944494247437,1.246923804283142,1.568197786808014,1.1406614780426025,1.437381088733673,1.0861395597457886,3.0677824455408693,3.871201010907891,3.764971685300794,3.4965075614664802,0.4871513396501541,0.6992306709289551,0.19006593525409698,0.3946378827095032,0.141937255859375,0.072509765625
10,6070,M17h_hierarchical_sparse_island_terrace,2.0791311365645493,2.441862140860993,4.938693381402717,3.8763151071997526,11.11111111111111,18.51851851851852,0.4275363087654114,0.28147487087759027,0.812887165876897,2.4414009612931853,2.5649493574615367,2.770631772579213,3.58351893845611,3.020127355638707,3.7612001156935624,3.7877923257788964,3.9219733362813143,3.6697688477038373,3.9512437185814275,3.63965941770731,3.5115454388310208,0.9134432476694381,0.8414327607875995,0.7743276838854214,0.8333069209571575,1.6676944494247437,1.246923804283142,1.568197786808014,1.1406614780426025,1.437381088733673,1.0861395597457886,3.0677824455408693,3.871201010907891,3.764971685300794,3.4965075614664802,0.4871513396501541,0.6992306709289551,0.19006593525409698,0.3946378827095032,0.141937255859375,0.072509765625
10,6070,M17i_soft_hierarchical_island_terrace,2.0791311365645493,2.441862140860993,4.938693381402717,3.8763151071997526,11.11111111111111,18.51851851851852,0.4275363087654114,0.28147487087759027,0.812887165876897,2.4414009612931853,2.5649493574615367,2.770631772579213,3.58351893845611,3.020127355638707,3.7612001156935624,3.7877923257788964,3.9219733362813143,3.6697688477038373,3.9512437185814275,3.63965941770731,3.5115454388310208,0.9134432476694381,0.8414327607875995,0.7743276838854214,0.8333069209571575,1.6676944494247437,1.246923804283142,1.568197786808014,1.1406614780426025,1.437381088733673,1.0861395597457886,3.0677824455408693,3.871201010907891,3.764971685300794,3.4965075614664802,0.4871513396501541,0.6992306709289551,0.19006593525409698,0.3946378827095032,0.141937255859375,0.072509765625
11,6072,M10_dense_island_spectral_pareto,1.2936395064783697,1.5761893443418646,3.314987719862965,2.941606039639898,25.925925925925927,40.74074074074074,0.10880666971206665,0.504119257659303,0.6235637398780218,2.772588722239781,2.833213344056216,3.090008326826286,3.713572066704308,3.310036603265178,3.7612001156935624,3.246119917510236,4.330733340286331,3.5902253045627974,4.0943445622221,3.7488808503112843,3.8607297110405954,0.8784421715184894,0.8620689655172413,0.7885392228549735,0.8272724472112294,1.3245186805725098,1.2613524198532104,1.3038472533226013,1.1950405836105347,1.297530174255371,1.1319019794464111,3.0868930519509683,4.04305126783455,3.6605942783697394,3.5263605246161616,0.5052979290485382,0.7436349987983704,0.2368864268064499,0.404354989528656,0.071868896484375,0.07427978515625
11,6072,M16b_baseline_dense_microisland_terrace,1.8792703581668824,2.263511291094774,5.494786129590917,2.941606039639898,11.11111111111111,40.74074074074074,0.19335514307022095,1.1151322157072094,0.2522501209663641,2.596478425445105,2.833213344056216,3.461321945737944,3.713572066704308,3.7132745361986523,3.7612001156935624,3.185805923615928,4.330733340286331,2.979212346514891,4.0943445622221,3.1771850203986753,3.8607297110405954,0.9342261904761905,0.8620689655172413,0.7256580550999578,0.8272724472112294,1.3603585958480835,1.2613524198532104,1.3883957266807556,1.1950405836105347,1.3713842630386353,1.1319019794464111,3.257356345436265,4.04305126783455,3.6090884192017034,3.5263605246161616,0.5256171822547913,0.7436349987983704,0.2256322130560875,0.404354989528656,0.049102783203125,0.07427978515625
11,6072,M17a_fixed_sparse_peak_terrace,1.309685360144721,1.6311752896664482,5.12699664931884,2.941606039639898,11.11111111111111,40.74074074074074,0.004726409912109375,1.0447459387666687,0.6022839326686236,2.5649493574615367,2.833213344056216,3.1112881340356844,3.713572066704308,3.4175922930736506,3.7612001156935624,2.8015204524273347,4.330733340286331,3.0495986234554318,4.0943445622221,3.27267483016721,3.8607297110405954,0.8814297519335066,0.8620689655172413,0.8052524774987377,0.8272724472112294,1.2066274285316467,1.2613524198532104,1.1903141736984253,1.1950405836105347,1.171655535697937,1.1319019794464111,3.431901695726477,4.04305126783455,3.50334761341852,3.5263605246161616,0.5338544845581055,0.7436349987983704,0.2676861733198166,0.404354989528656,0.048370361328125,0.07427978515625
11,6072,M17b_topology_sparse_peak_terrace,1.3092498447245393,1.6330670629249058,5.144303752290556,2.941606039639898,11.11111111111111,40.74074074074074,0.006820380687713623,1.0447459387666687,0.6022839326686236,2.5649493574615367,2.833213344056216,3.1112881340356844,3.713572066704308,3.4175922930736506,3.7612001156935624,2.8015204524273347,4.330733340286331,3.0495986234554318,4.0943445622221,3.27267483016721,3.8607297110405954,0.8814297519335066,0.8620689655172413,0.8052524774987377,0.8272724472112294,1.20726877450943,1.2613524198532104,1.188220202922821,1.1950405836105347,1.1654390096664429,1.1319019794464111,3.431901695726477,4.04305126783455,3.50334761341852,3.5263605246161616,0.5324887931346893,0.7436349987983704,0.2673587203025818,0.404354989528656,0.048187255859375,0.07427978515625
11,6072,M17c_topology_sparse_finetexture_terrace,1.208125876211576,1.6205120369461663,5.846696303807531,2.941606039639898,11.11111111111111,40.74074074074074,0.022692561149597168,1.1099907822294175,0.440897236537098,2.7403194616709956,2.833213344056216,3.27267483016721,3.713572066704308,3.58351893845611,3.7612001156935624,2.8029010331479984,4.330733340286331,2.984353779992683,4.0943445622221,3.044522437723423,3.8607297110405954,0.8775,0.8620689655172413,0.822815502151082,0.8272724472112294,1.201008379459381,1.2613524198532104,1.1723480224609375,1.1950405836105347,1.149710774421692,1.1319019794464111,3.524627420627918,4.04305126783455,3.3649120352447377,3.5263605246161616,0.5543240606784821,0.7436349987983704,0.31413058936595917,0.404354989528656,0.043304443359375,0.07427978515625
11,6072,M17d_multiscale_texture_no_peak_terrace,1.162348678092406,1.5625145903310973,5.734716538347327,2.941606039639898,11.11111111111111,40.74074074074074,0.02181917428970337,1.106486467152179,0.38392510686248915,2.7403194616709956,2.833213344056216,3.329646959841819,3.713572066704308,3.58351893845611,3.7612001156935624,2.8029010331479984,4.330733340286331,2.9878580950699214,4.0943445622221,3.0677824455408693,3.8607297110405954,0.8709929992630803,0.8620689655172413,0.8193351242987632,0.8272724472112294,1.2045026421546936,1.2613524198532104,1.1732214093208313,1.1950405836105347,1.1514793038368225,1.1319019794464111,3.5773076784568314,4.04305126783455,3.2930858274273374,3.5263605246161616,0.5641517043113708,0.7436349987983704,0.33314386010169983,0.404354989528656,0.041717529296875,0.07427978515625
11,6072,M17e_broad_sparse_peak_terrace,1.4068273468157333,1.7078209250219112,5.181331615953152,2.941606039639898,11.11111111111111,40.74074074074074,0.02195078134536743,0.7896699406384102,0.6062680174932122,2.452637389219215,2.833213344056216,3.1073040492110957,3.713572066704308,3.3140206880897667,3.7612001156935624,2.6020033435383976,4.330733340286331,3.30467462158369,4.0943445622221,3.352207177482054,3.8607297110405954,0.8780882352941176,0.8620689655172413,0.7849142192384699,0.8272724472112294,1.1931883096694946,1.2613524198532104,1.1730898022651672,1.1950405836105347,1.1714137196540833,1.1319019794464111,3.414356035820842,4.04305126783455,3.4807664923313038,3.5263605246161616,0.5128998458385468,0.7436349987983704,0.24375197291374207,0.404354989528656,0.054901123046875,0.07427978515625
11,6072,M17f_broad_sparse_finetexture_terrace,1.2922494941519664,1.6045616595339682,5.207343046573946,2.941606039639898,11.11111111111111,40.74074074074074,0.020167112350463867,1.0298194571918278,0.5167766897289923,2.70805020110221,2.833213344056216,3.1967953769753157,3.713572066704308,3.367295829986474,3.7612001156935624,2.6020033435383976,4.330733340286331,3.0645251050302726,4.0943445622221,3.312696184003978,3.8607297110405954,0.8822976942607463,0.8620689655172413,0.8067065023187421,0.8272724472112294,1.193419098854065,1.2613524198532104,1.1748734712600708,1.1950405836105347,1.159241497516632,1.1319019794464111,3.448852471564318,4.04305126783455,3.457613646910419,3.5263605246161616,0.5359649658203125,0.7436349987983704,0.2794795334339142,0.404354989528656,0.048614501953125,0.07427978515625
11,6072,M17g_moderate_broad_topology_terrace,1.3918876012663235,1.6940212084949164,5.144876716500297,2.941606039639898,11.11111111111111,40.74074074074074,0.015263915061950684,1.0206448878577294,0.5586129275910494,2.70805020110221,2.833213344056216,3.1549591391132585,3.713572066704308,3.332204510175204,3.7612001156935624,2.6020033435383976,4.330733340286331,3.073699674364371,4.0943445622221,3.326431514676673,3.8607297110405954,0.8910303928836175,0.8620689655172413,0.7883816851523628,0.8272724472112294,1.1957777738571167,1.2613524198532104,1.179776668548584,1.1950405836105347,1.1690911054611206,1.1319019794464111,3.431901695726477,4.04305126783455,3.473487996067709,3.5263605246161616,0.5305125713348389,0.7436349987983704,0.26516193151474,0.404354989528656,0.0498046875,0.07427978515625
11,6072,M17h_hierarchical_sparse_island_terrace,1.4216775018111951,1.7409494710921642,5.819409492036243,2.941606039639898,11.11111111111111,40.74074074074074,0.013757944107055664,1.130881549236895,0.5252085927549945,2.70805020110221,2.833213344056216,3.1883634739493134,3.713572066704308,3.257356345436265,3.7612001156935624,2.6741486494265287,4.330733340286331,2.9634630129852053,4.0943445622221,3.198464827608073,3.8607297110405954,0.8819444444444444,0.8620689655172413,0.817297324230552,0.8272724472112294,1.1639899015426636,1.2613524198532104,1.181282639503479,1.1950405836105347,1.268206238746643,1.1319019794464111,3.4637789531391583,4.04305126783455,3.3667009459186796,3.5263605246161616,0.5245634615421295,0.7436349987983704,0.26739710569381714,0.404354989528656,0.056427001953125,0.07427978515625
11,6072,M17i_soft_hierarchical_island_terrace,1.2770910979392651,1.6547766807790392,5.8656416099777715,2.941606039639898,11.11111111111111,40.74074074074074,0.015211880207061768,1.0986122886681096,0.4008758827003298,2.770631772579213,2.833213344056216,3.312696184003978,3.713572066704308,3.40064151723581,3.7612001156935624,2.6364997792818734,4.330733340286331,2.995732273553991,4.0943445622221,3.1269144057877365,3.8607297110405954,0.872671568627451,0.8620689655172413,0.8248808169362197,0.8272724472112294,1.1792352795600891,1.2613524198532104,1.179828703403473,1.1950405836105347,1.2268130779266357,1.1319019794464111,3.49466763298728,4.04305126783455,3.3649120352447377,3.5263605246161616,0.5442432761192322,0.7436349987983704,0.29065312445163727,0.404354989528656,0.049072265625,0.07427978515625
12,6078,M10_dense_island_spectral_pareto,1.2408261476786229,1.462933929072962,3.622129647094933,2.441445025011497,22.22222222222222,59.25925925925926,0.10300767421722412,0.21219528867002513,0.6005059517214608,2.4414009612931853,2.8314802400679726,3.1771850203986753,3.777690972120136,3.3006150593644383,3.881510654509259,3.563445404449404,4.282419922441795,3.8127975360662267,4.024992824736252,3.5964671106078994,3.5964671106078994,0.8998270750988142,0.8647179219379074,0.7919774760718048,0.8174364249326089,1.346701443195343,1.2785679697990417,1.3150219917297363,1.2120143175125122,1.3546053767204285,1.1767592430114746,3.268345798795653,4.007333185232471,3.255129170261575,3.42506308307275,0.49673500657081604,0.720882385969162,0.21924018114805222,0.38375215232372284,0.080352783203125,0.05621337890625
12,6078,M16b_baseline_dense_microisland_terrace,1.8619113913189733,2.09607434268686,4.706568463498667,2.441445025011497,11.11111111111111,59.25925925925926,0.30599159002304077,0.2947476718235835,0.8236495030356705,2.302585092994046,2.8314802400679726,2.9540414690844656,3.777690972120136,3.113268334643733,3.881510654509259,3.7365345440160986,4.282419922441795,3.7302451529126683,4.024992824736252,3.7494348669884654,3.5964671106078994,0.9182692307692308,0.8647179219379074,0.7757479508368709,0.8174364249326089,1.6417965292930603,1.2785679697990417,1.518005907535553,1.2120143175125122,1.4124464988708496,1.1767592430114746,3.1073040492110957,4.007333185232471,3.488873825401086,3.42506308307275,0.513497531414032,0.720882385969162,0.19871435314416885,0.38375215232372284,0.126434326171875,0.05621337890625
12,6078,M17a_fixed_sparse_peak_terrace,1.8619113913189733,2.09607434268686,4.706568463498667,2.441445025011497,11.11111111111111,59.25925925925926,0.30599159002304077,0.2947476718235835,0.8236495030356705,2.302585092994046,2.8314802400679726,2.9540414690844656,3.777690972120136,3.113268334643733,3.881510654509259,3.7365345440160986,4.282419922441795,3.7302451529126683,4.024992824736252,3.7494348669884654,3.5964671106078994,0.9182692307692308,0.8647179219379074,0.7757479508368709,0.8174364249326089,1.6417965292930603,1.2785679697990417,1.518005907535553,1.2120143175125122,1.4124464988708496,1.1767592430114746,3.1073040492110957,4.007333185232471,3.488873825401086,3.42506308307275,0.513497531414032,0.720882385969162,0.19871435314416885,0.38375215232372284,0.126434326171875,0.05621337890625
12,6078,M17b_topology_sparse_peak_terrace,1.8619113913189733,2.09607434268686,4.706568463498667,2.441445025011497,11.11111111111111,59.25925925925926,0.30599159002304077,0.2947476718235835,0.8236495030356705,2.302585092994046,2.8314802400679726,2.9540414690844656,3.777690972120136,3.113268334643733,3.881510654509259,3.7365345440160986,4.282419922441795,3.7302451529126683,4.024992824736252,3.7494348669884654,3.5964671106078994,0.9182692307692308,0.8647179219379074,0.7757479508368709,0.8174364249326089,1.6417965292930603,1.2785679697990417,1.518005907535553,1.2120143175125122,1.4124464988708496,1.1767592430114746,3.1073040492110957,4.007333185232471,3.488873825401086,3.42506308307275,0.513497531414032,0.720882385969162,0.19871435314416885,0.38375215232372284,0.126434326171875,0.05621337890625
12,6078,M17c_topology_sparse_finetexture_terrace,1.8619113913189733,2.09607434268686,4.706568463498667,2.441445025011497,11.11111111111111,59.25925925925926,0.30599159002304077,0.2947476718235835,0.8236495030356705,2.302585092994046,2.8314802400679726,2.9540414690844656,3.777690972120136,3.113268334643733,3.881510654509259,3.7365345440160986,4.282419922441795,3.7302451529126683,4.024992824736252,3.7494348669884654,3.5964671106078994,0.9182692307692308,0.8647179219379074,0.7757479508368709,0.8174364249326089,1.6417965292930603,1.2785679697990417,1.518005907535553,1.2120143175125122,1.4124464988708496,1.1767592430114746,3.1073040492110957,4.007333185232471,3.488873825401086,3.42506308307275,0.513497531414032,0.720882385969162,0.19871435314416885,0.38375215232372284,0.126434326171875,0.05621337890625
12,6078,M17d_multiscale_texture_no_peak_terrace,1.8619113913189733,2.09607434268686,4.706568463498667,2.441445025011497,11.11111111111111,59.25925925925926,0.30599159002304077,0.2947476718235835,0.8236495030356705,2.302585092994046,2.8314802400679726,2.9540414690844656,3.777690972120136,3.113268334643733,3.881510654509259,3.7365345440160986,4.282419922441795,3.7302451529126683,4.024992824736252,3.7494348669884654,3.5964671106078994,0.9182692307692308,0.8647179219379074,0.7757479508368709,0.8174364249326089,1.6417965292930603,1.2785679697990417,1.518005907535553,1.2120143175125122,1.4124464988708496,1.1767592430114746,3.1073040492110957,4.007333185232471,3.488873825401086,3.42506308307275,0.513497531414032,0.720882385969162,0.19871435314416885,0.38375215232372284,0.126434326171875,0.05621337890625
12,6078,M17e_broad_sparse_peak_terrace,1.8619113913189733,2.09607434268686,4.706568463498667,2.441445025011497,11.11111111111111,59.25925925925926,0.30599159002304077,0.2947476718235835,0.8236495030356705,2.302585092994046,2.8314802400679726,2.9540414690844656,3.777690972120136,3.113268334643733,3.881510654509259,3.7365345440160986,4.282419922441795,3.7302451529126683,4.024992824736252,3.7494348669884654,3.5964671106078994,0.9182692307692308,0.8647179219379074,0.7757479508368709,0.8174364249326089,1.6417965292930603,1.2785679697990417,1.518005907535553,1.2120143175125122,1.4124464988708496,1.1767592430114746,3.1073040492110957,4.007333185232471,3.488873825401086,3.42506308307275,0.513497531414032,0.720882385969162,0.19871435314416885,0.38375215232372284,0.126434326171875,0.05621337890625
12,6078,M17f_broad_sparse_finetexture_terrace,1.8619113913189733,2.09607434268686,4.706568463498667,2.441445025011497,11.11111111111111,59.25925925925926,0.30599159002304077,0.2947476718235835,0.8236495030356705,2.302585092994046,2.8314802400679726,2.9540414690844656,3.777690972120136,3.113268334643733,3.881510654509259,3.7365345440160986,4.282419922441795,3.7302451529126683,4.024992824736252,3.7494348669884654,3.5964671106078994,0.9182692307692308,0.8647179219379074,0.7757479508368709,0.8174364249326089,1.6417965292930603,1.2785679697990417,1.518005907535553,1.2120143175125122,1.4124464988708496,1.1767592430114746,3.1073040492110957,4.007333185232471,3.488873825401086,3.42506308307275,0.513497531414032,0.720882385969162,0.19871435314416885,0.38375215232372284,0.126434326171875,0.05621337890625
12,6078,M17g_moderate_broad_topology_terrace,1.8619113913189733,2.09607434268686,4.706568463498667,2.441445025011497,11.11111111111111,59.25925925925926,0.30599159002304077,0.2947476718235835,0.8236495030356705,2.302585092994046,2.8314802400679726,2.9540414690844656,3.777690972120136,3.113268334643733,3.881510654509259,3.7365345440160986,4.282419922441795,3.7302451529126683,4.024992824736252,3.7494348669884654,3.5964671106078994,0.9182692307692308,0.8647179219379074,0.7757479508368709,0.8174364249326089,1.6417965292930603,1.2785679697990417,1.518005907535553,1.2120143175125122,1.4124464988708496,1.1767592430114746,3.1073040492110957,4.007333185232471,3.488873825401086,3.42506308307275,0.513497531414032,0.720882385969162,0.19871435314416885,0.38375215232372284,0.126434326171875,0.05621337890625
12,6078,M17h_hierarchical_sparse_island_terrace,1.8619113913189733,2.09607434268686,4.706568463498667,2.441445025011497,11.11111111111111,59.25925925925926,0.30599159002304077,0.2947476718235835,0.8236495030356705,2.302585092994046,2.8314802400679726,2.9540414690844656,3.777690972120136,3.113268334643733,3.881510654509259,3.7365345440160986,4.282419922441795,3.7302451529126683,4.024992824736252,3.7494348669884654,3.5964671106078994,0.9182692307692308,0.8647179219379074,0.7757479508368709,0.8174364249326089,1.6417965292930603,1.2785679697990417,1.518005907535553,1.2120143175125122,1.4124464988708496,1.1767592430114746,3.1073040492110957,4.007333185232471,3.488873825401086,3.42506308307275,0.513497531414032,0.720882385969162,0.19871435314416885,0.38375215232372284,0.126434326171875,0.05621337890625
12,6078,M17i_soft_hierarchical_island_terrace,1.8619113913189733,2.09607434268686,4.706568463498667,2.441445025011497,11.11111111111111,59.25925925925926,0.30599159002304077,0.2947476718235835,0.8236495030356705,2.302585092994046,2.8314802400679726,2.9540414690844656,3.777690972120136,3.113268334643733,3.881510654509259,3.7365345440160986,4.282419922441795,3.7302451529126683,4.024992824736252,3.7494348669884654,3.5964671106078994,0.9182692307692308,0.8647179219379074,0.7757479508368709,0.8174364249326089,1.6417965292930603,1.2785679697990417,1.518005907535553,1.2120143175125122,1.4124464988708496,1.1767592430114746,3.1073040492110957,4.007333185232471,3.488873825401086,3.42506308307275,0.513497531414032,0.720882385969162,0.19871435314416885,0.38375215232372284,0.126434326171875,0.05621337890625
13,6080,M10_dense_island_spectral_pareto,1.56087248731346,1.8060792811173583,3.943941852158831,3.0754470424016898,18.51851851851852,37.03703703703704,0.2727072834968567,0.7257168316454257,0.49041462650586265,2.4814223151299535,2.5619819897016294,2.93886789088982,3.4292825173956825,3.2769667020129054,3.6622449896742664,3.4533773893242765,5.330625688091023,3.9607678160667747,4.6864846477122,3.379917574452757,3.810352543419131,0.8849991646449671,0.8702433777060643,0.7859196435514442,0.8248144362813488,1.3646019101142883,1.1419971585273743,1.317301630973816,1.0445943474769592,1.3335205912590027,1.0052145421504974,3.1567740231385475,3.8481063196732035,3.7221243247483526,3.802696182407467,0.4835936278104782,0.690293937921524,0.20059647411108017,0.2735916078090668,0.089599609375,0.085479736328125
13,6080,M16b_baseline_dense_microisland_terrace,2.0213401248061946,2.5604338200069674,5.2216608860394444,3.0754470424016898,11.11111111111111,37.03703703703704,0.5620941519737244,0.8661226708478234,0.4848435382292422,2.3937458713910233,2.5619819897016294,2.9444389791664403,3.4292825173956825,3.06561324474157,3.6622449896742664,3.797693639426986,5.330625688091023,3.820361976864377,4.6864846477122,3.7256208424938384,3.810352543419131,0.8973465371970676,0.8702433777060643,0.7955181634016603,0.8248144362813488,1.6861443519592285,1.1419971585273743,1.6066884994506836,1.0445943474769592,1.4515092372894287,1.0052145421504974,3.113268334643733,3.8481063196732035,3.7012257604091223,3.802696182407467,0.4963730275630951,0.690293937921524,0.1901116445660591,0.2735916078090668,0.1417236328125,0.085479736328125
13,6080,M17a_fixed_sparse_peak_terrace,2.0213401248061946,2.5604338200069674,5.2216608860394444,3.0754470424016898,11.11111111111111,37.03703703703704,0.5620941519737244,0.8661226708478234,0.4848435382292422,2.3937458713910233,2.5619819897016294,2.9444389791664403,3.4292825173956825,3.06561324474157,3.6622449896742664,3.797693639426986,5.330625688091023,3.820361976864377,4.6864846477122,3.7256208424938384,3.810352543419131,0.8973465371970676,0.8702433777060643,0.7955181634016603,0.8248144362813488,1.6861443519592285,1.1419971585273743,1.6066884994506836,1.0445943474769592,1.4515092372894287,1.0052145421504974,3.113268334643733,3.8481063196732035,3.7012257604091223,3.802696182407467,0.4963730275630951,0.690293937921524,0.1901116445660591,0.2735916078090668,0.1417236328125,0.085479736328125
13,6080,M17b_topology_sparse_peak_terrace,2.0213401248061946,2.5604338200069674,5.2216608860394444,3.0754470424016898,11.11111111111111,37.03703703703704,0.5620941519737244,0.8661226708478234,0.4848435382292422,2.3937458713910233,2.5619819897016294,2.9444389791664403,3.4292825173956825,3.06561324474157,3.6622449896742664,3.797693639426986,5.330625688091023,3.820361976864377,4.6864846477122,3.7256208424938384,3.810352543419131,0.8973465371970676,0.8702433777060643,0.7955181634016603,0.8248144362813488,1.6861443519592285,1.1419971585273743,1.6066884994506836,1.0445943474769592,1.4515092372894287,1.0052145421504974,3.113268334643733,3.8481063196732035,3.7012257604091223,3.802696182407467,0.4963730275630951,0.690293937921524,0.1901116445660591,0.2735916078090668,0.1417236328125,0.085479736328125
13,6080,M17c_topology_sparse_finetexture_terrace,2.0213401248061946,2.5604338200069674,5.2216608860394444,3.0754470424016898,11.11111111111111,37.03703703703704,0.5620941519737244,0.8661226708478234,0.4848435382292422,2.3937458713910233,2.5619819897016294,2.9444389791664403,3.4292825173956825,3.06561324474157,3.6622449896742664,3.797693639426986,5.330625688091023,3.820361976864377,4.6864846477122,3.7256208424938384,3.810352543419131,0.8973465371970676,0.8702433777060643,0.7955181634016603,0.8248144362813488,1.6861443519592285,1.1419971585273743,1.6066884994506836,1.0445943474769592,1.4515092372894287,1.0052145421504974,3.113268334643733,3.8481063196732035,3.7012257604091223,3.802696182407467,0.4963730275630951,0.690293937921524,0.1901116445660591,0.2735916078090668,0.1417236328125,0.085479736328125
13,6080,M17d_multiscale_texture_no_peak_terrace,2.0213401248061946,2.5604338200069674,5.2216608860394444,3.0754470424016898,11.11111111111111,37.03703703703704,0.5620941519737244,0.8661226708478234,0.4848435382292422,2.3937458713910233,2.5619819897016294,2.9444389791664403,3.4292825173956825,3.06561324474157,3.6622449896742664,3.797693639426986,5.330625688091023,3.820361976864377,4.6864846477122,3.7256208424938384,3.810352543419131,0.8973465371970676,0.8702433777060643,0.7955181634016603,0.8248144362813488,1.6861443519592285,1.1419971585273743,1.6066884994506836,1.0445943474769592,1.4515092372894287,1.0052145421504974,3.113268334643733,3.8481063196732035,3.7012257604091223,3.802696182407467,0.4963730275630951,0.690293937921524,0.1901116445660591,0.2735916078090668,0.1417236328125,0.085479736328125
13,6080,M17e_broad_sparse_peak_terrace,2.0213401248061946,2.5604338200069674,5.2216608860394444,3.0754470424016898,11.11111111111111,37.03703703703704,0.5620941519737244,0.8661226708478234,0.4848435382292422,2.3937458713910233,2.5619819897016294,2.9444389791664403,3.4292825173956825,3.06561324474157,3.6622449896742664,3.797693639426986,5.330625688091023,3.820361976864377,4.6864846477122,3.7256208424938384,3.810352543419131,0.8973465371970676,0.8702433777060643,0.7955181634016603,0.8248144362813488,1.6861443519592285,1.1419971585273743,1.6066884994506836,1.0445943474769592,1.4515092372894287,1.0052145421504974,3.113268334643733,3.8481063196732035,3.7012257604091223,3.802696182407467,0.4963730275630951,0.690293937921524,0.1901116445660591,0.2735916078090668,0.1417236328125,0.085479736328125
13,6080,M17f_broad_sparse_finetexture_terrace,2.0213401248061946,2.5604338200069674,5.2216608860394444,3.0754470424016898,11.11111111111111,37.03703703703704,0.5620941519737244,0.8661226708478234,0.4848435382292422,2.3937458713910233,2.5619819897016294,2.9444389791664403,3.4292825173956825,3.06561324474157,3.6622449896742664,3.797693639426986,5.330625688091023,3.820361976864377,4.6864846477122,3.7256208424938384,3.810352543419131,0.8973465371970676,0.8702433777060643,0.7955181634016603,0.8248144362813488,1.6861443519592285,1.1419971585273743,1.6066884994506836,1.0445943474769592,1.4515092372894287,1.0052145421504974,3.113268334643733,3.8481063196732035,3.7012257604091223,3.802696182407467,0.4963730275630951,0.690293937921524,0.1901116445660591,0.2735916078090668,0.1417236328125,0.085479736328125
13,6080,M17g_moderate_broad_topology_terrace,2.0213401248061946,2.5604338200069674,5.2216608860394444,3.0754470424016898,11.11111111111111,37.03703703703704,0.5620941519737244,0.8661226708478234,0.4848435382292422,2.3937458713910233,2.5619819897016294,2.9444389791664403,3.4292825173956825,3.06561324474157,3.6622449896742664,3.797693639426986,5.330625688091023,3.820361976864377,4.6864846477122,3.7256208424938384,3.810352543419131,0.8973465371970676,0.8702433777060643,0.7955181634016603,0.8248144362813488,1.6861443519592285,1.1419971585273743,1.6066884994506836,1.0445943474769592,1.4515092372894287,1.0052145421504974,3.113268334643733,3.8481063196732035,3.7012257604091223,3.802696182407467,0.4963730275630951,0.690293937921524,0.1901116445660591,0.2735916078090668,0.1417236328125,0.085479736328125
13,6080,M17h_hierarchical_sparse_island_terrace,2.0213401248061946,2.5604338200069674,5.2216608860394444,3.0754470424016898,11.11111111111111,37.03703703703704,0.5620941519737244,0.8661226708478234,0.4848435382292422,2.3937458713910233,2.5619819897016294,2.9444389791664403,3.4292825173956825,3.06561324474157,3.6622449896742664,3.797693639426986,5.330625688091023,3.820361976864377,4.6864846477122,3.7256208424938384,3.810352543419131,0.8973465371970676,0.8702433777060643,0.7955181634016603,0.8248144362813488,1.6861443519592285,1.1419971585273743,1.6066884994506836,1.0445943474769592,1.4515092372894287,1.0052145421504974,3.113268334643733,3.8481063196732035,3.7012257604091223,3.802696182407467,0.4963730275630951,0.690293937921524,0.1901116445660591,0.2735916078090668,0.1417236328125,0.085479736328125
13,6080,M17i_soft_hierarchical_island_terrace,2.0213401248061946,2.5604338200069674,5.2216608860394444,3.0754470424016898,11.11111111111111,37.03703703703704,0.5620941519737244,0.8661226708478234,0.4848435382292422,2.3937458713910233,2.5619819897016294,2.9444389791664403,3.4292825173956825,3.06561324474157,3.6622449896742664,3.797693639426986,5.330625688091023,3.820361976864377,4.6864846477122,3.7256208424938384,3.810352543419131,0.8973465371970676,0.8702433777060643,0.7955181634016603,0.8248144362813488,1.6861443519592285,1.1419971585273743,1.6066884994506836,1.0445943474769592,1.4515092372894287,1.0052145421504974,3.113268334643733,3.8481063196732035,3.7012257604091223,3.802696182407467,0.4963730275630951,0.690293937921524,0.1901116445660591,0.2735916078090668,0.1417236328125,0.085479736328125
14,6082,M10_dense_island_spectral_pareto,0.9921799698222147,1.1823919813399708,4.019792075796775,3.742761087790996,18.51851851851852,22.22222222222222,0.07551652193069458,0.38636864857090014,0.34709415253417797,2.2499048351651325,2.70805020110221,3.0868930519509683,3.4339872044851463,3.1780538303479458,3.6375861597263857,3.362516821083421,4.400603020246817,4.156926133699104,4.543294782270004,3.6768611651998153,3.871201010907891,0.8759469696969697,0.8888888888888888,0.8098855685313664,0.7516060590292841,1.3218073844909668,1.312340497970581,1.3113650679588318,1.2358485460281372,1.343155860900879,1.1538513898849487,3.1513094878724526,3.6635616461296463,3.380786384402028,3.4339872044851463,0.4810703694820404,0.5832875967025757,0.21096453070640564,0.2570411264896393,0.080169677734375,0.0675048828125
14,6082,M16b_baseline_dense_microisland_terrace,1.5671097392345072,1.8140884052813973,5.0604032065749,3.742761087790996,11.11111111111111,22.22222222222222,0.3428947329521179,0.6132022535339212,0.7281641785576265,2.4849066497880004,2.70805020110221,2.7058230259275198,3.4339872044851463,2.9907071056272403,3.6375861597263857,3.49466763298728,4.400603020246817,3.9300925287360826,4.543294782270004,3.8380049660144437,3.871201010907891,0.90265625,0.8888888888888888,0.8044432523656485,0.7516060590292841,1.67106032371521,1.312340497970581,1.5787432789802551,1.2358485460281372,1.417378306388855,1.1538513898849487,3.0677824455408693,3.6635616461296463,3.6653664060874664,3.4339872044851463,0.48615260422229767,0.5832875967025757,0.18890666216611862,0.2570411264896393,0.13421630859375,0.0675048828125
14,6082,M17a_fixed_sparse_peak_terrace,1.5671097392345072,1.8140884052813973,5.0604032065749,3.742761087790996,11.11111111111111,22.22222222222222,0.3428947329521179,0.6132022535339212,0.7281641785576265,2.4849066497880004,2.70805020110221,2.7058230259275198,3.4339872044851463,2.9907071056272403,3.6375861597263857,3.49466763298728,4.400603020246817,3.9300925287360826,4.543294782270004,3.8380049660144437,3.871201010907891,0.90265625,0.8888888888888888,0.8044432523656485,0.7516060590292841,1.67106032371521,1.312340497970581,1.5787432789802551,1.2358485460281372,1.417378306388855,1.1538513898849487,3.0677824455408693,3.6635616461296463,3.6653664060874664,3.4339872044851463,0.48615260422229767,0.5832875967025757,0.18890666216611862,0.2570411264896393,0.13421630859375,0.0675048828125
14,6082,M17b_topology_sparse_peak_terrace,1.5671097392345072,1.8140884052813973,5.0604032065749,3.742761087790996,11.11111111111111,22.22222222222222,0.3428947329521179,0.6132022535339212,0.7281641785576265,2.4849066497880004,2.70805020110221,2.7058230259275198,3.4339872044851463,2.9907071056272403,3.6375861597263857,3.49466763298728,4.400603020246817,3.9300925287360826,4.543294782270004,3.8380049660144437,3.871201010907891,0.90265625,0.8888888888888888,0.8044432523656485,0.7516060590292841,1.67106032371521,1.312340497970581,1.5787432789802551,1.2358485460281372,1.417378306388855,1.1538513898849487,3.0677824455408693,3.6635616461296463,3.6653664060874664,3.4339872044851463,0.48615260422229767,0.5832875967025757,0.18890666216611862,0.2570411264896393,0.13421630859375,0.0675048828125
14,6082,M17c_topology_sparse_finetexture_terrace,1.5671097392345072,1.8140884052813973,5.0604032065749,3.742761087790996,11.11111111111111,22.22222222222222,0.3428947329521179,0.6132022535339212,0.7281641785576265,2.4849066497880004,2.70805020110221,2.7058230259275198,3.4339872044851463,2.9907071056272403,3.6375861597263857,3.49466763298728,4.400603020246817,3.9300925287360826,4.543294782270004,3.8380049660144437,3.871201010907891,0.90265625,0.8888888888888888,0.8044432523656485,0.7516060590292841,1.67106032371521,1.312340497970581,1.5787432789802551,1.2358485460281372,1.417378306388855,1.1538513898849487,3.0677824455408693,3.6635616461296463,3.6653664060874664,3.4339872044851463,0.48615260422229767,0.5832875967025757,0.18890666216611862,0.2570411264896393,0.13421630859375,0.0675048828125
14,6082,M17d_multiscale_texture_no_peak_terrace,1.5671097392345072,1.8140884052813973,5.0604032065749,3.742761087790996,11.11111111111111,22.22222222222222,0.3428947329521179,0.6132022535339212,0.7281641785576265,2.4849066497880004,2.70805020110221,2.7058230259275198,3.4339872044851463,2.9907071056272403,3.6375861597263857,3.49466763298728,4.400603020246817,3.9300925287360826,4.543294782270004,3.8380049660144437,3.871201010907891,0.90265625,0.8888888888888888,0.8044432523656485,0.7516060590292841,1.67106032371521,1.312340497970581,1.5787432789802551,1.2358485460281372,1.417378306388855,1.1538513898849487,3.0677824455408693,3.6635616461296463,3.6653664060874664,3.4339872044851463,0.48615260422229767,0.5832875967025757,0.18890666216611862,0.2570411264896393,0.13421630859375,0.0675048828125
14,6082,M17e_broad_sparse_peak_terrace,1.5671097392345072,1.8140884052813973,5.0604032065749,3.742761087790996,11.11111111111111,22.22222222222222,0.3428947329521179,0.6132022535339212,0.7281641785576265,2.4849066497880004,2.70805020110221,2.7058230259275198,3.4339872044851463,2.9907071056272403,3.6375861597263857,3.49466763298728,4.400603020246817,3.9300925287360826,4.543294782270004,3.8380049660144437,3.871201010907891,0.90265625,0.8888888888888888,0.8044432523656485,0.7516060590292841,1.67106032371521,1.312340497970581,1.5787432789802551,1.2358485460281372,1.417378306388855,1.1538513898849487,3.0677824455408693,3.6635616461296463,3.6653664060874664,3.4339872044851463,0.48615260422229767,0.5832875967025757,0.18890666216611862,0.2570411264896393,0.13421630859375,0.0675048828125
14,6082,M17f_broad_sparse_finetexture_terrace,1.5671097392345072,1.8140884052813973,5.0604032065749,3.742761087790996,11.11111111111111,22.22222222222222,0.3428947329521179,0.6132022535339212,0.7281641785576265,2.4849066497880004,2.70805020110221,2.7058230259275198,3.4339872044851463,2.9907071056272403,3.6375861597263857,3.49466763298728,4.400603020246817,3.9300925287360826,4.543294782270004,3.8380049660144437,3.871201010907891,0.90265625,0.8888888888888888,0.8044432523656485,0.7516060590292841,1.67106032371521,1.312340497970581,1.5787432789802551,1.2358485460281372,1.417378306388855,1.1538513898849487,3.0677824455408693,3.6635616461296463,3.6653664060874664,3.4339872044851463,0.48615260422229767,0.5832875967025757,0.18890666216611862,0.2570411264896393,0.13421630859375,0.0675048828125
14,6082,M17g_moderate_broad_topology_terrace,1.5671097392345072,1.8140884052813973,5.0604032065749,3.742761087790996,11.11111111111111,22.22222222222222,0.3428947329521179,0.6132022535339212,0.7281641785576265,2.4849066497880004,2.70805020110221,2.7058230259275198,3.4339872044851463,2.9907071056272403,3.6375861597263857,3.49466763298728,4.400603020246817,3.9300925287360826,4.543294782270004,3.8380049660144437,3.871201010907891,0.90265625,0.8888888888888888,0.8044432523656485,0.7516060590292841,1.67106032371521,1.312340497970581,1.5787432789802551,1.2358485460281372,1.417378306388855,1.1538513898849487,3.0677824455408693,3.6635616461296463,3.6653664060874664,3.4339872044851463,0.48615260422229767,0.5832875967025757,0.18890666216611862,0.2570411264896393,0.13421630859375,0.0675048828125
14,6082,M17h_hierarchical_sparse_island_terrace,1.5671097392345072,1.8140884052813973,5.0604032065749,3.742761087790996,11.11111111111111,22.22222222222222,0.3428947329521179,0.6132022535339212,0.7281641785576265,2.4849066497880004,2.70805020110221,2.7058230259275198,3.4339872044851463,2.9907071056272403,3.6375861597263857,3.49466763298728,4.400603020246817,3.9300925287360826,4.543294782270004,3.8380049660144437,3.871201010907891,0.90265625,0.8888888888888888,0.8044432523656485,0.7516060590292841,1.67106032371521,1.312340497970581,1.5787432789802551,1.2358485460281372,1.417378306388855,1.1538513898849487,3.0677824455408693,3.6635616461296463,3.6653664060874664,3.4339872044851463,0.48615260422229767,0.5832875967025757,0.18890666216611862,0.2570411264896393,0.13421630859375,0.0675048828125
14,6082,M17i_soft_hierarchical_island_terrace,1.5671097392345072,1.8140884052813973,5.0604032065749,3.742761087790996,11.11111111111111,22.22222222222222,0.3428947329521179,0.6132022535339212,0.7281641785576265,2.4849066497880004,2.70805020110221,2.7058230259275198,3.4339872044851463,2.9907071056272403,3.6375861597263857,3.49466763298728,4.400603020246817,3.9300925287360826,4.543294782270004,3.8380049660144437,3.871201010907891,0.90265625,0.8888888888888888,0.8044432523656485,0.7516060590292841,1.67106032371521,1.312340497970581,1.5787432789802551,1.2358485460281372,1.417378306388855,1.1538513898849487,3.0677824455408693,3.6635616461296463,3.6653664060874664,3.4339872044851463,0.48615260422229767,0.5832875967025757,0.18890666216611862,0.2570411264896393,0.13421630859375,0.0675048828125
15,6084,M10_dense_island_spectral_pareto,1.7085421817460202,1.9204396977087905,4.726222198457519,3.289944568398289,11.11111111111111,29.62962962962963,0.20645874738693237,0.010769356430130994,0.9988817553327847,1.9459101490553132,3.198464827608073,2.8617925509761903,3.860674306308975,3.1549591391132585,3.9207464622300066,3.1266739633690612,4.103018881389406,3.9350829732349224,3.9458523296650534,3.5763301610389298,3.57652581746874,0.8996894409937888,0.9206699346405229,0.7378521957402426,0.7745965550844633,1.3891032934188843,1.2550053000450134,1.3855857849121094,1.179127037525177,1.342528760433197,1.1377792954444885,2.9700856263602153,3.998158615898373,3.7477709719421277,3.1675271257490296,0.46737174689769745,0.6884288787841797,0.19175679981708527,0.3429757207632065,0.09283447265625,0.050262451171875
15,6084,M16b_baseline_dense_microisland_terrace,2.1657612329004126,2.571605032051344,5.794553330423311,3.289944568398289,11.11111111111111,29.62962962962963,0.46966665983200073,0.013930589299874452,1.2957249488474383,2.1383330595080277,3.198464827608073,2.5649493574615367,3.860674306308975,3.0677824455408693,3.9207464622300066,3.9122729429489715,4.103018881389406,3.931921740365179,3.9458523296650534,3.623540292292878,3.57652581746874,0.9120531269798172,0.9206699346405229,0.8018853946051968,0.7745965550844633,1.7281050086021423,1.2550053000450134,1.6487936973571777,1.179127037525177,1.4698086380958557,1.1377792954444885,2.8903717578961645,3.998158615898373,3.9101695744624827,3.1675271257490296,0.4915751516819,0.6884288787841797,0.1873329132795334,0.3429757207632065,0.15740966796875,0.050262451171875
15,6084,M17a_fixed_sparse_peak_terrace,2.1657612329004126,2.571605032051344,5.794553330423311,3.289944568398289,11.11111111111111,29.62962962962963,0.46966665983200073,0.013930589299874452,1.2957249488474383,2.1383330595080277,3.198464827608073,2.5649493574615367,3.860674306308975,3.0677824455408693,3.9207464622300066,3.9122729429489715,4.103018881389406,3.931921740365179,3.9458523296650534,3.623540292292878,3.57652581746874,0.9120531269798172,0.9206699346405229,0.8018853946051968,0.7745965550844633,1.7281050086021423,1.2550053000450134,1.6487936973571777,1.179127037525177,1.4698086380958557,1.1377792954444885,2.8903717578961645,3.998158615898373,3.9101695744624827,3.1675271257490296,0.4915751516819,0.6884288787841797,0.1873329132795334,0.3429757207632065,0.15740966796875,0.050262451171875
15,6084,M17b_topology_sparse_peak_terrace,2.1657612329004126,2.571605032051344,5.794553330423311,3.289944568398289,11.11111111111111,29.62962962962963,0.46966665983200073,0.013930589299874452,1.2957249488474383,2.1383330595080277,3.198464827608073,2.5649493574615367,3.860674306308975,3.0677824455408693,3.9207464622300066,3.9122729429489715,4.103018881389406,3.931921740365179,3.9458523296650534,3.623540292292878,3.57652581746874,0.9120531269798172,0.9206699346405229,0.8018853946051968,0.7745965550844633,1.7281050086021423,1.2550053000450134,1.6487936973571777,1.179127037525177,1.4698086380958557,1.1377792954444885,2.8903717578961645,3.998158615898373,3.9101695744624827,3.1675271257490296,0.4915751516819,0.6884288787841797,0.1873329132795334,0.3429757207632065,0.15740966796875,0.050262451171875
15,6084,M17c_topology_sparse_finetexture_terrace,2.1657612329004126,2.571605032051344,5.794553330423311,3.289944568398289,11.11111111111111,29.62962962962963,0.46966665983200073,0.013930589299874452,1.2957249488474383,2.1383330595080277,3.198464827608073,2.5649493574615367,3.860674306308975,3.0677824455408693,3.9207464622300066,3.9122729429489715,4.103018881389406,3.931921740365179,3.9458523296650534,3.623540292292878,3.57652581746874,0.9120531269798172,0.9206699346405229,0.8018853946051968,0.7745965550844633,1.7281050086021423,1.2550053000450134,1.6487936973571777,1.179127037525177,1.4698086380958557,1.1377792954444885,2.8903717578961645,3.998158615898373,3.9101695744624827,3.1675271257490296,0.4915751516819,0.6884288787841797,0.1873329132795334,0.3429757207632065,0.15740966796875,0.050262451171875
15,6084,M17d_multiscale_texture_no_peak_terrace,2.1657612329004126,2.571605032051344,5.794553330423311,3.289944568398289,11.11111111111111,29.62962962962963,0.46966665983200073,0.013930589299874452,1.2957249488474383,2.1383330595080277,3.198464827608073,2.5649493574615367,3.860674306308975,3.0677824455408693,3.9207464622300066,3.9122729429489715,4.103018881389406,3.931921740365179,3.9458523296650534,3.623540292292878,3.57652581746874,0.9120531269798172,0.9206699346405229,0.8018853946051968,0.7745965550844633,1.7281050086021423,1.2550053000450134,1.6487936973571777,1.179127037525177,1.4698086380958557,1.1377792954444885,2.8903717578961645,3.998158615898373,3.9101695744624827,3.1675271257490296,0.4915751516819,0.6884288787841797,0.1873329132795334,0.3429757207632065,0.15740966796875,0.050262451171875
15,6084,M17e_broad_sparse_peak_terrace,2.1657612329004126,2.571605032051344,5.794553330423311,3.289944568398289,11.11111111111111,29.62962962962963,0.46966665983200073,0.013930589299874452,1.2957249488474383,2.1383330595080277,3.198464827608073,2.5649493574615367,3.860674306308975,3.0677824455408693,3.9207464622300066,3.9122729429489715,4.103018881389406,3.931921740365179,3.9458523296650534,3.623540292292878,3.57652581746874,0.9120531269798172,0.9206699346405229,0.8018853946051968,0.7745965550844633,1.7281050086021423,1.2550053000450134,1.6487936973571777,1.179127037525177,1.4698086380958557,1.1377792954444885,2.8903717578961645,3.998158615898373,3.9101695744624827,3.1675271257490296,0.4915751516819,0.6884288787841797,0.1873329132795334,0.3429757207632065,0.15740966796875,0.050262451171875
15,6084,M17f_broad_sparse_finetexture_terrace,2.1657612329004126,2.571605032051344,5.794553330423311,3.289944568398289,11.11111111111111,29.62962962962963,0.46966665983200073,0.013930589299874452,1.2957249488474383,2.1383330595080277,3.198464827608073,2.5649493574615367,3.860674306308975,3.0677824455408693,3.9207464622300066,3.9122729429489715,4.103018881389406,3.931921740365179,3.9458523296650534,3.623540292292878,3.57652581746874,0.9120531269798172,0.9206699346405229,0.8018853946051968,0.7745965550844633,1.7281050086021423,1.2550053000450134,1.6487936973571777,1.179127037525177,1.4698086380958557,1.1377792954444885,2.8903717578961645,3.998158615898373,3.9101695744624827,3.1675271257490296,0.4915751516819,0.6884288787841797,0.1873329132795334,0.3429757207632065,0.15740966796875,0.050262451171875
15,6084,M17g_moderate_broad_topology_terrace,2.1657612329004126,2.571605032051344,5.794553330423311,3.289944568398289,11.11111111111111,29.62962962962963,0.46966665983200073,0.013930589299874452,1.2957249488474383,2.1383330595080277,3.198464827608073,2.5649493574615367,3.860674306308975,3.0677824455408693,3.9207464622300066,3.9122729429489715,4.103018881389406,3.931921740365179,3.9458523296650534,3.623540292292878,3.57652581746874,0.9120531269798172,0.9206699346405229,0.8018853946051968,0.7745965550844633,1.7281050086021423,1.2550053000450134,1.6487936973571777,1.179127037525177,1.4698086380958557,1.1377792954444885,2.8903717578961645,3.998158615898373,3.9101695744624827,3.1675271257490296,0.4915751516819,0.6884288787841797,0.1873329132795334,0.3429757207632065,0.15740966796875,0.050262451171875
15,6084,M17h_hierarchical_sparse_island_terrace,2.1657612329004126,2.571605032051344,5.794553330423311,3.289944568398289,11.11111111111111,29.62962962962963,0.46966665983200073,0.013930589299874452,1.2957249488474383,2.1383330595080277,3.198464827608073,2.5649493574615367,3.860674306308975,3.0677824455408693,3.9207464622300066,3.9122729429489715,4.103018881389406,3.931921740365179,3.9458523296650534,3.623540292292878,3.57652581746874,0.9120531269798172,0.9206699346405229,0.8018853946051968,0.7745965550844633,1.7281050086021423,1.2550053000450134,1.6487936973571777,1.179127037525177,1.4698086380958557,1.1377792954444885,2.8903717578961645,3.998158615898373,3.9101695744624827,3.1675271257490296,0.4915751516819,0.6884288787841797,0.1873329132795334,0.3429757207632065,0.15740966796875,0.050262451171875
15,6084,M17i_soft_hierarchical_island_terrace,2.1657612329004126,2.571605032051344,5.794553330423311,3.289944568398289,11.11111111111111,29.62962962962963,0.46966665983200073,0.013930589299874452,1.2957249488474383,2.1383330595080277,3.198464827608073,2.5649493574615367,3.860674306308975,3.0677824455408693,3.9207464622300066,3.9122729429489715,4.103018881389406,3.931921740365179,3.9458523296650534,3.623540292292878,3.57652581746874,0.9120531269798172,0.9206699346405229,0.8018853946051968,0.7745965550844633,1.7281050086021423,1.2550053000450134,1.6487936973571777,1.179127037525177,1.4698086380958557,1.1377792954444885,2.8903717578961645,3.998158615898373,3.9101695744624827,3.1675271257490296,0.4915751516819,0.6884288787841797,0.1873329132795334,0.3429757207632065,0.15740966796875,0.050262451171875
16,6085,M10_dense_island_spectral_pareto,1.230166779844596,1.368814929244673,3.537027029843258,2.785601057336456,22.22222222222222,48.148148148148145,0.18357574939727783,0.6787671044723136,0.5095195716520284,2.1242476210246797,2.9700856263602153,3.012932986912657,3.5224525585646855,3.174569495689899,3.449861553642436,3.329646959841819,4.8131418621859865,3.772562722036542,4.4513298265088554,3.8198211439290066,4.173913672891249,0.8766488413547238,0.9148295933417614,0.8100066606824416,0.7966557927215181,1.331426978111267,1.2406062483787537,1.3425688743591309,1.158993124961853,1.3508997559547424,1.0863714218139648,3.2188758248682006,3.3667009459186796,3.4468281773013176,3.6975537732812427,0.48869843780994415,0.5601420402526855,0.20199088752269745,0.23863957822322845,0.086944580078125,0.066070556640625
16,6085,M16b_baseline_dense_microisland_terrace,1.5833612533603494,2.0181056015184176,5.264419701428762,2.785601057336456,11.11111111111111,48.148148148148145,0.5142534375190735,0.7833498894789601,0.6606600075884952,2.282174095733918,2.9700856263602153,2.8617925509761903,3.5224525585646855,3.0433873634561532,3.449861553642436,3.9495767416715486,4.8131418621859865,3.6679799370298953,4.4513298265088554,3.8994666550206087,4.173913672891249,0.9173809523809524,0.9148295933417614,0.7850526917680141,0.7966557927215181,1.6624295711517334,1.2406062483787537,1.6732465624809265,1.158993124961853,1.443775475025177,1.0863714218139648,3.0868930519509683,3.3667009459186796,3.6017027605415475,3.6975537732812427,0.49261485040187836,0.5601420402526855,0.19138750433921814,0.23863957822322845,0.14105224609375,0.066070556640625
16,6085,M17a_fixed_sparse_peak_terrace,1.5833612533603494,2.0181056015184176,5.264419701428762,2.785601057336456,11.11111111111111,48.148148148148145,0.5142534375190735,0.7833498894789601,0.6606600075884952,2.282174095733918,2.9700856263602153,2.8617925509761903,3.5224525585646855,3.0433873634561532,3.449861553642436,3.9495767416715486,4.8131418621859865,3.6679799370298953,4.4513298265088554,3.8994666550206087,4.173913672891249,0.9173809523809524,0.9148295933417614,0.7850526917680141,0.7966557927215181,1.6624295711517334,1.2406062483787537,1.6732465624809265,1.158993124961853,1.443775475025177,1.0863714218139648,3.0868930519509683,3.3667009459186796,3.6017027605415475,3.6975537732812427,0.49261485040187836,0.5601420402526855,0.19138750433921814,0.23863957822322845,0.14105224609375,0.066070556640625
16,6085,M17b_topology_sparse_peak_terrace,1.5833612533603494,2.0181056015184176,5.264419701428762,2.785601057336456,11.11111111111111,48.148148148148145,0.5142534375190735,0.7833498894789601,0.6606600075884952,2.282174095733918,2.9700856263602153,2.8617925509761903,3.5224525585646855,3.0433873634561532,3.449861553642436,3.9495767416715486,4.8131418621859865,3.6679799370298953,4.4513298265088554,3.8994666550206087,4.173913672891249,0.9173809523809524,0.9148295933417614,0.7850526917680141,0.7966557927215181,1.6624295711517334,1.2406062483787537,1.6732465624809265,1.158993124961853,1.443775475025177,1.0863714218139648,3.0868930519509683,3.3667009459186796,3.6017027605415475,3.6975537732812427,0.49261485040187836,0.5601420402526855,0.19138750433921814,0.23863957822322845,0.14105224609375,0.066070556640625
16,6085,M17c_topology_sparse_finetexture_terrace,1.5833612533603494,2.0181056015184176,5.264419701428762,2.785601057336456,11.11111111111111,48.148148148148145,0.5142534375190735,0.7833498894789601,0.6606600075884952,2.282174095733918,2.9700856263602153,2.8617925509761903,3.5224525585646855,3.0433873634561532,3.449861553642436,3.9495767416715486,4.8131418621859865,3.6679799370298953,4.4513298265088554,3.8994666550206087,4.173913672891249,0.9173809523809524,0.9148295933417614,0.7850526917680141,0.7966557927215181,1.6624295711517334,1.2406062483787537,1.6732465624809265,1.158993124961853,1.443775475025177,1.0863714218139648,3.0868930519509683,3.3667009459186796,3.6017027605415475,3.6975537732812427,0.49261485040187836,0.5601420402526855,0.19138750433921814,0.23863957822322845,0.14105224609375,0.066070556640625
16,6085,M17d_multiscale_texture_no_peak_terrace,1.5833612533603494,2.0181056015184176,5.264419701428762,2.785601057336456,11.11111111111111,48.148148148148145,0.5142534375190735,0.7833498894789601,0.6606600075884952,2.282174095733918,2.9700856263602153,2.8617925509761903,3.5224525585646855,3.0433873634561532,3.449861553642436,3.9495767416715486,4.8131418621859865,3.6679799370298953,4.4513298265088554,3.8994666550206087,4.173913672891249,0.9173809523809524,0.9148295933417614,0.7850526917680141,0.7966557927215181,1.6624295711517334,1.2406062483787537,1.6732465624809265,1.158993124961853,1.443775475025177,1.0863714218139648,3.0868930519509683,3.3667009459186796,3.6017027605415475,3.6975537732812427,0.49261485040187836,0.5601420402526855,0.19138750433921814,0.23863957822322845,0.14105224609375,0.066070556640625
16,6085,M17e_broad_sparse_peak_terrace,1.5833612533603494,2.0181056015184176,5.264419701428762,2.785601057336456,11.11111111111111,48.148148148148145,0.5142534375190735,0.7833498894789601,0.6606600075884952,2.282174095733918,2.9700856263602153,2.8617925509761903,3.5224525585646855,3.0433873634561532,3.449861553642436,3.9495767416715486,4.8131418621859865,3.6679799370298953,4.4513298265088554,3.8994666550206087,4.173913672891249,0.9173809523809524,0.9148295933417614,0.7850526917680141,0.7966557927215181,1.6624295711517334,1.2406062483787537,1.6732465624809265,1.158993124961853,1.443775475025177,1.0863714218139648,3.0868930519509683,3.3667009459186796,3.6017027605415475,3.6975537732812427,0.49261485040187836,0.5601420402526855,0.19138750433921814,0.23863957822322845,0.14105224609375,0.066070556640625
16,6085,M17f_broad_sparse_finetexture_terrace,1.5833612533603494,2.0181056015184176,5.264419701428762,2.785601057336456,11.11111111111111,48.148148148148145,0.5142534375190735,0.7833498894789601,0.6606600075884952,2.282174095733918,2.9700856263602153,2.8617925509761903,3.5224525585646855,3.0433873634561532,3.449861553642436,3.9495767416715486,4.8131418621859865,3.6679799370298953,4.4513298265088554,3.8994666550206087,4.173913672891249,0.9173809523809524,0.9148295933417614,0.7850526917680141,0.7966557927215181,1.6624295711517334,1.2406062483787537,1.6732465624809265,1.158993124961853,1.443775475025177,1.0863714218139648,3.0868930519509683,3.3667009459186796,3.6017027605415475,3.6975537732812427,0.49261485040187836,0.5601420402526855,0.19138750433921814,0.23863957822322845,0.14105224609375,0.066070556640625
16,6085,M17g_moderate_broad_topology_terrace,1.5833612533603494,2.0181056015184176,5.264419701428762,2.785601057336456,11.11111111111111,48.148148148148145,0.5142534375190735,0.7833498894789601,0.6606600075884952,2.282174095733918,2.9700856263602153,2.8617925509761903,3.5224525585646855,3.0433873634561532,3.449861553642436,3.9495767416715486,4.8131418621859865,3.6679799370298953,4.4513298265088554,3.8994666550206087,4.173913672891249,0.9173809523809524,0.9148295933417614,0.7850526917680141,0.7966557927215181,1.6624295711517334,1.2406062483787537,1.6732465624809265,1.158993124961853,1.443775475025177,1.0863714218139648,3.0868930519509683,3.3667009459186796,3.6017027605415475,3.6975537732812427,0.49261485040187836,0.5601420402526855,0.19138750433921814,0.23863957822322845,0.14105224609375,0.066070556640625
16,6085,M17h_hierarchical_sparse_island_terrace,1.5833612533603494,2.0181056015184176,5.264419701428762,2.785601057336456,11.11111111111111,48.148148148148145,0.5142534375190735,0.7833498894789601,0.6606600075884952,2.282174095733918,2.9700856263602153,2.8617925509761903,3.5224525585646855,3.0433873634561532,3.449861553642436,3.9495767416715486,4.8131418621859865,3.6679799370298953,4.4513298265088554,3.8994666550206087,4.173913672891249,0.9173809523809524,0.9148295933417614,0.7850526917680141,0.7966557927215181,1.6624295711517334,1.2406062483787537,1.6732465624809265,1.158993124961853,1.443775475025177,1.0863714218139648,3.0868930519509683,3.3667009459186796,3.6017027605415475,3.6975537732812427,0.49261485040187836,0.5601420402526855,0.19138750433921814,0.23863957822322845,0.14105224609375,0.066070556640625
16,6085,M17i_soft_hierarchical_island_terrace,1.5833612533603494,2.0181056015184176,5.264419701428762,2.785601057336456,11.11111111111111,48.148148148148145,0.5142534375190735,0.7833498894789601,0.6606600075884952,2.282174095733918,2.9700856263602153,2.8617925509761903,3.5224525585646855,3.0433873634561532,3.449861553642436,3.9495767416715486,4.8131418621859865,3.6679799370298953,4.4513298265088554,3.8994666550206087,4.173913672891249,0.9173809523809524,0.9148295933417614,0.7850526917680141,0.7966557927215181,1.6624295711517334,1.2406062483787537,1.6732465624809265,1.158993124961853,1.443775475025177,1.0863714218139648,3.0868930519509683,3.3667009459186796,3.6017027605415475,3.6975537732812427,0.49261485040187836,0.5601420402526855,0.19138750433921814,0.23863957822322845,0.14105224609375,0.066070556640625
17,6090,M10_dense_island_spectral_pareto,0.9232217728260244,1.0565960487153416,3.905896926916572,1.9885818051850956,18.51851851851852,92.5925925925926,0.12677061557769775,0.34039237745476614,0.42424381426139623,2.3937458713910233,2.6390573296152584,2.943052015725078,3.367295829986474,3.1567740231385475,3.4657359027997265,3.0342127941220554,4.290459441148391,3.8262728463469604,4.1666652238017265,3.533446750160217,3.970291913552122,0.895906200317965,0.8839285714285714,0.7896589771358223,0.8200550209467081,1.3334208726882935,1.2995814085006714,1.3335106372833252,1.2067400217056274,1.3255453705787659,1.1721618175506592,3.2188758248682006,3.4657359027997265,3.4175922930736506,3.6888794541139363,0.4832724779844284,0.5586870312690735,0.2112114429473877,0.22906628251075745,0.08209228515625,0.07061767578125
17,6090,M16b_baseline_dense_microisland_terrace,1.512679429626958,1.7940924103761962,4.923125330873492,1.9885818051850956,11.11111111111111,92.5925925925926,0.40364110469818115,0.4064801994766456,0.4228568508200339,2.1383330595080277,2.6390573296152584,2.9444389791664403,3.367295829986474,2.967447097809794,3.4657359027997265,3.597781171811034,4.290459441148391,3.760185024325081,4.1666652238017265,3.784189633918261,3.970291913552122,0.9211729574773053,0.8839285714285714,0.7528184035341359,0.8200550209467081,1.6554620265960693,1.2995814085006714,1.6103811264038086,1.2067400217056274,1.416627287864685,1.1721618175506592,3.091042453358316,3.4657359027997265,3.798447219072272,3.6888794541139363,0.48827213048934937,0.5586870312690735,0.18678835034370422,0.22906628251075745,0.135467529296875,0.07061767578125
17,6090,M17a_fixed_sparse_peak_terrace,1.512679429626958,1.7940924103761962,4.923125330873492,1.9885818051850956,11.11111111111111,92.5925925925926,0.40364110469818115,0.4064801994766456,0.4228568508200339,2.1383330595080277,2.6390573296152584,2.9444389791664403,3.367295829986474,2.967447097809794,3.4657359027997265,3.597781171811034,4.290459441148391,3.760185024325081,4.1666652238017265,3.784189633918261,3.970291913552122,0.9211729574773053,0.8839285714285714,0.7528184035341359,0.8200550209467081,1.6554620265960693,1.2995814085006714,1.6103811264038086,1.2067400217056274,1.416627287864685,1.1721618175506592,3.091042453358316,3.4657359027997265,3.798447219072272,3.6888794541139363,0.48827213048934937,0.5586870312690735,0.18678835034370422,0.22906628251075745,0.135467529296875,0.07061767578125
17,6090,M17b_topology_sparse_peak_terrace,1.512679429626958,1.7940924103761962,4.923125330873492,1.9885818051850956,11.11111111111111,92.5925925925926,0.40364110469818115,0.4064801994766456,0.4228568508200339,2.1383330595080277,2.6390573296152584,2.9444389791664403,3.367295829986474,2.967447097809794,3.4657359027997265,3.597781171811034,4.290459441148391,3.760185024325081,4.1666652238017265,3.784189633918261,3.970291913552122,0.9211729574773053,0.8839285714285714,0.7528184035341359,0.8200550209467081,1.6554620265960693,1.2995814085006714,1.6103811264038086,1.2067400217056274,1.416627287864685,1.1721618175506592,3.091042453358316,3.4657359027997265,3.798447219072272,3.6888794541139363,0.48827213048934937,0.5586870312690735,0.18678835034370422,0.22906628251075745,0.135467529296875,0.07061767578125
17,6090,M17c_topology_sparse_finetexture_terrace,1.512679429626958,1.7940924103761962,4.923125330873492,1.9885818051850956,11.11111111111111,92.5925925925926,0.40364110469818115,0.4064801994766456,0.4228568508200339,2.1383330595080277,2.6390573296152584,2.9444389791664403,3.367295829986474,2.967447097809794,3.4657359027997265,3.597781171811034,4.290459441148391,3.760185024325081,4.1666652238017265,3.784189633918261,3.970291913552122,0.9211729574773053,0.8839285714285714,0.7528184035341359,0.8200550209467081,1.6554620265960693,1.2995814085006714,1.6103811264038086,1.2067400217056274,1.416627287864685,1.1721618175506592,3.091042453358316,3.4657359027997265,3.798447219072272,3.6888794541139363,0.48827213048934937,0.5586870312690735,0.18678835034370422,0.22906628251075745,0.135467529296875,0.07061767578125
17,6090,M17d_multiscale_texture_no_peak_terrace,1.512679429626958,1.7940924103761962,4.923125330873492,1.9885818051850956,11.11111111111111,92.5925925925926,0.40364110469818115,0.4064801994766456,0.4228568508200339,2.1383330595080277,2.6390573296152584,2.9444389791664403,3.367295829986474,2.967447097809794,3.4657359027997265,3.597781171811034,4.290459441148391,3.760185024325081,4.1666652238017265,3.784189633918261,3.970291913552122,0.9211729574773053,0.8839285714285714,0.7528184035341359,0.8200550209467081,1.6554620265960693,1.2995814085006714,1.6103811264038086,1.2067400217056274,1.416627287864685,1.1721618175506592,3.091042453358316,3.4657359027997265,3.798447219072272,3.6888794541139363,0.48827213048934937,0.5586870312690735,0.18678835034370422,0.22906628251075745,0.135467529296875,0.07061767578125
17,6090,M17e_broad_sparse_peak_terrace,1.512679429626958,1.7940924103761962,4.923125330873492,1.9885818051850956,11.11111111111111,92.5925925925926,0.40364110469818115,0.4064801994766456,0.4228568508200339,2.1383330595080277,2.6390573296152584,2.9444389791664403,3.367295829986474,2.967447097809794,3.4657359027997265,3.597781171811034,4.290459441148391,3.760185024325081,4.1666652238017265,3.784189633918261,3.970291913552122,0.9211729574773053,0.8839285714285714,0.7528184035341359,0.8200550209467081,1.6554620265960693,1.2995814085006714,1.6103811264038086,1.2067400217056274,1.416627287864685,1.1721618175506592,3.091042453358316,3.4657359027997265,3.798447219072272,3.6888794541139363,0.48827213048934937,0.5586870312690735,0.18678835034370422,0.22906628251075745,0.135467529296875,0.07061767578125
17,6090,M17f_broad_sparse_finetexture_terrace,1.512679429626958,1.7940924103761962,4.923125330873492,1.9885818051850956,11.11111111111111,92.5925925925926,0.40364110469818115,0.4064801994766456,0.4228568508200339,2.1383330595080277,2.6390573296152584,2.9444389791664403,3.367295829986474,2.967447097809794,3.4657359027997265,3.597781171811034,4.290459441148391,3.760185024325081,4.1666652238017265,3.784189633918261,3.970291913552122,0.9211729574773053,0.8839285714285714,0.7528184035341359,0.8200550209467081,1.6554620265960693,1.2995814085006714,1.6103811264038086,1.2067400217056274,1.416627287864685,1.1721618175506592,3.091042453358316,3.4657359027997265,3.798447219072272,3.6888794541139363,0.48827213048934937,0.5586870312690735,0.18678835034370422,0.22906628251075745,0.135467529296875,0.07061767578125
17,6090,M17g_moderate_broad_topology_terrace,1.512679429626958,1.7940924103761962,4.923125330873492,1.9885818051850956,11.11111111111111,92.5925925925926,0.40364110469818115,0.4064801994766456,0.4228568508200339,2.1383330595080277,2.6390573296152584,2.9444389791664403,3.367295829986474,2.967447097809794,3.4657359027997265,3.597781171811034,4.290459441148391,3.760185024325081,4.1666652238017265,3.784189633918261,3.970291913552122,0.9211729574773053,0.8839285714285714,0.7528184035341359,0.8200550209467081,1.6554620265960693,1.2995814085006714,1.6103811264038086,1.2067400217056274,1.416627287864685,1.1721618175506592,3.091042453358316,3.4657359027997265,3.798447219072272,3.6888794541139363,0.48827213048934937,0.5586870312690735,0.18678835034370422,0.22906628251075745,0.135467529296875,0.07061767578125
17,6090,M17h_hierarchical_sparse_island_terrace,1.512679429626958,1.7940924103761962,4.923125330873492,1.9885818051850956,11.11111111111111,92.5925925925926,0.40364110469818115,0.4064801994766456,0.4228568508200339,2.1383330595080277,2.6390573296152584,2.9444389791664403,3.367295829986474,2.967447097809794,3.4657359027997265,3.597781171811034,4.290459441148391,3.760185024325081,4.1666652238017265,3.784189633918261,3.970291913552122,0.9211729574773053,0.8839285714285714,0.7528184035341359,0.8200550209467081,1.6554620265960693,1.2995814085006714,1.6103811264038086,1.2067400217056274,1.416627287864685,1.1721618175506592,3.091042453358316,3.4657359027997265,3.798447219072272,3.6888794541139363,0.48827213048934937,0.5586870312690735,0.18678835034370422,0.22906628251075745,0.135467529296875,0.07061767578125
17,6090,M17i_soft_hierarchical_island_terrace,1.512679429626958,1.7940924103761962,4.923125330873492,1.9885818051850956,11.11111111111111,92.5925925925926,0.40364110469818115,0.4064801994766456,0.4228568508200339,2.1383330595080277,2.6390573296152584,2.9444389791664403,3.367295829986474,2.967447097809794,3.4657359027997265,3.597781171811034,4.290459441148391,3.760185024325081,4.1666652238017265,3.784189633918261,3.970291913552122,0.9211729574773053,0.8839285714285714,0.7528184035341359,0.8200550209467081,1.6554620265960693,1.2995814085006714,1.6103811264038086,1.2067400217056274,1.416627287864685,1.1721618175506592,3.091042453358316,3.4657359027997265,3.798447219072272,3.6888794541139363,0.48827213048934937,0.5586870312690735,0.18678835034370422,0.22906628251075745,0.135467529296875,0.07061767578125
18,6094,M10_dense_island_spectral_pareto,1.394456141616463,1.6198865962107545,4.23361335323934,2.136288007809548,14.814814814814815,81.48148148148148,0.21743589639663696,1.034835875042016,0.32506489773812763,2.4414009612931853,2.668769039850659,2.9700856263602153,3.295150524098343,3.255129170261575,3.4811217321331034,2.9824319326554014,4.960921527410219,3.4923581600591325,4.527194035101148,3.5400132499612953,3.9658220107271553,0.8575303187803188,0.8859023448088914,0.8049303117163609,0.8212645828224825,1.3376518487930298,1.1636295914649963,1.2962002754211426,1.0787643790245056,1.2473124861717224,1.0215283036231995,3.1780538303479458,3.688566856416977,3.5516610312630563,3.4886406708153737,0.4966021776199341,0.6539724469184875,0.223365917801857,0.3001382052898407,0.07855224609375,0.099273681640625
18,6094,M16b_baseline_dense_microisland_terrace,1.8837777167052148,2.2613914919489586,5.382341848789929,2.136288007809548,11.11111111111111,81.48148148148148,0.4214247465133667,0.8899542557142128,0.6215967587396087,2.1383330595080277,2.668769039850659,2.6735537653587342,3.295150524098343,3.2384861814448413,3.4811217321331034,3.1621794811906554,4.960921527410219,3.6372397793869355,4.527194035101148,3.5423227228894425,3.9658220107271553,0.8607111372318543,0.8859023448088914,0.8061602476419529,0.8212645828224825,1.6335269808769226,1.1636295914649963,1.5001891255378723,1.0787643790245056,1.39565908908844,1.0215283036231995,3.039966597547795,3.688566856416977,3.608721715848266,3.4886406708153737,0.49772365391254425,0.6539724469184875,0.19974029809236526,0.3001382052898407,0.1258544921875,0.099273681640625
18,6094,M17a_fixed_sparse_peak_terrace,1.8837777167052148,2.2613914919489586,5.382341848789929,2.136288007809548,11.11111111111111,81.48148148148148,0.4214247465133667,0.8899542557142128,0.6215967587396087,2.1383330595080277,2.668769039850659,2.6735537653587342,3.295150524098343,3.2384861814448413,3.4811217321331034,3.1621794811906554,4.960921527410219,3.6372397793869355,4.527194035101148,3.5423227228894425,3.9658220107271553,0.8607111372318543,0.8859023448088914,0.8061602476419529,0.8212645828224825,1.6335269808769226,1.1636295914649963,1.5001891255378723,1.0787643790245056,1.39565908908844,1.0215283036231995,3.039966597547795,3.688566856416977,3.608721715848266,3.4886406708153737,0.49772365391254425,0.6539724469184875,0.19974029809236526,0.3001382052898407,0.1258544921875,0.099273681640625
18,6094,M17b_topology_sparse_peak_terrace,1.8837777167052148,2.2613914919489586,5.382341848789929,2.136288007809548,11.11111111111111,81.48148148148148,0.4214247465133667,0.8899542557142128,0.6215967587396087,2.1383330595080277,2.668769039850659,2.6735537653587342,3.295150524098343,3.2384861814448413,3.4811217321331034,3.1621794811906554,4.960921527410219,3.6372397793869355,4.527194035101148,3.5423227228894425,3.9658220107271553,0.8607111372318543,0.8859023448088914,0.8061602476419529,0.8212645828224825,1.6335269808769226,1.1636295914649963,1.5001891255378723,1.0787643790245056,1.39565908908844,1.0215283036231995,3.039966597547795,3.688566856416977,3.608721715848266,3.4886406708153737,0.49772365391254425,0.6539724469184875,0.19974029809236526,0.3001382052898407,0.1258544921875,0.099273681640625
18,6094,M17c_topology_sparse_finetexture_terrace,1.8837777167052148,2.2613914919489586,5.382341848789929,2.136288007809548,11.11111111111111,81.48148148148148,0.4214247465133667,0.8899542557142128,0.6215967587396087,2.1383330595080277,2.668769039850659,2.6735537653587342,3.295150524098343,3.2384861814448413,3.4811217321331034,3.1621794811906554,4.960921527410219,3.6372397793869355,4.527194035101148,3.5423227228894425,3.9658220107271553,0.8607111372318543,0.8859023448088914,0.8061602476419529,0.8212645828224825,1.6335269808769226,1.1636295914649963,1.5001891255378723,1.0787643790245056,1.39565908908844,1.0215283036231995,3.039966597547795,3.688566856416977,3.608721715848266,3.4886406708153737,0.49772365391254425,0.6539724469184875,0.19974029809236526,0.3001382052898407,0.1258544921875,0.099273681640625
18,6094,M17d_multiscale_texture_no_peak_terrace,1.8837777167052148,2.2613914919489586,5.382341848789929,2.136288007809548,11.11111111111111,81.48148148148148,0.4214247465133667,0.8899542557142128,0.6215967587396087,2.1383330595080277,2.668769039850659,2.6735537653587342,3.295150524098343,3.2384861814448413,3.4811217321331034,3.1621794811906554,4.960921527410219,3.6372397793869355,4.527194035101148,3.5423227228894425,3.9658220107271553,0.8607111372318543,0.8859023448088914,0.8061602476419529,0.8212645828224825,1.6335269808769226,1.1636295914649963,1.5001891255378723,1.0787643790245056,1.39565908908844,1.0215283036231995,3.039966597547795,3.688566856416977,3.608721715848266,3.4886406708153737,0.49772365391254425,0.6539724469184875,0.19974029809236526,0.3001382052898407,0.1258544921875,0.099273681640625
18,6094,M17e_broad_sparse_peak_terrace,1.8837777167052148,2.2613914919489586,5.382341848789929,2.136288007809548,11.11111111111111,81.48148148148148,0.4214247465133667,0.8899542557142128,0.6215967587396087,2.1383330595080277,2.668769039850659,2.6735537653587342,3.295150524098343,3.2384861814448413,3.4811217321331034,3.1621794811906554,4.960921527410219,3.6372397793869355,4.527194035101148,3.5423227228894425,3.9658220107271553,0.8607111372318543,0.8859023448088914,0.8061602476419529,0.8212645828224825,1.6335269808769226,1.1636295914649963,1.5001891255378723,1.0787643790245056,1.39565908908844,1.0215283036231995,3.039966597547795,3.688566856416977,3.608721715848266,3.4886406708153737,0.49772365391254425,0.6539724469184875,0.19974029809236526,0.3001382052898407,0.1258544921875,0.099273681640625
18,6094,M17f_broad_sparse_finetexture_terrace,1.8837777167052148,2.2613914919489586,5.382341848789929,2.136288007809548,11.11111111111111,81.48148148148148,0.4214247465133667,0.8899542557142128,0.6215967587396087,2.1383330595080277,2.668769039850659,2.6735537653587342,3.295150524098343,3.2384861814448413,3.4811217321331034,3.1621794811906554,4.960921527410219,3.6372397793869355,4.527194035101148,3.5423227228894425,3.9658220107271553,0.8607111372318543,0.8859023448088914,0.8061602476419529,0.8212645828224825,1.6335269808769226,1.1636295914649963,1.5001891255378723,1.0787643790245056,1.39565908908844,1.0215283036231995,3.039966597547795,3.688566856416977,3.608721715848266,3.4886406708153737,0.49772365391254425,0.6539724469184875,0.19974029809236526,0.3001382052898407,0.1258544921875,0.099273681640625
18,6094,M17g_moderate_broad_topology_terrace,1.8837777167052148,2.2613914919489586,5.382341848789929,2.136288007809548,11.11111111111111,81.48148148148148,0.4214247465133667,0.8899542557142128,0.6215967587396087,2.1383330595080277,2.668769039850659,2.6735537653587342,3.295150524098343,3.2384861814448413,3.4811217321331034,3.1621794811906554,4.960921527410219,3.6372397793869355,4.527194035101148,3.5423227228894425,3.9658220107271553,0.8607111372318543,0.8859023448088914,0.8061602476419529,0.8212645828224825,1.6335269808769226,1.1636295914649963,1.5001891255378723,1.0787643790245056,1.39565908908844,1.0215283036231995,3.039966597547795,3.688566856416977,3.608721715848266,3.4886406708153737,0.49772365391254425,0.6539724469184875,0.19974029809236526,0.3001382052898407,0.1258544921875,0.099273681640625
18,6094,M17h_hierarchical_sparse_island_terrace,1.8837777167052148,2.2613914919489586,5.382341848789929,2.136288007809548,11.11111111111111,81.48148148148148,0.4214247465133667,0.8899542557142128,0.6215967587396087,2.1383330595080277,2.668769039850659,2.6735537653587342,3.295150524098343,3.2384861814448413,3.4811217321331034,3.1621794811906554,4.960921527410219,3.6372397793869355,4.527194035101148,3.5423227228894425,3.9658220107271553,0.8607111372318543,0.8859023448088914,0.8061602476419529,0.8212645828224825,1.6335269808769226,1.1636295914649963,1.5001891255378723,1.0787643790245056,1.39565908908844,1.0215283036231995,3.039966597547795,3.688566856416977,3.608721715848266,3.4886406708153737,0.49772365391254425,0.6539724469184875,0.19974029809236526,0.3001382052898407,0.1258544921875,0.099273681640625
18,6094,M17i_soft_hierarchical_island_terrace,1.8837777167052148,2.2613914919489586,5.382341848789929,2.136288007809548,11.11111111111111,81.48148148148148,0.4214247465133667,0.8899542557142128,0.6215967587396087,2.1383330595080277,2.668769039850659,2.6735537653587342,3.295150524098343,3.2384861814448413,3.4811217321331034,3.1621794811906554,4.960921527410219,3.6372397793869355,4.527194035101148,3.5423227228894425,3.9658220107271553,0.8607111372318543,0.8859023448088914,0.8061602476419529,0.8212645828224825,1.6335269808769226,1.1636295914649963,1.5001891255378723,1.0787643790245056,1.39565908908844,1.0215283036231995,3.039966597547795,3.688566856416977,3.608721715848266,3.4886406708153737,0.49772365391254425,0.6539724469184875,0.19974029809236526,0.3001382052898407,0.1258544921875,0.099273681640625
19,6095,M10_dense_island_spectral_pareto,1.7522934310403475,2.0997592741464737,5.130395585795767,3.2869614347470897,11.11111111111111,25.925925925925927,0.32507163286209106,1.1546844527673708,0.45814536593707755,2.470821211304652,2.833213344056216,2.943052015725078,3.4011973816621555,3.090008326826286,3.4011973816621555,2.9174053685313024,5.0238805208462765,3.5040265001487505,4.658710952916121,3.2188758248682006,4.102643365036796,0.9223473541383989,0.918010752688172,0.7613190943159827,0.8117307341726034,1.3723489046096802,1.1978702545166016,1.374116837978363,1.049045205116272,1.2874048352241516,0.956813633441925,3.2156655409667394,3.367295829986474,3.354042041926535,3.6375861597263857,0.47169390320777893,0.6436891555786133,0.20663706213235855,0.24386322498321533,0.084259033203125,0.1246337890625
19,6095,M16b_baseline_dense_microisland_terrace,2.3391127691083358,2.788840639633813,7.102987732315653,3.2869614347470897,7.407407407407407,25.925925925925927,0.6081666350364685,1.066017445125913,0.7276436163034212,2.2975599250672953,2.833213344056216,2.6735537653587342,3.4011973816621555,2.943052015725078,3.4011973816621555,3.0699422761131276,5.0238805208462765,3.5926935077902082,4.658710952916121,3.438132305945383,4.102643365036796,0.9416981132075471,0.918010752688172,0.754974215436883,0.8117307341726034,1.7287052273750305,1.1978702545166016,1.6572118401527405,1.049045205116272,1.4146718978881836,0.956813633441925,3.020127355638707,3.367295829986474,3.2705149995949516,3.6375861597263857,0.46289314329624176,0.6436891555786133,0.18251341581344604,0.24386322498321533,0.14849853515625,0.1246337890625
19,6095,M17a_fixed_sparse_peak_terrace,2.3391127691083358,2.788840639633813,7.102987732315653,3.2869614347470897,7.407407407407407,25.925925925925927,0.6081666350364685,1.066017445125913,0.7276436163034212,2.2975599250672953,2.833213344056216,2.6735537653587342,3.4011973816621555,2.943052015725078,3.4011973816621555,3.0699422761131276,5.0238805208462765,3.5926935077902082,4.658710952916121,3.438132305945383,4.102643365036796,0.9416981132075471,0.918010752688172,0.754974215436883,0.8117307341726034,1.7287052273750305,1.1978702545166016,1.6572118401527405,1.049045205116272,1.4146718978881836,0.956813633441925,3.020127355638707,3.367295829986474,3.2705149995949516,3.6375861597263857,0.46289314329624176,0.6436891555786133,0.18251341581344604,0.24386322498321533,0.14849853515625,0.1246337890625
19,6095,M17b_topology_sparse_peak_terrace,2.3391127691083358,2.788840639633813,7.102987732315653,3.2869614347470897,7.407407407407407,25.925925925925927,0.6081666350364685,1.066017445125913,0.7276436163034212,2.2975599250672953,2.833213344056216,2.6735537653587342,3.4011973816621555,2.943052015725078,3.4011973816621555,3.0699422761131276,5.0238805208462765,3.5926935077902082,4.658710952916121,3.438132305945383,4.102643365036796,0.9416981132075471,0.918010752688172,0.754974215436883,0.8117307341726034,1.7287052273750305,1.1978702545166016,1.6572118401527405,1.049045205116272,1.4146718978881836,0.956813633441925,3.020127355638707,3.367295829986474,3.2705149995949516,3.6375861597263857,0.46289314329624176,0.6436891555786133,0.18251341581344604,0.24386322498321533,0.14849853515625,0.1246337890625
19,6095,M17c_topology_sparse_finetexture_terrace,2.3391127691083358,2.788840639633813,7.102987732315653,3.2869614347470897,7.407407407407407,25.925925925925927,0.6081666350364685,1.066017445125913,0.7276436163034212,2.2975599250672953,2.833213344056216,2.6735537653587342,3.4011973816621555,2.943052015725078,3.4011973816621555,3.0699422761131276,5.0238805208462765,3.5926935077902082,4.658710952916121,3.438132305945383,4.102643365036796,0.9416981132075471,0.918010752688172,0.754974215436883,0.8117307341726034,1.7287052273750305,1.1978702545166016,1.6572118401527405,1.049045205116272,1.4146718978881836,0.956813633441925,3.020127355638707,3.367295829986474,3.2705149995949516,3.6375861597263857,0.46289314329624176,0.6436891555786133,0.18251341581344604,0.24386322498321533,0.14849853515625,0.1246337890625
19,6095,M17d_multiscale_texture_no_peak_terrace,2.3391127691083358,2.788840639633813,7.102987732315653,3.2869614347470897,7.407407407407407,25.925925925925927,0.6081666350364685,1.066017445125913,0.7276436163034212,2.2975599250672953,2.833213344056216,2.6735537653587342,3.4011973816621555,2.943052015725078,3.4011973816621555,3.0699422761131276,5.0238805208462765,3.5926935077902082,4.658710952916121,3.438132305945383,4.102643365036796,0.9416981132075471,0.918010752688172,0.754974215436883,0.8117307341726034,1.7287052273750305,1.1978702545166016,1.6572118401527405,1.049045205116272,1.4146718978881836,0.956813633441925,3.020127355638707,3.367295829986474,3.2705149995949516,3.6375861597263857,0.46289314329624176,0.6436891555786133,0.18251341581344604,0.24386322498321533,0.14849853515625,0.1246337890625
19,6095,M17e_broad_sparse_peak_terrace,2.3391127691083358,2.788840639633813,7.102987732315653,3.2869614347470897,7.407407407407407,25.925925925925927,0.6081666350364685,1.066017445125913,0.7276436163034212,2.2975599250672953,2.833213344056216,2.6735537653587342,3.4011973816621555,2.943052015725078,3.4011973816621555,3.0699422761131276,5.0238805208462765,3.5926935077902082,4.658710952916121,3.438132305945383,4.102643365036796,0.9416981132075471,0.918010752688172,0.754974215436883,0.8117307341726034,1.7287052273750305,1.1978702545166016,1.6572118401527405,1.049045205116272,1.4146718978881836,0.956813633441925,3.020127355638707,3.367295829986474,3.2705149995949516,3.6375861597263857,0.46289314329624176,0.6436891555786133,0.18251341581344604,0.24386322498321533,0.14849853515625,0.1246337890625
19,6095,M17f_broad_sparse_finetexture_terrace,2.3391127691083358,2.788840639633813,7.102987732315653,3.2869614347470897,7.407407407407407,25.925925925925927,0.6081666350364685,1.066017445125913,0.7276436163034212,2.2975599250672953,2.833213344056216,2.6735537653587342,3.4011973816621555,2.943052015725078,3.4011973816621555,3.0699422761131276,5.0238805208462765,3.5926935077902082,4.658710952916121,3.438132305945383,4.102643365036796,0.9416981132075471,0.918010752688172,0.754974215436883,0.8117307341726034,1.7287052273750305,1.1978702545166016,1.6572118401527405,1.049045205116272,1.4146718978881836,0.956813633441925,3.020127355638707,3.367295829986474,3.2705149995949516,3.6375861597263857,0.46289314329624176,0.6436891555786133,0.18251341581344604,0.24386322498321533,0.14849853515625,0.1246337890625
19,6095,M17g_moderate_broad_topology_terrace,2.3391127691083358,2.788840639633813,7.102987732315653,3.2869614347470897,7.407407407407407,25.925925925925927,0.6081666350364685,1.066017445125913,0.7276436163034212,2.2975599250672953,2.833213344056216,2.6735537653587342,3.4011973816621555,2.943052015725078,3.4011973816621555,3.0699422761131276,5.0238805208462765,3.5926935077902082,4.658710952916121,3.438132305945383,4.102643365036796,0.9416981132075471,0.918010752688172,0.754974215436883,0.8117307341726034,1.7287052273750305,1.1978702545166016,1.6572118401527405,1.049045205116272,1.4146718978881836,0.956813633441925,3.020127355638707,3.367295829986474,3.2705149995949516,3.6375861597263857,0.46289314329624176,0.6436891555786133,0.18251341581344604,0.24386322498321533,0.14849853515625,0.1246337890625
19,6095,M17h_hierarchical_sparse_island_terrace,2.3391127691083358,2.788840639633813,7.102987732315653,3.2869614347470897,7.407407407407407,25.925925925925927,0.6081666350364685,1.066017445125913,0.7276436163034212,2.2975599250672953,2.833213344056216,2.6735537653587342,3.4011973816621555,2.943052015725078,3.4011973816621555,3.0699422761131276,5.0238805208462765,3.5926935077902082,4.658710952916121,3.438132305945383,4.102643365036796,0.9416981132075471,0.918010752688172,0.754974215436883,0.8117307341726034,1.7287052273750305,1.1978702545166016,1.6572118401527405,1.049045205116272,1.4146718978881836,0.956813633441925,3.020127355638707,3.367295829986474,3.2705149995949516,3.6375861597263857,0.46289314329624176,0.6436891555786133,0.18251341581344604,0.24386322498321533,0.14849853515625,0.1246337890625
19,6095,M17i_soft_hierarchical_island_terrace,2.3391127691083358,2.788840639633813,7.102987732315653,3.2869614347470897,7.407407407407407,25.925925925925927,0.6081666350364685,1.066017445125913,0.7276436163034212,2.2975599250672953,2.833213344056216,2.6735537653587342,3.4011973816621555,2.943052015725078,3.4011973816621555,3.0699422761131276,5.0238805208462765,3.5926935077902082,4.658710952916121,3.438132305945383,4.102643365036796,0.9416981132075471,0.918010752688172,0.754974215436883,0.8117307341726034,1.7287052273750305,1.1978702545166016,1.6572118401527405,1.049045205116272,1.4146718978881836,0.956813633441925,3.020127355638707,3.367295829986474,3.2705149995949516,3.6375861597263857,0.46289314329624176,0.6436891555786133,0.18251341581344604,0.24386322498321533,0.14849853515625,0.1246337890625
20,6099,M10_dense_island_spectral_pareto,1.5905401626890385,1.7809400003918683,4.662101277587008,4.763330425864603,11.11111111111111,11.11111111111111,0.1469389796257019,0.4789890763354201,0.673605469156513,2.302585092994046,3.258096538021482,3.039966597547795,3.713572066704308,3.198464827608073,3.713572066704308,2.8477071124928424,5.059425458265688,3.9636621801548966,4.442651256490317,3.4637789531391583,4.051784947803305,0.8771194083694084,0.9269722814498934,0.8052892459965679,0.7929019149237089,1.3404371738433838,1.4441661834716797,1.3176373839378357,1.1706984043121338,1.2407646775245667,1.0146788358688354,2.884160497896886,3.4657359027997265,3.50334761341852,3.871201010907891,0.4727488160133362,0.6273052096366882,0.19914034008979797,0.24512270092964172,0.0911865234375,0.1044921875
20,6099,M16b_baseline_dense_microisland_terrace,1.6462865604670607,1.9323992309229268,5.412018133877286,4.763330425864603,11.11111111111111,11.11111111111111,0.3806626796722412,0.22303543151705352,1.0745147370890495,2.0715673631957663,3.258096538021482,2.6390573296152584,3.713572066704308,3.06561324474157,3.713572066704308,3.2973776992730333,5.059425458265688,4.219615824973263,4.442651256490317,3.9464127631255588,4.051784947803305,0.9146464646464647,0.9269722814498934,0.7855586833608146,0.7929019149237089,1.687562882900238,1.4441661834716797,1.551361083984375,1.1706984043121338,1.3878254294395447,1.0146788358688354,2.8617925509761903,3.4657359027997265,3.714166597095403,3.871201010907891,0.4863612949848175,0.6273052096366882,0.18621190637350082,0.24512270092964172,0.147491455078125,0.1044921875
20,6099,M17a_fixed_sparse_peak_terrace,1.6462865604670607,1.9323992309229268,5.412018133877286,4.763330425864603,11.11111111111111,11.11111111111111,0.3806626796722412,0.22303543151705352,1.0745147370890495,2.0715673631957663,3.258096538021482,2.6390573296152584,3.713572066704308,3.06561324474157,3.713572066704308,3.2973776992730333,5.059425458265688,4.219615824973263,4.442651256490317,3.9464127631255588,4.051784947803305,0.9146464646464647,0.9269722814498934,0.7855586833608146,0.7929019149237089,1.687562882900238,1.4441661834716797,1.551361083984375,1.1706984043121338,1.3878254294395447,1.0146788358688354,2.8617925509761903,3.4657359027997265,3.714166597095403,3.871201010907891,0.4863612949848175,0.6273052096366882,0.18621190637350082,0.24512270092964172,0.147491455078125,0.1044921875
20,6099,M17b_topology_sparse_peak_terrace,1.6462865604670607,1.9323992309229268,5.412018133877286,4.763330425864603,11.11111111111111,11.11111111111111,0.3806626796722412,0.22303543151705352,1.0745147370890495,2.0715673631957663,3.258096538021482,2.6390573296152584,3.713572066704308,3.06561324474157,3.713572066704308,3.2973776992730333,5.059425458265688,4.219615824973263,4.442651256490317,3.9464127631255588,4.051784947803305,0.9146464646464647,0.9269722814498934,0.7855586833608146,0.7929019149237089,1.687562882900238,1.4441661834716797,1.551361083984375,1.1706984043121338,1.3878254294395447,1.0146788358688354,2.8617925509761903,3.4657359027997265,3.714166597095403,3.871201010907891,0.4863612949848175,0.6273052096366882,0.18621190637350082,0.24512270092964172,0.147491455078125,0.1044921875
20,6099,M17c_topology_sparse_finetexture_terrace,1.6462865604670607,1.9323992309229268,5.412018133877286,4.763330425864603,11.11111111111111,11.11111111111111,0.3806626796722412,0.22303543151705352,1.0745147370890495,2.0715673631957663,3.258096538021482,2.6390573296152584,3.713572066704308,3.06561324474157,3.713572066704308,3.2973776992730333,5.059425458265688,4.219615824973263,4.442651256490317,3.9464127631255588,4.051784947803305,0.9146464646464647,0.9269722814498934,0.7855586833608146,0.7929019149237089,1.687562882900238,1.4441661834716797,1.551361083984375,1.1706984043121338,1.3878254294395447,1.0146788358688354,2.8617925509761903,3.4657359027997265,3.714166597095403,3.871201010907891,0.4863612949848175,0.6273052096366882,0.18621190637350082,0.24512270092964172,0.147491455078125,0.1044921875
20,6099,M17d_multiscale_texture_no_peak_terrace,1.6462865604670607,1.9323992309229268,5.412018133877286,4.763330425864603,11.11111111111111,11.11111111111111,0.3806626796722412,0.22303543151705352,1.0745147370890495,2.0715673631957663,3.258096538021482,2.6390573296152584,3.713572066704308,3.06561324474157,3.713572066704308,3.2973776992730333,5.059425458265688,4.219615824973263,4.442651256490317,3.9464127631255588,4.051784947803305,0.9146464646464647,0.9269722814498934,0.7855586833608146,0.7929019149237089,1.687562882900238,1.4441661834716797,1.551361083984375,1.1706984043121338,1.3878254294395447,1.0146788358688354,2.8617925509761903,3.4657359027997265,3.714166597095403,3.871201010907891,0.4863612949848175,0.6273052096366882,0.18621190637350082,0.24512270092964172,0.147491455078125,0.1044921875
20,6099,M17e_broad_sparse_peak_terrace,1.6462865604670607,1.9323992309229268,5.412018133877286,4.763330425864603,11.11111111111111,11.11111111111111,0.3806626796722412,0.22303543151705352,1.0745147370890495,2.0715673631957663,3.258096538021482,2.6390573296152584,3.713572066704308,3.06561324474157,3.713572066704308,3.2973776992730333,5.059425458265688,4.219615824973263,4.442651256490317,3.9464127631255588,4.051784947803305,0.9146464646464647,0.9269722814498934,0.7855586833608146,0.7929019149237089,1.687562882900238,1.4441661834716797,1.551361083984375,1.1706984043121338,1.3878254294395447,1.0146788358688354,2.8617925509761903,3.4657359027997265,3.714166597095403,3.871201010907891,0.4863612949848175,0.6273052096366882,0.18621190637350082,0.24512270092964172,0.147491455078125,0.1044921875
20,6099,M17f_broad_sparse_finetexture_terrace,1.6462865604670607,1.9323992309229268,5.412018133877286,4.763330425864603,11.11111111111111,11.11111111111111,0.3806626796722412,0.22303543151705352,1.0745147370890495,2.0715673631957663,3.258096538021482,2.6390573296152584,3.713572066704308,3.06561324474157,3.713572066704308,3.2973776992730333,5.059425458265688,4.219615824973263,4.442651256490317,3.9464127631255588,4.051784947803305,0.9146464646464647,0.9269722814498934,0.7855586833608146,0.7929019149237089,1.687562882900238,1.4441661834716797,1.551361083984375,1.1706984043121338,1.3878254294395447,1.0146788358688354,2.8617925509761903,3.4657359027997265,3.714166597095403,3.871201010907891,0.4863612949848175,0.6273052096366882,0.18621190637350082,0.24512270092964172,0.147491455078125,0.1044921875
20,6099,M17g_moderate_broad_topology_terrace,1.6462865604670607,1.9323992309229268,5.412018133877286,4.763330425864603,11.11111111111111,11.11111111111111,0.3806626796722412,0.22303543151705352,1.0745147370890495,2.0715673631957663,3.258096538021482,2.6390573296152584,3.713572066704308,3.06561324474157,3.713572066704308,3.2973776992730333,5.059425458265688,4.219615824973263,4.442651256490317,3.9464127631255588,4.051784947803305,0.9146464646464647,0.9269722814498934,0.7855586833608146,0.7929019149237089,1.687562882900238,1.4441661834716797,1.551361083984375,1.1706984043121338,1.3878254294395447,1.0146788358688354,2.8617925509761903,3.4657359027997265,3.714166597095403,3.871201010907891,0.4863612949848175,0.6273052096366882,0.18621190637350082,0.24512270092964172,0.147491455078125,0.1044921875
20,6099,M17h_hierarchical_sparse_island_terrace,1.6462865604670607,1.9323992309229268,5.412018133877286,4.763330425864603,11.11111111111111,11.11111111111111,0.3806626796722412,0.22303543151705352,1.0745147370890495,2.0715673631957663,3.258096538021482,2.6390573296152584,3.713572066704308,3.06561324474157,3.713572066704308,3.2973776992730333,5.059425458265688,4.219615824973263,4.442651256490317,3.9464127631255588,4.051784947803305,0.9146464646464647,0.9269722814498934,0.7855586833608146,0.7929019149237089,1.687562882900238,1.4441661834716797,1.551361083984375,1.1706984043121338,1.3878254294395447,1.0146788358688354,2.8617925509761903,3.4657359027997265,3.714166597095403,3.871201010907891,0.4863612949848175,0.6273052096366882,0.18621190637350082,0.24512270092964172,0.147491455078125,0.1044921875
20,6099,M17i_soft_hierarchical_island_terrace,1.6462865604670607,1.9323992309229268,5.412018133877286,4.763330425864603,11.11111111111111,11.11111111111111,0.3806626796722412,0.22303543151705352,1.0745147370890495,2.0715673631957663,3.258096538021482,2.6390573296152584,3.713572066704308,3.06561324474157,3.713572066704308,3.2973776992730333,5.059425458265688,4.219615824973263,4.442651256490317,3.9464127631255588,4.051784947803305,0.9146464646464647,0.9269722814498934,0.7855586833608146,0.7929019149237089,1.687562882900238,1.4441661834716797,1.551361083984375,1.1706984043121338,1.3878254294395447,1.0146788358688354,2.8617925509761903,3.4657359027997265,3.714166597095403,3.871201010907891,0.4863612949848175,0.6273052096366882,0.18621190637350082,0.24512270092964172,0.147491455078125,0.1044921875
21,6101,M10_dense_island_spectral_pareto,2.6445866731475487,2.91929885018852,6.642249387658142,13.234689695596318,7.407407407407407,7.407407407407407,0.23326462507247925,0.5466169330876758,1.0363000049315594,2.2975599250672953,1.0397207708399179,3.039966597547795,2.0036665926162356,3.1549591391132585,1.9356005054539454,3.6417241143783157,2.232954059327292,3.4404489124061275,2.8938319793184517,3.500622811034738,3.9747222101253126,0.9032296650717704,0.9226596980255517,0.7760108624175208,0.8049366521217793,1.3078418970108032,1.5238983631134033,1.2584892511367798,1.491753876209259,1.2645056247711182,1.3618739247322083,3.1345481418531307,2.0715673631957663,3.5670468605964327,4.352996857153951,0.4724254906177521,0.3328676074743271,0.20905213803052902,0.15594766288995743,0.083770751953125,0.226593017578125
21,6101,M16b_baseline_dense_microisland_terrace,3.1368756890784626,3.6654876186278473,7.622518391294625,13.234689695596318,7.407407407407407,7.407407407407407,0.13559842109680176,0.3128974992652269,1.3969749246195744,2.770631772579213,1.0397207708399179,3.40064151723581,2.0036665926162356,3.6775009605526283,1.9356005054539454,3.2769667020129054,2.232954059327292,3.2067294785836786,2.8938319793184517,3.1639683918645973,3.9747222101253126,0.9541615988500664,0.9226596980255517,0.7080363086296015,0.8049366521217793,1.3167678713798523,1.5238983631134033,1.3561554551124573,1.491753876209259,1.3527742624282837,1.3618739247322083,3.3667009459186796,2.0715673631957663,3.7132745361986523,4.352996857153951,0.49875712394714355,0.3328676074743271,0.2010844126343727,0.15594766288995743,0.052520751953125,0.226593017578125
21,6101,M17a_fixed_sparse_peak_terrace,3.2422586711565478,3.557030186863518,7.281922092874711,13.234689695596318,7.407407407407407,7.407407407407407,0.3594810366630554,0.46808424109215263,1.2544299454052465,2.4849066497880004,1.0397207708399179,3.258096538021482,2.0036665926162356,3.275540167521702,1.9356005054539454,3.4657359027997265,2.232954059327292,3.3619162204106043,2.8938319793184517,3.255129170261575,3.9747222101253126,0.8966183574879227,0.9226596980255517,0.8179852491134805,0.8049366521217793,1.1590277552604675,1.5238983631134033,1.1322728395462036,1.491753876209259,1.1145500540733337,1.3618739247322083,3.5537127370553523,2.0715673631957663,3.573779635594727,4.352996857153951,0.5098459422588348,0.3328676074743271,0.2406497299671173,0.15594766288995743,0.054168701171875,0.226593017578125
21,6101,M17b_topology_sparse_peak_terrace,3.2626285172490332,3.5765026861830265,7.474391459448139,13.234689695596318,7.407407407407407,7.407407407407407,0.3601779341697693,0.46808424109215263,1.2544299454052465,2.4849066497880004,1.0397207708399179,3.258096538021482,2.0036665926162356,3.275540167521702,1.9356005054539454,3.4657359027997265,2.232954059327292,3.3619162204106043,2.8938319793184517,3.1883634739493134,3.9747222101253126,0.8966183574879227,0.9226596980255517,0.8179852491134805,0.8049366521217793,1.1589102745056152,1.5238983631134033,1.1315759420394897,1.491753876209259,1.1114862561225891,1.3618739247322083,3.5537127370553523,2.0715673631957663,3.573779635594727,4.352996857153951,0.5095445513725281,0.3328676074743271,0.24027898162603378,0.15594766288995743,0.05419921875,0.226593017578125
21,6101,M17c_topology_sparse_finetexture_terrace,3.470561299881024,3.7829406594084043,7.157848812283449,13.234689695596318,7.407407407407407,7.407407407407407,0.380673348903656,0.4020048866858774,1.4282351031102416,2.6735537653587342,1.0397207708399179,3.431901695726477,2.0036665926162356,3.295150524098343,1.9356005054539454,3.3522071774820534,2.232954059327292,3.295836866004329,2.8938319793184517,3.233849363052177,3.9747222101253126,0.8826492537313433,0.9226596980255517,0.8150191920540936,0.8049366521217793,1.159702181816101,1.5238983631134033,1.111080527305603,1.491753876209259,1.082454264163971,1.3618739247322083,3.610552549091248,2.0715673631957663,3.5323795138959007,4.352996857153951,0.5335726737976074,0.3328676074743271,0.2853028178215027,0.15594766288995743,0.048431396484375,0.226593017578125
21,6101,M17d_multiscale_texture_no_peak_terrace,3.5543614955832616,3.8677751783654584,6.975786137763451,13.234689695596318,7.407407407407407,7.407407407407407,0.3850362300872803,0.42838830217087365,1.4282351031102416,2.799210979499187,1.0397207708399179,3.431901695726477,2.0036665926162356,3.312696184003978,1.9356005054539454,3.2472549917775053,2.232954059327292,3.3222202814893254,2.8938319793184517,3.266530914770363,3.9747222101253126,0.87670829766418,0.9226596980255517,0.814023416369382,0.8049366521217793,1.1701032519340515,1.5238983631134033,1.1067176461219788,1.491753876209259,1.0686511993408203,1.3618739247322083,3.6372397793869355,2.0715673631957663,3.461321945737944,4.352996857153951,0.5411475896835327,0.3328676074743271,0.3013070523738861,0.15594766288995743,0.045440673828125,0.226593017578125
21,6101,M17e_broad_sparse_peak_terrace,3.180458808900667,3.51270962628109,7.431111708842664,13.234689695596318,7.407407407407407,7.407407407407407,0.3591991662979126,0.5139880157187138,1.2348195888286058,2.4414009612931853,1.0397207708399179,3.2384861814448413,2.0036665926162356,3.2769667020129054,1.9356005054539454,3.4468281773013176,2.232954059327292,3.4078199950371655,2.8938319793184517,3.2579115925782784,3.9747222101253126,0.8973559120617944,0.9226596980255517,0.8158359868653733,0.8049366521217793,1.1433879137039185,1.5238983631134033,1.1325547099113464,1.491753876209259,1.123981237411499,1.3618739247322083,3.5383269077219754,2.0715673631957663,3.6090884192017034,4.352996857153951,0.494297131896019,0.3328676074743271,0.22330854833126068,0.15594766288995743,0.057037353515625,0.226593017578125
21,6101,M17f_broad_sparse_finetexture_terrace,3.385216060731379,3.6679085975880943,6.981792356863173,13.234689695596318,7.407407407407407,7.407407407407407,0.3676261901855469,0.5401552251666946,1.3259803672255832,2.5619819897016294,1.0397207708399179,3.329646959841819,2.0036665926162356,3.275540167521702,1.9356005054539454,3.4811217321331034,2.232954059327292,3.4339872044851463,2.8938319793184517,3.267257659084355,3.9747222101253126,0.8847419028340081,0.9226596980255517,0.8214187430061533,0.8049366521217793,1.15079927444458,1.5238983631134033,1.1241276860237122,1.491753876209259,1.1031262278556824,1.3618739247322083,3.60945485380953,2.0715673631957663,3.58351893845611,4.352996857153951,0.5158185958862305,0.3328676074743271,0.25647634267807007,0.15594766288995743,0.05279541015625,0.226593017578125
21,6101,M17g_moderate_broad_topology_terrace,3.2982087020235227,3.590394463620853,6.970839221088162,13.234689695596318,7.407407407407407,7.407407407407407,0.35957491397857666,0.5550204922458661,1.2914839314821074,2.4849066497880004,1.0397207708399179,3.295150524098343,2.0036665926162356,3.275540167521702,1.9356005054539454,3.4965075614664802,2.232954059327292,3.448852471564318,2.8938319793184517,3.295836866004329,3.9747222101253126,0.8875,0.9226596980255517,0.8191086595384723,0.8049366521217793,1.1482720971107483,1.5238983631134033,1.1321789622306824,1.491753876209259,1.1193166375160217,1.3618739247322083,3.5383269077219754,2.0715673631957663,3.5573847241832315,4.352996857153951,0.5093395411968231,0.3328676074743271,0.24088270217180252,0.15594766288995743,0.054901123046875,0.226593017578125
21,6101,M17h_hierarchical_sparse_island_terrace,3.3055777681905036,3.6761048993145615,7.720647712969491,13.234689695596318,7.407407407407407,7.407407407407407,0.34250473976135254,0.40045929040104067,1.3090295913877426,2.6390573296152584,1.0397207708399179,3.312696184003978,2.0036665926162356,3.236945348176137,1.9356005054539454,3.49466763298728,2.232954059327292,3.2942912697194924,2.8938319793184517,3.1345481418531307,3.9747222101253126,0.8792668427336936,0.9226596980255517,0.8116497074192159,0.8049366521217793,1.1084219813346863,1.5238983631134033,1.1492491364479065,1.491753876209259,1.2509146928787231,1.3618739247322083,3.594961085372904,2.0715673631957663,3.5773076784568314,4.352996857153951,0.5135044157505035,0.3328676074743271,0.24708964675664902,0.15594766288995743,0.059967041015625,0.226593017578125
21,6101,M17i_soft_hierarchical_island_terrace,3.403954020795003,3.726811548919527,7.403213280027682,13.234689695596318,7.407407407407407,7.407407407407407,0.35156166553497314,0.4358149805233671,1.363034353302444,2.6364997792818734,1.0397207708399179,3.3667009459186796,2.0036665926162356,3.258096538021482,1.9356005054539454,3.4508686033282867,2.232954059327292,3.329646959841819,2.8938319793184517,3.1345481418531307,3.9747222101253126,0.8798076923076923,0.9226596980255517,0.8183543284143848,0.8049366521217793,1.1340018510818481,1.5238983631134033,1.1401922106742859,1.491753876209259,1.1910597085952759,1.3618739247322083,3.623540292292878,2.0715673631957663,3.5926935077902082,4.352996857153951,0.5237454175949097,0.3328676074743271,0.26661868393421173,0.15594766288995743,0.05218505859375,0.226593017578125
22,N6342,M10_dense_island_spectral_pareto,0.9854849871497757,1.1593884914284152,5.707733834691528,3.3162862326562483,11.11111111111111,29.62962962962963,0.009447872638702393,0.16862311523395057,0.847566316769492,2.4814223151299535,3.198464827608073,2.9700856263602153,3.8176519431297073,3.3140206880897667,3.912023005428146,2.969756570737941,3.7549415305774567,3.648545502580209,3.8171686178141595,3.257356345436265,3.441731293206546,0.8847912486494829,0.904472104519774,0.8030673633802189,0.8104761832893359,1.330227255821228,1.3029215931892395,1.27781081199646,1.2872586846351624,1.259900152683258,1.2934654355049133,3.329646959841819,3.7954260618442905,3.0342127941220554,3.375843046666124,0.4992404282093048,0.6481396555900574,0.24232372641563416,0.3105727434158325,0.0721435546875,0.046661376953125
22,N6342,M16b_baseline_dense_microisland_terrace,1.0095096434580295,1.2253523292471178,5.657562268485882,3.3162862326562483,11.11111111111111,29.62962962962963,0.07645821571350098,0.5111481003976133,0.3216037294217635,2.6020033435383976,3.198464827608073,3.496048213707944,3.8176519431297073,3.8147449581969974,3.912023005428146,3.0289771441884072,3.7549415305774567,3.3060205174165462,3.8171686178141595,3.05628768642852,3.441731293206546,0.9277392510402219,0.904472104519774,0.7462656726579133,0.8104761832893359,1.3248501420021057,1.3029215931892395,1.3637169003486633,1.2872586846351624,1.380016267299652,1.2934654355049133,3.398970206487465,3.7954260618442905,3.329646959841819,3.375843046666124,0.5313178598880768,0.6481396555900574,0.23242302983999252,0.3105727434158325,0.047637939453125,0.046661376953125
22,N6342,M17a_fixed_sparse_peak_terrace,0.8873825346546292,1.0409768134503592,4.704379306562129,3.3162862326562483,11.11111111111111,29.62962962962963,0.11569786071777344,0.42437479531019484,0.6821577272005577,2.5649493574615367,3.198464827608073,3.1354942159291497,3.8176519431297073,3.4011973816621555,3.912023005428146,3.218075184184714,3.7549415305774567,3.3927938225039647,3.8171686178141595,3.3961722137354045,3.441731293206546,0.8632653677216493,0.904472104519774,0.8018127052198832,0.8104761832893359,1.1942688822746277,1.3029215931892395,1.171560823917389,1.2872586846351624,1.2008386254310608,1.2934654355049133,3.5549397315361357,3.7954260618442905,3.3576916931673404,3.375843046666124,0.5458599925041199,0.6481396555900574,0.27837415039539337,0.3105727434158325,0.046478271484375,0.046661376953125
22,N6342,M17b_topology_sparse_peak_terrace,0.8898073355890533,1.0425483234081432,4.708833658770742,3.3162862326562483,11.11111111111111,29.62962962962963,0.11610841751098633,0.42437479531019484,0.6821577272005577,2.5649493574615367,3.198464827608073,3.1354942159291497,3.8176519431297073,3.4011973816621555,3.912023005428146,3.218075184184714,3.7549415305774567,3.3927938225039647,3.8171686178141595,3.3961722137354045,3.441731293206546,0.8632653677216493,0.904472104519774,0.8018127052198832,0.8104761832893359,1.1959519386291504,1.3029215931892395,1.171150267124176,1.2872586846351624,1.19709974527359,1.2934654355049133,3.5549397315361357,3.7954260618442905,3.3576916931673404,3.375843046666124,0.544355571269989,0.6481396555900574,0.2781795859336853,0.3105727434158325,0.0462646484375,0.046661376953125
22,N6342,M17c_topology_sparse_finetexture_terrace,0.9564376223282307,1.101730701914191,5.618810264019624,3.3162862326562483,11.11111111111111,29.62962962962963,0.12307727336883545,0.45121227367121364,0.601986402162968,2.772588722239781,3.198464827608073,3.2156655409667394,3.8176519431297073,3.480173864550654,3.912023005428146,2.799210979499187,3.7549415305774567,3.365956344142946,3.8171686178141595,3.2426991516018773,3.441731293206546,0.8543956043956044,0.904472104519774,0.8162298601859563,0.8104761832893359,1.1799426674842834,1.3029215931892395,1.164181411266327,1.2872586846351624,1.1754056215286255,1.2934654355049133,3.688566856416977,3.7954260618442905,3.2156655409667394,3.375843046666124,0.5629327595233917,0.6481396555900574,0.3251993954181671,0.3105727434158325,0.04254150390625,0.046661376953125
22,N6342,M17d_multiscale_texture_no_peak_terrace,1.013778951738229,1.1292829722933457,5.8278271176280585,3.3162862326562483,11.11111111111111,29.62962962962963,0.12689542770385742,0.5488228190185067,0.579165761684866,2.770631772579213,3.198464827608073,3.2384861814448413,3.8176519431297073,3.5408542930527878,3.912023005428146,2.668769039850659,3.7549415305774567,3.268345798795653,3.8171686178141595,3.207548479585798,3.441731293206546,0.8596710189452126,0.904472104519774,0.8189381641527833,0.8104761832893359,1.1862154006958008,1.3029215931892395,1.160363256931305,1.2872586846351624,1.1603327989578247,1.2934654355049133,3.687627889004877,3.7954260618442905,3.1549591391132585,3.375843046666124,0.5718709528446198,0.6481396555900574,0.34531620144844055,0.3105727434158325,0.04083251953125,0.046661376953125
22,N6342,M17e_broad_sparse_peak_terrace,0.9168237183100161,1.0501905559584575,4.866149085920964,3.3162862326562483,11.11111111111111,29.62962962962963,0.11392056941986084,0.29471605924947397,0.5995767589449934,2.5249280036247685,3.198464827608073,3.218075184184714,3.8176519431297073,3.349750170080839,3.912023005428146,2.9268191151002894,3.7549415305774567,3.5224525585646855,3.8171686178141595,3.398970206487465,3.441731293206546,0.8792270531400965,0.904472104519774,0.8159137858779879,0.8104761832893359,1.1807792782783508,1.3029215931892395,1.1733381152153015,1.2872586846351624,1.1958686709403992,1.2934654355049133,3.449861553642436,3.7954260618442905,3.40064151723581,3.375843046666124,0.5262998938560486,0.6481396555900574,0.25415587425231934,0.3105727434158325,0.05035400390625,0.046661376953125
22,N6342,M17f_broad_sparse_finetexture_terrace,0.9648319681595374,1.1109440150440577,5.566030501371671,3.3162862326562483,11.11111111111111,29.62962962962963,0.11770212650299072,0.5324279076070115,0.6430824474398085,2.70805020110221,3.198464827608073,3.174569495689899,3.8176519431297073,3.448852471564318,3.912023005428146,2.803360380906535,3.7549415305774567,3.284740710207148,3.8171686178141595,3.322870476639467,3.441731293206546,0.8588039867109634,0.904472104519774,0.816496580927726,0.8104761832893359,1.1765612959861755,1.3029215931892395,1.1695565581321716,1.2872586846351624,1.1916243433952332,1.2934654355049133,3.624252036185305,3.7954260618442905,3.236945348176137,3.375843046666124,0.5459299981594086,0.6481396555900574,0.28993383049964905,0.3105727434158325,0.046630859375,0.046661376953125
22,N6342,M17g_moderate_broad_topology_terrace,0.8690351475026301,1.0183462395829557,4.871879890451149,3.3162862326562483,11.11111111111111,29.62962962962963,0.1140749454498291,0.4522565825694218,0.6626928040164488,2.5649493574615367,3.198464827608073,3.1549591391132585,3.8176519431297073,3.4175922930736506,3.912023005428146,3.102278881284345,3.7549415305774567,3.3649120352447377,3.8171686178141595,3.349904087274605,3.441731293206546,0.8739075950746431,0.904472104519774,0.8109736811536962,0.8104761832893359,1.1807906031608582,1.3029215931892395,1.1731837391853333,1.2872586846351624,1.204642653465271,1.2934654355049133,3.5972184255501674,3.7954260618442905,3.358297386760489,3.375843046666124,0.5416041314601898,0.6481396555900574,0.27590417861938477,0.3105727434158325,0.04754638671875,0.046661376953125
22,N6342,M17h_hierarchical_sparse_island_terrace,0.9234811359996387,1.115648251682644,5.666532917126209,3.3162862326562483,11.11111111111111,29.62962962962963,0.10450011491775513,0.42437479531019484,0.6208565661543917,2.7403194616709956,3.198464827608073,3.1967953769753157,3.8176519431297073,3.433466642230941,3.912023005428146,2.6910994252643694,3.7549415305774567,3.3927938225039647,3.8171686178141595,3.3619162204106043,3.441731293206546,0.8589015151515151,0.904472104519774,0.8111173786754373,0.8104761832893359,1.142719030380249,1.3029215931892395,1.1827585697174072,1.2872586846351624,1.287552535533905,1.2934654355049133,3.6372397793869355,3.7954260618442905,3.227599281670061,3.375843046666124,0.5380320250988007,0.6481396555900574,0.2787482738494873,0.3105727434158325,0.05255126953125,0.046661376953125
22,N6342,M17i_soft_hierarchical_island_terrace,0.9535590360953199,1.1306416120312568,5.825390432047061,3.3162862326562483,11.11111111111111,29.62962962962963,0.10792011022567749,0.468651493980917,0.5995767589449934,2.70805020110221,3.198464827608073,3.218075184184714,3.8176519431297073,3.496048213707944,3.912023005428146,2.668769039850659,3.7549415305774567,3.3485171238332425,3.8171686178141595,3.255129170261575,3.441731293206546,0.8552130898021308,0.904472104519774,0.8170963777804334,0.8104761832893359,1.1556954383850098,1.3029215931892395,1.1793385744094849,1.2872586846351624,1.2440858483314514,1.2934654355049133,3.687627889004877,3.7954260618442905,3.1967953769753157,3.375843046666124,0.5517177581787109,0.6481396555900574,0.3024335652589798,0.3105727434158325,0.046966552734375,0.046661376953125
23,N6358,M10_dense_island_spectral_pareto,0.7563871299592909,0.9610621128206625,3.72858641110675,1.9615966805642722,22.22222222222222,92.5925925925926,0.04567080736160278,0.7666692844477265,0.2152020282277083,2.3502401828962083,2.5649493574615367,3.1345481418531307,3.349750170080839,3.246119917510236,3.4339872044851463,3.5400132499612953,4.081685658229956,3.384246605824315,4.150915890272041,3.7477709719421277,3.9512437185814275,0.9125000000000001,0.897860962566845,0.751551622906711,0.8033757138125728,1.352777361869812,1.3035703897476196,1.3255160450935364,1.2798452377319336,1.2859011888504028,1.2627838850021362,3.1780538303479458,3.4011973816621555,3.4175922930736506,3.7726948748059117,0.5047623813152313,0.5485012829303741,0.237588033080101,0.22145575284957886,0.074920654296875,0.068572998046875
23,N6358,M16b_baseline_dense_microisland_terrace,0.8661307582898821,1.3399310847507213,5.134226599916142,1.9615966805642722,11.11111111111111,92.5925925925926,0.07801878452301025,0.7782977155298605,0.11598573271888757,2.6287476860138907,2.5649493574615367,3.4657359027997265,3.349750170080839,3.9512437185814275,3.4339872044851463,3.908812721526685,4.081685658229956,3.372618174742181,4.150915890272041,3.0433873634561532,3.9512437185814275,0.9099281221922731,0.897860962566845,0.7646237986003874,0.8033757138125728,1.3378530740737915,1.3035703897476196,1.3578640222549438,1.2798452377319336,1.357459843158722,1.2627838850021362,3.433466642230941,3.4011973816621555,3.5323795138959007,3.7726948748059117,0.5370222628116608,0.5485012829303741,0.22809603810310364,0.22145575284957886,0.04571533203125,0.068572998046875
23,N6358,M17a_fixed_sparse_peak_terrace,0.8494720019710376,1.116597326187273,4.472778613776927,1.9615966805642722,14.814814814814815,92.5925925925926,0.1098405122756958,0.5469859545558036,0.07421000255913679,2.452637389219215,2.5649493574615367,3.275540167521702,3.349750170080839,3.675579113215347,3.4339872044851463,3.864097842599729,4.081685658229956,3.6039299357162378,4.150915890272041,3.2610463990850764,3.9512437185814275,0.8677383592017738,0.897860962566845,0.7922791617401687,0.8033757138125728,1.18686842918396,1.3035703897476196,1.1700047254562378,1.2798452377319336,1.1603423953056335,1.2627838850021362,3.5553480614894135,3.4011973816621555,3.4886406708153737,3.7726948748059117,0.5398977100849152,0.5485012829303741,0.27157680690288544,0.22145575284957886,0.04681396484375,0.068572998046875
23,N6358,M17b_topology_sparse_peak_terrace,0.8513131555746459,1.1177337778299041,4.480423359661125,1.9615966805642722,14.814814814814815,92.5925925925926,0.11071157455444336,0.5469859545558036,0.07421000255913679,2.452637389219215,2.5649493574615367,3.275540167521702,3.349750170080839,3.675579113215347,3.4339872044851463,3.864097842599729,4.081685658229956,3.6039299357162378,4.150915890272041,3.2610463990850764,3.9512437185814275,0.8677383592017738,0.897860962566845,0.7922791617401687,0.8033757138125728,1.1869211792945862,1.3035703897476196,1.1691336631774902,1.2798452377319336,1.1568642854690552,1.2627838850021362,3.5553480614894135,3.4011973816621555,3.4886406708153737,3.7726948748059117,0.539542019367218,0.5485012829303741,0.2712840884923935,0.22145575284957886,0.046905517578125,0.068572998046875
23,N6358,M17c_topology_sparse_finetexture_terrace,1.0833071575288828,1.4855093908828767,5.363260003214727,1.9615966805642722,11.11111111111111,92.5925925925926,0.12210947275161743,0.6272659870620245,0.01754565990563517,2.6441335153472676,2.5649493574615367,3.367295829986474,3.349750170080839,3.7488808503112843,3.4339872044851463,3.865965360974243,4.081685658229956,3.523649903210017,4.150915890272041,3.0683232784762398,3.9512437185814275,0.8448707186687956,0.897860962566845,0.8066086623377147,0.8033757138125728,1.1860360503196716,1.3035703897476196,1.1577357649803162,1.2798452377319336,1.1491538286209106,1.2627838850021362,3.6372397793869355,3.4011973816621555,3.2999352496064187,3.7726948748059117,0.560138612985611,0.5485012829303741,0.3179752230644226,0.22145575284957886,0.0430908203125,0.068572998046875
23,N6358,M17d_multiscale_texture_no_peak_terrace,1.249840087299705,1.7430047694888935,6.2391339880366665,1.9615966805642722,11.11111111111111,92.5925925925926,0.11991089582443237,0.6562482572847612,0.05144721158131649,2.6876392038420827,2.5649493574615367,3.4011973816621555,3.349750170080839,3.772166054026844,3.4339872044851463,3.8224596724794284,4.081685658229956,3.49466763298728,4.150915890272041,2.833213344056216,3.9512437185814275,0.8461761725321972,0.897860962566845,0.8141946065442147,0.8033757138125728,1.1917724013328552,1.3035703897476196,1.1599343419075012,1.2798452377319336,1.140846610069275,1.2627838850021362,3.6762205501217915,3.4011973816621555,3.2001287226544104,3.7726948748059117,0.5680232346057892,0.5485012829303741,0.3372258096933365,0.22145575284957886,0.041656494140625,0.068572998046875
23,N6358,M17e_broad_sparse_peak_terrace,0.8448215823445214,1.1377649863272261,4.95625229794402,1.9615966805642722,11.11111111111111,92.5925925925926,0.11369067430496216,0.7857052584224307,0.05666434265350162,2.3269801750787615,2.5649493574615367,3.2930858274273374,3.349750170080839,3.6622449896742664,3.4339872044851463,4.137815527289005,4.081685658229956,3.3652106318496107,4.150915890272041,3.2783891780790215,3.9512437185814275,0.8753512112099118,0.897860962566845,0.816496580927726,0.8033757138125728,1.1760861277580261,1.3035703897476196,1.1661545634269714,1.2798452377319336,1.1602466702461243,1.2627838850021362,3.4923581600591325,3.4011973816621555,3.49466763298728,3.7726948748059117,0.5223805606365204,0.5485012829303741,0.24883076548576355,0.22145575284957886,0.05242919921875,0.068572998046875
23,N6358,M17f_broad_sparse_finetexture_terrace,0.936775542105696,1.27349013293473,4.935796799035847,1.9615966805642722,11.11111111111111,92.5925925925926,0.11588150262832642,0.7205840545478983,0.018183822085437118,2.452637389219215,2.5649493574615367,3.331566347995402,3.349750170080839,3.7006156322065076,3.4339872044851463,3.895761409575366,4.081685658229956,3.430331835724143,4.150915890272041,3.159484056873217,3.9512437185814275,0.8716898227308515,0.897860962566845,0.816496580927726,0.8033757138125728,1.1850151419639587,1.3035703897476196,1.1639637351036072,1.2798452377319336,1.1626227498054504,1.2627838850021362,3.5819733421712736,3.4011973816621555,3.384246605824315,3.7726948748059117,0.5423397421836853,0.5485012829303741,0.28348228335380554,0.22145575284957886,0.0472412109375,0.068572998046875
23,N6358,M17g_moderate_broad_topology_terrace,0.8937233419498258,1.2273850437580978,4.90939064936098,1.9615966805642722,11.11111111111111,92.5925925925926,0.11530441045761108,0.7205840545478983,0.037053986076860834,2.393745871391023,2.5649493574615367,3.312696184003978,3.349750170080839,3.687627889004877,3.4339872044851463,3.917591877633374,4.081685658229956,3.430331835724143,4.150915890272041,3.185805923615928,3.9512437185814275,0.8724448239621649,0.897860962566845,0.8096154062374907,0.8033757138125728,1.1815415620803833,1.3035703897476196,1.1645408272743225,1.2798452377319336,1.1656571626663208,1.2627838850021362,3.5537127370553523,3.4011973816621555,3.4011973816621555,3.7726948748059117,0.5385567545890808,0.5485012829303741,0.269530788064003,0.22145575284957886,0.048583984375,0.068572998046875
23,N6358,M17h_hierarchical_sparse_island_terrace,0.9322821893460811,1.3258565954786434,5.341075704203023,1.9615966805642722,11.11111111111111,92.5925925925926,0.10631042718887329,0.9157096742840665,0.07707533991362903,2.4849066497880004,2.5649493574615367,3.27267483016721,3.349750170080839,3.6742937654637964,3.4339872044851463,3.8533064569820983,4.081685658229956,3.235206215987975,4.150915890272041,3.1630747365775496,3.9512437185814275,0.8699116832140383,0.897860962566845,0.8119691512961488,0.8033757138125728,1.1455358862876892,1.3035703897476196,1.1735348105430603,1.2798452377319336,1.261458694934845,1.2627838850021362,3.6199662956602348,3.4011973816621555,3.3919456458798756,3.7726948748059117,0.5332275629043579,0.5485012829303741,0.2733130604028702,0.22145575284957886,0.054595947265625,0.068572998046875
23,N6358,M17i_soft_hierarchical_island_terrace,0.9517016391126838,1.2863544222910452,4.792563186342613,1.9615966805642722,11.11111111111111,92.5925925925926,0.10673445463180542,0.7567116295972562,0.018183822085437118,2.5053176470481278,2.5649493574615367,3.331566347995402,3.349750170080839,3.760117278237314,3.4339872044851463,3.568639218630193,4.081685658229956,3.394204260674785,4.150915890272041,3.2228599096927892,3.9512437185814275,0.8602380952380952,0.897860962566845,0.8057139494358485,0.8033757138125728,1.1682217717170715,1.3035703897476196,1.1731107831001282,1.2798452377319336,1.2235012650489807,1.2627838850021362,3.6199662956602348,3.4011973816621555,3.3927938225039647,3.7726948748059117,0.5479660332202911,0.5485012829303741,0.29614269733428955,0.22145575284957886,0.04815673828125,0.068572998046875
24,N6382,M10_dense_island_spectral_pareto,1.2798858571087335,1.4580414525784915,4.835203468772717,4.180679222483992,11.11111111111111,14.814814814814815,0.10480868816375732,0.4295661590171034,0.8791557675802575,2.4814223151299535,3.044522437723423,2.858513850703111,3.7376696182833684,3.1934396596813226,3.921924319076236,3.2930858274273374,4.025192226533511,3.4923581600591325,3.921924319076236,3.387111943178807,3.590415599522278,0.8697524885660479,0.9158054292407332,0.8121967395503275,0.772789718331812,1.3595439791679382,1.3518766164779663,1.325202226638794,1.4300109148025513,1.2125622630119324,1.524690866470337,3.349750170080839,3.713572066704308,3.255129170261575,3.464636061222193,0.48994213342666626,0.6395599544048309,0.2548070400953293,0.28118717670440674,0.07342529296875,0.05426025390625
24,N6382,M16b_baseline_dense_microisland_terrace,0.7697808291213721,0.9645005050872288,4.830097256940511,4.180679222483992,11.11111111111111,14.814814814814815,0.0814284086227417,0.44365159750045136,0.3370281010475584,2.7403194616709956,3.044522437723423,3.40064151723581,3.7376696182833684,3.8492413939404733,3.921924319076236,3.3060205174165462,4.025192226533511,3.4782727215757845,3.921924319076236,3.0946451452189505,3.590415599522278,0.9201732673267327,0.9158054292407332,0.781467345245332,0.772789718331812,1.3594216108322144,1.3518766164779663,1.3485825061798096,1.4300109148025513,1.362647294998169,1.524690866470337,3.3140206880897667,3.713572066704308,3.5549397315361357,3.464636061222193,0.5414621531963348,0.6395599544048309,0.2532977759838104,0.28118717670440674,0.04718017578125,0.05426025390625
24,N6382,M17a_fixed_sparse_peak_terrace,1.2386989861604811,1.4472522862183599,4.574546977409956,4.180679222483992,14.814814814814815,14.814814814814815,0.27035272121429443,0.6472778068415814,0.48031327284710335,2.6020033435383976,3.044522437723423,3.257356345436265,3.7376696182833684,3.5964671106078994,3.921924319076236,3.2291691416723953,4.025192226533511,3.2746465122346544,3.921924319076236,3.257356345436265,3.590415599522278,0.8879763520062027,0.9158054292407332,0.8134395499517681,0.772789718331812,1.204794704914093,1.3518766164779663,1.1596581935882568,1.4300109148025513,1.1815486550331116,1.524690866470337,3.511434043041321,3.713572066704308,3.430331835724143,3.464636061222193,0.5555800497531891,0.6395599544048309,0.3011212646961212,0.28118717670440674,0.0445556640625,0.05426025390625
24,N6382,M17b_topology_sparse_peak_terrace,1.2504765442172365,1.4611022887292764,4.588676186941798,4.180679222483992,14.814814814814815,14.814814814814815,0.26954764127731323,0.6472778068415814,0.48031327284710335,2.6020033435383976,3.044522437723423,3.257356345436265,3.7376696182833684,3.5964671106078994,3.921924319076236,3.2291691416723953,4.025192226533511,3.2746465122346544,3.921924319076236,3.257356345436265,3.590415599522278,0.8844073284371792,0.9158054292407332,0.8144531681821603,0.772789718331812,1.2090152502059937,1.3518766164779663,1.160463273525238,1.4300109148025513,1.1765491366386414,1.524690866470337,3.511434043041321,3.713572066704308,3.430331835724143,3.464636061222193,0.5552003085613251,0.6395599544048309,0.3006439805030823,0.28118717670440674,0.04449462890625,0.05426025390625
24,N6382,M17c_topology_sparse_finetexture_terrace,1.382784670504547,1.597735241030274,4.90852876686276,4.180679222483992,11.11111111111111,14.814814814814815,0.2764654755592346,0.7493254850133391,0.3545737609531936,2.6020033435383976,3.044522437723423,3.383095857330175,3.7376696182833684,3.622113757801675,3.921924319076236,3.2311245606683947,4.025192226533511,3.1725988340628968,3.921924319076236,3.2188758248682006,3.590415599522278,0.8719633764198982,0.9158054292407332,0.8248332196993222,0.772789718331812,1.1987384557724,1.3518766164779663,1.1535454392433167,1.4300109148025513,1.1658138036727905,1.524690866470337,3.610552549091248,3.713572066704308,3.3485171238332425,3.464636061222193,0.5752440392971039,0.6395599544048309,0.3491843491792679,0.28118717670440674,0.039398193359375,0.05426025390625
24,N6382,M17d_multiscale_texture_no_peak_terrace,1.461191411895187,1.6979385113254049,5.290757678243355,4.180679222483992,11.11111111111111,14.814814814814815,0.27929580211639404,0.9175177263549386,0.27242223530755494,2.6020033435383976,3.044522437723423,3.4652473829758135,3.7376696182833684,3.6838542861871852,3.921924319076236,3.170179651863876,4.025192226533511,3.0044065927212973,3.921924319076236,3.2287771385162904,3.590415599522278,0.8614809663349222,0.9158054292407332,0.8223087631926109,0.772789718331812,1.1986709833145142,1.3518766164779663,1.1507151126861572,1.4300109148025513,1.1557326316833496,1.524690866470337,3.7256208424938384,3.713572066704308,3.1967953769753157,3.464636061222193,0.5831343233585358,0.6395599544048309,0.3709362894296646,0.28118717670440674,0.037994384765625,0.05426025390625
24,N6382,M17e_broad_sparse_peak_terrace,1.3381136483112757,1.546404398309839,4.846949822427548,4.180679222483992,11.11111111111111,14.814814814814815,0.26840633153915405,0.6449576170633304,0.49918343683852706,2.3978952727983707,3.044522437723423,3.2384861814448413,3.7376696182833684,3.583132987066819,3.921924319076236,3.427704399304964,4.025192226533511,3.2769667020129054,3.921924319076236,3.2676206355068294,3.590415599522278,0.8740579710144927,0.9158054292407332,0.8221853485928129,0.772789718331812,1.1931432485580444,1.3518766164779663,1.1616045832633972,1.4300109148025513,1.1848288774490356,1.524690866470337,3.449861553642436,3.713572066704308,3.5533030688636513,3.464636061222193,0.5362014472484589,0.6395599544048309,0.27387718856334686,0.28118717670440674,0.0462646484375,0.05426025390625
24,N6382,M17f_broad_sparse_finetexture_terrace,1.2622034612099915,1.4850817793415618,4.860064516730222,4.180679222483992,11.11111111111111,14.814814814814815,0.2770257592201233,0.6880749560240589,0.42497343427939027,2.5649493574615367,3.044522437723423,3.312696184003978,3.7376696182833684,3.7012257604091223,3.921924319076236,3.265438813862943,4.025192226533511,3.233849363052177,3.921924319076236,3.1771850203986753,3.590415599522278,0.8931159420289855,0.9158054292407332,0.814283223074234,0.772789718331812,1.1927836537361145,1.3518766164779663,1.152985155582428,1.4300109148025513,1.1766477823257446,1.524690866470337,3.5549397315361357,3.713572066704308,3.548153692763364,3.464636061222193,0.5574193894863129,0.6395599544048309,0.31050489842891693,0.28118717670440674,0.0445556640625,0.05426025390625
24,N6382,M17g_moderate_broad_topology_terrace,1.2691959387007816,1.4951707561363807,4.892864041729654,4.180679222483992,11.11111111111111,14.814814814814815,0.27590125799179077,0.7038491348915219,0.4418327522790393,2.5249280036247685,3.044522437723423,3.295836866004329,3.7376696182833684,3.688566856416977,3.921924319076236,3.349750170080839,4.025192226533511,3.218075184184714,3.921924319076236,3.181944900568973,3.590415599522278,0.8866319444444444,0.9158054292407332,0.8151020791677768,0.772789718331812,1.197001039981842,1.3518766164779663,1.1541096568107605,1.4300109148025513,1.1795658469200134,1.524690866470337,3.525927811477947,3.713572066704308,3.530452729237906,3.464636061222193,0.5524174869060516,0.6395599544048309,0.29757845401763916,0.28118717670440674,0.045318603515625,0.05426025390625
24,N6382,M17h_hierarchical_sparse_island_terrace,1.2793113377716223,1.495832948222928,5.357409287555679,4.180679222483992,11.11111111111111,14.814814814814815,0.2649295926094055,0.8661906493248965,0.30368241379822214,2.5249280036247685,3.044522437723423,3.4339872044851463,3.7376696182833684,3.5553480614894135,3.921924319076236,3.2384861814448413,4.025192226533511,3.0557336697513393,3.921924319076236,3.124504762569762,3.590415599522278,0.8924512987012987,0.9158054292407332,0.81008621807259,0.772789718331812,1.1594834327697754,1.3518766164779663,1.1650813221931458,1.4300109148025513,1.2464929223060608,1.524690866470337,3.58351893845611,3.713572066704308,3.3576916931673404,3.464636061222193,0.5474372506141663,0.6395599544048309,0.2992534339427948,0.28118717670440674,0.04937744140625,0.05426025390625
24,N6382,M17i_soft_hierarchical_island_terrace,1.3000611823147405,1.5077179793235274,5.093350038193589,4.180679222483992,11.11111111111111,14.814814814814815,0.26888614892959595,0.8402669170589152,0.3370281010475584,2.6020033435383976,3.044522437723423,3.40064151723581,3.7376696182833684,3.6742937654637964,3.921924319076236,3.2346251583978862,4.025192226533511,3.0816574020173206,3.921924319076236,3.1567740231385475,3.590415599522278,0.8814016172506738,0.9158054292407332,0.812722266106664,0.772789718331812,1.1779783368110657,1.3518766164779663,1.1611247658729553,1.4300109148025513,1.218104362487793,1.524690866470337,3.624252036185305,3.713572066704308,3.3625168210834215,3.464636061222193,0.5630932152271271,0.6395599544048309,0.3251238018274307,0.28118717670440674,0.0433349609375,0.05426025390625
25,N6389,M10_dense_island_spectral_pareto,0.8005386729251613,1.0656252431203974,4.2757590457872805,2.9674408110045003,18.51851851851852,40.74074074074074,0.04301786422729492,0.267085924291556,0.36464311358790935,2.4414009612931853,2.995732273553991,3.2188758248682006,3.58351893845611,3.326431514676673,3.6888794541139363,3.8158370591044184,4.007167868649712,3.604115086616335,3.871201010907891,3.642410456284302,3.6176294228102948,0.8810253699788584,0.9147459974201381,0.8080248441106831,0.7599574362777434,1.3392900228500366,1.3162973523139954,1.3306679129600525,1.2876500487327576,1.3540526032447815,1.3231667876243591,3.312696184003978,3.5263605246161616,3.04423891063899,3.6571099437116925,0.5096808969974518,0.5925054252147675,0.25096388906240463,0.2560243606567383,0.067779541015625,0.0648193359375
25,N6389,M16b_baseline_dense_microisland_terrace,1.206046630469677,1.4800121783694478,4.602852974580782,2.9674408110045003,14.814814814814815,40.74074074074074,0.3239535093307495,0.003891070221027082,0.563391582817403,2.3978952727983707,2.995732273553991,3.020127355638707,3.58351893845611,3.113268334643733,3.6888794541139363,3.437486894728879,4.007167868649712,3.8750920811289182,3.871201010907891,3.658274088591488,3.6176294228102948,0.903525641025641,0.9147459974201381,0.795799539797239,0.7599574362777434,1.6296231746673584,1.3162973523139954,1.611603558063507,1.2876500487327576,1.4477626085281372,1.3231667876243591,2.9444389791664403,3.5263605246161616,3.7132745361986523,3.6571099437116925,0.5037172734737396,0.5925054252147675,0.20131459087133408,0.2560243606567383,0.117767333984375,0.0648193359375
25,N6389,M17a_fixed_sparse_peak_terrace,1.206046630469677,1.4800121783694478,4.602852974580782,2.9674408110045003,14.814814814814815,40.74074074074074,0.3239535093307495,0.003891070221027082,0.563391582817403,2.3978952727983707,2.995732273553991,3.020127355638707,3.58351893845611,3.113268334643733,3.6888794541139363,3.437486894728879,4.007167868649712,3.8750920811289182,3.871201010907891,3.658274088591488,3.6176294228102948,0.903525641025641,0.9147459974201381,0.795799539797239,0.7599574362777434,1.6296231746673584,1.3162973523139954,1.611603558063507,1.2876500487327576,1.4477626085281372,1.3231667876243591,2.9444389791664403,3.5263605246161616,3.7132745361986523,3.6571099437116925,0.5037172734737396,0.5925054252147675,0.20131459087133408,0.2560243606567383,0.117767333984375,0.0648193359375
25,N6389,M17b_topology_sparse_peak_terrace,1.206046630469677,1.4800121783694478,4.602852974580782,2.9674408110045003,14.814814814814815,40.74074074074074,0.3239535093307495,0.003891070221027082,0.563391582817403,2.3978952727983707,2.995732273553991,3.020127355638707,3.58351893845611,3.113268334643733,3.6888794541139363,3.437486894728879,4.007167868649712,3.8750920811289182,3.871201010907891,3.658274088591488,3.6176294228102948,0.903525641025641,0.9147459974201381,0.795799539797239,0.7599574362777434,1.6296231746673584,1.3162973523139954,1.611603558063507,1.2876500487327576,1.4477626085281372,1.3231667876243591,2.9444389791664403,3.5263605246161616,3.7132745361986523,3.6571099437116925,0.5037172734737396,0.5925054252147675,0.20131459087133408,0.2560243606567383,0.117767333984375,0.0648193359375
25,N6389,M17c_topology_sparse_finetexture_terrace,1.206046630469677,1.4800121783694478,4.602852974580782,2.9674408110045003,14.814814814814815,40.74074074074074,0.3239535093307495,0.003891070221027082,0.563391582817403,2.3978952727983707,2.995732273553991,3.020127355638707,3.58351893845611,3.113268334643733,3.6888794541139363,3.437486894728879,4.007167868649712,3.8750920811289182,3.871201010907891,3.658274088591488,3.6176294228102948,0.903525641025641,0.9147459974201381,0.795799539797239,0.7599574362777434,1.6296231746673584,1.3162973523139954,1.611603558063507,1.2876500487327576,1.4477626085281372,1.3231667876243591,2.9444389791664403,3.5263605246161616,3.7132745361986523,3.6571099437116925,0.5037172734737396,0.5925054252147675,0.20131459087133408,0.2560243606567383,0.117767333984375,0.0648193359375
25,N6389,M17d_multiscale_texture_no_peak_terrace,1.206046630469677,1.4800121783694478,4.602852974580782,2.9674408110045003,14.814814814814815,40.74074074074074,0.3239535093307495,0.003891070221027082,0.563391582817403,2.3978952727983707,2.995732273553991,3.020127355638707,3.58351893845611,3.113268334643733,3.6888794541139363,3.437486894728879,4.007167868649712,3.8750920811289182,3.871201010907891,3.658274088591488,3.6176294228102948,0.903525641025641,0.9147459974201381,0.795799539797239,0.7599574362777434,1.6296231746673584,1.3162973523139954,1.611603558063507,1.2876500487327576,1.4477626085281372,1.3231667876243591,2.9444389791664403,3.5263605246161616,3.7132745361986523,3.6571099437116925,0.5037172734737396,0.5925054252147675,0.20131459087133408,0.2560243606567383,0.117767333984375,0.0648193359375
25,N6389,M17e_broad_sparse_peak_terrace,1.206046630469677,1.4800121783694478,4.602852974580782,2.9674408110045003,14.814814814814815,40.74074074074074,0.3239535093307495,0.003891070221027082,0.563391582817403,2.3978952727983707,2.995732273553991,3.020127355638707,3.58351893845611,3.113268334643733,3.6888794541139363,3.437486894728879,4.007167868649712,3.8750920811289182,3.871201010907891,3.658274088591488,3.6176294228102948,0.903525641025641,0.9147459974201381,0.795799539797239,0.7599574362777434,1.6296231746673584,1.3162973523139954,1.611603558063507,1.2876500487327576,1.4477626085281372,1.3231667876243591,2.9444389791664403,3.5263605246161616,3.7132745361986523,3.6571099437116925,0.5037172734737396,0.5925054252147675,0.20131459087133408,0.2560243606567383,0.117767333984375,0.0648193359375
25,N6389,M17f_broad_sparse_finetexture_terrace,1.206046630469677,1.4800121783694478,4.602852974580782,2.9674408110045003,14.814814814814815,40.74074074074074,0.3239535093307495,0.003891070221027082,0.563391582817403,2.3978952727983707,2.995732273553991,3.020127355638707,3.58351893845611,3.113268334643733,3.6888794541139363,3.437486894728879,4.007167868649712,3.8750920811289182,3.871201010907891,3.658274088591488,3.6176294228102948,0.903525641025641,0.9147459974201381,0.795799539797239,0.7599574362777434,1.6296231746673584,1.3162973523139954,1.611603558063507,1.2876500487327576,1.4477626085281372,1.3231667876243591,2.9444389791664403,3.5263605246161616,3.7132745361986523,3.6571099437116925,0.5037172734737396,0.5925054252147675,0.20131459087133408,0.2560243606567383,0.117767333984375,0.0648193359375
25,N6389,M17g_moderate_broad_topology_terrace,1.206046630469677,1.4800121783694478,4.602852974580782,2.9674408110045003,14.814814814814815,40.74074074074074,0.3239535093307495,0.003891070221027082,0.563391582817403,2.3978952727983707,2.995732273553991,3.020127355638707,3.58351893845611,3.113268334643733,3.6888794541139363,3.437486894728879,4.007167868649712,3.8750920811289182,3.871201010907891,3.658274088591488,3.6176294228102948,0.903525641025641,0.9147459974201381,0.795799539797239,0.7599574362777434,1.6296231746673584,1.3162973523139954,1.611603558063507,1.2876500487327576,1.4477626085281372,1.3231667876243591,2.9444389791664403,3.5263605246161616,3.7132745361986523,3.6571099437116925,0.5037172734737396,0.5925054252147675,0.20131459087133408,0.2560243606567383,0.117767333984375,0.0648193359375
25,N6389,M17h_hierarchical_sparse_island_terrace,1.206046630469677,1.4800121783694478,4.602852974580782,2.9674408110045003,14.814814814814815,40.74074074074074,0.3239535093307495,0.003891070221027082,0.563391582817403,2.3978952727983707,2.995732273553991,3.020127355638707,3.58351893845611,3.113268334643733,3.6888794541139363,3.437486894728879,4.007167868649712,3.8750920811289182,3.871201010907891,3.658274088591488,3.6176294228102948,0.903525641025641,0.9147459974201381,0.795799539797239,0.7599574362777434,1.6296231746673584,1.3162973523139954,1.611603558063507,1.2876500487327576,1.4477626085281372,1.3231667876243591,2.9444389791664403,3.5263605246161616,3.7132745361986523,3.6571099437116925,0.5037172734737396,0.5925054252147675,0.20131459087133408,0.2560243606567383,0.117767333984375,0.0648193359375
25,N6389,M17i_soft_hierarchical_island_terrace,1.206046630469677,1.4800121783694478,4.602852974580782,2.9674408110045003,14.814814814814815,40.74074074074074,0.3239535093307495,0.003891070221027082,0.563391582817403,2.3978952727983707,2.995732273553991,3.020127355638707,3.58351893845611,3.113268334643733,3.6888794541139363,3.437486894728879,4.007167868649712,3.8750920811289182,3.871201010907891,3.658274088591488,3.6176294228102948,0.903525641025641,0.9147459974201381,0.795799539797239,0.7599574362777434,1.6296231746673584,1.3162973523139954,1.611603558063507,1.2876500487327576,1.4477626085281372,1.3231667876243591,2.9444389791664403,3.5263605246161616,3.7132745361986523,3.6571099437116925,0.5037172734737396,0.5925054252147675,0.20131459087133408,0.2560243606567383,0.117767333984375,0.0648193359375
26,N6390,M10_dense_island_spectral_pareto,1.0501162580178784,1.2648174247544304,4.680418985756556,1.8690158958464689,14.814814814814815,96.29629629629629,0.034100115299224854,0.29033459856662747,0.633443314868253,2.6155543084272934,3.020127355638707,3.0677824455408693,3.7012257604091223,3.449861553642436,3.784189633918261,3.1392607120829226,4.629279472123328,3.828405045740189,4.1187396443068165,3.339171057327166,3.784189633918261,0.8588039867109634,0.9089968003011482,0.7907060494496082,0.7801064831365703,1.3426240682601929,1.3109353184700012,1.3026376962661743,1.2685375809669495,1.2586652636528015,1.2407156825065613,3.218075184184714,3.7132745361986523,3.2705149995949516,3.58351893845611,0.5123484432697296,0.6440058052539825,0.25777313113212585,0.2920278310775757,0.069427490234375,0.056396484375
26,N6390,M16b_baseline_dense_microisland_terrace,1.0435241738190677,1.2181245933191032,4.45853727978568,1.8690158958464689,14.814814814814815,96.29629629629629,0.06125533580780029,0.5720373313724334,0.42568559288742014,2.6364997792818734,3.020127355638707,3.275540167521702,3.7012257604091223,3.4175922930736506,3.784189633918261,3.129312491919483,4.629279472123328,3.546702312934383,4.1187396443068165,3.3838153854439854,3.784189633918261,0.9120824181228075,0.9089968003011482,0.7979982210364892,0.7801064831365703,1.3877138495445251,1.3109353184700012,1.3297929167747498,1.2685375809669495,1.260619342327118,1.2407156825065613,3.2188758248682006,3.7132745361986523,3.202614229015421,3.58351893845611,0.5038058757781982,0.6440058052539825,0.22084146738052368,0.2920278310775757,0.061065673828125,0.056396484375
26,N6390,M17a_fixed_sparse_peak_terrace,1.051238744232006,1.2652442071599659,4.851629601920417,1.8690158958464689,11.11111111111111,96.29629629629629,0.03616148233413696,0.4311117553019397,0.524040740010447,2.4814223151299535,3.020127355638707,3.1771850203986753,3.7012257604091223,3.384246605824315,3.784189633918261,3.1972132624990137,4.629279472123328,3.687627889004877,4.1187396443068165,3.246119917510236,3.784189633918261,0.8884123093681917,0.9089968003011482,0.7961286730314143,0.7801064831365703,1.3320372104644775,1.3109353184700012,1.3046990633010864,1.2685375809669495,1.230297565460205,1.2407156825065613,3.332204510175204,3.7132745361986523,3.124021437254215,3.58351893845611,0.5095425844192505,0.6440058052539825,0.24627524614334106,0.2920278310775757,0.059539794921875,0.056396484375
26,N6390,M17b_topology_sparse_peak_terrace,1.0710530336598214,1.2815390390150956,4.905614217857185,1.8690158958464689,11.11111111111111,96.29629629629629,0.03513062000274658,0.39661531955846385,0.5666776185559916,2.4814223151299535,3.020127355638707,3.1345481418531307,3.7012257604091223,3.384246605824315,3.784189633918261,3.1972132624990137,4.629279472123328,3.7221243247483526,4.1187396443068165,3.246119917510236,3.784189633918261,0.8819444444444444,0.9089968003011482,0.7978798818016697,0.7801064831365703,1.3307395577430725,1.3109353184700012,1.303668200969696,1.2685375809669495,1.2302765250205994,1.2407156825065613,3.332204510175204,3.7132745361986523,3.1345481418531307,3.58351893845611,0.5093920528888702,0.6440058052539825,0.24623646587133408,0.2920278310775757,0.059539794921875,0.056396484375
26,N6390,M17c_topology_sparse_finetexture_terrace,1.065411794877656,1.337769596771418,5.161429074905626,1.8690158958464689,11.11111111111111,96.29629629629629,0.022874534130096436,0.3054545411614864,0.4831505762244084,2.4814223151299535,3.020127355638707,3.218075184184714,3.7012257604091223,3.4175922930736506,3.784189633918261,2.93886789088982,4.629279472123328,3.81328510314533,4.1187396443068165,3.21162348176676,3.784189633918261,0.886335403726708,0.9089968003011482,0.8132271728084778,0.7801064831365703,1.3189698457717896,1.3109353184700012,1.291412115097046,1.2685375809669495,1.2093958258628845,1.2407156825065613,3.4011973816621555,3.7132745361986523,3.090008326826286,3.58351893845611,0.5167947113513947,0.6440058052539825,0.26954953372478485,0.2920278310775757,0.057037353515625,0.056396484375
26,N6390,M17d_multiscale_texture_no_peak_terrace,1.1577389376765215,1.4772177892623852,5.69001305035771,1.8690158958464689,11.11111111111111,96.29629629629629,0.015116453170776367,0.4311117553019397,0.5266562647192234,2.6364997792818734,3.020127355638707,3.174569495689899,3.7012257604091223,3.449861553642436,3.784189633918261,2.8762863194128165,4.629279472123328,3.687627889004877,4.1187396443068165,3.1883634739493134,3.784189633918261,0.8544973544973544,0.9089968003011482,0.8129349617667744,0.7801064831365703,1.3150069117546082,1.3109353184700012,1.2836540341377258,1.2685375809669495,1.201006293296814,1.2407156825065613,3.4175922930736506,3.7132745361986523,3.032473661933893,3.58351893845611,0.5211329758167267,0.6440058052539825,0.2803475260734558,0.2920278310775757,0.05560302734375,0.056396484375
26,N6390,M17e_broad_sparse_peak_terrace,0.997148730368243,1.1910739794344534,4.625765516971188,1.8690158958464689,14.814814814814815,96.29629629629629,0.03541529178619385,0.17654552437558957,0.5657315444799726,2.4337672252277915,3.020127355638707,3.1354942159291497,3.7012257604091223,3.4011973816621555,3.784189633918261,3.3619162204106043,4.629279472123328,3.942194119931227,4.1187396443068165,3.3140206880897667,3.784189633918261,0.8842327497837716,0.9089968003011482,0.7960912202096095,0.7801064831365703,1.3311694264411926,1.3109353184700012,1.3039528727531433,1.2685375809669495,1.2415321469306946,1.2407156825065613,3.3140206880897667,3.7132745361986523,3.1771850203986753,3.58351893845611,0.5052192211151123,0.6440058052539825,0.2359888032078743,0.2920278310775757,0.061492919921875,0.056396484375
26,N6390,M17f_broad_sparse_finetexture_terrace,1.0091471863906636,1.252632510277698,4.78118870026392,1.8690158958464689,11.11111111111111,96.29629629629629,0.030979931354522705,0.4492955773873768,0.5462666212958638,2.4814223151299535,3.020127355638707,3.1549591391132585,3.7012257604091223,3.367295829986474,3.784189633918261,3.2050874409830836,4.629279472123328,3.6694440669194397,4.1187396443068165,3.2059091338549486,3.784189633918261,0.8951951951951952,0.9089968003011482,0.7932020341970061,0.7801064831365703,1.3254833817481995,1.3109353184700012,1.2995175123214722,1.2685375809669495,1.2257770895957947,1.2407156825065613,3.4011973816621555,3.7132745361986523,3.174569495689899,3.58351893845611,0.5110681653022766,0.6440058052539825,0.25235557556152344,0.2920278310775757,0.058990478515625,0.056396484375
26,N6390,M17g_moderate_broad_topology_terrace,1.0345939165781406,1.2749590431725328,4.871752319858206,1.8690158958464689,11.11111111111111,96.29629629629629,0.034791648387908936,0.4445263228943559,0.524040740010447,2.4414009612931853,3.020127355638707,3.1771850203986753,3.7012257604091223,3.4011973816621555,3.784189633918261,3.255129170261575,4.629279472123328,3.6742133214124606,4.1187396443068165,3.1639683918645973,3.784189633918261,0.8912757866562214,0.9089968003011482,0.7942311323391328,0.7801064831365703,1.3270861506462097,1.3109353184700012,1.3033292293548584,1.2685375809669495,1.2340522408485413,1.2407156825065613,3.331566347995402,3.7132745361986523,3.218075184184714,3.58351893845611,0.5094107091426849,0.6440058052539825,0.24567042291164398,0.2920278310775757,0.059967041015625,0.056396484375
26,N6390,M17h_hierarchical_sparse_island_terrace,1.065949237543127,1.230151953134879,4.653004326024617,1.8690158958464689,14.814814814814815,96.29629629629629,0.052436888217926025,0.2794607922529728,0.524040740010447,2.470821211304652,3.020127355638707,3.1771850203986753,3.7012257604091223,3.40064151723581,3.784189633918261,3.40064151723581,4.629279472123328,3.8392788520538437,4.1187396443068165,3.262148125568294,3.784189633918261,0.8805189667071227,0.9089968003011482,0.8083173172616679,0.7801064831365703,1.340333640575409,1.3109353184700012,1.3209744691848755,1.2685375809669495,1.2681547403335571,1.2407156825065613,3.295150524098343,3.7132745361986523,3.1934396596813226,3.58351893845611,0.5125772655010223,0.6440058052539825,0.2495044842362404,0.2920278310775757,0.06365966796875,0.056396484375
26,N6390,M17i_soft_hierarchical_island_terrace,1.0480338946471641,1.30039991905759,5.160102035095023,1.8690158958464689,11.11111111111111,96.29629629629629,0.03910171985626221,0.23978654013094314,0.5657315444799726,2.596478425445105,3.020127355638707,3.1354942159291497,3.7012257604091223,3.449861553642436,3.784189633918261,3.2228599096927892,4.629279472123328,3.8789531041758734,4.1187396443068165,3.1771850203986753,3.784189633918261,0.8782520325203251,0.9089968003011482,0.8084652825859532,0.7801064831365703,1.3301201462745667,1.3109353184700012,1.3076393008232117,1.2685375809669495,1.2398282289505005,1.2407156825065613,3.4011973816621555,3.7132745361986523,3.1112881340356844,3.58351893845611,0.5158583223819733,0.6440058052539825,0.26069916784763336,0.2920278310775757,0.059814453125,0.056396484375
