cross_validation_fold,growth_run_id,method,true_rq_nm,generated_rq_nm,rq_absolute_error_nm,condition_descriptor_mae_z,generated_pairwise_l1,real_pairwise_l1,diversity_ratio,unit_l1,unit_rmse,ssim,gradient_mae,physical_ra_error_nm,physical_robust_height_range_error_nm,physical_histogram_wasserstein_nm,reconstructed_rq_nm,rq_architectural_consistency_error_nm,normalized_psd_log_distance,psd_low_band_error,psd_mid_band_error,psd_high_band_error,psd_slope_error,correlation_length_abs_error_nm,correlation_length_relative_error,anisotropy_error,skewness_error,kurtosis_error,height_quantile_error,ra_rq_error,physical_psd_distance,physical_correlation_length_error_nm,ssim_penalty,composite_score,nearest_training_l1,max_training_ssim,exact_training_pixel_equality,generated_mean_gradient,real_mean_gradient,mean_gradient_relative_error,generated_rms_gradient,real_rms_gradient,rms_gradient_relative_error,generated_laplacian_rms,real_laplacian_rms,laplacian_rms_relative_error,generated_edge_energy_ratio,real_edge_energy_ratio,edge_energy_ratio_relative_error,generated_wrap_discontinuity_ratio,real_wrap_discontinuity_ratio,wrap_discontinuity_ratio_relative_error,generated_high_psd_fraction,real_high_psd_fraction,high_psd_fraction_relative_error,generated_robust_height_range,real_robust_height_range,robust_height_range_relative_error,generated_skewness,real_skewness,skewness_relative_error,generated_kurtosis,real_kurtosis,kurtosis_relative_error,sharpness_ratio,afm_texture_gate_pass
0,6022,M10_dense_island_spectral_pareto,1.649340271949768,1.313524054588533,0.3358162173612351,1.446962833404541,1.1189721822738647,1.0623729228973389,1.0532762631244088,1.1259825229644775,1.4210221767425537,0.012569301688366728,36.34460770018889,0.03561745143755246,0.7464690303802488,0.2503768078158103,1.6493386190760124,1.652873755642048e-06,0.4240915624169392,5.797208003899268e-05,1.0688678667287966e-05,6.866075870617897e-05,0.41647428956635046,0.0,0.0,0.33333333333333326,1.1263970136994477,1.7133508285140753,0.29394193394907847,0.021594968331003495,0.4240915624169392,0.0,0.9874306983116333,7.5389833686863845,1.0440069437026978,0.04145108735208825,False,0.32278966903686523,0.24846479296684265,0.29913644980655735,0.3811968117952347,0.3801034390926361,0.002876513575379945,0.44495023787021637,0.490948349237442,0.09369236384778869,1.0361756086349487,0.8516786694526672,0.21662740397249677,0.9978747963905334,7.2657470703125,0.8626603999927547,0.00011460287003125335,8.089577829853443e-05,0.4166730630655121,4.7062032151222235,4.577738639116287,0.028062890027888518,0.1810167103446887,-0.9569965329107071,1.1891508528187933,3.2149543485741963,5.000245974106004,0.35704076054998496,1.2991364498065574,True
0,6022,M16b_baseline_dense_microisland_terrace,1.649340271949768,1.313524054588533,0.3358162173612351,1.6510652303695679,1.1306607723236084,1.0623729228973389,1.0642786049554356,1.133780598640442,1.4160796403884888,0.013824386058282324,35.305301021054206,0.073170691812948,0.04730206251144331,0.29524504594737966,1.6493386495683084,1.62238145962057e-06,0.8430102007076711,0.00094264336275518,0.0008998504000352623,4.2792962719724584e-05,0.4098232774094326,0.0,0.0,0.16666666666666652,1.1075478377927837,2.282907953446334,0.29619314323578566,0.04436361186048754,0.8430102007076711,0.0,0.9861756139417177,7.457009797302683,1.0525914430618286,0.041468742037529364,False,0.30645035207271576,0.24846479296684265,0.23337535436503962,0.35941311717033386,0.3801034390926361,0.05443339837096225,0.29428327083587646,0.490948349237442,0.4005820137842047,1.009706825017929,0.8516786694526672,0.18554903537365672,1.013894110918045,7.2657470703125,0.8604556281540864,1.71231587433376e-05,8.089577829853443e-05,0.788330626103293,4.397224881649018,4.577738639116287,0.039432954062688964,0.1960432454298814,-0.9569965329107071,1.2048526182572632,2.6715313799286973,5.000245974106004,0.4657200078229469,1.2333753543650396,True
0,6022,M17a_fixed_sparse_peak_terrace,1.649340271949768,1.313524054588533,0.3358162173612351,1.511311650276184,1.1272926330566406,1.0623729228973389,1.0611082123424707,1.1350878477096558,1.4190455675125122,0.01254628199787011,36.00987690588644,0.06616857854357949,0.0935177564620977,0.28926090105184177,1.6493386249821662,1.6469676018537882e-06,0.4928503557877914,0.0004415808704000268,0.0004589240015037457,1.7343131104015583e-05,0.2034489074396597,0.0,0.0,0.16666666666666652,1.1198313906981416,2.122872067916694,0.2905936830065081,0.040118209261648996,0.4928503557877914,0.0,0.9874537180021299,7.4921649121648155,1.0509364604949951,0.04029759409283821,False,0.3167997747659683,0.24846479296684265,0.27502883198524186,0.37082573771476746,0.3801034390926361,0.02440835947187407,0.3811015337705612,0.490948349237442,0.22374413853819589,1.0144932270050049,0.8516786694526672,0.19116899764199882,0.9909085035324097,7.2657470703125,0.8636191854818047,7.499912784035207e-05,8.089577829853443e-05,0.07289194296915731,4.48961709022522,4.577738639116287,0.019250017495118163,0.20169081795896576,-0.9569965329107071,1.2107539693435698,2.8071641904807203,5.000245974106004,0.4385947801332685,1.2750288319852419,True
0,6022,M17b_topology_sparse_peak_terrace,1.649340271949768,1.313524054588533,0.3358162173612351,1.511233925819397,1.1273744702339172,1.0623729228973389,1.0611852447813748,1.1351159811019897,1.4191312789916992,0.012484518888580473,36.01209640220975,0.06625879350021391,0.09201783180236944,0.28909696345129543,1.649338739117086,1.5328326821162364e-06,0.49334322224740673,0.00044173332792030173,0.0004591994882921609,1.7466160372037805e-05,0.20414403247368584,0.0,0.0,0.16666666666666652,1.118726085182528,2.1233203769473787,0.2902483754924366,0.0401729064089964,0.49334322224740673,0.0,0.9875154811114195,7.49271105155118,1.0509146451950073,0.04029601573935997,False,0.316781148314476,0.24846479296684265,0.2749538658249666,0.37079836428165436,0.3801034390926361,0.02448037521889925,0.38114191591739655,0.490948349237442,0.22366188518731273,1.0151006579399109,0.8516786694526672,0.19188221373709768,0.9912088513374329,7.2657470703125,0.8635778479837999,7.514953204059129e-05,8.089577829853443e-05,0.07103270873712875,4.488867360949516,4.577738639116287,0.01941379470801917,0.20053837420158546,-0.9569965329107071,1.2095497395289903,2.807170447869626,5.000245974106004,0.4385935287170506,1.2749538658249666,True
0,6022,M17c_topology_sparse_finetexture_terrace,1.649340271949768,1.313524054588533,0.3358162173612351,1.5170056819915771,1.1273051500320435,1.0623729228973389,1.0611199944343641,1.1356849670410156,1.419657588005066,0.012473937167395263,36.922685833968806,0.06574398990625863,0.14627800703048877,0.2882144270543149,1.6493386465364,1.625413368122608e-06,0.5103316189732978,0.00013212101988013814,2.9927429200464787e-05,0.00010219359067963711,0.51096334815671,7.874015748031496,0.14285714285714285,0.16666666666666652,1.1119441667569943,2.1265186418947475,0.2879740061823811,0.03986077988385284,0.5103316189732978,7.874015748031496,0.9875260628326047,7.715299645410655,1.0519959926605225,0.03965877312789002,False,0.3303539454936981,0.24846479296684265,0.32958050735897815,0.3847384750843048,0.3801034390926361,0.012194143790788179,0.4659296125173569,0.490948349237442,0.05096001801196626,1.0184820890426636,0.8516786694526672,0.1958525269832023,0.9843922257423401,7.2657470703125,0.8645160344537012,0.00015626198081436054,8.089577829853443e-05,0.9316456816534703,4.513982120752335,4.577738639116287,0.013927513864413255,0.1937150660653067,-0.9569965329107071,1.2024198201388692,2.806596775215458,5.000245974106004,0.4387082576038171,1.3295805073589781,True
0,6022,M17d_multiscale_texture_no_peak_terrace,1.649340271949768,1.313524054588533,0.3358162173612351,1.5547699928283691,1.12782883644104,1.0623729228973389,1.061612934717112,1.1357327699661255,1.4193408489227295,0.01255294914593074,37.30946870382189,0.06624552150894303,0.142884490489962,0.28677355505700297,1.6493387345897326,1.537360035497315e-06,0.5897637321180085,0.0003793482967678896,0.0002469348088621579,0.0001324134879060532,0.5819435542956688,7.874015748031496,0.14285714285714285,0.16666666666666652,1.0999995337117785,2.1551778698729187,0.2862122735487564,0.040164859785580154,0.5897637321180085,7.874015748031496,0.9874470508540693,7.816213692231787,1.052223563194275,0.03988989436392552,False,0.33567477762699127,0.24846479296684265,0.3509953407032066,0.3900950849056244,0.3801034390926361,0.026286649331139538,0.4952915608882904,0.490948349237442,0.008846575525906984,1.0196743607521057,0.8516786694526672,0.19725243489707356,0.9848927855491638,7.2657470703125,0.8644471413581971,0.00018358668991099423,8.089577829853443e-05,1.2694223823830895,4.515846735239029,4.577738639116287,0.01352019168337808,0.1806711763290953,-0.9569965329107071,1.1887897919332933,2.795599650297741,5.000245974106004,0.4409075743923643,1.3509953407032065,True
0,6022,M17e_broad_sparse_peak_terrace,1.649340271949768,1.313524054588533,0.3358162173612351,1.5786833763122559,1.1250123977661133,1.0623729228973389,1.0589618518306565,1.1429901123046875,1.4367765188217163,0.006086705787963071,34.54590296855544,0.08235458549160057,0.06298728704452472,0.36208631508258393,1.6493386802606262,1.5916891418221724e-06,0.562413209622933,0.0006383765236973593,0.0006450929257482134,6.716402050892505e-06,0.17476630363890244,0.0,0.0,0.33333333333333326,1.2726759395143237,2.2559519406414688,0.36219418589557867,0.04993183430110326,0.562413209622933,0.0,0.9939132942120369,7.231625013903509,1.046093225479126,0.040369677785102275,False,0.3133009374141693,0.24846479296684265,0.2609470085203539,0.36693477630615234,0.3801034390926361,0.034644945117885115,0.37382425367832184,0.490948349237442,0.23856704221745806,1.015342891216278,0.8516786694526672,0.19216663236240253,1.0025455355644226,7.2657470703125,0.8620175563692857,7.8121727512626e-05,8.089577829853443e-05,0.03429166322711172,4.499322508573533,4.577738639116287,0.017129883709982207,0.23123101894174897,-0.9569965329107071,1.241621584812287,2.804696057738192,5.000245974106004,0.439088382399099,1.260947008520354,True
0,6022,M17f_broad_sparse_finetexture_terrace,1.649340271949768,1.313524054588533,0.3358162173612351,1.5198516845703125,1.1259612441062927,1.0623729228973389,1.0598549905013896,1.134927749633789,1.4202560186386108,0.012695209403998587,36.40699361389704,0.06488076762908257,0.09481115818023778,0.2893478739459798,1.649338631531453,1.640418314963199e-06,0.5115075413338713,0.00016848622051102158,0.00023896716875077928,7.048094823979719e-05,0.4222579690369166,0.0,0.0,0.16666666666666652,1.1289689107944476,2.067434296358865,0.2872599090316466,0.03933740531229102,0.5115075413338713,0.0,0.9873047905960014,7.576670450593918,1.0515081882476807,0.03934387660173491,False,0.3226320147514343,0.24846479296684265,0.2985019362259876,0.3766012042760849,0.3801034390926361,0.009213899313596235,0.42679639160633087,0.490948349237442,0.1306694639685706,1.017708420753479,0.8516786694526672,0.19494412300769617,0.9923349022865295,7.2657470703125,0.8634228672312083,0.00012579116623100754,8.089577829853443e-05,0.5549781320700449,4.501450091600419,4.577738639116287,0.016665116453785857,0.21771867474613643,-0.9569965329107071,1.2275020517409239,2.837333932090473,5.000245974106004,0.4325611286357246,1.2985019362259875,True
0,6022,M17g_moderate_broad_topology_terrace,1.649340271949768,1.313524054588533,0.3358162173612351,1.505581259727478,1.1264045238494873,1.0623729228973389,1.060272244870021,1.135180115699768,1.4201347827911377,0.012513578341224024,36.08258655426613,0.06524297346102426,0.09416763544082762,0.2895503482785361,1.6493385897282817,1.682221486332125e-06,0.5097453857600018,0.00039442078458917784,0.00042455788733013384,3.0137102740970963e-05,0.267228541571606,0.0,0.0,0.16666666666666652,1.1291571063716421,2.0722145276813224,0.2873665515546288,0.039557011737404446,0.5097453857600018,0.0,0.987486421658776,7.511294551480299,1.051059365272522,0.03976409226064408,False,0.317947655916214,0.24846479296684265,0.27964872656482864,0.37191517651081085,0.3801034390926361,0.02154219546492888,0.3906538337469101,0.490948349237442,0.20428730567342335,1.0148046016693115,0.8516786694526672,0.19153459874893597,0.9957768619060516,7.2657470703125,0.8629491431136175,8.688516522010664e-05,8.089577829853443e-05,0.07403831259857875,4.503682563304901,4.577738639116287,0.01617743642648904,0.21495282707646027,-0.9569965329107071,1.2246119183135187,2.8364906136169354,5.000245974106004,0.43272978403345996,1.2796487265648286,True
0,6022,M17h_hierarchical_sparse_island_terrace,1.649340271949768,1.313524054588533,0.3358162173612351,1.4840208292007446,1.1246895790100098,1.0623729228973389,1.058657986070201,1.1352676153182983,1.4218168258666992,0.012702751421507992,36.32614809461404,0.06601364965815382,0.09197843313217291,0.29954073351349164,1.6493386022763292,1.6696734388421675e-06,0.5084664612233606,0.00023192000335947593,0.0002886368073977436,5.671680403850254e-05,0.3754620313071526,7.874015748031496,0.14285714285714285,0.16666666666666652,1.1705221966216586,2.056166532484306,0.3009190708611693,0.04002427499454675,0.5084664612233606,7.874015748031496,0.987297248578492,7.597351428491127,1.0499708652496338,0.04039637764439766,False,0.3200949728488922,0.24846479296684265,0.28829106541307253,0.3746502995491028,0.3801034390926361,0.014346461996110288,0.4129602313041687,0.490948349237442,0.15885198117970487,1.0172791481018066,0.8516786694526672,0.19444009177259639,1.0040030479431152,7.2657470703125,0.8618169558853178,0.00011115812860819291,8.089577829853443e-05,0.374090600846679,4.518073419332504,4.577738639116287,0.013033775950848332,0.2771306467850997,-0.9569965329107071,1.289583752139839,2.8757335004254383,5.000245974106004,0.4248815927621257,1.2882910654130726,True
0,6022,M17i_soft_hierarchical_island_terrace,1.649340271949768,1.313524054588533,0.3358162173612351,1.5003944635391235,1.12600839138031,1.0623729228973389,1.059899369714189,1.1359299421310425,1.4215269088745117,0.012451926508518323,36.7104701323047,0.06600669103284651,0.0966453289985667,0.2933504864784071,1.6493385838393573,1.6881104107913103e-06,0.48893120819937125,3.702098059676917e-05,0.0001189926427452193,8.197166214875043e-05,0.4547751588698494,7.874015748031496,0.14285714285714285,0.16666666666666652,1.138053342563812,2.092512228162103,0.2917168033548764,0.040020055981754954,0.48893120819937125,7.874015748031496,0.9875480734914817,7.667000002487417,1.0509294271469116,0.039506777676912776,False,0.32599660754203796,0.24846479296684265,0.31204346358053975,0.3802454173564911,0.3801034390926361,0.00037352533350896235,0.4410466253757477,0.490948349237442,0.10164353121708918,1.0178818702697754,0.8516786694526672,0.19514777906075648,0.9949066638946533,7.2657470703125,0.8630689102900657,0.00013508312289201572,8.089577829853443e-05,0.6698414396052975,4.515791921615601,4.577738639116287,0.013532165635529773,0.23941301174185714,-0.9569965329107071,1.2501712425369838,2.84078666434507,5.000245974106004,0.4318706161544432,1.3120434635805398,True
1,6028,M10_dense_island_spectral_pareto,5.214306831359863,4.128777784872166,1.0855290464876974,0.8715822696685791,1.1362435817718506,1.0848188400268555,1.0474039902770513,1.1180669069290161,1.416074275970459,0.0023800570254461045,38.80446273256443,0.088639351868256,0.7374565792083771,0.4218270000939486,5.214301733503609,5.0978562544656825e-06,0.736675568755432,0.0016092150301330044,0.0015686774439960453,4.05375861370214e-05,0.1022642949954955,23.62204724409449,0.6,0.1071428571428572,0.43910161743699727,0.5811962172985354,0.16145498756851467,0.01699925947975467,0.736675568755432,23.62204724409449,0.9976199429745539,8.255875459572248,1.0429210662841797,0.04203246280228485,False,0.302680104970932,0.35580480098724365,0.14930854184347073,0.35795778036117554,0.45847636461257935,0.21924485537295646,0.39593176543712616,0.519618034362793,0.23803305648800882,0.9778868556022644,0.9928739666938782,0.015094676257368907,1.0098111033439636,4.414613723754883,0.7712572001690192,6.907836679854368e-05,0.00010087254692199481,0.31519160657297285,4.689183834791184,4.870633815526963,0.0372538744664688,-0.10651559712355885,-0.6283871835451719,0.8304936830146188,3.135657770988215,3.633104849380073,0.1369206502467823,0.8506914581565292,True
1,6028,M16b_baseline_dense_microisland_terrace,5.214306831359863,4.128777784872166,1.0855290464876974,1.2974321842193604,1.152521014213562,1.0848188400268555,1.0624087374671982,1.1294840574264526,1.3900279998779297,0.007487046041848374,38.89908841440446,0.27621467244556985,3.280865983963011,0.9675888843195797,5.21430157494721,5.256412653587006e-06,0.815749982065561,0.0018050970920620024,0.0017400165360286492,6.50805560334758e-05,0.21379058577170174,15.748031496062993,0.4,0.25,0.845805262775291,1.1772004471364008,0.3129173394824777,0.05297246251387433,0.815749982065561,15.748031496062993,0.9925129539581516,8.270731573818749,1.031069278717041,0.0418213036867022,False,0.2795272022485733,0.35580480098724365,0.2143804651511857,0.3475618213415146,0.45847636461257935,0.24191987162694747,0.308332622051239,0.519618034362793,0.4066167806716967,1.0048051476478577,0.9928739666938782,0.012016813164825483,1.1705849170684814,4.414613723754883,0.7348386539982865,2.669363791015536e-05,0.00010087254692199481,0.7353726189664105,4.230484457015991,4.870633815526963,0.13143040161842123,0.162136451128177,-0.6283871835451719,1.2580199841337498,2.4684535266524064,3.633104849380073,0.3205663945884728,0.7856195348488143,True
1,6028,M17a_fixed_sparse_peak_terrace,5.214306831359863,4.128777784872166,1.0855290464876974,1.2974321842193604,1.152521014213562,1.0848188400268555,1.0624087374671982,1.1294840574264526,1.3900279998779297,0.007487046041848374,38.89908841440446,0.27621467244556985,3.280865983963011,0.9675888843195797,5.21430157494721,5.256412653587006e-06,0.815749982065561,0.0018050970920620024,0.0017400165360286492,6.50805560334758e-05,0.21379058577170174,15.748031496062993,0.4,0.25,0.845805262775291,1.1772004471364008,0.3129173394824777,0.05297246251387433,0.815749982065561,15.748031496062993,0.9925129539581516,8.270731573818749,1.031069278717041,0.0418213036867022,False,0.2795272022485733,0.35580480098724365,0.2143804651511857,0.3475618213415146,0.45847636461257935,0.24191987162694747,0.308332622051239,0.519618034362793,0.4066167806716967,1.0048051476478577,0.9928739666938782,0.012016813164825483,1.1705849170684814,4.414613723754883,0.7348386539982865,2.669363791015536e-05,0.00010087254692199481,0.7353726189664105,4.230484457015991,4.870633815526963,0.13143040161842123,0.162136451128177,-0.6283871835451719,1.2580199841337498,2.4684535266524064,3.633104849380073,0.3205663945884728,0.7856195348488143,True
1,6028,M17b_topology_sparse_peak_terrace,5.214306831359863,4.128777784872166,1.0855290464876974,1.2974321842193604,1.152521014213562,1.0848188400268555,1.0624087374671982,1.1294840574264526,1.3900279998779297,0.007487046041848374,38.89908841440446,0.27621467244556985,3.280865983963011,0.9675888843195797,5.21430157494721,5.256412653587006e-06,0.815749982065561,0.0018050970920620024,0.0017400165360286492,6.50805560334758e-05,0.21379058577170174,15.748031496062993,0.4,0.25,0.845805262775291,1.1772004471364008,0.3129173394824777,0.05297246251387433,0.815749982065561,15.748031496062993,0.9925129539581516,8.270731573818749,1.031069278717041,0.0418213036867022,False,0.2795272022485733,0.35580480098724365,0.2143804651511857,0.3475618213415146,0.45847636461257935,0.24191987162694747,0.308332622051239,0.519618034362793,0.4066167806716967,1.0048051476478577,0.9928739666938782,0.012016813164825483,1.1705849170684814,4.414613723754883,0.7348386539982865,2.669363791015536e-05,0.00010087254692199481,0.7353726189664105,4.230484457015991,4.870633815526963,0.13143040161842123,0.162136451128177,-0.6283871835451719,1.2580199841337498,2.4684535266524064,3.633104849380073,0.3205663945884728,0.7856195348488143,True
1,6028,M17c_topology_sparse_finetexture_terrace,5.214306831359863,4.128777784872166,1.0855290464876974,1.2974321842193604,1.152521014213562,1.0848188400268555,1.0624087374671982,1.1294840574264526,1.3900279998779297,0.007487046041848374,38.89908841440446,0.27621467244556985,3.280865983963011,0.9675888843195797,5.21430157494721,5.256412653587006e-06,0.815749982065561,0.0018050970920620024,0.0017400165360286492,6.50805560334758e-05,0.21379058577170174,15.748031496062993,0.4,0.25,0.845805262775291,1.1772004471364008,0.3129173394824777,0.05297246251387433,0.815749982065561,15.748031496062993,0.9925129539581516,8.270731573818749,1.031069278717041,0.0418213036867022,False,0.2795272022485733,0.35580480098724365,0.2143804651511857,0.3475618213415146,0.45847636461257935,0.24191987162694747,0.308332622051239,0.519618034362793,0.4066167806716967,1.0048051476478577,0.9928739666938782,0.012016813164825483,1.1705849170684814,4.414613723754883,0.7348386539982865,2.669363791015536e-05,0.00010087254692199481,0.7353726189664105,4.230484457015991,4.870633815526963,0.13143040161842123,0.162136451128177,-0.6283871835451719,1.2580199841337498,2.4684535266524064,3.633104849380073,0.3205663945884728,0.7856195348488143,True
1,6028,M17d_multiscale_texture_no_peak_terrace,5.214306831359863,4.128777784872166,1.0855290464876974,1.2974321842193604,1.152521014213562,1.0848188400268555,1.0624087374671982,1.1294840574264526,1.3900279998779297,0.007487046041848374,38.89908841440446,0.27621467244556985,3.280865983963011,0.9675888843195797,5.21430157494721,5.256412653587006e-06,0.815749982065561,0.0018050970920620024,0.0017400165360286492,6.50805560334758e-05,0.21379058577170174,15.748031496062993,0.4,0.25,0.845805262775291,1.1772004471364008,0.3129173394824777,0.05297246251387433,0.815749982065561,15.748031496062993,0.9925129539581516,8.270731573818749,1.031069278717041,0.0418213036867022,False,0.2795272022485733,0.35580480098724365,0.2143804651511857,0.3475618213415146,0.45847636461257935,0.24191987162694747,0.308332622051239,0.519618034362793,0.4066167806716967,1.0048051476478577,0.9928739666938782,0.012016813164825483,1.1705849170684814,4.414613723754883,0.7348386539982865,2.669363791015536e-05,0.00010087254692199481,0.7353726189664105,4.230484457015991,4.870633815526963,0.13143040161842123,0.162136451128177,-0.6283871835451719,1.2580199841337498,2.4684535266524064,3.633104849380073,0.3205663945884728,0.7856195348488143,True
1,6028,M17e_broad_sparse_peak_terrace,5.214306831359863,4.128777784872166,1.0855290464876974,1.2974321842193604,1.152521014213562,1.0848188400268555,1.0624087374671982,1.1294840574264526,1.3900279998779297,0.007487046041848374,38.89908841440446,0.27621467244556985,3.280865983963011,0.9675888843195797,5.21430157494721,5.256412653587006e-06,0.815749982065561,0.0018050970920620024,0.0017400165360286492,6.50805560334758e-05,0.21379058577170174,15.748031496062993,0.4,0.25,0.845805262775291,1.1772004471364008,0.3129173394824777,0.05297246251387433,0.815749982065561,15.748031496062993,0.9925129539581516,8.270731573818749,1.031069278717041,0.0418213036867022,False,0.2795272022485733,0.35580480098724365,0.2143804651511857,0.3475618213415146,0.45847636461257935,0.24191987162694747,0.308332622051239,0.519618034362793,0.4066167806716967,1.0048051476478577,0.9928739666938782,0.012016813164825483,1.1705849170684814,4.414613723754883,0.7348386539982865,2.669363791015536e-05,0.00010087254692199481,0.7353726189664105,4.230484457015991,4.870633815526963,0.13143040161842123,0.162136451128177,-0.6283871835451719,1.2580199841337498,2.4684535266524064,3.633104849380073,0.3205663945884728,0.7856195348488143,True
1,6028,M17f_broad_sparse_finetexture_terrace,5.214306831359863,4.128777784872166,1.0855290464876974,1.2974321842193604,1.152521014213562,1.0848188400268555,1.0624087374671982,1.1294840574264526,1.3900279998779297,0.007487046041848374,38.89908841440446,0.27621467244556985,3.280865983963011,0.9675888843195797,5.21430157494721,5.256412653587006e-06,0.815749982065561,0.0018050970920620024,0.0017400165360286492,6.50805560334758e-05,0.21379058577170174,15.748031496062993,0.4,0.25,0.845805262775291,1.1772004471364008,0.3129173394824777,0.05297246251387433,0.815749982065561,15.748031496062993,0.9925129539581516,8.270731573818749,1.031069278717041,0.0418213036867022,False,0.2795272022485733,0.35580480098724365,0.2143804651511857,0.3475618213415146,0.45847636461257935,0.24191987162694747,0.308332622051239,0.519618034362793,0.4066167806716967,1.0048051476478577,0.9928739666938782,0.012016813164825483,1.1705849170684814,4.414613723754883,0.7348386539982865,2.669363791015536e-05,0.00010087254692199481,0.7353726189664105,4.230484457015991,4.870633815526963,0.13143040161842123,0.162136451128177,-0.6283871835451719,1.2580199841337498,2.4684535266524064,3.633104849380073,0.3205663945884728,0.7856195348488143,True
1,6028,M17g_moderate_broad_topology_terrace,5.214306831359863,4.128777784872166,1.0855290464876974,1.2974321842193604,1.152521014213562,1.0848188400268555,1.0624087374671982,1.1294840574264526,1.3900279998779297,0.007487046041848374,38.89908841440446,0.27621467244556985,3.280865983963011,0.9675888843195797,5.21430157494721,5.256412653587006e-06,0.815749982065561,0.0018050970920620024,0.0017400165360286492,6.50805560334758e-05,0.21379058577170174,15.748031496062993,0.4,0.25,0.845805262775291,1.1772004471364008,0.3129173394824777,0.05297246251387433,0.815749982065561,15.748031496062993,0.9925129539581516,8.270731573818749,1.031069278717041,0.0418213036867022,False,0.2795272022485733,0.35580480098724365,0.2143804651511857,0.3475618213415146,0.45847636461257935,0.24191987162694747,0.308332622051239,0.519618034362793,0.4066167806716967,1.0048051476478577,0.9928739666938782,0.012016813164825483,1.1705849170684814,4.414613723754883,0.7348386539982865,2.669363791015536e-05,0.00010087254692199481,0.7353726189664105,4.230484457015991,4.870633815526963,0.13143040161842123,0.162136451128177,-0.6283871835451719,1.2580199841337498,2.4684535266524064,3.633104849380073,0.3205663945884728,0.7856195348488143,True
1,6028,M17h_hierarchical_sparse_island_terrace,5.214306831359863,4.128777784872166,1.0855290464876974,1.2974321842193604,1.152521014213562,1.0848188400268555,1.0624087374671982,1.1294840574264526,1.3900279998779297,0.007487046041848374,38.89908841440446,0.27621467244556985,3.280865983963011,0.9675888843195797,5.21430157494721,5.256412653587006e-06,0.815749982065561,0.0018050970920620024,0.0017400165360286492,6.50805560334758e-05,0.21379058577170174,15.748031496062993,0.4,0.25,0.845805262775291,1.1772004471364008,0.3129173394824777,0.05297246251387433,0.815749982065561,15.748031496062993,0.9925129539581516,8.270731573818749,1.031069278717041,0.0418213036867022,False,0.2795272022485733,0.35580480098724365,0.2143804651511857,0.3475618213415146,0.45847636461257935,0.24191987162694747,0.308332622051239,0.519618034362793,0.4066167806716967,1.0048051476478577,0.9928739666938782,0.012016813164825483,1.1705849170684814,4.414613723754883,0.7348386539982865,2.669363791015536e-05,0.00010087254692199481,0.7353726189664105,4.230484457015991,4.870633815526963,0.13143040161842123,0.162136451128177,-0.6283871835451719,1.2580199841337498,2.4684535266524064,3.633104849380073,0.3205663945884728,0.7856195348488143,True
1,6028,M17i_soft_hierarchical_island_terrace,5.214306831359863,4.128777784872166,1.0855290464876974,1.2974321842193604,1.152521014213562,1.0848188400268555,1.0624087374671982,1.1294840574264526,1.3900279998779297,0.007487046041848374,38.89908841440446,0.27621467244556985,3.280865983963011,0.9675888843195797,5.21430157494721,5.256412653587006e-06,0.815749982065561,0.0018050970920620024,0.0017400165360286492,6.50805560334758e-05,0.21379058577170174,15.748031496062993,0.4,0.25,0.845805262775291,1.1772004471364008,0.3129173394824777,0.05297246251387433,0.815749982065561,15.748031496062993,0.9925129539581516,8.270731573818749,1.031069278717041,0.0418213036867022,False,0.2795272022485733,0.35580480098724365,0.2143804651511857,0.3475618213415146,0.45847636461257935,0.24191987162694747,0.308332622051239,0.519618034362793,0.4066167806716967,1.0048051476478577,0.9928739666938782,0.012016813164825483,1.1705849170684814,4.414613723754883,0.7348386539982865,2.669363791015536e-05,0.00010087254692199481,0.7353726189664105,4.230484457015991,4.870633815526963,0.13143040161842123,0.162136451128177,-0.6283871835451719,1.2580199841337498,2.4684535266524064,3.633104849380073,0.3205663945884728,0.7856195348488143,True
2,6029,M10_dense_island_spectral_pareto,2.2897632122039795,1.598836977651232,0.6909262345527476,0.6901260614395142,1.1088427305221558,1.1256049871444702,0.985108224631415,1.1143999099731445,1.4190553426742554,0.03880223912119252,40.15703508517035,0.02111068606126243,0.16275580406188794,0.0680842035671465,2.2897609826699603,2.2295340191824664e-06,0.8778182387914059,0.002703405137184811,0.0026325109688885447,7.08941682963833e-05,0.034802133205894314,15.748031496062993,0.4,0.1071428571428572,0.11918800408194757,0.533955070962536,0.054424131773412245,0.009219593041616347,0.8778182387914059,15.748031496062993,0.9611977608788075,8.499035884525384,1.0465154647827148,0.03834524629421425,False,0.30011938512325287,0.37596017122268677,0.20172558665665752,0.3573842942714691,0.47193416953086853,0.24272426676218212,0.37823452055454254,0.5733722448348999,0.3403333977851447,1.0828999280929565,0.9246742129325867,0.17111509431906838,1.0336962938308716,4.1116790771484375,0.7485950935286106,5.432258774766778e-05,0.00011941604024564861,0.545098065252191,4.680387208461761,4.740511848926545,0.01268315371438177,0.03443586746305574,-0.22847435026493504,1.1507209339828497,2.952359470264187,3.3377049457031456,0.1154522289140746,0.7982744133433425,True
2,6029,M16b_baseline_dense_microisland_terrace,2.2897632122039795,1.598836977651232,0.6909262345527476,0.992563784122467,1.1211016178131104,1.1256049871444702,0.9959991565577686,1.1155149936676025,1.4033695459365845,0.019263199424922654,38.803569080015194,0.09381893832520527,1.0816773843765262,0.2951273675896098,2.2897609201428986,2.292061080932939e-06,1.1496730565078463,0.003027907406538466,0.0029322732199474305,9.56341865910926e-05,0.21872626846697774,23.62204724409449,0.6,0.03571428571428581,0.5664735186795304,1.0191253902284219,0.19639469630484072,0.04097320478950395,1.1496730565078463,23.62204724409449,0.9807368005750774,8.383148617458627,1.0689256191253662,0.047208986060233916,False,0.2723349630832672,0.37596017122268677,0.2756281544462879,0.34331969916820526,0.47193416953086853,0.27252629427217345,0.309251144528389,0.5733722448348999,0.46064507427031715,1.0485079884529114,0.9246742129325867,0.13392151937230762,1.0312999486923218,4.1116790771484375,0.7491779077739801,2.583523521880364e-05,0.00011941604024564861,0.783653559725658,4.255797297358513,4.740511848926545,0.1022494125139233,0.19559273614804473,-0.22847435026493504,1.8560818136532116,2.412688102778078,3.3377049457031456,0.27714158620159174,0.724371845553712,True
2,6029,M17a_fixed_sparse_peak_terrace,2.2897632122039795,1.598836977651232,0.6909262345527476,0.9925109148025513,1.12111097574234,1.1256049871444702,0.996007470246262,1.115513801574707,1.4033644199371338,0.019255468235918213,38.80417821985695,0.09381926918428496,1.07879388809204,0.295118939917804,2.2897609076334433,2.304570536182382e-06,1.1490653440415917,0.00302749765661936,0.002931905056339411,9.559260027987354e-05,0.21804552606833916,23.62204724409449,0.6,0.03571428571428581,0.566452789793674,1.0190978202918126,0.19642255870891473,0.040973349953190574,1.1490653440415917,23.62204724409449,0.9807445317640818,8.383093084166614,1.0689278841018677,0.047207940901610825,False,0.2723652869462967,0.37596017122268677,0.27554749733058637,0.3433433622121811,0.47193416953086853,0.27247615371125716,0.3093590587377548,0.5733722448348999,0.4604568645857048,1.0485369563102722,0.9246742129325867,0.13395284700852336,1.0313272774219513,4.1116790771484375,0.7491712611634065,2.5874758467099212e-05,0.00011941604024564861,0.7833225887085796,4.256290184855461,4.740511848926545,0.1021454390375024,0.19559980071033256,-0.22847435026493504,1.8561127342457404,2.412753893534518,3.3377049457031456,0.2771218748258081,0.7244525026694136,True
2,6029,M17b_topology_sparse_peak_terrace,2.2897632122039795,1.598836977651232,0.6909262345527476,0.9925084710121155,1.1211118698120117,1.1256049871444702,0.9960082645477104,1.1155128479003906,1.4033641815185547,0.019254980110317146,38.80415664373875,0.09381828265378123,1.078802485466003,0.29511847941432157,2.289760905091536,2.3071124433116097e-06,1.1490642931006811,0.003027498152021524,0.002931905682943,9.559246907886474e-05,0.21804314493926302,23.62204724409449,0.6,0.03571428571428581,0.5664553724981193,1.0190891738498662,0.19642071522240134,0.04097291873875386,1.1490642931006811,23.62204724409449,0.9807450198896829,8.383088225950283,1.0689282417297363,0.047207425004793094,False,0.27236518263816833,0.37596017122268677,0.2755477747752104,0.34334319829940796,0.47193416953086853,0.27247650103252297,0.30935852229595184,0.5733722448348999,0.4604578001765148,1.0485376119613647,0.9246742129325867,0.13395355607024842,1.0312925279140472,4.1116790771484375,0.7491797125788141,2.587503439801822e-05,0.00011941604024564861,0.7833202780397748,4.256290280222893,4.740511848926545,0.10214541891996336,0.19560148466276323,-0.22847435026493504,1.8561201046679727,2.4127591143110223,3.3377049457031456,0.2771203106442554,0.7244522252247896,True
2,6029,M17c_topology_sparse_finetexture_terrace,2.2897632122039795,1.598836977651232,0.6909262345527476,0.9924794435501099,1.1211109161376953,1.1256049871444702,0.9960074172928322,1.115513563156128,1.4033653736114502,0.019253912332796486,38.804893139352316,0.09381878880424743,1.0810649776458732,0.29511428459617806,2.289761046282104,2.165921875629806e-06,1.1486451661761516,0.003027207884612748,0.002931644256519669,9.556362809347475e-05,0.21758452794382865,23.62204724409449,0.6,0.03571428571428581,0.566443313406243,1.019095077994793,0.19623838610414948,0.04097314006125785,1.1486451661761516,23.62204724409449,0.9807460876672035,8.383082544405651,1.068929672241211,0.04720866810272729,False,0.27238593995571136,0.37596017122268677,0.27549256329502747,0.3433603346347809,0.47193416953086853,0.2724401901729174,0.3094305545091629,0.5733722448348999,0.46033217112163827,1.0485463738441467,0.9246742129325867,0.13396303171330134,1.0313108563423157,4.1116790771484375,0.7491752549283204,2.5902115005357102e-05,0.00011941604024564861,0.7830935027482546,4.255740298628806,4.740511848926545,0.10226143626399993,0.19558349001485242,-0.22847435026493504,1.8560413446325903,2.4127479684980613,3.3377049457031456,0.2771236500086217,0.7245074367049725,True
2,6029,M17d_multiscale_texture_no_peak_terrace,2.2897632122039795,1.598836977651232,0.6909262345527476,0.9924724102020264,1.1211093664169312,1.1256049871444702,0.9960060405036549,1.1155130863189697,1.4033647775650024,0.019253040704604967,38.80517496300479,0.09381713788433643,1.0809216880798331,0.29511368365789403,2.2897609665198098,2.245684169732698e-06,1.148486382042713,0.0030271102824090956,0.0029315534486920474,9.555683371698857e-05,0.21748038162579952,23.62204724409449,0.6,0.03571428571428581,0.5664412676137914,1.0190888325096181,0.19622905133558172,0.04097241896639958,1.148486382042713,23.62204724409449,0.980746959295395,8.383089960843648,1.0689311027526855,0.04720912472521157,False,0.27239277958869934,0.37596017122268677,0.2754743708546801,0.34336626529693604,0.47193416953086853,0.2724276234580278,0.30945414304733276,0.5733722448348999,0.4602910311146317,1.0485605001449585,0.9246742129325867,0.13397830877046826,1.0312961637973785,4.1116790771484375,0.7491788282969276,2.5908674581602163e-05,0.00011941604024564861,0.7830385723031354,4.255756607651711,4.740511848926545,0.10225799591337444,0.19557692190510909,-0.22847435026493504,1.8560125969428138,2.412752915420596,3.3377049457031456,0.2771221678756546,0.7245256291453199,True
2,6029,M17e_broad_sparse_peak_terrace,2.2897632122039795,1.598836977651232,0.6909262345527476,0.9925463199615479,1.121116042137146,1.1256049871444702,0.996011971287803,1.11551833152771,1.4033716917037964,0.019256698091200952,38.80404586450584,0.09382763143335704,1.0816806650161723,0.2951259950977101,2.28976097732731,2.234876669504615e-06,1.1490527677685531,0.0030274768447177136,0.0029318895126348304,9.558733208296347e-05,0.21795843655005154,23.62204724409449,0.6,0.03571428571428581,0.5664521275368551,1.0191639637484147,0.1962571324461273,0.04097700152501671,1.1490527677685531,23.62204724409449,0.980743301908799,8.383037903289534,1.0689271688461304,0.04720119319157355,False,0.27236294746398926,0.37596017122268677,0.275553720017154,0.3433445394039154,0.47193416953086853,0.2724736593130756,0.3093647062778473,0.5733722448348999,0.46044701489356615,1.048518717288971,0.9246742129325867,0.1339331222005357,1.0313221514225006,4.1116790771484375,0.7491725078559023,2.587974390249831e-05,0.00011941604024564861,0.7832808402517655,4.255680671930313,4.740511848926545,0.1022740143780082,0.1956174641274466,-0.22847435026493504,1.8561900445306523,2.412671682780907,3.3377049457031456,0.27714650574883704,0.7244462799828459,True
2,6029,M17f_broad_sparse_finetexture_terrace,2.2897632122039795,1.598836977651232,0.6909262345527476,0.992497444152832,1.121113657951355,1.1256049871444702,0.9960098531506073,1.1155145168304443,1.4033671617507935,0.01925382223034723,38.804517151218235,0.09381919075724143,1.0787366056442238,0.29512055065418563,2.289760881573254,2.3306307253001535e-06,1.148806284594381,0.003027320184095128,0.0029317485478070776,9.557163628821367e-05,0.2177110327167444,23.62204724409449,0.6,0.03571428571428581,0.5664616596692864,1.0190936727676823,0.19641438308038883,0.0409733154026678,1.148806284594381,23.62204724409449,0.9807461777696528,8.383082090860986,1.0689277648925781,0.04720460003035825,False,0.272376149892807,0.37596017122268677,0.27551860345474044,0.34335339069366455,0.47193416953086853,0.27245490396472277,0.3094054162502289,0.5733722448348999,0.4603760139465403,1.0485310554504395,0.9246742129325867,0.13394646545299793,1.0313175022602081,4.1116790771484375,0.7491736385770031,2.5894697952085686e-05,0.00011941604024564861,0.7831556137783654,4.256276898980141,4.740511848926545,0.10214824166214363,0.19560397024331547,-0.22847435026493504,1.8561309837034063,2.4127308437372585,3.3377049457031456,0.2771287807080338,0.7244813965452596,True
2,6029,M17g_moderate_broad_topology_terrace,2.2897632122039795,1.598836977651232,0.6909262345527476,0.992518424987793,1.1211140155792236,1.1256049871444702,0.9960101708711867,1.1155141592025757,1.403366208076477,0.019254057122237316,38.804231744775976,0.09382020833307392,1.0780818319320673,0.29512051925308525,2.289760913293315,2.2989106644999424e-06,1.1489907199308285,0.0030274468729473147,0.0029318613048683146,9.558556807925771e-05,0.21793466887425605,23.62204724409449,0.6,0.03571428571428581,0.5664629995617221,1.0190921463954035,0.19646656796868361,0.04097375994822894,1.1489907199308285,23.62204724409449,0.9807459428777627,8.383088144417522,1.0689266920089722,0.04720529830992928,False,0.27236855030059814,0.37596017122268677,0.2755388172773487,0.3433475196361542,0.47193416953086853,0.27246734438097026,0.30937452614307404,0.5733722448348999,0.4604298883840164,1.0485249757766724,0.9246742129325867,0.13393989051700203,1.0313171744346619,4.1116790771484375,0.7491737183073371,2.5881355441631655e-05,0.00011941604024564861,0.7832673450870454,4.256443910598755,4.740511848926545,0.1021130109478376,0.19560948241053092,-0.22847435026493504,1.8561551096817013,2.4127319273324868,3.3377049457031456,0.2771284560552422,0.7244611827226513,True
2,6029,M17h_hierarchical_sparse_island_terrace,2.2897632122039795,1.598836977651232,0.6909262345527476,0.9924967885017395,1.1211134195327759,1.1256049871444702,0.9960096413368877,1.11551833152771,1.4033703804016113,0.01926182782886817,38.804736531888636,0.09381398137433683,1.0792751455306995,0.295100668140742,2.289760893043812,2.3191601674632523e-06,1.148837204713377,0.0030273270413757603,0.002931753288933882,9.557375244208958e-05,0.21775335219054615,23.62204724409449,0.6,0.03571428571428581,0.5664696440603654,1.0190621025612292,0.19639228504151113,0.04097104018761222,1.148837204713377,23.62204724409449,0.9807381721711318,8.38313112776508,1.0689232349395752,0.04719497379723864,False,0.27237316966056824,0.37596017122268677,0.2755265304439986,0.3433542251586914,0.47193416953086853,0.27245313578373326,0.3094019144773483,0.5733722448348999,0.460382121275439,1.0485202074050903,0.9246742129325867,0.13393473370445624,1.0314171314239502,4.1116790771484375,0.7491494078036688,2.5891853031351837e-05,0.00011941604024564861,0.7831794373847084,4.256365039348602,4.740511848926545,0.10212964865546618,0.19563244496377297,-0.22847435026493504,1.856255613537891,2.4127632221153434,3.3377049457031456,0.27711907991703777,0.7244734695560014,True
2,6029,M17i_soft_hierarchical_island_terrace,2.2897632122039795,1.598836977651232,0.6909262345527476,0.9924951195716858,1.1211113929748535,1.1256049871444702,0.9960078409202713,1.1155164241790771,1.4033684730529785,0.01925814802886144,38.80493096991703,0.09381683754152981,1.0796849536895738,0.29510791598635633,2.2897609420014793,2.270202500209706e-06,1.1487170089692842,0.003027251008339782,0.0029316837568978448,9.556725144195196e-05,0.21765065951758178,23.62204724409449,0.6,0.03571428571428581,0.5664600016315328,1.0190810881950036,0.19634571367608653,0.0409722877244838,1.1487170089692842,23.62204724409449,0.9807418519711386,8.383127338922717,1.0689270496368408,0.0471990263408264,False,0.2723814398050308,0.37596017122268677,0.2755045330488073,0.3433595597743988,0.47193416953086853,0.27244183205526473,0.30942191183567047,0.5733722448348999,0.4603472445291327,1.0485364198684692,0.9246742129325867,0.13395226686711198,1.0313798487186432,4.1116790771484375,0.7491584753171122,2.5898366592900034e-05,0.00011941604024564861,0.7831248922705445,4.256208186745644,4.740511848926545,0.10216273634893837,0.19561494389639164,-0.22847435026493504,1.8561790138348564,2.4127479716757687,3.3377049457031456,0.2771236490565581,0.7244954669511927,True
3,6033,M10_dense_island_spectral_pareto,2.0502288341522217,2.455710404967717,0.4054815708154953,0.6164576411247253,1.1282498836517334,1.1358041763305664,0.9933489479645703,1.1273219585418701,1.409340500831604,0.004573648671296772,42.53644585331856,0.009427235136745704,0.22564627647400037,0.061083317988653185,2.0502267387312396,2.0954209820622793e-06,0.8247629789703169,0.0030016562188207585,0.002936525494456536,6.513072436431885e-05,0.06752635285665054,23.62204724409449,0.75,0.1071428571428572,0.12327587967107964,0.16453524205039427,0.04460593074560183,0.004598137918203515,0.8247629789703169,23.62204724409449,0.9954263513287033,9.048451589099518,1.0407462120056152,0.03852653548097425,False,0.3107384592294693,0.3986077606678009,0.2204405184964819,0.37087664008140564,0.49388501048088074,0.24906277329556045,0.38848285377025604,0.5912464261054993,0.34294257585763915,1.023977279663086,0.9873948097229004,0.03704948575783171,0.9776753187179565,3.97338604927063,0.7539440400216278,5.172124955577302e-05,0.0001271611040845583,0.5932620282898775,4.707371349334717,4.7722657632827765,0.013598239739150577,0.06540792472112675,-0.051724334097046236,2.2645484154210105,3.024261417127537,3.0548632373894535,0.010017410890075526,0.7795594815035181,True
3,6033,M16b_baseline_dense_microisland_terrace,2.0502288341522217,2.455710404967717,0.4054815708154953,0.8768202662467957,1.140038013458252,1.1358041763305664,1.0037276118682392,1.1280707120895386,1.4211721420288086,0.02384189933208591,41.47837670016725,0.06706429104183154,0.9291840457916258,0.1713245355749784,2.050226917735691,1.9164165308005465e-06,1.0385548277801206,0.0033477143951496924,0.0032490892393442616,9.862515580577927e-05,0.2830208620667092,23.62204724409449,0.75,0.08333333333333326,0.27319965072410474,0.5461071828783619,0.12483953027320778,0.032710636972337115,1.0385548277801206,23.62204724409449,0.9761581006679141,8.91108352797526,1.043971061706543,0.05152975342408284,False,0.28768907487392426,0.3986077606678009,0.27826524402849273,0.36201469600200653,0.49388501048088074,0.26700610806243363,0.32378001511096954,0.5912464261054993,0.452377213941593,1.0236521363258362,0.9873948097229004,0.03672019160513001,0.9815846383571625,3.97338604927063,0.7529601639041981,2.8091447177989542e-05,0.0001271611040845583,0.7790877377149102,4.287955647706985,4.7722657632827765,0.1014843136570502,0.24030600636126284,-0.051724334097046236,5.645898503215061,2.463083542406993,3.0548632373894535,0.19371724656589492,0.7217347559715073,True
3,6033,M17a_fixed_sparse_peak_terrace,2.0502288341522217,2.455710404967717,0.4054815708154953,0.8768202662467957,1.140038013458252,1.1358041763305664,1.0037276118682392,1.1280707120895386,1.4211721420288086,0.02384189933208591,41.47837670016725,0.06706429104183154,0.9291840457916258,0.1713245355749784,2.050226917735691,1.9164165308005465e-06,1.0385548277801206,0.0033477143951496924,0.0032490892393442616,9.862515580577927e-05,0.2830208620667092,23.62204724409449,0.75,0.08333333333333326,0.27319965072410474,0.5461071828783619,0.12483953027320778,0.032710636972337115,1.0385548277801206,23.62204724409449,0.9761581006679141,8.91108352797526,1.043971061706543,0.05152975342408284,False,0.28768907487392426,0.3986077606678009,0.27826524402849273,0.36201469600200653,0.49388501048088074,0.26700610806243363,0.32378001511096954,0.5912464261054993,0.452377213941593,1.0236521363258362,0.9873948097229004,0.03672019160513001,0.9815846383571625,3.97338604927063,0.7529601639041981,2.8091447177989542e-05,0.0001271611040845583,0.7790877377149102,4.287955647706985,4.7722657632827765,0.1014843136570502,0.24030600636126284,-0.051724334097046236,5.645898503215061,2.463083542406993,3.0548632373894535,0.19371724656589492,0.7217347559715073,True
3,6033,M17b_topology_sparse_peak_terrace,2.0502288341522217,2.455710404967717,0.4054815708154953,0.8768202662467957,1.140038013458252,1.1358041763305664,1.0037276118682392,1.1280707120895386,1.4211721420288086,0.02384189933208591,41.47837670016725,0.06706429104183154,0.9291840457916258,0.1713245355749784,2.050226917735691,1.9164165308005465e-06,1.0385548277801206,0.0033477143951496924,0.0032490892393442616,9.862515580577927e-05,0.2830208620667092,23.62204724409449,0.75,0.08333333333333326,0.27319965072410474,0.5461071828783619,0.12483953027320778,0.032710636972337115,1.0385548277801206,23.62204724409449,0.9761581006679141,8.91108352797526,1.043971061706543,0.05152975342408284,False,0.28768907487392426,0.3986077606678009,0.27826524402849273,0.36201469600200653,0.49388501048088074,0.26700610806243363,0.32378001511096954,0.5912464261054993,0.452377213941593,1.0236521363258362,0.9873948097229004,0.03672019160513001,0.9815846383571625,3.97338604927063,0.7529601639041981,2.8091447177989542e-05,0.0001271611040845583,0.7790877377149102,4.287955647706985,4.7722657632827765,0.1014843136570502,0.24030600636126284,-0.051724334097046236,5.645898503215061,2.463083542406993,3.0548632373894535,0.19371724656589492,0.7217347559715073,True
3,6033,M17c_topology_sparse_finetexture_terrace,2.0502288341522217,2.455710404967717,0.4054815708154953,0.8768202662467957,1.140038013458252,1.1358041763305664,1.0037276118682392,1.1280707120895386,1.4211721420288086,0.02384189933208591,41.47837670016725,0.06706429104183154,0.9291840457916258,0.1713245355749784,2.050226917735691,1.9164165308005465e-06,1.0385548277801206,0.0033477143951496924,0.0032490892393442616,9.862515580577927e-05,0.2830208620667092,23.62204724409449,0.75,0.08333333333333326,0.27319965072410474,0.5461071828783619,0.12483953027320778,0.032710636972337115,1.0385548277801206,23.62204724409449,0.9761581006679141,8.91108352797526,1.043971061706543,0.05152975342408284,False,0.28768907487392426,0.3986077606678009,0.27826524402849273,0.36201469600200653,0.49388501048088074,0.26700610806243363,0.32378001511096954,0.5912464261054993,0.452377213941593,1.0236521363258362,0.9873948097229004,0.03672019160513001,0.9815846383571625,3.97338604927063,0.7529601639041981,2.8091447177989542e-05,0.0001271611040845583,0.7790877377149102,4.287955647706985,4.7722657632827765,0.1014843136570502,0.24030600636126284,-0.051724334097046236,5.645898503215061,2.463083542406993,3.0548632373894535,0.19371724656589492,0.7217347559715073,True
3,6033,M17d_multiscale_texture_no_peak_terrace,2.0502288341522217,2.455710404967717,0.4054815708154953,0.8768202662467957,1.140038013458252,1.1358041763305664,1.0037276118682392,1.1280707120895386,1.4211721420288086,0.02384189933208591,41.47837670016725,0.06706429104183154,0.9291840457916258,0.1713245355749784,2.050226917735691,1.9164165308005465e-06,1.0385548277801206,0.0033477143951496924,0.0032490892393442616,9.862515580577927e-05,0.2830208620667092,23.62204724409449,0.75,0.08333333333333326,0.27319965072410474,0.5461071828783619,0.12483953027320778,0.032710636972337115,1.0385548277801206,23.62204724409449,0.9761581006679141,8.91108352797526,1.043971061706543,0.05152975342408284,False,0.28768907487392426,0.3986077606678009,0.27826524402849273,0.36201469600200653,0.49388501048088074,0.26700610806243363,0.32378001511096954,0.5912464261054993,0.452377213941593,1.0236521363258362,0.9873948097229004,0.03672019160513001,0.9815846383571625,3.97338604927063,0.7529601639041981,2.8091447177989542e-05,0.0001271611040845583,0.7790877377149102,4.287955647706985,4.7722657632827765,0.1014843136570502,0.24030600636126284,-0.051724334097046236,5.645898503215061,2.463083542406993,3.0548632373894535,0.19371724656589492,0.7217347559715073,True
3,6033,M17e_broad_sparse_peak_terrace,2.0502288341522217,2.455710404967717,0.4054815708154953,0.8768202662467957,1.140038013458252,1.1358041763305664,1.0037276118682392,1.1280707120895386,1.4211721420288086,0.02384189933208591,41.47837670016725,0.06706429104183154,0.9291840457916258,0.1713245355749784,2.050226917735691,1.9164165308005465e-06,1.0385548277801206,0.0033477143951496924,0.0032490892393442616,9.862515580577927e-05,0.2830208620667092,23.62204724409449,0.75,0.08333333333333326,0.27319965072410474,0.5461071828783619,0.12483953027320778,0.032710636972337115,1.0385548277801206,23.62204724409449,0.9761581006679141,8.91108352797526,1.043971061706543,0.05152975342408284,False,0.28768907487392426,0.3986077606678009,0.27826524402849273,0.36201469600200653,0.49388501048088074,0.26700610806243363,0.32378001511096954,0.5912464261054993,0.452377213941593,1.0236521363258362,0.9873948097229004,0.03672019160513001,0.9815846383571625,3.97338604927063,0.7529601639041981,2.8091447177989542e-05,0.0001271611040845583,0.7790877377149102,4.287955647706985,4.7722657632827765,0.1014843136570502,0.24030600636126284,-0.051724334097046236,5.645898503215061,2.463083542406993,3.0548632373894535,0.19371724656589492,0.7217347559715073,True
3,6033,M17f_broad_sparse_finetexture_terrace,2.0502288341522217,2.455710404967717,0.4054815708154953,0.8768202662467957,1.140038013458252,1.1358041763305664,1.0037276118682392,1.1280707120895386,1.4211721420288086,0.02384189933208591,41.47837670016725,0.06706429104183154,0.9291840457916258,0.1713245355749784,2.050226917735691,1.9164165308005465e-06,1.0385548277801206,0.0033477143951496924,0.0032490892393442616,9.862515580577927e-05,0.2830208620667092,23.62204724409449,0.75,0.08333333333333326,0.27319965072410474,0.5461071828783619,0.12483953027320778,0.032710636972337115,1.0385548277801206,23.62204724409449,0.9761581006679141,8.91108352797526,1.043971061706543,0.05152975342408284,False,0.28768907487392426,0.3986077606678009,0.27826524402849273,0.36201469600200653,0.49388501048088074,0.26700610806243363,0.32378001511096954,0.5912464261054993,0.452377213941593,1.0236521363258362,0.9873948097229004,0.03672019160513001,0.9815846383571625,3.97338604927063,0.7529601639041981,2.8091447177989542e-05,0.0001271611040845583,0.7790877377149102,4.287955647706985,4.7722657632827765,0.1014843136570502,0.24030600636126284,-0.051724334097046236,5.645898503215061,2.463083542406993,3.0548632373894535,0.19371724656589492,0.7217347559715073,True
3,6033,M17g_moderate_broad_topology_terrace,2.0502288341522217,2.455710404967717,0.4054815708154953,0.8768202662467957,1.140038013458252,1.1358041763305664,1.0037276118682392,1.1280707120895386,1.4211721420288086,0.02384189933208591,41.47837670016725,0.06706429104183154,0.9291840457916258,0.1713245355749784,2.050226917735691,1.9164165308005465e-06,1.0385548277801206,0.0033477143951496924,0.0032490892393442616,9.862515580577927e-05,0.2830208620667092,23.62204724409449,0.75,0.08333333333333326,0.27319965072410474,0.5461071828783619,0.12483953027320778,0.032710636972337115,1.0385548277801206,23.62204724409449,0.9761581006679141,8.91108352797526,1.043971061706543,0.05152975342408284,False,0.28768907487392426,0.3986077606678009,0.27826524402849273,0.36201469600200653,0.49388501048088074,0.26700610806243363,0.32378001511096954,0.5912464261054993,0.452377213941593,1.0236521363258362,0.9873948097229004,0.03672019160513001,0.9815846383571625,3.97338604927063,0.7529601639041981,2.8091447177989542e-05,0.0001271611040845583,0.7790877377149102,4.287955647706985,4.7722657632827765,0.1014843136570502,0.24030600636126284,-0.051724334097046236,5.645898503215061,2.463083542406993,3.0548632373894535,0.19371724656589492,0.7217347559715073,True
3,6033,M17h_hierarchical_sparse_island_terrace,2.0502288341522217,2.455710404967717,0.4054815708154953,0.8768202662467957,1.140038013458252,1.1358041763305664,1.0037276118682392,1.1280707120895386,1.4211721420288086,0.02384189933208591,41.47837670016725,0.06706429104183154,0.9291840457916258,0.1713245355749784,2.050226917735691,1.9164165308005465e-06,1.0385548277801206,0.0033477143951496924,0.0032490892393442616,9.862515580577927e-05,0.2830208620667092,23.62204724409449,0.75,0.08333333333333326,0.27319965072410474,0.5461071828783619,0.12483953027320778,0.032710636972337115,1.0385548277801206,23.62204724409449,0.9761581006679141,8.91108352797526,1.043971061706543,0.05152975342408284,False,0.28768907487392426,0.3986077606678009,0.27826524402849273,0.36201469600200653,0.49388501048088074,0.26700610806243363,0.32378001511096954,0.5912464261054993,0.452377213941593,1.0236521363258362,0.9873948097229004,0.03672019160513001,0.9815846383571625,3.97338604927063,0.7529601639041981,2.8091447177989542e-05,0.0001271611040845583,0.7790877377149102,4.287955647706985,4.7722657632827765,0.1014843136570502,0.24030600636126284,-0.051724334097046236,5.645898503215061,2.463083542406993,3.0548632373894535,0.19371724656589492,0.7217347559715073,True
3,6033,M17i_soft_hierarchical_island_terrace,2.0502288341522217,2.455710404967717,0.4054815708154953,0.8768202662467957,1.140038013458252,1.1358041763305664,1.0037276118682392,1.1280707120895386,1.4211721420288086,0.02384189933208591,41.47837670016725,0.06706429104183154,0.9291840457916258,0.1713245355749784,2.050226917735691,1.9164165308005465e-06,1.0385548277801206,0.0033477143951496924,0.0032490892393442616,9.862515580577927e-05,0.2830208620667092,23.62204724409449,0.75,0.08333333333333326,0.27319965072410474,0.5461071828783619,0.12483953027320778,0.032710636972337115,1.0385548277801206,23.62204724409449,0.9761581006679141,8.91108352797526,1.043971061706543,0.05152975342408284,False,0.28768907487392426,0.3986077606678009,0.27826524402849273,0.36201469600200653,0.49388501048088074,0.26700610806243363,0.32378001511096954,0.5912464261054993,0.452377213941593,1.0236521363258362,0.9873948097229004,0.03672019160513001,0.9815846383571625,3.97338604927063,0.7529601639041981,2.8091447177989542e-05,0.0001271611040845583,0.7790877377149102,4.287955647706985,4.7722657632827765,0.1014843136570502,0.24030600636126284,-0.051724334097046236,5.645898503215061,2.463083542406993,3.0548632373894535,0.19371724656589492,0.7217347559715073,True
4,6047,M10_dense_island_spectral_pareto,3.348536252975464,2.762874043733275,0.585662209242189,0.9595191478729248,1.1254804730415344,1.090125560760498,1.0324319633936223,1.1365214586257935,1.457305669784546,-0.002834430509312644,41.25539928737918,0.10638844249720503,1.5795975875854502,0.458365432583838,3.34853289749351,3.3554819540704273e-06,0.6783771828010389,0.0020039023910225495,0.0019395762429504286,6.432614807207571e-05,0.031145522459552488,23.62204724409449,0.75,0.25,0.7617787639476202,1.1591625054083123,0.2650900378580471,0.03177162641291931,0.6783771828010389,23.62204724409449,1.0028344305093126,8.782139961045784,1.0199214220046997,0.03579813520667452,False,0.30437442660331726,0.3914080858230591,0.22236040177025487,0.363212525844574,0.5027503967285156,0.2775490020334919,0.37712348997592926,0.6040412783622742,0.37566602898659984,0.976439893245697,0.9567334055900574,0.020597679082278764,0.9860855937004089,4.322832345962524,0.7718890036016776,5.353197928074564e-05,0.00013667891310054274,0.6083376867259193,4.656107437610626,4.901727961301804,0.05010896680319755,-0.1050647296400622,-0.5346156427388115,0.8034761401633884,3.0302568476963483,3.7726347839691003,0.1967796987472277,0.7776395982297452,True
4,6047,M16b_baseline_dense_microisland_terrace,3.348536252975464,2.762874043733275,0.585662209242189,1.365445613861084,1.1427510976791382,1.090125560760498,1.0482747481693093,1.1454459428787231,1.4531033039093018,-0.003942478556079939,40.62548741025539,0.23498674761661853,3.024522676467896,0.7028479676241982,3.348532962236244,3.290739219785621e-06,0.9598735842465759,0.002284825313735861,0.0021942080287741693,9.06172849615702e-05,0.313893917451022,23.62204724409449,0.75,0.25,0.9404150219740338,1.7101708435447853,0.36099502359117774,0.07017596090358202,0.9598735842465759,23.62204724409449,1.00394247855608,8.755103058719335,1.0242204666137695,0.04536426116269286,False,0.28246527910232544,0.3914080858230591,0.2783356058974791,0.35358870029449463,0.5027503967285156,0.29669135500368,0.31430894136428833,0.6040412783622742,0.47965651914308194,0.9536226689815521,0.9567334055900574,0.00325141422921961,1.1195161938667297,4.322832345962524,0.74102252776184,2.7956656835040305e-05,0.00013667891310054274,0.7954574249908247,4.185671343803406,4.901727961301804,0.14608248828811515,0.1258902263682279,-0.5346156427388115,1.2354780075706315,2.396223693287362,3.7726347839691003,0.36484079946738135,0.7216643941025209,True
4,6047,M17a_fixed_sparse_peak_terrace,3.348536252975464,2.762874043733275,0.585662209242189,1.365445613861084,1.1427510976791382,1.090125560760498,1.0482747481693093,1.1454459428787231,1.4531033039093018,-0.003942478556079939,40.62548741025539,0.23498674761661853,3.024522676467896,0.7028479676241982,3.348532962236244,3.290739219785621e-06,0.9598735842465759,0.002284825313735861,0.0021942080287741693,9.06172849615702e-05,0.313893917451022,23.62204724409449,0.75,0.25,0.9404150219740338,1.7101708435447853,0.36099502359117774,0.07017596090358202,0.9598735842465759,23.62204724409449,1.00394247855608,8.755103058719335,1.0242204666137695,0.04536426116269286,False,0.28246527910232544,0.3914080858230591,0.2783356058974791,0.35358870029449463,0.5027503967285156,0.29669135500368,0.31430894136428833,0.6040412783622742,0.47965651914308194,0.9536226689815521,0.9567334055900574,0.00325141422921961,1.1195161938667297,4.322832345962524,0.74102252776184,2.7956656835040305e-05,0.00013667891310054274,0.7954574249908247,4.185671343803406,4.901727961301804,0.14608248828811515,0.1258902263682279,-0.5346156427388115,1.2354780075706315,2.396223693287362,3.7726347839691003,0.36484079946738135,0.7216643941025209,True
4,6047,M17b_topology_sparse_peak_terrace,3.348536252975464,2.762874043733275,0.585662209242189,1.365445613861084,1.1427510976791382,1.090125560760498,1.0482747481693093,1.1454459428787231,1.4531033039093018,-0.003942478556079939,40.62548741025539,0.23498674761661853,3.024522676467896,0.7028479676241982,3.348532962236244,3.290739219785621e-06,0.9598735842465759,0.002284825313735861,0.0021942080287741693,9.06172849615702e-05,0.313893917451022,23.62204724409449,0.75,0.25,0.9404150219740338,1.7101708435447853,0.36099502359117774,0.07017596090358202,0.9598735842465759,23.62204724409449,1.00394247855608,8.755103058719335,1.0242204666137695,0.04536426116269286,False,0.28246527910232544,0.3914080858230591,0.2783356058974791,0.35358870029449463,0.5027503967285156,0.29669135500368,0.31430894136428833,0.6040412783622742,0.47965651914308194,0.9536226689815521,0.9567334055900574,0.00325141422921961,1.1195161938667297,4.322832345962524,0.74102252776184,2.7956656835040305e-05,0.00013667891310054274,0.7954574249908247,4.185671343803406,4.901727961301804,0.14608248828811515,0.1258902263682279,-0.5346156427388115,1.2354780075706315,2.396223693287362,3.7726347839691003,0.36484079946738135,0.7216643941025209,True
4,6047,M17c_topology_sparse_finetexture_terrace,3.348536252975464,2.762874043733275,0.585662209242189,1.365445613861084,1.1427510976791382,1.090125560760498,1.0482747481693093,1.1454459428787231,1.4531033039093018,-0.003942478556079939,40.62548741025539,0.23498674761661853,3.024522676467896,0.7028479676241982,3.348532962236244,3.290739219785621e-06,0.9598735842465759,0.002284825313735861,0.0021942080287741693,9.06172849615702e-05,0.313893917451022,23.62204724409449,0.75,0.25,0.9404150219740338,1.7101708435447853,0.36099502359117774,0.07017596090358202,0.9598735842465759,23.62204724409449,1.00394247855608,8.755103058719335,1.0242204666137695,0.04536426116269286,False,0.28246527910232544,0.3914080858230591,0.2783356058974791,0.35358870029449463,0.5027503967285156,0.29669135500368,0.31430894136428833,0.6040412783622742,0.47965651914308194,0.9536226689815521,0.9567334055900574,0.00325141422921961,1.1195161938667297,4.322832345962524,0.74102252776184,2.7956656835040305e-05,0.00013667891310054274,0.7954574249908247,4.185671343803406,4.901727961301804,0.14608248828811515,0.1258902263682279,-0.5346156427388115,1.2354780075706315,2.396223693287362,3.7726347839691003,0.36484079946738135,0.7216643941025209,True
4,6047,M17d_multiscale_texture_no_peak_terrace,3.348536252975464,2.762874043733275,0.585662209242189,1.365445613861084,1.1427510976791382,1.090125560760498,1.0482747481693093,1.1454459428787231,1.4531033039093018,-0.003942478556079939,40.62548741025539,0.23498674761661853,3.024522676467896,0.7028479676241982,3.348532962236244,3.290739219785621e-06,0.9598735842465759,0.002284825313735861,0.0021942080287741693,9.06172849615702e-05,0.313893917451022,23.62204724409449,0.75,0.25,0.9404150219740338,1.7101708435447853,0.36099502359117774,0.07017596090358202,0.9598735842465759,23.62204724409449,1.00394247855608,8.755103058719335,1.0242204666137695,0.04536426116269286,False,0.28246527910232544,0.3914080858230591,0.2783356058974791,0.35358870029449463,0.5027503967285156,0.29669135500368,0.31430894136428833,0.6040412783622742,0.47965651914308194,0.9536226689815521,0.9567334055900574,0.00325141422921961,1.1195161938667297,4.322832345962524,0.74102252776184,2.7956656835040305e-05,0.00013667891310054274,0.7954574249908247,4.185671343803406,4.901727961301804,0.14608248828811515,0.1258902263682279,-0.5346156427388115,1.2354780075706315,2.396223693287362,3.7726347839691003,0.36484079946738135,0.7216643941025209,True
4,6047,M17e_broad_sparse_peak_terrace,3.348536252975464,2.762874043733275,0.585662209242189,1.365445613861084,1.1427510976791382,1.090125560760498,1.0482747481693093,1.1454459428787231,1.4531033039093018,-0.003942478556079939,40.62548741025539,0.23498674761661853,3.024522676467896,0.7028479676241982,3.348532962236244,3.290739219785621e-06,0.9598735842465759,0.002284825313735861,0.0021942080287741693,9.06172849615702e-05,0.313893917451022,23.62204724409449,0.75,0.25,0.9404150219740338,1.7101708435447853,0.36099502359117774,0.07017596090358202,0.9598735842465759,23.62204724409449,1.00394247855608,8.755103058719335,1.0242204666137695,0.04536426116269286,False,0.28246527910232544,0.3914080858230591,0.2783356058974791,0.35358870029449463,0.5027503967285156,0.29669135500368,0.31430894136428833,0.6040412783622742,0.47965651914308194,0.9536226689815521,0.9567334055900574,0.00325141422921961,1.1195161938667297,4.322832345962524,0.74102252776184,2.7956656835040305e-05,0.00013667891310054274,0.7954574249908247,4.185671343803406,4.901727961301804,0.14608248828811515,0.1258902263682279,-0.5346156427388115,1.2354780075706315,2.396223693287362,3.7726347839691003,0.36484079946738135,0.7216643941025209,True
4,6047,M17f_broad_sparse_finetexture_terrace,3.348536252975464,2.762874043733275,0.585662209242189,1.365445613861084,1.1427510976791382,1.090125560760498,1.0482747481693093,1.1454459428787231,1.4531033039093018,-0.003942478556079939,40.62548741025539,0.23498674761661853,3.024522676467896,0.7028479676241982,3.348532962236244,3.290739219785621e-06,0.9598735842465759,0.002284825313735861,0.0021942080287741693,9.06172849615702e-05,0.313893917451022,23.62204724409449,0.75,0.25,0.9404150219740338,1.7101708435447853,0.36099502359117774,0.07017596090358202,0.9598735842465759,23.62204724409449,1.00394247855608,8.755103058719335,1.0242204666137695,0.04536426116269286,False,0.28246527910232544,0.3914080858230591,0.2783356058974791,0.35358870029449463,0.5027503967285156,0.29669135500368,0.31430894136428833,0.6040412783622742,0.47965651914308194,0.9536226689815521,0.9567334055900574,0.00325141422921961,1.1195161938667297,4.322832345962524,0.74102252776184,2.7956656835040305e-05,0.00013667891310054274,0.7954574249908247,4.185671343803406,4.901727961301804,0.14608248828811515,0.1258902263682279,-0.5346156427388115,1.2354780075706315,2.396223693287362,3.7726347839691003,0.36484079946738135,0.7216643941025209,True
4,6047,M17g_moderate_broad_topology_terrace,3.348536252975464,2.762874043733275,0.585662209242189,1.365445613861084,1.1427510976791382,1.090125560760498,1.0482747481693093,1.1454459428787231,1.4531033039093018,-0.003942478556079939,40.62548741025539,0.23498674761661853,3.024522676467896,0.7028479676241982,3.348532962236244,3.290739219785621e-06,0.9598735842465759,0.002284825313735861,0.0021942080287741693,9.06172849615702e-05,0.313893917451022,23.62204724409449,0.75,0.25,0.9404150219740338,1.7101708435447853,0.36099502359117774,0.07017596090358202,0.9598735842465759,23.62204724409449,1.00394247855608,8.755103058719335,1.0242204666137695,0.04536426116269286,False,0.28246527910232544,0.3914080858230591,0.2783356058974791,0.35358870029449463,0.5027503967285156,0.29669135500368,0.31430894136428833,0.6040412783622742,0.47965651914308194,0.9536226689815521,0.9567334055900574,0.00325141422921961,1.1195161938667297,4.322832345962524,0.74102252776184,2.7956656835040305e-05,0.00013667891310054274,0.7954574249908247,4.185671343803406,4.901727961301804,0.14608248828811515,0.1258902263682279,-0.5346156427388115,1.2354780075706315,2.396223693287362,3.7726347839691003,0.36484079946738135,0.7216643941025209,True
4,6047,M17h_hierarchical_sparse_island_terrace,3.348536252975464,2.762874043733275,0.585662209242189,1.365445613861084,1.1427510976791382,1.090125560760498,1.0482747481693093,1.1454459428787231,1.4531033039093018,-0.003942478556079939,40.62548741025539,0.23498674761661853,3.024522676467896,0.7028479676241982,3.348532962236244,3.290739219785621e-06,0.9598735842465759,0.002284825313735861,0.0021942080287741693,9.06172849615702e-05,0.313893917451022,23.62204724409449,0.75,0.25,0.9404150219740338,1.7101708435447853,0.36099502359117774,0.07017596090358202,0.9598735842465759,23.62204724409449,1.00394247855608,8.755103058719335,1.0242204666137695,0.04536426116269286,False,0.28246527910232544,0.3914080858230591,0.2783356058974791,0.35358870029449463,0.5027503967285156,0.29669135500368,0.31430894136428833,0.6040412783622742,0.47965651914308194,0.9536226689815521,0.9567334055900574,0.00325141422921961,1.1195161938667297,4.322832345962524,0.74102252776184,2.7956656835040305e-05,0.00013667891310054274,0.7954574249908247,4.185671343803406,4.901727961301804,0.14608248828811515,0.1258902263682279,-0.5346156427388115,1.2354780075706315,2.396223693287362,3.7726347839691003,0.36484079946738135,0.7216643941025209,True
4,6047,M17i_soft_hierarchical_island_terrace,3.348536252975464,2.762874043733275,0.585662209242189,1.365445613861084,1.1427510976791382,1.090125560760498,1.0482747481693093,1.1454459428787231,1.4531033039093018,-0.003942478556079939,40.62548741025539,0.23498674761661853,3.024522676467896,0.7028479676241982,3.348532962236244,3.290739219785621e-06,0.9598735842465759,0.002284825313735861,0.0021942080287741693,9.06172849615702e-05,0.313893917451022,23.62204724409449,0.75,0.25,0.9404150219740338,1.7101708435447853,0.36099502359117774,0.07017596090358202,0.9598735842465759,23.62204724409449,1.00394247855608,8.755103058719335,1.0242204666137695,0.04536426116269286,False,0.28246527910232544,0.3914080858230591,0.2783356058974791,0.35358870029449463,0.5027503967285156,0.29669135500368,0.31430894136428833,0.6040412783622742,0.47965651914308194,0.9536226689815521,0.9567334055900574,0.00325141422921961,1.1195161938667297,4.322832345962524,0.74102252776184,2.7956656835040305e-05,0.00013667891310054274,0.7954574249908247,4.185671343803406,4.901727961301804,0.14608248828811515,0.1258902263682279,-0.5346156427388115,1.2354780075706315,2.396223693287362,3.7726347839691003,0.36484079946738135,0.7216643941025209,True
5,6048,M10_dense_island_spectral_pareto,1.8154829144477844,2.32348641798451,0.5080035035367256,0.6117634773254395,1.138935387134552,1.136784553527832,1.0018920327515404,1.1170811653137207,1.4047064781188965,0.018800969250604174,41.70014205456571,0.0006623866324908523,0.22326565742492654,0.03527011776110156,1.8154810692223216,1.8452254628709142e-06,0.9732625424286182,0.003627945962771495,0.0035312062868829873,9.673967588842697e-05,0.3884191145366609,15.748031496062993,0.4,0.25,0.07235423674691689,0.044114795948134056,0.03791901759537212,0.00036485441627664983,0.9732625424286182,15.748031496062993,0.9811990307493959,8.835814929355973,1.0241252183914185,0.04487700948819989,False,0.29552170634269714,0.3867746889591217,0.23593318079319586,0.35663554072380066,0.48211681842803955,0.2602715211499475,0.3323610723018646,0.6060297191143036,0.45157628113089643,0.9321709871292114,0.9697852730751038,0.03878620039941496,0.8644828200340271,4.353774785995483,0.8014406204898895,2.572600662474701e-05,0.0001280369394978046,0.799073558571055,4.719069015979767,4.73786234498024,0.003966626219181783,0.06600791829703725,-0.14245105160675348,1.463372629071612,2.975482808804786,3.157563602388289,0.05766496467269332,0.7640668192068041,True
5,6048,M16b_baseline_dense_microisland_terrace,1.8154829144477844,2.32348641798451,0.5080035035367256,1.0135542154312134,1.1631715297698975,1.136784553527832,1.0232119412250789,1.1404589414596558,1.4210656881332397,0.018155504056551815,41.5884534691839,0.06811942261671144,0.7536181330680849,0.17253645600268241,1.8154811408963665,1.7735514179495482e-06,1.0490727010362653,0.003700216652480437,0.003605789162494682,9.442748998583903e-05,0.3123581560744233,15.748031496062993,0.4,0.25,0.37114934143442796,0.5691020173319412,0.1760806575816658,0.03752138052007936,1.0490727010362653,15.748031496062993,0.9818444959434481,8.857009052379253,1.0378572940826416,0.041639365256829826,False,0.28043316304683685,0.3867746889591217,0.2749443770440834,0.35254769027233124,0.48211681842803955,0.2687504837067776,0.3131924271583557,0.6060297191143036,0.4832061575856739,0.9062151610851288,0.9697852730751038,0.06555070875473262,0.9175375998020172,4.353774785995483,0.7892546939374532,2.7708736144474445e-05,0.0001280369394978046,0.7835879531863572,4.208983871936798,4.73786234498024,0.11162807919140742,0.27885911065113234,-0.14245105160675348,2.9575784629582325,2.4055145628887353,3.157563602388289,0.23817383723663582,0.7250556229559165,True
5,6048,M17a_fixed_sparse_peak_terrace,1.8154829144477844,2.32348641798451,0.5080035035367256,1.0135542154312134,1.1631715297698975,1.136784553527832,1.0232119412250789,1.1404589414596558,1.4210656881332397,0.018155504056551815,41.5884534691839,0.06811942261671144,0.7536181330680849,0.17253645600268241,1.8154811408963665,1.7735514179495482e-06,1.0490727010362653,0.003700216652480437,0.003605789162494682,9.442748998583903e-05,0.3123581560744233,15.748031496062993,0.4,0.25,0.37114934143442796,0.5691020173319412,0.1760806575816658,0.03752138052007936,1.0490727010362653,15.748031496062993,0.9818444959434481,8.857009052379253,1.0378572940826416,0.041639365256829826,False,0.28043316304683685,0.3867746889591217,0.2749443770440834,0.35254769027233124,0.48211681842803955,0.2687504837067776,0.3131924271583557,0.6060297191143036,0.4832061575856739,0.9062151610851288,0.9697852730751038,0.06555070875473262,0.9175375998020172,4.353774785995483,0.7892546939374532,2.7708736144474445e-05,0.0001280369394978046,0.7835879531863572,4.208983871936798,4.73786234498024,0.11162807919140742,0.27885911065113234,-0.14245105160675348,2.9575784629582325,2.4055145628887353,3.157563602388289,0.23817383723663582,0.7250556229559165,True
5,6048,M17b_topology_sparse_peak_terrace,1.8154829144477844,2.32348641798451,0.5080035035367256,1.0135542154312134,1.1631715297698975,1.136784553527832,1.0232119412250789,1.1404589414596558,1.4210656881332397,0.018155504056551815,41.5884534691839,0.06811942261671144,0.7536181330680849,0.17253645600268241,1.8154811408963665,1.7735514179495482e-06,1.0490727010362653,0.003700216652480437,0.003605789162494682,9.442748998583903e-05,0.3123581560744233,15.748031496062993,0.4,0.25,0.37114934143442796,0.5691020173319412,0.1760806575816658,0.03752138052007936,1.0490727010362653,15.748031496062993,0.9818444959434481,8.857009052379253,1.0378572940826416,0.041639365256829826,False,0.28043316304683685,0.3867746889591217,0.2749443770440834,0.35254769027233124,0.48211681842803955,0.2687504837067776,0.3131924271583557,0.6060297191143036,0.4832061575856739,0.9062151610851288,0.9697852730751038,0.06555070875473262,0.9175375998020172,4.353774785995483,0.7892546939374532,2.7708736144474445e-05,0.0001280369394978046,0.7835879531863572,4.208983871936798,4.73786234498024,0.11162807919140742,0.27885911065113234,-0.14245105160675348,2.9575784629582325,2.4055145628887353,3.157563602388289,0.23817383723663582,0.7250556229559165,True
5,6048,M17c_topology_sparse_finetexture_terrace,1.8154829144477844,2.32348641798451,0.5080035035367256,1.0135542154312134,1.1631715297698975,1.136784553527832,1.0232119412250789,1.1404589414596558,1.4210656881332397,0.018155504056551815,41.5884534691839,0.06811942261671144,0.7536181330680849,0.17253645600268241,1.8154811408963665,1.7735514179495482e-06,1.0490727010362653,0.003700216652480437,0.003605789162494682,9.442748998583903e-05,0.3123581560744233,15.748031496062993,0.4,0.25,0.37114934143442796,0.5691020173319412,0.1760806575816658,0.03752138052007936,1.0490727010362653,15.748031496062993,0.9818444959434481,8.857009052379253,1.0378572940826416,0.041639365256829826,False,0.28043316304683685,0.3867746889591217,0.2749443770440834,0.35254769027233124,0.48211681842803955,0.2687504837067776,0.3131924271583557,0.6060297191143036,0.4832061575856739,0.9062151610851288,0.9697852730751038,0.06555070875473262,0.9175375998020172,4.353774785995483,0.7892546939374532,2.7708736144474445e-05,0.0001280369394978046,0.7835879531863572,4.208983871936798,4.73786234498024,0.11162807919140742,0.27885911065113234,-0.14245105160675348,2.9575784629582325,2.4055145628887353,3.157563602388289,0.23817383723663582,0.7250556229559165,True
5,6048,M17d_multiscale_texture_no_peak_terrace,1.8154829144477844,2.32348641798451,0.5080035035367256,1.0135542154312134,1.1631715297698975,1.136784553527832,1.0232119412250789,1.1404589414596558,1.4210656881332397,0.018155504056551815,41.5884534691839,0.06811942261671144,0.7536181330680849,0.17253645600268241,1.8154811408963665,1.7735514179495482e-06,1.0490727010362653,0.003700216652480437,0.003605789162494682,9.442748998583903e-05,0.3123581560744233,15.748031496062993,0.4,0.25,0.37114934143442796,0.5691020173319412,0.1760806575816658,0.03752138052007936,1.0490727010362653,15.748031496062993,0.9818444959434481,8.857009052379253,1.0378572940826416,0.041639365256829826,False,0.28043316304683685,0.3867746889591217,0.2749443770440834,0.35254769027233124,0.48211681842803955,0.2687504837067776,0.3131924271583557,0.6060297191143036,0.4832061575856739,0.9062151610851288,0.9697852730751038,0.06555070875473262,0.9175375998020172,4.353774785995483,0.7892546939374532,2.7708736144474445e-05,0.0001280369394978046,0.7835879531863572,4.208983871936798,4.73786234498024,0.11162807919140742,0.27885911065113234,-0.14245105160675348,2.9575784629582325,2.4055145628887353,3.157563602388289,0.23817383723663582,0.7250556229559165,True
5,6048,M17e_broad_sparse_peak_terrace,1.8154829144477844,2.32348641798451,0.5080035035367256,1.0135542154312134,1.1631715297698975,1.136784553527832,1.0232119412250789,1.1404589414596558,1.4210656881332397,0.018155504056551815,41.5884534691839,0.06811942261671144,0.7536181330680849,0.17253645600268241,1.8154811408963665,1.7735514179495482e-06,1.0490727010362653,0.003700216652480437,0.003605789162494682,9.442748998583903e-05,0.3123581560744233,15.748031496062993,0.4,0.25,0.37114934143442796,0.5691020173319412,0.1760806575816658,0.03752138052007936,1.0490727010362653,15.748031496062993,0.9818444959434481,8.857009052379253,1.0378572940826416,0.041639365256829826,False,0.28043316304683685,0.3867746889591217,0.2749443770440834,0.35254769027233124,0.48211681842803955,0.2687504837067776,0.3131924271583557,0.6060297191143036,0.4832061575856739,0.9062151610851288,0.9697852730751038,0.06555070875473262,0.9175375998020172,4.353774785995483,0.7892546939374532,2.7708736144474445e-05,0.0001280369394978046,0.7835879531863572,4.208983871936798,4.73786234498024,0.11162807919140742,0.27885911065113234,-0.14245105160675348,2.9575784629582325,2.4055145628887353,3.157563602388289,0.23817383723663582,0.7250556229559165,True
5,6048,M17f_broad_sparse_finetexture_terrace,1.8154829144477844,2.32348641798451,0.5080035035367256,1.0135542154312134,1.1631715297698975,1.136784553527832,1.0232119412250789,1.1404589414596558,1.4210656881332397,0.018155504056551815,41.5884534691839,0.06811942261671144,0.7536181330680849,0.17253645600268241,1.8154811408963665,1.7735514179495482e-06,1.0490727010362653,0.003700216652480437,0.003605789162494682,9.442748998583903e-05,0.3123581560744233,15.748031496062993,0.4,0.25,0.37114934143442796,0.5691020173319412,0.1760806575816658,0.03752138052007936,1.0490727010362653,15.748031496062993,0.9818444959434481,8.857009052379253,1.0378572940826416,0.041639365256829826,False,0.28043316304683685,0.3867746889591217,0.2749443770440834,0.35254769027233124,0.48211681842803955,0.2687504837067776,0.3131924271583557,0.6060297191143036,0.4832061575856739,0.9062151610851288,0.9697852730751038,0.06555070875473262,0.9175375998020172,4.353774785995483,0.7892546939374532,2.7708736144474445e-05,0.0001280369394978046,0.7835879531863572,4.208983871936798,4.73786234498024,0.11162807919140742,0.27885911065113234,-0.14245105160675348,2.9575784629582325,2.4055145628887353,3.157563602388289,0.23817383723663582,0.7250556229559165,True
5,6048,M17g_moderate_broad_topology_terrace,1.8154829144477844,2.32348641798451,0.5080035035367256,1.0135542154312134,1.1631715297698975,1.136784553527832,1.0232119412250789,1.1404589414596558,1.4210656881332397,0.018155504056551815,41.5884534691839,0.06811942261671144,0.7536181330680849,0.17253645600268241,1.8154811408963665,1.7735514179495482e-06,1.0490727010362653,0.003700216652480437,0.003605789162494682,9.442748998583903e-05,0.3123581560744233,15.748031496062993,0.4,0.25,0.37114934143442796,0.5691020173319412,0.1760806575816658,0.03752138052007936,1.0490727010362653,15.748031496062993,0.9818444959434481,8.857009052379253,1.0378572940826416,0.041639365256829826,False,0.28043316304683685,0.3867746889591217,0.2749443770440834,0.35254769027233124,0.48211681842803955,0.2687504837067776,0.3131924271583557,0.6060297191143036,0.4832061575856739,0.9062151610851288,0.9697852730751038,0.06555070875473262,0.9175375998020172,4.353774785995483,0.7892546939374532,2.7708736144474445e-05,0.0001280369394978046,0.7835879531863572,4.208983871936798,4.73786234498024,0.11162807919140742,0.27885911065113234,-0.14245105160675348,2.9575784629582325,2.4055145628887353,3.157563602388289,0.23817383723663582,0.7250556229559165,True
5,6048,M17h_hierarchical_sparse_island_terrace,1.8154829144477844,2.32348641798451,0.5080035035367256,1.0135542154312134,1.1631715297698975,1.136784553527832,1.0232119412250789,1.1404589414596558,1.4210656881332397,0.018155504056551815,41.5884534691839,0.06811942261671144,0.7536181330680849,0.17253645600268241,1.8154811408963665,1.7735514179495482e-06,1.0490727010362653,0.003700216652480437,0.003605789162494682,9.442748998583903e-05,0.3123581560744233,15.748031496062993,0.4,0.25,0.37114934143442796,0.5691020173319412,0.1760806575816658,0.03752138052007936,1.0490727010362653,15.748031496062993,0.9818444959434481,8.857009052379253,1.0378572940826416,0.041639365256829826,False,0.28043316304683685,0.3867746889591217,0.2749443770440834,0.35254769027233124,0.48211681842803955,0.2687504837067776,0.3131924271583557,0.6060297191143036,0.4832061575856739,0.9062151610851288,0.9697852730751038,0.06555070875473262,0.9175375998020172,4.353774785995483,0.7892546939374532,2.7708736144474445e-05,0.0001280369394978046,0.7835879531863572,4.208983871936798,4.73786234498024,0.11162807919140742,0.27885911065113234,-0.14245105160675348,2.9575784629582325,2.4055145628887353,3.157563602388289,0.23817383723663582,0.7250556229559165,True
5,6048,M17i_soft_hierarchical_island_terrace,1.8154829144477844,2.32348641798451,0.5080035035367256,1.0135542154312134,1.1631715297698975,1.136784553527832,1.0232119412250789,1.1404589414596558,1.4210656881332397,0.018155504056551815,41.5884534691839,0.06811942261671144,0.7536181330680849,0.17253645600268241,1.8154811408963665,1.7735514179495482e-06,1.0490727010362653,0.003700216652480437,0.003605789162494682,9.442748998583903e-05,0.3123581560744233,15.748031496062993,0.4,0.25,0.37114934143442796,0.5691020173319412,0.1760806575816658,0.03752138052007936,1.0490727010362653,15.748031496062993,0.9818444959434481,8.857009052379253,1.0378572940826416,0.041639365256829826,False,0.28043316304683685,0.3867746889591217,0.2749443770440834,0.35254769027233124,0.48211681842803955,0.2687504837067776,0.3131924271583557,0.6060297191143036,0.4832061575856739,0.9062151610851288,0.9697852730751038,0.06555070875473262,0.9175375998020172,4.353774785995483,0.7892546939374532,2.7708736144474445e-05,0.0001280369394978046,0.7835879531863572,4.208983871936798,4.73786234498024,0.11162807919140742,0.27885911065113234,-0.14245105160675348,2.9575784629582325,2.4055145628887353,3.157563602388289,0.23817383723663582,0.7250556229559165,True
6,6056,M10_dense_island_spectral_pareto,2.529426336288452,1.6338508663940672,0.895575469894385,0.7704141139984131,1.126708984375,1.1197912096977234,1.0061777361863236,1.106128454208374,1.390202522277832,0.014099135091840251,42.48248724903512,0.0013578797045994406,0.22696049213409353,0.19148613785909419,2.5294238404539358,2.4958345163916817e-06,0.9072671636861052,0.004546435508934854,0.0043637612662052,0.00018267424272973314,0.33309063951612927,23.62204724409449,0.75,0.25,0.2791394322912438,0.07302908589856605,0.08872866010027271,0.000536833247393842,0.9072671636861052,23.62204724409449,0.9859008649081598,9.068076984418711,1.0459609031677246,0.0507072740654208,False,0.30596815049648285,0.4166260361671448,0.26560482558576215,0.3629004508256912,0.5260255932807922,0.3101087561875053,0.40128229558467865,0.6967819035053253,0.424091966846536,0.9831406772136688,1.0240387916564941,0.03993805193323601,1.0675824284553528,4.170428037643433,0.7440113055976366,7.470397267374325e-05,0.00025095922452144785,0.7023262531345653,4.801471558809281,4.852628041505815,0.01054201604964961,-0.09888302181937005,-0.23113554743037132,0.5721860054903144,3.138883459766928,3.3764449076383887,0.07035845523024395,0.7343951744142379,True
6,6056,M16b_baseline_dense_microisland_terrace,2.529426336288452,1.6338508663940672,0.895575469894385,1.3459030389785767,1.1386253237724304,1.1197912096977234,1.0168193087350552,1.1374616622924805,1.4072762727737427,0.004814808474788952,40.9749198696115,0.13014329907627076,1.3480464982986433,0.309794314760369,2.52942378538859,2.5508998620082934e-06,1.5133172603496365,0.004960366960676588,0.004735060698174291,0.0002253062625024677,0.7026055464170367,23.62204724409449,0.75,0.25,0.25607551740288964,0.8617659314338928,0.17167386552052838,0.05145170552835754,1.5133172603496365,23.62204724409449,0.995185191525211,8.961748751007791,1.0473883152008057,0.05229616904206374,False,0.27649275958538055,0.4166260361671448,0.33635266262030883,0.3456413447856903,0.5260255932807922,0.3429191484202422,0.3063262850046158,0.6967819035053253,0.5603699185303618,0.974318653345108,1.0240387916564941,0.048552983262439085,1.1003239750862122,4.170428037643433,0.7361604216271364,2.6585309039760305e-05,0.00025095922452144785,0.8940652247772297,4.389054919481278,4.852628041505815,0.09553032255088861,0.15024125843915195,-0.23113554743037132,1.6500136396562348,2.501718962021855,3.3764449076383887,0.2590671459314139,0.6636473373796912,True
6,6056,M17a_fixed_sparse_peak_terrace,2.529426336288452,1.6338508663940672,0.895575469894385,1.3459030389785767,1.1386253237724304,1.1197912096977234,1.0168193087350552,1.1374616622924805,1.4072762727737427,0.004814808474788952,40.9749198696115,0.13014329907627076,1.3480464982986433,0.309794314760369,2.52942378538859,2.5508998620082934e-06,1.5133172603496365,0.004960366960676588,0.004735060698174291,0.0002253062625024677,0.7026055464170367,23.62204724409449,0.75,0.25,0.25607551740288964,0.8617659314338928,0.17167386552052838,0.05145170552835754,1.5133172603496365,23.62204724409449,0.995185191525211,8.961748751007791,1.0473883152008057,0.05229616904206374,False,0.27649275958538055,0.4166260361671448,0.33635266262030883,0.3456413447856903,0.5260255932807922,0.3429191484202422,0.3063262850046158,0.6967819035053253,0.5603699185303618,0.974318653345108,1.0240387916564941,0.048552983262439085,1.1003239750862122,4.170428037643433,0.7361604216271364,2.6585309039760305e-05,0.00025095922452144785,0.8940652247772297,4.389054919481278,4.852628041505815,0.09553032255088861,0.15024125843915195,-0.23113554743037132,1.6500136396562348,2.501718962021855,3.3764449076383887,0.2590671459314139,0.6636473373796912,True
6,6056,M17b_topology_sparse_peak_terrace,2.529426336288452,1.6338508663940672,0.895575469894385,1.3459030389785767,1.1386253237724304,1.1197912096977234,1.0168193087350552,1.1374616622924805,1.4072762727737427,0.004814808474788952,40.9749198696115,0.13014329907627076,1.3480464982986433,0.309794314760369,2.52942378538859,2.5508998620082934e-06,1.5133172603496365,0.004960366960676588,0.004735060698174291,0.0002253062625024677,0.7026055464170367,23.62204724409449,0.75,0.25,0.25607551740288964,0.8617659314338928,0.17167386552052838,0.05145170552835754,1.5133172603496365,23.62204724409449,0.995185191525211,8.961748751007791,1.0473883152008057,0.05229616904206374,False,0.27649275958538055,0.4166260361671448,0.33635266262030883,0.3456413447856903,0.5260255932807922,0.3429191484202422,0.3063262850046158,0.6967819035053253,0.5603699185303618,0.974318653345108,1.0240387916564941,0.048552983262439085,1.1003239750862122,4.170428037643433,0.7361604216271364,2.6585309039760305e-05,0.00025095922452144785,0.8940652247772297,4.389054919481278,4.852628041505815,0.09553032255088861,0.15024125843915195,-0.23113554743037132,1.6500136396562348,2.501718962021855,3.3764449076383887,0.2590671459314139,0.6636473373796912,True
6,6056,M17c_topology_sparse_finetexture_terrace,2.529426336288452,1.6338508663940672,0.895575469894385,1.3459030389785767,1.1386253237724304,1.1197912096977234,1.0168193087350552,1.1374616622924805,1.4072762727737427,0.004814808474788952,40.9749198696115,0.13014329907627076,1.3480464982986433,0.309794314760369,2.52942378538859,2.5508998620082934e-06,1.5133172603496365,0.004960366960676588,0.004735060698174291,0.0002253062625024677,0.7026055464170367,23.62204724409449,0.75,0.25,0.25607551740288964,0.8617659314338928,0.17167386552052838,0.05145170552835754,1.5133172603496365,23.62204724409449,0.995185191525211,8.961748751007791,1.0473883152008057,0.05229616904206374,False,0.27649275958538055,0.4166260361671448,0.33635266262030883,0.3456413447856903,0.5260255932807922,0.3429191484202422,0.3063262850046158,0.6967819035053253,0.5603699185303618,0.974318653345108,1.0240387916564941,0.048552983262439085,1.1003239750862122,4.170428037643433,0.7361604216271364,2.6585309039760305e-05,0.00025095922452144785,0.8940652247772297,4.389054919481278,4.852628041505815,0.09553032255088861,0.15024125843915195,-0.23113554743037132,1.6500136396562348,2.501718962021855,3.3764449076383887,0.2590671459314139,0.6636473373796912,True
6,6056,M17d_multiscale_texture_no_peak_terrace,2.529426336288452,1.6338508663940672,0.895575469894385,1.3459030389785767,1.1386253237724304,1.1197912096977234,1.0168193087350552,1.1374616622924805,1.4072762727737427,0.004814808474788952,40.9749198696115,0.13014329907627076,1.3480464982986433,0.309794314760369,2.52942378538859,2.5508998620082934e-06,1.5133172603496365,0.004960366960676588,0.004735060698174291,0.0002253062625024677,0.7026055464170367,23.62204724409449,0.75,0.25,0.25607551740288964,0.8617659314338928,0.17167386552052838,0.05145170552835754,1.5133172603496365,23.62204724409449,0.995185191525211,8.961748751007791,1.0473883152008057,0.05229616904206374,False,0.27649275958538055,0.4166260361671448,0.33635266262030883,0.3456413447856903,0.5260255932807922,0.3429191484202422,0.3063262850046158,0.6967819035053253,0.5603699185303618,0.974318653345108,1.0240387916564941,0.048552983262439085,1.1003239750862122,4.170428037643433,0.7361604216271364,2.6585309039760305e-05,0.00025095922452144785,0.8940652247772297,4.389054919481278,4.852628041505815,0.09553032255088861,0.15024125843915195,-0.23113554743037132,1.6500136396562348,2.501718962021855,3.3764449076383887,0.2590671459314139,0.6636473373796912,True
6,6056,M17e_broad_sparse_peak_terrace,2.529426336288452,1.6338508663940672,0.895575469894385,1.3459030389785767,1.1386253237724304,1.1197912096977234,1.0168193087350552,1.1374616622924805,1.4072762727737427,0.004814808474788952,40.9749198696115,0.13014329907627076,1.3480464982986433,0.309794314760369,2.52942378538859,2.5508998620082934e-06,1.5133172603496365,0.004960366960676588,0.004735060698174291,0.0002253062625024677,0.7026055464170367,23.62204724409449,0.75,0.25,0.25607551740288964,0.8617659314338928,0.17167386552052838,0.05145170552835754,1.5133172603496365,23.62204724409449,0.995185191525211,8.961748751007791,1.0473883152008057,0.05229616904206374,False,0.27649275958538055,0.4166260361671448,0.33635266262030883,0.3456413447856903,0.5260255932807922,0.3429191484202422,0.3063262850046158,0.6967819035053253,0.5603699185303618,0.974318653345108,1.0240387916564941,0.048552983262439085,1.1003239750862122,4.170428037643433,0.7361604216271364,2.6585309039760305e-05,0.00025095922452144785,0.8940652247772297,4.389054919481278,4.852628041505815,0.09553032255088861,0.15024125843915195,-0.23113554743037132,1.6500136396562348,2.501718962021855,3.3764449076383887,0.2590671459314139,0.6636473373796912,True
6,6056,M17f_broad_sparse_finetexture_terrace,2.529426336288452,1.6338508663940672,0.895575469894385,1.3459030389785767,1.1386253237724304,1.1197912096977234,1.0168193087350552,1.1374616622924805,1.4072762727737427,0.004814808474788952,40.9749198696115,0.13014329907627076,1.3480464982986433,0.309794314760369,2.52942378538859,2.5508998620082934e-06,1.5133172603496365,0.004960366960676588,0.004735060698174291,0.0002253062625024677,0.7026055464170367,23.62204724409449,0.75,0.25,0.25607551740288964,0.8617659314338928,0.17167386552052838,0.05145170552835754,1.5133172603496365,23.62204724409449,0.995185191525211,8.961748751007791,1.0473883152008057,0.05229616904206374,False,0.27649275958538055,0.4166260361671448,0.33635266262030883,0.3456413447856903,0.5260255932807922,0.3429191484202422,0.3063262850046158,0.6967819035053253,0.5603699185303618,0.974318653345108,1.0240387916564941,0.048552983262439085,1.1003239750862122,4.170428037643433,0.7361604216271364,2.6585309039760305e-05,0.00025095922452144785,0.8940652247772297,4.389054919481278,4.852628041505815,0.09553032255088861,0.15024125843915195,-0.23113554743037132,1.6500136396562348,2.501718962021855,3.3764449076383887,0.2590671459314139,0.6636473373796912,True
6,6056,M17g_moderate_broad_topology_terrace,2.529426336288452,1.6338508663940672,0.895575469894385,1.3459030389785767,1.1386253237724304,1.1197912096977234,1.0168193087350552,1.1374616622924805,1.4072762727737427,0.004814808474788952,40.9749198696115,0.13014329907627076,1.3480464982986433,0.309794314760369,2.52942378538859,2.5508998620082934e-06,1.5133172603496365,0.004960366960676588,0.004735060698174291,0.0002253062625024677,0.7026055464170367,23.62204724409449,0.75,0.25,0.25607551740288964,0.8617659314338928,0.17167386552052838,0.05145170552835754,1.5133172603496365,23.62204724409449,0.995185191525211,8.961748751007791,1.0473883152008057,0.05229616904206374,False,0.27649275958538055,0.4166260361671448,0.33635266262030883,0.3456413447856903,0.5260255932807922,0.3429191484202422,0.3063262850046158,0.6967819035053253,0.5603699185303618,0.974318653345108,1.0240387916564941,0.048552983262439085,1.1003239750862122,4.170428037643433,0.7361604216271364,2.6585309039760305e-05,0.00025095922452144785,0.8940652247772297,4.389054919481278,4.852628041505815,0.09553032255088861,0.15024125843915195,-0.23113554743037132,1.6500136396562348,2.501718962021855,3.3764449076383887,0.2590671459314139,0.6636473373796912,True
6,6056,M17h_hierarchical_sparse_island_terrace,2.529426336288452,1.6338508663940672,0.895575469894385,1.3459030389785767,1.1386253237724304,1.1197912096977234,1.0168193087350552,1.1374616622924805,1.4072762727737427,0.004814808474788952,40.9749198696115,0.13014329907627076,1.3480464982986433,0.309794314760369,2.52942378538859,2.5508998620082934e-06,1.5133172603496365,0.004960366960676588,0.004735060698174291,0.0002253062625024677,0.7026055464170367,23.62204724409449,0.75,0.25,0.25607551740288964,0.8617659314338928,0.17167386552052838,0.05145170552835754,1.5133172603496365,23.62204724409449,0.995185191525211,8.961748751007791,1.0473883152008057,0.05229616904206374,False,0.27649275958538055,0.4166260361671448,0.33635266262030883,0.3456413447856903,0.5260255932807922,0.3429191484202422,0.3063262850046158,0.6967819035053253,0.5603699185303618,0.974318653345108,1.0240387916564941,0.048552983262439085,1.1003239750862122,4.170428037643433,0.7361604216271364,2.6585309039760305e-05,0.00025095922452144785,0.8940652247772297,4.389054919481278,4.852628041505815,0.09553032255088861,0.15024125843915195,-0.23113554743037132,1.6500136396562348,2.501718962021855,3.3764449076383887,0.2590671459314139,0.6636473373796912,True
6,6056,M17i_soft_hierarchical_island_terrace,2.529426336288452,1.6338508663940672,0.895575469894385,1.3459030389785767,1.1386253237724304,1.1197912096977234,1.0168193087350552,1.1374616622924805,1.4072762727737427,0.004814808474788952,40.9749198696115,0.13014329907627076,1.3480464982986433,0.309794314760369,2.52942378538859,2.5508998620082934e-06,1.5133172603496365,0.004960366960676588,0.004735060698174291,0.0002253062625024677,0.7026055464170367,23.62204724409449,0.75,0.25,0.25607551740288964,0.8617659314338928,0.17167386552052838,0.05145170552835754,1.5133172603496365,23.62204724409449,0.995185191525211,8.961748751007791,1.0473883152008057,0.05229616904206374,False,0.27649275958538055,0.4166260361671448,0.33635266262030883,0.3456413447856903,0.5260255932807922,0.3429191484202422,0.3063262850046158,0.6967819035053253,0.5603699185303618,0.974318653345108,1.0240387916564941,0.048552983262439085,1.1003239750862122,4.170428037643433,0.7361604216271364,2.6585309039760305e-05,0.00025095922452144785,0.8940652247772297,4.389054919481278,4.852628041505815,0.09553032255088861,0.15024125843915195,-0.23113554743037132,1.6500136396562348,2.501718962021855,3.3764449076383887,0.2590671459314139,0.6636473373796912,True
7,6057,M10_dense_island_spectral_pareto,3.954538583755493,1.0050684949564073,2.949470088799086,1.0296400785446167,1.1314034461975098,1.1059975624084473,1.022971012462033,1.0955432653427124,1.3931243419647217,-0.0026764819484326394,43.038309682141474,0.06296890584523585,1.038149213790895,0.2201676997431541,3.9545347908375468,3.7929179463880303e-06,0.7221843464943222,0.0011040080354532966,0.001200792038987799,9.67840035347431e-05,0.527041246847701,7.874015748031496,0.2,0.08333333333333326,0.2935736661505374,0.5576451682959953,0.09049471947231476,0.015923199159590506,0.7221843464943222,7.874015748031496,1.0026764819484326,8.988159096492282,1.038424015045166,0.03700133621487061,False,0.3403910994529724,0.37045180797576904,0.08114607048904693,0.40103211998939514,0.4735013544559479,0.15304968778773556,0.54641193151474,0.5594281554222107,0.02326701611513836,0.9905587136745453,0.9522235989570618,0.04025852201045077,0.9335368275642395,4.403937816619873,0.7880222504411402,0.000229546710075229,0.00014499784916446152,0.5831042418765071,4.827001137733459,4.852021970748901,0.005156784772674902,0.09607805249372234,-0.4051111575678658,1.237164666286998,3.2198318818331018,3.6171039684444453,0.10983153652124422,0.9188539295109531,True
7,6057,M16b_baseline_dense_microisland_terrace,3.954538583755493,1.0050684949564073,2.949470088799086,1.3738971948623657,1.1474030017852783,1.1059975624084473,1.037437188637799,1.1200265884399414,1.4101996421813965,0.0143601660378513,41.48288839495022,0.1475511237393139,2.1821826934814474,0.3575302586832212,3.9545346170761055,3.966679387623628e-06,1.9275011703032974,0.0028531925134085423,0.002728387997207741,0.00012480451620053482,1.4026989762194244,7.874015748031496,0.2,0.08333333333333326,0.3733479596950573,0.9110193305805105,0.14599140431731955,0.0373118430585494,1.9275011703032974,7.874015748031496,0.9856398339621487,9.045290724124847,1.0400841236114502,0.04348116654730686,False,0.3408468961715698,0.37045180797576904,0.07991568988680885,0.3871721625328064,0.4735013544559479,0.182320897523796,0.29533620178699493,0.5594281554222107,0.4720748340524633,1.0100497603416443,0.9522235989570618,0.060727502918345604,0.9532943069934845,4.403937816619873,0.7835359292776843,3.166885378601464e-06,0.00014499784916446152,0.978159087208187,4.450183963775635,4.852021970748901,0.08281867011233733,0.15448580887798094,-0.4051111575678658,1.3813417774159946,2.6749808938618633,3.6171039684444453,0.26046336594182745,0.9200843101131911,True
7,6057,M17a_fixed_sparse_peak_terrace,3.954538583755493,1.0050684949564073,2.949470088799086,1.0666940212249756,1.134615421295166,1.1059975624084473,1.0258751554790047,1.1080245971679688,1.4075638055801392,0.011401044338321087,42.94282955756497,0.06694470755211634,0.4735447692871091,0.15769606728941588,3.954534557928405,4.025827088138811e-06,0.7205566600521167,0.0012063967214516191,0.0013215090296574382,0.00011511230820632017,0.5178501272695142,7.874015748031496,0.2,0.08333333333333326,0.2538539675657533,0.39636578726560456,0.07614016616184803,0.01692857580426188,0.7205566600521167,7.874015748031496,0.9885989556616789,8.965013830019075,1.0386035442352295,0.040800562324143745,False,0.3696223944425583,0.37045180797576904,0.002238924241571,0.4214975833892822,0.4735013544559479,0.10982813581688247,0.5570073127746582,0.5594281554222107,0.00432735217934363,1.0301386713981628,0.9522235989570618,0.08182434517106991,0.9898869693279266,4.403937816619873,0.775226851389176,0.00026456365200977445,0.00014499784916446152,0.8246039753989545,4.884483352899551,4.852021970748901,0.0066902792992998466,0.06968888529338597,-0.4051111575678658,1.17202410743701,3.271448423857543,3.6171039684444453,0.09556140702683563,0.997761075758429,True
7,6057,M17b_topology_sparse_peak_terrace,3.954538583755493,1.0050684949564073,2.949470088799086,1.068932056427002,1.1348339319229126,1.1059975624084473,1.0260727242939582,1.108242154121399,1.4076025485992432,0.011485326622807481,42.939889066228034,0.06890982901529696,0.5300351333618174,0.1573995949604079,3.954534626967056,3.9567884373425954e-06,0.7224989163757695,0.00120424666904273,0.0013202325296674939,0.00011598586062512255,0.520730503961651,7.874015748031496,0.2,0.08333333333333326,0.24540952681220696,0.4166915514349072,0.07361768015793402,0.01742550430223133,0.7224989163757695,7.874015748031496,0.9885146733771926,8.964621607519746,1.038748025894165,0.04071156436538597,False,0.3694373369216919,0.37045180797576904,0.0027384697070867155,0.4212427884340286,0.4735013544559479,0.11036624400359792,0.5568479895591736,0.5594281554222107,0.004612148741583825,1.0286729335784912,0.9522235989570618,0.08028506613904739,0.991075336933136,4.403937816619873,0.7749570093399253,0.000265042868992133,0.00014499784916446152,0.8279089691289991,4.87349683046341,4.852021970748901,0.0044259609383414025,0.06449981284131158,-0.4051111575678658,1.1592150984646883,3.2613843151350723,3.6171039684444453,0.09834377347531761,0.9972615302929133,True
7,6057,M17c_topology_sparse_finetexture_terrace,3.954538583755493,1.0050684949564073,2.949470088799086,1.7207692861557007,1.1347492933273315,1.1059975624084473,1.0259961973661802,1.1077426671981812,1.4067506790161133,0.011419941168836541,45.112877664389224,0.07419066541134534,0.6859497356414792,0.15384929834285366,3.954534741713314,3.8420421790696935e-06,1.2018210074598894,0.0011493238476057988,0.0006199261015679782,0.0005293977460380079,0.9285587931573889,7.874015748031496,0.2,0.25,0.20487845385829415,0.42955262368456815,0.057708861434033976,0.018760890274429176,1.2018210074598894,7.874015748031496,0.9885800588311635,9.540636170214032,1.04110848903656,0.0396172521661368,False,0.40781348943710327,0.37045180797576904,0.10085436393329204,0.464065283536911,0.4735013544559479,0.01992828706874322,0.7893807888031006,0.5594281554222107,0.41104944603179727,1.0256957411766052,0.9522235989570618,0.07715849754197963,0.9815401136875153,4.403937816619873,0.777122167805523,0.0007057037139003243,0.00014499784916446152,3.8669943586534927,4.816789207458497,4.852021970748901,0.007261459965105371,0.014856015097684128,-0.4051111575678658,1.0366714537977033,3.236877946869617,3.6171039684444453,0.10511890863295985,1.100854363933292,True
7,6057,M17d_multiscale_texture_no_peak_terrace,3.954538583755493,1.0050684949564073,2.949470088799086,1.729344129562378,1.1362505555152893,1.1059975624084473,1.0273535802745914,1.111965537071228,1.389251708984375,0.00019999057576166316,46.63657861198463,0.10525902507322416,1.2162726783752476,0.20459344206178498,3.9545347539813873,3.829774105845729e-06,1.3961992573176465,0.002888426327494975,0.0020822988166649776,0.0008061275108300213,1.0638490237642833,7.874015748031496,0.2,0.050000000000000044,0.20104684399885664,0.4481280049839178,0.07431356676455045,0.026617270922041136,1.3961992573176465,7.874015748031496,0.9998000094242383,9.907302535549327,1.0400549173355103,0.03406792960849781,False,0.4244774580001831,0.37045180797576904,0.14583718816118676,0.4820673167705536,0.4735013544559479,0.018090681756228525,0.8735818266868591,0.5594281554222107,0.5615621384439453,1.021262526512146,0.9522235989570618,0.07250285293359693,0.9776508808135986,4.403937816619873,0.7780052940066332,0.0008759784603357768,0.00014499784916446152,5.041320373947148,4.752616164684296,4.852021970748901,0.020487501224002523,-0.0351871898297341,-0.4051111575678658,0.9131418891521411,3.137351281151737,3.6171039684444453,0.13263447539193313,1.1458371881611868,True
7,6057,M17e_broad_sparse_peak_terrace,3.954538583755493,1.0050684949564073,2.949470088799086,0.9187289476394653,1.1281245350837708,1.1059975624084473,1.0200063485014734,1.1047275066375732,1.4090063571929932,0.010766880154730638,42.20031693849329,0.03668466864465314,0.5994520664215095,0.16658805190800774,3.9545347146253698,3.869130123401732e-06,0.8087836846525785,0.0015111663934713748,0.0016319527817441383,0.00012078638827279473,0.5386083277733036,7.874015748031496,0.2,0.08333333333333326,0.3535568597789345,0.021589861919247166,0.08124425219904101,0.009276598778525491,0.8087836846525785,7.874015748031496,0.9892331198452694,8.843808442908815,1.029995322227478,0.04000810950410766,False,0.3541412055492401,0.37045180797576904,0.04402894539954788,0.4043923169374466,0.4735013544559479,0.145953199221378,0.5222817659378052,0.5594281554222107,0.06640064345057937,1.0355104207992554,0.9522235989570618,0.08746561409884698,0.9955549240112305,4.403937816619873,0.7739398316992263,0.00026651445161224535,0.00014499784916446152,0.8380579653285446,4.904376963377,4.852021970748901,0.010790345333085387,0.19598177506710932,-0.4051111575678658,1.4837728396416177,3.718670782830406,3.6171039684444453,0.028079594966588777,0.9559710546004522,True
7,6057,M17f_broad_sparse_finetexture_terrace,3.954538583755493,1.0050684949564073,2.949470088799086,1.317427158355713,1.1323498487472534,1.1059975624084473,1.0238267128558771,1.1064645051956177,1.4076030254364014,0.011182630448473422,43.688037626231015,0.0574591539509588,0.6711670494079591,0.1559593683270455,3.9545346757050326,3.908050460577073e-06,1.011941255006166,0.0002128504756657712,0.0005656310344330372,0.0003527805587674077,0.8075670519742939,7.874015748031496,0.2,0.08333333333333326,0.2665068484309094,0.27381313186429557,0.06714605652594141,0.014529926273969318,1.011941255006166,7.874015748031496,0.9888173695515265,9.200143547182096,1.0363242626190186,0.0402250037708642,False,0.3819900453090668,0.37045180797576904,0.03114639228337208,0.4349896311759949,0.4735013544559479,0.08133392421697061,0.6738277077674866,0.5594281554222107,0.20449373388962955,1.0268543362617493,0.9522235989570618,0.07837522341016125,0.9975616037845612,4.403937816619873,0.7734841759073217,0.0005133719010998084,0.00014499784916446152,2.5405483878421147,4.8329127764701845,4.852021970748901,0.003938398134616745,0.1016385152898214,-0.4051111575678658,1.2508904368371896,3.437416372597034,3.6171039684444453,0.04967719960913563,1.0311463922833721,True
7,6057,M17g_moderate_broad_topology_terrace,3.954538583755493,1.0050684949564073,2.949470088799086,1.0710161924362183,1.1322346329689026,1.1059975624084473,1.0237225392281344,1.1063101291656494,1.4076216220855713,0.011338269860953192,42.971385574017994,0.054709136251623214,0.6014628314971944,0.1558115196600678,3.954534580379816,4.003375677186227e-06,0.7973905662763894,0.0010716331459422745,0.0012397100971764735,0.00016807695123428494,0.6008028221873625,7.874015748031496,0.2,0.08333333333333326,0.283586921160785,0.23746864305843607,0.07121425513444178,0.013834517800383916,0.7973905662763894,7.874015748031496,0.9886617301390468,8.993042595970588,1.0357879400253296,0.040731107841816064,False,0.3692968040704727,0.37045180797576904,0.0031178249921562633,0.4213382601737976,0.4735013544559479,0.11016461471812591,0.5761504471302032,0.5594281554222107,0.029891759193585696,1.030173897743225,0.9522235989570618,0.08186133894553721,0.9936775863170624,4.403937816619873,0.7743661178486545,0.0003183262004230719,0.00014499784916446152,1.195385671286858,4.857304011583329,4.852021970748901,0.0010886267346420016,0.11746276949993083,-0.4051111575678658,1.2899519485099666,3.4732485282829724,3.6171039684444453,0.0397708889256337,0.9968821750078437,True
7,6057,M17h_hierarchical_sparse_island_terrace,3.954538583755493,1.0050684949564073,2.949470088799086,1.456407070159912,1.1170300245285034,1.1059975624084473,1.009975123359252,1.1053431034088135,1.414729118347168,0.008537245766324553,43.1987890397305,0.008569945218233066,0.015030584335328001,0.31580424476709,3.9545348430112015,3.74074429165816e-06,0.9536983381049081,0.0005245624229421875,0.0008053907307119207,0.00028082830777021524,0.7449481206468116,7.874015748031496,0.2,0.25,0.638902989037326,0.4703895553861339,0.17388262467192758,0.0021671164869133674,0.9536983381049081,7.874015748031496,0.9914627542336755,9.10109597850173,1.0254523754119873,0.03806525153245723,False,0.37119124829769135,0.37045180797576904,0.001996049974658697,0.42579343914985657,0.4735013544559479,0.10075560472452631,0.6385156512260437,0.5594281554222107,0.14137203327591588,1.0513299703598022,0.9522235989570618,0.10407888600039773,0.9909319281578064,4.403937816619873,0.774989573100201,0.000440981812420797,0.00014499784916446152,2.041298991412075,5.017527247667313,4.852021970748901,0.034110578623959914,0.472248572089652,-0.4051111575678658,2.1657259082293705,4.314689581026839,3.6171039684444453,0.192857495573287,1.0019960499746587,True
7,6057,M17i_soft_hierarchical_island_terrace,3.954538583755493,1.0050684949564073,2.949470088799086,1.4846237897872925,1.1262117624282837,1.1059975624084473,1.0182768938258937,1.1074594259262085,1.4119229316711426,0.009569117757632126,44.25171612064227,0.034014746475588886,0.44369899749756314,0.22252457979163687,3.9545345728736794,4.0108818137873925e-06,1.0669262961702841,0.00029651895879567736,0.00011035810807235582,0.00040687706686844957,0.847146333040619,7.874015748031496,0.2,0.25,0.41225816938816434,0.058345344096654816,0.1125329791488392,0.008601445008652675,1.0669262961702841,7.874015748031496,0.9904308822423679,9.336344148076103,1.0334217548370361,0.039058557245502536,False,0.3911152780056,0.37045180797576904,0.05577910428549593,0.4460275024175644,0.4735013544559479,0.05802275279645374,0.7171221077442169,0.5594281554222107,0.28188418976336954,1.0384504199028015,0.9522235989570618,0.0905531232792183,0.9975621700286865,4.403937816619873,0.7734840473305459,0.0005725688601711091,0.00014499784916446152,2.9488093338659245,4.888388839960099,4.852021970748901,0.007495198791439973,0.24685816829080726,-0.4051111575678658,1.609359094853991,3.710896198944421,3.6171039684444453,0.025930200325513866,1.0557791042854958,True
8,6062,M10_dense_island_spectral_pareto,3.0923656225204468,6.16861145497886,3.0762458324584134,1.5743485689163208,1.1299047470092773,1.0908429622650146,1.035808806671086,1.0962234735488892,1.4053782224655151,0.025401934190320087,45.12484328482325,0.13987859014266224,1.3991155624389648,0.4422371296996699,3.092362614531153,3.007989293646318e-06,1.2167530165963762,0.006078915969783827,0.005911163317837226,0.00016775265194623584,0.49874978845239015,23.62204724409449,0.75,0.33333333333333326,0.8197433609801439,1.6994724334340345,0.26181962013776816,0.04523352068998676,1.2167530165963762,23.62204724409449,0.9745980658096799,9.714227311545198,1.038814902305603,0.044742921098701566,False,0.29143962264060974,0.44340960681438446,0.34273047276891955,0.3486693948507309,0.5821100175380707,0.40102491909456356,0.3263528198003769,0.7107692956924438,0.540845641788116,0.9857099652290344,1.0497284531593323,0.06098576040081944,0.9252069890499115,3.8158633708953857,0.7575366570756402,2.638912670799316e-05,0.00019146782791358205,0.8621746170332922,4.666450499296189,5.005604618191719,0.06775487573727913,-0.03831025640227693,-0.8555902931414361,0.9552235962593559,3.0766348318543253,4.561699698973886,0.32555077386036896,0.6572695272310805,True
8,6062,M16b_baseline_dense_microisland_terrace,3.0923656225204468,6.16861145497886,3.0762458324584134,1.995291829109192,1.141823172569275,1.0908429622650146,1.046734692405592,1.113865852355957,1.4017927646636963,0.021667222395473525,44.81559789508399,0.24247745322270653,2.773212699890138,0.6885284580390589,3.092362688400633,2.9341198137800006e-06,1.34189250341376,0.006160131919071055,0.005991328670420134,0.000168803248650825,0.49492477222945075,23.62204724409449,0.75,0.33333333333333326,1.052987984083748,2.196495277356581,0.3702755862474443,0.07841163478502355,1.34189250341376,23.62204724409449,0.9783327776045265,9.706561945738494,1.044384479522705,0.03868464885134308,False,0.27579379081726074,0.44340960681438446,0.3780157520747838,0.3462804704904556,0.5821100175380707,0.40512882435010067,0.29704807698726654,0.7107692956924438,0.582075254534065,0.9634316861629486,1.0497284531593323,0.08220865761679527,0.9338586330413818,3.8158633708953857,0.7552693735933597,2.4752045254633763e-05,0.00019146782791358205,0.8707247816807874,4.204170789122582,5.005604618191719,0.1601072977590979,0.21021759903929094,-0.8555902931414361,1.2456989060353216,2.403888383606497,4.561699698973886,0.47302791892521323,0.6219842479252162,False
8,6062,M17a_fixed_sparse_peak_terrace,3.0923656225204468,6.16861145497886,3.0762458324584134,1.995291829109192,1.141823172569275,1.0908429622650146,1.046734692405592,1.113865852355957,1.4017927646636963,0.021667222395473525,44.81559789508399,0.24247745322270653,2.773212699890138,0.6885284580390589,3.092362688400633,2.9341198137800006e-06,1.34189250341376,0.006160131919071055,0.005991328670420134,0.000168803248650825,0.49492477222945075,23.62204724409449,0.75,0.33333333333333326,1.052987984083748,2.196495277356581,0.3702755862474443,0.07841163478502355,1.34189250341376,23.62204724409449,0.9783327776045265,9.706561945738494,1.044384479522705,0.03868464885134308,False,0.27579379081726074,0.44340960681438446,0.3780157520747838,0.3462804704904556,0.5821100175380707,0.40512882435010067,0.29704807698726654,0.7107692956924438,0.582075254534065,0.9634316861629486,1.0497284531593323,0.08220865761679527,0.9338586330413818,3.8158633708953857,0.7552693735933597,2.4752045254633763e-05,0.00019146782791358205,0.8707247816807874,4.204170789122582,5.005604618191719,0.1601072977590979,0.21021759903929094,-0.8555902931414361,1.2456989060353216,2.403888383606497,4.561699698973886,0.47302791892521323,0.6219842479252162,False
8,6062,M17b_topology_sparse_peak_terrace,3.0923656225204468,6.16861145497886,3.0762458324584134,1.995291829109192,1.141823172569275,1.0908429622650146,1.046734692405592,1.113865852355957,1.4017927646636963,0.021667222395473525,44.81559789508399,0.24247745322270653,2.773212699890138,0.6885284580390589,3.092362688400633,2.9341198137800006e-06,1.34189250341376,0.006160131919071055,0.005991328670420134,0.000168803248650825,0.49492477222945075,23.62204724409449,0.75,0.33333333333333326,1.052987984083748,2.196495277356581,0.3702755862474443,0.07841163478502355,1.34189250341376,23.62204724409449,0.9783327776045265,9.706561945738494,1.044384479522705,0.03868464885134308,False,0.27579379081726074,0.44340960681438446,0.3780157520747838,0.3462804704904556,0.5821100175380707,0.40512882435010067,0.29704807698726654,0.7107692956924438,0.582075254534065,0.9634316861629486,1.0497284531593323,0.08220865761679527,0.9338586330413818,3.8158633708953857,0.7552693735933597,2.4752045254633763e-05,0.00019146782791358205,0.8707247816807874,4.204170789122582,5.005604618191719,0.1601072977590979,0.21021759903929094,-0.8555902931414361,1.2456989060353216,2.403888383606497,4.561699698973886,0.47302791892521323,0.6219842479252162,False
8,6062,M17c_topology_sparse_finetexture_terrace,3.0923656225204468,6.16861145497886,3.0762458324584134,1.995291829109192,1.141823172569275,1.0908429622650146,1.046734692405592,1.113865852355957,1.4017927646636963,0.021667222395473525,44.81559789508399,0.24247745322270653,2.773212699890138,0.6885284580390589,3.092362688400633,2.9341198137800006e-06,1.34189250341376,0.006160131919071055,0.005991328670420134,0.000168803248650825,0.49492477222945075,23.62204724409449,0.75,0.33333333333333326,1.052987984083748,2.196495277356581,0.3702755862474443,0.07841163478502355,1.34189250341376,23.62204724409449,0.9783327776045265,9.706561945738494,1.044384479522705,0.03868464885134308,False,0.27579379081726074,0.44340960681438446,0.3780157520747838,0.3462804704904556,0.5821100175380707,0.40512882435010067,0.29704807698726654,0.7107692956924438,0.582075254534065,0.9634316861629486,1.0497284531593323,0.08220865761679527,0.9338586330413818,3.8158633708953857,0.7552693735933597,2.4752045254633763e-05,0.00019146782791358205,0.8707247816807874,4.204170789122582,5.005604618191719,0.1601072977590979,0.21021759903929094,-0.8555902931414361,1.2456989060353216,2.403888383606497,4.561699698973886,0.47302791892521323,0.6219842479252162,False
8,6062,M17d_multiscale_texture_no_peak_terrace,3.0923656225204468,6.16861145497886,3.0762458324584134,1.995291829109192,1.141823172569275,1.0908429622650146,1.046734692405592,1.113865852355957,1.4017927646636963,0.021667222395473525,44.81559789508399,0.24247745322270653,2.773212699890138,0.6885284580390589,3.092362688400633,2.9341198137800006e-06,1.34189250341376,0.006160131919071055,0.005991328670420134,0.000168803248650825,0.49492477222945075,23.62204724409449,0.75,0.33333333333333326,1.052987984083748,2.196495277356581,0.3702755862474443,0.07841163478502355,1.34189250341376,23.62204724409449,0.9783327776045265,9.706561945738494,1.044384479522705,0.03868464885134308,False,0.27579379081726074,0.44340960681438446,0.3780157520747838,0.3462804704904556,0.5821100175380707,0.40512882435010067,0.29704807698726654,0.7107692956924438,0.582075254534065,0.9634316861629486,1.0497284531593323,0.08220865761679527,0.9338586330413818,3.8158633708953857,0.7552693735933597,2.4752045254633763e-05,0.00019146782791358205,0.8707247816807874,4.204170789122582,5.005604618191719,0.1601072977590979,0.21021759903929094,-0.8555902931414361,1.2456989060353216,2.403888383606497,4.561699698973886,0.47302791892521323,0.6219842479252162,False
8,6062,M17e_broad_sparse_peak_terrace,3.0923656225204468,6.16861145497886,3.0762458324584134,1.995291829109192,1.141823172569275,1.0908429622650146,1.046734692405592,1.113865852355957,1.4017927646636963,0.021667222395473525,44.81559789508399,0.24247745322270653,2.773212699890138,0.6885284580390589,3.092362688400633,2.9341198137800006e-06,1.34189250341376,0.006160131919071055,0.005991328670420134,0.000168803248650825,0.49492477222945075,23.62204724409449,0.75,0.33333333333333326,1.052987984083748,2.196495277356581,0.3702755862474443,0.07841163478502355,1.34189250341376,23.62204724409449,0.9783327776045265,9.706561945738494,1.044384479522705,0.03868464885134308,False,0.27579379081726074,0.44340960681438446,0.3780157520747838,0.3462804704904556,0.5821100175380707,0.40512882435010067,0.29704807698726654,0.7107692956924438,0.582075254534065,0.9634316861629486,1.0497284531593323,0.08220865761679527,0.9338586330413818,3.8158633708953857,0.7552693735933597,2.4752045254633763e-05,0.00019146782791358205,0.8707247816807874,4.204170789122582,5.005604618191719,0.1601072977590979,0.21021759903929094,-0.8555902931414361,1.2456989060353216,2.403888383606497,4.561699698973886,0.47302791892521323,0.6219842479252162,False
8,6062,M17f_broad_sparse_finetexture_terrace,3.0923656225204468,6.16861145497886,3.0762458324584134,1.995291829109192,1.141823172569275,1.0908429622650146,1.046734692405592,1.113865852355957,1.4017927646636963,0.021667222395473525,44.81559789508399,0.24247745322270653,2.773212699890138,0.6885284580390589,3.092362688400633,2.9341198137800006e-06,1.34189250341376,0.006160131919071055,0.005991328670420134,0.000168803248650825,0.49492477222945075,23.62204724409449,0.75,0.33333333333333326,1.052987984083748,2.196495277356581,0.3702755862474443,0.07841163478502355,1.34189250341376,23.62204724409449,0.9783327776045265,9.706561945738494,1.044384479522705,0.03868464885134308,False,0.27579379081726074,0.44340960681438446,0.3780157520747838,0.3462804704904556,0.5821100175380707,0.40512882435010067,0.29704807698726654,0.7107692956924438,0.582075254534065,0.9634316861629486,1.0497284531593323,0.08220865761679527,0.9338586330413818,3.8158633708953857,0.7552693735933597,2.4752045254633763e-05,0.00019146782791358205,0.8707247816807874,4.204170789122582,5.005604618191719,0.1601072977590979,0.21021759903929094,-0.8555902931414361,1.2456989060353216,2.403888383606497,4.561699698973886,0.47302791892521323,0.6219842479252162,False
8,6062,M17g_moderate_broad_topology_terrace,3.0923656225204468,6.16861145497886,3.0762458324584134,1.995291829109192,1.141823172569275,1.0908429622650146,1.046734692405592,1.113865852355957,1.4017927646636963,0.021667222395473525,44.81559789508399,0.24247745322270653,2.773212699890138,0.6885284580390589,3.092362688400633,2.9341198137800006e-06,1.34189250341376,0.006160131919071055,0.005991328670420134,0.000168803248650825,0.49492477222945075,23.62204724409449,0.75,0.33333333333333326,1.052987984083748,2.196495277356581,0.3702755862474443,0.07841163478502355,1.34189250341376,23.62204724409449,0.9783327776045265,9.706561945738494,1.044384479522705,0.03868464885134308,False,0.27579379081726074,0.44340960681438446,0.3780157520747838,0.3462804704904556,0.5821100175380707,0.40512882435010067,0.29704807698726654,0.7107692956924438,0.582075254534065,0.9634316861629486,1.0497284531593323,0.08220865761679527,0.9338586330413818,3.8158633708953857,0.7552693735933597,2.4752045254633763e-05,0.00019146782791358205,0.8707247816807874,4.204170789122582,5.005604618191719,0.1601072977590979,0.21021759903929094,-0.8555902931414361,1.2456989060353216,2.403888383606497,4.561699698973886,0.47302791892521323,0.6219842479252162,False
8,6062,M17h_hierarchical_sparse_island_terrace,3.0923656225204468,6.16861145497886,3.0762458324584134,1.995291829109192,1.141823172569275,1.0908429622650146,1.046734692405592,1.113865852355957,1.4017927646636963,0.021667222395473525,44.81559789508399,0.24247745322270653,2.773212699890138,0.6885284580390589,3.092362688400633,2.9341198137800006e-06,1.34189250341376,0.006160131919071055,0.005991328670420134,0.000168803248650825,0.49492477222945075,23.62204724409449,0.75,0.33333333333333326,1.052987984083748,2.196495277356581,0.3702755862474443,0.07841163478502355,1.34189250341376,23.62204724409449,0.9783327776045265,9.706561945738494,1.044384479522705,0.03868464885134308,False,0.27579379081726074,0.44340960681438446,0.3780157520747838,0.3462804704904556,0.5821100175380707,0.40512882435010067,0.29704807698726654,0.7107692956924438,0.582075254534065,0.9634316861629486,1.0497284531593323,0.08220865761679527,0.9338586330413818,3.8158633708953857,0.7552693735933597,2.4752045254633763e-05,0.00019146782791358205,0.8707247816807874,4.204170789122582,5.005604618191719,0.1601072977590979,0.21021759903929094,-0.8555902931414361,1.2456989060353216,2.403888383606497,4.561699698973886,0.47302791892521323,0.6219842479252162,False
8,6062,M17i_soft_hierarchical_island_terrace,3.0923656225204468,6.16861145497886,3.0762458324584134,1.995291829109192,1.141823172569275,1.0908429622650146,1.046734692405592,1.113865852355957,1.4017927646636963,0.021667222395473525,44.81559789508399,0.24247745322270653,2.773212699890138,0.6885284580390589,3.092362688400633,2.9341198137800006e-06,1.34189250341376,0.006160131919071055,0.005991328670420134,0.000168803248650825,0.49492477222945075,23.62204724409449,0.75,0.33333333333333326,1.052987984083748,2.196495277356581,0.3702755862474443,0.07841163478502355,1.34189250341376,23.62204724409449,0.9783327776045265,9.706561945738494,1.044384479522705,0.03868464885134308,False,0.27579379081726074,0.44340960681438446,0.3780157520747838,0.3462804704904556,0.5821100175380707,0.40512882435010067,0.29704807698726654,0.7107692956924438,0.582075254534065,0.9634316861629486,1.0497284531593323,0.08220865761679527,0.9338586330413818,3.8158633708953857,0.7552693735933597,2.4752045254633763e-05,0.00019146782791358205,0.8707247816807874,4.204170789122582,5.005604618191719,0.1601072977590979,0.21021759903929094,-0.8555902931414361,1.2456989060353216,2.403888383606497,4.561699698973886,0.47302791892521323,0.6219842479252162,False
9,6063,M10_dense_island_spectral_pareto,5.24570107460022,4.675286143644223,0.5704149309559972,1.2175744771957397,1.1070227026939392,1.102271318435669,1.0043105396818393,1.1260384321212769,1.4427893161773682,0.003672817347304854,41.20665796129157,0.13132358746234374,0.004974908828735636,0.6027923068463714,5.245695709560362,5.365039857707643e-06,0.8535874455699082,0.0016339958204618643,0.0016366164252200857,2.620604758227761e-06,0.4547338248040864,23.62204724409449,0.75,0.25,0.6704935247159465,0.5557087588250638,0.2240390676472868,0.025034517142149326,0.8535874455699082,23.62204724409449,0.9963271826526952,8.818146404341649,1.0061006546020508,0.03164717078077344,False,0.3166971802711487,0.3559027910232544,0.11015819976962207,0.374578058719635,0.47225117683410645,0.20682450972225377,0.46173110604286194,0.5347833037376404,0.1366014929490341,1.025313377380371,0.9905499517917633,0.03509507574628187,1.0547910332679749,4.908540487289429,0.7851110659065895,0.00012554517053760231,0.000111453803071162,0.1264323610154706,4.660558922290802,4.903071243166924,0.04946130881008401,-0.10424296247658899,-0.7420097623205706,0.8595126806006187,3.013368065838848,3.8636501873545983,0.22007223228920986,0.889841800230378,True
9,6063,M16b_baseline_dense_microisland_terrace,5.24570107460022,4.675286143644223,0.5704149309559972,1.2982804775238037,1.1189959645271301,1.102271318435669,1.0151728941974074,1.1245241165161133,1.4194360971450806,0.00261854310493556,39.684361953739966,0.3057922820949539,2.4189979648590096,0.9994194902516078,5.245695659822567,5.414777652923419e-06,0.9416319727570647,0.0022892791533338785,0.0022057380808430324,8.354107249083769e-05,0.1008782075948007,23.62204724409449,0.75,0.25,0.8342745375171465,1.2552392606254625,0.3039753789028951,0.058293885367324605,0.9416319727570647,23.62204724409449,0.9973814568950644,8.552196435100054,1.0331859588623047,0.03827234189178908,False,0.28305478394031525,0.3559027910232544,0.20468512447877746,0.3514922857284546,0.47225117683410645,0.2557090316115238,0.3253227770328522,0.5347833037376404,0.39167364657956405,1.0173609852790833,0.9905499517917633,0.027066816205303545,1.1027225255966187,4.908540487289429,0.7753461485237623,2.9383236337887686e-05,0.000111453803071162,0.7363639864390557,4.2386575204133985,4.903071243166924,0.1355097019402835,0.06172419789030239,-0.7420097623205706,1.0831851560783585,2.4181444429077272,3.8636501873545983,0.37412955996324143,0.7953148755212225,True
9,6063,M17a_fixed_sparse_peak_terrace,5.24570107460022,4.675286143644223,0.5704149309559972,1.2982804775238037,1.1189959645271301,1.102271318435669,1.0151728941974074,1.1245241165161133,1.4194360971450806,0.00261854310493556,39.684361953739966,0.3057922820949539,2.4189979648590096,0.9994194902516078,5.245695659822567,5.414777652923419e-06,0.9416319727570647,0.0022892791533338785,0.0022057380808430324,8.354107249083769e-05,0.1008782075948007,23.62204724409449,0.75,0.25,0.8342745375171465,1.2552392606254625,0.3039753789028951,0.058293885367324605,0.9416319727570647,23.62204724409449,0.9973814568950644,8.552196435100054,1.0331859588623047,0.03827234189178908,False,0.28305478394031525,0.3559027910232544,0.20468512447877746,0.3514922857284546,0.47225117683410645,0.2557090316115238,0.3253227770328522,0.5347833037376404,0.39167364657956405,1.0173609852790833,0.9905499517917633,0.027066816205303545,1.1027225255966187,4.908540487289429,0.7753461485237623,2.9383236337887686e-05,0.000111453803071162,0.7363639864390557,4.2386575204133985,4.903071243166924,0.1355097019402835,0.06172419789030239,-0.7420097623205706,1.0831851560783585,2.4181444429077272,3.8636501873545983,0.37412955996324143,0.7953148755212225,True
9,6063,M17b_topology_sparse_peak_terrace,5.24570107460022,4.675286143644223,0.5704149309559972,1.2982804775238037,1.1189959645271301,1.102271318435669,1.0151728941974074,1.1245241165161133,1.4194360971450806,0.00261854310493556,39.684361953739966,0.3057922820949539,2.4189979648590096,0.9994194902516078,5.245695659822567,5.414777652923419e-06,0.9416319727570647,0.0022892791533338785,0.0022057380808430324,8.354107249083769e-05,0.1008782075948007,23.62204724409449,0.75,0.25,0.8342745375171465,1.2552392606254625,0.3039753789028951,0.058293885367324605,0.9416319727570647,23.62204724409449,0.9973814568950644,8.552196435100054,1.0331859588623047,0.03827234189178908,False,0.28305478394031525,0.3559027910232544,0.20468512447877746,0.3514922857284546,0.47225117683410645,0.2557090316115238,0.3253227770328522,0.5347833037376404,0.39167364657956405,1.0173609852790833,0.9905499517917633,0.027066816205303545,1.1027225255966187,4.908540487289429,0.7753461485237623,2.9383236337887686e-05,0.000111453803071162,0.7363639864390557,4.2386575204133985,4.903071243166924,0.1355097019402835,0.06172419789030239,-0.7420097623205706,1.0831851560783585,2.4181444429077272,3.8636501873545983,0.37412955996324143,0.7953148755212225,True
9,6063,M17c_topology_sparse_finetexture_terrace,5.24570107460022,4.675286143644223,0.5704149309559972,1.2982804775238037,1.1189959645271301,1.102271318435669,1.0151728941974074,1.1245241165161133,1.4194360971450806,0.00261854310493556,39.684361953739966,0.3057922820949539,2.4189979648590096,0.9994194902516078,5.245695659822567,5.414777652923419e-06,0.9416319727570647,0.0022892791533338785,0.0022057380808430324,8.354107249083769e-05,0.1008782075948007,23.62204724409449,0.75,0.25,0.8342745375171465,1.2552392606254625,0.3039753789028951,0.058293885367324605,0.9416319727570647,23.62204724409449,0.9973814568950644,8.552196435100054,1.0331859588623047,0.03827234189178908,False,0.28305478394031525,0.3559027910232544,0.20468512447877746,0.3514922857284546,0.47225117683410645,0.2557090316115238,0.3253227770328522,0.5347833037376404,0.39167364657956405,1.0173609852790833,0.9905499517917633,0.027066816205303545,1.1027225255966187,4.908540487289429,0.7753461485237623,2.9383236337887686e-05,0.000111453803071162,0.7363639864390557,4.2386575204133985,4.903071243166924,0.1355097019402835,0.06172419789030239,-0.7420097623205706,1.0831851560783585,2.4181444429077272,3.8636501873545983,0.37412955996324143,0.7953148755212225,True
9,6063,M17d_multiscale_texture_no_peak_terrace,5.24570107460022,4.675286143644223,0.5704149309559972,1.2982804775238037,1.1189959645271301,1.102271318435669,1.0151728941974074,1.1245241165161133,1.4194360971450806,0.00261854310493556,39.684361953739966,0.3057922820949539,2.4189979648590096,0.9994194902516078,5.245695659822567,5.414777652923419e-06,0.9416319727570647,0.0022892791533338785,0.0022057380808430324,8.354107249083769e-05,0.1008782075948007,23.62204724409449,0.75,0.25,0.8342745375171465,1.2552392606254625,0.3039753789028951,0.058293885367324605,0.9416319727570647,23.62204724409449,0.9973814568950644,8.552196435100054,1.0331859588623047,0.03827234189178908,False,0.28305478394031525,0.3559027910232544,0.20468512447877746,0.3514922857284546,0.47225117683410645,0.2557090316115238,0.3253227770328522,0.5347833037376404,0.39167364657956405,1.0173609852790833,0.9905499517917633,0.027066816205303545,1.1027225255966187,4.908540487289429,0.7753461485237623,2.9383236337887686e-05,0.000111453803071162,0.7363639864390557,4.2386575204133985,4.903071243166924,0.1355097019402835,0.06172419789030239,-0.7420097623205706,1.0831851560783585,2.4181444429077272,3.8636501873545983,0.37412955996324143,0.7953148755212225,True
9,6063,M17e_broad_sparse_peak_terrace,5.24570107460022,4.675286143644223,0.5704149309559972,1.2982804775238037,1.1189959645271301,1.102271318435669,1.0151728941974074,1.1245241165161133,1.4194360971450806,0.00261854310493556,39.684361953739966,0.3057922820949539,2.4189979648590096,0.9994194902516078,5.245695659822567,5.414777652923419e-06,0.9416319727570647,0.0022892791533338785,0.0022057380808430324,8.354107249083769e-05,0.1008782075948007,23.62204724409449,0.75,0.25,0.8342745375171465,1.2552392606254625,0.3039753789028951,0.058293885367324605,0.9416319727570647,23.62204724409449,0.9973814568950644,8.552196435100054,1.0331859588623047,0.03827234189178908,False,0.28305478394031525,0.3559027910232544,0.20468512447877746,0.3514922857284546,0.47225117683410645,0.2557090316115238,0.3253227770328522,0.5347833037376404,0.39167364657956405,1.0173609852790833,0.9905499517917633,0.027066816205303545,1.1027225255966187,4.908540487289429,0.7753461485237623,2.9383236337887686e-05,0.000111453803071162,0.7363639864390557,4.2386575204133985,4.903071243166924,0.1355097019402835,0.06172419789030239,-0.7420097623205706,1.0831851560783585,2.4181444429077272,3.8636501873545983,0.37412955996324143,0.7953148755212225,True
9,6063,M17f_broad_sparse_finetexture_terrace,5.24570107460022,4.675286143644223,0.5704149309559972,1.2982804775238037,1.1189959645271301,1.102271318435669,1.0151728941974074,1.1245241165161133,1.4194360971450806,0.00261854310493556,39.684361953739966,0.3057922820949539,2.4189979648590096,0.9994194902516078,5.245695659822567,5.414777652923419e-06,0.9416319727570647,0.0022892791533338785,0.0022057380808430324,8.354107249083769e-05,0.1008782075948007,23.62204724409449,0.75,0.25,0.8342745375171465,1.2552392606254625,0.3039753789028951,0.058293885367324605,0.9416319727570647,23.62204724409449,0.9973814568950644,8.552196435100054,1.0331859588623047,0.03827234189178908,False,0.28305478394031525,0.3559027910232544,0.20468512447877746,0.3514922857284546,0.47225117683410645,0.2557090316115238,0.3253227770328522,0.5347833037376404,0.39167364657956405,1.0173609852790833,0.9905499517917633,0.027066816205303545,1.1027225255966187,4.908540487289429,0.7753461485237623,2.9383236337887686e-05,0.000111453803071162,0.7363639864390557,4.2386575204133985,4.903071243166924,0.1355097019402835,0.06172419789030239,-0.7420097623205706,1.0831851560783585,2.4181444429077272,3.8636501873545983,0.37412955996324143,0.7953148755212225,True
9,6063,M17g_moderate_broad_topology_terrace,5.24570107460022,4.675286143644223,0.5704149309559972,1.2982804775238037,1.1189959645271301,1.102271318435669,1.0151728941974074,1.1245241165161133,1.4194360971450806,0.00261854310493556,39.684361953739966,0.3057922820949539,2.4189979648590096,0.9994194902516078,5.245695659822567,5.414777652923419e-06,0.9416319727570647,0.0022892791533338785,0.0022057380808430324,8.354107249083769e-05,0.1008782075948007,23.62204724409449,0.75,0.25,0.8342745375171465,1.2552392606254625,0.3039753789028951,0.058293885367324605,0.9416319727570647,23.62204724409449,0.9973814568950644,8.552196435100054,1.0331859588623047,0.03827234189178908,False,0.28305478394031525,0.3559027910232544,0.20468512447877746,0.3514922857284546,0.47225117683410645,0.2557090316115238,0.3253227770328522,0.5347833037376404,0.39167364657956405,1.0173609852790833,0.9905499517917633,0.027066816205303545,1.1027225255966187,4.908540487289429,0.7753461485237623,2.9383236337887686e-05,0.000111453803071162,0.7363639864390557,4.2386575204133985,4.903071243166924,0.1355097019402835,0.06172419789030239,-0.7420097623205706,1.0831851560783585,2.4181444429077272,3.8636501873545983,0.37412955996324143,0.7953148755212225,True
9,6063,M17h_hierarchical_sparse_island_terrace,5.24570107460022,4.675286143644223,0.5704149309559972,1.2982804775238037,1.1189959645271301,1.102271318435669,1.0151728941974074,1.1245241165161133,1.4194360971450806,0.00261854310493556,39.684361953739966,0.3057922820949539,2.4189979648590096,0.9994194902516078,5.245695659822567,5.414777652923419e-06,0.9416319727570647,0.0022892791533338785,0.0022057380808430324,8.354107249083769e-05,0.1008782075948007,23.62204724409449,0.75,0.25,0.8342745375171465,1.2552392606254625,0.3039753789028951,0.058293885367324605,0.9416319727570647,23.62204724409449,0.9973814568950644,8.552196435100054,1.0331859588623047,0.03827234189178908,False,0.28305478394031525,0.3559027910232544,0.20468512447877746,0.3514922857284546,0.47225117683410645,0.2557090316115238,0.3253227770328522,0.5347833037376404,0.39167364657956405,1.0173609852790833,0.9905499517917633,0.027066816205303545,1.1027225255966187,4.908540487289429,0.7753461485237623,2.9383236337887686e-05,0.000111453803071162,0.7363639864390557,4.2386575204133985,4.903071243166924,0.1355097019402835,0.06172419789030239,-0.7420097623205706,1.0831851560783585,2.4181444429077272,3.8636501873545983,0.37412955996324143,0.7953148755212225,True
9,6063,M17i_soft_hierarchical_island_terrace,5.24570107460022,4.675286143644223,0.5704149309559972,1.2982804775238037,1.1189959645271301,1.102271318435669,1.0151728941974074,1.1245241165161133,1.4194360971450806,0.00261854310493556,39.684361953739966,0.3057922820949539,2.4189979648590096,0.9994194902516078,5.245695659822567,5.414777652923419e-06,0.9416319727570647,0.0022892791533338785,0.0022057380808430324,8.354107249083769e-05,0.1008782075948007,23.62204724409449,0.75,0.25,0.8342745375171465,1.2552392606254625,0.3039753789028951,0.058293885367324605,0.9416319727570647,23.62204724409449,0.9973814568950644,8.552196435100054,1.0331859588623047,0.03827234189178908,False,0.28305478394031525,0.3559027910232544,0.20468512447877746,0.3514922857284546,0.47225117683410645,0.2557090316115238,0.3253227770328522,0.5347833037376404,0.39167364657956405,1.0173609852790833,0.9905499517917633,0.027066816205303545,1.1027225255966187,4.908540487289429,0.7753461485237623,2.9383236337887686e-05,0.000111453803071162,0.7363639864390557,4.2386575204133985,4.903071243166924,0.1355097019402835,0.06172419789030239,-0.7420097623205706,1.0831851560783585,2.4181444429077272,3.8636501873545983,0.37412955996324143,0.7953148755212225,True
10,6070,M10_dense_island_spectral_pareto,2.544952154159546,1.8311266539120452,0.7138255002475007,1.6957811117172241,1.1302419304847717,1.1300172805786133,1.000198802186497,1.1445903778076172,1.4324527978897095,0.005819477172610552,47.121287084396066,0.06624090453867004,0.9190004968643208,0.3251900288254812,2.5449497123596863,2.441799859642657e-06,1.4268326479806845,0.012617894145918962,0.011959679476946782,0.0006582146689719485,0.5757312786146342,31.496062992125985,1.0,0.1428571428571428,0.780167677721272,0.8562758975299656,0.24631382985306627,0.026028349977516463,1.4268326479806845,31.496062992125985,0.9941805228273894,10.238672338034117,1.0495021343231201,0.041722588838031274,False,0.3103654235601425,0.4594186246395111,0.32443874297940173,0.36654385924339294,0.5873908400535583,0.375979613148255,0.41977982223033905,0.9833309054374695,0.5731042115028561,1.0010441541671753,1.015524983406067,0.014259451491112464,0.9591303765773773,3.473712205886841,0.7238889350269273,8.815853115617001e-05,0.000701837283379306,0.8743889313892078,4.677775138616562,4.869853022098541,0.039442234213304325,0.13917019488162174,-0.5383748299063081,1.2585005597416974,3.006605851625861,3.7590010009510317,0.20015827320471954,0.6755612570205982,True
10,6070,M16b_baseline_dense_microisland_terrace,2.544952154159546,1.8311266539120452,0.7138255002475007,2.2311127185821533,1.136617660522461,1.1300172805786133,1.0058409548750158,1.1251194477081299,1.4182687997817993,0.010273393276452457,46.72822598651722,0.12622278694971345,1.3831856536865246,0.4510742409641697,2.544949578063265,2.5760962807375165e-06,2.0112965038893718,0.013018056326280059,0.012303150038546635,0.0007149062877333692,1.0438837137176522,23.62204724409449,0.75,0.1428571428571428,0.8259205732391048,1.3053721736942436,0.28414474985429217,0.04959731267325096,2.0112965038893718,23.62204724409449,0.9897266067235475,10.278128521620754,1.0422840118408203,0.0428930273915037,False,0.27538706362247467,0.4594186246395111,0.4005748812674698,0.34528951346874237,0.5873908400535583,0.4121639461772015,0.31007568538188934,0.9833309054374695,0.6846680159575161,1.0101785063743591,1.015524983406067,0.00526474199952787,0.9333983659744263,3.473712205886841,0.7312965753488121,2.6998076023880826e-05,0.000701837283379306,0.9615322858114823,4.29147786796093,4.869853022098541,0.11876644972919004,0.27043098160011425,-0.5383748299063081,1.502309852871793,2.4847457290881767,3.7590010009510317,0.3389877447599687,0.5994251187325302,False
10,6070,M17a_fixed_sparse_peak_terrace,2.544952154159546,1.8311266539120452,0.7138255002475007,2.2311127185821533,1.136617660522461,1.1300172805786133,1.0058409548750158,1.1251194477081299,1.4182687997817993,0.010273393276452457,46.72822598651722,0.12622278694971345,1.3831856536865246,0.4510742409641697,2.544949578063265,2.5760962807375165e-06,2.0112965038893718,0.013018056326280059,0.012303150038546635,0.0007149062877333692,1.0438837137176522,23.62204724409449,0.75,0.1428571428571428,0.8259205732391048,1.3053721736942436,0.28414474985429217,0.04959731267325096,2.0112965038893718,23.62204724409449,0.9897266067235475,10.278128521620754,1.0422840118408203,0.0428930273915037,False,0.27538706362247467,0.4594186246395111,0.4005748812674698,0.34528951346874237,0.5873908400535583,0.4121639461772015,0.31007568538188934,0.9833309054374695,0.6846680159575161,1.0101785063743591,1.015524983406067,0.00526474199952787,0.9333983659744263,3.473712205886841,0.7312965753488121,2.6998076023880826e-05,0.000701837283379306,0.9615322858114823,4.29147786796093,4.869853022098541,0.11876644972919004,0.27043098160011425,-0.5383748299063081,1.502309852871793,2.4847457290881767,3.7590010009510317,0.3389877447599687,0.5994251187325302,False
10,6070,M17b_topology_sparse_peak_terrace,2.544952154159546,1.8311266539120452,0.7138255002475007,2.2311127185821533,1.136617660522461,1.1300172805786133,1.0058409548750158,1.1251194477081299,1.4182687997817993,0.010273393276452457,46.72822598651722,0.12622278694971345,1.3831856536865246,0.4510742409641697,2.544949578063265,2.5760962807375165e-06,2.0112965038893718,0.013018056326280059,0.012303150038546635,0.0007149062877333692,1.0438837137176522,23.62204724409449,0.75,0.1428571428571428,0.8259205732391048,1.3053721736942436,0.28414474985429217,0.04959731267325096,2.0112965038893718,23.62204724409449,0.9897266067235475,10.278128521620754,1.0422840118408203,0.0428930273915037,False,0.27538706362247467,0.4594186246395111,0.4005748812674698,0.34528951346874237,0.5873908400535583,0.4121639461772015,0.31007568538188934,0.9833309054374695,0.6846680159575161,1.0101785063743591,1.015524983406067,0.00526474199952787,0.9333983659744263,3.473712205886841,0.7312965753488121,2.6998076023880826e-05,0.000701837283379306,0.9615322858114823,4.29147786796093,4.869853022098541,0.11876644972919004,0.27043098160011425,-0.5383748299063081,1.502309852871793,2.4847457290881767,3.7590010009510317,0.3389877447599687,0.5994251187325302,False
10,6070,M17c_topology_sparse_finetexture_terrace,2.544952154159546,1.8311266539120452,0.7138255002475007,2.2311127185821533,1.136617660522461,1.1300172805786133,1.0058409548750158,1.1251194477081299,1.4182687997817993,0.010273393276452457,46.72822598651722,0.12622278694971345,1.3831856536865246,0.4510742409641697,2.544949578063265,2.5760962807375165e-06,2.0112965038893718,0.013018056326280059,0.012303150038546635,0.0007149062877333692,1.0438837137176522,23.62204724409449,0.75,0.1428571428571428,0.8259205732391048,1.3053721736942436,0.28414474985429217,0.04959731267325096,2.0112965038893718,23.62204724409449,0.9897266067235475,10.278128521620754,1.0422840118408203,0.0428930273915037,False,0.27538706362247467,0.4594186246395111,0.4005748812674698,0.34528951346874237,0.5873908400535583,0.4121639461772015,0.31007568538188934,0.9833309054374695,0.6846680159575161,1.0101785063743591,1.015524983406067,0.00526474199952787,0.9333983659744263,3.473712205886841,0.7312965753488121,2.6998076023880826e-05,0.000701837283379306,0.9615322858114823,4.29147786796093,4.869853022098541,0.11876644972919004,0.27043098160011425,-0.5383748299063081,1.502309852871793,2.4847457290881767,3.7590010009510317,0.3389877447599687,0.5994251187325302,False
10,6070,M17d_multiscale_texture_no_peak_terrace,2.544952154159546,1.8311266539120452,0.7138255002475007,2.2311127185821533,1.136617660522461,1.1300172805786133,1.0058409548750158,1.1251194477081299,1.4182687997817993,0.010273393276452457,46.72822598651722,0.12622278694971345,1.3831856536865246,0.4510742409641697,2.544949578063265,2.5760962807375165e-06,2.0112965038893718,0.013018056326280059,0.012303150038546635,0.0007149062877333692,1.0438837137176522,23.62204724409449,0.75,0.1428571428571428,0.8259205732391048,1.3053721736942436,0.28414474985429217,0.04959731267325096,2.0112965038893718,23.62204724409449,0.9897266067235475,10.278128521620754,1.0422840118408203,0.0428930273915037,False,0.27538706362247467,0.4594186246395111,0.4005748812674698,0.34528951346874237,0.5873908400535583,0.4121639461772015,0.31007568538188934,0.9833309054374695,0.6846680159575161,1.0101785063743591,1.015524983406067,0.00526474199952787,0.9333983659744263,3.473712205886841,0.7312965753488121,2.6998076023880826e-05,0.000701837283379306,0.9615322858114823,4.29147786796093,4.869853022098541,0.11876644972919004,0.27043098160011425,-0.5383748299063081,1.502309852871793,2.4847457290881767,3.7590010009510317,0.3389877447599687,0.5994251187325302,False
10,6070,M17e_broad_sparse_peak_terrace,2.544952154159546,1.8311266539120452,0.7138255002475007,2.2311127185821533,1.136617660522461,1.1300172805786133,1.0058409548750158,1.1251194477081299,1.4182687997817993,0.010273393276452457,46.72822598651722,0.12622278694971345,1.3831856536865246,0.4510742409641697,2.544949578063265,2.5760962807375165e-06,2.0112965038893718,0.013018056326280059,0.012303150038546635,0.0007149062877333692,1.0438837137176522,23.62204724409449,0.75,0.1428571428571428,0.8259205732391048,1.3053721736942436,0.28414474985429217,0.04959731267325096,2.0112965038893718,23.62204724409449,0.9897266067235475,10.278128521620754,1.0422840118408203,0.0428930273915037,False,0.27538706362247467,0.4594186246395111,0.4005748812674698,0.34528951346874237,0.5873908400535583,0.4121639461772015,0.31007568538188934,0.9833309054374695,0.6846680159575161,1.0101785063743591,1.015524983406067,0.00526474199952787,0.9333983659744263,3.473712205886841,0.7312965753488121,2.6998076023880826e-05,0.000701837283379306,0.9615322858114823,4.29147786796093,4.869853022098541,0.11876644972919004,0.27043098160011425,-0.5383748299063081,1.502309852871793,2.4847457290881767,3.7590010009510317,0.3389877447599687,0.5994251187325302,False
10,6070,M17f_broad_sparse_finetexture_terrace,2.544952154159546,1.8311266539120452,0.7138255002475007,2.2311127185821533,1.136617660522461,1.1300172805786133,1.0058409548750158,1.1251194477081299,1.4182687997817993,0.010273393276452457,46.72822598651722,0.12622278694971345,1.3831856536865246,0.4510742409641697,2.544949578063265,2.5760962807375165e-06,2.0112965038893718,0.013018056326280059,0.012303150038546635,0.0007149062877333692,1.0438837137176522,23.62204724409449,0.75,0.1428571428571428,0.8259205732391048,1.3053721736942436,0.28414474985429217,0.04959731267325096,2.0112965038893718,23.62204724409449,0.9897266067235475,10.278128521620754,1.0422840118408203,0.0428930273915037,False,0.27538706362247467,0.4594186246395111,0.4005748812674698,0.34528951346874237,0.5873908400535583,0.4121639461772015,0.31007568538188934,0.9833309054374695,0.6846680159575161,1.0101785063743591,1.015524983406067,0.00526474199952787,0.9333983659744263,3.473712205886841,0.7312965753488121,2.6998076023880826e-05,0.000701837283379306,0.9615322858114823,4.29147786796093,4.869853022098541,0.11876644972919004,0.27043098160011425,-0.5383748299063081,1.502309852871793,2.4847457290881767,3.7590010009510317,0.3389877447599687,0.5994251187325302,False
10,6070,M17g_moderate_broad_topology_terrace,2.544952154159546,1.8311266539120452,0.7138255002475007,2.2311127185821533,1.136617660522461,1.1300172805786133,1.0058409548750158,1.1251194477081299,1.4182687997817993,0.010273393276452457,46.72822598651722,0.12622278694971345,1.3831856536865246,0.4510742409641697,2.544949578063265,2.5760962807375165e-06,2.0112965038893718,0.013018056326280059,0.012303150038546635,0.0007149062877333692,1.0438837137176522,23.62204724409449,0.75,0.1428571428571428,0.8259205732391048,1.3053721736942436,0.28414474985429217,0.04959731267325096,2.0112965038893718,23.62204724409449,0.9897266067235475,10.278128521620754,1.0422840118408203,0.0428930273915037,False,0.27538706362247467,0.4594186246395111,0.4005748812674698,0.34528951346874237,0.5873908400535583,0.4121639461772015,0.31007568538188934,0.9833309054374695,0.6846680159575161,1.0101785063743591,1.015524983406067,0.00526474199952787,0.9333983659744263,3.473712205886841,0.7312965753488121,2.6998076023880826e-05,0.000701837283379306,0.9615322858114823,4.29147786796093,4.869853022098541,0.11876644972919004,0.27043098160011425,-0.5383748299063081,1.502309852871793,2.4847457290881767,3.7590010009510317,0.3389877447599687,0.5994251187325302,False
10,6070,M17h_hierarchical_sparse_island_terrace,2.544952154159546,1.8311266539120452,0.7138255002475007,2.2311127185821533,1.136617660522461,1.1300172805786133,1.0058409548750158,1.1251194477081299,1.4182687997817993,0.010273393276452457,46.72822598651722,0.12622278694971345,1.3831856536865246,0.4510742409641697,2.544949578063265,2.5760962807375165e-06,2.0112965038893718,0.013018056326280059,0.012303150038546635,0.0007149062877333692,1.0438837137176522,23.62204724409449,0.75,0.1428571428571428,0.8259205732391048,1.3053721736942436,0.28414474985429217,0.04959731267325096,2.0112965038893718,23.62204724409449,0.9897266067235475,10.278128521620754,1.0422840118408203,0.0428930273915037,False,0.27538706362247467,0.4594186246395111,0.4005748812674698,0.34528951346874237,0.5873908400535583,0.4121639461772015,0.31007568538188934,0.9833309054374695,0.6846680159575161,1.0101785063743591,1.015524983406067,0.00526474199952787,0.9333983659744263,3.473712205886841,0.7312965753488121,2.6998076023880826e-05,0.000701837283379306,0.9615322858114823,4.29147786796093,4.869853022098541,0.11876644972919004,0.27043098160011425,-0.5383748299063081,1.502309852871793,2.4847457290881767,3.7590010009510317,0.3389877447599687,0.5994251187325302,False
10,6070,M17i_soft_hierarchical_island_terrace,2.544952154159546,1.8311266539120452,0.7138255002475007,2.2311127185821533,1.136617660522461,1.1300172805786133,1.0058409548750158,1.1251194477081299,1.4182687997817993,0.010273393276452457,46.72822598651722,0.12622278694971345,1.3831856536865246,0.4510742409641697,2.544949578063265,2.5760962807375165e-06,2.0112965038893718,0.013018056326280059,0.012303150038546635,0.0007149062877333692,1.0438837137176522,23.62204724409449,0.75,0.1428571428571428,0.8259205732391048,1.3053721736942436,0.28414474985429217,0.04959731267325096,2.0112965038893718,23.62204724409449,0.9897266067235475,10.278128521620754,1.0422840118408203,0.0428930273915037,False,0.27538706362247467,0.4594186246395111,0.4005748812674698,0.34528951346874237,0.5873908400535583,0.4121639461772015,0.31007568538188934,0.9833309054374695,0.6846680159575161,1.0101785063743591,1.015524983406067,0.00526474199952787,0.9333983659744263,3.473712205886841,0.7312965753488121,2.6998076023880826e-05,0.000701837283379306,0.9615322858114823,4.29147786796093,4.869853022098541,0.11876644972919004,0.27043098160011425,-0.5383748299063081,1.502309852871793,2.4847457290881767,3.7590010009510317,0.3389877447599687,0.5994251187325302,False
11,6072,M10_dense_island_spectral_pareto,1.470114827156067,0.7607716381015716,0.7093431890544953,1.247219443321228,1.1227139830589294,1.1034674644470215,1.0174418541842127,1.1139106750488281,1.406792402267456,0.008487001155287738,48.02324071290586,0.03963060613387204,0.4071948122978206,0.14752492842905512,1.4701134056163836,1.4215396832994998e-06,0.8627001372880181,0.009757724832844539,0.00937304352613371,0.0003846813067109124,0.30788465178705904,23.62204724409449,0.75,0.16666666666666652,0.6642634450981696,1.317308561033458,0.1985554982362582,0.026957489908163712,0.8627001372880181,23.62204724409449,0.9915129988447122,10.179892808387487,1.019297480583191,0.04984897045878623,False,0.34127745032310486,0.4558400511741638,0.2513219287247047,0.40002956986427307,0.6107859015464783,0.34505762354465136,0.5367220044136047,0.8812835216522217,0.3909769203361892,0.987545371055603,1.014154314994812,0.026237569121169795,0.9564619958400726,3.6183576583862305,0.7356640536561414,0.00023500432198071984,0.0005922430812142614,0.6031961715806012,4.79110542178154,4.948627998828888,0.03183156565509191,-0.0068248859433716275,-0.6698958879723843,0.9898120199483103,3.1526861537013007,4.44027032963709,0.28997878064802995,0.7486780712752953,True
11,6072,M16b_baseline_dense_microisland_terrace,1.470114827156067,0.7607716381015716,0.7093431890544953,2.589339256286621,1.1257213950157166,1.1034674644470215,1.0201672738759426,1.1632959842681885,1.45925772190094,0.006693477689211613,49.41530027670878,0.07003221358103251,0.7199069476127624,0.210796570020732,1.4701133463861524,1.4807699144636643e-06,3.3601015119780584,0.011244282383791493,0.010652104507033747,0.0005921778767579542,4.1324848102113485,15.748031496062993,0.5,0.33333333333333326,0.8880704538630849,1.7761914991794834,0.2866642622011048,0.047637240564568084,3.3601015119780584,15.748031496062993,0.9933065223107884,11.158420800496419,1.0381873846054077,0.04021798089724699,False,0.34697797894477844,0.4558400511741638,0.23881638295927665,0.39699359238147736,0.6107859015464783,0.35002823186273596,0.2993243485689163,0.8812835216522217,0.6603540844520206,1.0306682586669922,1.014154314994812,0.016283462415938796,1.0565292835235596,3.6183576583862305,0.7080086096312639,5.490600086480472e-08,0.0005922430812142614,0.9999072914439925,4.403638820648194,4.948627998828888,0.11012934864161707,0.22039609807252078,-0.6698958879723843,1.3290005238569347,2.6368281377706997,4.44027032963709,0.40615594501738106,0.7611836170407233,True
11,6072,M17a_fixed_sparse_peak_terrace,1.470114827156067,0.7607716381015716,0.7093431890544953,1.399385690689087,1.1105037927627563,1.1034674644470215,1.0063765616499267,1.1506760120391846,1.4609622955322266,0.005765600969516487,51.60917031907796,0.0360520913611273,0.048030140399932364,0.1184917740571699,1.4701133444872097,1.4826688572444624e-06,0.72517673030045,0.008872556602484538,0.008662154299061012,0.00021040230342368656,0.11096357076399022,15.748031496062993,0.5,0.33333333333333326,0.7084553030725412,1.126082826707921,0.19838434431435817,0.02452331672293584,0.72517673030045,15.748031496062993,0.9942343990304835,10.793568174455931,1.0355327129364014,0.04005565723933828,False,0.38237322866916656,0.4558400511741638,0.1611679849450693,0.4384608417749405,0.6107859015464783,0.2821366035712672,0.6081936657428741,0.8812835216522217,0.3098774108443119,1.0125959515571594,1.014154314994812,0.001536613722992008,1.0273039937019348,3.6183576583862305,0.7160855585071966,0.000350198229525684,0.0005922430812142614,0.40869173379335866,4.942900663614274,4.948627998828888,0.001157358204328542,0.049017008338440714,-0.6698958879723843,1.0731710840721884,3.407635751635277,4.44027032963709,0.2325611959049826,0.8388320150549307,True
11,6072,M17b_topology_sparse_peak_terrace,1.470114827156067,0.7607716381015716,0.7093431890544953,1.402048110961914,1.1112133860588074,1.1034674644470215,1.0070196193919208,1.1506773233413696,1.4614334106445312,0.005796266112961159,51.59110315827364,0.03642504812229119,0.07494732141494787,0.11783291599745369,1.4701134148534822,1.412302584657965e-06,0.7273552728619546,0.008872863936425612,0.008664636896256678,0.00020822704016869032,0.10778118639792567,15.748031496062993,0.5,0.33333333333333326,0.7043589847064832,1.1211378780602006,0.1946201981524272,0.024777008570366132,0.7273552728619546,15.748031496062993,0.9942037338870389,10.790040616624884,1.0352938175201416,0.04021904146201391,False,0.382288858294487,0.4558400511741638,0.16135307261883172,0.4382871836423874,0.6107859015464783,0.2824209227281328,0.6085485219955444,0.8812835216522217,0.3094747523990422,1.0109551548957825,1.014154314994812,0.0031545101684509486,1.029977560043335,3.6183576583862305,0.7153466690457848,0.0003526972843143834,0.0005922430812142614,0.4044720900896692,4.881332572698593,4.948627998828888,0.013598804789170024,0.0421985419409177,-0.6698958879723843,1.0629926869213104,3.3932735817212536,4.44027032963709,0.2357957219243021,0.8386469273811683,True
11,6072,M17c_topology_sparse_finetexture_terrace,1.470114827156067,0.7607716381015716,0.7093431890544953,1.7747350931167603,1.112865924835205,1.1034674644470215,1.0085172066155057,1.0837231874465942,1.3850125074386597,0.005666792506976723,53.59429528832699,0.028486967248802397,0.05986276149749781,0.10584808369777207,1.4701133130149449,1.5141411220387369e-06,0.7180020886258438,0.005027364945964563,0.005443391394846729,0.0004160264488822042,0.2840457794562239,7.874015748031496,0.25,0.1333333333333333,0.6504773501547116,1.0492162472379332,0.1560128655550735,0.01937737537038975,0.7180020886258438,7.874015748031496,0.9943332074930232,11.119594934835714,1.0334694385528564,0.03345647948566678,False,0.4307968467473984,0.4558400511741638,0.05493857848220785,0.49196769297122955,0.6107859015464783,0.19453331891650932,0.8888027966022491,0.8812835216522217,0.008532186027863545,1.0143083930015564,1.014154314994812,0.0001519275759775996,1.0256062150001526,3.6183576583862305,0.7165547710235013,0.0010051541352271735,0.0005922430812142614,0.6971986117023615,4.795328962802888,4.948627998828888,0.030978088484783922,-0.012162032477459235,-0.6698958879723843,0.981844891578196,3.379968172758839,4.44027032963709,0.23879225321060824,0.9450614215177922,True
11,6072,M17d_multiscale_texture_no_peak_terrace,1.470114827156067,0.7607716381015716,0.7093431890544953,1.9182363748550415,1.117232084274292,1.1034674644470215,1.0124739698004313,1.0861716270446777,1.3836848735809326,0.005973788915164439,54.88352205869218,0.03457460543833335,0.06403758525848424,0.10398927714365344,1.4701133914065663,1.4357495006223076e-06,0.7972878119823045,0.003064360958788259,0.003747813498708761,0.000683452539920591,0.3784818123614455,7.874015748031496,0.25,0.33333333333333326,0.5838942387456643,1.2414723958327456,0.14782865501940257,0.023518302700768712,0.7972878119823045,7.874015748031496,0.9940262110848356,11.399967674694523,1.0364397764205933,0.03234490734023682,False,0.45177018642425537,0.4558400511741638,0.008928273721067711,0.5140608549118042,0.6107859015464783,0.15836162293492903,0.9884425103664398,0.8812835216522217,0.12159422714873588,1.0168203115463257,1.014154314994812,0.002628787860087456,1.0266866087913513,3.6183576583862305,0.716256184235461,0.001276400232273814,0.0005922430812142614,1.1551965278460357,4.780919502973557,4.948627998828888,0.03388989754231275,-0.07799279733086965,-0.6698958879723843,0.8835747483583826,3.193668729547328,4.44027032963709,0.2807490327264936,0.9910717262789323,True
11,6072,M17e_broad_sparse_peak_terrace,1.470114827156067,0.7607716381015716,0.7093431890544953,1.1195359230041504,1.093475580215454,1.1034674644470215,0.9909450123782538,1.1427462100982666,1.465333342552185,0.004863605710987774,50.29750019321247,0.011637966744090456,0.16720921516418485,0.13740807843985153,1.470113379593315,1.4475627518883982e-06,0.8559792302048311,0.009496344997273254,0.00926423560848002,0.0002321093887931531,0.11220565390834558,15.748031496062993,0.5,0.33333333333333326,0.9970754587213462,0.16879551590436304,0.24261835087622924,0.007916365202688236,0.8559792302048311,15.748031496062993,0.9951363942890122,10.577200199764281,1.0303541421890259,0.04179498516182891,False,0.3595713973045349,0.4558400511741638,0.21118954690720523,0.4154995381832123,0.6107859015464783,0.3197296513701627,0.5605686008930206,0.8812835216522217,0.36391798198827985,0.9988531470298767,1.014154314994812,0.015087613136087261,1.0001492202281952,3.6183576583862305,0.723590281930765,0.00034529535397098183,0.0005922430812142614,0.4169702189461948,5.038590549230576,4.948627998828888,0.01817929139611578,0.30746376480672166,-0.6698958879723843,1.4589724617318394,4.4053261484542325,4.44027032963709,0.007869831922083336,0.7888104530927947,True
11,6072,M17f_broad_sparse_finetexture_terrace,1.470114827156067,0.7607716381015716,0.7093431890544953,1.6766411066055298,1.1035072207450867,1.1034674644470215,1.000036028518598,1.146573781967163,1.4636785984039307,0.005234729389835511,52.3610277887083,0.02312420162683071,0.11318005323409963,0.12097107014746142,1.4701133587288326,1.4684272342524451e-06,0.7705254470921843,0.007539235588385762,0.007692565161918991,0.00015332957353311218,0.17879221434056847,15.748031496062993,0.5,0.33333333333333326,0.8180276072472179,0.5037640593172283,0.1995046475928808,0.015729521060076856,0.7705254470921843,15.748031496062993,0.9947652706101645,10.957765416069263,1.0309069156646729,0.040199544079430376,False,0.3962642550468445,0.4558400511741638,0.13069451877662475,0.4546269476413727,0.6107859015464783,0.25566889070248544,0.746713250875473,0.8812835216522217,0.1526980449202745,1.0048540234565735,1.014154314994812,0.009170489540623905,1.0130730271339417,3.6183576583862305,0.7200185490823571,0.0007056471181367301,0.0005922430812142614,0.1914822486232497,4.907089002132416,4.948627998828888,0.008394043097663123,0.1341819479888812,-0.6698958879723843,1.200302689414945,3.8432256056895024,4.44027032963709,0.13446134573441273,0.8693054812233753,True
11,6072,M17g_moderate_broad_topology_terrace,1.470114827156067,0.7607716381015716,0.7093431890544953,1.3498417139053345,1.1022263169288635,1.1034674644470215,0.9988752296210384,1.1471004486083984,1.463493824005127,0.005182403213667438,51.4603559862221,0.02489409182124991,0.09857105970382651,0.12070068391813824,1.4701133791835952,1.4479724717020304e-06,0.7464698641338431,0.008769681055829648,0.008628704845328627,0.0001409762105011956,0.034647974062708364,15.748031496062993,0.5,0.33333333333333326,0.8173717620338035,0.5712719378634405,0.2004515989084862,0.016933432981565355,0.7464698641338431,15.748031496062993,0.9948175967863325,10.77056165599948,1.0327107906341553,0.04097567089391678,False,0.37997326254844666,0.4558400511741638,0.16643291529627038,0.43744659423828125,0.6107859015464783,0.2837971650447577,0.6283815503120422,0.8812835216522217,0.28697004440301044,1.002410113811493,1.014154314994812,0.011580290109379627,1.0103434920310974,3.6183576583862305,0.7207729065452017,0.0004237932476689852,0.0005922430812142614,0.2844268491915645,4.891351222991943,4.948627998828888,0.011574273889752788,0.1468319111563168,-0.6698958879723843,1.219186165779793,3.8672878519048455,4.44027032963709,0.12904225085301851,0.8335670847037296,True
11,6072,M17h_hierarchical_sparse_island_terrace,1.470114827156067,0.7607716381015716,0.7093431890544953,1.6644517183303833,1.0778892040252686,1.1034674644470215,0.9768201045831733,1.1332180500030518,1.461764931678772,0.005321980510065032,51.38789616256739,0.02201436747544827,0.3094345808029182,0.2154916680822366,1.470113329150083,1.4980059839242443e-06,0.7576066071507257,0.008090198042751684,0.008110242469187404,2.0044426435507877e-05,0.10984129828894362,15.748031496062993,0.5,0.33333333333333326,1.4171901157217617,1.3297672177384996,0.33665039157228793,0.014974590280653843,0.7576066071507257,15.748031496062993,0.994678019489935,10.779826575343533,1.023756980895996,0.03939698888962481,False,0.3795171529054642,0.4558400511741638,0.1674335067138249,0.44240404665470123,0.6107859015464783,0.2756806508883766,0.6961888670921326,0.8812835216522217,0.21002849822163414,0.9954150915145874,1.014154314994812,0.01847768451324932,1.003245085477829,3.6183576583862305,0.7227346823626962,0.0005896507408568423,0.0005922430812142614,0.00437715600172846,5.175462239980698,4.948627998828888,0.04583780417632746,0.7295491146770041,-0.6698958879723843,2.089048504067066,5.475255931362778,4.44027032963709,0.23309067351542956,0.832566493286175,True
11,6072,M17i_soft_hierarchical_island_terrace,1.470114827156067,0.7607716381015716,0.7093431890544953,1.6959342956542969,1.0951862931251526,1.1034674644470215,0.9924953189933707,1.1209169626235962,1.4342641830444336,0.005880153150847679,51.85851450209916,0.0031549920620335126,0.33202081441879283,0.16310811309234366,1.4701133314866845,1.4956693823453548e-06,0.7534578342855776,0.007317408611167697,0.007470257395120732,0.00015284878395305213,0.18540047577673935,15.748031496062993,0.5,0.33333333333333326,1.0073420206886752,0.19988020031563636,0.26360245561360257,0.002146085742335546,0.7534578342855776,15.748031496062993,0.9941198468491523,10.861692603732463,0.984351396560669,0.0404530820407368,False,0.4058973789215088,0.4558400511741638,0.109561834516321,0.467425212264061,0.6107859015464783,0.23471512508627893,0.7931270003318787,0.8812835216522217,0.10003196378285621,1.0044344365596771,1.014154314994812,0.009584220361163291,1.0181415677070618,3.6183576583862305,0.7186177642369528,0.0007896915808681842,0.0005922430812142614,0.33339097731475215,5.031997486352921,4.948627998828888,0.01684699022512152,0.3616809505706132,-0.6698958879723843,1.5399062108969432,4.313398095824416,4.44027032963709,0.02857308776131277,0.890438165483679,True
12,6078,M10_dense_island_spectral_pareto,1.5030123591423035,2.730365987671745,1.2273536285294417,0.9898820519447327,1.1329646110534668,1.1074264645576477,1.0230608056725645,1.119872808456421,1.416284203529358,0.011991756047691409,46.88200985225737,0.017230134334297986,0.23045307159423967,0.13466307541634015,1.5030109703390218,1.3888032817099827e-06,0.9921201728233126,0.005467643189415061,0.005411605766899575,5.603742251556207e-05,0.14929486610030018,23.62204724409449,0.75,0.16666666666666652,0.6388151937046893,0.5006772417908163,0.20241539349247292,0.011463733483447536,0.9921201728233126,23.62204724409449,0.9880082439523086,9.990701155717568,1.0691473484039307,0.048914491799825634,False,0.32232028245925903,0.45687994360923767,0.294518643315771,0.3809073269367218,0.5884603559970856,0.3527052025597995,0.45570458471775055,0.753762423992157,0.39542676815302186,1.0409974455833435,0.979458212852478,0.06282987055838213,1.035224288702011,3.4164528846740723,0.6969885657296951,0.00011710058287235863,0.00022969555628522657,0.4901922145722841,4.727942980527878,5.006949620246887,0.055723875988440974,0.1824810022148077,-0.3131617986048132,1.582705179967002,3.2175315156634348,3.8920476630151963,0.17330624025020527,0.705481356684229,True
12,6078,M16b_baseline_dense_microisland_terrace,1.5030123591423035,2.730365987671745,1.2273536285294417,1.3947148323059082,1.1589970588684082,1.1074264645576477,1.0465679627146711,1.1304402351379395,1.4152710437774658,0.011104505535889061,44.462531884555695,0.06642623593646091,0.9163948869705205,0.252285513035453,1.5030108840676244,1.475074679069266e-06,1.2712847606941373,0.006172007529138157,0.006029151467110531,0.00014285606202744418,0.3930627771865143,23.62204724409449,0.75,0.33333333333333326,0.7217335009000729,1.3208907329977668,0.25542981041329244,0.04419540114188247,1.2712847606941373,23.62204724409449,0.988895494464111,9.598595826127786,1.0082824230194092,0.042982451213998456,False,0.2947801500558853,0.45687994360923767,0.3547973506405302,0.3644815981388092,0.5884603559970856,0.38061826183476266,0.3249681740999222,0.753762423992157,0.5688718835587597,1.0135142505168915,0.979458212852478,0.03477028138365596,1.0852944552898407,3.4164528846740723,0.6823329658200812,3.1846443489808496e-05,0.00022969555628522657,0.8613536804766789,4.2728353226184845,5.006949620246887,0.14661907015397618,0.3008444519797258,-0.3131617986048132,1.960667786811919,2.4998723715564575,3.8920476630151963,0.3576973901651068,0.6452026493594698,False
12,6078,M17a_fixed_sparse_peak_terrace,1.5030123591423035,2.730365987671745,1.2273536285294417,1.3947148323059082,1.1589970588684082,1.1074264645576477,1.0465679627146711,1.1304402351379395,1.4152710437774658,0.011104505535889061,44.462531884555695,0.06642623593646091,0.9163948869705205,0.252285513035453,1.5030108840676244,1.475074679069266e-06,1.2712847606941373,0.006172007529138157,0.006029151467110531,0.00014285606202744418,0.3930627771865143,23.62204724409449,0.75,0.33333333333333326,0.7217335009000729,1.3208907329977668,0.25542981041329244,0.04419540114188247,1.2712847606941373,23.62204724409449,0.988895494464111,9.598595826127786,1.0082824230194092,0.042982451213998456,False,0.2947801500558853,0.45687994360923767,0.3547973506405302,0.3644815981388092,0.5884603559970856,0.38061826183476266,0.3249681740999222,0.753762423992157,0.5688718835587597,1.0135142505168915,0.979458212852478,0.03477028138365596,1.0852944552898407,3.4164528846740723,0.6823329658200812,3.1846443489808496e-05,0.00022969555628522657,0.8613536804766789,4.2728353226184845,5.006949620246887,0.14661907015397618,0.3008444519797258,-0.3131617986048132,1.960667786811919,2.4998723715564575,3.8920476630151963,0.3576973901651068,0.6452026493594698,False
12,6078,M17b_topology_sparse_peak_terrace,1.5030123591423035,2.730365987671745,1.2273536285294417,1.3947148323059082,1.1589970588684082,1.1074264645576477,1.0465679627146711,1.1304402351379395,1.4152710437774658,0.011104505535889061,44.462531884555695,0.06642623593646091,0.9163948869705205,0.252285513035453,1.5030108840676244,1.475074679069266e-06,1.2712847606941373,0.006172007529138157,0.006029151467110531,0.00014285606202744418,0.3930627771865143,23.62204724409449,0.75,0.33333333333333326,0.7217335009000729,1.3208907329977668,0.25542981041329244,0.04419540114188247,1.2712847606941373,23.62204724409449,0.988895494464111,9.598595826127786,1.0082824230194092,0.042982451213998456,False,0.2947801500558853,0.45687994360923767,0.3547973506405302,0.3644815981388092,0.5884603559970856,0.38061826183476266,0.3249681740999222,0.753762423992157,0.5688718835587597,1.0135142505168915,0.979458212852478,0.03477028138365596,1.0852944552898407,3.4164528846740723,0.6823329658200812,3.1846443489808496e-05,0.00022969555628522657,0.8613536804766789,4.2728353226184845,5.006949620246887,0.14661907015397618,0.3008444519797258,-0.3131617986048132,1.960667786811919,2.4998723715564575,3.8920476630151963,0.3576973901651068,0.6452026493594698,False
12,6078,M17c_topology_sparse_finetexture_terrace,1.5030123591423035,2.730365987671745,1.2273536285294417,1.3947148323059082,1.1589970588684082,1.1074264645576477,1.0465679627146711,1.1304402351379395,1.4152710437774658,0.011104505535889061,44.462531884555695,0.06642623593646091,0.9163948869705205,0.252285513035453,1.5030108840676244,1.475074679069266e-06,1.2712847606941373,0.006172007529138157,0.006029151467110531,0.00014285606202744418,0.3930627771865143,23.62204724409449,0.75,0.33333333333333326,0.7217335009000729,1.3208907329977668,0.25542981041329244,0.04419540114188247,1.2712847606941373,23.62204724409449,0.988895494464111,9.598595826127786,1.0082824230194092,0.042982451213998456,False,0.2947801500558853,0.45687994360923767,0.3547973506405302,0.3644815981388092,0.5884603559970856,0.38061826183476266,0.3249681740999222,0.753762423992157,0.5688718835587597,1.0135142505168915,0.979458212852478,0.03477028138365596,1.0852944552898407,3.4164528846740723,0.6823329658200812,3.1846443489808496e-05,0.00022969555628522657,0.8613536804766789,4.2728353226184845,5.006949620246887,0.14661907015397618,0.3008444519797258,-0.3131617986048132,1.960667786811919,2.4998723715564575,3.8920476630151963,0.3576973901651068,0.6452026493594698,False
12,6078,M17d_multiscale_texture_no_peak_terrace,1.5030123591423035,2.730365987671745,1.2273536285294417,1.3947148323059082,1.1589970588684082,1.1074264645576477,1.0465679627146711,1.1304402351379395,1.4152710437774658,0.011104505535889061,44.462531884555695,0.06642623593646091,0.9163948869705205,0.252285513035453,1.5030108840676244,1.475074679069266e-06,1.2712847606941373,0.006172007529138157,0.006029151467110531,0.00014285606202744418,0.3930627771865143,23.62204724409449,0.75,0.33333333333333326,0.7217335009000729,1.3208907329977668,0.25542981041329244,0.04419540114188247,1.2712847606941373,23.62204724409449,0.988895494464111,9.598595826127786,1.0082824230194092,0.042982451213998456,False,0.2947801500558853,0.45687994360923767,0.3547973506405302,0.3644815981388092,0.5884603559970856,0.38061826183476266,0.3249681740999222,0.753762423992157,0.5688718835587597,1.0135142505168915,0.979458212852478,0.03477028138365596,1.0852944552898407,3.4164528846740723,0.6823329658200812,3.1846443489808496e-05,0.00022969555628522657,0.8613536804766789,4.2728353226184845,5.006949620246887,0.14661907015397618,0.3008444519797258,-0.3131617986048132,1.960667786811919,2.4998723715564575,3.8920476630151963,0.3576973901651068,0.6452026493594698,False
12,6078,M17e_broad_sparse_peak_terrace,1.5030123591423035,2.730365987671745,1.2273536285294417,1.3947148323059082,1.1589970588684082,1.1074264645576477,1.0465679627146711,1.1304402351379395,1.4152710437774658,0.011104505535889061,44.462531884555695,0.06642623593646091,0.9163948869705205,0.252285513035453,1.5030108840676244,1.475074679069266e-06,1.2712847606941373,0.006172007529138157,0.006029151467110531,0.00014285606202744418,0.3930627771865143,23.62204724409449,0.75,0.33333333333333326,0.7217335009000729,1.3208907329977668,0.25542981041329244,0.04419540114188247,1.2712847606941373,23.62204724409449,0.988895494464111,9.598595826127786,1.0082824230194092,0.042982451213998456,False,0.2947801500558853,0.45687994360923767,0.3547973506405302,0.3644815981388092,0.5884603559970856,0.38061826183476266,0.3249681740999222,0.753762423992157,0.5688718835587597,1.0135142505168915,0.979458212852478,0.03477028138365596,1.0852944552898407,3.4164528846740723,0.6823329658200812,3.1846443489808496e-05,0.00022969555628522657,0.8613536804766789,4.2728353226184845,5.006949620246887,0.14661907015397618,0.3008444519797258,-0.3131617986048132,1.960667786811919,2.4998723715564575,3.8920476630151963,0.3576973901651068,0.6452026493594698,False
12,6078,M17f_broad_sparse_finetexture_terrace,1.5030123591423035,2.730365987671745,1.2273536285294417,1.3947148323059082,1.1589970588684082,1.1074264645576477,1.0465679627146711,1.1304402351379395,1.4152710437774658,0.011104505535889061,44.462531884555695,0.06642623593646091,0.9163948869705205,0.252285513035453,1.5030108840676244,1.475074679069266e-06,1.2712847606941373,0.006172007529138157,0.006029151467110531,0.00014285606202744418,0.3930627771865143,23.62204724409449,0.75,0.33333333333333326,0.7217335009000729,1.3208907329977668,0.25542981041329244,0.04419540114188247,1.2712847606941373,23.62204724409449,0.988895494464111,9.598595826127786,1.0082824230194092,0.042982451213998456,False,0.2947801500558853,0.45687994360923767,0.3547973506405302,0.3644815981388092,0.5884603559970856,0.38061826183476266,0.3249681740999222,0.753762423992157,0.5688718835587597,1.0135142505168915,0.979458212852478,0.03477028138365596,1.0852944552898407,3.4164528846740723,0.6823329658200812,3.1846443489808496e-05,0.00022969555628522657,0.8613536804766789,4.2728353226184845,5.006949620246887,0.14661907015397618,0.3008444519797258,-0.3131617986048132,1.960667786811919,2.4998723715564575,3.8920476630151963,0.3576973901651068,0.6452026493594698,False
12,6078,M17g_moderate_broad_topology_terrace,1.5030123591423035,2.730365987671745,1.2273536285294417,1.3947148323059082,1.1589970588684082,1.1074264645576477,1.0465679627146711,1.1304402351379395,1.4152710437774658,0.011104505535889061,44.462531884555695,0.06642623593646091,0.9163948869705205,0.252285513035453,1.5030108840676244,1.475074679069266e-06,1.2712847606941373,0.006172007529138157,0.006029151467110531,0.00014285606202744418,0.3930627771865143,23.62204724409449,0.75,0.33333333333333326,0.7217335009000729,1.3208907329977668,0.25542981041329244,0.04419540114188247,1.2712847606941373,23.62204724409449,0.988895494464111,9.598595826127786,1.0082824230194092,0.042982451213998456,False,0.2947801500558853,0.45687994360923767,0.3547973506405302,0.3644815981388092,0.5884603559970856,0.38061826183476266,0.3249681740999222,0.753762423992157,0.5688718835587597,1.0135142505168915,0.979458212852478,0.03477028138365596,1.0852944552898407,3.4164528846740723,0.6823329658200812,3.1846443489808496e-05,0.00022969555628522657,0.8613536804766789,4.2728353226184845,5.006949620246887,0.14661907015397618,0.3008444519797258,-0.3131617986048132,1.960667786811919,2.4998723715564575,3.8920476630151963,0.3576973901651068,0.6452026493594698,False
12,6078,M17h_hierarchical_sparse_island_terrace,1.5030123591423035,2.730365987671745,1.2273536285294417,1.3947148323059082,1.1589970588684082,1.1074264645576477,1.0465679627146711,1.1304402351379395,1.4152710437774658,0.011104505535889061,44.462531884555695,0.06642623593646091,0.9163948869705205,0.252285513035453,1.5030108840676244,1.475074679069266e-06,1.2712847606941373,0.006172007529138157,0.006029151467110531,0.00014285606202744418,0.3930627771865143,23.62204724409449,0.75,0.33333333333333326,0.7217335009000729,1.3208907329977668,0.25542981041329244,0.04419540114188247,1.2712847606941373,23.62204724409449,0.988895494464111,9.598595826127786,1.0082824230194092,0.042982451213998456,False,0.2947801500558853,0.45687994360923767,0.3547973506405302,0.3644815981388092,0.5884603559970856,0.38061826183476266,0.3249681740999222,0.753762423992157,0.5688718835587597,1.0135142505168915,0.979458212852478,0.03477028138365596,1.0852944552898407,3.4164528846740723,0.6823329658200812,3.1846443489808496e-05,0.00022969555628522657,0.8613536804766789,4.2728353226184845,5.006949620246887,0.14661907015397618,0.3008444519797258,-0.3131617986048132,1.960667786811919,2.4998723715564575,3.8920476630151963,0.3576973901651068,0.6452026493594698,False
12,6078,M17i_soft_hierarchical_island_terrace,1.5030123591423035,2.730365987671745,1.2273536285294417,1.3947148323059082,1.1589970588684082,1.1074264645576477,1.0465679627146711,1.1304402351379395,1.4152710437774658,0.011104505535889061,44.462531884555695,0.06642623593646091,0.9163948869705205,0.252285513035453,1.5030108840676244,1.475074679069266e-06,1.2712847606941373,0.006172007529138157,0.006029151467110531,0.00014285606202744418,0.3930627771865143,23.62204724409449,0.75,0.33333333333333326,0.7217335009000729,1.3208907329977668,0.25542981041329244,0.04419540114188247,1.2712847606941373,23.62204724409449,0.988895494464111,9.598595826127786,1.0082824230194092,0.042982451213998456,False,0.2947801500558853,0.45687994360923767,0.3547973506405302,0.3644815981388092,0.5884603559970856,0.38061826183476266,0.3249681740999222,0.753762423992157,0.5688718835587597,1.0135142505168915,0.979458212852478,0.03477028138365596,1.0852944552898407,3.4164528846740723,0.6823329658200812,3.1846443489808496e-05,0.00022969555628522657,0.8613536804766789,4.2728353226184845,5.006949620246887,0.14661907015397618,0.3008444519797258,-0.3131617986048132,1.960667786811919,2.4998723715564575,3.8920476630151963,0.3576973901651068,0.6452026493594698,False
13,6080,M10_dense_island_spectral_pareto,3.9266197681427,3.1211499677224896,0.8054698004202105,1.0039417743682861,1.1326797008514404,1.115925669670105,1.0150135727107061,1.1179964542388916,1.4180560111999512,-0.005749753385687323,40.8178169641007,0.03829037597490714,0.16717447757720905,0.30796340141831635,3.9266157186745887,4.0494681114999764e-06,1.0397467293570994,0.0014366580321782951,0.0013888097727517363,4.7848259426515026e-05,0.585809298124798,23.62204724409449,0.75,0.0,0.4968786326950664,0.29738679297839044,0.16108105319951307,0.009751485478397104,1.0397467293570994,23.62204724409449,1.0057497533856874,8.787724544945766,1.0403410196304321,0.041215018285744066,False,0.2979820966720581,0.3866010904312134,0.22922592810152187,0.3574392646551132,0.48454707860946655,0.2623229394326804,0.34799931943416595,0.4838220030069351,0.280728620708931,1.0234055519104004,1.053451806306839,0.028521717098548525,1.0883775353431702,4.415119647979736,0.7534885524923003,3.689857424351511e-05,8.884709819257489e-05,0.5846957864224451,4.6500553643703455,4.90963719367981,0.05287189644962461,0.08322893286413269,-0.6276959332007931,1.1325943477755633,2.9609356643159224,3.7256211580175598,0.2052504699937162,0.7707740718984781,True
13,6080,M16b_baseline_dense_microisland_terrace,3.9266197681427,3.1211499677224896,0.8054698004202105,1.3174858093261719,1.1585935354232788,1.115925669670105,1.0382354012573145,1.1460256576538086,1.4264551401138306,0.02158978866290032,39.96984182279768,0.18042748467612713,1.9307706022262572,0.6775159245394953,3.9266159522695796,3.815873120593949e-06,1.2290981395504461,0.0015939098992395762,0.001535907184144995,5.800271509443255e-05,0.4877904539772828,23.62204724409449,0.75,0.0,0.7141649844337399,1.0474793167689045,0.26393047371080985,0.045949823760431774,1.2290981395504461,23.62204724409449,0.9784102113370997,8.687628398615002,1.0323989391326904,0.04070253324010228,False,0.27300602197647095,0.3866010904312134,0.2938301812031594,0.34654146432876587,0.48454707860946655,0.2848136339542972,0.3081774264574051,0.4838220030069351,0.3630355284751536,1.0225074887275696,1.053451806306839,0.02937421284392032,1.191030740737915,4.415119647979736,0.7302381734359328,2.546868558534714e-05,8.884709819257489e-05,0.7133425164866487,4.258202137947082,4.90963719367981,0.13268496836615998,0.2340551064153666,-0.6276959332007931,1.3728797560020114,2.4253441029220326,3.7256211580175598,0.34900946713203057,0.7061698187968406,True
13,6080,M17a_fixed_sparse_peak_terrace,3.9266197681427,3.1211499677224896,0.8054698004202105,1.3174858093261719,1.1585935354232788,1.115925669670105,1.0382354012573145,1.1460256576538086,1.4264551401138306,0.02158978866290032,39.96984182279768,0.18042748467612713,1.9307706022262572,0.6775159245394953,3.9266159522695796,3.815873120593949e-06,1.2290981395504461,0.0015939098992395762,0.001535907184144995,5.800271509443255e-05,0.4877904539772828,23.62204724409449,0.75,0.0,0.7141649844337399,1.0474793167689045,0.26393047371080985,0.045949823760431774,1.2290981395504461,23.62204724409449,0.9784102113370997,8.687628398615002,1.0323989391326904,0.04070253324010228,False,0.27300602197647095,0.3866010904312134,0.2938301812031594,0.34654146432876587,0.48454707860946655,0.2848136339542972,0.3081774264574051,0.4838220030069351,0.3630355284751536,1.0225074887275696,1.053451806306839,0.02937421284392032,1.191030740737915,4.415119647979736,0.7302381734359328,2.546868558534714e-05,8.884709819257489e-05,0.7133425164866487,4.258202137947082,4.90963719367981,0.13268496836615998,0.2340551064153666,-0.6276959332007931,1.3728797560020114,2.4253441029220326,3.7256211580175598,0.34900946713203057,0.7061698187968406,True
13,6080,M17b_topology_sparse_peak_terrace,3.9266197681427,3.1211499677224896,0.8054698004202105,1.3174858093261719,1.1585935354232788,1.115925669670105,1.0382354012573145,1.1460256576538086,1.4264551401138306,0.02158978866290032,39.96984182279768,0.18042748467612713,1.9307706022262572,0.6775159245394953,3.9266159522695796,3.815873120593949e-06,1.2290981395504461,0.0015939098992395762,0.001535907184144995,5.800271509443255e-05,0.4877904539772828,23.62204724409449,0.75,0.0,0.7141649844337399,1.0474793167689045,0.26393047371080985,0.045949823760431774,1.2290981395504461,23.62204724409449,0.9784102113370997,8.687628398615002,1.0323989391326904,0.04070253324010228,False,0.27300602197647095,0.3866010904312134,0.2938301812031594,0.34654146432876587,0.48454707860946655,0.2848136339542972,0.3081774264574051,0.4838220030069351,0.3630355284751536,1.0225074887275696,1.053451806306839,0.02937421284392032,1.191030740737915,4.415119647979736,0.7302381734359328,2.546868558534714e-05,8.884709819257489e-05,0.7133425164866487,4.258202137947082,4.90963719367981,0.13268496836615998,0.2340551064153666,-0.6276959332007931,1.3728797560020114,2.4253441029220326,3.7256211580175598,0.34900946713203057,0.7061698187968406,True
13,6080,M17c_topology_sparse_finetexture_terrace,3.9266197681427,3.1211499677224896,0.8054698004202105,1.3174858093261719,1.1585935354232788,1.115925669670105,1.0382354012573145,1.1460256576538086,1.4264551401138306,0.02158978866290032,39.96984182279768,0.18042748467612713,1.9307706022262572,0.6775159245394953,3.9266159522695796,3.815873120593949e-06,1.2290981395504461,0.0015939098992395762,0.001535907184144995,5.800271509443255e-05,0.4877904539772828,23.62204724409449,0.75,0.0,0.7141649844337399,1.0474793167689045,0.26393047371080985,0.045949823760431774,1.2290981395504461,23.62204724409449,0.9784102113370997,8.687628398615002,1.0323989391326904,0.04070253324010228,False,0.27300602197647095,0.3866010904312134,0.2938301812031594,0.34654146432876587,0.48454707860946655,0.2848136339542972,0.3081774264574051,0.4838220030069351,0.3630355284751536,1.0225074887275696,1.053451806306839,0.02937421284392032,1.191030740737915,4.415119647979736,0.7302381734359328,2.546868558534714e-05,8.884709819257489e-05,0.7133425164866487,4.258202137947082,4.90963719367981,0.13268496836615998,0.2340551064153666,-0.6276959332007931,1.3728797560020114,2.4253441029220326,3.7256211580175598,0.34900946713203057,0.7061698187968406,True
13,6080,M17d_multiscale_texture_no_peak_terrace,3.9266197681427,3.1211499677224896,0.8054698004202105,1.3174858093261719,1.1585935354232788,1.115925669670105,1.0382354012573145,1.1460256576538086,1.4264551401138306,0.02158978866290032,39.96984182279768,0.18042748467612713,1.9307706022262572,0.6775159245394953,3.9266159522695796,3.815873120593949e-06,1.2290981395504461,0.0015939098992395762,0.001535907184144995,5.800271509443255e-05,0.4877904539772828,23.62204724409449,0.75,0.0,0.7141649844337399,1.0474793167689045,0.26393047371080985,0.045949823760431774,1.2290981395504461,23.62204724409449,0.9784102113370997,8.687628398615002,1.0323989391326904,0.04070253324010228,False,0.27300602197647095,0.3866010904312134,0.2938301812031594,0.34654146432876587,0.48454707860946655,0.2848136339542972,0.3081774264574051,0.4838220030069351,0.3630355284751536,1.0225074887275696,1.053451806306839,0.02937421284392032,1.191030740737915,4.415119647979736,0.7302381734359328,2.546868558534714e-05,8.884709819257489e-05,0.7133425164866487,4.258202137947082,4.90963719367981,0.13268496836615998,0.2340551064153666,-0.6276959332007931,1.3728797560020114,2.4253441029220326,3.7256211580175598,0.34900946713203057,0.7061698187968406,True
13,6080,M17e_broad_sparse_peak_terrace,3.9266197681427,3.1211499677224896,0.8054698004202105,1.3174858093261719,1.1585935354232788,1.115925669670105,1.0382354012573145,1.1460256576538086,1.4264551401138306,0.02158978866290032,39.96984182279768,0.18042748467612713,1.9307706022262572,0.6775159245394953,3.9266159522695796,3.815873120593949e-06,1.2290981395504461,0.0015939098992395762,0.001535907184144995,5.800271509443255e-05,0.4877904539772828,23.62204724409449,0.75,0.0,0.7141649844337399,1.0474793167689045,0.26393047371080985,0.045949823760431774,1.2290981395504461,23.62204724409449,0.9784102113370997,8.687628398615002,1.0323989391326904,0.04070253324010228,False,0.27300602197647095,0.3866010904312134,0.2938301812031594,0.34654146432876587,0.48454707860946655,0.2848136339542972,0.3081774264574051,0.4838220030069351,0.3630355284751536,1.0225074887275696,1.053451806306839,0.02937421284392032,1.191030740737915,4.415119647979736,0.7302381734359328,2.546868558534714e-05,8.884709819257489e-05,0.7133425164866487,4.258202137947082,4.90963719367981,0.13268496836615998,0.2340551064153666,-0.6276959332007931,1.3728797560020114,2.4253441029220326,3.7256211580175598,0.34900946713203057,0.7061698187968406,True
13,6080,M17f_broad_sparse_finetexture_terrace,3.9266197681427,3.1211499677224896,0.8054698004202105,1.3174858093261719,1.1585935354232788,1.115925669670105,1.0382354012573145,1.1460256576538086,1.4264551401138306,0.02158978866290032,39.96984182279768,0.18042748467612713,1.9307706022262572,0.6775159245394953,3.9266159522695796,3.815873120593949e-06,1.2290981395504461,0.0015939098992395762,0.001535907184144995,5.800271509443255e-05,0.4877904539772828,23.62204724409449,0.75,0.0,0.7141649844337399,1.0474793167689045,0.26393047371080985,0.045949823760431774,1.2290981395504461,23.62204724409449,0.9784102113370997,8.687628398615002,1.0323989391326904,0.04070253324010228,False,0.27300602197647095,0.3866010904312134,0.2938301812031594,0.34654146432876587,0.48454707860946655,0.2848136339542972,0.3081774264574051,0.4838220030069351,0.3630355284751536,1.0225074887275696,1.053451806306839,0.02937421284392032,1.191030740737915,4.415119647979736,0.7302381734359328,2.546868558534714e-05,8.884709819257489e-05,0.7133425164866487,4.258202137947082,4.90963719367981,0.13268496836615998,0.2340551064153666,-0.6276959332007931,1.3728797560020114,2.4253441029220326,3.7256211580175598,0.34900946713203057,0.7061698187968406,True
13,6080,M17g_moderate_broad_topology_terrace,3.9266197681427,3.1211499677224896,0.8054698004202105,1.3174858093261719,1.1585935354232788,1.115925669670105,1.0382354012573145,1.1460256576538086,1.4264551401138306,0.02158978866290032,39.96984182279768,0.18042748467612713,1.9307706022262572,0.6775159245394953,3.9266159522695796,3.815873120593949e-06,1.2290981395504461,0.0015939098992395762,0.001535907184144995,5.800271509443255e-05,0.4877904539772828,23.62204724409449,0.75,0.0,0.7141649844337399,1.0474793167689045,0.26393047371080985,0.045949823760431774,1.2290981395504461,23.62204724409449,0.9784102113370997,8.687628398615002,1.0323989391326904,0.04070253324010228,False,0.27300602197647095,0.3866010904312134,0.2938301812031594,0.34654146432876587,0.48454707860946655,0.2848136339542972,0.3081774264574051,0.4838220030069351,0.3630355284751536,1.0225074887275696,1.053451806306839,0.02937421284392032,1.191030740737915,4.415119647979736,0.7302381734359328,2.546868558534714e-05,8.884709819257489e-05,0.7133425164866487,4.258202137947082,4.90963719367981,0.13268496836615998,0.2340551064153666,-0.6276959332007931,1.3728797560020114,2.4253441029220326,3.7256211580175598,0.34900946713203057,0.7061698187968406,True
13,6080,M17h_hierarchical_sparse_island_terrace,3.9266197681427,3.1211499677224896,0.8054698004202105,1.3174858093261719,1.1585935354232788,1.115925669670105,1.0382354012573145,1.1460256576538086,1.4264551401138306,0.02158978866290032,39.96984182279768,0.18042748467612713,1.9307706022262572,0.6775159245394953,3.9266159522695796,3.815873120593949e-06,1.2290981395504461,0.0015939098992395762,0.001535907184144995,5.800271509443255e-05,0.4877904539772828,23.62204724409449,0.75,0.0,0.7141649844337399,1.0474793167689045,0.26393047371080985,0.045949823760431774,1.2290981395504461,23.62204724409449,0.9784102113370997,8.687628398615002,1.0323989391326904,0.04070253324010228,False,0.27300602197647095,0.3866010904312134,0.2938301812031594,0.34654146432876587,0.48454707860946655,0.2848136339542972,0.3081774264574051,0.4838220030069351,0.3630355284751536,1.0225074887275696,1.053451806306839,0.02937421284392032,1.191030740737915,4.415119647979736,0.7302381734359328,2.546868558534714e-05,8.884709819257489e-05,0.7133425164866487,4.258202137947082,4.90963719367981,0.13268496836615998,0.2340551064153666,-0.6276959332007931,1.3728797560020114,2.4253441029220326,3.7256211580175598,0.34900946713203057,0.7061698187968406,True
13,6080,M17i_soft_hierarchical_island_terrace,3.9266197681427,3.1211499677224896,0.8054698004202105,1.3174858093261719,1.1585935354232788,1.115925669670105,1.0382354012573145,1.1460256576538086,1.4264551401138306,0.02158978866290032,39.96984182279768,0.18042748467612713,1.9307706022262572,0.6775159245394953,3.9266159522695796,3.815873120593949e-06,1.2290981395504461,0.0015939098992395762,0.001535907184144995,5.800271509443255e-05,0.4877904539772828,23.62204724409449,0.75,0.0,0.7141649844337399,1.0474793167689045,0.26393047371080985,0.045949823760431774,1.2290981395504461,23.62204724409449,0.9784102113370997,8.687628398615002,1.0323989391326904,0.04070253324010228,False,0.27300602197647095,0.3866010904312134,0.2938301812031594,0.34654146432876587,0.48454707860946655,0.2848136339542972,0.3081774264574051,0.4838220030069351,0.3630355284751536,1.0225074887275696,1.053451806306839,0.02937421284392032,1.191030740737915,4.415119647979736,0.7302381734359328,2.546868558534714e-05,8.884709819257489e-05,0.7133425164866487,4.258202137947082,4.90963719367981,0.13268496836615998,0.2340551064153666,-0.6276959332007931,1.3728797560020114,2.4253441029220326,3.7256211580175598,0.34900946713203057,0.7061698187968406,True
14,6082,M10_dense_island_spectral_pareto,1.863613247871399,2.861394532579381,0.9977812847079819,0.4826478958129883,1.1177130341529846,1.127699375152588,0.9911445007245375,1.1312551498413086,1.4218608140945435,0.002138464222875082,39.97116470485514,0.00797332918164173,0.05218787670135505,0.08070314636549991,1.8636113846898235,1.8631815754677206e-06,0.8025384213728355,0.0014614499335162678,0.001447622168544087,1.3827764972179394e-05,0.3475195001520808,15.748031496062993,0.4,0.05714285714285716,0.047487465224050104,0.42260678249912065,0.04213190173996354,0.0042784249945783115,0.8025384213728355,15.748031496062993,0.9978615357771249,8.441100406221587,1.0409369468688965,0.0423436379993333,False,0.3128260672092438,0.36243781447410583,0.13688347430537368,0.36893050372600555,0.4387158155441284,0.15906723520229116,0.40548862516880035,0.5189214944839478,0.21859350695802854,0.9986504316329956,1.0093885660171509,0.010638256411528262,0.9598927199840546,4.83964204788208,0.8016603892421916,7.672620644818039e-05,8.999895186540029e-05,0.14747666658463104,4.83164122581482,4.864914407730103,0.006839417742358173,0.06763768487372149,0.08795686448018489,0.23101300536970537,3.1095827290079034,3.432334740044399,0.09403278977164117,0.8631165256946263,True
14,6082,M16b_baseline_dense_microisland_terrace,1.863613247871399,2.861394532579381,0.9977812847079819,0.9297648668289185,1.137132167816162,1.127699375152588,1.008364634113855,1.1147453784942627,1.3950343132019043,0.009577772839937762,38.33744418685688,0.08481225731617315,1.204125897884369,0.22384911279386088,1.863611374856822,1.8730145769918494e-06,1.0137159483348752,0.001935349028859723,0.0018700678380552107,6.528119080436177e-05,0.10832684767227185,23.62204724409449,0.6,0.19999999999999996,0.1695699530866211,1.0887695591950135,0.1847832249264632,0.04550958074000033,1.0137159483348752,23.62204724409449,0.9904222271600622,8.248363328326814,1.0399112701416016,0.05001209412234974,False,0.27686649560928345,0.36243781447410583,0.23609931261997494,0.3456655442714691,0.4387158155441284,0.21209691553346746,0.3055438697338104,0.5189214944839478,0.41119442346926705,1.0160118639469147,1.0093885660171509,0.006561693041459769,0.9345687627792358,4.83964204788208,0.8068929987935325,2.6400466018197652e-05,8.999895186540029e-05,0.7066580724442059,4.252021972537041,4.864914407730103,0.12598216203335594,0.2323036968006678,0.08795686448018489,1.6411093457407373,2.4227915406460356,3.432334740044399,0.2941272561851891,0.763900687380025,True
14,6082,M17a_fixed_sparse_peak_terrace,1.863613247871399,2.861394532579381,0.9977812847079819,0.9297648668289185,1.137132167816162,1.127699375152588,1.008364634113855,1.1147453784942627,1.3950343132019043,0.009577772839937762,38.33744418685688,0.08481225731617315,1.204125897884369,0.22384911279386088,1.863611374856822,1.8730145769918494e-06,1.0137159483348752,0.001935349028859723,0.0018700678380552107,6.528119080436177e-05,0.10832684767227185,23.62204724409449,0.6,0.19999999999999996,0.1695699530866211,1.0887695591950135,0.1847832249264632,0.04550958074000033,1.0137159483348752,23.62204724409449,0.9904222271600622,8.248363328326814,1.0399112701416016,0.05001209412234974,False,0.27686649560928345,0.36243781447410583,0.23609931261997494,0.3456655442714691,0.4387158155441284,0.21209691553346746,0.3055438697338104,0.5189214944839478,0.41119442346926705,1.0160118639469147,1.0093885660171509,0.006561693041459769,0.9345687627792358,4.83964204788208,0.8068929987935325,2.6400466018197652e-05,8.999895186540029e-05,0.7066580724442059,4.252021972537041,4.864914407730103,0.12598216203335594,0.2323036968006678,0.08795686448018489,1.6411093457407373,2.4227915406460356,3.432334740044399,0.2941272561851891,0.763900687380025,True
14,6082,M17b_topology_sparse_peak_terrace,1.863613247871399,2.861394532579381,0.9977812847079819,0.9297648668289185,1.137132167816162,1.127699375152588,1.008364634113855,1.1147453784942627,1.3950343132019043,0.009577772839937762,38.33744418685688,0.08481225731617315,1.204125897884369,0.22384911279386088,1.863611374856822,1.8730145769918494e-06,1.0137159483348752,0.001935349028859723,0.0018700678380552107,6.528119080436177e-05,0.10832684767227185,23.62204724409449,0.6,0.19999999999999996,0.1695699530866211,1.0887695591950135,0.1847832249264632,0.04550958074000033,1.0137159483348752,23.62204724409449,0.9904222271600622,8.248363328326814,1.0399112701416016,0.05001209412234974,False,0.27686649560928345,0.36243781447410583,0.23609931261997494,0.3456655442714691,0.4387158155441284,0.21209691553346746,0.3055438697338104,0.5189214944839478,0.41119442346926705,1.0160118639469147,1.0093885660171509,0.006561693041459769,0.9345687627792358,4.83964204788208,0.8068929987935325,2.6400466018197652e-05,8.999895186540029e-05,0.7066580724442059,4.252021972537041,4.864914407730103,0.12598216203335594,0.2323036968006678,0.08795686448018489,1.6411093457407373,2.4227915406460356,3.432334740044399,0.2941272561851891,0.763900687380025,True
14,6082,M17c_topology_sparse_finetexture_terrace,1.863613247871399,2.861394532579381,0.9977812847079819,0.9297648668289185,1.137132167816162,1.127699375152588,1.008364634113855,1.1147453784942627,1.3950343132019043,0.009577772839937762,38.33744418685688,0.08481225731617315,1.204125897884369,0.22384911279386088,1.863611374856822,1.8730145769918494e-06,1.0137159483348752,0.001935349028859723,0.0018700678380552107,6.528119080436177e-05,0.10832684767227185,23.62204724409449,0.6,0.19999999999999996,0.1695699530866211,1.0887695591950135,0.1847832249264632,0.04550958074000033,1.0137159483348752,23.62204724409449,0.9904222271600622,8.248363328326814,1.0399112701416016,0.05001209412234974,False,0.27686649560928345,0.36243781447410583,0.23609931261997494,0.3456655442714691,0.4387158155441284,0.21209691553346746,0.3055438697338104,0.5189214944839478,0.41119442346926705,1.0160118639469147,1.0093885660171509,0.006561693041459769,0.9345687627792358,4.83964204788208,0.8068929987935325,2.6400466018197652e-05,8.999895186540029e-05,0.7066580724442059,4.252021972537041,4.864914407730103,0.12598216203335594,0.2323036968006678,0.08795686448018489,1.6411093457407373,2.4227915406460356,3.432334740044399,0.2941272561851891,0.763900687380025,True
14,6082,M17d_multiscale_texture_no_peak_terrace,1.863613247871399,2.861394532579381,0.9977812847079819,0.9297648668289185,1.137132167816162,1.127699375152588,1.008364634113855,1.1147453784942627,1.3950343132019043,0.009577772839937762,38.33744418685688,0.08481225731617315,1.204125897884369,0.22384911279386088,1.863611374856822,1.8730145769918494e-06,1.0137159483348752,0.001935349028859723,0.0018700678380552107,6.528119080436177e-05,0.10832684767227185,23.62204724409449,0.6,0.19999999999999996,0.1695699530866211,1.0887695591950135,0.1847832249264632,0.04550958074000033,1.0137159483348752,23.62204724409449,0.9904222271600622,8.248363328326814,1.0399112701416016,0.05001209412234974,False,0.27686649560928345,0.36243781447410583,0.23609931261997494,0.3456655442714691,0.4387158155441284,0.21209691553346746,0.3055438697338104,0.5189214944839478,0.41119442346926705,1.0160118639469147,1.0093885660171509,0.006561693041459769,0.9345687627792358,4.83964204788208,0.8068929987935325,2.6400466018197652e-05,8.999895186540029e-05,0.7066580724442059,4.252021972537041,4.864914407730103,0.12598216203335594,0.2323036968006678,0.08795686448018489,1.6411093457407373,2.4227915406460356,3.432334740044399,0.2941272561851891,0.763900687380025,True
14,6082,M17e_broad_sparse_peak_terrace,1.863613247871399,2.861394532579381,0.9977812847079819,0.9297648668289185,1.137132167816162,1.127699375152588,1.008364634113855,1.1147453784942627,1.3950343132019043,0.009577772839937762,38.33744418685688,0.08481225731617315,1.204125897884369,0.22384911279386088,1.863611374856822,1.8730145769918494e-06,1.0137159483348752,0.001935349028859723,0.0018700678380552107,6.528119080436177e-05,0.10832684767227185,23.62204724409449,0.6,0.19999999999999996,0.1695699530866211,1.0887695591950135,0.1847832249264632,0.04550958074000033,1.0137159483348752,23.62204724409449,0.9904222271600622,8.248363328326814,1.0399112701416016,0.05001209412234974,False,0.27686649560928345,0.36243781447410583,0.23609931261997494,0.3456655442714691,0.4387158155441284,0.21209691553346746,0.3055438697338104,0.5189214944839478,0.41119442346926705,1.0160118639469147,1.0093885660171509,0.006561693041459769,0.9345687627792358,4.83964204788208,0.8068929987935325,2.6400466018197652e-05,8.999895186540029e-05,0.7066580724442059,4.252021972537041,4.864914407730103,0.12598216203335594,0.2323036968006678,0.08795686448018489,1.6411093457407373,2.4227915406460356,3.432334740044399,0.2941272561851891,0.763900687380025,True
14,6082,M17f_broad_sparse_finetexture_terrace,1.863613247871399,2.861394532579381,0.9977812847079819,0.9297648668289185,1.137132167816162,1.127699375152588,1.008364634113855,1.1147453784942627,1.3950343132019043,0.009577772839937762,38.33744418685688,0.08481225731617315,1.204125897884369,0.22384911279386088,1.863611374856822,1.8730145769918494e-06,1.0137159483348752,0.001935349028859723,0.0018700678380552107,6.528119080436177e-05,0.10832684767227185,23.62204724409449,0.6,0.19999999999999996,0.1695699530866211,1.0887695591950135,0.1847832249264632,0.04550958074000033,1.0137159483348752,23.62204724409449,0.9904222271600622,8.248363328326814,1.0399112701416016,0.05001209412234974,False,0.27686649560928345,0.36243781447410583,0.23609931261997494,0.3456655442714691,0.4387158155441284,0.21209691553346746,0.3055438697338104,0.5189214944839478,0.41119442346926705,1.0160118639469147,1.0093885660171509,0.006561693041459769,0.9345687627792358,4.83964204788208,0.8068929987935325,2.6400466018197652e-05,8.999895186540029e-05,0.7066580724442059,4.252021972537041,4.864914407730103,0.12598216203335594,0.2323036968006678,0.08795686448018489,1.6411093457407373,2.4227915406460356,3.432334740044399,0.2941272561851891,0.763900687380025,True
14,6082,M17g_moderate_broad_topology_terrace,1.863613247871399,2.861394532579381,0.9977812847079819,0.9297648668289185,1.137132167816162,1.127699375152588,1.008364634113855,1.1147453784942627,1.3950343132019043,0.009577772839937762,38.33744418685688,0.08481225731617315,1.204125897884369,0.22384911279386088,1.863611374856822,1.8730145769918494e-06,1.0137159483348752,0.001935349028859723,0.0018700678380552107,6.528119080436177e-05,0.10832684767227185,23.62204724409449,0.6,0.19999999999999996,0.1695699530866211,1.0887695591950135,0.1847832249264632,0.04550958074000033,1.0137159483348752,23.62204724409449,0.9904222271600622,8.248363328326814,1.0399112701416016,0.05001209412234974,False,0.27686649560928345,0.36243781447410583,0.23609931261997494,0.3456655442714691,0.4387158155441284,0.21209691553346746,0.3055438697338104,0.5189214944839478,0.41119442346926705,1.0160118639469147,1.0093885660171509,0.006561693041459769,0.9345687627792358,4.83964204788208,0.8068929987935325,2.6400466018197652e-05,8.999895186540029e-05,0.7066580724442059,4.252021972537041,4.864914407730103,0.12598216203335594,0.2323036968006678,0.08795686448018489,1.6411093457407373,2.4227915406460356,3.432334740044399,0.2941272561851891,0.763900687380025,True
14,6082,M17h_hierarchical_sparse_island_terrace,1.863613247871399,2.861394532579381,0.9977812847079819,0.9297648668289185,1.137132167816162,1.127699375152588,1.008364634113855,1.1147453784942627,1.3950343132019043,0.009577772839937762,38.33744418685688,0.08481225731617315,1.204125897884369,0.22384911279386088,1.863611374856822,1.8730145769918494e-06,1.0137159483348752,0.001935349028859723,0.0018700678380552107,6.528119080436177e-05,0.10832684767227185,23.62204724409449,0.6,0.19999999999999996,0.1695699530866211,1.0887695591950135,0.1847832249264632,0.04550958074000033,1.0137159483348752,23.62204724409449,0.9904222271600622,8.248363328326814,1.0399112701416016,0.05001209412234974,False,0.27686649560928345,0.36243781447410583,0.23609931261997494,0.3456655442714691,0.4387158155441284,0.21209691553346746,0.3055438697338104,0.5189214944839478,0.41119442346926705,1.0160118639469147,1.0093885660171509,0.006561693041459769,0.9345687627792358,4.83964204788208,0.8068929987935325,2.6400466018197652e-05,8.999895186540029e-05,0.7066580724442059,4.252021972537041,4.864914407730103,0.12598216203335594,0.2323036968006678,0.08795686448018489,1.6411093457407373,2.4227915406460356,3.432334740044399,0.2941272561851891,0.763900687380025,True
14,6082,M17i_soft_hierarchical_island_terrace,1.863613247871399,2.861394532579381,0.9977812847079819,0.9297648668289185,1.137132167816162,1.127699375152588,1.008364634113855,1.1147453784942627,1.3950343132019043,0.009577772839937762,38.33744418685688,0.08481225731617315,1.204125897884369,0.22384911279386088,1.863611374856822,1.8730145769918494e-06,1.0137159483348752,0.001935349028859723,0.0018700678380552107,6.528119080436177e-05,0.10832684767227185,23.62204724409449,0.6,0.19999999999999996,0.1695699530866211,1.0887695591950135,0.1847832249264632,0.04550958074000033,1.0137159483348752,23.62204724409449,0.9904222271600622,8.248363328326814,1.0399112701416016,0.05001209412234974,False,0.27686649560928345,0.36243781447410583,0.23609931261997494,0.3456655442714691,0.4387158155441284,0.21209691553346746,0.3055438697338104,0.5189214944839478,0.41119442346926705,1.0160118639469147,1.0093885660171509,0.006561693041459769,0.9345687627792358,4.83964204788208,0.8068929987935325,2.6400466018197652e-05,8.999895186540029e-05,0.7066580724442059,4.252021972537041,4.864914407730103,0.12598216203335594,0.2323036968006678,0.08795686448018489,1.6411093457407373,2.4227915406460356,3.432334740044399,0.2941272561851891,0.763900687380025,True
15,6084,M10_dense_island_spectral_pareto,1.391980767250061,3.0027959743893105,1.6108152071392494,1.304248332977295,1.1088959574699402,1.0990713238716125,1.00893903187622,1.107689380645752,1.400212049484253,0.030644867363083427,43.86517003297357,0.023926519738273644,0.5130911827087408,0.12874986875067407,1.3919793403818295,1.4268682315687897e-06,1.7489605806928517,0.0076226835845378815,0.007306208232130177,0.000316475352407584,0.8680423412418001,31.496062992125985,1.0,0.0,0.46098276834673724,0.7852256608693438,0.15061838657728258,0.01718882966907298,1.7489605806928517,31.496062992125985,0.9693551326369165,9.667250452052855,1.040266513824463,0.044800910744251514,False,0.2899932563304901,0.44451217353343964,0.34761459056267086,0.34562408924102783,0.5433586239814758,0.36391165247648516,0.3201664537191391,0.6848300099372864,0.5324876990299264,0.9787916541099548,0.9862783849239349,0.007590890085822477,0.9582848846912384,3.9066178798675537,0.7547021709930516,2.302236326798792e-05,0.00023462219296890437,0.9018747417852361,4.497658551931382,4.836260052919388,0.0700130880645285,0.1690131914221122,-0.3034638243030878,1.5569467524185303,2.773468229900997,3.4327014883141045,0.19204502944905796,0.6523854094373291,True
15,6084,M16b_baseline_dense_microisland_terrace,1.391980767250061,3.0027959743893105,1.6108152071392494,1.5400124788284302,1.1211628317832947,1.0990713238716125,1.0201001585901288,1.1501970291137695,1.431701898574829,0.009163636304780476,44.66731806053254,0.08130249768389208,1.3591371583938594,0.21574488607502662,1.3919794695304775,1.2977195835706112e-06,1.8130494423614774,0.007684894819541377,0.007369556295161541,0.0003153385243798585,0.8411343990095794,31.496062992125985,1.0,0.1428571428571428,0.5004366458563061,1.4203868188056066,0.25690126622361786,0.0584077734413051,1.8130494423614774,31.496062992125985,0.9908363636952195,9.864997271118016,1.0522360801696777,0.043075963390074724,False,0.2711918205022812,0.44451217353343964,0.3899113755500331,0.34362034499645233,0.5433586239814758,0.3675993536670782,0.3001282066106796,0.6848300099372864,0.5617478757419465,0.9954113960266113,0.9862783849239349,0.00926007427748785,1.0633369088172913,3.9066178798675537,0.7278113853169224,2.4185017379938942e-05,0.00023462219296890437,0.8969193106845426,4.037728528380394,4.836260052919388,0.16511343802882641,0.28524037910985733,-0.3034638243030878,1.9399485416916462,2.314868433297077,3.4327014883141045,0.32564237199839546,0.6100886244499669,False
15,6084,M17a_fixed_sparse_peak_terrace,1.391980767250061,3.0027959743893105,1.6108152071392494,1.5400124788284302,1.1211628317832947,1.0990713238716125,1.0201001585901288,1.1501970291137695,1.431701898574829,0.009163636304780476,44.66731806053254,0.08130249768389208,1.3591371583938594,0.21574488607502662,1.3919794695304775,1.2977195835706112e-06,1.8130494423614774,0.007684894819541377,0.007369556295161541,0.0003153385243798585,0.8411343990095794,31.496062992125985,1.0,0.1428571428571428,0.5004366458563061,1.4203868188056066,0.25690126622361786,0.0584077734413051,1.8130494423614774,31.496062992125985,0.9908363636952195,9.864997271118016,1.0522360801696777,0.043075963390074724,False,0.2711918205022812,0.44451217353343964,0.3899113755500331,0.34362034499645233,0.5433586239814758,0.3675993536670782,0.3001282066106796,0.6848300099372864,0.5617478757419465,0.9954113960266113,0.9862783849239349,0.00926007427748785,1.0633369088172913,3.9066178798675537,0.7278113853169224,2.4185017379938942e-05,0.00023462219296890437,0.8969193106845426,4.037728528380394,4.836260052919388,0.16511343802882641,0.28524037910985733,-0.3034638243030878,1.9399485416916462,2.314868433297077,3.4327014883141045,0.32564237199839546,0.6100886244499669,False
15,6084,M17b_topology_sparse_peak_terrace,1.391980767250061,3.0027959743893105,1.6108152071392494,1.5400124788284302,1.1211628317832947,1.0990713238716125,1.0201001585901288,1.1501970291137695,1.431701898574829,0.009163636304780476,44.66731806053254,0.08130249768389208,1.3591371583938594,0.21574488607502662,1.3919794695304775,1.2977195835706112e-06,1.8130494423614774,0.007684894819541377,0.007369556295161541,0.0003153385243798585,0.8411343990095794,31.496062992125985,1.0,0.1428571428571428,0.5004366458563061,1.4203868188056066,0.25690126622361786,0.0584077734413051,1.8130494423614774,31.496062992125985,0.9908363636952195,9.864997271118016,1.0522360801696777,0.043075963390074724,False,0.2711918205022812,0.44451217353343964,0.3899113755500331,0.34362034499645233,0.5433586239814758,0.3675993536670782,0.3001282066106796,0.6848300099372864,0.5617478757419465,0.9954113960266113,0.9862783849239349,0.00926007427748785,1.0633369088172913,3.9066178798675537,0.7278113853169224,2.4185017379938942e-05,0.00023462219296890437,0.8969193106845426,4.037728528380394,4.836260052919388,0.16511343802882641,0.28524037910985733,-0.3034638243030878,1.9399485416916462,2.314868433297077,3.4327014883141045,0.32564237199839546,0.6100886244499669,False
15,6084,M17c_topology_sparse_finetexture_terrace,1.391980767250061,3.0027959743893105,1.6108152071392494,1.5400124788284302,1.1211628317832947,1.0990713238716125,1.0201001585901288,1.1501970291137695,1.431701898574829,0.009163636304780476,44.66731806053254,0.08130249768389208,1.3591371583938594,0.21574488607502662,1.3919794695304775,1.2977195835706112e-06,1.8130494423614774,0.007684894819541377,0.007369556295161541,0.0003153385243798585,0.8411343990095794,31.496062992125985,1.0,0.1428571428571428,0.5004366458563061,1.4203868188056066,0.25690126622361786,0.0584077734413051,1.8130494423614774,31.496062992125985,0.9908363636952195,9.864997271118016,1.0522360801696777,0.043075963390074724,False,0.2711918205022812,0.44451217353343964,0.3899113755500331,0.34362034499645233,0.5433586239814758,0.3675993536670782,0.3001282066106796,0.6848300099372864,0.5617478757419465,0.9954113960266113,0.9862783849239349,0.00926007427748785,1.0633369088172913,3.9066178798675537,0.7278113853169224,2.4185017379938942e-05,0.00023462219296890437,0.8969193106845426,4.037728528380394,4.836260052919388,0.16511343802882641,0.28524037910985733,-0.3034638243030878,1.9399485416916462,2.314868433297077,3.4327014883141045,0.32564237199839546,0.6100886244499669,False
15,6084,M17d_multiscale_texture_no_peak_terrace,1.391980767250061,3.0027959743893105,1.6108152071392494,1.5400124788284302,1.1211628317832947,1.0990713238716125,1.0201001585901288,1.1501970291137695,1.431701898574829,0.009163636304780476,44.66731806053254,0.08130249768389208,1.3591371583938594,0.21574488607502662,1.3919794695304775,1.2977195835706112e-06,1.8130494423614774,0.007684894819541377,0.007369556295161541,0.0003153385243798585,0.8411343990095794,31.496062992125985,1.0,0.1428571428571428,0.5004366458563061,1.4203868188056066,0.25690126622361786,0.0584077734413051,1.8130494423614774,31.496062992125985,0.9908363636952195,9.864997271118016,1.0522360801696777,0.043075963390074724,False,0.2711918205022812,0.44451217353343964,0.3899113755500331,0.34362034499645233,0.5433586239814758,0.3675993536670782,0.3001282066106796,0.6848300099372864,0.5617478757419465,0.9954113960266113,0.9862783849239349,0.00926007427748785,1.0633369088172913,3.9066178798675537,0.7278113853169224,2.4185017379938942e-05,0.00023462219296890437,0.8969193106845426,4.037728528380394,4.836260052919388,0.16511343802882641,0.28524037910985733,-0.3034638243030878,1.9399485416916462,2.314868433297077,3.4327014883141045,0.32564237199839546,0.6100886244499669,False
15,6084,M17e_broad_sparse_peak_terrace,1.391980767250061,3.0027959743893105,1.6108152071392494,1.5400124788284302,1.1211628317832947,1.0990713238716125,1.0201001585901288,1.1501970291137695,1.431701898574829,0.009163636304780476,44.66731806053254,0.08130249768389208,1.3591371583938594,0.21574488607502662,1.3919794695304775,1.2977195835706112e-06,1.8130494423614774,0.007684894819541377,0.007369556295161541,0.0003153385243798585,0.8411343990095794,31.496062992125985,1.0,0.1428571428571428,0.5004366458563061,1.4203868188056066,0.25690126622361786,0.0584077734413051,1.8130494423614774,31.496062992125985,0.9908363636952195,9.864997271118016,1.0522360801696777,0.043075963390074724,False,0.2711918205022812,0.44451217353343964,0.3899113755500331,0.34362034499645233,0.5433586239814758,0.3675993536670782,0.3001282066106796,0.6848300099372864,0.5617478757419465,0.9954113960266113,0.9862783849239349,0.00926007427748785,1.0633369088172913,3.9066178798675537,0.7278113853169224,2.4185017379938942e-05,0.00023462219296890437,0.8969193106845426,4.037728528380394,4.836260052919388,0.16511343802882641,0.28524037910985733,-0.3034638243030878,1.9399485416916462,2.314868433297077,3.4327014883141045,0.32564237199839546,0.6100886244499669,False
15,6084,M17f_broad_sparse_finetexture_terrace,1.391980767250061,3.0027959743893105,1.6108152071392494,1.5400124788284302,1.1211628317832947,1.0990713238716125,1.0201001585901288,1.1501970291137695,1.431701898574829,0.009163636304780476,44.66731806053254,0.08130249768389208,1.3591371583938594,0.21574488607502662,1.3919794695304775,1.2977195835706112e-06,1.8130494423614774,0.007684894819541377,0.007369556295161541,0.0003153385243798585,0.8411343990095794,31.496062992125985,1.0,0.1428571428571428,0.5004366458563061,1.4203868188056066,0.25690126622361786,0.0584077734413051,1.8130494423614774,31.496062992125985,0.9908363636952195,9.864997271118016,1.0522360801696777,0.043075963390074724,False,0.2711918205022812,0.44451217353343964,0.3899113755500331,0.34362034499645233,0.5433586239814758,0.3675993536670782,0.3001282066106796,0.6848300099372864,0.5617478757419465,0.9954113960266113,0.9862783849239349,0.00926007427748785,1.0633369088172913,3.9066178798675537,0.7278113853169224,2.4185017379938942e-05,0.00023462219296890437,0.8969193106845426,4.037728528380394,4.836260052919388,0.16511343802882641,0.28524037910985733,-0.3034638243030878,1.9399485416916462,2.314868433297077,3.4327014883141045,0.32564237199839546,0.6100886244499669,False
15,6084,M17g_moderate_broad_topology_terrace,1.391980767250061,3.0027959743893105,1.6108152071392494,1.5400124788284302,1.1211628317832947,1.0990713238716125,1.0201001585901288,1.1501970291137695,1.431701898574829,0.009163636304780476,44.66731806053254,0.08130249768389208,1.3591371583938594,0.21574488607502662,1.3919794695304775,1.2977195835706112e-06,1.8130494423614774,0.007684894819541377,0.007369556295161541,0.0003153385243798585,0.8411343990095794,31.496062992125985,1.0,0.1428571428571428,0.5004366458563061,1.4203868188056066,0.25690126622361786,0.0584077734413051,1.8130494423614774,31.496062992125985,0.9908363636952195,9.864997271118016,1.0522360801696777,0.043075963390074724,False,0.2711918205022812,0.44451217353343964,0.3899113755500331,0.34362034499645233,0.5433586239814758,0.3675993536670782,0.3001282066106796,0.6848300099372864,0.5617478757419465,0.9954113960266113,0.9862783849239349,0.00926007427748785,1.0633369088172913,3.9066178798675537,0.7278113853169224,2.4185017379938942e-05,0.00023462219296890437,0.8969193106845426,4.037728528380394,4.836260052919388,0.16511343802882641,0.28524037910985733,-0.3034638243030878,1.9399485416916462,2.314868433297077,3.4327014883141045,0.32564237199839546,0.6100886244499669,False
15,6084,M17h_hierarchical_sparse_island_terrace,1.391980767250061,3.0027959743893105,1.6108152071392494,1.5400124788284302,1.1211628317832947,1.0990713238716125,1.0201001585901288,1.1501970291137695,1.431701898574829,0.009163636304780476,44.66731806053254,0.08130249768389208,1.3591371583938594,0.21574488607502662,1.3919794695304775,1.2977195835706112e-06,1.8130494423614774,0.007684894819541377,0.007369556295161541,0.0003153385243798585,0.8411343990095794,31.496062992125985,1.0,0.1428571428571428,0.5004366458563061,1.4203868188056066,0.25690126622361786,0.0584077734413051,1.8130494423614774,31.496062992125985,0.9908363636952195,9.864997271118016,1.0522360801696777,0.043075963390074724,False,0.2711918205022812,0.44451217353343964,0.3899113755500331,0.34362034499645233,0.5433586239814758,0.3675993536670782,0.3001282066106796,0.6848300099372864,0.5617478757419465,0.9954113960266113,0.9862783849239349,0.00926007427748785,1.0633369088172913,3.9066178798675537,0.7278113853169224,2.4185017379938942e-05,0.00023462219296890437,0.8969193106845426,4.037728528380394,4.836260052919388,0.16511343802882641,0.28524037910985733,-0.3034638243030878,1.9399485416916462,2.314868433297077,3.4327014883141045,0.32564237199839546,0.6100886244499669,False
15,6084,M17i_soft_hierarchical_island_terrace,1.391980767250061,3.0027959743893105,1.6108152071392494,1.5400124788284302,1.1211628317832947,1.0990713238716125,1.0201001585901288,1.1501970291137695,1.431701898574829,0.009163636304780476,44.66731806053254,0.08130249768389208,1.3591371583938594,0.21574488607502662,1.3919794695304775,1.2977195835706112e-06,1.8130494423614774,0.007684894819541377,0.007369556295161541,0.0003153385243798585,0.8411343990095794,31.496062992125985,1.0,0.1428571428571428,0.5004366458563061,1.4203868188056066,0.25690126622361786,0.0584077734413051,1.8130494423614774,31.496062992125985,0.9908363636952195,9.864997271118016,1.0522360801696777,0.043075963390074724,False,0.2711918205022812,0.44451217353343964,0.3899113755500331,0.34362034499645233,0.5433586239814758,0.3675993536670782,0.3001282066106796,0.6848300099372864,0.5617478757419465,0.9954113960266113,0.9862783849239349,0.00926007427748785,1.0633369088172913,3.9066178798675537,0.7278113853169224,2.4185017379938942e-05,0.00023462219296890437,0.8969193106845426,4.037728528380394,4.836260052919388,0.16511343802882641,0.28524037910985733,-0.3034638243030878,1.9399485416916462,2.314868433297077,3.4327014883141045,0.32564237199839546,0.6100886244499669,False
16,6085,M10_dense_island_spectral_pareto,2.2395859956741333,4.712617056715483,2.4730310610413495,0.5696415901184082,1.0929241180419922,1.1103694438934326,0.9842887194461425,1.1535298824310303,1.4545536041259766,0.01064551640339753,39.79604912775909,0.02114011654497272,0.18260191440582219,0.06820263164762252,2.2395835663689976,2.429305135720483e-06,0.6358997355195007,0.0014566453422326653,0.0013977273744936313,5.891796773920014e-05,0.09458343078119302,15.748031496062993,0.4,0.19999999999999996,0.1931785232037223,0.035493137599544866,0.06923583744892037,0.009439297225094623,0.6358997355195007,15.748031496062993,0.9893544835966025,8.359300570184667,1.00228750705719,0.040604444857227334,False,0.3006560653448105,0.356780081987381,0.15730703443404545,0.36115238070487976,0.42120400071144104,0.14257134287691992,0.3478782922029495,0.4877578914165497,0.28678080185921934,1.0202044248580933,1.009300410747528,0.010803536780976081,0.9296459555625916,5.1771399974823,0.8204325252910509,3.0699402341339836e-05,8.800801349097697e-05,0.6511749200601228,4.694529042243958,4.684128935337067,0.002220286215529355,0.05807280992771222,-0.08669678765679681,1.6698380816323066,3.094490939528005,3.042725974623362,0.01701269366231734,0.8426929655659545,True
16,6085,M16b_baseline_dense_microisland_terrace,2.2395859956741333,4.712617056715483,2.4730310610413495,0.8765878677368164,1.1130847930908203,1.1103694438934326,1.0024454466144768,1.1509665250778198,1.4338504076004028,0.013699352049387173,38.58867337380851,0.05560849723133732,0.7508900117874155,0.21084823600381242,2.2395836916750183,2.3039991150497485e-06,0.8294213304267419,0.0015996784366053562,0.0015355575763450658,6.412086026011561e-05,0.1347613460121524,15.748031496062993,0.4,0.19999999999999996,0.3634290943519492,0.4799788825148634,0.13795467127114538,0.024829812483773916,0.8294213304267419,15.748031496062993,0.9863006479506128,8.185884339375459,1.0397844314575195,0.037837886821391845,False,0.2761557996273041,0.356780081987381,0.22597753190417316,0.3484393358230591,0.42120400071144104,0.1727539737644412,0.3105866461992264,0.4877578914165497,0.36323604053392433,1.0624485611915588,1.009300410747528,0.052658405642247906,1.0720068216323853,5.1771399974823,0.7929345503205024,2.633569315731807e-05,8.800801349097697e-05,0.7007580092690294,4.268934164047241,4.684128935337067,0.0886386299398371,0.27732574123413745,-0.08669678765679681,4.19880065605171,2.467366450287287,3.042725974623362,0.18909344092587718,0.7740224680958269,True
16,6085,M17a_fixed_sparse_peak_terrace,2.2395859956741333,4.712617056715483,2.4730310610413495,0.8765878677368164,1.1130847930908203,1.1103694438934326,1.0024454466144768,1.1509665250778198,1.4338504076004028,0.013699352049387173,38.58867337380851,0.05560849723133732,0.7508900117874155,0.21084823600381242,2.2395836916750183,2.3039991150497485e-06,0.8294213304267419,0.0015996784366053562,0.0015355575763450658,6.412086026011561e-05,0.1347613460121524,15.748031496062993,0.4,0.19999999999999996,0.3634290943519492,0.4799788825148634,0.13795467127114538,0.024829812483773916,0.8294213304267419,15.748031496062993,0.9863006479506128,8.185884339375459,1.0397844314575195,0.037837886821391845,False,0.2761557996273041,0.356780081987381,0.22597753190417316,0.3484393358230591,0.42120400071144104,0.1727539737644412,0.3105866461992264,0.4877578914165497,0.36323604053392433,1.0624485611915588,1.009300410747528,0.052658405642247906,1.0720068216323853,5.1771399974823,0.7929345503205024,2.633569315731807e-05,8.800801349097697e-05,0.7007580092690294,4.268934164047241,4.684128935337067,0.0886386299398371,0.27732574123413745,-0.08669678765679681,4.19880065605171,2.467366450287287,3.042725974623362,0.18909344092587718,0.7740224680958269,True
16,6085,M17b_topology_sparse_peak_terrace,2.2395859956741333,4.712617056715483,2.4730310610413495,0.8765878677368164,1.1130847930908203,1.1103694438934326,1.0024454466144768,1.1509665250778198,1.4338504076004028,0.013699352049387173,38.58867337380851,0.05560849723133732,0.7508900117874155,0.21084823600381242,2.2395836916750183,2.3039991150497485e-06,0.8294213304267419,0.0015996784366053562,0.0015355575763450658,6.412086026011561e-05,0.1347613460121524,15.748031496062993,0.4,0.19999999999999996,0.3634290943519492,0.4799788825148634,0.13795467127114538,0.024829812483773916,0.8294213304267419,15.748031496062993,0.9863006479506128,8.185884339375459,1.0397844314575195,0.037837886821391845,False,0.2761557996273041,0.356780081987381,0.22597753190417316,0.3484393358230591,0.42120400071144104,0.1727539737644412,0.3105866461992264,0.4877578914165497,0.36323604053392433,1.0624485611915588,1.009300410747528,0.052658405642247906,1.0720068216323853,5.1771399974823,0.7929345503205024,2.633569315731807e-05,8.800801349097697e-05,0.7007580092690294,4.268934164047241,4.684128935337067,0.0886386299398371,0.27732574123413745,-0.08669678765679681,4.19880065605171,2.467366450287287,3.042725974623362,0.18909344092587718,0.7740224680958269,True
16,6085,M17c_topology_sparse_finetexture_terrace,2.2395859956741333,4.712617056715483,2.4730310610413495,0.8765878677368164,1.1130847930908203,1.1103694438934326,1.0024454466144768,1.1509665250778198,1.4338504076004028,0.013699352049387173,38.58867337380851,0.05560849723133732,0.7508900117874155,0.21084823600381242,2.2395836916750183,2.3039991150497485e-06,0.8294213304267419,0.0015996784366053562,0.0015355575763450658,6.412086026011561e-05,0.1347613460121524,15.748031496062993,0.4,0.19999999999999996,0.3634290943519492,0.4799788825148634,0.13795467127114538,0.024829812483773916,0.8294213304267419,15.748031496062993,0.9863006479506128,8.185884339375459,1.0397844314575195,0.037837886821391845,False,0.2761557996273041,0.356780081987381,0.22597753190417316,0.3484393358230591,0.42120400071144104,0.1727539737644412,0.3105866461992264,0.4877578914165497,0.36323604053392433,1.0624485611915588,1.009300410747528,0.052658405642247906,1.0720068216323853,5.1771399974823,0.7929345503205024,2.633569315731807e-05,8.800801349097697e-05,0.7007580092690294,4.268934164047241,4.684128935337067,0.0886386299398371,0.27732574123413745,-0.08669678765679681,4.19880065605171,2.467366450287287,3.042725974623362,0.18909344092587718,0.7740224680958269,True
16,6085,M17d_multiscale_texture_no_peak_terrace,2.2395859956741333,4.712617056715483,2.4730310610413495,0.8765878677368164,1.1130847930908203,1.1103694438934326,1.0024454466144768,1.1509665250778198,1.4338504076004028,0.013699352049387173,38.58867337380851,0.05560849723133732,0.7508900117874155,0.21084823600381242,2.2395836916750183,2.3039991150497485e-06,0.8294213304267419,0.0015996784366053562,0.0015355575763450658,6.412086026011561e-05,0.1347613460121524,15.748031496062993,0.4,0.19999999999999996,0.3634290943519492,0.4799788825148634,0.13795467127114538,0.024829812483773916,0.8294213304267419,15.748031496062993,0.9863006479506128,8.185884339375459,1.0397844314575195,0.037837886821391845,False,0.2761557996273041,0.356780081987381,0.22597753190417316,0.3484393358230591,0.42120400071144104,0.1727539737644412,0.3105866461992264,0.4877578914165497,0.36323604053392433,1.0624485611915588,1.009300410747528,0.052658405642247906,1.0720068216323853,5.1771399974823,0.7929345503205024,2.633569315731807e-05,8.800801349097697e-05,0.7007580092690294,4.268934164047241,4.684128935337067,0.0886386299398371,0.27732574123413745,-0.08669678765679681,4.19880065605171,2.467366450287287,3.042725974623362,0.18909344092587718,0.7740224680958269,True
16,6085,M17e_broad_sparse_peak_terrace,2.2395859956741333,4.712617056715483,2.4730310610413495,0.8765878677368164,1.1130847930908203,1.1103694438934326,1.0024454466144768,1.1509665250778198,1.4338504076004028,0.013699352049387173,38.58867337380851,0.05560849723133732,0.7508900117874155,0.21084823600381242,2.2395836916750183,2.3039991150497485e-06,0.8294213304267419,0.0015996784366053562,0.0015355575763450658,6.412086026011561e-05,0.1347613460121524,15.748031496062993,0.4,0.19999999999999996,0.3634290943519492,0.4799788825148634,0.13795467127114538,0.024829812483773916,0.8294213304267419,15.748031496062993,0.9863006479506128,8.185884339375459,1.0397844314575195,0.037837886821391845,False,0.2761557996273041,0.356780081987381,0.22597753190417316,0.3484393358230591,0.42120400071144104,0.1727539737644412,0.3105866461992264,0.4877578914165497,0.36323604053392433,1.0624485611915588,1.009300410747528,0.052658405642247906,1.0720068216323853,5.1771399974823,0.7929345503205024,2.633569315731807e-05,8.800801349097697e-05,0.7007580092690294,4.268934164047241,4.684128935337067,0.0886386299398371,0.27732574123413745,-0.08669678765679681,4.19880065605171,2.467366450287287,3.042725974623362,0.18909344092587718,0.7740224680958269,True
16,6085,M17f_broad_sparse_finetexture_terrace,2.2395859956741333,4.712617056715483,2.4730310610413495,0.8765878677368164,1.1130847930908203,1.1103694438934326,1.0024454466144768,1.1509665250778198,1.4338504076004028,0.013699352049387173,38.58867337380851,0.05560849723133732,0.7508900117874155,0.21084823600381242,2.2395836916750183,2.3039991150497485e-06,0.8294213304267419,0.0015996784366053562,0.0015355575763450658,6.412086026011561e-05,0.1347613460121524,15.748031496062993,0.4,0.19999999999999996,0.3634290943519492,0.4799788825148634,0.13795467127114538,0.024829812483773916,0.8294213304267419,15.748031496062993,0.9863006479506128,8.185884339375459,1.0397844314575195,0.037837886821391845,False,0.2761557996273041,0.356780081987381,0.22597753190417316,0.3484393358230591,0.42120400071144104,0.1727539737644412,0.3105866461992264,0.4877578914165497,0.36323604053392433,1.0624485611915588,1.009300410747528,0.052658405642247906,1.0720068216323853,5.1771399974823,0.7929345503205024,2.633569315731807e-05,8.800801349097697e-05,0.7007580092690294,4.268934164047241,4.684128935337067,0.0886386299398371,0.27732574123413745,-0.08669678765679681,4.19880065605171,2.467366450287287,3.042725974623362,0.18909344092587718,0.7740224680958269,True
16,6085,M17g_moderate_broad_topology_terrace,2.2395859956741333,4.712617056715483,2.4730310610413495,0.8765878677368164,1.1130847930908203,1.1103694438934326,1.0024454466144768,1.1509665250778198,1.4338504076004028,0.013699352049387173,38.58867337380851,0.05560849723133732,0.7508900117874155,0.21084823600381242,2.2395836916750183,2.3039991150497485e-06,0.8294213304267419,0.0015996784366053562,0.0015355575763450658,6.412086026011561e-05,0.1347613460121524,15.748031496062993,0.4,0.19999999999999996,0.3634290943519492,0.4799788825148634,0.13795467127114538,0.024829812483773916,0.8294213304267419,15.748031496062993,0.9863006479506128,8.185884339375459,1.0397844314575195,0.037837886821391845,False,0.2761557996273041,0.356780081987381,0.22597753190417316,0.3484393358230591,0.42120400071144104,0.1727539737644412,0.3105866461992264,0.4877578914165497,0.36323604053392433,1.0624485611915588,1.009300410747528,0.052658405642247906,1.0720068216323853,5.1771399974823,0.7929345503205024,2.633569315731807e-05,8.800801349097697e-05,0.7007580092690294,4.268934164047241,4.684128935337067,0.0886386299398371,0.27732574123413745,-0.08669678765679681,4.19880065605171,2.467366450287287,3.042725974623362,0.18909344092587718,0.7740224680958269,True
16,6085,M17h_hierarchical_sparse_island_terrace,2.2395859956741333,4.712617056715483,2.4730310610413495,0.8765878677368164,1.1130847930908203,1.1103694438934326,1.0024454466144768,1.1509665250778198,1.4338504076004028,0.013699352049387173,38.58867337380851,0.05560849723133732,0.7508900117874155,0.21084823600381242,2.2395836916750183,2.3039991150497485e-06,0.8294213304267419,0.0015996784366053562,0.0015355575763450658,6.412086026011561e-05,0.1347613460121524,15.748031496062993,0.4,0.19999999999999996,0.3634290943519492,0.4799788825148634,0.13795467127114538,0.024829812483773916,0.8294213304267419,15.748031496062993,0.9863006479506128,8.185884339375459,1.0397844314575195,0.037837886821391845,False,0.2761557996273041,0.356780081987381,0.22597753190417316,0.3484393358230591,0.42120400071144104,0.1727539737644412,0.3105866461992264,0.4877578914165497,0.36323604053392433,1.0624485611915588,1.009300410747528,0.052658405642247906,1.0720068216323853,5.1771399974823,0.7929345503205024,2.633569315731807e-05,8.800801349097697e-05,0.7007580092690294,4.268934164047241,4.684128935337067,0.0886386299398371,0.27732574123413745,-0.08669678765679681,4.19880065605171,2.467366450287287,3.042725974623362,0.18909344092587718,0.7740224680958269,True
16,6085,M17i_soft_hierarchical_island_terrace,2.2395859956741333,4.712617056715483,2.4730310610413495,0.8765878677368164,1.1130847930908203,1.1103694438934326,1.0024454466144768,1.1509665250778198,1.4338504076004028,0.013699352049387173,38.58867337380851,0.05560849723133732,0.7508900117874155,0.21084823600381242,2.2395836916750183,2.3039991150497485e-06,0.8294213304267419,0.0015996784366053562,0.0015355575763450658,6.412086026011561e-05,0.1347613460121524,15.748031496062993,0.4,0.19999999999999996,0.3634290943519492,0.4799788825148634,0.13795467127114538,0.024829812483773916,0.8294213304267419,15.748031496062993,0.9863006479506128,8.185884339375459,1.0397844314575195,0.037837886821391845,False,0.2761557996273041,0.356780081987381,0.22597753190417316,0.3484393358230591,0.42120400071144104,0.1727539737644412,0.3105866461992264,0.4877578914165497,0.36323604053392433,1.0624485611915588,1.009300410747528,0.052658405642247906,1.0720068216323853,5.1771399974823,0.7929345503205024,2.633569315731807e-05,8.800801349097697e-05,0.7007580092690294,4.268934164047241,4.684128935337067,0.0886386299398371,0.27732574123413745,-0.08669678765679681,4.19880065605171,2.467366450287287,3.042725974623362,0.18909344092587718,0.7740224680958269,True
17,6090,M10_dense_island_spectral_pareto,2.4095938205718994,5.133664548461037,2.7240707278891376,0.6870644092559814,1.1346933245658875,1.13302481174469,1.0014726180785294,1.1149426698684692,1.3971703052520752,0.021189860048971738,38.23749671514708,0.022626359768573856,0.7798757076263421,0.07603654115810621,2.4095914616050105,2.3589668889378856e-06,0.6415612795291937,0.0008623459720726867,0.0008574072255148208,4.9387465577478175e-06,0.32962548900594335,15.748031496062993,0.4,0.05714285714285716,0.11547105139482255,0.09135628593350509,0.06884490497574529,0.009390113826054147,0.6415612795291937,15.748031496062993,0.9788101399510283,8.04817547662964,1.0404481887817383,0.037505644761022944,False,0.31001174449920654,0.34492453932762146,0.10121864595795986,0.3682298809289932,0.41355329751968384,0.1095951038536535,0.3983954191207886,0.46004727482795715,0.1340120006802005,1.020480751991272,0.9423497915267944,0.08291078447408559,1.0757351517677307,5.487328052520752,0.8039601165682881,6.605829183100784e-05,7.368233682877677e-05,0.10347181327168965,4.698999836444855,4.802579879760742,0.021567583654859914,0.01032539225188668,0.0018426855044394491,4.60344791718959,3.1197518034289384,3.1913497837656943,0.022435015021221676,0.8987813540420402,True
17,6090,M16b_baseline_dense_microisland_terrace,2.4095938205718994,5.133664548461037,2.7240707278891376,0.9767245054244995,1.1827908754348755,1.13302481174469,1.0439231896550907,1.1221768856048584,1.403746247291565,0.02226011352637739,37.064154812131406,0.09513125219938745,1.523585205078124,0.32491091763127244,2.409591462290437,2.358281462555567e-06,0.849019928792896,0.0013352417377980874,0.0012886913800947185,4.655035770345716e-05,0.0322068133751916,15.748031496062993,0.4,0.05714285714285716,0.3894446077476138,0.5869567954863153,0.1942661763674444,0.039480202760643346,0.849019928792896,15.748031496062993,0.9777398864736226,7.894450856166629,1.06282639503479,0.038107411368351406,False,0.27464333176612854,0.34492453932762146,0.2037582124440771,0.34366314113140106,0.41355329751968384,0.16899915151796419,0.3061286062002182,0.46004727482795715,0.3345714170033929,1.0296581983566284,0.9423497915267944,0.09264968020885002,1.061943531036377,5.487328052520752,0.8064734747271863,2.7553172633939003e-05,7.368233682877677e-05,0.6260545767167083,4.205845981240273,4.802579879760742,0.12425277943533082,0.2078671190956464,0.0018426855044394491,111.806617621318,2.478797783984077,3.1913497837656943,0.2232760581138267,0.7962417875559229,True
17,6090,M17a_fixed_sparse_peak_terrace,2.4095938205718994,5.133664548461037,2.7240707278891376,0.9767245054244995,1.1827908754348755,1.13302481174469,1.0439231896550907,1.1221768856048584,1.403746247291565,0.02226011352637739,37.064154812131406,0.09513125219938745,1.523585205078124,0.32491091763127244,2.409591462290437,2.358281462555567e-06,0.849019928792896,0.0013352417377980874,0.0012886913800947185,4.655035770345716e-05,0.0322068133751916,15.748031496062993,0.4,0.05714285714285716,0.3894446077476138,0.5869567954863153,0.1942661763674444,0.039480202760643346,0.849019928792896,15.748031496062993,0.9777398864736226,7.894450856166629,1.06282639503479,0.038107411368351406,False,0.27464333176612854,0.34492453932762146,0.2037582124440771,0.34366314113140106,0.41355329751968384,0.16899915151796419,0.3061286062002182,0.46004727482795715,0.3345714170033929,1.0296581983566284,0.9423497915267944,0.09264968020885002,1.061943531036377,5.487328052520752,0.8064734747271863,2.7553172633939003e-05,7.368233682877677e-05,0.6260545767167083,4.205845981240273,4.802579879760742,0.12425277943533082,0.2078671190956464,0.0018426855044394491,111.806617621318,2.478797783984077,3.1913497837656943,0.2232760581138267,0.7962417875559229,True
17,6090,M17b_topology_sparse_peak_terrace,2.4095938205718994,5.133664548461037,2.7240707278891376,0.9767245054244995,1.1827908754348755,1.13302481174469,1.0439231896550907,1.1221768856048584,1.403746247291565,0.02226011352637739,37.064154812131406,0.09513125219938745,1.523585205078124,0.32491091763127244,2.409591462290437,2.358281462555567e-06,0.849019928792896,0.0013352417377980874,0.0012886913800947185,4.655035770345716e-05,0.0322068133751916,15.748031496062993,0.4,0.05714285714285716,0.3894446077476138,0.5869567954863153,0.1942661763674444,0.039480202760643346,0.849019928792896,15.748031496062993,0.9777398864736226,7.894450856166629,1.06282639503479,0.038107411368351406,False,0.27464333176612854,0.34492453932762146,0.2037582124440771,0.34366314113140106,0.41355329751968384,0.16899915151796419,0.3061286062002182,0.46004727482795715,0.3345714170033929,1.0296581983566284,0.9423497915267944,0.09264968020885002,1.061943531036377,5.487328052520752,0.8064734747271863,2.7553172633939003e-05,7.368233682877677e-05,0.6260545767167083,4.205845981240273,4.802579879760742,0.12425277943533082,0.2078671190956464,0.0018426855044394491,111.806617621318,2.478797783984077,3.1913497837656943,0.2232760581138267,0.7962417875559229,True
17,6090,M17c_topology_sparse_finetexture_terrace,2.4095938205718994,5.133664548461037,2.7240707278891376,0.9767245054244995,1.1827908754348755,1.13302481174469,1.0439231896550907,1.1221768856048584,1.403746247291565,0.02226011352637739,37.064154812131406,0.09513125219938745,1.523585205078124,0.32491091763127244,2.409591462290437,2.358281462555567e-06,0.849019928792896,0.0013352417377980874,0.0012886913800947185,4.655035770345716e-05,0.0322068133751916,15.748031496062993,0.4,0.05714285714285716,0.3894446077476138,0.5869567954863153,0.1942661763674444,0.039480202760643346,0.849019928792896,15.748031496062993,0.9777398864736226,7.894450856166629,1.06282639503479,0.038107411368351406,False,0.27464333176612854,0.34492453932762146,0.2037582124440771,0.34366314113140106,0.41355329751968384,0.16899915151796419,0.3061286062002182,0.46004727482795715,0.3345714170033929,1.0296581983566284,0.9423497915267944,0.09264968020885002,1.061943531036377,5.487328052520752,0.8064734747271863,2.7553172633939003e-05,7.368233682877677e-05,0.6260545767167083,4.205845981240273,4.802579879760742,0.12425277943533082,0.2078671190956464,0.0018426855044394491,111.806617621318,2.478797783984077,3.1913497837656943,0.2232760581138267,0.7962417875559229,True
17,6090,M17d_multiscale_texture_no_peak_terrace,2.4095938205718994,5.133664548461037,2.7240707278891376,0.9767245054244995,1.1827908754348755,1.13302481174469,1.0439231896550907,1.1221768856048584,1.403746247291565,0.02226011352637739,37.064154812131406,0.09513125219938745,1.523585205078124,0.32491091763127244,2.409591462290437,2.358281462555567e-06,0.849019928792896,0.0013352417377980874,0.0012886913800947185,4.655035770345716e-05,0.0322068133751916,15.748031496062993,0.4,0.05714285714285716,0.3894446077476138,0.5869567954863153,0.1942661763674444,0.039480202760643346,0.849019928792896,15.748031496062993,0.9777398864736226,7.894450856166629,1.06282639503479,0.038107411368351406,False,0.27464333176612854,0.34492453932762146,0.2037582124440771,0.34366314113140106,0.41355329751968384,0.16899915151796419,0.3061286062002182,0.46004727482795715,0.3345714170033929,1.0296581983566284,0.9423497915267944,0.09264968020885002,1.061943531036377,5.487328052520752,0.8064734747271863,2.7553172633939003e-05,7.368233682877677e-05,0.6260545767167083,4.205845981240273,4.802579879760742,0.12425277943533082,0.2078671190956464,0.0018426855044394491,111.806617621318,2.478797783984077,3.1913497837656943,0.2232760581138267,0.7962417875559229,True
17,6090,M17e_broad_sparse_peak_terrace,2.4095938205718994,5.133664548461037,2.7240707278891376,0.9767245054244995,1.1827908754348755,1.13302481174469,1.0439231896550907,1.1221768856048584,1.403746247291565,0.02226011352637739,37.064154812131406,0.09513125219938745,1.523585205078124,0.32491091763127244,2.409591462290437,2.358281462555567e-06,0.849019928792896,0.0013352417377980874,0.0012886913800947185,4.655035770345716e-05,0.0322068133751916,15.748031496062993,0.4,0.05714285714285716,0.3894446077476138,0.5869567954863153,0.1942661763674444,0.039480202760643346,0.849019928792896,15.748031496062993,0.9777398864736226,7.894450856166629,1.06282639503479,0.038107411368351406,False,0.27464333176612854,0.34492453932762146,0.2037582124440771,0.34366314113140106,0.41355329751968384,0.16899915151796419,0.3061286062002182,0.46004727482795715,0.3345714170033929,1.0296581983566284,0.9423497915267944,0.09264968020885002,1.061943531036377,5.487328052520752,0.8064734747271863,2.7553172633939003e-05,7.368233682877677e-05,0.6260545767167083,4.205845981240273,4.802579879760742,0.12425277943533082,0.2078671190956464,0.0018426855044394491,111.806617621318,2.478797783984077,3.1913497837656943,0.2232760581138267,0.7962417875559229,True
17,6090,M17f_broad_sparse_finetexture_terrace,2.4095938205718994,5.133664548461037,2.7240707278891376,0.9767245054244995,1.1827908754348755,1.13302481174469,1.0439231896550907,1.1221768856048584,1.403746247291565,0.02226011352637739,37.064154812131406,0.09513125219938745,1.523585205078124,0.32491091763127244,2.409591462290437,2.358281462555567e-06,0.849019928792896,0.0013352417377980874,0.0012886913800947185,4.655035770345716e-05,0.0322068133751916,15.748031496062993,0.4,0.05714285714285716,0.3894446077476138,0.5869567954863153,0.1942661763674444,0.039480202760643346,0.849019928792896,15.748031496062993,0.9777398864736226,7.894450856166629,1.06282639503479,0.038107411368351406,False,0.27464333176612854,0.34492453932762146,0.2037582124440771,0.34366314113140106,0.41355329751968384,0.16899915151796419,0.3061286062002182,0.46004727482795715,0.3345714170033929,1.0296581983566284,0.9423497915267944,0.09264968020885002,1.061943531036377,5.487328052520752,0.8064734747271863,2.7553172633939003e-05,7.368233682877677e-05,0.6260545767167083,4.205845981240273,4.802579879760742,0.12425277943533082,0.2078671190956464,0.0018426855044394491,111.806617621318,2.478797783984077,3.1913497837656943,0.2232760581138267,0.7962417875559229,True
17,6090,M17g_moderate_broad_topology_terrace,2.4095938205718994,5.133664548461037,2.7240707278891376,0.9767245054244995,1.1827908754348755,1.13302481174469,1.0439231896550907,1.1221768856048584,1.403746247291565,0.02226011352637739,37.064154812131406,0.09513125219938745,1.523585205078124,0.32491091763127244,2.409591462290437,2.358281462555567e-06,0.849019928792896,0.0013352417377980874,0.0012886913800947185,4.655035770345716e-05,0.0322068133751916,15.748031496062993,0.4,0.05714285714285716,0.3894446077476138,0.5869567954863153,0.1942661763674444,0.039480202760643346,0.849019928792896,15.748031496062993,0.9777398864736226,7.894450856166629,1.06282639503479,0.038107411368351406,False,0.27464333176612854,0.34492453932762146,0.2037582124440771,0.34366314113140106,0.41355329751968384,0.16899915151796419,0.3061286062002182,0.46004727482795715,0.3345714170033929,1.0296581983566284,0.9423497915267944,0.09264968020885002,1.061943531036377,5.487328052520752,0.8064734747271863,2.7553172633939003e-05,7.368233682877677e-05,0.6260545767167083,4.205845981240273,4.802579879760742,0.12425277943533082,0.2078671190956464,0.0018426855044394491,111.806617621318,2.478797783984077,3.1913497837656943,0.2232760581138267,0.7962417875559229,True
17,6090,M17h_hierarchical_sparse_island_terrace,2.4095938205718994,5.133664548461037,2.7240707278891376,0.9767245054244995,1.1827908754348755,1.13302481174469,1.0439231896550907,1.1221768856048584,1.403746247291565,0.02226011352637739,37.064154812131406,0.09513125219938745,1.523585205078124,0.32491091763127244,2.409591462290437,2.358281462555567e-06,0.849019928792896,0.0013352417377980874,0.0012886913800947185,4.655035770345716e-05,0.0322068133751916,15.748031496062993,0.4,0.05714285714285716,0.3894446077476138,0.5869567954863153,0.1942661763674444,0.039480202760643346,0.849019928792896,15.748031496062993,0.9777398864736226,7.894450856166629,1.06282639503479,0.038107411368351406,False,0.27464333176612854,0.34492453932762146,0.2037582124440771,0.34366314113140106,0.41355329751968384,0.16899915151796419,0.3061286062002182,0.46004727482795715,0.3345714170033929,1.0296581983566284,0.9423497915267944,0.09264968020885002,1.061943531036377,5.487328052520752,0.8064734747271863,2.7553172633939003e-05,7.368233682877677e-05,0.6260545767167083,4.205845981240273,4.802579879760742,0.12425277943533082,0.2078671190956464,0.0018426855044394491,111.806617621318,2.478797783984077,3.1913497837656943,0.2232760581138267,0.7962417875559229,True
17,6090,M17i_soft_hierarchical_island_terrace,2.4095938205718994,5.133664548461037,2.7240707278891376,0.9767245054244995,1.1827908754348755,1.13302481174469,1.0439231896550907,1.1221768856048584,1.403746247291565,0.02226011352637739,37.064154812131406,0.09513125219938745,1.523585205078124,0.32491091763127244,2.409591462290437,2.358281462555567e-06,0.849019928792896,0.0013352417377980874,0.0012886913800947185,4.655035770345716e-05,0.0322068133751916,15.748031496062993,0.4,0.05714285714285716,0.3894446077476138,0.5869567954863153,0.1942661763674444,0.039480202760643346,0.849019928792896,15.748031496062993,0.9777398864736226,7.894450856166629,1.06282639503479,0.038107411368351406,False,0.27464333176612854,0.34492453932762146,0.2037582124440771,0.34366314113140106,0.41355329751968384,0.16899915151796419,0.3061286062002182,0.46004727482795715,0.3345714170033929,1.0296581983566284,0.9423497915267944,0.09264968020885002,1.061943531036377,5.487328052520752,0.8064734747271863,2.7553172633939003e-05,7.368233682877677e-05,0.6260545767167083,4.205845981240273,4.802579879760742,0.12425277943533082,0.2078671190956464,0.0018426855044394491,111.806617621318,2.478797783984077,3.1913497837656943,0.2232760581138267,0.7962417875559229,True
18,6094,M10_dense_island_spectral_pareto,4.058265686035156,2.870153960817008,1.1881117252181483,0.9437134265899658,1.1467208862304688,1.0970645546913147,1.0452629075716753,1.1496299505233765,1.469449758529663,0.01868125371799905,45.52522713195188,0.0880480330254545,0.609988765716551,0.47723975451201195,4.0582615998636795,4.086171476735956e-06,0.9766855529853524,0.002555611233712063,0.0025548271904495814,7.840432621245393e-07,0.5137558188145683,23.62204724409449,0.75,0.16666666666666674,0.5362809492858075,0.5806089444882012,0.19768628987350634,0.021695975922963018,0.9766855529853524,23.62204724409449,0.981318746282001,9.713335910395207,1.0527541637420654,0.036160987829355944,False,0.32475656270980835,0.38671596348285675,0.16021940293084147,0.3835967928171158,0.494239404797554,0.2238644084353385,0.4558233618736267,0.5762142241001129,0.20893420743735266,1.01357501745224,0.9923849105834961,0.021352709662105476,0.926954597234726,4.207067489624023,0.7796672861747778,0.00011405828863847588,0.00011792660514075513,0.03280274623069229,4.754132754802704,4.866106170415878,0.02301088625931157,-0.14566650571830989,-0.5773789893477037,0.7477107612057772,3.310323287691614,3.865265544981069,0.1435715737590218,0.8397805970691585,True
18,6094,M16b_baseline_dense_microisland_terrace,4.058265686035156,2.870153960817008,1.1881117252181483,1.3107541799545288,1.1687481999397278,1.0970645546913147,1.065341319197559,1.1151765584945679,1.3830491304397583,0.002237997433639228,42.116378140956755,0.22305246823686486,1.4655126762390083,0.7025394964956968,4.058261787399654,3.898635502430636e-06,1.128877236320076,0.003254183428271107,0.003171846115591243,8.233731267968514e-05,0.007182730428454853,23.62204724409449,0.75,0.0,0.7373121408153029,1.3781455167613288,0.21546750874391626,0.05496251014524822,1.128877236320076,23.62204724409449,0.9977620025663607,9.081535125655599,1.058225154876709,0.03834553483090257,False,0.2873353362083435,0.38671596348285675,0.2569861000292501,0.357559934258461,0.494239404797554,0.2765450694791899,0.33336760103702545,0.5762142241001129,0.4214519755084954,1.0444395542144775,0.9923849105834961,0.05245408618756072,0.9304416179656982,4.207067489624023,0.7788384378761536,3.160169527739918e-05,0.00011792660514075513,0.732022343561235,4.273578680157661,4.866106170415878,0.12176624790074747,0.042813476203376014,-0.5773789893477037,1.074151427386966,2.605846113542025,3.865265544981069,0.32582998937145785,0.74301389997075,True
18,6094,M17a_fixed_sparse_peak_terrace,4.058265686035156,2.870153960817008,1.1881117252181483,1.3107541799545288,1.1687481999397278,1.0970645546913147,1.065341319197559,1.1151765584945679,1.3830491304397583,0.002237997433639228,42.116378140956755,0.22305246823686486,1.4655126762390083,0.7025394964956968,4.058261787399654,3.898635502430636e-06,1.128877236320076,0.003254183428271107,0.003171846115591243,8.233731267968514e-05,0.007182730428454853,23.62204724409449,0.75,0.0,0.7373121408153029,1.3781455167613288,0.21546750874391626,0.05496251014524822,1.128877236320076,23.62204724409449,0.9977620025663607,9.081535125655599,1.058225154876709,0.03834553483090257,False,0.2873353362083435,0.38671596348285675,0.2569861000292501,0.357559934258461,0.494239404797554,0.2765450694791899,0.33336760103702545,0.5762142241001129,0.4214519755084954,1.0444395542144775,0.9923849105834961,0.05245408618756072,0.9304416179656982,4.207067489624023,0.7788384378761536,3.160169527739918e-05,0.00011792660514075513,0.732022343561235,4.273578680157661,4.866106170415878,0.12176624790074747,0.042813476203376014,-0.5773789893477037,1.074151427386966,2.605846113542025,3.865265544981069,0.32582998937145785,0.74301389997075,True
18,6094,M17b_topology_sparse_peak_terrace,4.058265686035156,2.870153960817008,1.1881117252181483,1.3107541799545288,1.1687481999397278,1.0970645546913147,1.065341319197559,1.1151765584945679,1.3830491304397583,0.002237997433639228,42.116378140956755,0.22305246823686486,1.4655126762390083,0.7025394964956968,4.058261787399654,3.898635502430636e-06,1.128877236320076,0.003254183428271107,0.003171846115591243,8.233731267968514e-05,0.007182730428454853,23.62204724409449,0.75,0.0,0.7373121408153029,1.3781455167613288,0.21546750874391626,0.05496251014524822,1.128877236320076,23.62204724409449,0.9977620025663607,9.081535125655599,1.058225154876709,0.03834553483090257,False,0.2873353362083435,0.38671596348285675,0.2569861000292501,0.357559934258461,0.494239404797554,0.2765450694791899,0.33336760103702545,0.5762142241001129,0.4214519755084954,1.0444395542144775,0.9923849105834961,0.05245408618756072,0.9304416179656982,4.207067489624023,0.7788384378761536,3.160169527739918e-05,0.00011792660514075513,0.732022343561235,4.273578680157661,4.866106170415878,0.12176624790074747,0.042813476203376014,-0.5773789893477037,1.074151427386966,2.605846113542025,3.865265544981069,0.32582998937145785,0.74301389997075,True
18,6094,M17c_topology_sparse_finetexture_terrace,4.058265686035156,2.870153960817008,1.1881117252181483,1.3107541799545288,1.1687481999397278,1.0970645546913147,1.065341319197559,1.1151765584945679,1.3830491304397583,0.002237997433639228,42.116378140956755,0.22305246823686486,1.4655126762390083,0.7025394964956968,4.058261787399654,3.898635502430636e-06,1.128877236320076,0.003254183428271107,0.003171846115591243,8.233731267968514e-05,0.007182730428454853,23.62204724409449,0.75,0.0,0.7373121408153029,1.3781455167613288,0.21546750874391626,0.05496251014524822,1.128877236320076,23.62204724409449,0.9977620025663607,9.081535125655599,1.058225154876709,0.03834553483090257,False,0.2873353362083435,0.38671596348285675,0.2569861000292501,0.357559934258461,0.494239404797554,0.2765450694791899,0.33336760103702545,0.5762142241001129,0.4214519755084954,1.0444395542144775,0.9923849105834961,0.05245408618756072,0.9304416179656982,4.207067489624023,0.7788384378761536,3.160169527739918e-05,0.00011792660514075513,0.732022343561235,4.273578680157661,4.866106170415878,0.12176624790074747,0.042813476203376014,-0.5773789893477037,1.074151427386966,2.605846113542025,3.865265544981069,0.32582998937145785,0.74301389997075,True
18,6094,M17d_multiscale_texture_no_peak_terrace,4.058265686035156,2.870153960817008,1.1881117252181483,1.3107541799545288,1.1687481999397278,1.0970645546913147,1.065341319197559,1.1151765584945679,1.3830491304397583,0.002237997433639228,42.116378140956755,0.22305246823686486,1.4655126762390083,0.7025394964956968,4.058261787399654,3.898635502430636e-06,1.128877236320076,0.003254183428271107,0.003171846115591243,8.233731267968514e-05,0.007182730428454853,23.62204724409449,0.75,0.0,0.7373121408153029,1.3781455167613288,0.21546750874391626,0.05496251014524822,1.128877236320076,23.62204724409449,0.9977620025663607,9.081535125655599,1.058225154876709,0.03834553483090257,False,0.2873353362083435,0.38671596348285675,0.2569861000292501,0.357559934258461,0.494239404797554,0.2765450694791899,0.33336760103702545,0.5762142241001129,0.4214519755084954,1.0444395542144775,0.9923849105834961,0.05245408618756072,0.9304416179656982,4.207067489624023,0.7788384378761536,3.160169527739918e-05,0.00011792660514075513,0.732022343561235,4.273578680157661,4.866106170415878,0.12176624790074747,0.042813476203376014,-0.5773789893477037,1.074151427386966,2.605846113542025,3.865265544981069,0.32582998937145785,0.74301389997075,True
18,6094,M17e_broad_sparse_peak_terrace,4.058265686035156,2.870153960817008,1.1881117252181483,1.3107541799545288,1.1687481999397278,1.0970645546913147,1.065341319197559,1.1151765584945679,1.3830491304397583,0.002237997433639228,42.116378140956755,0.22305246823686486,1.4655126762390083,0.7025394964956968,4.058261787399654,3.898635502430636e-06,1.128877236320076,0.003254183428271107,0.003171846115591243,8.233731267968514e-05,0.007182730428454853,23.62204724409449,0.75,0.0,0.7373121408153029,1.3781455167613288,0.21546750874391626,0.05496251014524822,1.128877236320076,23.62204724409449,0.9977620025663607,9.081535125655599,1.058225154876709,0.03834553483090257,False,0.2873353362083435,0.38671596348285675,0.2569861000292501,0.357559934258461,0.494239404797554,0.2765450694791899,0.33336760103702545,0.5762142241001129,0.4214519755084954,1.0444395542144775,0.9923849105834961,0.05245408618756072,0.9304416179656982,4.207067489624023,0.7788384378761536,3.160169527739918e-05,0.00011792660514075513,0.732022343561235,4.273578680157661,4.866106170415878,0.12176624790074747,0.042813476203376014,-0.5773789893477037,1.074151427386966,2.605846113542025,3.865265544981069,0.32582998937145785,0.74301389997075,True
18,6094,M17f_broad_sparse_finetexture_terrace,4.058265686035156,2.870153960817008,1.1881117252181483,1.3107541799545288,1.1687481999397278,1.0970645546913147,1.065341319197559,1.1151765584945679,1.3830491304397583,0.002237997433639228,42.116378140956755,0.22305246823686486,1.4655126762390083,0.7025394964956968,4.058261787399654,3.898635502430636e-06,1.128877236320076,0.003254183428271107,0.003171846115591243,8.233731267968514e-05,0.007182730428454853,23.62204724409449,0.75,0.0,0.7373121408153029,1.3781455167613288,0.21546750874391626,0.05496251014524822,1.128877236320076,23.62204724409449,0.9977620025663607,9.081535125655599,1.058225154876709,0.03834553483090257,False,0.2873353362083435,0.38671596348285675,0.2569861000292501,0.357559934258461,0.494239404797554,0.2765450694791899,0.33336760103702545,0.5762142241001129,0.4214519755084954,1.0444395542144775,0.9923849105834961,0.05245408618756072,0.9304416179656982,4.207067489624023,0.7788384378761536,3.160169527739918e-05,0.00011792660514075513,0.732022343561235,4.273578680157661,4.866106170415878,0.12176624790074747,0.042813476203376014,-0.5773789893477037,1.074151427386966,2.605846113542025,3.865265544981069,0.32582998937145785,0.74301389997075,True
18,6094,M17g_moderate_broad_topology_terrace,4.058265686035156,2.870153960817008,1.1881117252181483,1.3107541799545288,1.1687481999397278,1.0970645546913147,1.065341319197559,1.1151765584945679,1.3830491304397583,0.002237997433639228,42.116378140956755,0.22305246823686486,1.4655126762390083,0.7025394964956968,4.058261787399654,3.898635502430636e-06,1.128877236320076,0.003254183428271107,0.003171846115591243,8.233731267968514e-05,0.007182730428454853,23.62204724409449,0.75,0.0,0.7373121408153029,1.3781455167613288,0.21546750874391626,0.05496251014524822,1.128877236320076,23.62204724409449,0.9977620025663607,9.081535125655599,1.058225154876709,0.03834553483090257,False,0.2873353362083435,0.38671596348285675,0.2569861000292501,0.357559934258461,0.494239404797554,0.2765450694791899,0.33336760103702545,0.5762142241001129,0.4214519755084954,1.0444395542144775,0.9923849105834961,0.05245408618756072,0.9304416179656982,4.207067489624023,0.7788384378761536,3.160169527739918e-05,0.00011792660514075513,0.732022343561235,4.273578680157661,4.866106170415878,0.12176624790074747,0.042813476203376014,-0.5773789893477037,1.074151427386966,2.605846113542025,3.865265544981069,0.32582998937145785,0.74301389997075,True
18,6094,M17h_hierarchical_sparse_island_terrace,4.058265686035156,2.870153960817008,1.1881117252181483,1.3107541799545288,1.1687481999397278,1.0970645546913147,1.065341319197559,1.1151765584945679,1.3830491304397583,0.002237997433639228,42.116378140956755,0.22305246823686486,1.4655126762390083,0.7025394964956968,4.058261787399654,3.898635502430636e-06,1.128877236320076,0.003254183428271107,0.003171846115591243,8.233731267968514e-05,0.007182730428454853,23.62204724409449,0.75,0.0,0.7373121408153029,1.3781455167613288,0.21546750874391626,0.05496251014524822,1.128877236320076,23.62204724409449,0.9977620025663607,9.081535125655599,1.058225154876709,0.03834553483090257,False,0.2873353362083435,0.38671596348285675,0.2569861000292501,0.357559934258461,0.494239404797554,0.2765450694791899,0.33336760103702545,0.5762142241001129,0.4214519755084954,1.0444395542144775,0.9923849105834961,0.05245408618756072,0.9304416179656982,4.207067489624023,0.7788384378761536,3.160169527739918e-05,0.00011792660514075513,0.732022343561235,4.273578680157661,4.866106170415878,0.12176624790074747,0.042813476203376014,-0.5773789893477037,1.074151427386966,2.605846113542025,3.865265544981069,0.32582998937145785,0.74301389997075,True
18,6094,M17i_soft_hierarchical_island_terrace,4.058265686035156,2.870153960817008,1.1881117252181483,1.3107541799545288,1.1687481999397278,1.0970645546913147,1.065341319197559,1.1151765584945679,1.3830491304397583,0.002237997433639228,42.116378140956755,0.22305246823686486,1.4655126762390083,0.7025394964956968,4.058261787399654,3.898635502430636e-06,1.128877236320076,0.003254183428271107,0.003171846115591243,8.233731267968514e-05,0.007182730428454853,23.62204724409449,0.75,0.0,0.7373121408153029,1.3781455167613288,0.21546750874391626,0.05496251014524822,1.128877236320076,23.62204724409449,0.9977620025663607,9.081535125655599,1.058225154876709,0.03834553483090257,False,0.2873353362083435,0.38671596348285675,0.2569861000292501,0.357559934258461,0.494239404797554,0.2765450694791899,0.33336760103702545,0.5762142241001129,0.4214519755084954,1.0444395542144775,0.9923849105834961,0.05245408618756072,0.9304416179656982,4.207067489624023,0.7788384378761536,3.160169527739918e-05,0.00011792660514075513,0.732022343561235,4.273578680157661,4.866106170415878,0.12176624790074747,0.042813476203376014,-0.5773789893477037,1.074151427386966,2.605846113542025,3.865265544981069,0.32582998937145785,0.74301389997075,True
19,6095,M10_dense_island_spectral_pareto,9.074183464050291,8.758984720320248,0.3151987437300434,0.8750897645950317,1.120488703250885,1.1040911078453064,1.0148516687518474,1.159584641456604,1.4116038084030151,0.0023621401536415543,39.5700916511921,0.28020436589541475,3.1704081535339412,1.2386325183015288,9.074174345727933,9.118322358503406e-06,0.7897477832976952,0.0013718452881708032,0.0013381415656817902,3.3703722489288434e-05,0.24768822665863022,15.748031496062993,0.4,0.1071428571428572,0.2727082678901859,0.5113949374352895,0.13533356957137593,0.030879291784771334,0.7897477832976952,15.748031496062993,0.9976378598463584,8.37100648664807,1.002449631690979,0.04413342749449258,False,0.30633409321308136,0.35449808835983276,0.13586531698828969,0.36278149485588074,0.4449266493320465,0.18462628525283334,0.40509530901908875,0.4868431091308594,0.16791405399105178,0.9951997101306915,0.9790875911712646,0.016456258974901567,1.03174889087677,4.800980567932129,0.7850962160171452,7.578082924270652e-05,0.00010816353373303004,0.2993865249470374,4.600996791124343,4.17688370347023,0.10153816044764491,0.027965695561656775,-0.40815405760876505,1.0685174998026437,2.9148468258584246,2.468411036392955,0.18085958249394243,0.8641346830117104,True
19,6095,M16b_baseline_dense_microisland_terrace,9.074183464050291,8.758984720320248,0.3151987437300434,0.9003734588623047,1.1405271291732788,1.1040911078453064,1.03300091909904,1.167351484298706,1.4070112705230713,-0.0016459928227687628,37.822448841053195,0.10615810572698425,1.4476329803466683,1.8296382999455818,9.074174725128017,8.738922273821004e-06,0.9757883815769749,0.00187290376720739,0.0017881100819561076,8.47936852513546e-05,0.20470000932351162,23.62204724409449,0.6,0.25,0.5552619994540902,0.12689362765583745,0.1701508214005403,0.011698915729043136,0.9757883815769749,23.62204724409449,1.0016459928227688,8.13291350517609,1.0103553533554077,0.04066370603132706,False,0.26489411294460297,0.35449808835983276,0.2527629297799694,0.33204907178878784,0.4449266493320465,0.25369929563157884,0.301663339138031,0.4868431091308594,0.3803684729633373,0.9901522099971771,0.9790875911712646,0.011300948889236839,1.0649370551109314,4.800980567932129,0.7781834273139707,2.5283163265547456e-05,0.00010816353373303004,0.7662505800896675,4.07017409324646,4.17688370347023,0.025547661318679624,0.2234066323426853,-0.40815405760876505,1.5473585970247319,2.275723268185371,2.468411036392955,0.0780614595246484,0.7472370702200306,True
19,6095,M17a_fixed_sparse_peak_terrace,9.074183464050291,8.758984720320248,0.3151987437300434,0.9003734588623047,1.1405271291732788,1.1040911078453064,1.03300091909904,1.167351484298706,1.4070112705230713,-0.0016459928227687628,37.822448841053195,0.10615810572698425,1.4476329803466683,1.8296382999455818,9.074174725128017,8.738922273821004e-06,0.9757883815769749,0.00187290376720739,0.0017881100819561076,8.47936852513546e-05,0.20470000932351162,23.62204724409449,0.6,0.25,0.5552619994540902,0.12689362765583745,0.1701508214005403,0.011698915729043136,0.9757883815769749,23.62204724409449,1.0016459928227688,8.13291350517609,1.0103553533554077,0.04066370603132706,False,0.26489411294460297,0.35449808835983276,0.2527629297799694,0.33204907178878784,0.4449266493320465,0.25369929563157884,0.301663339138031,0.4868431091308594,0.3803684729633373,0.9901522099971771,0.9790875911712646,0.011300948889236839,1.0649370551109314,4.800980567932129,0.7781834273139707,2.5283163265547456e-05,0.00010816353373303004,0.7662505800896675,4.07017409324646,4.17688370347023,0.025547661318679624,0.2234066323426853,-0.40815405760876505,1.5473585970247319,2.275723268185371,2.468411036392955,0.0780614595246484,0.7472370702200306,True
19,6095,M17b_topology_sparse_peak_terrace,9.074183464050291,8.758984720320248,0.3151987437300434,0.9003734588623047,1.1405271291732788,1.1040911078453064,1.03300091909904,1.167351484298706,1.4070112705230713,-0.0016459928227687628,37.822448841053195,0.10615810572698425,1.4476329803466683,1.8296382999455818,9.074174725128017,8.738922273821004e-06,0.9757883815769749,0.00187290376720739,0.0017881100819561076,8.47936852513546e-05,0.20470000932351162,23.62204724409449,0.6,0.25,0.5552619994540902,0.12689362765583745,0.1701508214005403,0.011698915729043136,0.9757883815769749,23.62204724409449,1.0016459928227688,8.13291350517609,1.0103553533554077,0.04066370603132706,False,0.26489411294460297,0.35449808835983276,0.2527629297799694,0.33204907178878784,0.4449266493320465,0.25369929563157884,0.301663339138031,0.4868431091308594,0.3803684729633373,0.9901522099971771,0.9790875911712646,0.011300948889236839,1.0649370551109314,4.800980567932129,0.7781834273139707,2.5283163265547456e-05,0.00010816353373303004,0.7662505800896675,4.07017409324646,4.17688370347023,0.025547661318679624,0.2234066323426853,-0.40815405760876505,1.5473585970247319,2.275723268185371,2.468411036392955,0.0780614595246484,0.7472370702200306,True
19,6095,M17c_topology_sparse_finetexture_terrace,9.074183464050291,8.758984720320248,0.3151987437300434,0.9003734588623047,1.1405271291732788,1.1040911078453064,1.03300091909904,1.167351484298706,1.4070112705230713,-0.0016459928227687628,37.822448841053195,0.10615810572698425,1.4476329803466683,1.8296382999455818,9.074174725128017,8.738922273821004e-06,0.9757883815769749,0.00187290376720739,0.0017881100819561076,8.47936852513546e-05,0.20470000932351162,23.62204724409449,0.6,0.25,0.5552619994540902,0.12689362765583745,0.1701508214005403,0.011698915729043136,0.9757883815769749,23.62204724409449,1.0016459928227688,8.13291350517609,1.0103553533554077,0.04066370603132706,False,0.26489411294460297,0.35449808835983276,0.2527629297799694,0.33204907178878784,0.4449266493320465,0.25369929563157884,0.301663339138031,0.4868431091308594,0.3803684729633373,0.9901522099971771,0.9790875911712646,0.011300948889236839,1.0649370551109314,4.800980567932129,0.7781834273139707,2.5283163265547456e-05,0.00010816353373303004,0.7662505800896675,4.07017409324646,4.17688370347023,0.025547661318679624,0.2234066323426853,-0.40815405760876505,1.5473585970247319,2.275723268185371,2.468411036392955,0.0780614595246484,0.7472370702200306,True
19,6095,M17d_multiscale_texture_no_peak_terrace,9.074183464050291,8.758984720320248,0.3151987437300434,0.9003734588623047,1.1405271291732788,1.1040911078453064,1.03300091909904,1.167351484298706,1.4070112705230713,-0.0016459928227687628,37.822448841053195,0.10615810572698425,1.4476329803466683,1.8296382999455818,9.074174725128017,8.738922273821004e-06,0.9757883815769749,0.00187290376720739,0.0017881100819561076,8.47936852513546e-05,0.20470000932351162,23.62204724409449,0.6,0.25,0.5552619994540902,0.12689362765583745,0.1701508214005403,0.011698915729043136,0.9757883815769749,23.62204724409449,1.0016459928227688,8.13291350517609,1.0103553533554077,0.04066370603132706,False,0.26489411294460297,0.35449808835983276,0.2527629297799694,0.33204907178878784,0.4449266493320465,0.25369929563157884,0.301663339138031,0.4868431091308594,0.3803684729633373,0.9901522099971771,0.9790875911712646,0.011300948889236839,1.0649370551109314,4.800980567932129,0.7781834273139707,2.5283163265547456e-05,0.00010816353373303004,0.7662505800896675,4.07017409324646,4.17688370347023,0.025547661318679624,0.2234066323426853,-0.40815405760876505,1.5473585970247319,2.275723268185371,2.468411036392955,0.0780614595246484,0.7472370702200306,True
19,6095,M17e_broad_sparse_peak_terrace,9.074183464050291,8.758984720320248,0.3151987437300434,0.9003734588623047,1.1405271291732788,1.1040911078453064,1.03300091909904,1.167351484298706,1.4070112705230713,-0.0016459928227687628,37.822448841053195,0.10615810572698425,1.4476329803466683,1.8296382999455818,9.074174725128017,8.738922273821004e-06,0.9757883815769749,0.00187290376720739,0.0017881100819561076,8.47936852513546e-05,0.20470000932351162,23.62204724409449,0.6,0.25,0.5552619994540902,0.12689362765583745,0.1701508214005403,0.011698915729043136,0.9757883815769749,23.62204724409449,1.0016459928227688,8.13291350517609,1.0103553533554077,0.04066370603132706,False,0.26489411294460297,0.35449808835983276,0.2527629297799694,0.33204907178878784,0.4449266493320465,0.25369929563157884,0.301663339138031,0.4868431091308594,0.3803684729633373,0.9901522099971771,0.9790875911712646,0.011300948889236839,1.0649370551109314,4.800980567932129,0.7781834273139707,2.5283163265547456e-05,0.00010816353373303004,0.7662505800896675,4.07017409324646,4.17688370347023,0.025547661318679624,0.2234066323426853,-0.40815405760876505,1.5473585970247319,2.275723268185371,2.468411036392955,0.0780614595246484,0.7472370702200306,True
19,6095,M17f_broad_sparse_finetexture_terrace,9.074183464050291,8.758984720320248,0.3151987437300434,0.9003734588623047,1.1405271291732788,1.1040911078453064,1.03300091909904,1.167351484298706,1.4070112705230713,-0.0016459928227687628,37.822448841053195,0.10615810572698425,1.4476329803466683,1.8296382999455818,9.074174725128017,8.738922273821004e-06,0.9757883815769749,0.00187290376720739,0.0017881100819561076,8.47936852513546e-05,0.20470000932351162,23.62204724409449,0.6,0.25,0.5552619994540902,0.12689362765583745,0.1701508214005403,0.011698915729043136,0.9757883815769749,23.62204724409449,1.0016459928227688,8.13291350517609,1.0103553533554077,0.04066370603132706,False,0.26489411294460297,0.35449808835983276,0.2527629297799694,0.33204907178878784,0.4449266493320465,0.25369929563157884,0.301663339138031,0.4868431091308594,0.3803684729633373,0.9901522099971771,0.9790875911712646,0.011300948889236839,1.0649370551109314,4.800980567932129,0.7781834273139707,2.5283163265547456e-05,0.00010816353373303004,0.7662505800896675,4.07017409324646,4.17688370347023,0.025547661318679624,0.2234066323426853,-0.40815405760876505,1.5473585970247319,2.275723268185371,2.468411036392955,0.0780614595246484,0.7472370702200306,True
19,6095,M17g_moderate_broad_topology_terrace,9.074183464050291,8.758984720320248,0.3151987437300434,0.9003734588623047,1.1405271291732788,1.1040911078453064,1.03300091909904,1.167351484298706,1.4070112705230713,-0.0016459928227687628,37.822448841053195,0.10615810572698425,1.4476329803466683,1.8296382999455818,9.074174725128017,8.738922273821004e-06,0.9757883815769749,0.00187290376720739,0.0017881100819561076,8.47936852513546e-05,0.20470000932351162,23.62204724409449,0.6,0.25,0.5552619994540902,0.12689362765583745,0.1701508214005403,0.011698915729043136,0.9757883815769749,23.62204724409449,1.0016459928227688,8.13291350517609,1.0103553533554077,0.04066370603132706,False,0.26489411294460297,0.35449808835983276,0.2527629297799694,0.33204907178878784,0.4449266493320465,0.25369929563157884,0.301663339138031,0.4868431091308594,0.3803684729633373,0.9901522099971771,0.9790875911712646,0.011300948889236839,1.0649370551109314,4.800980567932129,0.7781834273139707,2.5283163265547456e-05,0.00010816353373303004,0.7662505800896675,4.07017409324646,4.17688370347023,0.025547661318679624,0.2234066323426853,-0.40815405760876505,1.5473585970247319,2.275723268185371,2.468411036392955,0.0780614595246484,0.7472370702200306,True
19,6095,M17h_hierarchical_sparse_island_terrace,9.074183464050291,8.758984720320248,0.3151987437300434,0.9003734588623047,1.1405271291732788,1.1040911078453064,1.03300091909904,1.167351484298706,1.4070112705230713,-0.0016459928227687628,37.822448841053195,0.10615810572698425,1.4476329803466683,1.8296382999455818,9.074174725128017,8.738922273821004e-06,0.9757883815769749,0.00187290376720739,0.0017881100819561076,8.47936852513546e-05,0.20470000932351162,23.62204724409449,0.6,0.25,0.5552619994540902,0.12689362765583745,0.1701508214005403,0.011698915729043136,0.9757883815769749,23.62204724409449,1.0016459928227688,8.13291350517609,1.0103553533554077,0.04066370603132706,False,0.26489411294460297,0.35449808835983276,0.2527629297799694,0.33204907178878784,0.4449266493320465,0.25369929563157884,0.301663339138031,0.4868431091308594,0.3803684729633373,0.9901522099971771,0.9790875911712646,0.011300948889236839,1.0649370551109314,4.800980567932129,0.7781834273139707,2.5283163265547456e-05,0.00010816353373303004,0.7662505800896675,4.07017409324646,4.17688370347023,0.025547661318679624,0.2234066323426853,-0.40815405760876505,1.5473585970247319,2.275723268185371,2.468411036392955,0.0780614595246484,0.7472370702200306,True
19,6095,M17i_soft_hierarchical_island_terrace,9.074183464050291,8.758984720320248,0.3151987437300434,0.9003734588623047,1.1405271291732788,1.1040911078453064,1.03300091909904,1.167351484298706,1.4070112705230713,-0.0016459928227687628,37.822448841053195,0.10615810572698425,1.4476329803466683,1.8296382999455818,9.074174725128017,8.738922273821004e-06,0.9757883815769749,0.00187290376720739,0.0017881100819561076,8.47936852513546e-05,0.20470000932351162,23.62204724409449,0.6,0.25,0.5552619994540902,0.12689362765583745,0.1701508214005403,0.011698915729043136,0.9757883815769749,23.62204724409449,1.0016459928227688,8.13291350517609,1.0103553533554077,0.04066370603132706,False,0.26489411294460297,0.35449808835983276,0.2527629297799694,0.33204907178878784,0.4449266493320465,0.25369929563157884,0.301663339138031,0.4868431091308594,0.3803684729633373,0.9901522099971771,0.9790875911712646,0.011300948889236839,1.0649370551109314,4.800980567932129,0.7781834273139707,2.5283163265547456e-05,0.00010816353373303004,0.7662505800896675,4.07017409324646,4.17688370347023,0.025547661318679624,0.2234066323426853,-0.40815405760876505,1.5473585970247319,2.275723268185371,2.468411036392955,0.0780614595246484,0.7472370702200306,True
20,6099,M10_dense_island_spectral_pareto,9.394835472106934,5.517232036351522,3.877603435755412,1.1206973791122437,1.1380072832107544,1.1752936840057373,0.9682748224529718,1.1239254474639893,1.4127062559127808,0.02681019691140126,40.216144446996665,0.6174200119973214,7.4559087562561075,1.2957576359553822,9.394825911998922,9.560108011896773e-06,0.7879665394653972,0.0015370494825823755,0.0014832089563513553,5.384052623114946e-05,0.01768536590337977,15.748031496062993,0.4,0.1071428571428572,0.1390377944717951,1.0362573797808619,0.2117689696592943,0.06571908714251595,0.7879665394653972,15.748031496062993,0.9731898030885987,8.508703176996708,1.0039706230163574,0.04891340271511286,False,0.296993225812912,0.37024495005607605,0.1978466532280038,0.3556053042411804,0.44979944825172424,0.20941364952015087,0.3508122116327286,0.46696099638938904,0.2487333752813188,1.0745905041694641,0.9865261912345886,0.08926708050666893,1.1231384873390198,4.636829853057861,0.7577788008334313,3.6086883502463985e-05,9.091653432634242e-05,0.6030767805894239,4.623324040174484,4.040945415496826,0.14411939900110135,-0.08367426370548658,-0.022459591111909205,2.7255470631038463,2.9972329032479275,2.1570380868626033,0.3895132040099401,0.8021533467719962,True
20,6099,M16b_baseline_dense_microisland_terrace,9.394835472106934,5.517232036351522,3.877603435755412,0.7349895238876343,1.1631731986999512,1.1752936840057373,0.98968727095982,1.1946219205856323,1.4450651407241821,0.00679175629338269,39.84497047779608,0.3234563883637884,2.212677478790283,1.1454030601513363,9.394826667768795,8.804338138546086e-06,0.9421312436059847,0.0017321472997421372,0.0016659353431952484,6.621195654670843e-05,0.16778579300280594,15.748031496062993,0.4,0.1071428571428572,0.29334170998029,0.40806558512438995,0.12970585758132572,0.034429170064269043,0.9421312436059847,15.748031496062993,0.9932082437066173,8.470410171648872,1.0615200996398926,0.048903485886268055,False,0.2720361649990082,0.37024495005607605,0.26525354374770943,0.34344129264354706,0.44979944825172424,0.23645683875684806,0.29929347336292267,0.46696099638938904,0.359061087163374,1.0917991399765015,0.9865261912345886,0.10671074896670403,1.3206101655960083,4.636829853057861,0.7151911526956068,2.479159660041308e-05,9.091653432634242e-05,0.7273147642053278,4.265866358876228,4.040945415496826,0.05566047552061492,0.10095210172445619,-0.022459591111909205,5.4948325738185995,2.48744580402701,2.1570380868626033,0.1531765800412835,0.7347464562522905,True
20,6099,M17a_fixed_sparse_peak_terrace,9.394835472106934,5.517232036351522,3.877603435755412,0.7349895238876343,1.1631731986999512,1.1752936840057373,0.98968727095982,1.1946219205856323,1.4450651407241821,0.00679175629338269,39.84497047779608,0.3234563883637884,2.212677478790283,1.1454030601513363,9.394826667768795,8.804338138546086e-06,0.9421312436059847,0.0017321472997421372,0.0016659353431952484,6.621195654670843e-05,0.16778579300280594,15.748031496062993,0.4,0.1071428571428572,0.29334170998029,0.40806558512438995,0.12970585758132572,0.034429170064269043,0.9421312436059847,15.748031496062993,0.9932082437066173,8.470410171648872,1.0615200996398926,0.048903485886268055,False,0.2720361649990082,0.37024495005607605,0.26525354374770943,0.34344129264354706,0.44979944825172424,0.23645683875684806,0.29929347336292267,0.46696099638938904,0.359061087163374,1.0917991399765015,0.9865261912345886,0.10671074896670403,1.3206101655960083,4.636829853057861,0.7151911526956068,2.479159660041308e-05,9.091653432634242e-05,0.7273147642053278,4.265866358876228,4.040945415496826,0.05566047552061492,0.10095210172445619,-0.022459591111909205,5.4948325738185995,2.48744580402701,2.1570380868626033,0.1531765800412835,0.7347464562522905,True
20,6099,M17b_topology_sparse_peak_terrace,9.394835472106934,5.517232036351522,3.877603435755412,0.7349895238876343,1.1631731986999512,1.1752936840057373,0.98968727095982,1.1946219205856323,1.4450651407241821,0.00679175629338269,39.84497047779608,0.3234563883637884,2.212677478790283,1.1454030601513363,9.394826667768795,8.804338138546086e-06,0.9421312436059847,0.0017321472997421372,0.0016659353431952484,6.621195654670843e-05,0.16778579300280594,15.748031496062993,0.4,0.1071428571428572,0.29334170998029,0.40806558512438995,0.12970585758132572,0.034429170064269043,0.9421312436059847,15.748031496062993,0.9932082437066173,8.470410171648872,1.0615200996398926,0.048903485886268055,False,0.2720361649990082,0.37024495005607605,0.26525354374770943,0.34344129264354706,0.44979944825172424,0.23645683875684806,0.29929347336292267,0.46696099638938904,0.359061087163374,1.0917991399765015,0.9865261912345886,0.10671074896670403,1.3206101655960083,4.636829853057861,0.7151911526956068,2.479159660041308e-05,9.091653432634242e-05,0.7273147642053278,4.265866358876228,4.040945415496826,0.05566047552061492,0.10095210172445619,-0.022459591111909205,5.4948325738185995,2.48744580402701,2.1570380868626033,0.1531765800412835,0.7347464562522905,True
20,6099,M17c_topology_sparse_finetexture_terrace,9.394835472106934,5.517232036351522,3.877603435755412,0.7349895238876343,1.1631731986999512,1.1752936840057373,0.98968727095982,1.1946219205856323,1.4450651407241821,0.00679175629338269,39.84497047779608,0.3234563883637884,2.212677478790283,1.1454030601513363,9.394826667768795,8.804338138546086e-06,0.9421312436059847,0.0017321472997421372,0.0016659353431952484,6.621195654670843e-05,0.16778579300280594,15.748031496062993,0.4,0.1071428571428572,0.29334170998029,0.40806558512438995,0.12970585758132572,0.034429170064269043,0.9421312436059847,15.748031496062993,0.9932082437066173,8.470410171648872,1.0615200996398926,0.048903485886268055,False,0.2720361649990082,0.37024495005607605,0.26525354374770943,0.34344129264354706,0.44979944825172424,0.23645683875684806,0.29929347336292267,0.46696099638938904,0.359061087163374,1.0917991399765015,0.9865261912345886,0.10671074896670403,1.3206101655960083,4.636829853057861,0.7151911526956068,2.479159660041308e-05,9.091653432634242e-05,0.7273147642053278,4.265866358876228,4.040945415496826,0.05566047552061492,0.10095210172445619,-0.022459591111909205,5.4948325738185995,2.48744580402701,2.1570380868626033,0.1531765800412835,0.7347464562522905,True
20,6099,M17d_multiscale_texture_no_peak_terrace,9.394835472106934,5.517232036351522,3.877603435755412,0.7349895238876343,1.1631731986999512,1.1752936840057373,0.98968727095982,1.1946219205856323,1.4450651407241821,0.00679175629338269,39.84497047779608,0.3234563883637884,2.212677478790283,1.1454030601513363,9.394826667768795,8.804338138546086e-06,0.9421312436059847,0.0017321472997421372,0.0016659353431952484,6.621195654670843e-05,0.16778579300280594,15.748031496062993,0.4,0.1071428571428572,0.29334170998029,0.40806558512438995,0.12970585758132572,0.034429170064269043,0.9421312436059847,15.748031496062993,0.9932082437066173,8.470410171648872,1.0615200996398926,0.048903485886268055,False,0.2720361649990082,0.37024495005607605,0.26525354374770943,0.34344129264354706,0.44979944825172424,0.23645683875684806,0.29929347336292267,0.46696099638938904,0.359061087163374,1.0917991399765015,0.9865261912345886,0.10671074896670403,1.3206101655960083,4.636829853057861,0.7151911526956068,2.479159660041308e-05,9.091653432634242e-05,0.7273147642053278,4.265866358876228,4.040945415496826,0.05566047552061492,0.10095210172445619,-0.022459591111909205,5.4948325738185995,2.48744580402701,2.1570380868626033,0.1531765800412835,0.7347464562522905,True
20,6099,M17e_broad_sparse_peak_terrace,9.394835472106934,5.517232036351522,3.877603435755412,0.7349895238876343,1.1631731986999512,1.1752936840057373,0.98968727095982,1.1946219205856323,1.4450651407241821,0.00679175629338269,39.84497047779608,0.3234563883637884,2.212677478790283,1.1454030601513363,9.394826667768795,8.804338138546086e-06,0.9421312436059847,0.0017321472997421372,0.0016659353431952484,6.621195654670843e-05,0.16778579300280594,15.748031496062993,0.4,0.1071428571428572,0.29334170998029,0.40806558512438995,0.12970585758132572,0.034429170064269043,0.9421312436059847,15.748031496062993,0.9932082437066173,8.470410171648872,1.0615200996398926,0.048903485886268055,False,0.2720361649990082,0.37024495005607605,0.26525354374770943,0.34344129264354706,0.44979944825172424,0.23645683875684806,0.29929347336292267,0.46696099638938904,0.359061087163374,1.0917991399765015,0.9865261912345886,0.10671074896670403,1.3206101655960083,4.636829853057861,0.7151911526956068,2.479159660041308e-05,9.091653432634242e-05,0.7273147642053278,4.265866358876228,4.040945415496826,0.05566047552061492,0.10095210172445619,-0.022459591111909205,5.4948325738185995,2.48744580402701,2.1570380868626033,0.1531765800412835,0.7347464562522905,True
20,6099,M17f_broad_sparse_finetexture_terrace,9.394835472106934,5.517232036351522,3.877603435755412,0.7349895238876343,1.1631731986999512,1.1752936840057373,0.98968727095982,1.1946219205856323,1.4450651407241821,0.00679175629338269,39.84497047779608,0.3234563883637884,2.212677478790283,1.1454030601513363,9.394826667768795,8.804338138546086e-06,0.9421312436059847,0.0017321472997421372,0.0016659353431952484,6.621195654670843e-05,0.16778579300280594,15.748031496062993,0.4,0.1071428571428572,0.29334170998029,0.40806558512438995,0.12970585758132572,0.034429170064269043,0.9421312436059847,15.748031496062993,0.9932082437066173,8.470410171648872,1.0615200996398926,0.048903485886268055,False,0.2720361649990082,0.37024495005607605,0.26525354374770943,0.34344129264354706,0.44979944825172424,0.23645683875684806,0.29929347336292267,0.46696099638938904,0.359061087163374,1.0917991399765015,0.9865261912345886,0.10671074896670403,1.3206101655960083,4.636829853057861,0.7151911526956068,2.479159660041308e-05,9.091653432634242e-05,0.7273147642053278,4.265866358876228,4.040945415496826,0.05566047552061492,0.10095210172445619,-0.022459591111909205,5.4948325738185995,2.48744580402701,2.1570380868626033,0.1531765800412835,0.7347464562522905,True
20,6099,M17g_moderate_broad_topology_terrace,9.394835472106934,5.517232036351522,3.877603435755412,0.7349895238876343,1.1631731986999512,1.1752936840057373,0.98968727095982,1.1946219205856323,1.4450651407241821,0.00679175629338269,39.84497047779608,0.3234563883637884,2.212677478790283,1.1454030601513363,9.394826667768795,8.804338138546086e-06,0.9421312436059847,0.0017321472997421372,0.0016659353431952484,6.621195654670843e-05,0.16778579300280594,15.748031496062993,0.4,0.1071428571428572,0.29334170998029,0.40806558512438995,0.12970585758132572,0.034429170064269043,0.9421312436059847,15.748031496062993,0.9932082437066173,8.470410171648872,1.0615200996398926,0.048903485886268055,False,0.2720361649990082,0.37024495005607605,0.26525354374770943,0.34344129264354706,0.44979944825172424,0.23645683875684806,0.29929347336292267,0.46696099638938904,0.359061087163374,1.0917991399765015,0.9865261912345886,0.10671074896670403,1.3206101655960083,4.636829853057861,0.7151911526956068,2.479159660041308e-05,9.091653432634242e-05,0.7273147642053278,4.265866358876228,4.040945415496826,0.05566047552061492,0.10095210172445619,-0.022459591111909205,5.4948325738185995,2.48744580402701,2.1570380868626033,0.1531765800412835,0.7347464562522905,True
20,6099,M17h_hierarchical_sparse_island_terrace,9.394835472106934,5.517232036351522,3.877603435755412,0.7349895238876343,1.1631731986999512,1.1752936840057373,0.98968727095982,1.1946219205856323,1.4450651407241821,0.00679175629338269,39.84497047779608,0.3234563883637884,2.212677478790283,1.1454030601513363,9.394826667768795,8.804338138546086e-06,0.9421312436059847,0.0017321472997421372,0.0016659353431952484,6.621195654670843e-05,0.16778579300280594,15.748031496062993,0.4,0.1071428571428572,0.29334170998029,0.40806558512438995,0.12970585758132572,0.034429170064269043,0.9421312436059847,15.748031496062993,0.9932082437066173,8.470410171648872,1.0615200996398926,0.048903485886268055,False,0.2720361649990082,0.37024495005607605,0.26525354374770943,0.34344129264354706,0.44979944825172424,0.23645683875684806,0.29929347336292267,0.46696099638938904,0.359061087163374,1.0917991399765015,0.9865261912345886,0.10671074896670403,1.3206101655960083,4.636829853057861,0.7151911526956068,2.479159660041308e-05,9.091653432634242e-05,0.7273147642053278,4.265866358876228,4.040945415496826,0.05566047552061492,0.10095210172445619,-0.022459591111909205,5.4948325738185995,2.48744580402701,2.1570380868626033,0.1531765800412835,0.7347464562522905,True
20,6099,M17i_soft_hierarchical_island_terrace,9.394835472106934,5.517232036351522,3.877603435755412,0.7349895238876343,1.1631731986999512,1.1752936840057373,0.98968727095982,1.1946219205856323,1.4450651407241821,0.00679175629338269,39.84497047779608,0.3234563883637884,2.212677478790283,1.1454030601513363,9.394826667768795,8.804338138546086e-06,0.9421312436059847,0.0017321472997421372,0.0016659353431952484,6.621195654670843e-05,0.16778579300280594,15.748031496062993,0.4,0.1071428571428572,0.29334170998029,0.40806558512438995,0.12970585758132572,0.034429170064269043,0.9421312436059847,15.748031496062993,0.9932082437066173,8.470410171648872,1.0615200996398926,0.048903485886268055,False,0.2720361649990082,0.37024495005607605,0.26525354374770943,0.34344129264354706,0.44979944825172424,0.23645683875684806,0.29929347336292267,0.46696099638938904,0.359061087163374,1.0917991399765015,0.9865261912345886,0.10671074896670403,1.3206101655960083,4.636829853057861,0.7151911526956068,2.479159660041308e-05,9.091653432634242e-05,0.7273147642053278,4.265866358876228,4.040945415496826,0.05566047552061492,0.10095210172445619,-0.022459591111909205,5.4948325738185995,2.48744580402701,2.1570380868626033,0.1531765800412835,0.7347464562522905,True
21,6101,M10_dense_island_spectral_pareto,0.481030598282814,0.5666429826402098,0.08561238435739582,1.5264310836791992,1.108217477798462,1.1402395963668823,0.9719163247176719,1.113619089126587,1.3583248853683472,-0.00271858163847361,29.810744638055972,0.0007605612136742934,0.033384233713150024,0.009841893132196189,0.4810301025321902,4.957506238301157e-07,0.6185922025463421,0.0002556177891610556,0.00017620224326970893,7.941554589151351e-05,0.5441770231872272,23.62204724409449,0.2727272727272727,1.6071428571428572,0.11448391250440523,0.08885966969948011,0.03411813681679088,0.0015811075052384327,0.6185922025463421,23.62204724409449,1.0027185816384736,6.321297985243282,1.0533883571624756,0.038119897035040214,False,0.30833834409713745,0.20309387892484665,0.5182059928612409,0.3624103367328644,0.2844020277261734,0.27428886365676186,0.40396536886692047,0.4602867066860199,0.1223614260437864,1.0001005828380585,1.0807496309280396,0.0746232483287806,1.0549042224884033,8.559354066848755,0.8767542253481306,7.222054160647848e-05,0.00026394783069349907,0.7263832727220165,4.730743050575256,4.856070863008499,0.025808480965122917,-0.06762292290108446,-0.37746572620600016,0.8208501641174712,3.0071608325046033,3.605026604046544,0.1658422633749367,1.5182059928612408,True
21,6101,M16b_baseline_dense_microisland_terrace,0.481030598282814,0.5666429826402098,0.08561238435739582,2.4461989402770996,1.130541443824768,1.1402395963668823,0.991494636238721,1.0930827856063843,1.3525334596633911,-0.003648034401839957,31.120190755667075,0.00815628746420688,0.13132539868354787,0.039882703165577404,0.4810300971352516,5.011475624483452e-07,2.8398670926727263,0.0009971157712672651,0.0008541720368676354,0.00014294373439992196,4.627829904520874,39.37007874015748,0.45454545454545453,1.5833333333333333,0.3969352140735232,0.40535529635419953,0.13921300881675308,0.016955860649242926,2.8398670926727263,39.37007874015748,1.00364803440184,7.310881397334294,1.0373871326446533,0.044929652902747357,False,0.3252658396959305,0.20309387892484665,0.6015541256971739,0.37102556228637695,0.2844020277261734,0.3045812832375654,0.25859105587005615,0.4602867066860199,0.4381956895260685,0.9880574643611908,1.0807496309280396,0.08576654936005298,0.9921903312206268,8.559354066848755,0.8840811674021665,2.0232633075776122e-08,0.00026394783069349907,0.999923346090693,4.437650392055511,4.856070863008499,0.08616440796618903,0.1493351027891308,-0.37746572620600016,1.3956255957067525,2.6429452478758666,3.605026604046544,0.2668721931457502,1.601554125697174,True
21,6101,M17a_fixed_sparse_peak_terrace,0.481030598282814,0.5666429826402098,0.08561238435739582,1.3846831321716309,1.1132132411003113,1.1402395963668823,0.976297652394563,1.1212811470031738,1.4102797508239746,-0.0008843061096353059,33.52301775182345,0.0017533398103163345,0.03475711822509808,0.010265250616116967,0.48103011674064455,4.815421694726041e-07,0.4148858479559249,0.0004350109663930901,0.0003730812831738386,6.192968321872675e-05,0.12339268824880989,39.37007874015748,0.45454545454545453,1.5833333333333333,0.15605220232428463,0.1719456924525007,0.04011147186160088,0.003644965356532137,0.4148858479559249,39.37007874015748,1.0008843061096353,7.048810819778036,1.0284276008605957,0.03739048915557125,False,0.3556011915206909,0.20309387892484665,0.7509202808238177,0.4064592272043228,0.2844020277261734,0.4291713404929305,0.5107433199882507,0.4602867066860199,0.10961996635859685,1.0111941695213318,1.0807496309280396,0.06435853357357198,0.9737096726894379,8.559354066848755,0.8862402857640025,0.000201160922942671,0.00026394783069349907,0.23787620298246492,4.849394489526749,4.856070863008499,0.0013748509175613346,-0.08631857941633142,-0.37746572620600016,0.7713207493460652,3.2609244889583544,3.605026604046544,0.09545064513586234,1.7509202808238176,False
21,6101,M17b_topology_sparse_peak_terrace,0.481030598282814,0.5666429826402098,0.08561238435739582,1.383150577545166,1.113171935081482,1.1402395963668823,0.9762614266583572,1.1210956573486328,1.4096741676330566,-0.0009820031562355672,33.50232447687168,0.0017556142176275435,0.03182566881179838,0.010265217623190659,0.48103008497610483,5.133067091933619e-07,0.41370214245838777,0.0004339506172204022,0.0003717654834211984,6.21851337991605e-05,0.12185835376897503,39.37007874015748,0.45454545454545453,1.5833333333333333,0.15583051215381233,0.17957370906676484,0.038987797956381645,0.003649693922638919,0.41370214245838777,39.37007874015748,1.0009820031562355,7.044158271757296,1.0283123254776,0.037019459712020815,False,0.35538820922374725,0.20309387892484665,0.7498715919215663,0.4060894101858139,0.2844020277261734,0.42787100863008953,0.5109071135520935,0.4602867066860199,0.10997581753018956,1.0131826996803284,1.0807496309280396,0.06251857906228611,0.9754292070865631,8.559354066848755,0.886039390417964,0.00020125368889160097,0.00026394783069349907,0.23752474736077545,4.8284809064865115,4.856070863008499,0.005681539108532447,-0.08861728535943952,-0.37746572620600016,0.7652309091737853,3.2626683510519907,3.605026604046544,0.09496691442173144,1.7498715919215664,False
21,6101,M17c_topology_sparse_finetexture_terrace,0.481030598282814,0.5666429826402098,0.08561238435739582,1.9356446266174316,1.1148629784584045,1.1402395963668823,0.9777444863436293,1.121171236038208,1.4102516174316406,-0.0004403036248947531,36.76490572345408,0.0013204413521290537,0.013292795419692638,0.008506126231200117,0.4810301037122874,4.945705266434786e-07,0.9727703530457626,0.002635310314595629,0.002204579932492575,0.000430730382103125,0.29177707955687016,39.37007874015748,0.45454545454545453,1.75,0.0908213899865819,0.1579227597319286,0.018909822649189247,0.002745025807772361,0.9727703530457626,39.37007874015748,1.0004403036248948,7.861329118000776,1.0308780670166016,0.03571574995147736,False,0.400234580039978,0.20309387892484665,0.9706875567041673,0.45603665709495544,0.2844020277261734,0.6034929875184802,0.7416494786739349,0.4602867066860199,0.6112772059260098,1.0237591862678528,1.0807496309280396,0.05273232858867514,0.9854224324226379,8.559354066848755,0.8848718694510748,0.0005596578183607946,0.00026394783069349907,1.1203349801752271,4.726523027420044,4.856070863008499,0.02667750105858128,-0.16735339759317858,-0.37746572620600016,0.5566394881058784,3.222805143084515,3.605026604046544,0.10602458814950097,1.9706875567041673,False
21,6101,M17d_multiscale_texture_no_peak_terrace,0.481030598282814,0.5666429826402098,0.08561238435739582,1.8952704668045044,1.1180942058563232,1.1402395963668823,0.9805783007526485,1.1225306987762451,1.4104313850402832,6.408396008299323e-05,38.03507732310206,0.0005110942602990498,0.02308463692665086,0.007136961072103598,0.4810301212643468,4.770184672264755e-07,1.1245527103059427,0.0036060068816139434,0.0030474292305780223,0.0005585776510356121,0.37043802871480613,39.37007874015748,0.45454545454545453,1.55,0.00998877828313946,0.015412304958763556,0.017181706162435622,0.0010624982861904275,1.1245527103059427,39.37007874015748,0.999935916039917,8.160588488876915,1.034153699874878,0.035203032352086654,False,0.417236864566803,0.20309387892484665,1.054403937605615,0.4742462486028671,0.2844020277261734,0.667520630547257,0.815119206905365,0.4602867066860199,0.7708945208825911,1.0280293226242065,1.0807496309280396,0.048781241089633394,0.9947040379047394,8.559354066848755,0.8837874879183548,0.0006890427051451426,0.00026394783069349907,1.6105261154628367,4.695761957168579,4.856070863008499,0.0330120606478554,-0.23668842344918178,-0.37746572620600016,0.37295386834668487,3.0757422104570207,3.605026604046544,0.14681844316916165,2.054403937605615,False
21,6101,M17e_broad_sparse_peak_terrace,0.481030598282814,0.5666429826402098,0.08561238435739582,1.435575008392334,1.1006379127502441,1.1402395963668823,0.9652689805345999,1.0747649669647217,1.3661878108978271,-0.0005326597694126365,32.20743928074653,0.01025294138611521,0.15832186460495024,0.025803517618348704,0.48103010334652585,4.949362881756514e-07,0.3708140266397708,0.0001939866599898199,0.00014562983456782943,4.835682542183491e-05,0.12905085191989718,39.37007874015748,0.45454545454545453,1.5833333333333333,0.378972900635991,1.0841128088784084,0.10633650221196676,0.021314531110608992,0.3708140266397708,39.37007874015748,1.0005326597694126,6.7823721690863366,1.019523024559021,0.04410772031702306,False,0.33998075127601624,0.20309387892484665,0.6740078680649136,0.39046086370944977,0.2844020277261734,0.3729187053665856,0.4794660210609436,0.4602867066860199,0.041668190926067064,1.0067743360996246,1.0807496309280396,0.06844813332472975,0.9789113104343414,8.559354066848755,0.8856325719453804,0.00019978638681839408,0.00026394783069349907,0.24308380829092854,4.954085320234299,4.856070863008499,0.02018390175737185,0.12206619895565958,-0.37746572620600016,1.323383529897076,4.0669297012361785,3.605026604046544,0.12812751414127177,1.6740078680649138,False
21,6101,M17f_broad_sparse_finetexture_terrace,0.481030598282814,0.5666429826402098,0.08561238435739582,1.5314825773239136,1.1080466508865356,1.1402395963668823,0.9717665080366247,1.1199711561203003,1.4102637767791748,-0.0011311912461092974,34.72352441780849,0.004645454724336862,0.06496358990669293,0.01406672801677289,0.4810301106229295,4.876598845293678e-07,0.700846315567932,0.0013845030233801126,0.0011181308003255538,0.00026637222305427656,0.1657311811115929,39.37007874015748,0.45454545454545453,1.75,0.212317509180587,0.46212929065698694,0.06226218845163069,0.009657295990633141,0.700846315567932,39.37007874015748,1.0011311912461094,7.378047589260797,1.0260546207427979,0.03590741530510724,False,0.37248803675174713,0.20309387892484665,0.8340682581063091,0.42541511356830597,0.2844020277261734,0.4958230676818595,0.6328515112400055,0.4602867066860199,0.3749072090228732,1.0151999592781067,1.0807496309280396,0.060652041670044676,0.977243572473526,8.559354066848755,0.8858274158492299,0.00040341209847035374,0.00026394783069349907,0.5283781549195723,4.8672513270378115,4.856070863008499,0.0023023683847944515,-0.029449307419153255,-0.37746572620600016,0.9219815062014891,3.576191426156472,3.605026604046544,0.007998603355022471,1.834068258106309,False
21,6101,M17g_moderate_broad_topology_terrace,0.481030598282814,0.5666429826402098,0.08561238435739582,1.3253989219665527,1.107704758644104,1.1402395963668823,0.9714666655793719,1.1199891567230225,1.4105218648910522,-0.0016308324373777534,33.54222968839094,0.004776571890605208,0.06050088763237049,0.01495277509492643,0.4810300806730834,5.176097306325289e-07,0.4413130050893312,0.0005559024994876705,0.0004505652739357561,0.00010533722555164192,0.041427882044923425,39.37007874015748,0.45454545454545453,1.5833333333333333,0.23785436305567853,0.5042009862694479,0.061141616020883936,0.00992987122573763,0.4413130050893312,39.37007874015748,1.0016308324373777,7.063810528488222,1.0249009132385254,0.036035816564612015,False,0.356119304895401,0.20309387892484665,0.7534713836805502,0.4081478416919708,0.2844020277261734,0.4351087611968146,0.5319242477416992,0.4602867066860199,0.1556367803264546,1.0130864381790161,1.0807496309280396,0.06260764825884887,0.9802790582180023,8.559354066848755,0.8854727762676949,0.00024338579418809237,0.00026394783069349907,0.07790189618676466,4.876271022558212,4.856070863008499,0.004159774459551094,-0.002982242701599677,-0.37746572620600016,0.9920993020172323,3.604849869090669,3.605026604046544,4.902459129611466e-05,1.7534713836805502,False
21,6101,M17h_hierarchical_sparse_island_terrace,0.481030598282814,0.5666429826402098,0.08561238435739582,1.9016871452331543,1.083475649356842,1.1402395963668823,0.9502175269207402,1.0780284404754639,1.3761314153671265,-0.002225451735798371,33.740180979102924,0.019899980186651345,0.21981399416923608,0.051385364635851916,0.48103010793353834,4.903492756835881e-07,0.5411118275055511,0.0010995498765831169,0.0009181829131536867,0.00018136696342936214,0.07565960919590786,39.37007874015748,0.45454545454545453,1.5833333333333333,0.7804724918748192,1.9505199673314544,0.195280879182475,0.0413694694433715,0.5411118275055511,39.37007874015748,1.0022254517357985,7.153520784759565,1.0194721221923828,0.041224267429855056,False,0.3606027662754059,0.20309387892484665,0.775547191202371,0.41754940152168274,0.2844020277261734,0.46816604951813373,0.5888055860996246,0.4602867066860199,0.27921484054779067,1.012332260608673,1.0807496309280396,0.06330547645953528,0.9912910163402557,8.559354066848755,0.8841862354801251,0.0003381532484503533,0.00026394783069349907,0.28113668357071236,5.0919438278675075,4.856070863008499,0.04857280124468305,0.5369906949869598,-0.37746572620600016,2.4226210691613885,4.909353798267924,3.605026604046544,0.3618079247341222,1.775547191202371,False
21,6101,M17i_soft_hierarchical_island_terrace,0.481030598282814,0.5666429826402098,0.08561238435739582,1.9090445041656494,1.1014953255653381,1.1402395963668823,0.9660209389982648,1.0805778503417969,1.3675894737243652,-0.002072942699183111,35.16261768687375,0.011540330612939353,0.15433078885078455,0.030086864231460675,0.4810300964313784,5.018514356303072e-07,0.7454476363462211,0.0018424220977806272,0.0015576284948767673,0.00028479360290393265,0.18100746004695178,39.37007874015748,0.45454545454545453,1.75,0.41927510582230443,0.9687803584312227,0.11145045305269659,0.023990846181324965,0.7454476363462211,39.37007874015748,1.002072942699183,7.486719054142803,1.0257306098937988,0.04281605486339379,False,0.3819401115179062,0.20309387892484665,0.8806086797881301,0.43712665140628815,0.2844020277261734,0.5370025836354456,0.6665762960910797,0.4602867066860199,0.4481762918818732,1.0126184523105621,1.0807496309280396,0.06304066794727765,0.978811115026474,8.559354066848755,0.8856442778997181,0.0004451071819980553,0.00026394783069349907,0.6863452934186896,4.96213363647461,4.856070863008499,0.02184127383190634,0.18350233960305096,-0.37746572620600016,1.4861430505160762,3.9425440768315454,3.605026604046544,0.09362412815654322,1.88060867978813,False
22,N6342,M10_dense_island_spectral_pareto,0.8041046559810638,0.8327786888639845,0.028674032882920697,1.2505896091461182,1.1318131685256958,1.114773452281952,1.01528536242845,1.138561725616455,1.43367600440979,0.008259964086524048,44.872651478448354,0.010726249535198296,0.19747840523719828,0.03122637382197313,0.8041038785254128,7.774556510797836e-07,0.34862811832666535,0.0016335128522488862,0.001495375606560804,0.00013813724568780125,0.008885854331587506,23.62204724409449,0.75,0.25,0.1521746882614029,0.27382681532606945,0.0712320043891668,0.013339369228247855,0.34862811832666535,23.62204724409449,0.9917400359134759,9.376477535437393,1.0444579124450684,0.04022964983509383,False,0.34238193929195404,0.42305663228034973,0.1906947837067224,0.401519775390625,0.5073041617870331,0.20852260707614004,0.580761194229126,0.6329904496669769,0.0825119169891573,1.0006450414657593,0.9881450533866882,0.012649952591706651,0.9775250852108002,4.142215013504028,0.7640090912654287,0.00026363981186726794,0.0004306386191788583,0.3877933837657748,4.81044723391533,4.785787682533265,0.005152663055251136,0.03264558755935445,0.15471264651152497,0.7889921199368625,3.17391091352743,3.3262159714676907,0.045789287059750425,0.8093052162932776,True
22,N6342,M16b_baseline_dense_microisland_terrace,0.8041046559810638,0.8327786888639845,0.028674032882920697,2.446192741394043,1.1521419286727905,1.114773452281952,1.0335211394874402,1.1471108198165894,1.4383363723754883,0.0222893844198184,45.418978507025855,0.023679972253576764,0.4180586135387423,0.04843305390555375,0.8041038560814149,7.998996489622101e-07,2.8319856074122427,0.0034904721573747466,0.003086992850664051,0.0004034793067105292,3.3051696319966526,15.748031496062993,0.5,0.050000000000000044,0.047040619649906024,0.6610891670091643,0.10956222491604965,0.02944886725241813,2.8319856074122427,15.748031496062993,0.9777106155801816,10.17259677892427,1.0600388050079346,0.05502576917331988,False,0.3574603348970413,0.42305663228034973,0.1550532301780327,0.4060215801000595,0.5073041617870331,0.19964863156295595,0.3118608295917511,0.6329904496669769,0.5073214299586598,1.031408429145813,0.9881450533866882,0.0437824139389732,0.958214670419693,4.142215013504028,0.7686709484428454,1.559779581343963e-07,0.0004306386191788583,0.9996377984899919,4.4076336789131165,4.785787682533265,0.0790160426465011,0.22672222387038235,0.15471264651152497,0.46544079609867695,2.650823777683414,3.3262159714676907,0.20305121482723812,0.8449467698219673,True
22,N6342,M17a_fixed_sparse_peak_terrace,0.8041046559810638,0.8327786888639845,0.028674032882920697,1.0250658988952637,1.133671522140503,1.114773452281952,1.0169523859936442,1.134358286857605,1.4292311668395996,0.012257734709433131,47.1022531924148,0.0026530225980008204,0.07183043241500764,0.03673310355200532,0.8041038915174507,7.644636131898253e-07,0.2575505460989111,0.0011323869792058128,0.001071948944470677,6.043803473514375e-05,0.021920535071756397,15.748031496062993,0.5,0.050000000000000044,0.11092548865096002,0.07646912698790054,0.055551044648995296,0.003299349139188723,0.2575505460989111,15.748031496062993,0.9877422652905669,9.72982268553904,1.051166296005249,0.05194005587015387,False,0.39341771602630615,0.42305663228034973,0.0700589802700518,0.44962775707244873,0.5073041617870331,0.11369196048266794,0.6285438537597656,0.6329904496669769,0.007024744069283676,1.0287217497825623,0.9881450533866882,0.041063502020077663,0.9826315641403198,4.142215013504028,0.762776301824786,0.0003580215123709609,0.0004306386191788583,0.16862655501349066,4.9514171707630155,4.785787682533265,0.03460861601408905,0.0695989234386437,0.15471264651152497,0.5501406962651946,3.3714214461629464,3.3262159714676907,0.01359066130492688,0.9299410197299482,True
22,N6342,M17b_topology_sparse_peak_terrace,0.8041046559810638,0.8327786888639845,0.028674032882920697,1.0227417945861816,1.1341875791549683,1.114773452281952,1.0174153114547853,1.1346535682678223,1.4297839403152466,0.012404455394080856,47.091273473011135,0.0030376920996156853,0.03479660868644663,0.037750257391417325,0.8041039176929707,7.382880931050551e-07,0.25992748793990766,0.001124684921687935,0.0010671114840031712,5.7573437684580364e-05,0.02624641598427635,15.748031496062993,0.5,0.050000000000000044,0.11840532979662989,0.07344670743604409,0.06001067309690208,0.0037777314144157303,0.25992748793990766,15.748031496062993,0.9875955446059191,9.728994096409327,1.0514435768127441,0.0515950958561366,False,0.3933076858520508,0.42305663228034973,0.07031906406465463,0.44950006902217865,0.5073041617870331,0.11394365967989173,0.6291991472244263,0.6329904496669769,0.005989509706734603,1.0302684903144836,0.9881450533866882,0.042628799064899386,0.9854488968849182,4.142215013504028,0.7620961505686552,0.00035903129896681474,0.0004306386191788583,0.16628169658491013,4.91094963312149,4.785787682533265,0.02615284230953874,0.06170534655052325,0.15471264651152497,0.6011615860638344,3.336593477203941,3.3262159714676907,0.0031199133866437493,0.9296809359353454,True
22,N6342,M17c_topology_sparse_finetexture_terrace,0.8041046559810638,0.8327786888639845,0.028674032882920697,0.8176530003547668,1.1332994103431702,1.114773452281952,1.016618585617818,1.0728542804718018,1.3555991649627686,0.028330903103740233,48.47833370865601,0.0050392227497289,0.08824732065200847,0.034404426839194646,0.8041038927290258,7.632520380163044e-07,0.8303863520290066,0.0018392029187762615,0.0012316687960012597,0.0006075341227749383,0.48807097396355337,7.874015748031496,0.25,0.050000000000000044,0.19566132253235188,0.05108920573410991,0.08151720264327825,0.006266873774611104,0.8303863520290066,7.874015748031496,0.9716690968962598,10.116677137426022,1.0410058498382568,0.04141691716602883,False,0.44096632301807404,0.42305663228034973,0.04233402663181976,0.5034518241882324,0.5073041617870331,0.007593743337784552,0.9086073040962219,0.6329904496669769,0.4354202414495353,1.0340492129325867,0.9881450533866882,0.04645487966424589,0.9879406690597534,4.142215013504028,0.7614945950804172,0.0010085831137680865,0.0004306386191788583,1.3420637835298022,4.865600100755692,4.785787682533265,0.016676965949350395,-0.012881560617334146,0.15471264651152497,1.0832612000879616,3.3361843474888166,3.3262159714676907,0.002996911838147254,1.0423340266318197,True
22,N6342,M17d_multiscale_texture_no_peak_terrace,0.8041046559810638,0.8327786888639845,0.028674032882920697,0.718061625957489,1.1353000402450562,1.114773452281952,1.018413237165889,1.0738742351531982,1.3563029766082764,0.02815605133682727,49.6524785859712,0.006547499659639966,0.09442596316337637,0.038751567955464514,0.8041038627211695,7.93259894327214e-07,0.982284033188746,0.0034487796195996623,0.002584333665863456,0.0008644459537361334,0.5801595795384134,7.874015748031496,0.25,0.050000000000000044,0.25824867340992286,0.1495186401709998,0.09490284937300844,0.008142595703825584,0.982284033188746,7.874015748031496,0.9718439486631727,10.399100749423132,1.0433026552200317,0.04043602133265684,False,0.4621771574020386,0.42305663228034973,0.09247113066357647,0.5268872976303101,0.5073041617870331,0.03860235597968148,1.0108181834220886,0.6329904496669769,0.5968932611130088,1.0385920405387878,0.9881450533866882,0.051052208356659474,0.9883598685264587,4.142215013504028,0.7613933933163034,0.0012775472622848089,0.0004306386191788583,1.9666342157627106,4.848471999168396,4.785787682533265,0.013098014536647952,-0.08374922282785524,0.15471264651152497,1.5413211183199333,3.207487286502067,3.3262159714676907,0.03569482137782976,1.0924711306635764,True
22,N6342,M17e_broad_sparse_peak_terrace,0.8041046559810638,0.8327786888639845,0.028674032882920697,1.294755220413208,1.1246535778045654,1.114773452281952,1.0088628999034637,1.1260268688201904,1.4278571605682373,0.010087847941307371,45.85458221483121,0.008594335746394899,0.11190030574798504,0.03520518179017751,0.8041039123828883,7.435981755898879e-07,0.3531301922916265,0.0017425692447311514,0.0016692456342553255,7.332361047580232e-05,0.021641081297674614,15.748031496062993,0.5,0.25,0.06334198224385965,0.982741936098638,0.06146423136416278,0.01068808082011763,0.3531301922916265,15.748031496062993,0.9899121520586927,9.510066350564225,1.0397834777832031,0.05241975002347413,False,0.3718474358320236,0.42305663228034973,0.12104572423861913,0.42639710009098053,0.5073041617870331,0.1594843247708609,0.5787625014781952,0.6329904496669769,0.08566945712579335,1.0407820343971252,0.9881450533866882,0.053268475948984706,0.989754855632782,4.142215013504028,0.7610566200918871,0.00035018506163648426,0.0004306386191788583,0.18682383316150997,5.0180669474601745,4.785787682533265,0.048535221437980156,0.2385290765256332,0.15471264651152497,0.541755518401429,4.128939383520104,3.3262159714676907,0.24133231844780414,0.8789542757613809,True
22,N6342,M17f_broad_sparse_finetexture_terrace,0.8041046559810638,0.8327786888639845,0.028674032882920697,0.9989787340164185,1.128240168094635,1.114773452281952,1.012080226511599,1.1299728155136108,1.4290907382965088,0.010717444318489963,47.85854402156774,0.0033295843897267474,0.027620446681976052,0.03675307657911531,0.8041038709310155,7.850500483019829e-07,0.5862097153421028,0.0001830948420158407,9.100148414735703e-05,0.00027409632616340763,0.3120057709609818,15.748031496062993,0.5,0.050000000000000044,0.07936940394640875,0.4896434869010693,0.056288279978159314,0.004140735416709673,0.5862097153421028,15.748031496062993,0.98928255568151,9.979943216481054,1.0452690124511719,0.04991543608653895,False,0.40695707499980927,0.42305663228034973,0.03805532416253828,0.46551547944545746,0.5073041617870331,0.08237401836872485,0.7626524865627289,0.6329904496669769,0.2048404315799212,1.028523027896881,0.9881450533866882,0.04086239603366396,0.9881362020969391,4.142215013504028,0.7614473901341389,0.000711921050244806,0.0004306386191788583,0.6531751183911398,4.918340315818787,4.785787682533265,0.027697140382825773,0.11109415199881961,0.15471264651152497,0.28193231449541584,3.7118242735597757,3.3262159714676907,0.1159300254102068,0.9619446758374617,True
22,N6342,M17g_moderate_broad_topology_terrace,0.8041046559810638,0.8327786888639845,0.028674032882920697,1.0537208318710327,1.1286001205444336,1.114773452281952,1.0124031194268022,1.1304330825805664,1.4295098781585693,0.01073338755996952,46.9873680004611,0.00285382000349399,0.028287473917007144,0.03654787230355061,0.8041039046420538,7.513390100077899e-07,0.322199413468279,0.001023905469407227,0.0010314909247825868,7.585455375257145e-06,0.09934675397436177,15.748031496062993,0.5,0.050000000000000044,0.03824198288701594,0.49747629783321035,0.054601809281614413,0.0035490656686549826,0.322199413468279,15.748031496062993,0.9892666124400304,9.72625035676895,1.0456151962280273,0.05110542937604712,False,0.3916768878698349,0.42305663228034973,0.07417386235353995,0.44878552854061127,0.5073041617870331,0.11535216474527565,0.6472891867160797,0.6329904496669769,0.022589182912041567,1.0263924598693848,0.9881450533866882,0.03870626721412051,0.9851643741130829,4.142215013504028,0.7621648391256006,0.0004304591001046337,0.0004306386191788583,0.0004168671044109698,4.9120369875431065,4.785787682533265,0.02638004721158341,0.1424486214061662,0.15471264651152497,0.07926970019509802,3.7301266852261206,3.3262159714676907,0.12143249783633399,0.92582613764646,True
22,N6342,M17h_hierarchical_sparse_island_terrace,0.8041046559810638,0.8327786888639845,0.028674032882920697,1.6193702220916748,1.1019582748413086,1.114773452281952,0.9885042315867762,1.1160919666290283,1.4328933954238892,0.010930931358960297,47.2292689088144,0.024962063111275357,0.2382104480266567,0.04826103707919294,0.8041038665103213,7.894707425570857e-07,0.5101904663120131,0.0003135258682653852,0.0004712068642218929,0.00015768099595652374,0.24593435938132346,15.748031496062993,0.5,0.050000000000000044,0.45899551606372846,1.891603499474154,0.11326694958976387,0.03104330024330959,0.5101904663120131,15.748031496062993,0.9890690686410397,9.839807870959053,1.0277931690216064,0.05331428974712658,False,0.3928535431623459,0.42305663228034973,0.07139254372447461,0.45383448898792267,0.5073041617870331,0.10539963364534165,0.7182552516460419,0.6329904496669769,0.134701561491052,1.0294049382209778,0.9881450533866882,0.04175488678800624,0.9712698459625244,4.142215013504028,0.7655192106648039,0.0006005992519912415,0.0004306386191788583,0.39467113547889443,5.211913791894913,4.785787682533265,0.0890399110091919,0.6416979571896531,0.15471264651152497,3.147676170363043,5.127364249895609,3.3262159714676907,0.5415007004590754,0.9286074562755254,True
22,N6342,M17i_soft_hierarchical_island_terrace,0.8041046559810638,0.8327786888639845,0.028674032882920697,1.1728748083114624,1.1196044087409973,1.114773452281952,1.0043335768798194,1.1032967567443848,1.409582495689392,0.007399447094728805,49.49804210098672,0.012824000934104518,0.2042531216144572,0.028903599092556354,0.8041038654374218,7.905436419930467e-07,0.6585017940886628,0.0011563345281492277,0.0007599105440200971,0.0003964239841291414,0.35801570016609574,7.874015748031496,0.25,0.25,0.11945219032779988,0.8399804887485982,0.057295464931854286,0.015948173418869893,0.6585017940886628,7.874015748031496,0.9926005529052712,10.26751333345425,1.0354771614074707,0.03486804399758386,False,0.41808798909187317,0.42305663228034973,0.011744628991382787,0.47927068173885345,0.5073041617870331,0.055259708395509116,0.8145711421966553,0.6329904496669769,0.2868616621707482,1.0259202122688293,0.9881450533866882,0.03822835397766107,0.9849675297737122,4.142215013504028,0.7622123606421634,0.0007965132444888048,0.0004306386191788583,0.8496094149837194,5.061818230152131,4.785787682533265,0.05767714030154275,0.3063122637811586,0.15471264651152497,0.97987863751229,4.111412464773503,3.3262159714676907,0.2360629917122744,0.9882553710086173,True
23,N6358,M10_dense_island_spectral_pareto,0.9793977737426758,0.8342641554266957,0.14513361831598004,0.9837381839752197,1.1435803174972534,1.1165079474449158,1.024247359917403,1.067716121673584,1.3514925241470337,0.012465573583224195,39.79687878770484,0.018828788190374923,0.049156310558318594,0.07714824142209276,0.979396807951715,9.657909607607706e-07,0.4593315525450445,0.00048616617878827206,0.00037530344270963697,0.00011086273607876181,0.27023972377439076,7.874015748031496,0.2,0.033333333333333215,0.1589764423742128,0.38108122163168323,0.07754288370588022,0.019224863539334724,0.4593315525450445,7.874015748031496,0.9875344264167758,8.257560098502042,1.0384976863861084,0.04275646740533006,False,0.3418663889169693,0.33636410534381866,0.01635811754505258,0.40361179411411285,0.40424540638923645,0.0015673951147227357,0.5719898343086243,0.4878641366958618,0.17243673245284485,1.0053304135799408,0.9552905559539795,0.0523818196611293,0.9320791065692902,5.087141513824463,0.8167774369876802,0.0002832299494098749,0.00021655156102061705,0.3079099872335238,4.727111358642578,4.807016297578812,0.0166225645992673,-0.08628514708384091,0.010461745172856403,9.247681974486692,2.972032581370315,3.4292355816221622,0.13332504850412533,1.0163581175450527,True
23,N6358,M16b_baseline_dense_microisland_terrace,0.9793977737426758,0.8342641554266957,0.14513361831598004,1.82673180103302,1.1216279864311218,1.1165079474449158,1.0045857613444875,1.1348724365234375,1.4075936079025269,0.005322648434676338,38.6674090731218,0.020968654879190085,0.20582357645034755,0.03970952029308328,0.9793968191351843,9.546074914990044e-07,2.4785904395510783,0.0016160513387589726,0.0014020478800895921,0.00021400345866930665,3.1035873383445742,7.874015748031496,0.2,0.033333333333333215,0.02485324562997067,0.5672978224536478,0.058870971138988475,0.021409743384639524,2.4785904395510783,7.874015748031496,0.9946773515653237,8.635357327317065,1.0226414203643799,0.04067915868823943,False,0.3563447594642639,0.33636410534381866,0.05940186186044371,0.4062851667404175,0.40424540638923645,0.0050458467033686035,0.30546027421951294,0.4878641366958618,0.3738824987458769,1.0302419662475586,0.9552905559539795,0.07845928113329934,1.1520990133285522,5.087141513824463,0.7735272332806769,1.6399451710576302e-07,0.00021655156102061705,0.9992426999078979,4.4783452177047725,4.807016297578812,0.06837319857633603,0.15409282610801278,0.010461745172856403,13.729170282967269,2.6952117579236257,3.4292355816221622,0.21404881823584562,1.0594018618604437,True
23,N6358,M17a_fixed_sparse_peak_terrace,0.9793977737426758,0.8342641554266957,0.14513361831598004,0.7846769690513611,1.1066716313362122,1.1165079474449158,0.9911901065001699,1.1021486520767212,1.375190258026123,0.0009198326735901733,42.91196015671528,0.006897327638391126,0.039547569751739786,0.07587499216912885,0.9793967738683189,9.99874356866215e-07,0.5407851570759,0.0011005900248387546,0.0009019017014936916,0.00019868832334498415,0.2725525301521192,0.0,0.0,0.0,0.1604258252508532,0.08345666231406046,0.08852571176631119,0.007042417014943569,0.5407851570759,0.0,0.9990801673264098,8.857814451963414,1.0499606132507324,0.037828402120304874,False,0.3892240822315216,0.33636410534381866,0.15715106352882532,0.44425125420093536,0.40424540638923645,0.09896426076683335,0.6236930787563324,0.4878641366958618,0.2784155092448359,1.0441499948501587,0.9552905559539795,0.09301823235072361,1.0472441911697388,5.087141513824463,0.7941389701222542,0.00037962713887902634,0.00021655156102061705,0.7530565796424044,4.978955169916153,4.807016297578812,0.035768314832621384,-0.09308062225697825,0.010461745172856403,9.897236619611158,3.4681543632733227,3.4292355816221622,0.01134911286344182,1.1571510635288254,True
23,N6358,M17b_topology_sparse_peak_terrace,0.9793977737426758,0.8342641554266957,0.14513361831598004,0.7850544452667236,1.1066267490386963,1.1165079474449158,0.9911499076841932,1.1020820140838623,1.374944806098938,0.0013405037913896158,42.89635503571614,0.006915973694383015,0.040342118740081645,0.07638422689595759,0.979396792174859,9.81567816804585e-07,0.5408862538427883,0.0010947023711113113,0.0008961025816221116,0.00019859978948917934,0.27288870688915656,0.0,0.0,0.0,0.16132076966490655,0.07768581196925162,0.08894370265837247,0.007061455731454336,0.5408862538427883,0.0,0.9986594962086104,8.854744388315682,1.0498223304748535,0.03803875555865934,False,0.38903437554836273,0.33636410534381866,0.15658707147335627,0.4438795894384384,0.40424540638923645,0.09804485696750091,0.6237875819206238,0.4878641366958618,0.2786092171999469,1.0464059114456177,0.9552905559539795,0.09537973020223975,1.049774169921875,5.087141513824463,0.7936416419576531,0.0003797412408327239,0.00021655156102061705,0.7535834839656047,4.974190036058426,4.807016297578812,0.03477702760521432,-0.09413820579460871,0.010461745172856403,9.99832716618406,3.4755475410407453,3.4292355816221622,0.013505038751719604,1.1565870714733562,True
23,N6358,M17c_topology_sparse_finetexture_terrace,0.9793977737426758,0.8342641554266957,0.14513361831598004,0.9468161463737488,1.1087462902069092,1.1165079474449158,0.9930482740801184,1.1016430854797363,1.374343991279602,0.0010793139257727668,45.94031667352145,0.006360823057965148,0.03016267061233524,0.07551260793767156,0.979396829644017,9.440986588060696e-07,1.193897633088844,0.0050766031690473445,0.004135321692215025,0.0009412814768322677,0.7008493809147955,0.0,0.0,0.19999999999999996,0.22242795042353103,0.03999574783537874,0.10443281788911173,0.006494627179907231,1.193897633088844,0.0,0.9989206860742272,9.661789615921734,1.0513997077941895,0.035800780508301905,False,0.4369792491197586,0.33636410534381866,0.2991256860570629,0.49749498069286346,0.40424540638923645,0.23067565599951342,0.9098789989948273,0.4878641366958618,0.8650253842332598,1.0385382175445557,0.9552905559539795,0.08714381302287948,1.0202118754386902,5.087141513824463,0.7994528218516758,0.0010709215837853385,0.00021655156102061705,3.945342248922325,4.906039024591446,4.807016297578812,0.020599623733855318,-0.14351132583214915,0.010461745172856403,14.717723330185628,3.3723255974889836,3.4292355816221622,0.016595530630257243,1.299125686057063,True
23,N6358,M17d_multiscale_texture_no_peak_terrace,0.9793977737426758,0.8342641554266957,0.14513361831598004,1.0409365892410278,1.112048864364624,1.1165079474449158,0.9960062236095174,1.1024484634399414,1.3740243911743164,0.0007376158279165857,47.324019447314896,0.008288875702597731,0.01777693510055567,0.07686090255444133,0.9793968055170814,9.682255943666007e-07,1.3640094649703645,0.007145834412891072,0.005888400377933468,0.0012574340349574872,0.8008236708224907,0.0,0.0,0.19999999999999996,0.28036130530297776,0.11567722868627595,0.11691541508904561,0.008463237163953807,1.3640094649703645,0.0,0.9992623841720835,9.991470279634655,1.0528620481491089,0.034763323743326614,False,0.4579393267631531,0.33636410534381866,0.36143934352051277,0.5205141305923462,0.40424540638923645,0.2876191599593784,1.0131220817565918,0.4878641366958618,1.0766479959320718,1.0341841578483582,0.9552905559539795,0.08258597491900602,0.9928582310676575,5.087141513824463,0.8048298384525898,0.0013635135606027645,0.00021655156102061705,5.296484560889171,4.863660007715225,4.807016297578812,0.011783548594362618,-0.20201405528510535,0.010461745172856403,20.309785503975224,3.2127405275153778,3.4292355816221622,0.06313216136768704,1.3614393435205128,False
23,N6358,M17e_broad_sparse_peak_terrace,0.9793977737426758,0.8342641554266957,0.14513361831598004,0.9716930389404297,1.0914011001586914,1.1165079474449158,0.9775130599440153,1.126417636871338,1.4095953702926636,-0.00018777269384808603,39.81390109586705,0.01832967625191284,0.2964997577667239,0.07587238722926548,0.9793967725816488,1.00116102697001e-06,0.37433114735721085,2.639878829358011e-05,0.0001533465390034024,0.00012694775070993318,0.2596414739030122,7.874015748031496,0.2,0.033333333333333215,0.07343352319764528,0.8533601847795795,0.10741230508046486,0.018715251951954892,0.37433114735721085,7.874015748031496,1.0001877726938482,8.241210186412028,1.0011286735534668,0.04124033249663812,False,0.3677746206521988,0.33636410534381866,0.09338248287900246,0.42057004570961,0.40424540638923645,0.04038299276221089,0.5776992738246918,0.4878641366958618,0.1841396617862769,1.0590947270393372,0.9552905559539795,0.10866240688593007,1.0897160768508911,5.087141513824463,0.7857900996287297,0.0003693581346987852,0.00021655156102061705,0.7056359832179644,5.023977954387666,4.807016297578812,0.04513437096481922,0.07339514650788556,0.010461745172856403,6.015573911923746,4.0735917577332845,3.4292355816221622,0.18790081951917595,1.0933824828790024,True
23,N6358,M17f_broad_sparse_finetexture_terrace,0.9793977737426758,0.8342641554266957,0.14513361831598004,0.9424842000007629,1.1004756689071655,1.1165079474449158,0.9856406946547587,1.1314094066619873,1.4294226169586182,0.011028490310442826,44.424638505217516,0.009900050943266847,0.1543710541725165,0.07174600579450474,0.9793968315161348,9.422265410119479e-07,0.8727920588596171,0.002860392247953314,0.002193609304306711,0.0006667829436466966,0.5860364106516642,0.0,0.0,0.19999999999999996,0.11652762880464534,0.3320461264776591,0.08722102904958397,0.010108304400954116,0.8727920588596171,0.0,0.9889715096895572,9.258745624027782,1.0200512409210205,0.04489418831403196,False,0.4030473232269287,0.33636410534381866,0.19824712810824147,0.45967620611190796,0.40424540638923645,0.1371216564160503,0.7649715542793274,0.4878641366958618,0.5680012051310434,1.0431987643241882,0.9552905559539795,0.09202248239795606,1.0434028804302216,5.087141513824463,0.7948940721238553,0.0007516978583346444,0.00021655156102061705,2.4712188394849672,4.974904025793076,4.807016297578812,0.034925558354945624,-0.04706155920479127,0.010461745172856403,5.498442509084926,3.743050755049194,3.4292355816221622,0.09151169873216612,1.1982471281082414,True
23,N6358,M17g_moderate_broad_topology_terrace,0.9793977737426758,0.8342641554266957,0.14513361831598004,0.8149755001068115,1.1000062823295593,1.1165079474449158,0.9852202887107792,1.1314210891723633,1.43012273311615,0.011353108499843815,43.511183250668566,0.010551823797942617,0.16528350114822388,0.07377540243150627,0.9793967835750172,9.90167658532215e-07,0.5652803108633034,0.0014024279866626799,0.0010852657217245286,0.0003171622649381699,0.36971530528861285,0.0,0.0,0.0,0.09746320164072123,0.3724650486299188,0.09077466093535937,0.010773787816792724,0.5652803108633034,0.0,0.9886468915001562,8.984301631683024,1.0194587707519531,0.04587981032074487,False,0.3875967860221863,0.33636410534381866,0.1523131626247679,0.442985400557518,0.40424540638923645,0.09583286181112448,0.6439222097396851,0.4878641366958618,0.3198801906218227,1.0457025170326233,0.9552905559539795,0.09464341557146026,1.0597562789916992,5.087141513824463,0.7916794183704583,0.0004530001766826382,0.00021655156102061705,1.0918813724898975,4.991062586307526,4.807016297578812,0.03828701159623991,-0.01954543483462418,0.010461745172856403,2.8682767083006313,3.7702518196776604,3.4292355816221622,0.09944380604326525,1.1523131626247678,True
23,N6358,M17h_hierarchical_sparse_island_terrace,0.9793977737426758,0.8342641554266957,0.14513361831598004,1.2870579957962036,1.0708157420158386,1.1165079474449158,0.9590757902497318,1.114898920059204,1.4256982803344727,0.014567516325867017,43.43740187254839,0.03349032916736938,0.4156163835525515,0.07170388932443883,0.9793968271341077,9.466085680864822e-07,0.7563220589822569,0.0022714892691685362,0.0017535276661986854,0.0005179616029699328,0.5166783786117373,0.0,0.0,0.0,0.40112377792582077,1.3307139093891083,0.11463718967246186,0.03419481877079389,0.7563220589822569,0.0,0.9854324836741329,9.030115819022638,1.0012726783752441,0.044740290394190946,False,0.3876290023326874,0.33636410534381866,0.1524089407116365,0.44814348220825195,0.40424540638923645,0.10859263983014142,0.716873824596405,0.4878641366958618,0.46941283581848847,1.0737690329551697,0.9552905559539795,0.1240234986756195,1.0693448185920715,5.087141513824463,0.7897945603270335,0.0006267292526117374,0.00021655156102061705,1.894134079006103,5.2582213461399085,4.807016297578812,0.09386384830614332,0.4597259003331502,0.010461745172856403,42.94351924437382,4.695995025261193,3.4292355816221622,0.36939994744828936,1.1524089407116365,True
23,N6358,M17i_soft_hierarchical_island_terrace,0.9793977737426758,0.8342641554266957,0.14513361831598004,1.1318906545639038,1.0906074047088623,1.1165079474449158,0.976802186858297,1.1265687942504883,1.4123728275299072,0.0002662885439876007,42.63905891168626,0.021063644140781546,0.4320494151115426,0.061819909332603284,0.9793968284043106,9.453383651436553e-07,0.9564346644167134,0.0023094057429799975,0.0017559108386062388,0.0005534949043736487,0.5860085510030673,7.874015748031496,0.2,0.19999999999999996,0.05319808598151732,0.8011791795988916,0.1091721036471427,0.021506730457115153,0.9564346644167134,7.874015748031496,0.9997337114560124,8.981091368354939,1.0006260871887207,0.036985533021973896,False,0.4129835069179535,0.33636410534381866,0.22778709248960252,0.47335849702358246,0.40424540638923645,0.17096815335929624,0.8152745366096497,0.4878641366958618,0.671109793253563,1.0553185939788818,0.9552905559539795,0.10470954350115143,1.043091058731079,5.087141513824463,0.7949553681775026,0.0008383556754165541,0.00021655156102061705,2.8713905892220164,5.126675132513046,4.807016297578812,0.06649838801154871,0.15233506105363287,0.010461745172856403,13.561151943260377,3.990374055633951,3.4292355816221622,0.16363369055745894,1.2277870924896026,True
24,N6382,M10_dense_island_spectral_pareto,1.1125519275665283,0.8296865787219431,0.28286534884458525,1.5744637250900269,1.1083377599716187,1.105527639389038,1.0025418817969431,1.0894885063171387,1.403232216835022,0.0268231416537853,43.80036987836371,0.04578400180949782,0.5945437312126174,0.13187251268260294,1.112550876346367,1.0512201613632755e-06,0.8399738622309973,0.0002752948234934216,2.70720322520482e-05,0.0002482227912410466,0.5289466311514439,23.62204724409449,0.75,0.25,0.5953495409735734,1.3018973758038657,0.22110304782433168,0.04115223807421031,0.8399738622309973,23.62204724409449,0.9731768583462147,9.330049277350314,1.046832799911499,0.03655214627335055,False,0.3549483120441437,0.3940049111843109,0.0991271885996797,0.41291171312332153,0.4788719415664673,0.137740850356317,0.7061173021793365,0.5470546185970306,0.2907619791059183,1.0191888809204102,0.9505957365036011,0.07215806023820646,0.9855839610099792,4.076759338378906,0.7582432811935645,0.0004934872403319816,0.00022649828277760477,1.1787681313969571,4.547618112564087,4.967018510103226,0.08443705145975444,0.006403828531636858,0.5666155352426518,0.9886981063290217,2.865248337234352,3.9864626162328403,0.28125543544116377,0.9008728114003203,True
24,N6382,M16b_baseline_dense_microisland_terrace,1.1125519275665283,0.8296865787219431,0.28286534884458525,2.1242148876190186,1.10128915309906,1.105527639389038,0.996166096496402,1.1446328163146973,1.4248192310333252,0.005745015873722664,44.91581025620882,0.046267822267125114,0.6536442041397112,0.11149189996477685,1.1125508184814668,1.109085061568038e-06,2.2873830128465786,0.0022953125157517684,0.0020643527199023827,0.00023095979584938193,2.9585058792350254,7.874015748031496,0.25,0.050000000000000044,0.4854238777433718,1.3975782767752674,0.17845204816332888,0.04158711255787584,2.2873830128465786,7.874015748031496,0.9942549841262773,9.858070260732866,1.0630974769592285,0.042119280790142766,False,0.37262652814388275,0.3940049111843109,0.0542591790954291,0.42492304742336273,0.4788719415664673,0.11265829016130915,0.3487224727869034,0.5470546185970306,0.3625454188080294,1.019396722316742,0.9505957365036011,0.07237670354613486,1.0625740885734558,4.076759338378906,0.7393581518118308,2.239258422097163e-07,0.00022649828277760477,0.9990113574396077,4.43338161945343,4.967018510103226,0.10743605838479268,0.1466163052383222,0.5666155352426518,0.7412419954642894,2.627647701577549,3.9864626162328403,0.34085730770990025,0.9457408209045709,True
24,N6382,M17a_fixed_sparse_peak_terrace,1.1125519275665283,0.8296865787219431,0.28286534884458525,1.3169010877609253,1.087410569190979,1.105527639389038,0.9836122865204244,1.1128087043762207,1.4059672355651855,0.009846941786675356,47.79692881165599,0.012630147763739497,0.09086913824081577,0.1682093456228543,1.1125507914147559,1.1361517724406411e-06,0.7153411724960673,0.0008841749711946401,0.0006490653742765437,0.00023510959691788787,0.3730944671671157,7.874015748031496,0.25,0.050000000000000044,0.8294155815322705,0.47860348833135635,0.32161551489361706,0.011352411965114162,0.7153411724960673,7.874015748031496,0.9901530582133247,9.983745747135393,1.0555806159973145,0.031157575636684375,False,0.4128967374563217,0.3940049111843109,0.04794819997351106,0.4717530906200409,0.4788719415664673,0.014865876090253864,0.6933580935001373,0.5470546185970306,0.2674385151492089,1.0078656673431396,0.9505957365036011,0.06024635777368819,0.9655474722385406,4.076759338378906,0.7631580890368467,0.00045573389155606394,0.00022649828277760477,1.0120854161333406,4.952798794507981,4.967018510103226,0.0028628271801929574,-0.10714718579581486,0.5666155352426518,1.1891003319383562,3.451194896087265,3.9864626162328403,0.13427135073736046,1.047948199973511,True
24,N6382,M17b_topology_sparse_peak_terrace,1.1125519275665283,0.8296865787219431,0.28286534884458525,1.3324159383773804,1.0881385803222656,1.105527639389038,0.9842708056793746,1.113891839981079,1.405861258506775,0.009804237293381498,47.794630809694866,0.015055440829525257,0.09969277858734316,0.17152441778400132,1.1125507773840337,1.1501824945803207e-06,0.7249791649506543,0.0009054938754424757,0.0006653080207523563,0.0002401858546900441,0.38164167669055926,7.874015748031496,0.25,0.050000000000000044,0.8707976061354599,0.5767486513198024,0.32748602006052235,0.01353234895558908,0.7249791649506543,7.874015748031496,0.9901957627066185,9.98706239070391,1.0569615364074707,0.03134816346512025,False,0.41305772960186005,0.3940049111843109,0.04835680438672615,0.47124502062797546,0.4788719415664673,0.015926848655076625,0.6947213709354401,0.5470546185970306,0.2699305468201945,1.0128970742225647,0.9505957365036011,0.06553925641210533,0.9691789746284485,4.076759338378906,0.7622673073917983,0.0004592450185844256,0.00022649828277760477,1.0275871982453453,4.932925224304199,4.967018510103226,0.006863933711879415,-0.1279339972332626,0.5666155352426518,1.225786250598433,3.437547041752647,3.9864626162328403,0.1376949007987718,1.0483568043867262,True
24,N6382,M17c_topology_sparse_finetexture_terrace,1.1125519275665283,0.8296865787219431,0.28286534884458525,1.4833719730377197,1.0901485085487366,1.105527639389038,0.9860888771186213,1.1136586666107178,1.406404733657837,0.009280067380849901,50.879281073571704,0.014071156626921377,0.15555203437805254,0.1732753506606253,1.1125508158620139,1.1117045144448667e-06,1.361154290403409,0.005587205822858876,0.004477907900390642,0.0011092979224681257,0.8167725615616308,7.874015748031496,0.25,0.25,0.9028772254393871,0.5418805075142181,0.327441600667579,0.012647640663164261,1.361154290403409,7.874015748031496,0.9907199326191501,10.794890735197416,1.0561058521270752,0.028836723857449568,False,0.46449577808380127,0.3940049111843109,0.1789085996101088,0.5292047262191772,0.4788719415664673,0.1051069822300787,1.0043349266052246,0.5470546185970306,0.8358951601230042,1.020478904247284,0.9505957365036011,0.0735151285242674,0.9529368281364441,4.076759338378906,0.7662513901261161,0.0013129266417437405,0.00022649828277760477,4.796629562233296,4.901676255464554,4.967018510103226,0.013155226723186543,-0.15589456247615863,0.5666155352426518,1.2751328771975818,3.4132700169482657,3.9864626162328403,0.14378476721455744,1.1789085996101087,True
24,N6382,M17d_multiscale_texture_no_peak_terrace,1.1125519275665283,0.8296865787219431,0.28286534884458525,1.6453289985656738,1.0934410095214844,1.105527639389038,0.9890670939043792,1.0990397930145264,1.420454740524292,0.016794273778966615,51.32233936176023,0.020226945132458374,0.23528491497039905,0.15859642141499167,1.1125508700439353,1.0575225930509191e-06,1.5390388308972671,0.007214452364289747,0.005787739212597641,0.0014267131516918778,0.9385812345000546,7.874015748031496,0.25,0.25,0.7830663556728473,0.8116724505889081,0.29636930009616275,0.01818067502392251,1.5390388308972671,7.874015748031496,0.9832057262210334,10.931455489257754,1.0521245002746582,0.030508322360737722,False,0.48864148557186127,0.3940049111843109,0.24019135726782975,0.5555084347724915,0.4788719415664673,0.16003546366766416,1.1256856322288513,0.5470546185970306,1.0577207356657923,1.0207496285438538,0.9505957365036011,0.0737999228760342,0.954956591129303,4.076759338378906,0.7657559566640904,0.0017023512070801392,0.00022649828277760477,6.515956351649924,4.895740479230881,4.967018510103226,0.014350264797153687,-0.19847277462368626,0.5666155352426518,1.3502776790945041,3.298927949609043,3.9864626162328403,0.1724673558518177,1.2401913572678298,False
24,N6382,M17e_broad_sparse_peak_terrace,1.1125519275665283,0.8296865787219431,0.28286534884458525,1.0275002717971802,1.080254077911377,1.105527639389038,0.9771389148699815,1.105910301208496,1.4051018953323364,0.010544106245774872,46.35405746716121,0.002693923511072338,0.06462601184844985,0.15679498045125664,1.112550821486611,1.1060799172124547e-06,0.6004913354743423,5.0517157491158926e-05,0.00027753823877864564,0.00022702108128755608,0.3760639329449318,15.748031496062993,0.5,0.050000000000000044,0.7296253492908775,0.03928788402493488,0.30397809295249834,0.002421391213640489,0.6004913354743423,15.748031496062993,0.9894558937542252,9.720501197392842,1.0502774715423584,0.031694575160574064,False,0.38907937705516815,0.3940049111843109,0.012501199831081937,0.44586436450481415,0.4788719415664673,0.06892777420552149,0.6336601376533508,0.5470546185970306,0.15831238072430065,1.0144410729408264,0.9505957365036011,0.0671634996723799,0.9825567603111267,4.076759338378906,0.7589858319422325,0.0004528754013065524,0.00022649828277760477,0.9994650544491053,4.995466240644456,4.967018510103226,0.005727325252234435,0.00026158241497570983,0.5666155352426518,0.9995383423173109,4.056511955009686,3.9864626162328403,0.01757180375694618,0.9874988001689181,True
24,N6382,M17f_broad_sparse_finetexture_terrace,1.1125519275665283,0.8296865787219431,0.28286534884458525,1.143354892730713,1.0832329988479614,1.105527639389038,0.9798334842596992,1.1096935272216797,1.4059765338897705,0.01022098978365797,48.544028266589564,0.007473768917296231,0.08626235008239913,0.163132935087157,1.1125507843555216,1.1432110067488566e-06,1.0745536557884126,0.002422504319151808,0.0017239081307681074,0.0006985961883835041,0.6690396120945619,7.874015748031496,0.25,0.050000000000000044,0.8255237663731959,0.23391379922964628,0.30846567337002095,0.0067176809893154665,1.0745536557884126,7.874015748031496,0.9897790102163421,10.238919502081574,1.0529634952545166,0.03028455075328326,False,0.42604002356529236,0.3940049111843109,0.08130637835119724,0.4863775670528412,0.4788719415664673,0.015673554524455516,0.8357784152030945,0.5470546185970306,0.5277787387053257,1.0199966430664062,0.9505957365036011,0.07300780331507647,0.9592399597167969,4.076759338378906,0.7647052768883258,0.0009173027656496329,0.00022649828277760477,3.049932539887371,4.9599043238163,4.967018510103226,0.0014322850362758364,-0.08881724570989809,0.5666155352426518,1.156750459854339,3.7757121894308208,3.9864626162328403,0.05286652531089735,1.0813063783511971,True
24,N6382,M17g_moderate_broad_topology_terrace,1.1125519275665283,0.8296865787219431,0.28286534884458525,1.1531128883361816,1.082370102405548,1.105527639389038,0.9790529552058166,1.1091827154159546,1.4057929515838623,0.009783264813528637,47.625736986295784,0.006798699678983944,0.09745023488998505,0.16290247282437767,1.112550872019402,1.055547126371792e-06,0.7797655188842505,0.0009329161229474359,0.0006066933768390289,0.0003262227461084372,0.44939565996836617,7.874015748031496,0.25,0.050000000000000044,0.7844408233514424,0.16333504922432374,0.3128719574000155,0.006110905667725763,0.7797655188842505,7.874015748031496,0.9902167351864714,9.967529520053082,1.0522384643554688,0.03112413024468802,False,0.4103199392557144,0.3940049111843109,0.04140818453852095,0.46982716023921967,0.4788719415664673,0.018887682785633006,0.7107878625392914,0.5470546185970306,0.2992996281836884,1.0170969069004059,0.9505957365036011,0.06995736236036956,0.9689046144485474,4.076759338378906,0.7623346059878469,0.0005516670349703409,0.00022649828277760477,1.4356345143332252,4.931162507534028,4.967018510103226,0.007218817988349495,-0.06598619648829968,0.5666155352426518,1.1164567372125462,3.795977620815444,3.9864626162328403,0.047782962931031375,1.041408184538521,True
24,N6382,M17h_hierarchical_sparse_island_terrace,1.1125519275665283,0.8296865787219431,0.28286534884458525,1.185640811920166,1.0616036653518677,1.105527639389038,0.9602687689821625,1.0970464944839478,1.4058414697647095,0.009611672395378352,47.904521567266336,0.019440181920666322,0.3539218449592578,0.11598419019399656,1.1125508651992924,1.0623672359599823e-06,0.9935252646967444,0.002014215041786116,0.0014365620792609838,0.0005776529625249378,0.6166342407776355,7.874015748031496,0.25,0.050000000000000044,0.2999214906088915,0.8384116770579144,0.1630576671553512,0.017473504999763745,0.9935252646967444,7.874015748031496,0.9903883276046217,10.064959375696056,1.039636492729187,0.029207269478600806,False,0.41161201894283295,0.3940049111843109,0.04468753373047585,0.47575290501117706,0.4788719415664673,0.006513299871124942,0.7932376265525818,0.5470546185970306,0.4500154090407078,1.026227593421936,0.9505957365036011,0.07956258797932074,0.9648799300193787,4.076759338378906,0.7633218323838914,0.0007912837629163727,0.00022649828277760477,2.4935530336595186,5.271090377569198,4.967018510103226,0.06121818689571444,0.4445294489689156,0.5666155352426518,0.2154654764653658,4.914884262305069,3.9864626162328403,0.23289360404176476,1.0446875337304757,True
24,N6382,M17i_soft_hierarchical_island_terrace,1.1125519275665283,0.8296865787219431,0.28286534884458525,1.1031005382537842,1.0777748227119446,1.105527639389038,0.9748963158511071,1.0886344909667969,1.422231674194336,0.019180937547120337,48.341194478868886,0.0007629879213634227,0.09434994935989316,0.11684773360110148,1.1125508011468972,1.1264196311255859e-06,1.1888131899524186,0.0030989007784480993,0.002301653770975583,0.0007972470074723434,0.7390961000158969,7.874015748031496,0.25,0.050000000000000044,0.41909548329083957,0.009861811931627606,0.19289399381128286,0.0006857998087627104,1.1888131899524186,7.874015748031496,0.9808190624528796,10.214398858076484,1.0403770208358765,0.030640494477527033,False,0.43968938291072845,0.3940049111843109,0.1159489905572443,0.5037910491228104,0.4788719415664673,0.05203710093105197,0.9016377329826355,0.5470546185970306,0.6481676643092132,1.0212354063987732,0.9505957365036011,0.07431094752748717,0.9550664722919464,4.076759338378906,0.7657290035983038,0.0010521360486106927,0.00022649828277760477,3.645227485648397,5.111951242685319,4.967018510103226,0.029179020027264094,0.12630571835637774,0.5666155352426518,0.7770874420125322,4.064485917807194,3.9864626162328403,0.019572064029057666,1.1159489905572444,True
25,N6389,M10_dense_island_spectral_pareto,2.0189785957336426,2.8771848693734574,0.8582062736398148,1.0868287086486816,1.1272311210632324,1.1141919493675232,1.0117028055202795,1.1100621223449707,1.4080729484558105,0.006035125181219263,43.20187890216471,0.05180485935100698,0.7223124647140491,0.11179753951423432,2.018976652767851,1.942965791368323e-06,0.9924235731248817,0.0005580923828168993,0.0002572668966995392,0.0003008254861175916,0.7487163052798063,15.748031496062993,0.4,0.25,0.015862854640440682,0.5459443155841197,0.09020205707156229,0.025658944887035684,0.9924235731248817,15.748031496062993,0.9939648748187807,9.151029648413019,1.0445691347122192,0.038904857397041824,False,0.35707879066467285,0.3649488091468811,0.02156471890018088,0.4151173084974289,0.4433935284614563,0.06377228838261094,0.647140622138977,0.5091073513031006,0.2711280253223006,1.0106632113456726,0.9674664437770844,0.044649370369833005,0.9768643379211426,4.594696521759033,0.7873930664854532,0.0004159160851147862,0.00011818938439289665,2.519064654166888,4.601784958839416,4.91376669406891,0.06349136103797247,0.15491048888646755,0.12128905540617059,0.27720088484246264,2.9688728297108966,3.543156290020158,0.16208245228324208,0.9784352810998191,True
25,N6389,M16b_baseline_dense_microisland_terrace,2.0189785957336426,2.8771848693734574,0.8582062736398148,1.2279871702194214,1.1314064860343933,1.1141919493675232,1.0154502432697006,1.1496400833129883,1.4416236877441406,0.011564349154038893,40.540299035705466,0.10903503882423005,1.6889626646041869,0.22605342111494986,2.0189765631810253,2.0325526173259334e-06,0.672868237349998,0.0014899927927971568,0.0014235408751493996,6.645191764764196e-05,0.22070946072491804,15.748031496062993,0.4,0.1071428571428572,0.25324303244238444,1.0804706196069866,0.17920754811593478,0.05400504956480523,0.672868237349998,15.748031496062993,0.9884356508459611,8.53564497564808,1.0174599885940552,0.05562972682612074,False,0.2925194501876831,0.3649488091468811,0.19846443430932617,0.36098307371139526,0.4433935284614563,0.18586300759963592,0.34736643731594086,0.5091073513031006,0.3176951060973114,0.9880425035953522,0.9674664437770844,0.021267982936893248,1.00115504860878,4.594696521759033,0.7821063820281436,4.238235649427481e-05,0.00011818938439289665,0.6414030184522895,4.18865953207016,4.91376669406891,0.14756646115778754,0.27451687273823555,0.12128905540617059,1.2633276499593342,2.4554123788177353,3.543156290020158,0.30699856911935264,0.8015355656906739,True
25,N6389,M17a_fixed_sparse_peak_terrace,2.0189785957336426,2.8771848693734574,0.8582062736398148,1.2279871702194214,1.1314064860343933,1.1141919493675232,1.0154502432697006,1.1496400833129883,1.4416236877441406,0.011564349154038893,40.540299035705466,0.10903503882423005,1.6889626646041869,0.22605342111494986,2.0189765631810253,2.0325526173259334e-06,0.672868237349998,0.0014899927927971568,0.0014235408751493996,6.645191764764196e-05,0.22070946072491804,15.748031496062993,0.4,0.1071428571428572,0.25324303244238444,1.0804706196069866,0.17920754811593478,0.05400504956480523,0.672868237349998,15.748031496062993,0.9884356508459611,8.53564497564808,1.0174599885940552,0.05562972682612074,False,0.2925194501876831,0.3649488091468811,0.19846443430932617,0.36098307371139526,0.4433935284614563,0.18586300759963592,0.34736643731594086,0.5091073513031006,0.3176951060973114,0.9880425035953522,0.9674664437770844,0.021267982936893248,1.00115504860878,4.594696521759033,0.7821063820281436,4.238235649427481e-05,0.00011818938439289665,0.6414030184522895,4.18865953207016,4.91376669406891,0.14756646115778754,0.27451687273823555,0.12128905540617059,1.2633276499593342,2.4554123788177353,3.543156290020158,0.30699856911935264,0.8015355656906739,True
25,N6389,M17b_topology_sparse_peak_terrace,2.0189785957336426,2.8771848693734574,0.8582062736398148,1.2279871702194214,1.1314064860343933,1.1141919493675232,1.0154502432697006,1.1496400833129883,1.4416236877441406,0.011564349154038893,40.540299035705466,0.10903503882423005,1.6889626646041869,0.22605342111494986,2.0189765631810253,2.0325526173259334e-06,0.672868237349998,0.0014899927927971568,0.0014235408751493996,6.645191764764196e-05,0.22070946072491804,15.748031496062993,0.4,0.1071428571428572,0.25324303244238444,1.0804706196069866,0.17920754811593478,0.05400504956480523,0.672868237349998,15.748031496062993,0.9884356508459611,8.53564497564808,1.0174599885940552,0.05562972682612074,False,0.2925194501876831,0.3649488091468811,0.19846443430932617,0.36098307371139526,0.4433935284614563,0.18586300759963592,0.34736643731594086,0.5091073513031006,0.3176951060973114,0.9880425035953522,0.9674664437770844,0.021267982936893248,1.00115504860878,4.594696521759033,0.7821063820281436,4.238235649427481e-05,0.00011818938439289665,0.6414030184522895,4.18865953207016,4.91376669406891,0.14756646115778754,0.27451687273823555,0.12128905540617059,1.2633276499593342,2.4554123788177353,3.543156290020158,0.30699856911935264,0.8015355656906739,True
25,N6389,M17c_topology_sparse_finetexture_terrace,2.0189785957336426,2.8771848693734574,0.8582062736398148,1.2279871702194214,1.1314064860343933,1.1141919493675232,1.0154502432697006,1.1496400833129883,1.4416236877441406,0.011564349154038893,40.540299035705466,0.10903503882423005,1.6889626646041869,0.22605342111494986,2.0189765631810253,2.0325526173259334e-06,0.672868237349998,0.0014899927927971568,0.0014235408751493996,6.645191764764196e-05,0.22070946072491804,15.748031496062993,0.4,0.1071428571428572,0.25324303244238444,1.0804706196069866,0.17920754811593478,0.05400504956480523,0.672868237349998,15.748031496062993,0.9884356508459611,8.53564497564808,1.0174599885940552,0.05562972682612074,False,0.2925194501876831,0.3649488091468811,0.19846443430932617,0.36098307371139526,0.4433935284614563,0.18586300759963592,0.34736643731594086,0.5091073513031006,0.3176951060973114,0.9880425035953522,0.9674664437770844,0.021267982936893248,1.00115504860878,4.594696521759033,0.7821063820281436,4.238235649427481e-05,0.00011818938439289665,0.6414030184522895,4.18865953207016,4.91376669406891,0.14756646115778754,0.27451687273823555,0.12128905540617059,1.2633276499593342,2.4554123788177353,3.543156290020158,0.30699856911935264,0.8015355656906739,True
25,N6389,M17d_multiscale_texture_no_peak_terrace,2.0189785957336426,2.8771848693734574,0.8582062736398148,1.2279871702194214,1.1314064860343933,1.1141919493675232,1.0154502432697006,1.1496400833129883,1.4416236877441406,0.011564349154038893,40.540299035705466,0.10903503882423005,1.6889626646041869,0.22605342111494986,2.0189765631810253,2.0325526173259334e-06,0.672868237349998,0.0014899927927971568,0.0014235408751493996,6.645191764764196e-05,0.22070946072491804,15.748031496062993,0.4,0.1071428571428572,0.25324303244238444,1.0804706196069866,0.17920754811593478,0.05400504956480523,0.672868237349998,15.748031496062993,0.9884356508459611,8.53564497564808,1.0174599885940552,0.05562972682612074,False,0.2925194501876831,0.3649488091468811,0.19846443430932617,0.36098307371139526,0.4433935284614563,0.18586300759963592,0.34736643731594086,0.5091073513031006,0.3176951060973114,0.9880425035953522,0.9674664437770844,0.021267982936893248,1.00115504860878,4.594696521759033,0.7821063820281436,4.238235649427481e-05,0.00011818938439289665,0.6414030184522895,4.18865953207016,4.91376669406891,0.14756646115778754,0.27451687273823555,0.12128905540617059,1.2633276499593342,2.4554123788177353,3.543156290020158,0.30699856911935264,0.8015355656906739,True
25,N6389,M17e_broad_sparse_peak_terrace,2.0189785957336426,2.8771848693734574,0.8582062736398148,1.2279871702194214,1.1314064860343933,1.1141919493675232,1.0154502432697006,1.1496400833129883,1.4416236877441406,0.011564349154038893,40.540299035705466,0.10903503882423005,1.6889626646041869,0.22605342111494986,2.0189765631810253,2.0325526173259334e-06,0.672868237349998,0.0014899927927971568,0.0014235408751493996,6.645191764764196e-05,0.22070946072491804,15.748031496062993,0.4,0.1071428571428572,0.25324303244238444,1.0804706196069866,0.17920754811593478,0.05400504956480523,0.672868237349998,15.748031496062993,0.9884356508459611,8.53564497564808,1.0174599885940552,0.05562972682612074,False,0.2925194501876831,0.3649488091468811,0.19846443430932617,0.36098307371139526,0.4433935284614563,0.18586300759963592,0.34736643731594086,0.5091073513031006,0.3176951060973114,0.9880425035953522,0.9674664437770844,0.021267982936893248,1.00115504860878,4.594696521759033,0.7821063820281436,4.238235649427481e-05,0.00011818938439289665,0.6414030184522895,4.18865953207016,4.91376669406891,0.14756646115778754,0.27451687273823555,0.12128905540617059,1.2633276499593342,2.4554123788177353,3.543156290020158,0.30699856911935264,0.8015355656906739,True
25,N6389,M17f_broad_sparse_finetexture_terrace,2.0189785957336426,2.8771848693734574,0.8582062736398148,1.2279871702194214,1.1314064860343933,1.1141919493675232,1.0154502432697006,1.1496400833129883,1.4416236877441406,0.011564349154038893,40.540299035705466,0.10903503882423005,1.6889626646041869,0.22605342111494986,2.0189765631810253,2.0325526173259334e-06,0.672868237349998,0.0014899927927971568,0.0014235408751493996,6.645191764764196e-05,0.22070946072491804,15.748031496062993,0.4,0.1071428571428572,0.25324303244238444,1.0804706196069866,0.17920754811593478,0.05400504956480523,0.672868237349998,15.748031496062993,0.9884356508459611,8.53564497564808,1.0174599885940552,0.05562972682612074,False,0.2925194501876831,0.3649488091468811,0.19846443430932617,0.36098307371139526,0.4433935284614563,0.18586300759963592,0.34736643731594086,0.5091073513031006,0.3176951060973114,0.9880425035953522,0.9674664437770844,0.021267982936893248,1.00115504860878,4.594696521759033,0.7821063820281436,4.238235649427481e-05,0.00011818938439289665,0.6414030184522895,4.18865953207016,4.91376669406891,0.14756646115778754,0.27451687273823555,0.12128905540617059,1.2633276499593342,2.4554123788177353,3.543156290020158,0.30699856911935264,0.8015355656906739,True
25,N6389,M17g_moderate_broad_topology_terrace,2.0189785957336426,2.8771848693734574,0.8582062736398148,1.2279871702194214,1.1314064860343933,1.1141919493675232,1.0154502432697006,1.1496400833129883,1.4416236877441406,0.011564349154038893,40.540299035705466,0.10903503882423005,1.6889626646041869,0.22605342111494986,2.0189765631810253,2.0325526173259334e-06,0.672868237349998,0.0014899927927971568,0.0014235408751493996,6.645191764764196e-05,0.22070946072491804,15.748031496062993,0.4,0.1071428571428572,0.25324303244238444,1.0804706196069866,0.17920754811593478,0.05400504956480523,0.672868237349998,15.748031496062993,0.9884356508459611,8.53564497564808,1.0174599885940552,0.05562972682612074,False,0.2925194501876831,0.3649488091468811,0.19846443430932617,0.36098307371139526,0.4433935284614563,0.18586300759963592,0.34736643731594086,0.5091073513031006,0.3176951060973114,0.9880425035953522,0.9674664437770844,0.021267982936893248,1.00115504860878,4.594696521759033,0.7821063820281436,4.238235649427481e-05,0.00011818938439289665,0.6414030184522895,4.18865953207016,4.91376669406891,0.14756646115778754,0.27451687273823555,0.12128905540617059,1.2633276499593342,2.4554123788177353,3.543156290020158,0.30699856911935264,0.8015355656906739,True
25,N6389,M17h_hierarchical_sparse_island_terrace,2.0189785957336426,2.8771848693734574,0.8582062736398148,1.2279871702194214,1.1314064860343933,1.1141919493675232,1.0154502432697006,1.1496400833129883,1.4416236877441406,0.011564349154038893,40.540299035705466,0.10903503882423005,1.6889626646041869,0.22605342111494986,2.0189765631810253,2.0325526173259334e-06,0.672868237349998,0.0014899927927971568,0.0014235408751493996,6.645191764764196e-05,0.22070946072491804,15.748031496062993,0.4,0.1071428571428572,0.25324303244238444,1.0804706196069866,0.17920754811593478,0.05400504956480523,0.672868237349998,15.748031496062993,0.9884356508459611,8.53564497564808,1.0174599885940552,0.05562972682612074,False,0.2925194501876831,0.3649488091468811,0.19846443430932617,0.36098307371139526,0.4433935284614563,0.18586300759963592,0.34736643731594086,0.5091073513031006,0.3176951060973114,0.9880425035953522,0.9674664437770844,0.021267982936893248,1.00115504860878,4.594696521759033,0.7821063820281436,4.238235649427481e-05,0.00011818938439289665,0.6414030184522895,4.18865953207016,4.91376669406891,0.14756646115778754,0.27451687273823555,0.12128905540617059,1.2633276499593342,2.4554123788177353,3.543156290020158,0.30699856911935264,0.8015355656906739,True
25,N6389,M17i_soft_hierarchical_island_terrace,2.0189785957336426,2.8771848693734574,0.8582062736398148,1.2279871702194214,1.1314064860343933,1.1141919493675232,1.0154502432697006,1.1496400833129883,1.4416236877441406,0.011564349154038893,40.540299035705466,0.10903503882423005,1.6889626646041869,0.22605342111494986,2.0189765631810253,2.0325526173259334e-06,0.672868237349998,0.0014899927927971568,0.0014235408751493996,6.645191764764196e-05,0.22070946072491804,15.748031496062993,0.4,0.1071428571428572,0.25324303244238444,1.0804706196069866,0.17920754811593478,0.05400504956480523,0.672868237349998,15.748031496062993,0.9884356508459611,8.53564497564808,1.0174599885940552,0.05562972682612074,False,0.2925194501876831,0.3649488091468811,0.19846443430932617,0.36098307371139526,0.4433935284614563,0.18586300759963592,0.34736643731594086,0.5091073513031006,0.3176951060973114,0.9880425035953522,0.9674664437770844,0.021267982936893248,1.00115504860878,4.594696521759033,0.7821063820281436,4.238235649427481e-05,0.00011818938439289665,0.6414030184522895,4.18865953207016,4.91376669406891,0.14756646115778754,0.27451687273823555,0.12128905540617059,1.2633276499593342,2.4554123788177353,3.543156290020158,0.30699856911935264,0.8015355656906739,True
26,N6390,M10_dense_island_spectral_pareto,1.9620892405509949,1.2286004274463789,0.733488813104616,1.055396318435669,1.1159839630126953,1.1211718320846558,0.9953728153673693,1.1096572875976562,1.402229905128479,0.021866413328521777,44.74514154697785,0.017052431403266066,0.32717198848724394,0.04761310175804967,1.962087340217718,1.9003332769607084e-06,1.0902089140861289,0.00024375091090500511,0.0006257184995141366,0.00038196758860891496,0.8301889631508801,23.62204724409449,0.75,0.08333333333333326,0.1098264965694308,0.23729532576611234,0.03953965455027565,0.008690955569548464,1.0902089140861289,23.62204724409449,0.9781335866714782,9.567335290471098,1.0124037265777588,0.041594636882357344,False,0.3618706464767456,0.40064191818237305,0.09677287858825266,0.42188860476017,0.48867562413215637,0.1366694307509078,0.6933978497982025,0.5742148160934448,0.2075582697701803,1.02584308385849,0.9845656454563141,0.041924516250051724,1.0064001083374023,4.026071786880493,0.750029268823051,0.0005053782460083926,0.00013222561727533992,2.82209027586552,4.687333372831345,4.818722552061081,0.027266392246122834,0.01845660942305062,0.04352719979529278,0.5759752635168,3.0279037747471405,3.2264753758877633,0.06154443409814835,0.9032271214117473,True
26,N6390,M16b_baseline_dense_microisland_terrace,1.9620892405509949,1.2286004274463789,0.733488813104616,1.0910024642944336,1.1301246285438538,1.1211718320846558,1.007985213508755,1.1028047800064087,1.3904757499694824,0.02563946011238361,42.96157936058982,0.04638536118008685,0.7134132909774777,0.08927335737824249,1.9620874424868215,1.7980641733306157e-06,1.1301838960083168,0.0029177982334921415,0.002809294826123822,0.00010850340736820296,0.6035465347903513,23.62204724409449,0.75,0.08333333333333326,0.0022589933542983345,0.5724280399916193,0.07843797677595703,0.023640800327779377,1.1301838960083168,23.62204724409449,0.9743605398876164,9.228072791425616,1.0188813209533691,0.04008221539042681,False,0.3322955071926117,0.40064191818237305,0.17059226178786893,0.38391970098018646,0.48867562413215637,0.2143669910648949,0.3391438126564026,0.5742148160934448,0.4093781575270046,1.0270109176635742,0.9845656454563141,0.0431106573778411,1.005549281835556,4.026071786880493,0.750240598016092,1.7980046131487747e-05,0.00013222561727533992,0.8640199493714821,4.434759112596511,4.818722552061081,0.07968158268426122,0.08186281812610188,0.04352719979529278,0.8807278784553213,2.62574373837567,3.2264753758877633,0.18618819842900627,0.8294077382121311,True
26,N6390,M17a_fixed_sparse_peak_terrace,1.9620892405509949,1.2286004274463789,0.733488813104616,0.8324695229530334,1.124523103237152,1.1211718320846558,1.00298907897665,1.0987908840179443,1.388858675956726,0.02432466480266261,44.12746228125937,0.02884593025021287,0.45704924106597744,0.05981859871739381,1.962087280136892,1.9604141028306543e-06,0.7263530460327684,0.0016816649629121105,0.00175591670804826,7.425174513632618e-05,0.41777845444029094,15.748031496062993,0.5,0.08333333333333326,0.026548438151498318,0.3771992520128671,0.053120612844026534,0.01470163972150984,0.7263530460327684,15.748031496062993,0.9756753351973374,9.273933995508042,1.0166759490966797,0.0385467809979625,False,0.35459545254707336,0.40064191818237305,0.11493172218274782,0.40885747969150543,0.48867562413215637,0.16333563717732133,0.5241572260856628,0.5742148160934448,0.087175719965463,1.0384831428527832,0.9845656454563141,0.05476272470534975,1.0238800048828125,4.026071786880493,0.7456875934951618,0.0002005562171542322,0.00013222561727533992,0.5167727803955274,4.555941257476807,4.818722552061081,0.054533393808256524,0.0551712769962949,0.04352719979529278,0.26751266462726514,2.816732169747693,3.2264753758877633,0.1269940595865635,0.8850682778172522,True
26,N6390,M17b_topology_sparse_peak_terrace,1.9620892405509949,1.2286004274463789,0.733488813104616,0.8324692845344543,1.1242740154266357,1.1211718320846558,1.0027669115948195,1.0988184213638306,1.3889310359954834,0.024333650637641268,44.133211014415195,0.02922641196152176,0.47590965270996044,0.06019857435848586,1.962087315009409,1.9255415859564806e-06,0.7265118669955278,0.0016800296694100547,0.0017545628000819814,7.453313067189415e-05,0.4187888348393476,15.748031496062993,0.5,0.08333333333333326,0.029962702505313965,0.3832001025072791,0.054144839302503626,0.014895556059062787,0.7265118669955278,15.748031496062993,0.9756663493623587,9.275284123813309,1.016782283782959,0.03860212907089989,False,0.35460226237773895,0.40064191818237305,0.11491472488327281,0.4088044762611389,0.48867562413215637,0.16344410059916817,0.5243101119995117,0.5742148160934448,0.08690946784245265,1.0361766815185547,0.9845656454563141,0.052420106572295205,1.0241411328315735,4.026071786880493,0.74562273425703,0.0002007907165785896,0.00013222561727533992,0.5185462599162853,4.551377488374711,4.818722552061081,0.0554804848791346,0.053580719277550155,0.04352719979529278,0.23097096825752178,2.815628574711033,3.2264753758877633,0.1273361031195492,0.8850852751167272,True
26,N6390,M17c_topology_sparse_finetexture_terrace,1.9620892405509949,1.2286004274463789,0.733488813104616,1.0541647672653198,1.1245516538619995,1.1211718320846558,1.003014543962507,1.0999314785003662,1.3904407024383545,0.024048857557535223,45.50814166159236,0.029347464553559188,0.4890582847595226,0.05929668280187267,1.9620873567716224,1.88377937249129e-06,1.0119254086718155,0.0002229345433455432,0.0005605951047149898,0.00033766056136911796,0.7696374628693459,15.748031496062993,0.5,0.08333333333333326,0.04687579823793582,0.36887212514584844,0.05601775859881727,0.014957251966039031,1.0119254086718155,15.748031496062993,0.9759511424424647,9.636203732954087,1.0170278549194336,0.037869938752618224,False,0.37890535593032837,0.40064191818237305,0.054254338514199474,0.4349985122680664,0.48867562413215637,0.10984200809978123,0.6847069561481476,0.5742148160934448,0.1924230043495113,1.0337861776351929,0.9845656454563141,0.049992128413201616,1.0227782130241394,4.026071786880493,0.7459612577309221,0.00046434035726174356,0.00013222561727533992,2.5117276578473047,4.560121065378189,4.818722552061081,0.05366598385546849,0.0413195086783033,0.04352719979529278,0.05071980571624614,2.825680717440798,3.2264753758877633,0.12422058492750368,0.9457456614858005,True
26,N6390,M17d_multiscale_texture_no_peak_terrace,1.9620892405509949,1.2286004274463789,0.733488813104616,1.2291358709335327,1.124662697315216,1.1211718320846558,1.0031135862770202,1.1008822917938232,1.3912972211837769,0.023580248075153284,46.17088550430328,0.03025203357596018,0.528269791603087,0.05957585050759118,1.9620873097908171,1.9307601777374117e-06,1.1382698334354158,0.0005269787676597248,8.083591808459838e-05,0.0004461428495749622,0.858322899894008,15.748031496062993,0.5,0.08333333333333326,0.06096651723169311,0.3777832357144688,0.058426425938627666,0.015418275457549813,1.1382698334354158,15.748031496062993,0.9764197519248468,9.807063989974559,1.0171781778335571,0.03769469272391192,False,0.3901740312576294,0.40064191818237305,0.026127787557113903,0.44703309237957,0.48867562413215637,0.0852150786660164,0.7487747669219971,0.5742148160934448,0.3039976432794539,1.0285223126411438,0.9845656454563141,0.04464574544895605,1.023741066455841,4.026071786880493,0.7457221031696848,0.0005720511646139434,0.00013222561727533992,3.3263262929053536,4.5608538663387295,4.818722552061081,0.05351391015696777,0.027419434569321256,0.04352719979529278,0.37006206008486414,2.817031322804092,3.2264753758877633,0.12690134136573505,0.9738722124428861,True
26,N6390,M17e_broad_sparse_peak_terrace,1.9620892405509949,1.2286004274463789,0.733488813104616,0.750140368938446,1.1247305274009705,1.1211718320846558,1.0031740855544844,1.0945634841918945,1.3869584798812866,0.024936454999961534,43.669084942680286,0.024489947447846827,0.44346450805663906,0.054966251570077396,1.9620874231132397,1.8174377551805065e-06,0.7991914912424196,0.0019007794525508492,0.0019848279880244893,8.404853547371903e-05,0.43724554400307314,15.748031496062993,0.5,0.08333333333333326,0.005082626236290275,0.2489423649806466,0.05382811795121859,0.01248156610416018,0.7991914912424196,15.748031496062993,0.9750635450000384,9.20415500810147,1.0155164003372192,0.03774279508772838,False,0.34599559009075165,0.40064191818237305,0.13639693105389505,0.4000306576490402,0.48867562413215637,0.1813983798364029,0.5022815018892288,0.5742148160934448,0.12527248024284685,1.04880028963089,0.9845656454563141,0.06524160625653878,1.0442461371421814,4.026071786880493,0.7406290318655021,0.00020896494486568413,0.00013222561727533992,0.5803665671724272,4.583712681531907,4.818722552061081,0.048770160138946916,0.0713813109721069,0.04352719979529278,0.6399242613311041,2.934549921381098,3.2264753758877633,0.09047812876189765,0.863603068946105,True
26,N6390,M17f_broad_sparse_finetexture_terrace,1.9620892405509949,1.2286004274463789,0.733488813104616,0.8666069507598877,1.1250853538513184,1.1211718320846558,1.0034905637607627,1.0973013639450073,1.3883814811706543,0.024318934047953843,44.545080663462386,0.02616464569542254,0.42807374954223576,0.05642598863027182,1.962087407066154,1.8334848408407822e-06,0.9012807641298531,0.0010952855500718783,0.0013258509145285203,0.0002305653644565433,0.6596028496292559,15.748031496062993,0.5,0.08333333333333326,0.024319157362765895,0.3034419104098154,0.05145169375065179,0.013335093893672378,0.9012807641298531,15.748031496062993,0.9756810659520462,9.409686222589235,1.0162428617477417,0.03783187871427997,False,0.36229999363422394,0.40064191818237305,0.09570123047058642,0.41721053421497345,0.48867562413215637,0.14624238735889158,0.6021931767463684,0.5742148160934448,0.04872455371888301,1.0403258800506592,0.9845656454563141,0.05663434921955056,1.0400815606117249,4.026071786880493,0.7416634338212813,0.0003565343907430445,0.00013222561727533992,1.6964093500929958,4.575063213109971,4.818722552061081,0.050565131384642824,0.057774344362909145,0.04352719979529278,0.32731589981943005,2.883616511503009,3.2264753758877633,0.10626421231881154,0.9042987695294136,True
26,N6390,M17g_moderate_broad_topology_terrace,1.9620892405509949,1.2286004274463789,0.733488813104616,0.7979705929756165,1.1245312690734863,1.1211718320846558,1.0029963622815818,1.0970253944396973,1.3879976272583008,0.02454912560885451,44.125636415455766,0.02635880827195547,0.4059097194671626,0.056875488806444,1.9620874596593219,1.7808916730199797e-06,0.7640856556446867,0.0016066198270970888,0.001717797640518386,0.00011117781342110061,0.48681558523740254,15.748031496062993,0.5,0.08333333333333326,0.01932077451153152,0.31510806489903764,0.0506222050570484,0.013434050945129838,0.7640856556446867,15.748031496062993,0.9754508743911455,9.284491397982231,1.016174554824829,0.0380569413301891,False,0.3548058420419693,0.40064191818237305,0.11440659117336562,0.40933069586753845,0.48867562413215637,0.16236727257580594,0.5372797846794128,0.5742148160934448,0.06432267224540121,1.040580928325653,0.9845656454563141,0.056893395709920115,1.0380839705467224,4.026071786880493,0.7421595973699572,0.00023710741541892356,0.00013222561727533992,0.7932033164585883,4.576986727714539,4.818722552061081,0.050165956170924474,0.058543306628203465,0.04352719979529278,0.3449821468766891,2.8672452713634886,3.2264753758877633,0.11133824457762449,0.8855934088266344,True
26,N6390,M17h_hierarchical_sparse_island_terrace,1.9620892405509949,1.2286004274463789,0.733488813104616,0.8342301249504089,1.1239760518074036,1.1211718320846558,1.0025011507090165,1.0967280864715576,1.3886821269989014,0.024210363526138232,44.450196170417634,0.021280238033888788,0.39225591659545955,0.06086383886316149,1.9620874519086944,1.7886423004931373e-06,0.8613398789499632,0.0012017447750858334,0.0013981606346238037,0.00019641585953800682,0.6167671843379607,15.748031496062993,0.5,0.08333333333333326,0.0838747992785811,0.14878619414931604,0.05485119828156065,0.010845703267000517,0.8613398789499632,15.748031496062993,0.9757896364738617,9.379247841158136,1.0127092599868774,0.038365548751367044,False,0.3585847467184067,0.40064191818237305,0.1049744661137077,0.4148489534854889,0.48867562413215637,0.15107500149567918,0.5855103135108948,0.5742148160934448,0.019671205097591522,1.0568292737007141,0.9845656454563141,0.07339645515552007,1.037847101688385,4.026071786880493,0.7422184311093627,0.0003219805581864386,0.00013222561727533992,1.4350845533658023,4.635768543481827,4.818722552061081,0.03796732569734683,0.17196156664619677,0.04352719979529278,2.9506691782363044,3.0736101848385244,3.2264753758877633,0.04737838453429328,0.8950255338862924,True
26,N6390,M17i_soft_hierarchical_island_terrace,1.9620892405509949,1.2286004274463789,0.733488813104616,0.9388701319694519,1.1253429055213928,1.1211718320846558,1.003720280261574,1.0981276035308838,1.3891499042510986,0.023480674805445415,45.04988046068743,0.025611705063880663,0.4320960474014264,0.05851931360971063,1.9620873425359304,1.898015064449865e-06,0.935203694461653,0.0006961792632231845,0.0009687183417953341,0.0002725390785722185,0.7042248194592933,15.748031496062993,0.5,0.08333333333333326,0.014150292973043653,0.2679246221261611,0.05456173567101362,0.01305328154587515,0.935203694461653,15.748031496062993,0.9765193251945545,9.52137339334609,1.0146777629852295,0.03799863656159504,False,0.37011510133743286,0.40064191818237305,0.07619476509955285,0.42627446353435516,0.48867562413215637,0.1276944408852396,0.6389372646808624,0.5742148160934448,0.1127146962660138,1.0491368174552917,0.9845656454563141,0.06558340959484832,1.0365347266197205,4.026071786880493,0.7425444002271865,0.0003983523571907527,0.00013222561727533992,2.0126715639469768,4.59679354429245,4.818722552061081,0.04605556874688837,0.10266201521647648,0.04352719979529278,1.358571552943748,2.947672968423925,3.2264753758877633,0.08641082760073013,0.9238052349004472,True
